0,2019-12-01,优,37,83,23,32,14,33,0.61,38
1,2019-12-02,优,28,35,17,27,13,23,0.52,39
2,2019-12-03,优,25,14,12,23,13,22,0.52,42
3,2019-12-04,优,34,44,21,31,17,26,0.63,29
4,2019-12-05,优,49,118,34,49,18,35,0.78,20
5,2019-12-06,良,52,145,29,54,17,35,0.74,26
6,2019-12-07,良,59,118,41,56,16,41,0.88,25
7,2019-12-08,良,55,76,38,47,18,36,0.77,31
8,2019-12-09,轻度污染,102,226,76,85,15,38,1.05,36
9,2019-12-10,良,74,123,54,70,21,48,0.92,18
0,2019-11-01,优,40,73,18,43,11,37,0.52,25
1,2019-11-02,优,43,80,21,45,14,34,0.55,30
2,2019-11-03,优,33,48,17,36,15,31,0.53,26
3,2019-11-04,良,64,206,38,79,17,53,0.95,18
4,2019-11-05,优,45,74,26,48,12,36,0.6,24
5,2019-11-06,良,56,134,33,65,13,38,0.71,20
6,2019-11-07,优,36,74,19,36,11,28,0.48,29
7,2019-11-08,良,56,139,32,61,16,39,0.69,29
8,2019-11-09,良,66,166,42,73,16,47,0.86,27
9,2019-11-10,良,85,257,63,75,16,44,0.97,33
10,2019-11-11,优,38,49,21,32,10,27,0.57,36
11,2019-11-12,良,59,144,35,68,14,43,0.79,14
12,2019-11-13,良,53,167,26,52,7,23,0.52,30
13,2019-11-14,优,27,26,11,26,10,22,0.48,40
14,2019-11-15,优,35,41,22,33,12,31,0.53,29
15,2019-11-16,优,39,55,25,39,15,37,0.67,24
16,2019-11-17,良,55,112,37,48,14,41,0.79,18
17,2019-11-18,良,59,161,12,70,11,18,0.45,43
18,2019-11-19,优,38,78,15,42,13,25,0.43,38
19,2019-11-20,良,51,91,31,50,21,46,0.82,21
20,2019-11-21,良,56,129,39,57,18,40,0.9,28
21,2019-11-22,优,44,69,24,44,12,27,0.68,51
22,2019-11-23,优,46,98,29,42,10,26,0.58,35
23,2019-11-24,优,29,50,15,29,11,20,0.47,33
24,2019-11-25,优,30,101,15,30,13,24,0.48,27
25,2019-11-26,优,44,153,19,47,14,24,0.64,33
26,2019-11-27,优,31,75,14,31,9,20,0.47,35
27,2019-11-28,优,49,213,30,51,15,37,0.7,19
28,2019-11-29,良,60,216,42,61,14,41,0.86,21
29,2019-11-30,优,49,129,30,47,12,31,0.75,32
0,2019-10-01,良,70,265,43,79,7,22,0.82,148
1,2019-10-02,良,65,243,41,77,5,35,0.8,108
2,2019-10-03,优,46,114,15,50,4,16,0.35,28
3,2019-10-04,优,17,8,8,17,4,19,0.32,26
4,2019-10-05,优,35,208,15,36,5,35,0.45,26
5,2019-10-06,优,32,137,13,32,5,31,0.4,37
6,2019-10-07,优,47,220,20,49,7,28,0.65,53
7,2019-10-08,优,26,66,6,26,4,18,0.38,30
8,2019-10-09,良,51,205,14,58,9,30,0.63,52
9,2019-10-10,优,50,203,26,49,6,31,0.65,57
10,2019-10-11,优,34,87,9,35,6,29,0.39,27
11,2019-10-12,优,42,117,13,43,6,29,0.43,31
12,2019-10-13,优,35,85,13,37,6,28,0.47,26
13,2019-10-14,优,44,208,20,49,5,34,0.55,22
14,2019-10-15,良,55,311,20,60,7,34,0.5,34
15,2019-10-16,良,65,307,40,78,10,52,1.02,30
16,2019-10-17,良,84,319,56,115,8,63,1.28,26
17,2019-10-18,良,92,307,64,129,10,77,1.36,29
18,2019-10-19,良,90,292,66,110,11,71,1.27,34
19,2019-10-20,轻度污染,110,324,70,121,11,41,1.01,49
20,2019-10-21,良,55,121,22,67,8,43,0.83,21
21,2019-10-22,良,87,279,52,121,11,67,1.4,29
22,2019-10-23,轻度污染,107,321,80,142,11,77,1.62,39
23,2019-10-24,良,98,311,73,109,10,65,1.12,44
24,2019-10-25,优,24,68,15,24,5,20,0.44,28
25,2019-10-26,优,32,104,17,32,9,35,0.54,20
26,2019-10-27,良,54,176,34,58,14,44,0.9,28
27,2019-10-28,良,53,152,33,55,9,29,0.78,53
28,2019-10-29,优,25,19,15,23,7,25,0.5,32
29,2019-10-30,优,45,68,24,50,12,31,0.68,41
30,2019-10-31,良,71,158,30,96,10,26,0.65,44
31,2019-10-31,良,71,158,30,96,10,26,0.65,44
0,2019-09-01,优,41,207,15,41,5,25,0.65,79
1,2019-09-02,优,48,256,22,51,7,28,0.78,104
2,2019-09-03,良,69,339,44,78,6,35,1.08,103
3,2019-09-04,良,63,326,35,76,5,40,1.07,67
4,2019-09-05,优,35,128,13,36,4,24,0.64,44
5,2019-09-06,优,26,56,12,26,3,25,0.61,48
6,2019-09-07,优,33,70,13,32,3,25,0.62,25
7,2019-09-08,优,27,55,9,23,3,14,0.51,60
8,2019-09-09,优,34,108,10,34,4,29,0.47,29
9,2019-09-10,优,34,146,10,34,4,27,0.43,21
10,2019-09-11,优,45,254,16,51,5,33,0.6,26
11,2019-09-12,优,43,219,14,45,4,31,0.56,31
12,2019-09-13,优,25,63,12,22,3,17,0.64,36
13,2019-09-14,优,25,76,10,23,4,24,0.5,33
14,2019-09-15,优,31,110,10,30,4,26,0.49,47
15,2019-09-16,优,27,63,13,30,5,22,0.41,34
16,2019-09-17,优,37,119,12,39,5,23,0.48,40
17,2019-09-18,优,25,57,6,24,4,19,0.39,33
18,2019-09-19,优,36,121,13,37,5,32,0.5,28
19,2019-09-20,优,50,213,27,56,5,42,0.85,33
20,2019-09-21,优,29,55,10,28,5,36,0.47,28
21,2019-09-22,良,53,240,23,63,6,39,0.69,27
22,2019-09-23,良,57,232,28,72,6,48,0.91,27
23,2019-09-24,优,45,90,17,50,5,36,0.59,30
24,2019-09-25,优,44,75,14,48,7,33,0.55,48
25,2019-09-26,良,58,180,28,67,10,38,0.94,95
26,2019-09-27,良,56,166,29,65,7,47,0.85,63
27,2019-09-28,良,58,148,33,66,7,31,0.82,110
28,2019-09-29,优,45,68,18,49,5,33,0.56,54
29,2019-09-30,良,73,238,40,87,7,33,0.89,101
0,2019-08-06,优,39,148,21,38,2,20,0.66,48
1,2019-08-07,优,43,156,22,42,1,29,0.67,36
2,2019-08-08,优,30,50,12,23,1,17,0.57,43
3,2019-08-09,优,25,35,7,19,1,16,0.58,47
4,2019-08-10,优,33,133,17,32,2,21,0.66,44
5,2019-08-11,优,16,6,6,12,2,14,0.44,26
6,2019-08-21,优,28,62,12,23,3,16,0.62,66
7,2019-08-22,优,25,33,10,25,3,22,0.6,35
8,2019-08-23,优,24,46,11,23,3,25,0.63,31
9,2019-08-24,优,33,89,14,33,3,29,0.7,30
10,2019-08-25,优,42,149,16,46,4,32,0.82,32
11,2019-08-26,优,37,160,17,37,4,22,0.8,68
12,2019-08-27,优,30,126,10,20,3,20,0.58,78
13,2019-08-28,优,23,42,8,20,3,26,0.5,60
0,2019-07-01,优,23,8,7,18,2,22,0.42,39
1,2019-07-02,优,40,90,12,30,3,25,0.5,71
2,2019-07-03,优,37,82,16,30,3,30,0.6,59
3,2019-07-04,良,56,203,22,44,3,27,0.67,81
4,2019-07-05,良,59,212,33,56,3,29,0.71,96
5,2019-07-06,良,60,251,20,41,3,24,0.53,102
6,2019-07-07,良,66,302,31,55,3,31,0.61,91
7,2019-07-12,优,36,156,18,32,3,33,0.58,65
8,2019-07-13,优,36,159,12,29,3,28,0.56,80
9,2019-07-14,优,43,198,18,42,4,44,0.63,61
10,2019-07-15,优,39,150,18,36,3,34,0.59,65
11,2019-07-16,优,48,246,27,48,3,24,0.79,94
12,2019-07-17,良,53,292,35,56,4,26,0.83,87
13,2019-07-18,良,53,294,33,53,3,21,0.8,97
14,2019-07-19,良,56,312,36,60,3,20,0.73,99
15,2019-07-20,良,53,291,29,58,3,29,0.7,77
16,2019-07-21,优,35,120,15,36,2,33,0.55,34
17,2019-07-22,优,35,155,14,33,3,27,0.62,64
18,2019-07-23,优,48,269,30,49,2,31,0.83,67
19,2019-07-24,优,34,160,16,28,2,16,0.6,75
20,2019-07-25,优,26,73,10,21,2,27,0.52,60
21,2019-07-26,优,40,185,23,40,2,23,0.69,76
0,2019-06-01,优,38,74,8,21,3,18,0.38,80
1,2019-06-02,良,83,271,32,58,7,22,0.7,142
2,2019-06-03,优,50,110,19,28,3,26,0.6,91
3,2019-06-04,优,49,97,24,34,3,26,0.69,93
4,2019-06-05,良,56,212,24,48,4,29,0.76,90
5,2019-06-06,良,62,281,17,45,4,33,0.56,87
6,2019-06-07,良,66,273,26,50,4,38,0.64,89
7,2019-06-08,优,49,167,15,29,2,18,0.57,92
8,2019-06-09,优,38,106,14,24,2,23,0.6,70
9,2019-06-10,优,42,136,14,29,3,32,0.66,60
10,2019-06-11,优,39,108,23,37,2,38,0.55,43
11,2019-06-14,优,20,20,7,18,3,30,0.52,53
12,2019-06-15,优,13,5,5,13,3,13,0.38,32
13,2019-06-17,优,44,211,19,45,4,41,0.59,56
14,2019-06-18,优,47,255,19,45,5,48,0.51,67
15,2019-06-19,良,62,316,32,62,4,46,0.7,84
16,2019-06-20,优,39,238,20,40,4,36,0.5,55
17,2019-06-25,良,77,296,21,61,5,35,0.57,128
18,2019-06-26,良,56,233,16,46,4,24,0.46,101
19,2019-06-27,良,70,278,24,51,6,31,0.64,113
20,2019-06-28,优,36,95,18,32,3,28,0.55,49
21,2019-06-29,优,30,43,13,28,2,21,0.48,32
22,2019-06-30,优,18,6,6,13,2,19,0.39,33
0,2019-05-01,良,70,251,17,82,3,22,0.49,68
1,2019-05-02,良,59,130,19,64,3,29,0.5,63
2,2019-05-03,良,65,160,25,73,4,39,0.67,64
3,2019-05-04,良,89,318,34,117,8,23,0.68,136
4,2019-05-05,优,48,115,14,46,3,20,0.46,65
5,2019-05-06,优,41,97,16,36,3,27,0.48,56
6,2019-05-07,良,52,162,18,53,4,30,0.43,63
7,2019-05-08,良,70,283,35,85,5,30,0.64,78
8,2019-05-09,良,72,243,36,85,4,42,0.69,58
9,2019-05-10,良,90,296,41,114,7,29,0.78,119
10,2019-05-11,良,92,291,41,78,7,28,0.71,136
11,2019-05-12,良,70,136,23,62,4,23,0.55,112
12,2019-05-13,良,97,271,47,125,3,16,0.49,85
13,2019-05-14,良,66,173,26,80,6,21,0.56,104
14,2019-05-15,良,83,260,31,95,6,19,0.57,130
15,2019-05-16,轻度污染,129,334,62,176,5,15,0.68,116
16,2019-05-17,良,57,197,19,63,6,15,0.57,93
17,2019-05-18,优,42,65,18,40,4,19,0.53,73
18,2019-05-19,优,41,73,17,32,4,21,0.55,68
19,2019-05-20,优,35,25,3,14,2,11,0.4,64
20,2019-05-21,优,32,19,11,29,2,28,0.49,39
21,2019-05-22,优,32,13,11,25,3,24,0.4,61
22,2019-05-23,优,50,59,19,42,4,32,0.48,77
23,2019-05-24,良,99,306,33,93,7,26,0.7,155
24,2019-05-25,轻度污染,114,330,36,96,7,17,0.65,171
25,2019-05-26,优,45,155,23,33,3,27,0.55,60
26,2019-05-27,优,34,57,5,12,2,14,0.44,66
27,2019-05-28,优,40,105,7,37,3,18,0.41,61
28,2019-05-29,优,40,85,8,32,3,21,0.38,64
29,2019-05-30,良,54,191,13,57,4,16,0.35,74
30,2019-05-31,优,39,77,11,36,3,24,0.38,47
0,2019-04-01,良,53,153,29,57,8,33,0.58,54
1,2019-04-02,良,63,235,38,69,10,41,0.68,50
2,2019-04-03,良,64,219,29,77,9,30,0.59,64
3,2019-04-04,中度污染,194,351,48,272,11,32,0.85,65
4,2019-04-05,良,75,220,28,93,6,23,0.52,67
5,2019-04-06,良,60,152,26,68,6,30,0.6,51
6,2019-04-07,优,46,65,17,43,6,26,0.52,54
7,2019-04-08,优,49,79,24,44,5,34,0.61,51
8,2019-04-09,良,62,305,38,67,7,42,0.81,51
9,2019-04-10,良,64,291,39,69,6,45,0.65,58
10,2019-04-11,良,61,261,34,64,5,45,0.64,58
11,2019-04-12,良,76,250,37,98,6,36,0.66,71
12,2019-04-13,良,87,289,47,100,5,28,0.67,91
13,2019-04-14,良,59,212,21,69,3,28,0.47,66
14,2019-04-15,良,68,233,26,83,6,29,0.59,75
15,2019-04-16,中度污染,198,358,57,267,9,21,0.72,126
16,2019-04-17,轻度污染,135,347,35,204,4,15,0.56,129
17,2019-04-18,良,65,170,16,76,2,17,0.39,74
18,2019-04-19,良,60,159,31,64,4,40,0.58,64
19,2019-04-20,良,70,246,35,89,6,35,0.72,74
20,2019-04-21,轻度污染,104,332,51,137,4,38,0.64,61
21,2019-04-22,轻度污染,107,338,37,162,5,26,0.6,97
22,2019-04-23,良,86,325,45,103,7,19,0.66,108
23,2019-04-24,良,72,223,21,92,3,21,0.41,73
24,2019-04-25,优,46,99,17,44,4,26,0.4,64
25,2019-04-26,优,47,105,21,44,4,30,0.47,59
26,2019-04-27,良,61,261,26,68,4,35,0.54,70
27,2019-04-28,良,58,232,26,52,4,15,0.58,104
28,2019-04-29,良,57,231,31,43,4,20,0.53,99
29,2019-04-30,良,56,197,39,53,4,24,0.6,84
0,2019-03-01,轻度污染,114,256,83,114,17,51,1.22,43
1,2019-03-02,中度污染,158,311,117,166,19,41,1.27,74
2,2019-03-03,重度污染,202,350,156,191,28,61,1.64,76
3,2019-03-04,中度污染,151,320,115,154,22,67,1.33,42
4,2019-03-05,中度污染,153,322,115,155,12,45,1.31,58
5,2019-03-06,良,51,143,23,54,8,23,0.53,62
6,2019-03-07,良,67,216,47,77,14,44,0.79,51
7,2019-03-08,良,76,263,40,100,13,33,0.82,66
8,2019-03-09,良,80,246,44,104,12,29,0.71,74
9,2019-03-10,良,80,242,58,94,17,49,0.86,45
10,2019-03-11,良,82,267,46,99,12,34,0.64,59
11,2019-03-12,良,51,70,14,53,7,16,0.42,61
12,2019-03-13,良,55,110,20,61,9,25,0.53,52
13,2019-03-14,良,58,178,30,66,10,35,0.67,48
14,2019-03-15,良,56,182,34,63,9,43,0.74,45
15,2019-03-16,良,61,172,41,71,11,40,0.84,44
16,2019-03-17,良,81,269,47,94,9,35,0.88,54
17,2019-03-18,轻度污染,110,344,45,169,11,27,0.85,87
18,2019-03-19,轻度污染,106,333,64,140,12,23,0.91,119
19,2019-03-20,中度污染,193,343,153,155,13,41,1.18,61
20,2019-03-21,良,82,291,48,85,7,27,0.6,58
21,2019-03-22,良,68,316,44,81,12,44,0.72,54
22,2019-03-23,优,45,152,28,39,9,24,0.52,60
23,2019-03-24,优,49,119,21,51,10,24,0.61,63
24,2019-03-25,轻度污染,111,348,48,143,14,31,0.81,60
25,2019-03-26,优,46,65,14,42,8,21,0.48,65
26,2019-03-27,优,44,41,24,42,8,23,0.5,67
27,2019-03-28,良,53,123,29,56,11,35,0.56,50
28,2019-03-29,良,65,198,44,74,10,39,0.65,58
29,2019-03-30,良,66,207,44,78,12,27,0.56,77
30,2019-03-31,优,48,102,28,47,9,27,0.49,62
0,2019-02-01,轻度污染,102,315,69,122,25,41,1.19,36
1,2019-02-02,轻度污染,129,308,97,143,23,38,1.37,53
2,2019-02-03,轻度污染,116,276,84,117,16,26,1.05,52
3,2019-02-04,优,46,53,31,48,17,15,0.64,53
4,2019-02-05,良,59,59,40,55,17,13,0.57,59
5,2019-02-06,良,95,232,70,76,22,24,0.8,53
6,2019-02-07,优,50,151,33,47,18,14,0.58,51
7,2019-02-08,良,78,314,56,63,22,22,0.69,48
8,2019-02-09,轻度污染,112,322,84,89,24,31,0.93,42
9,2019-02-10,轻度污染,123,324,93,94,25,34,0.96,47
10,2019-02-11,轻度污染,110,307,82,95,24,36,1.0,41
11,2019-02-12,轻度污染,106,299,77,81,23,34,0.89,41
12,2019-02-13,轻度污染,147,334,113,113,27,43,1.17,42
13,2019-02-14,中度污染,159,360,124,137,24,46,1.25,47
14,2019-02-15,轻度污染,144,348,110,115,23,44,1.09,47
15,2019-02-16,良,79,283,58,69,23,34,0.83,49
16,2019-02-17,优,41,104,23,41,18,25,0.63,51
17,2019-02-18,良,65,232,44,63,22,34,0.95,52
18,2019-02-19,轻度污染,134,304,102,117,27,46,1.32,49
19,2019-02-20,轻度污染,149,289,113,116,22,43,1.2,47
20,2019-02-21,良,70,159,50,64,20,41,0.9,48
21,2019-02-22,轻度污染,101,251,75,91,23,52,1.13,48
22,2019-02-23,轻度污染,128,256,94,118,16,43,1.2,52
23,2019-02-24,良,82,208,54,88,16,30,0.77,54
24,2019-02-25,良,75,197,53,74,15,33,0.82,44
25,2019-02-26,中度污染,153,317,120,130,15,47,1.1,51
26,2019-02-27,中度污染,183,333,138,157,17,54,1.24,52
27,2019-02-28,轻度污染,126,288,93,123,18,48,1.18,49
0,2019-01-01,良,83,239,60,85,25,36,1.03,30
1,2019-01-02,良,75,165,54,79,34,40,0.99,27
2,2019-01-03,良,72,139,51,75,31,42,1.09,31
3,2019-01-04,良,69,169,39,72,19,31,0.79,34
4,2019-01-05,优,46,105,28,45,19,31,0.7,34
5,2019-01-06,良,82,182,59,85,20,44,1.25,25
6,2019-01-07,良,80,193,57,83,22,40,1.07,27
7,2019-01-08,优,44,95,25,43,18,29,0.66,34
8,2019-01-09,良,74,249,26,98,16,27,0.75,41
9,2019-01-10,良,85,233,61,80,24,47,1.33,27
10,2019-01-11,轻度污染,134,264,101,128,31,59,1.8,25
11,2019-01-12,中度污染,191,296,148,168,31,66,2.01,23
12,2019-01-13,严重污染,255,328,204,233,20,70,2.67,16
13,2019-01-14,中度污染,165,270,124,153,26,54,1.63,28
14,2019-01-15,优,48,91,21,50,12,22,0.6,41
15,2019-01-16,良,64,186,28,73,19,31,0.81,33
16,2019-01-17,良,52,89,34,54,23,38,0.81,28
17,2019-01-18,良,65,124,45,65,26,48,1.06,24
18,2019-01-19,良,96,214,69,99,27,45,1.16,23
19,2019-01-20,优,50,115,26,51,17,24,0.62,36
20,2019-01-21,良,64,149,39,72,19,35,0.79,31
21,2019-01-22,良,99,253,70,104,21,44,1.01,29
22,2019-01-23,良,52,62,34,45,14,32,0.73,35
23,2019-01-24,轻度污染,131,269,98,114,17,42,1.28,32
24,2019-01-25,良,55,73,35,52,15,32,0.7,31
25,2019-01-26,轻度污染,102,275,75,88,20,43,0.95,33
26,2019-01-27,轻度污染,117,279,66,138,21,36,1.03,41
27,2019-01-28,良,60,107,37,58,15,26,0.71,40
28,2019-01-29,中度污染,172,333,132,151,21,43,1.22,42
29,2019-01-30,轻度污染,110,255,30,169,13,17,0.57,54
30,2019-01-31,良,72,286,47,67,20,30,0.79,39
0,2018-12-01,优,43,38,22,42,15,26,0.61,33
1,2018-12-02,良,52,71,32,53,13,22,0.65,59
2,2018-12-03,良,76,168,30,96,10,20,0.64,39
3,2018-12-04,优,29,22,14,28,10,17,0.54,37
4,2018-12-05,优,36,50,21,36,15,27,0.69,29
5,2018-12-06,优,44,163,25,44,15,28,0.73,29
6,2018-12-07,优,37,148,13,36,12,15,0.59,39
7,2018-12-08,优,34,125,13,33,16,18,0.62,42
8,2018-12-09,良,51,173,29,52,24,31,0.88,31
9,2018-12-10,良,93,278,68,102,26,51,1.52,20
10,2018-12-11,轻度污染,108,302,80,117,26,56,1.61,22
11,2018-12-12,良,65,146,44,65,22,37,0.93,31
12,2018-12-13,良,73,142,52,76,20,33,0.89,28
13,2018-12-14,良,74,165,52,73,23,41,0.91,28
14,2018-12-15,良,93,231,63,92,21,35,0.96,39
15,2018-12-16,轻度污染,119,261,87,109,25,46,1.2,33
16,2018-12-17,良,54,88,24,56,22,35,0.75,37
17,2018-12-18,优,40,29,21,39,19,31,0.69,37
18,2018-12-19,良,57,73,38,59,24,38,0.83,31
19,2018-12-20,良,77,171,55,80,23,46,1.01,27
20,2018-12-21,良,57,104,40,48,19,35,0.81,38
21,2018-12-28,优,48,186,22,51,21,26,0.62,30
22,2018-12-29,良,51,162,31,51,24,34,0.79,26
23,2018-12-30,良,66,239,46,65,32,40,0.95,26
24,2018-12-31,良,100,313,74,97,20,46,1.31,27
0,2018-11-01,良,54,104,32,59,18,43,0.86,20
1,2018-11-02,良,65,179,44,66,18,44,1.03,37
2,2018-11-03,良,100,325,74,92,18,39,1.12,79
3,2018-11-04,优,29,25,15,27,8,21,0.52,30
4,2018-11-05,优,42,117,22,46,13,31,0.71,24
5,2018-11-06,良,63,325,39,73,12,39,0.91,19
6,2018-11-07,良,70,323,48,83,11,42,1.09,23
7,2018-11-08,良,66,290,45,72,13,45,1.03,21
8,2018-11-09,良,52,169,37,49,8,31,0.74,25
9,2018-11-10,良,52,133,30,55,10,32,0.7,23
10,2018-11-11,良,73,246,47,82,15,44,1.18,17
11,2018-11-12,良,62,198,41,64,12,36,0.84,25
12,2018-11-13,优,50,144,31,52,12,35,0.78,26
13,2018-11-14,优,48,103,30,49,11,35,0.78,26
14,2018-11-15,良,64,233,45,58,11,29,0.85,27
15,2018-11-16,优,30,72,12,29,12,23,0.59,34
16,2018-11-17,良,54,256,33,54,18,38,1.07,25
17,2018-11-18,良,77,294,54,77,18,43,1.24,20
18,2018-11-19,良,74,261,52,76,15,41,0.95,22
19,2018-11-20,优,47,124,27,47,14,33,0.73,26
20,2018-11-21,优,44,125,23,44,12,30,0.68,28
21,2018-11-22,优,35,49,19,34,13,24,0.6,34
22,2018-11-23,优,43,41,23,42,13,31,0.74,32
23,2018-11-24,良,69,148,50,62,16,35,0.99,30
24,2018-11-25,良,73,140,51,63,13,34,0.91,30
25,2018-11-26,轻度污染,112,209,75,128,15,27,1.06,65
26,2018-11-27,良,67,108,12,83,9,17,0.49,44
27,2018-11-28,优,42,36,17,42,14,24,0.59,32
28,2018-11-29,优,43,31,26,43,15,29,0.71,26
29,2018-11-30,良,53,61,26,58,16,30,0.74,28
0,2018-10-01,优,24,4,9,21,3,19,0.56,38
1,2018-10-02,优,34,39,13,33,4,28,0.68,35
2,2018-10-03,优,46,86,23,50,6,35,0.84,38
3,2018-10-04,良,57,125,31,63,6,39,1.02,43
4,2018-10-05,良,58,150,30,66,5,40,0.94,42
5,2018-10-06,良,51,98,21,58,5,33,0.63,27
6,2018-10-07,优,50,116,13,54,6,30,0.49,28
7,2018-10-08,优,39,67,11,40,5,24,0.45,24
8,2018-10-09,优,42,95,14,44,5,27,0.49,21
9,2018-10-10,优,22,10,10,21,4,21,0.43,25
10,2018-10-11,优,30,34,14,33,4,26,0.64,19
11,2018-10-12,优,48,106,22,51,7,38,0.79,28
12,2018-10-13,良,52,114,28,54,8,38,0.87,55
13,2018-10-14,良,60,222,36,54,6,31,0.75,57
14,2018-10-15,优,46,169,16,49,5,30,0.66,27
15,2018-10-16,优,43,132,15,44,5,31,0.63,21
16,2018-10-17,良,54,198,25,63,7,37,0.81,20
17,2018-10-18,良,70,301,38,90,8,55,1.1,20
18,2018-10-19,良,55,217,29,62,9,46,0.78,32
19,2018-10-20,良,67,262,41,82,15,53,1.0,40
20,2018-10-21,良,88,305,64,96,16,50,1.26,63
21,2018-10-22,良,91,300,67,83,13,33,1.08,84
22,2018-10-23,优,49,150,25,49,8,27,0.7,43
23,2018-10-24,良,56,164,29,59,12,40,0.92,29
24,2018-10-25,良,66,195,45,77,10,40,0.96,46
25,2018-10-26,优,48,106,15,45,6,16,0.49,48
26,2018-10-27,优,28,20,8,27,7,14,0.38,37
27,2018-10-28,优,22,7,9,19,10,20,0.47,26
28,2018-10-29,优,21,5,13,18,7,19,0.52,21
29,2018-10-30,优,26,19,15,24,10,24,0.6,20
30,2018-10-31,优,34,37,18,33,14,28,0.62,22
0,2018-09-02,优,32,89,9,27,3,12,0.5,54
1,2018-09-03,优,39,119,12,21,3,19,0.53,70
2,2018-09-04,优,21,10,6,15,3,17,0.51,38
3,2018-09-05,优,18,6,5,16,3,17,0.5,21
4,2018-09-06,优,26,26,7,23,4,21,0.54,36
5,2018-09-07,优,25,18,7,22,4,20,0.44,36
6,2018-09-08,优,26,30,7,23,4,19,0.44,29
7,2018-09-09,优,38,70,12,37,4,26,0.53,29
8,2018-09-10,优,41,85,12,39,4,26,0.51,34
9,2018-09-11,优,39,70,12,36,4,23,0.56,54
10,2018-09-12,优,33,51,12,32,4,20,0.56,57
11,2018-09-13,优,47,179,24,48,4,24,0.68,86
12,2018-09-14,优,50,190,24,49,5,26,0.69,67
13,2018-09-15,优,33,80,14,29,3,23,0.56,36
14,2018-09-16,优,33,116,9,32,4,24,0.51,41
15,2018-09-17,优,47,225,17,49,6,38,0.66,27
16,2018-09-18,优,49,237,16,52,6,38,0.65,55
17,2018-09-19,良,57,283,25,64,6,46,0.75,51
18,2018-09-20,良,52,244,20,53,4,41,0.67,47
19,2018-09-21,优,45,149,26,47,4,41,0.82,36
20,2018-09-22,优,35,71,8,34,4,21,0.46,25
21,2018-09-23,优,28,46,11,27,4,25,0.55,19
22,2018-09-24,优,20,14,10,19,3,18,0.5,19
23,2018-09-25,优,40,130,13,42,4,30,0.71,34
24,2018-09-26,优,47,221,21,53,4,36,0.84,27
25,2018-09-27,良,56,260,29,64,4,37,1.04,30
26,2018-09-28,优,35,75,15,34,4,30,0.68,31
27,2018-09-29,优,26,14,13,21,3,23,0.63,38
28,2018-09-30,优,22,8,11,17,3,28,0.67,38
0,2018-08-01,优,43,110,12,38,3,24,0.58,69
1,2018-08-02,良,55,219,12,52,5,35,0.59,72
2,2018-08-03,良,70,287,22,64,4,29,0.81,107
3,2018-08-04,良,56,233,31,59,3,16,0.85,83
4,2018-08-05,优,19,2,7,17,2,16,0.54,34
5,2018-08-06,优,35,51,10,30,3,24,0.63,44
6,2018-08-07,优,31,34,15,30,2,32,0.77,31
7,2018-08-08,优,37,58,15,36,2,30,0.75,41
8,2018-08-09,优,44,80,13,39,3,30,0.71,56
9,2018-08-10,优,37,48,9,30,3,25,0.55,58
10,2018-08-11,优,42,72,10,35,3,22,0.5,65
11,2018-08-12,优,28,23,10,19,2,26,0.61,50
12,2018-08-13,优,34,72,10,20,3,20,0.72,59
13,2018-08-14,优,34,107,7,17,2,22,0.67,59
14,2018-08-15,优,29,41,9,25,3,17,0.61,56
15,2018-08-16,优,28,17,7,25,3,15,0.5,45
16,2018-08-17,优,35,83,8,33,4,27,0.63,50
17,2018-08-18,优,47,212,19,47,4,28,0.75,58
18,2018-08-19,优,46,194,17,41,4,25,0.72,65
19,2018-08-20,优,43,140,18,42,4,24,0.79,54
20,2018-08-21,优,33,23,9,25,3,22,0.58,61
21,2018-08-22,优,43,100,13,43,5,34,0.72,39
22,2018-08-23,优,46,88,16,49,5,32,0.72,40
23,2018-08-25,优,19,3,5,12,3,18,0.56,39
24,2018-08-27,优,40,77,11,39,4,29,0.69,43
25,2018-08-29,优,22,7,11,20,3,27,0.67,36
26,2018-08-31,优,28,49,8,27,4,22,0.58,36
0,2018-07-01,良,69,278,22,54,4,40,0.65,102
1,2018-07-02,良,68,288,32,84,5,70,0.78,22
2,2018-07-03,良,58,254,20,56,4,39,0.65,78
3,2018-07-04,优,44,143,11,37,4,34,0.52,66
4,2018-07-05,优,42,152,14,41,4,40,0.62,42
5,2018-07-06,优,31,70,10,29,4,24,0.56,40
6,2018-07-07,优,37,164,17,37,3,26,0.63,41
7,2018-07-08,优,22,9,10,19,3,18,0.58,33
8,2018-07-09,优,30,85,10,26,3,19,0.58,47
9,2018-07-10,良,53,274,25,53,4,30,0.74,57
10,2018-07-11,优,34,77,13,34,3,27,0.6,38
11,2018-07-12,优,32,83,15,27,2,14,0.62,44
12,2018-07-13,优,40,140,17,39,2,16,0.58,43
13,2018-07-14,优,28,57,11,27,2,15,0.54,47
14,2018-07-15,优,48,191,27,48,2,15,0.77,76
15,2018-07-16,优,30,68,14,29,2,18,0.5,37
16,2018-07-17,优,40,135,16,39,2,17,0.49,66
17,2018-07-18,优,34,72,16,33,2,20,0.49,43
18,2018-07-19,良,51,202,20,48,2,17,0.58,88
19,2018-07-20,优,41,115,16,40,2,20,0.49,67
20,2018-07-21,优,48,120,21,47,2,20,0.56,79
21,2018-07-22,良,62,235,38,68,2,21,0.78,93
22,2018-07-23,良,61,252,33,64,2,23,0.7,91
23,2018-07-24,良,54,198,25,55,3,22,0.67,72
24,2018-07-25,优,36,73,10,33,2,14,0.55,43
25,2018-07-26,优,24,11,8,23,2,25,0.7,32
26,2018-07-27,优,48,182,14,40,3,30,0.78,65
27,2018-07-28,良,66,269,19,57,3,40,0.78,86
28,2018-07-29,良,66,238,26,66,3,40,0.85,83
29,2018-07-30,良,73,286,30,74,2,41,0.89,91
30,2018-07-31,良,58,234,29,65,2,33,0.84,67
0,2018-06-01,良,82,226,34,79,9,38,0.91,131
1,2018-06-02,良,99,284,28,89,9,26,0.76,153
2,2018-06-03,良,95,265,34,92,7,24,0.71,149
3,2018-06-04,良,78,249,30,77,5,19,0.63,124
4,2018-06-05,良,81,252,41,88,6,24,0.74,134
5,2018-06-06,良,63,150,39,69,5,34,0.81,88
6,2018-06-07,良,63,163,34,66,5,50,0.85,59
7,2018-06-08,优,49,134,15,35,4,31,0.59,88
8,2018-06-09,良,55,200,17,37,5,37,0.62,85
9,2018-06-10,良,51,110,13,31,4,34,0.58,88
10,2018-06-11,优,38,37,16,27,4,34,0.67,67
11,2018-06-12,优,49,81,17,43,4,47,0.73,57
12,2018-06-13,良,60,182,24,49,4,49,0.78,78
13,2018-06-14,优,37,47,18,29,4,33,0.74,55
14,2018-06-15,优,31,17,8,20,4,24,0.62,65
15,2018-06-16,优,45,63,20,44,4,25,0.62,88
16,2018-06-17,良,54,140,36,55,3,26,0.8,64
17,2018-06-18,良,60,177,30,51,3,19,0.73,104
18,2018-06-19,优,41,94,21,35,3,25,0.61,70
19,2018-06-20,优,32,27,10,25,4,27,0.55,55
20,2018-06-21,优,40,93,12,34,4,37,0.59,49
21,2018-06-22,良,84,292,24,72,8,48,0.75,113
22,2018-06-23,良,92,295,40,71,8,34,0.97,136
23,2018-06-24,良,56,190,12,46,7,42,0.59,75
24,2018-06-25,良,63,253,33,67,5,57,0.98,88
25,2018-06-26,良,69,310,22,50,4,35,0.67,118
26,2018-06-27,优,49,195,12,28,3,29,0.56,91
27,2018-06-28,优,40,131,10,28,3,31,0.52,71
28,2018-06-29,良,60,206,16,53,5,48,0.58,73
29,2018-06-30,良,74,272,20,53,5,34,0.65,122
0,2018-05-01,良,57,137,16,61,5,26,0.6,89
1,2018-05-02,良,58,153,26,65,4,21,0.62,86
2,2018-05-03,良,74,267,23,95,4,25,0.53,82
3,2018-05-04,良,63,128,34,73,5,31,0.6,80
4,2018-05-05,轻度污染,138,352,37,191,5,33,0.68,65
5,2018-05-06,良,95,343,26,139,5,32,0.59,63
6,2018-05-07,良,55,170,20,60,4,28,0.61,74
7,2018-05-08,良,68,218,28,81,8,41,0.68,60
8,2018-05-09,良,61,142,25,61,7,41,0.68,65
9,2018-05-10,良,77,237,34,102,8,39,0.87,86
10,2018-05-11,良,83,307,52,102,10,31,0.96,108
11,2018-05-12,良,63,165,44,55,5,31,0.88,72
12,2018-05-13,良,78,204,52,88,8,38,1.09,102
13,2018-05-14,良,82,225,49,106,7,27,1.06,125
14,2018-05-15,良,69,201,38,80,5,23,0.97,109
15,2018-05-16,优,49,103,22,50,4,27,0.79,55
16,2018-05-17,优,35,21,10,34,4,24,0.56,52
17,2018-05-18,优,47,44,18,39,4,23,0.52,77
18,2018-05-19,优,45,55,17,37,4,25,0.51,69
19,2018-05-20,良,57,226,21,59,5,36,0.59,67
20,2018-05-21,良,63,286,23,64,6,36,0.61,83
21,2018-05-22,良,60,246,21,64,6,26,0.6,77
22,2018-05-23,轻度污染,106,331,33,163,4,24,0.61,70
23,2018-05-24,良,80,208,34,106,6,28,0.81,86
24,2018-05-25,优,45,78,17,39,6,32,0.55,63
25,2018-05-26,良,61,195,23,57,9,41,0.65,75
26,2018-05-27,良,51,93,28,41,4,25,0.73,79
27,2018-05-28,优,36,12,11,18,3,22,0.62,70
28,2018-05-29,优,38,22,9,19,3,17,0.56,73
29,2018-05-30,优,42,59,20,37,4,34,0.69,70
30,2018-05-31,良,60,158,25,50,6,41,0.69,97
0,2018-04-01,轻度污染,129,306,91,145,14,41,1.27,94
1,2018-04-02,良,100,241,53,142,10,26,0.89,99
2,2018-04-03,良,55,59,28,61,7,23,0.66,71
3,2018-04-04,良,82,263,57,80,11,32,0.81,70
4,2018-04-05,良,91,292,66,87,12,30,0.86,69
5,2018-04-05,良,91,292,66,87,12,30,0.86,69
6,2018-04-06,良,99,283,68,96,11,32,0.88,56
7,2018-04-07,良,55,68,26,60,12,29,0.71,60
8,2018-04-08,良,62,82,27,74,12,31,0.77,60
9,2018-04-09,轻度污染,102,300,71,113,15,49,1.04,57
10,2018-04-10,良,69,78,44,75,8,27,0.9,77
11,2018-04-11,轻度污染,148,326,26,189,3,15,0.67,75
12,2018-04-12,良,65,162,28,76,4,26,0.72,61
13,2018-04-13,良,94,341,59,109,7,38,0.99,65
14,2018-04-14,良,92,297,28,132,4,20,0.71,64
15,2018-04-15,优,49,77,27,42,4,28,0.76,73
16,2018-04-16,良,80,181,35,108,7,36,0.92,78
17,2018-04-17,轻度污染,132,336,39,193,9,21,0.79,133
18,2018-04-18,良,89,174,51,125,11,28,0.97,132
19,2018-04-19,良,85,168,50,107,7,40,0.92,97
20,2018-04-20,轻度污染,104,293,45,149,8,31,0.84,122
21,2018-04-21,良,67,227,41,58,5,24,0.72,76
22,2018-04-22,优,44,90,20,40,6,22,0.6,76
23,2018-04-23,良,58,239,23,53,7,25,0.65,91
24,2018-04-24,良,87,347,55,100,9,50,0.93,71
25,2018-04-25,良,77,236,38,99,8,46,0.77,69
26,2018-04-26,良,79,205,27,107,7,26,0.64,93
27,2018-04-27,良,69,156,29,85,6,40,0.61,69
28,2018-04-28,轻度污染,130,337,49,197,9,29,0.88,120
29,2018-04-29,轻度污染,128,326,54,184,9,21,0.88,142
30,2018-04-30,优,46,55,14,38,5,20,0.52,83
0,2018-03-01,良,61,153,34,68,21,25,0.78,74
1,2018-03-02,良,62,146,28,74,28,31,0.87,70
2,2018-03-03,良,64,146,44,68,22,28,0.88,70
3,2018-03-04,优,44,58,24,37,21,31,0.77,69
4,2018-03-05,优,48,177,30,39,22,40,0.89,57
5,2018-03-06,优,41,91,22,31,18,32,0.77,63
6,2018-03-07,良,65,245,46,61,30,48,1.11,56
7,2018-03-08,良,75,264,54,57,29,50,1.04,61
8,2018-03-09,良,71,191,50,61,26,55,1.18,68
9,2018-03-10,良,76,175,54,67,28,50,1.08,67
10,2018-03-11,良,80,197,57,74,23,51,1.2,61
11,2018-03-12,良,89,226,64,88,24,34,1.12,94
12,2018-03-13,轻度污染,103,270,75,110,18,37,1.18,84
13,2018-03-14,轻度污染,138,325,104,137,15,41,1.47,33
14,2018-03-15,优,41,26,14,23,10,22,0.62,73
15,2018-03-16,优,46,65,25,42,21,39,0.8,59
16,2018-03-17,良,52,111,34,54,27,37,1.06,70
17,2018-03-18,良,85,251,62,67,16,32,1.08,62
18,2018-03-19,优,46,95,17,32,9,21,0.64,73
19,2018-03-20,优,45,104,23,43,15,30,0.7,68
20,2018-03-21,良,70,263,47,72,24,52,0.96,54
21,2018-03-22,轻度污染,128,353,96,155,21,71,1.62,52
22,2018-03-23,轻度污染,125,314,94,131,30,59,1.51,63
23,2018-03-24,轻度污染,121,308,85,120,19,41,1.25,76
24,2018-03-25,轻度污染,104,260,75,141,19,48,1.35,95
25,2018-03-26,轻度污染,122,304,80,153,16,39,1.24,135
26,2018-03-27,轻度污染,114,301,62,146,15,25,1.04,157
27,2018-03-28,中度污染,159,331,45,226,10,28,0.69,82
28,2018-03-29,轻度污染,128,311,93,112,12,40,0.95,67
29,2018-03-30,重度污染,230,359,190,217,19,59,1.5,84
30,2018-03-31,轻度污染,102,257,75,99,13,40,1.09,80
0,2018-02-01,良,74,107,53,71,53,46,1.27,40
1,2018-02-02,良,64,124,45,59,35,37,0.99,38
2,2018-02-03,良,90,319,66,79,38,43,1.15,35
3,2018-02-04,良,83,280,61,70,34,43,1.24,33
4,2018-02-05,良,92,307,67,78,34,43,1.36,34
5,2018-02-06,轻度污染,108,316,80,101,42,53,1.64,30
6,2018-02-07,轻度污染,116,314,86,104,41,57,1.68,33
7,2018-02-08,良,76,111,43,86,41,34,1.08,58
8,2018-02-09,良,68,61,42,77,37,33,1.02,55
9,2018-02-10,良,54,49,21,62,28,22,0.73,56
10,2018-02-11,优,46,38,15,50,27,17,0.66,59
11,2018-02-12,优,46,38,19,47,41,24,0.78,53
12,2018-02-13,优,41,17,23,40,36,25,0.88,50
13,2018-02-14,优,45,27,25,44,32,26,0.95,46
14,2018-02-15,优,42,9,21,42,41,15,0.76,60
15,2018-02-16,良,65,51,33,75,24,14,0.8,63
16,2018-02-17,优,45,39,24,41,27,18,0.85,49
17,2018-02-18,优,50,90,34,47,33,24,1.07,50
18,2018-02-19,优,44,64,27,38,30,21,0.93,54
19,2018-02-20,优,41,48,20,37,29,17,0.8,59
20,2018-02-21,优,48,128,25,49,33,19,0.81,64
21,2018-02-22,优,48,128,32,47,28,29,0.88,55
22,2018-02-23,良,58,174,40,54,37,36,1.0,45
23,2018-02-24,良,89,307,65,78,31,47,1.35,41
24,2018-02-25,良,66,178,47,61,35,40,1.22,53
25,2018-02-26,良,68,160,48,65,30,44,1.26,56
26,2018-02-27,良,58,126,40,51,31,37,0.99,59
27,2018-02-28,良,90,249,66,77,29,41,1.3,60
0,2018-01-01,轻度污染,110,180,69,125,37,36,1.29,35
1,2018-01-02,良,57,78,32,61,47,30,0.83,31
2,2018-01-03,良,68,217,46,73,54,39,0.95,27
3,2018-01-04,良,88,307,64,97,49,46,1.16,26
4,2018-01-05,良,85,249,62,91,49,43,1.09,29
5,2018-01-06,良,86,212,62,95,51,41,1.01,31
6,2018-01-07,良,81,232,59,87,52,46,1.04,34
7,2018-01-08,良,75,228,54,67,33,37,0.99,35
8,2018-01-09,优,48,94,26,45,30,25,0.62,45
9,2018-01-10,优,46,100,31,39,27,30,0.64,37
10,2018-01-11,良,82,297,60,72,40,43,0.91,37
11,2018-01-12,良,78,234,56,67,56,41,1.05,40
12,2018-01-13,轻度污染,111,257,83,100,57,54,1.82,36
13,2018-01-14,良,70,88,50,60,41,30,0.92,58
14,2018-01-15,良,76,108,55,65,50,38,0.96,38
15,2018-01-16,轻度污染,103,173,77,89,44,52,1.37,35
16,2018-01-17,轻度污染,122,214,91,123,46,54,1.59,26
17,2018-01-18,良,84,108,57,83,59,47,1.08,35
18,2018-01-19,良,74,88,50,81,45,45,1.19,38
19,2018-01-20,优,46,29,22,47,28,27,0.6,46
20,2018-01-21,良,66,114,42,63,51,38,0.91,30
21,2018-01-22,良,60,115,42,53,33,33,0.93,34
22,2018-01-23,优,45,53,28,43,33,24,0.76,39
23,2018-01-24,良,51,114,33,50,39,31,0.85,37
24,2018-01-25,良,75,284,54,64,29,38,1.16,37
25,2018-01-26,良,81,290,59,74,52,42,1.2,36
26,2018-01-27,良,65,224,44,65,45,37,1.03,42
27,2018-01-28,优,43,82,21,43,40,25,0.68,50
28,2018-01-29,优,50,86,29,50,43,33,0.89,42
29,2018-01-30,良,59,90,38,60,49,43,1.12,38
30,2018-01-31,良,63,97,43,61,51,42,1.08,34
0,2017-12-01,良,57,156,36,59,49,37,0.96,27
1,2017-12-02,良,100,244,72,96,48,45,1.43,19
2,2017-12-03,良,89,218,65,84,40,38,1.12,18
3,2017-12-04,良,59,160,40,61,45,33,1.0,20
4,2017-12-05,良,58,112,37,60,45,35,1.03,28
5,2017-12-06,轻度污染,133,310,100,137,49,51,1.74,17
6,2017-12-07,中度污染,163,332,126,151,35,50,1.5,22
7,2017-12-08,良,82,245,59,86,51,41,1.19,20
8,2017-12-09,良,78,153,54,78,48,40,1.31,28
9,2017-12-10,良,71,121,45,72,26,24,0.84,34
10,2017-12-11,优,46,63,23,46,26,21,0.64,40
11,2017-12-12,良,57,118,36,54,43,29,0.88,27
12,2017-12-13,轻度污染,105,289,78,98,67,48,1.39,21
13,2017-12-14,轻度污染,104,271,77,96,62,51,1.44,24
14,2017-12-15,良,79,229,56,73,44,39,0.95,26
15,2017-12-16,良,55,161,36,50,45,33,0.72,29
16,2017-12-17,良,57,117,35,62,47,39,0.82,29
17,2017-12-18,良,57,72,39,53,36,39,0.82,29
18,2017-12-19,良,55,103,35,55,40,33,0.8,32
19,2017-12-20,良,60,100,40,63,51,39,0.93,31
20,2017-12-21,良,62,79,41,67,41,44,0.99,32
21,2017-12-22,轻度污染,105,175,78,93,49,50,1.34,28
22,2017-12-23,良,90,114,66,98,41,50,1.24,24
23,2017-12-24,良,71,88,51,68,32,40,0.93,31
24,2017-12-25,良,58,58,34,64,32,35,0.8,32
25,2017-12-26,良,51,61,33,49,35,29,0.74,33
26,2017-12-27,良,61,68,39,59,44,36,0.91,28
27,2017-12-28,轻度污染,108,165,79,116,57,53,1.81,20
28,2017-12-29,轻度污染,118,174,87,117,55,54,1.47,25
29,2017-12-30,轻度污染,125,208,94,127,83,64,1.65,23
30,2017-12-31,中度污染,179,295,136,176,63,67,2.05,26
0,2017-11-01,轻度污染,141,343,108,143,28,47,1.19,44
1,2017-11-02,良,87,175,62,85,17,46,0.77,19
2,2017-11-03,中度污染,177,353,142,151,21,40,0.99,24
3,2017-11-04,良,74,202,45,81,27,38,0.74,25
4,2017-11-05,良,98,266,72,114,25,37,1.12,54
5,2017-11-06,轻度污染,120,289,91,121,27,44,1.16,66
6,2017-11-07,中度污染,195,352,155,166,22,44,1.3,43
7,2017-11-08,良,91,192,64,88,14,30,0.77,24
8,2017-11-09,良,100,260,73,94,20,35,0.91,27
9,2017-11-10,优,45,54,29,47,12,20,0.54,39
10,2017-11-11,良,56,158,38,51,22,32,0.62,29
11,2017-11-12,良,73,244,49,75,24,36,0.91,29
12,2017-11-13,良,79,246,50,81,22,31,0.91,32
13,2017-11-14,良,59,181,23,72,16,18,0.52,38
14,2017-11-15,良,92,278,62,82,24,27,0.75,32
15,2017-11-16,轻度污染,113,296,83,113,35,41,0.97,27
16,2017-11-17,轻度污染,115,308,87,106,23,39,0.87,33
17,2017-11-18,良,52,218,33,52,23,23,0.61,34
18,2017-11-19,良,70,246,49,66,28,31,0.79,29
19,2017-11-20,良,65,220,40,67,31,34,0.86,32
20,2017-11-21,良,90,266,44,128,28,29,0.96,47
21,2017-11-22,良,51,133,18,55,24,22,0.65,39
22,2017-11-23,优,43,78,25,44,33,25,0.65,31
23,2017-11-24,良,65,189,40,69,45,32,0.86,23
24,2017-11-25,良,68,169,45,74,34,33,0.94,27
25,2017-11-26,良,65,157,44,69,36,31,0.9,29
26,2017-11-27,良,69,154,28,87,33,22,0.8,53
27,2017-11-28,良,95,209,35,121,24,21,0.82,48
28,2017-11-29,优,47,60,13,48,23,19,0.6,49
29,2017-11-30,优,39,61,20,39,39,28,0.69,41
0,2017-10-01,良,82,325,24,108,8,19,0.83,75
1,2017-10-02,良,51,230,15,59,10,34,0.83,29
2,2017-10-03,优,46,252,15,51,9,32,0.84,34
3,2017-10-05,良,66,333,29,79,14,28,1.09,86
4,2017-10-06,良,59,257,29,62,12,25,1.0,100
5,2017-10-07,良,70,260,50,80,12,43,1.28,56
6,2017-10-08,良,94,314,68,122,13,57,1.6,45
7,2017-10-09,良,55,239,31,57,10,28,0.98,33
8,2017-10-10,良,52,257,23,54,12,32,0.88,38
9,2017-10-11,良,55,304,34,54,11,34,0.88,50
10,2017-10-12,良,90,357,63,92,13,44,1.01,33
11,2017-10-13,良,94,336,66,101,14,47,1.22,30
12,2017-10-14,轻度污染,104,337,73,96,12,43,1.1,36
13,2017-10-15,轻度污染,145,360,109,143,15,48,1.36,36
14,2017-10-16,轻度污染,116,335,88,97,13,43,1.22,39
15,2017-10-17,良,83,306,58,88,15,48,1.09,34
16,2017-10-18,中度污染,200,366,157,193,22,75,1.57,43
17,2017-10-19,中度污染,179,359,140,179,23,76,2.0,44
18,2017-10-20,重度污染,206,360,165,235,18,68,2.22,47
19,2017-10-21,优,49,113,28,50,13,29,0.95,46
20,2017-10-22,良,63,172,40,70,21,47,0.97,38
21,2017-10-23,良,82,270,57,100,23,56,1.38,37
22,2017-10-24,轻度污染,101,315,72,125,25,60,1.42,42
23,2017-10-25,轻度污染,114,307,85,139,34,74,1.98,40
24,2017-10-26,重度污染,249,364,199,261,37,82,2.66,44
25,2017-10-27,中度污染,171,338,120,188,30,55,1.75,59
26,2017-10-28,轻度污染,126,311,68,143,27,30,1.12,55
27,2017-10-29,良,64,151,40,74,28,35,0.95,33
28,2017-10-30,良,89,319,60,102,40,49,1.21,29
29,2017-10-31,轻度污染,101,309,54,144,34,48,1.33,39
0,2017-09-01,良,54,197,21,58,10,38,1.0,48
1,2017-09-02,优,47,123,17,48,10,41,0.88,43
2,2017-09-03,良,53,196,21,55,8,42,1.0,56
3,2017-09-04,优,48,187,22,45,8,23,0.96,77
4,2017-09-05,优,43,141,20,40,7,22,0.92,71
5,2017-09-06,优,36,79,13,33,8,30,0.84,45
6,2017-09-07,优,43,112,14,38,10,32,0.86,65
7,2017-09-08,优,41,102,15,40,9,22,0.83,56
8,2017-09-09,优,38,84,11,36,10,38,0.86,32
9,2017-09-10,良,53,224,23,52,9,28,1.04,64
10,2017-09-11,优,36,68,10,28,8,24,0.8,49
11,2017-09-12,优,37,46,14,36,9,30,0.82,26
12,2017-09-13,优,46,82,19,49,11,32,0.9,26
13,2017-09-14,优,49,100,17,52,11,38,0.91,29
14,2017-09-15,优,48,89,16,48,10,41,0.97,27
15,2017-09-16,良,59,172,26,60,10,32,1.12,86
16,2017-09-17,优,39,58,13,34,8,28,0.87,54
17,2017-09-18,良,55,110,22,62,11,47,1.07,41
18,2017-09-19,优,44,88,18,40,9,24,0.97,67
19,2017-09-20,优,34,49,12,34,9,28,0.88,32
20,2017-09-21,优,48,134,16,46,9,32,0.95,59
21,2017-09-22,优,42,57,14,36,9,28,0.92,73
22,2017-09-23,良,56,177,16,62,12,27,0.99,74
23,2017-09-24,良,57,200,16,62,10,29,0.94,63
24,2017-09-25,优,49,181,14,50,11,34,0.89,54
25,2017-09-26,优,43,115,18,42,9,25,0.97,50
26,2017-09-27,优,37,100,12,37,10,30,0.84,26
27,2017-09-28,优,41,126,9,40,9,26,0.71,35
28,2017-09-29,优,48,141,10,49,10,29,0.74,34
29,2017-09-30,优,48,152,14,51,10,38,0.82,34
0,2017-08-01,良,64,269,26,56,9,28,1.08,104
1,2017-08-02,优,44,174,17,40,8,20,0.92,68
2,2017-08-03,优,23,6,9,18,7,17,0.83,39
3,2017-08-04,优,31,38,8,18,6,15,0.85,51
4,2017-08-05,优,46,121,15,42,7,30,1.05,52
5,2017-08-06,优,36,48,12,25,7,38,0.95,60
6,2017-08-07,优,39,67,10,23,7,26,0.88,73
7,2017-08-08,优,49,189,11,38,8,36,0.9,65
8,2017-08-09,优,47,167,11,34,7,27,0.89,75
9,2017-08-10,优,36,66,12,28,7,23,0.93,65
10,2017-08-11,优,41,98,18,37,7,26,1.04,67
11,2017-08-12,优,50,187,15,31,7,29,1.01,79
12,2017-08-13,优,45,165,21,44,7,32,1.12,68
13,2017-08-14,优,47,190,22,48,7,34,1.03,47
14,2017-08-15,优,40,124,13,39,8,28,0.86,26
15,2017-08-16,优,28,37,9,26,8,28,0.88,31
16,2017-08-17,优,33,66,10,30,9,23,0.81,40
17,2017-08-18,优,38,93,11,37,9,26,0.86,29
18,2017-08-19,优,32,43,9,31,7,23,0.88,34
19,2017-08-20,优,38,80,11,34,6,22,0.93,48
20,2017-08-21,优,42,93,14,39,7,27,0.96,53
21,2017-08-22,良,56,205,33,60,7,25,1.33,75
22,2017-08-23,优,36,92,8,14,7,23,0.84,66
23,2017-08-24,优,35,88,18,34,7,23,0.93,55
24,2017-08-25,优,41,129,13,41,7,16,0.8,49
25,2017-08-26,优,30,51,7,27,8,20,0.74,46
26,2017-08-27,优,48,196,11,43,10,23,0.97,79
27,2017-08-28,优,38,138,11,31,8,18,0.82,51
28,2017-08-29,优,28,50,7,27,8,15,0.68,41
29,2017-08-30,优,34,119,12,36,8,22,0.83,33
30,2017-08-31,优,50,222,19,56,10,34,1.01,33
0,2017-07-01,良,84,286,57,96,8,30,1.46,122
1,2017-07-02,良,66,256,40,69,7,30,1.25,85
2,2017-07-03,优,41,133,12,30,7,32,1.0,69
3,2017-07-04,良,56,184,17,48,8,43,0.97,74
4,2017-07-05,良,71,263,23,69,8,43,1.05,79
5,2017-07-06,良,77,320,19,56,7,39,0.92,99
6,2017-07-07,良,64,269,18,55,7,31,0.85,85
7,2017-07-08,良,60,240,26,48,7,19,0.99,107
8,2017-07-09,良,66,285,20,47,7,22,0.92,115
9,2017-07-10,良,51,188,13,35,7,26,0.85,98
10,2017-07-11,良,72,240,26,61,8,24,1.05,129
11,2017-07-12,轻度污染,108,341,44,83,8,18,1.09,167
12,2017-07-13,良,71,249,30,51,6,22,1.12,116
13,2017-07-14,良,54,179,17,34,6,26,0.87,87
14,2017-07-15,良,56,229,23,49,7,31,0.98,83
15,2017-07-16,良,59,226,24,50,6,28,0.95,95
16,2017-07-17,良,52,169,22,47,6,21,0.89,93
17,2017-07-18,良,60,211,28,52,7,18,0.94,106
18,2017-07-19,良,60,247,36,61,6,26,1.01,84
19,2017-07-20,优,28,33,13,21,6,22,0.76,49
20,2017-07-21,优,43,122,9,25,8,22,0.66,81
21,2017-07-22,良,53,178,17,46,11,37,0.82,73
22,2017-07-23,良,56,170,17,45,9,36,0.77,75
23,2017-07-24,优,46,111,14,39,8,29,0.71,67
24,2017-07-25,良,54,166,15,48,9,35,0.7,61
25,2017-07-26,良,57,158,15,48,8,29,0.78,78
26,2017-07-27,良,61,195,21,49,10,28,0.95,95
27,2017-07-28,优,42,73,11,26,8,23,0.74,76
28,2017-07-29,良,63,233,17,50,10,34,0.93,81
29,2017-07-30,良,72,252,25,57,9,38,1.03,103
30,2017-07-31,良,79,283,32,65,11,34,1.18,122
0,2017-06-01,优,45,88,18,49,10,34,0.86,45
1,2017-06-02,优,31,22,12,29,10,31,0.84,41
2,2017-06-03,优,44,91,20,40,11,40,0.94,47
3,2017-06-04,优,36,40,12,28,11,41,0.86,54
4,2017-06-05,良,57,247,17,46,9,43,0.9,71
5,2017-06-06,良,57,264,20,56,11,54,1.01,77
6,2017-06-07,优,49,98,30,45,10,33,1.07,80
7,2017-06-08,优,46,96,17,41,10,34,0.94,69
8,2017-06-09,良,56,183,14,64,11,37,0.86,41
9,2017-06-10,优,38,113,13,40,12,32,0.81,30
10,2017-06-11,优,46,153,18,51,12,34,0.9,32
11,2017-06-12,良,52,191,21,58,14,44,0.95,45
12,2017-06-13,良,79,289,29,86,12,50,1.05,76
13,2017-06-14,良,70,243,26,72,14,46,1.04,99
14,2017-06-15,良,53,146,17,55,12,43,0.87,64
15,2017-06-16,良,73,213,15,49,11,44,0.85,101
16,2017-06-17,良,91,244,44,95,13,53,1.31,138
17,2017-06-18,轻度污染,107,314,39,79,11,26,1.12,157
18,2017-06-19,良,81,289,30,51,9,27,1.09,132
19,2017-06-20,良,60,205,18,29,9,27,0.97,105
20,2017-06-21,优,41,88,14,26,9,30,0.89,74
21,2017-06-22,优,44,143,14,38,9,36,0.93,68
22,2017-06-23,良,70,286,24,71,9,60,1.11,72
23,2017-06-24,良,72,297,30,84,10,70,1.22,60
24,2017-06-25,良,52,173,27,54,8,55,1.01,52
25,2017-06-26,优,47,132,14,37,8,38,0.84,63
26,2017-06-27,良,77,246,24,58,9,47,1.04,101
27,2017-06-28,良,74,240,24,56,9,37,0.94,115
28,2017-06-29,良,73,239,26,63,9,25,0.97,125
29,2017-06-30,良,77,265,53,85,9,31,1.26,124
0,2017-05-01,良,76,189,34,91,12,44,1.05,67
1,2017-05-02,良,87,274,33,103,14,28,0.96,127
2,2017-05-03,良,81,290,27,84,12,21,0.91,137
3,2017-05-04,良,60,198,28,61,14,25,1.06,94
4,2017-05-05,中度污染,152,256,48,247,9,18,1.01,75
5,2017-05-06,严重污染,275,333,75,833,7,11,0.81,69
6,2017-05-07,轻度污染,121,255,35,167,8,18,0.87,75
7,2017-05-08,良,59,136,27,58,10,38,0.95,71
8,2017-05-09,良,87,296,37,100,12,31,1.0,121
9,2017-05-10,良,74,222,30,68,12,22,0.91,129
10,2017-05-11,轻度污染,104,310,37,121,13,22,1.01,121
11,2017-05-12,良,100,299,33,148,10,28,0.83,64
12,2017-05-13,良,59,129,24,65,10,33,0.88,70
13,2017-05-14,优,40,29,10,14,9,18,0.86,77
14,2017-05-15,优,38,45,14,30,11,30,0.88,60
15,2017-05-16,良,52,110,17,40,10,31,0.86,74
16,2017-05-17,良,66,124,18,51,13,30,0.9,109
17,2017-05-18,轻度污染,111,305,34,115,14,23,1.07,180
18,2017-05-19,轻度污染,123,329,38,88,13,26,1.05,169
19,2017-05-20,良,84,258,27,77,16,40,0.87,105
20,2017-05-20,良,84,258,27,77,16,40,0.87,105
21,2017-05-21,良,55,150,12,40,9,12,0.69,98
22,2017-05-22,优,36,57,10,22,8,21,0.75,62
23,2017-05-23,优,49,168,13,35,9,24,0.72,99
24,2017-05-24,优,46,115,12,36,10,26,0.71,81
25,2017-05-25,优,45,78,9,26,10,20,0.7,79
26,2017-05-26,良,57,108,19,55,13,44,0.89,60
27,2017-05-27,良,69,121,23,72,11,50,1.01,71
28,2017-05-28,良,72,104,23,80,11,42,0.93,95
29,2017-05-29,良,67,106,23,82,11,32,0.83,58
30,2017-05-30,优,50,60,17,47,10,26,0.88,75
31,2017-05-31,良,62,122,31,67,10,57,1.08,51
0,2017-04-01,轻度污染,136,355,102,154,26,62,1.53,67
1,2017-04-02,轻度污染,134,358,97,163,24,58,1.49,77
2,2017-04-03,中度污染,158,359,119,206,29,67,1.9,77
3,2017-04-04,轻度污染,124,344,73,180,22,31,1.41,135
4,2017-04-05,轻度污染,124,332,87,139,24,36,1.46,133
5,2017-04-06,轻度污染,123,317,92,108,21,41,1.32,60
6,2017-04-07,中度污染,191,356,146,170,21,53,1.56,68
7,2017-04-08,良,63,183,37,63,15,28,1.0,71
8,2017-04-09,良,69,313,37,83,20,40,1.02,63
9,2017-04-10,良,88,336,52,117,20,35,1.08,96
10,2017-04-11,良,71,257,21,91,10,19,0.77,82
11,2017-04-12,良,64,173,17,76,10,24,0.77,69
12,2017-04-13,良,91,306,36,130,14,35,0.92,74
13,2017-04-14,良,93,318,60,105,19,31,1.25,114
14,2017-04-15,良,99,292,54,124,16,28,1.16,102
15,2017-04-16,良,90,261,44,112,17,41,0.95,83
16,2017-04-17,轻度污染,121,309,85,128,18,42,1.27,81
17,2017-04-18,良,62,134,26,73,11,34,0.97,62
18,2017-04-19,优,43,38,17,37,10,25,0.84,77
19,2017-04-20,良,57,134,32,59,12,38,0.98,62
20,2017-04-21,良,69,230,40,83,14,54,1.17,55
21,2017-04-22,良,71,222,32,91,13,40,1.01,69
22,2017-04-23,优,46,35,12,33,10,17,0.78,82
23,2017-04-23,优,46,35,12,33,10,17,0.78,82
24,2017-04-24,优,44,53,16,36,10,25,0.89,73
25,2017-04-25,优,46,85,14,44,10,30,0.85,55
26,2017-04-26,优,44,94,13,41,10,30,0.83,60
27,2017-04-27,良,57,159,23,61,12,43,0.89,60
28,2017-04-28,良,71,206,31,83,13,51,1.0,67
29,2017-04-29,中度污染,160,363,37,236,12,31,0.81,85
30,2017-04-30,良,55,35,19,55,9,26,0.76,78
0,2017-03-01,优,37,11,16,32,23,24,1.04,58
1,2017-03-02,良,51,46,26,53,40,39,1.19,49
2,2017-03-03,良,60,53,41,64,39,46,1.35,53
3,2017-03-04,优,44,21,26,43,28,26,1.12,70
4,2017-03-05,良,65,150,46,63,42,41,1.34,52
5,2017-03-06,良,61,178,43,61,31,45,1.39,45
6,2017-03-07,优,40,39,21,39,27,26,1.1,56
7,2017-03-08,优,50,90,27,51,34,33,1.19,52
8,2017-03-09,良,65,131,41,75,38,46,1.4,44
9,2017-03-10,良,85,233,62,97,40,55,1.58,48
10,2017-03-11,轻度污染,105,268,75,117,44,53,1.67,76
11,2017-03-12,良,69,218,33,81,23,27,1.13,51
12,2017-03-13,优,46,111,29,45,26,36,1.19,57
13,2017-03-14,良,66,249,44,75,28,50,1.36,46
14,2017-03-15,良,72,232,49,88,28,48,1.44,59
15,2017-03-16,轻度污染,107,327,79,120,41,65,1.68,73
16,2017-03-17,重度污染,201,366,154,199,55,80,2.16,75
17,2017-03-18,中度污染,169,350,128,170,32,57,1.82,62
18,2017-03-19,良,69,185,41,79,23,40,1.26,69
19,2017-03-20,良,78,245,51,95,26,44,1.35,55
20,2017-03-21,良,83,257,60,94,30,44,1.32,53
21,2017-03-22,良,87,288,64,94,28,44,1.35,53
22,2017-03-23,良,78,270,55,94,30,51,1.42,50
23,2017-03-24,良,100,308,74,128,28,54,1.6,61
24,2017-03-25,良,92,297,67,105,34,54,1.44,73
25,2017-03-26,轻度污染,114,344,85,127,29,60,1.55,66
26,2017-03-27,轻度污染,115,337,86,129,30,58,1.56,63
27,2017-03-28,轻度污染,114,337,79,128,25,43,1.38,71
28,2017-03-29,良,86,211,46,114,20,27,1.11,85
29,2017-03-30,轻度污染,118,308,88,121,24,51,1.33,64
30,2017-03-31,中度污染,161,361,124,189,31,65,1.73,50
0,2017-02-01,优,47,77,27,46,42,17,1.04,66
1,2017-02-02,良,81,200,58,87,63,38,1.4,54
2,2017-02-03,中度污染,154,293,117,142,77,62,2.49,43
3,2017-02-04,中度污染,196,322,151,177,69,53,2.45,57
4,2017-02-05,轻度污染,136,274,104,125,39,34,1.69,63
5,2017-02-06,良,51,95,34,46,38,34,1.22,48
6,2017-02-07,良,97,312,72,93,52,52,1.77,30
7,2017-02-08,轻度污染,101,318,75,97,43,48,1.74,33
8,2017-02-09,良,58,163,40,52,31,34,1.26,44
9,2017-02-10,优,43,48,25,41,33,27,1.06,51
10,2017-02-11,良,66,113,45,74,48,31,1.21,47
11,2017-02-12,中度污染,167,326,128,158,70,55,1.66,46
12,2017-02-13,中度污染,177,330,134,158,58,67,1.99,41
13,2017-02-14,轻度污染,144,274,108,130,44,54,1.86,60
14,2017-02-15,良,100,161,74,93,60,37,1.56,87
15,2017-02-16,轻度污染,101,197,37,135,30,20,1.08,81
16,2017-02-17,良,58,105,18,67,30,21,1.01,67
17,2017-02-18,优,46,33,25,45,32,29,1.12,57
18,2017-02-19,良,60,59,37,66,30,28,1.27,67
19,2017-02-20,良,52,64,33,46,34,35,1.21,62
20,2017-02-21,良,66,221,47,66,57,45,1.37,53
21,2017-02-22,优,48,85,33,42,42,32,1.23,64
22,2017-02-23,良,53,150,37,46,42,42,1.21,62
23,2017-02-24,良,52,118,36,48,49,40,1.19,65
24,2017-02-25,优,50,95,34,46,47,40,1.22,57
25,2017-02-26,良,79,212,57,70,44,59,1.53,46
26,2017-02-27,良,64,104,45,58,49,40,1.41,70
27,2017-02-28,良,55,44,36,49,33,31,1.21,71
0,2017-01-01,重度污染,213,284,164,190,70,51,2.43,30
1,2017-01-02,轻度污染,102,117,75,93,59,47,1.77,34
2,2017-01-03,良,80,79,58,76,53,46,1.7,36
3,2017-01-04,轻度污染,103,122,74,103,72,67,1.81,22
4,2017-01-05,中度污染,157,267,119,128,63,74,2.06,25
5,2017-01-06,中度污染,153,293,116,135,85,73,2.22,30
6,2017-01-07,严重污染,276,351,225,249,91,94,2.98,25
7,2017-01-08,严重污染,333,363,284,302,100,103,3.19,26
8,2017-01-09,良,75,180,51,69,43,37,1.37,49
9,2017-01-10,良,53,122,22,58,36,25,1.12,53
10,2017-01-11,优,49,87,30,49,51,36,1.21,44
11,2017-01-12,优,45,77,29,43,47,33,1.17,44
12,2017-01-13,良,52,117,25,55,38,26,1.04,45
13,2017-01-14,优,37,42,23,35,36,26,0.96,45
14,2017-01-15,良,76,207,56,76,53,40,1.36,32
15,2017-01-16,中度污染,177,336,134,166,79,69,2.28,21
16,2017-01-17,重度污染,209,333,162,190,73,78,2.43,28
17,2017-01-18,中度污染,194,315,155,181,62,59,2.1,24
18,2017-01-19,轻度污染,119,238,89,112,54,53,1.59,28
19,2017-01-20,良,95,284,70,89,50,44,1.35,32
20,2017-01-21,良,87,237,64,79,55,41,1.39,39
21,2017-01-22,轻度污染,125,299,93,112,58,45,1.52,35
22,2017-01-23,轻度污染,146,308,108,150,68,53,1.74,32
23,2017-01-24,轻度污染,145,280,109,137,77,60,1.91,32
24,2017-01-25,轻度污染,115,202,86,106,85,49,1.79,51
25,2017-01-26,轻度污染,101,160,64,108,56,26,1.39,66
26,2017-01-27,良,54,57,27,59,41,18,1.0,65
27,2017-01-28,良,99,123,73,95,68,31,1.44,56
28,2017-01-29,良,92,208,68,81,44,27,1.34,62
29,2017-01-30,良,75,244,54,68,61,29,1.3,53
30,2017-01-31,良,68,190,43,69,63,26,1.28,63
0,2016-12-01,优,39,24,21,36,36,26,1.03,42
1,2016-12-02,良,72,121,44,74,62,48,1.5,24
2,2016-12-03,轻度污染,141,265,106,122,55,42,1.76,52
3,2016-12-04,良,84,121,61,73,34,29,1.32,52
4,2016-12-05,优,50,47,34,47,48,39,1.18,29
5,2016-12-06,良,54,48,33,53,49,36,1.13,25
6,2016-12-07,轻度污染,123,226,92,110,69,51,1.52,22
7,2016-12-08,轻度污染,114,184,85,107,65,52,1.6,17
8,2016-12-09,轻度污染,131,267,99,117,57,50,1.6,22
9,2016-12-10,良,84,158,61,77,54,51,1.44,22
10,2016-12-11,良,96,192,71,89,56,46,1.62,25
11,2016-12-12,轻度污染,115,242,85,94,43,47,1.75,23
12,2016-12-13,良,91,227,67,86,40,43,1.47,20
13,2016-12-14,轻度污染,101,300,75,90,51,48,1.53,20
14,2016-12-15,轻度污染,104,261,77,96,53,47,1.47,22
15,2016-12-16,良,81,148,59,81,78,55,1.49,22
16,2016-12-17,轻度污染,140,268,106,124,67,62,2.16,19
17,2016-12-18,中度污染,198,296,151,171,61,67,2.41,28
18,2016-12-19,重度污染,208,273,159,177,49,57,2.4,26
19,2016-12-20,中度污染,165,236,125,144,49,38,1.79,36
20,2016-12-21,轻度污染,133,252,100,120,51,43,1.71,21
21,2016-12-22,良,88,210,57,86,53,38,1.38,29
22,2016-12-23,良,82,189,49,82,52,43,1.32,37
23,2016-12-24,轻度污染,133,319,100,111,75,61,1.78,26
24,2016-12-25,轻度污染,109,299,82,85,74,48,1.63,35
25,2016-12-26,良,75,284,55,62,47,42,1.36,32
26,2016-12-27,中度污染,161,353,122,137,66,63,1.91,22
27,2016-12-28,良,99,269,50,118,58,36,1.29,39
28,2016-12-29,良,80,184,52,82,62,46,1.39,28
29,2016-12-30,良,95,170,70,87,76,55,1.92,29
30,2016-12-31,中度污染,163,256,123,148,77,58,2.33,26
0,2016-11-01,良,58,220,32,65,39,37,1.04,28
1,2016-11-02,良,68,207,39,74,40,41,1.23,31
2,2016-11-03,良,98,267,73,99,36,45,1.19,35
3,2016-11-04,严重污染,265,357,223,240,53,82,1.99,19
4,2016-11-05,严重污染,285,361,248,215,25,53,1.68,45
5,2016-11-06,中度污染,172,335,136,158,34,44,1.4,45
6,2016-11-07,中度污染,160,350,121,139,24,38,1.4,52
7,2016-11-08,良,80,281,58,62,29,37,1.2,45
8,2016-11-09,良,73,257,53,74,40,46,1.39,22
9,2016-11-10,良,59,189,41,51,26,26,1.2,48
10,2016-11-11,良,63,169,45,52,23,28,1.24,38
11,2016-11-12,良,65,117,47,57,30,45,1.37,26
12,2016-11-13,良,79,150,57,73,39,42,1.48,29
13,2016-11-14,良,65,102,40,76,23,20,1.18,54
14,2016-11-15,良,72,150,51,76,35,44,1.37,27
15,2016-11-16,轻度污染,145,319,109,128,41,52,1.55,23
16,2016-11-17,中度污染,182,331,138,168,43,52,1.72,33
17,2016-11-18,轻度污染,131,280,98,113,31,41,1.46,27
18,2016-11-19,良,67,121,48,53,30,35,1.11,38
19,2016-11-20,优,44,65,31,34,36,27,1.03,42
20,2016-11-21,优,42,93,29,35,39,30,1.05,42
21,2016-11-22,优,48,253,33,41,38,32,1.09,38
22,2016-11-23,良,53,223,36,50,48,38,1.15,31
23,2016-11-24,良,60,174,41,60,56,42,1.3,29
24,2016-11-25,良,76,184,53,77,61,45,1.51,24
25,2016-11-26,良,94,209,67,98,56,39,1.56,27
26,2016-11-27,良,82,157,60,80,44,39,1.31,37
27,2016-11-28,良,63,95,42,64,47,42,1.27,27
28,2016-11-29,良,63,112,44,59,46,43,1.35,28
29,2016-11-30,优,50,44,34,45,39,28,1.26,38
0,2016-10-01,良,79,281,43,86,12,35,0.98,104
1,2016-10-02,良,81,286,56,83,11,39,1.01,90
2,2016-10-03,良,54,176,37,48,7,28,0.81,46
3,2016-10-04,优,38,40,21,36,6,35,0.72,19
4,2016-10-05,优,37,41,23,35,7,25,0.71,35
5,2016-10-06,良,54,145,29,64,7,34,0.89,26
6,2016-10-07,良,62,242,42,68,9,41,0.99,16
7,2016-10-08,优,24,17,15,20,6,26,0.71,28
8,2016-10-09,优,32,48,15,33,7,26,0.68,29
9,2016-10-10,优,48,141,30,53,9,34,0.81,33
10,2016-10-11,优,37,67,18,37,7,32,0.7,33
11,2016-10-12,良,51,143,25,58,9,38,0.83,29
12,2016-10-13,轻度污染,106,316,78,115,11,52,1.44,17
13,2016-10-14,轻度污染,149,359,113,140,11,50,1.56,37
14,2016-10-15,轻度污染,115,348,82,124,14,41,1.36,79
15,2016-10-16,良,97,330,71,84,11,28,1.13,88
16,2016-10-17,优,42,62,21,42,7,26,0.86,40
17,2016-10-18,良,74,220,49,87,12,49,1.08,33
18,2016-10-19,轻度污染,107,290,80,105,14,49,1.24,23
19,2016-10-20,优,46,129,24,49,13,32,0.76,36
20,2016-10-21,良,82,320,57,90,19,49,1.03,25
21,2016-10-22,良,58,281,37,52,12,32,0.93,38
22,2016-10-23,良,73,343,47,92,19,50,1.22,25
23,2016-10-24,良,96,346,70,110,28,61,1.33,20
24,2016-10-25,轻度污染,116,348,86,120,37,59,1.31,28
25,2016-10-26,良,54,192,36,57,21,31,0.9,40
26,2016-10-27,轻度污染,126,360,94,133,38,58,1.19,33
27,2016-10-28,轻度污染,106,360,78,103,26,42,1.07,33
28,2016-10-29,良,89,355,65,93,28,41,1.11,30
29,2016-10-30,中度污染,160,360,125,143,32,55,1.48,17
30,2016-10-31,优,43,142,25,44,29,25,0.89,33
0,2016-09-01,优,18,9,9,17,5,20,0.62,14
1,2016-09-02,优,28,20,13,24,5,20,0.59,61
2,2016-09-03,优,42,55,23,41,5,34,0.73,62
3,2016-09-04,优,27,12,13,23,5,29,0.65,48
4,2016-09-05,优,42,66,20,35,5,31,0.75,59
5,2016-09-06,优,44,103,24,39,4,33,0.73,57
6,2016-09-07,优,49,137,29,51,6,38,0.77,45
7,2016-09-08,优,31,30,15,25,5,31,0.58,56
8,2016-09-09,优,26,20,15,23,4,38,0.66,37
9,2016-09-10,优,36,80,19,32,5,36,0.74,44
10,2016-09-11,优,40,93,24,37,5,36,0.67,42
11,2016-09-12,良,56,174,35,59,6,41,0.87,24
12,2016-09-13,良,51,112,26,56,6,37,0.73,32
13,2016-09-14,良,58,159,31,67,7,44,0.73,45
14,2016-09-15,优,46,139,24,38,5,24,0.67,75
15,2016-09-16,优,31,72,8,17,4,22,0.45,53
16,2016-09-17,优,34,75,16,33,5,30,0.51,25
17,2016-09-18,优,36,75,15,37,7,32,0.5,20
18,2016-09-19,良,66,298,30,85,7,45,0.84,28
19,2016-09-20,良,78,324,41,106,9,44,0.93,29
20,2016-09-21,良,61,159,33,72,9,47,0.75,46
21,2016-09-22,良,55,103,27,59,8,37,0.62,60
22,2016-09-23,良,58,127,37,56,7,30,0.69,71
23,2016-09-24,良,56,93,33,50,6,25,0.67,89
24,2016-09-25,良,61,154,40,64,5,31,0.87,47
25,2016-09-26,良,91,298,66,101,6,43,1.14,41
26,2016-09-27,优,45,109,29,41,6,23,0.68,39
27,2016-09-28,优,40,138,19,45,7,31,0.66,24
28,2016-09-29,良,56,248,26,68,8,40,0.79,30
29,2016-09-30,良,62,235,34,72,13,55,0.88,47
0,2016-08-01,优,48,160,22,39,5,31,0.64,75
1,2016-08-02,良,71,320,43,65,5,42,0.82,62
2,2016-08-03,良,66,295,26,60,4,41,0.75,73
3,2016-08-04,良,70,302,36,66,3,31,0.81,97
4,2016-08-05,良,76,317,49,79,4,29,0.95,94
5,2016-08-06,良,71,304,38,68,3,26,0.79,90
6,2016-08-07,优,34,68,13,24,4,20,0.49,60
7,2016-08-08,优,50,230,16,41,7,33,0.54,62
8,2016-08-09,优,46,158,15,39,7,30,0.53,63
9,2016-08-10,良,58,254,35,61,5,22,0.82,95
10,2016-08-11,良,63,286,42,65,4,17,0.72,100
11,2016-08-12,良,77,339,56,83,4,27,0.92,80
12,2016-08-13,良,64,285,34,62,4,28,0.71,82
13,2016-08-14,优,41,123,13,35,5,28,0.49,56
14,2016-08-15,优,42,131,13,39,7,33,0.51,50
15,2016-08-16,优,47,144,15,45,7,32,0.47,53
16,2016-08-17,优,47,115,18,38,7,38,0.55,68
17,2016-08-18,良,51,160,26,56,6,50,0.76,32
18,2016-08-19,优,47,172,15,31,5,26,0.52,82
19,2016-08-20,良,54,204,23,50,6,37,0.58,63
20,2016-08-21,良,56,178,21,50,7,40,0.58,63
21,2016-08-22,良,51,121,15,41,6,35,0.52,71
22,2016-08-23,良,63,208,26,67,7,42,0.64,63
23,2016-08-24,良,59,147,31,64,9,36,0.97,77
24,2016-08-25,优,34,25,12,27,5,25,0.5,50
25,2016-08-26,优,41,129,14,39,7,40,0.58,33
26,2016-08-27,良,52,188,17,50,6,41,0.65,49
27,2016-08-28,良,56,183,23,61,8,41,0.6,48
28,2016-08-29,优,41,42,13,40,6,28,0.47,50
29,2016-08-30,优,24,16,8,23,4,20,0.45,23
30,2016-08-31,优,12,4,5,11,4,15,0.49,11
0,2016-07-01,优,37,153,10,19,3,23,0.46,66
1,2016-07-02,良,51,201,22,44,6,42,0.58,58
2,2016-07-03,良,56,210,18,39,6,36,0.49,92
3,2016-07-04,良,60,229,21,47,5,39,0.52,87
4,2016-07-05,优,46,177,16,40,5,26,0.45,68
5,2016-07-06,优,49,195,13,32,4,26,0.48,87
6,2016-07-07,良,74,292,33,59,6,31,0.68,122
7,2016-07-08,良,74,316,33,57,6,28,0.66,125
8,2016-07-09,良,69,294,47,75,5,32,0.68,98
9,2016-07-10,良,79,314,52,90,3,34,0.77,93
10,2016-07-11,良,87,329,51,86,4,24,0.81,131
11,2016-07-12,良,56,232,31,53,5,26,0.58,89
12,2016-07-13,优,38,97,12,24,3,21,0.45,77
13,2016-07-14,优,36,95,12,26,4,20,0.38,67
14,2016-07-15,优,48,211,18,40,10,32,0.48,64
15,2016-07-16,优,44,128,21,45,6,35,0.64,29
16,2016-07-17,优,47,139,23,43,7,29,0.6,48
17,2016-07-18,良,57,202,24,52,6,39,0.6,67
18,2016-07-19,良,77,322,35,61,5,28,0.8,120
19,2016-07-20,良,63,292,35,68,4,35,0.8,87
20,2016-07-21,优,50,213,26,52,4,35,0.72,51
21,2016-07-22,优,32,48,9,16,3,13,0.56,57
22,2016-07-23,优,39,82,25,34,3,17,0.73,62
23,2016-07-24,优,47,114,28,41,3,24,0.71,67
24,2016-07-25,优,42,79,17,38,4,38,0.66,45
25,2016-07-26,优,47,109,12,22,4,21,0.5,86
26,2016-07-27,优,44,94,20,38,4,37,0.69,58
27,2016-07-28,良,54,132,29,53,4,36,0.85,67
28,2016-07-29,良,54,135,20,30,3,29,0.72,92
29,2016-07-30,良,61,189,33,52,4,35,0.76,74
30,2016-07-31,良,61,230,39,69,4,43,0.86,50
0,2016-06-01,良,65,254,32,69,8,52,0.76,62
1,2016-06-02,良,63,219,31,66,7,59,0.77,61
2,2016-06-03,良,84,305,28,61,11,46,0.7,130
3,2016-06-04,良,90,322,38,68,10,45,0.62,126
4,2016-06-05,轻度污染,106,356,54,92,15,53,0.79,137
5,2016-06-06,良,77,263,27,56,10,43,0.55,115
6,2016-06-07,良,53,122,17,42,5,36,0.44,84
7,2016-06-08,良,53,121,19,53,5,46,0.44,59
8,2016-06-09,良,70,221,31,69,8,56,0.68,75
9,2016-06-10,良,60,187,39,61,7,45,0.68,87
10,2016-06-11,优,41,110,17,29,5,26,0.54,70
11,2016-06-12,优,42,121,15,29,6,38,0.48,65
12,2016-06-13,优,43,92,14,26,5,37,0.48,76
13,2016-06-14,良,60,193,24,50,7,49,0.61,74
14,2016-06-15,优,49,147,27,48,6,53,0.65,58
15,2016-06-16,良,67,219,34,68,7,57,0.78,64
16,2016-06-17,良,61,167,38,66,7,50,0.79,67
17,2016-06-18,良,91,305,50,76,8,30,0.79,110
18,2016-06-19,良,58,208,15,25,4,28,0.58,97
19,2016-06-20,良,61,225,21,37,5,30,0.6,94
20,2016-06-21,良,78,313,50,73,6,29,0.74,117
21,2016-06-22,良,61,251,41,62,4,32,0.7,84
22,2016-06-23,优,48,166,8,18,4,22,0.41,86
23,2016-06-24,优,27,28,9,21,4,28,0.41,39
24,2016-06-25,优,33,54,15,27,5,35,0.54,40
25,2016-06-26,优,45,130,15,33,5,40,0.49,64
26,2016-06-27,良,58,204,18,45,5,37,0.49,92
27,2016-06-28,良,93,332,50,81,7,38,0.74,105
28,2016-06-29,良,64,256,26,43,4,23,0.53,106
29,2016-06-30,良,53,205,30,41,3,25,0.65,86
0,2016-05-01,良,92,254,68,108,12,34,0.97,106
1,2016-05-02,良,70,209,42,77,8,33,0.69,71
2,2016-05-03,优,42,43,11,22,4,17,0.5,87
3,2016-05-04,良,57,98,9,35,5,23,0.46,94
4,2016-05-05,良,68,196,22,59,9,36,0.63,97
5,2016-05-06,良,88,224,27,117,5,21,0.49,85
6,2016-05-07,优,49,112,18,45,5,24,0.45,84
7,2016-05-08,良,61,198,20,72,8,31,0.52,99
8,2016-05-09,良,77,291,28,93,12,32,0.61,117
9,2016-05-10,良,78,252,35,91,9,48,0.67,83
10,2016-05-11,良,95,241,38,114,10,41,0.74,123
11,2016-05-12,良,67,116,28,54,6,24,0.61,101
12,2016-05-13,优,50,84,23,49,7,25,0.53,86
13,2016-05-14,良,53,120,20,52,10,29,0.61,89
14,2016-05-15,优,47,137,24,40,5,30,0.63,80
15,2016-05-16,良,60,150,36,68,7,50,0.76,52
16,2016-05-17,良,87,293,31,75,13,41,0.75,122
17,2016-05-18,轻度污染,123,350,33,85,15,26,0.64,184
18,2016-05-19,轻度污染,111,314,32,71,11,28,0.58,164
19,2016-05-20,良,90,290,30,68,12,34,0.59,145
20,2016-05-21,良,75,276,28,66,11,36,0.51,119
21,2016-05-22,良,55,197,19,58,7,32,0.43,72
22,2016-05-23,良,66,233,32,78,11,43,0.56,84
23,2016-05-24,良,67,195,21,33,5,29,0.59,107
24,2016-05-25,优,48,87,22,40,6,36,0.61,85
25,2016-05-26,良,54,150,20,56,8,30,0.54,83
26,2016-05-27,良,76,283,24,89,9,31,0.5,112
27,2016-05-28,轻度污染,102,343,30,76,15,32,0.71,159
28,2016-05-29,良,57,164,19,50,6,27,0.39,81
29,2016-05-30,良,53,108,17,56,7,32,0.4,63
30,2016-05-31,优,43,73,15,38,5,29,0.46,68
0,2016-04-01,轻度污染,124,319,56,195,17,24,0.69,119
1,2016-04-02,良,76,174,20,101,14,23,0.48,69
2,2016-04-03,良,62,227,23,73,19,27,0.56,65
3,2016-04-04,良,71,248,43,87,21,38,0.76,77
4,2016-04-05,良,60,157,29,67,18,34,0.63,69
5,2016-04-06,良,80,267,47,102,22,32,0.74,106
6,2016-04-07,轻度污染,132,337,33,195,16,21,0.49,88
7,2016-04-08,轻度污染,133,327,32,197,14,25,0.44,67
8,2016-04-09,良,62,170,21,73,13,26,0.48,63
9,2016-04-10,良,63,172,36,75,15,39,0.68,54
10,2016-04-11,良,71,195,43,84,16,44,0.78,66
11,2016-04-12,良,72,209,51,76,10,39,0.84,65
12,2016-04-13,良,65,139,45,69,11,33,0.83,71
13,2016-04-14,良,72,155,52,74,9,38,0.72,83
14,2016-04-15,良,66,156,43,73,12,37,0.75,77
15,2016-04-16,良,88,326,56,121,11,37,0.8,77
16,2016-04-17,优,46,86,24,51,6,28,0.66,59
17,2016-04-18,良,51,128,22,43,8,30,0.55,85
18,2016-04-19,良,58,136,28,62,11,28,0.58,85
19,2016-04-20,良,62,230,27,60,10,25,0.6,108
20,2016-04-21,良,82,250,31,106,9,26,0.59,112
21,2016-04-22,轻度污染,133,319,29,211,6,21,0.4,68
22,2016-04-23,良,61,193,18,72,6,27,0.5,68
23,2016-04-24,良,83,261,30,113,12,39,0.67,74
24,2016-04-25,良,69,202,28,84,9,28,0.58,84
25,2016-04-26,良,51,115,21,52,9,34,0.56,70
26,2016-04-27,良,78,266,40,96,10,51,0.73,74
27,2016-04-28,良,54,78,18,49,8,30,0.49,82
28,2016-04-29,良,65,109,25,72,12,47,0.57,75
29,2016-04-30,优,50,33,28,45,6,30,0.58,82
0,2016-03-01,良,60,80,34,71,37,32,0.68,59
1,2016-03-02,轻度污染,107,227,78,117,56,50,1.18,40
2,2016-03-03,良,76,112,55,78,39,45,0.91,42
3,2016-03-04,良,93,166,69,101,47,47,1.06,50
4,2016-03-05,重度污染,214,322,86,271,29,38,0.93,44
5,2016-03-06,良,83,128,33,114,35,30,0.64,52
6,2016-03-07,良,52,56,29,52,34,35,0.66,50
7,2016-03-08,良,57,177,19,65,25,18,0.48,64
8,2016-03-09,优,50,228,20,53,34,23,0.51,54
9,2016-03-10,优,45,155,20,45,29,23,0.48,55
10,2016-03-11,优,45,72,22,44,34,29,0.52,52
11,2016-03-12,良,71,145,41,89,41,34,0.76,70
12,2016-03-13,良,54,103,20,58,24,25,0.47,71
13,2016-03-14,良,60,88,38,66,37,33,0.63,69
14,2016-03-15,轻度污染,106,227,74,135,44,42,1.11,92
15,2016-03-16,轻度污染,139,285,100,183,42,44,1.12,108
16,2016-03-17,轻度污染,105,207,74,126,36,32,0.75,128
17,2016-03-18,良,86,151,52,105,22,29,0.69,95
18,2016-03-19,良,70,111,42,73,29,39,0.68,66
19,2016-03-20,轻度污染,147,334,110,156,39,65,1.23,67
20,2016-03-21,轻度污染,124,318,92,136,34,48,0.91,87
21,2016-03-22,良,60,136,36,65,23,30,0.6,62
22,2016-03-23,良,71,267,44,83,23,29,0.61,69
23,2016-03-24,良,85,325,61,90,28,40,0.77,61
24,2016-03-25,轻度污染,141,358,106,146,35,61,1.18,59
25,2016-03-26,轻度污染,133,356,100,142,36,56,0.98,82
26,2016-03-27,轻度污染,138,362,104,143,31,49,0.9,89
27,2016-03-28,严重污染,263,366,79,353,30,34,0.85,95
28,2016-03-29,良,89,231,33,125,16,23,0.55,73
29,2016-03-30,良,74,152,43,90,22,34,0.69,64
30,2016-03-31,中度污染,187,355,78,315,29,37,0.94,116
0,2016-02-01,良,87,217,63,90,62,44,1.05,39
1,2016-02-02,轻度污染,112,241,84,120,76,55,1.24,39
2,2016-02-03,轻度污染,102,196,70,117,72,45,1.05,50
3,2016-02-04,良,68,139,29,85,56,28,0.56,60
4,2016-02-05,良,78,185,48,97,65,40,0.82,46
5,2016-02-06,良,99,304,72,100,54,38,1.06,48
6,2016-02-07,良,82,181,59,87,79,34,0.93,55
7,2016-02-08,轻度污染,138,162,103,138,53,28,1.04,63
8,2016-02-09,轻度污染,127,289,95,121,51,36,1.1,53
9,2016-02-10,良,65,134,41,72,57,30,0.89,61
10,2016-02-11,良,51,87,30,53,49,21,0.72,82
11,2016-02-12,良,72,163,48,64,35,28,0.93,61
12,2016-02-13,优,42,113,25,41,25,19,0.66,60
13,2016-02-14,优,43,215,19,44,31,19,0.61,60
14,2016-02-15,优,49,248,25,49,46,23,0.62,61
15,2016-02-16,良,51,191,26,51,45,27,0.67,51
16,2016-02-17,良,57,157,26,62,47,27,0.65,53
17,2016-02-18,良,57,80,35,61,44,32,0.84,53
18,2016-02-19,优,47,41,16,51,32,19,0.46,68
19,2016-02-20,良,52,82,18,56,37,19,0.5,60
20,2016-02-21,优,48,39,22,49,39,22,0.56,56
21,2016-02-22,良,65,117,45,70,49,32,0.81,50
22,2016-02-23,良,70,177,48,69,44,35,0.78,46
23,2016-02-24,良,58,134,37,62,52,37,0.82,46
24,2016-02-25,良,62,138,41,66,46,43,0.82,42
25,2016-02-26,良,51,92,32,53,39,33,0.63,54
26,2016-02-27,良,64,146,44,65,45,42,0.78,50
27,2016-02-28,良,74,180,52,78,44,40,0.83,54
28,2016-02-29,良,56,108,35,58,40,32,0.65,62
0,2016-01-01,轻度污染,147,251,111,147,76,54,1.55,39
1,2016-01-02,良,95,115,70,93,64,43,0.92,42
2,2016-01-03,轻度污染,142,209,107,140,82,58,1.41,30
3,2016-01-04,良,61,84,36,65,44,29,0.7,43
4,2016-01-05,良,56,128,32,60,50,29,0.66,41
5,2016-01-06,良,78,211,56,82,62,40,0.87,36
6,2016-01-07,良,76,190,53,78,58,40,0.86,32
7,2016-01-08,良,76,174,52,88,61,42,0.82,33
8,2016-01-09,良,76,149,53,79,61,41,0.75,40
9,2016-01-10,轻度污染,104,212,77,105,60,48,1.08,33
10,2016-01-11,良,90,260,65,96,68,45,1.02,35
11,2016-01-12,良,66,207,43,77,61,36,0.74,42
12,2016-01-13,良,62,148,40,62,56,37,0.74,45
13,2016-01-14,良,79,168,56,83,62,46,0.97,36
14,2016-01-15,轻度污染,142,293,108,146,91,63,1.41,33
15,2016-01-16,重度污染,212,334,171,214,91,68,1.57,36
16,2016-01-17,中度污染,158,313,121,159,107,63,1.35,33
17,2016-01-18,良,83,202,59,89,70,42,0.84,40
18,2016-01-19,良,95,197,70,95,75,40,0.91,37
19,2016-01-20,轻度污染,110,293,82,111,81,53,1.14,31
20,2016-01-21,中度污染,160,337,121,152,80,60,1.56,35
21,2016-01-22,轻度污染,143,334,108,145,93,55,1.39,35
22,2016-01-23,良,98,338,73,101,73,44,1.0,35
23,2016-01-24,良,86,345,53,113,65,36,0.88,39
24,2016-01-25,轻度污染,102,335,58,152,75,47,1.03,37
25,2016-01-26,良,60,114,35,68,58,32,0.69,49
26,2016-01-27,良,71,142,44,83,67,40,0.82,43
27,2016-01-28,良,96,217,70,107,65,48,1.19,35
28,2016-01-29,良,94,239,69,97,81,47,1.04,36
29,2016-01-30,良,97,262,71,99,69,44,1.0,36
30,2016-01-31,良,80,237,58,84,67,40,0.9,39
0,2015-12-01,良,86,189,63,77,55,39,0.96,43
1,2015-12-02,良,86,231,62,73,45,35,0.95,40
2,2015-12-03,良,81,281,54,81,51,35,0.76,35
3,2015-12-04,优,48,114,25,50,63,28,0.55,42
4,2015-12-05,良,53,142,35,47,60,36,0.7,34
5,2015-12-06,良,82,220,59,75,72,52,0.93,33
6,2015-12-07,中度污染,181,312,139,170,101,85,1.84,24
7,2015-12-08,轻度污染,136,272,102,120,83,59,1.43,44
8,2015-12-09,轻度污染,123,268,92,119,62,49,1.21,35
9,2015-12-10,良,90,198,66,79,36,39,1.08,44
10,2015-12-11,轻度污染,110,238,81,97,72,48,1.01,36
11,2015-12-12,中度污染,195,344,151,177,88,69,1.75,24
12,2015-12-13,严重污染,280,359,229,268,90,89,2.28,25
13,2015-12-14,严重污染,260,349,209,249,87,74,2.06,21
14,2015-12-15,良,81,229,57,79,60,40,0.82,35
15,2015-12-16,优,48,137,33,46,47,32,0.65,36
16,2015-12-17,良,67,249,47,65,56,39,0.8,24
17,2015-12-18,良,96,270,70,95,72,51,1.06,24
18,2015-12-19,良,70,141,50,66,62,42,0.8,33
19,2015-12-20,良,71,86,50,69,68,42,0.92,39
20,2015-12-21,中度污染,180,258,140,169,62,59,1.45,27
21,2015-12-22,重度污染,230,300,181,218,104,73,1.88,20
22,2015-12-23,中度污染,194,247,149,193,62,59,1.78,28
23,2015-12-24,中度污染,151,275,114,144,76,58,1.24,30
24,2015-12-25,良,82,172,60,81,78,46,0.95,22
25,2015-12-26,轻度污染,110,225,82,101,69,43,0.98,27
26,2015-12-27,良,80,195,57,80,64,36,0.89,27
27,2015-12-28,轻度污染,117,254,87,117,96,53,1.19,25
28,2015-12-29,轻度污染,139,250,105,138,108,68,1.7,24
29,2015-12-30,严重污染,310,361,261,326,125,96,2.98,25
30,2015-12-31,严重污染,261,353,217,268,99,81,2.31,33
0,2015-11-01,中度污染,151,350,116,157,55,65,1.16,51
1,2015-11-02,严重污染,317,362,358,410,57,109,2.93,52
2,2015-11-03,严重污染,292,358,304,374,50,77,2.51,68
3,2015-11-04,轻度污染,147,322,112,190,38,45,1.2,104
4,2015-11-05,轻度污染,136,318,102,143,24,44,0.97,50
5,2015-11-06,严重污染,308,363,332,361,44,89,1.72,59
6,2015-11-07,严重污染,348,362,301,368,40,82,1.61,53
7,2015-11-08,严重污染,425,360,469,529,38,88,2.06,36
8,2015-11-09,严重污染,341,357,433,456,23,71,1.66,52
9,2015-11-10,良,99,269,73,89,32,40,0.66,68
10,2015-11-11,轻度污染,101,254,75,91,28,42,0.73,62
11,2015-11-12,轻度污染,119,275,90,113,40,56,1.19,34
12,2015-11-13,良,80,237,58,78,35,42,1.03,42
13,2015-11-14,良,63,160,43,62,31,36,0.82,42
14,2015-11-15,良,63,155,42,67,30,30,0.75,35
15,2015-11-16,良,66,199,42,72,37,35,0.64,27
16,2015-11-17,良,85,309,62,86,29,32,0.67,24
17,2015-11-18,良,81,313,59,81,31,34,0.61,28
18,2015-11-19,良,71,267,50,67,26,28,0.58,31
19,2015-11-20,轻度污染,128,346,96,107,41,50,0.92,34
20,2015-11-21,轻度污染,146,359,110,144,67,65,1.31,25
21,2015-11-22,轻度污染,109,351,81,111,51,48,1.02,30
22,2015-11-23,良,61,279,41,62,35,27,0.6,36
23,2015-11-24,良,66,310,46,67,50,39,0.76,33
24,2015-11-25,良,71,282,51,74,56,37,0.73,39
25,2015-11-26,良,84,322,61,85,48,40,0.76,35
26,2015-11-27,良,81,265,59,85,61,45,0.84,27
27,2015-11-28,轻度污染,115,277,86,122,73,55,0.97,29
28,2015-11-29,轻度污染,112,242,84,115,71,55,1.14,27
29,2015-11-30,轻度污染,108,235,80,101,53,43,0.93,31
0,2015-10-01,优,37,56,16,33,5,21,0.48,49
1,2015-10-02,优,49,86,8,54,5,16,0.34,49
2,2015-10-03,优,39,48,10,41,6,23,0.42,41
3,2015-10-04,良,56,144,25,63,11,47,0.7,32
4,2015-10-05,良,93,283,64,110,15,35,0.97,109
5,2015-10-06,轻度污染,117,313,87,137,15,50,1.23,112
6,2015-10-07,良,92,307,67,106,11,32,0.92,119
7,2015-10-08,良,65,281,32,76,7,32,0.61,54
8,2015-10-09,良,64,244,39,79,8,39,0.63,33
9,2015-10-10,良,62,218,34,74,11,44,0.6,37
10,2015-10-11,优,41,104,25,43,5,31,0.49,19
11,2015-10-12,优,34,31,17,33,5,31,0.49,30
12,2015-10-13,良,52,69,28,60,8,44,0.66,33
13,2015-10-14,良,92,190,67,108,9,54,1.05,40
14,2015-10-15,中度污染,188,348,145,195,23,74,1.42,76
15,2015-10-16,中度污染,151,305,111,143,20,56,1.13,97
16,2015-10-17,轻度污染,139,306,103,136,17,42,1.03,88
17,2015-10-18,优,44,52,22,50,7,31,0.51,41
18,2015-10-19,轻度污染,147,342,115,159,17,59,0.96,43
19,2015-10-20,轻度污染,113,290,81,116,18,50,0.73,32
20,2015-10-21,重度污染,206,359,167,216,24,69,1.28,39
21,2015-10-22,中度污染,165,350,125,159,26,59,0.89,46
22,2015-10-23,轻度污染,128,310,95,126,29,55,0.97,55
23,2015-10-24,良,66,121,34,74,17,34,0.61,41
24,2015-10-25,严重污染,267,362,251,296,35,92,1.94,52
25,2015-10-26,严重污染,275,364,236,288,34,70,1.4,41
26,2015-10-27,良,76,297,16,96,26,20,0.44,44
27,2015-10-28,优,43,85,18,44,25,19,0.47,38
28,2015-10-29,良,97,329,69,89,35,32,0.68,40
29,2015-10-30,中度污染,173,365,139,166,50,48,1.11,37
30,2015-10-31,轻度污染,150,356,116,158,50,57,0.99,39
0,2015-09-01,良,58,205,34,64,8,40,0.84,44
1,2015-09-02,良,52,183,30,56,7,44,0.71,42
2,2015-09-03,优,36,77,16,31,5,28,0.51,38
3,2015-09-04,良,54,210,21,60,9,37,0.56,41
4,2015-09-05,优,45,155,16,44,10,32,0.4,50
5,2015-09-06,良,57,247,22,65,9,44,0.56,44
6,2015-09-07,良,60,228,23,64,7,42,0.68,54
7,2015-09-08,良,66,239,23,61,9,44,0.72,82
8,2015-09-09,良,58,211,33,61,10,42,0.72,69
9,2015-09-10,优,39,101,12,37,7,36,0.45,39
10,2015-09-11,优,47,164,12,48,7,39,0.47,33
11,2015-09-12,优,46,157,13,50,6,34,0.48,27
12,2015-09-13,良,57,190,22,67,9,39,0.7,36
13,2015-09-14,良,67,223,27,77,11,46,0.88,75
14,2015-09-15,良,75,264,33,85,14,47,0.95,88
15,2015-09-16,良,85,297,45,110,10,55,1.08,59
16,2015-09-17,良,84,280,45,112,9,62,1.09,55
17,2015-09-18,良,95,307,63,118,9,48,1.1,76
18,2015-09-19,良,62,198,44,56,3,26,0.75,56
19,2015-09-20,优,50,125,16,49,5,60,0.61,36
20,2015-09-21,良,66,194,37,84,12,61,0.98,65
21,2015-09-22,良,66,249,28,68,11,35,0.62,104
22,2015-09-23,优,31,41,16,28,5,22,0.49,28
23,2015-09-24,优,48,148,29,50,5,41,0.59,15
24,2015-09-25,良,52,178,29,56,6,39,0.75,20
25,2015-09-26,优,42,97,17,43,5,33,0.51,30
26,2015-09-27,优,45,92,18,49,7,38,0.65,24
27,2015-09-28,优,44,103,19,47,6,34,0.57,26
28,2015-09-29,良,55,196,26,65,7,42,0.7,30
29,2015-09-30,良,61,244,31,71,10,43,0.73,47
0,2015-08-01,良,57,215,17,47,7,30,0.59,71
1,2015-08-02,优,44,98,22,44,3,19,0.57,71
2,2015-08-03,良,68,302,39,64,4,20,0.69,106
3,2015-08-04,良,60,253,27,46,4,19,0.58,98
4,2015-08-05,良,56,180,19,47,8,30,0.64,94
5,2015-08-06,优,42,79,17,33,5,23,0.59,65
6,2015-08-07,优,32,30,16,26,4,17,0.6,58
7,2015-08-08,优,47,166,28,41,6,19,0.65,81
8,2015-08-09,优,45,173,16,27,5,20,0.52,82
9,2015-08-10,优,43,162,24,38,4,28,0.6,50
10,2015-08-11,优,46,167,17,45,6,36,0.6,43
11,2015-08-12,良,55,170,20,53,7,35,0.61,62
12,2015-08-13,良,66,190,27,68,7,44,0.75,71
13,2015-08-14,良,58,181,18,43,5,30,0.62,84
14,2015-08-15,良,57,197,32,54,6,30,0.75,91
15,2015-08-16,良,55,161,29,54,6,34,0.73,69
16,2015-08-17,轻度污染,101,291,73,103,8,33,1.08,117
17,2015-08-18,良,88,279,63,82,7,34,0.92,100
18,2015-08-19,良,80,327,55,66,6,28,0.82,100
19,2015-08-20,优,44,114,25,31,4,32,0.65,75
20,2015-08-21,优,41,51,27,39,6,44,0.72,51
21,2015-08-22,良,58,163,39,61,6,45,0.81,42
22,2015-08-23,良,53,129,31,51,7,33,0.71,45
23,2015-08-24,良,51,139,28,54,9,34,0.66,40
24,2015-08-25,优,40,65,13,39,10,24,0.48,37
25,2015-08-26,优,47,83,16,47,8,31,0.51,31
26,2015-08-27,优,28,12,13,23,4,26,0.49,43
27,2015-08-28,优,22,9,8,15,4,22,0.51,34
28,2015-08-29,优,28,27,13,25,4,23,0.52,35
29,2015-08-30,优,38,67,19,37,4,28,0.57,28
30,2015-08-31,良,51,149,28,56,6,41,0.91,37
0,2015-07-01,优,34,43,12,23,4,27,0.42,66
1,2015-07-02,优,35,48,19,32,6,37,0.47,44
2,2015-07-03,优,39,74,20,38,6,40,0.54,38
3,2015-07-04,良,54,170,24,52,8,46,0.68,52
4,2015-07-05,良,75,280,34,80,8,45,0.84,71
5,2015-07-06,良,88,316,41,86,9,49,0.71,99
6,2015-07-07,良,87,306,41,80,8,48,0.66,114
7,2015-07-08,良,93,298,47,108,9,60,0.74,85
8,2015-07-09,良,96,307,34,91,10,54,0.67,104
9,2015-07-10,良,96,324,32,80,10,41,0.68,125
10,2015-07-11,良,67,243,37,72,6,29,0.72,101
11,2015-07-12,轻度污染,102,308,67,110,8,29,0.73,114
12,2015-07-13,良,53,69,24,48,4,26,0.5,89
13,2015-07-14,优,44,47,12,31,5,24,0.45,78
14,2015-07-15,优,43,72,14,38,7,27,0.43,56
15,2015-07-16,良,52,123,10,35,8,28,0.38,77
16,2015-07-17,良,57,198,18,54,10,39,0.51,75
17,2015-07-18,良,86,317,27,76,10,46,0.6,96
18,2015-07-19,良,85,322,38,94,9,48,0.68,97
19,2015-07-20,良,90,322,48,110,8,48,0.77,89
20,2015-07-21,良,65,215,36,75,6,33,0.7,95
21,2015-07-22,良,88,315,63,97,4,37,0.88,89
22,2015-07-23,良,100,342,73,119,4,32,0.85,103
23,2015-07-24,良,91,332,67,89,3,26,0.81,94
24,2015-07-25,良,95,330,67,102,4,26,0.81,83
25,2015-07-26,良,81,270,53,79,4,24,0.78,98
26,2015-07-27,良,83,294,48,80,5,34,0.67,75
27,2015-07-28,轻度污染,120,357,85,133,5,31,0.84,105
28,2015-07-29,良,61,228,21,37,5,28,0.56,105
29,2015-07-30,良,51,180,19,43,6,29,0.56,78
30,2015-07-31,优,47,156,16,41,7,33,0.51,66
0,2015-06-01,良,86,226,44,104,7,26,0.51,99
1,2015-06-02,优,48,111,25,52,6,55,0.59,26
2,2015-06-03,优,38,56,14,32,5,38,0.49,53
3,2015-06-04,良,67,246,23,82,10,52,0.58,75
4,2015-06-05,良,55,143,18,40,6,27,0.43,96
5,2015-06-06,优,48,96,30,42,6,40,0.6,55
6,2015-06-07,优,43,94,18,28,4,23,0.52,80
7,2015-06-08,优,43,125,20,34,6,39,0.49,63
8,2015-06-09,优,46,111,20,41,9,49,0.55,56
9,2015-06-10,良,65,200,41,63,12,49,0.71,71
10,2015-06-11,良,56,164,27,43,5,29,0.61,94
11,2015-06-12,良,60,165,16,29,5,23,0.57,100
12,2015-06-13,良,57,180,22,43,6,38,0.61,76
13,2015-06-14,良,73,249,37,82,9,59,0.87,64
14,2015-06-15,良,78,242,33,77,8,66,0.78,78
15,2015-06-16,良,99,309,45,96,11,83,0.84,98
16,2015-06-17,轻度污染,109,314,58,127,13,86,1.13,84
17,2015-06-18,良,62,218,32,53,6,48,0.8,79
18,2015-06-19,良,61,200,35,63,8,49,0.78,67
19,2015-06-20,良,70,263,38,79,11,65,0.72,50
20,2015-06-21,良,75,238,27,65,7,49,0.59,95
21,2015-06-22,轻度污染,114,333,41,74,11,32,0.85,165
22,2015-06-23,良,80,268,34,63,9,35,0.62,122
23,2015-06-24,良,91,331,54,83,10,37,0.77,134
24,2015-06-25,良,92,342,66,100,10,44,0.91,77
25,2015-06-26,轻度污染,133,358,101,136,8,49,0.97,62
26,2015-06-27,轻度污染,131,354,92,144,7,49,1.0,93
27,2015-06-28,轻度污染,119,342,78,116,8,37,0.97,119
28,2015-06-29,优,48,168,17,31,5,27,0.5,74
29,2015-06-30,优,46,153,18,37,4,35,0.47,56
0,2015-05-01,良,92,273,47,127,9,29,0.68,108
1,2015-05-02,良,63,203,40,68,7,34,0.69,61
2,2015-05-03,良,79,251,34,95,4,22,0.6,77
3,2015-05-04,轻度污染,131,352,37,180,5,20,0.52,69
4,2015-05-05,严重污染,307,366,92,642,7,20,0.61,71
5,2015-05-06,中度污染,165,357,54,252,5,23,0.55,58
6,2015-05-07,中度污染,161,358,50,222,7,31,0.61,56
7,2015-05-08,优,38,37,24,30,5,25,0.52,62
8,2015-05-09,优,46,81,30,44,6,33,0.61,37
9,2015-05-10,良,60,154,32,68,8,38,0.68,62
10,2015-05-11,良,62,249,39,62,9,42,0.72,55
11,2015-05-12,优,38,23,14,23,4,21,0.61,65
12,2015-05-13,优,45,37,12,22,4,27,0.59,78
13,2015-05-14,良,51,84,33,52,7,45,0.79,63
14,2015-05-15,优,50,108,23,56,5,28,0.51,75
15,2015-05-16,良,55,115,22,54,6,26,0.49,78
16,2015-05-17,良,65,146,40,67,8,45,0.88,62
17,2015-05-18,良,62,132,37,51,5,26,0.8,100
18,2015-05-19,优,40,57,15,34,5,27,0.58,61
19,2015-05-20,优,45,83,21,46,6,39,0.71,58
20,2015-05-21,良,55,126,21,59,9,39,0.66,67
21,2015-05-22,良,72,201,32,88,12,45,0.71,74
22,2015-05-23,良,89,261,41,93,17,32,0.72,148
23,2015-05-24,良,93,252,38,82,15,29,0.68,150
24,2015-05-25,轻度污染,114,285,57,103,17,32,0.88,172
25,2015-05-26,良,98,248,72,112,13,52,0.96,91
26,2015-05-27,良,91,237,50,74,7,37,0.77,107
27,2015-05-28,良,88,259,40,92,11,36,0.68,129
28,2015-05-29,良,69,250,43,66,9,35,0.62,76
29,2015-05-30,优,40,45,12,40,6,32,0.43,44
30,2015-05-31,轻度污染,108,314,35,150,9,37,0.5,106
0,2015-04-01,轻度污染,123,334,93,131,30,56,1.01,68
1,2015-04-02,良,96,326,70,108,29,51,0.93,62
2,2015-04-03,良,62,156,43,55,14,28,0.74,82
3,2015-04-04,良,54,100,34,53,26,38,0.89,56
4,2015-04-05,良,73,215,51,77,25,29,0.86,38
5,2015-04-06,优,44,99,22,41,17,20,0.61,67
6,2015-04-07,优,45,137,21,43,24,24,0.54,60
7,2015-04-08,良,64,226,37,72,22,28,0.58,76
8,2015-04-09,良,93,308,68,108,30,35,0.83,87
9,2015-04-10,良,54,95,32,54,18,35,0.52,64
10,2015-04-11,良,72,184,49,75,14,31,0.56,79
11,2015-04-12,良,75,224,53,81,14,31,0.54,75
12,2015-04-13,轻度污染,124,354,93,135,20,56,0.81,73
13,2015-04-14,良,82,226,57,100,18,46,0.72,77
14,2015-04-15,轻度污染,119,296,80,161,19,45,0.96,97
15,2015-04-16,中度污染,154,321,42,248,6,20,0.52,66
16,2015-04-17,轻度污染,116,276,56,164,8,33,0.6,56
17,2015-04-18,良,90,215,61,113,12,38,0.69,69
18,2015-04-19,轻度污染,104,336,46,155,5,27,0.54,80
19,2015-04-20,轻度污染,133,362,71,187,8,37,0.65,67
20,2015-04-21,良,76,237,42,99,7,35,0.64,68
21,2015-04-22,良,70,193,34,88,9,35,0.61,69
22,2015-04-23,轻度污染,107,311,33,160,6,19,0.53,81
23,2015-04-24,良,60,88,22,69,5,30,0.5,57
24,2015-04-25,良,90,219,43,127,14,36,0.82,88
25,2015-04-26,轻度污染,128,338,80,179,21,29,1.1,149
26,2015-04-27,轻度污染,120,334,64,143,19,25,0.85,179
27,2015-04-28,轻度污染,101,298,64,106,14,51,0.86,114
28,2015-04-29,轻度污染,103,292,63,131,14,60,1.0,87
29,2015-04-30,良,79,169,44,103,12,35,0.7,102
0,2015-03-01,良,61,176,40,63,44,29,0.79,56
1,2015-03-02,良,66,141,46,67,67,45,0.94,42
2,2015-03-03,良,63,129,42,63,51,36,0.75,51
3,2015-03-04,良,64,230,42,63,48,34,0.64,62
4,2015-03-05,良,67,216,45,70,47,35,0.79,61
5,2015-03-06,良,74,194,52,85,57,31,0.8,76
6,2015-03-07,轻度污染,134,333,101,133,50,42,1.08,59
7,2015-03-08,良,71,175,50,73,52,42,0.84,52
8,2015-03-09,良,53,102,18,61,37,22,0.52,61
9,2015-03-10,良,66,194,44,65,56,41,0.8,46
10,2015-03-11,良,55,104,33,57,49,39,0.7,49
11,2015-03-12,优,49,77,27,46,33,32,0.55,63
12,2015-03-13,良,66,140,46,67,42,46,0.75,48
13,2015-03-14,良,64,93,41,67,43,39,0.68,65
14,2015-03-15,轻度污染,110,221,53,168,46,36,0.77,67
15,2015-03-16,轻度污染,109,241,68,152,40,38,0.92,68
16,2015-03-17,良,92,248,60,98,36,40,0.86,52
17,2015-03-18,良,66,183,42,76,44,44,0.88,56
18,2015-03-19,良,71,168,43,86,38,47,0.76,57
19,2015-03-20,良,65,145,40,77,34,41,0.59,70
20,2015-03-21,良,71,151,36,89,35,36,0.61,67
21,2015-03-22,轻度污染,103,247,20,138,26,21,0.45,65
22,2015-03-23,良,56,83,29,61,36,31,0.59,59
23,2015-03-24,良,85,265,61,103,42,50,0.83,56
24,2015-03-25,良,82,260,54,105,39,43,0.83,80
25,2015-03-26,轻度污染,145,347,95,219,36,38,1.08,126
26,2015-03-27,轻度污染,146,343,82,217,30,36,1.05,126
27,2015-03-28,轻度污染,135,314,99,192,36,45,1.1,86
28,2015-03-29,轻度污染,121,263,87,164,27,51,1.11,64
29,2015-03-30,中度污染,188,341,108,251,30,42,1.18,93
30,2015-03-31,良,95,261,61,100,21,32,0.78,77
0,2015-02-01,轻度污染,142,321,107,145,110,65,1.5,34
1,2015-02-02,中度污染,186,337,144,189,107,79,1.93,40
2,2015-02-03,重度污染,243,342,196,250,108,98,2.45,41
3,2015-02-04,严重污染,256,361,211,277,84,80,2.0,43
4,2015-02-05,良,91,210,66,100,72,49,0.99,40
5,2015-02-06,良,78,112,51,92,73,45,0.96,48
6,2015-02-07,良,64,73,18,78,39,20,0.51,55
7,2015-02-08,良,56,82,31,63,55,29,0.66,40
8,2015-02-09,良,81,174,55,86,81,42,0.9,37
9,2015-02-10,良,95,169,69,102,73,53,1.19,40
10,2015-02-11,轻度污染,119,218,86,125,62,50,1.24,43
11,2015-02-12,优,44,25,23,43,47,31,0.56,50
12,2015-02-13,良,76,109,53,85,67,46,0.92,41
13,2015-02-14,轻度污染,132,224,99,134,92,54,1.42,54
14,2015-02-15,中度污染,185,305,142,180,91,69,1.57,68
15,2015-02-16,严重污染,274,364,223,274,99,83,2.44,42
16,2015-02-17,良,89,177,65,86,50,39,0.9,50
17,2015-02-18,良,72,118,48,62,56,30,0.77,56
18,2015-02-19,中度污染,185,305,148,173,67,33,1.34,59
19,2015-02-20,良,61,179,38,55,49,19,0.72,87
20,2015-02-21,优,45,75,24,31,30,18,0.72,77
21,2015-02-22,重度污染,244,338,102,256,25,11,0.59,66
22,2015-02-23,良,53,96,28,52,40,18,0.66,63
23,2015-02-24,良,92,254,67,97,76,39,1.12,59
24,2015-02-25,良,98,277,72,92,62,37,0.96,69
25,2015-02-26,良,81,250,58,82,54,32,0.71,69
26,2015-02-27,良,83,314,61,84,66,41,0.76,64
27,2015-02-28,良,57,212,36,58,49,28,0.75,70
0,2015-01-01,良,85,216,60,82,97,34,0.81,29
1,2015-01-02,良,96,373,70,91,82,36,0.97,29
2,2015-01-03,良,61,36,41,64,86,36,0.89,36
3,2015-01-04,中度污染,200,265,153,186,98,68,1.69,35
4,2015-01-05,轻度污染,114,155,58,148,70,37,1.04,39
5,2015-01-06,良,62,133,29,71,69,31,0.64,40
6,2015-01-07,轻度污染,109,289,77,115,85,48,1.13,25
7,2015-01-08,轻度污染,135,281,100,141,81,53,1.55,29
8,2015-01-09,中度污染,157,270,121,159,117,65,1.52,26
9,2015-01-10,中度污染,180,287,139,186,146,70,1.83,24
10,2015-01-11,中度污染,173,299,131,167,104,58,1.36,30
11,2015-01-12,中度污染,157,316,118,146,82,51,1.53,33
12,2015-01-13,轻度污染,123,257,92,111,92,51,1.42,42
13,2015-01-14,严重污染,253,353,203,249,119,67,2.23,20
14,2015-01-15,轻度污染,141,253,107,139,107,52,1.27,38
15,2015-01-16,良,85,139,62,85,91,41,0.74,41
16,2015-01-17,良,73,91,47,81,67,38,0.68,41
17,2015-01-18,良,78,97,55,76,81,41,0.99,38
18,2015-01-19,轻度污染,146,316,109,133,97,56,1.2,37
19,2015-01-20,轻度污染,125,275,93,118,86,54,1.26,44
20,2015-01-21,重度污染,239,366,195,233,111,78,1.86,34
21,2015-01-22,严重污染,258,360,214,277,98,84,2.23,42
22,2015-01-23,中度污染,174,297,133,170,97,62,1.82,44
23,2015-01-24,严重污染,253,347,205,248,114,67,1.99,35
24,2015-01-25,重度污染,204,295,161,214,113,68,1.93,47
25,2015-01-26,轻度污染,111,157,74,118,75,42,1.14,37
26,2015-01-27,良,83,188,53,84,80,38,0.84,39
27,2015-01-28,轻度污染,132,354,98,130,110,60,1.42,29
28,2015-01-29,轻度污染,106,302,77,105,104,52,1.15,41
29,2015-01-30,良,100,267,64,110,91,46,0.95,33
30,2015-01-31,良,100,287,73,108,86,54,1.17,31
0,2014-12-01,良,57,44,15,64,42,21,0.43,39
1,2014-12-02,良,52,42,15,55,46,15,0.41,40
2,2014-12-03,良,88,133,22,124,37,20,0.43,41
3,2014-12-04,良,59,83,30,62,56,26,0.54,34
4,2014-12-05,良,55,54,32,55,54,28,0.59,29
5,2014-12-06,良,65,46,44,57,59,34,0.67,28
6,2014-12-07,良,91,91,66,96,81,41,0.99,21
7,2014-12-08,轻度污染,104,104,77,109,80,44,1.08,20
8,2014-12-09,轻度污染,106,122,79,111,92,45,1.14,27
9,2014-12-10,轻度污染,114,133,85,103,72,38,1.06,32
10,2014-12-11,良,71,77,48,65,70,35,0.67,38
11,2014-12-12,轻度污染,104,146,77,96,98,49,0.96,25
12,2014-12-13,轻度污染,103,141,76,100,82,43,1.03,22
13,2014-12-14,轻度污染,120,123,90,110,89,48,1.13,22
14,2014-12-15,中度污染,171,157,130,154,117,57,1.48,18
15,2014-12-16,中度污染,173,187,131,156,94,53,1.24,20
16,2014-12-17,中度污染,193,185,149,185,101,56,1.59,23
17,2014-12-18,良,80,61,58,76,77,34,0.95,51
18,2014-12-19,良,97,102,70,95,94,44,0.94,37
19,2014-12-20,轻度污染,150,179,114,133,91,53,1.1,33
20,2014-12-21,轻度污染,136,181,102,132,89,47,1.14,30
21,2014-12-22,良,86,73,62,80,94,45,0.95,30
22,2014-12-23,轻度污染,107,81,79,103,88,50,1.23,33
23,2014-12-24,轻度污染,149,128,114,139,92,51,1.17,30
24,2014-12-25,轻度污染,101,93,73,92,87,44,0.96,34
25,2014-12-26,轻度污染,108,109,80,107,106,55,1.16,26
26,2014-12-27,良,100,96,74,93,93,47,1.24,33
27,2014-12-28,轻度污染,121,97,90,117,94,53,1.29,31
28,2014-12-29,轻度污染,149,117,114,146,128,64,1.58,24
29,2014-12-30,重度污染,233,177,183,218,132,70,1.67,29
30,2014-12-31,良,89,309,63,87,78,32,0.76,40
0,2014-11-01,严重污染,274,183,257,348,46,60,1.67,21
1,2014-11-02,良,69,114,47,78,37,34,0.8,29
2,2014-11-03,良,75,124,53,88,51,39,0.97,29
3,2014-11-04,轻度污染,104,147,65,149,50,46,1.22,43
4,2014-11-05,良,94,89,61,132,43,32,1.04,65
5,2014-11-06,良,53,28,33,56,24,28,0.82,35
6,2014-11-07,轻度污染,104,167,77,124,43,44,1.18,27
7,2014-11-08,轻度污染,116,167,87,140,61,48,1.09,29
8,2014-11-09,轻度污染,135,150,102,165,71,56,1.48,31
9,2014-11-10,轻度污染,136,124,102,168,69,63,1.78,32
10,2014-11-11,轻度污染,138,130,100,156,45,46,1.39,42
11,2014-11-12,良,57,64,20,67,40,25,0.7,37
12,2014-11-13,优,48,29,20,50,42,27,0.7,38
13,2014-11-14,良,63,34,41,71,54,39,0.84,28
14,2014-11-15,轻度污染,129,154,97,151,74,53,1.14,24
15,2014-11-16,中度污染,153,161,115,182,61,63,1.56,19
16,2014-11-17,中度污染,154,170,115,172,70,61,1.34,23
17,2014-11-18,轻度污染,148,163,113,183,63,55,1.15,32
18,2014-11-19,中度污染,157,156,117,179,65,59,1.32,30
19,2014-11-20,良,98,74,72,115,50,38,0.9,53
20,2014-11-21,良,74,38,37,96,45,36,0.65,28
21,2014-11-22,良,72,38,46,78,63,46,0.81,25
22,2014-11-23,轻度污染,105,105,75,124,66,47,1.15,23
23,2014-11-24,良,82,113,56,91,53,44,0.83,23
24,2014-11-25,轻度污染,128,161,96,144,59,55,1.17,24
25,2014-11-26,良,93,114,56,112,47,32,0.87,51
26,2014-11-27,良,66,80,30,77,46,33,0.61,35
27,2014-11-28,轻度污染,113,157,82,135,83,59,1.14,20
28,2014-11-29,中度污染,168,169,127,193,63,57,1.47,25
29,2014-11-30,中度污染,154,167,117,160,56,43,1.27,21
0,2014-10-01,良,53,52,28,57,5,39,0.64,12
1,2014-10-02,良,56,47,33,62,6,37,0.67,19
2,2014-10-03,良,75,102,43,101,10,52,0.93,28
3,2014-10-04,良,83,146,49,115,12,57,1.04,25
4,2014-10-05,良,96,155,70,125,17,57,0.89,36
5,2014-10-06,良,93,157,64,127,13,57,0.9,36
6,2014-10-07,轻度污染,109,142,75,155,16,59,1.18,41
7,2014-10-08,中度污染,188,170,144,223,24,59,1.49,77
8,2014-10-09,轻度污染,133,151,100,151,16,43,1.08,76
9,2014-10-10,轻度污染,103,125,76,130,18,62,0.95,38
10,2014-10-11,中度污染,157,168,120,181,15,48,1.04,75
11,2014-10-12,良,51,47,28,54,6,24,0.48,35
12,2014-10-13,轻度污染,122,180,84,162,16,52,0.99,36
13,2014-10-14,严重污染,306,190,252,352,23,87,1.8,59
14,2014-10-15,中度污染,182,184,138,219,20,49,1.13,62
15,2014-10-16,轻度污染,101,101,63,119,9,42,0.76,40
16,2014-10-17,中度污染,178,181,138,207,18,76,1.66,42
17,2014-10-18,严重污染,276,187,235,348,28,75,2.01,60
18,2014-10-19,轻度污染,126,144,86,165,19,25,0.91,127
19,2014-10-20,良,92,103,63,104,17,34,0.76,56
20,2014-10-21,中度污染,185,184,146,204,30,69,1.2,44
21,2014-10-22,严重污染,400,190,374,465,44,113,2.24,52
22,2014-10-23,严重污染,276,187,228,290,39,72,1.72,46
23,2014-10-24,中度污染,184,173,140,200,27,43,1.43,74
24,2014-10-25,严重污染,310,186,265,369,22,51,1.9,38
25,2014-10-26,轻度污染,122,149,63,173,17,23,0.91,41
26,2014-10-27,轻度污染,116,155,89,127,26,42,1.07,36
27,2014-10-28,严重污染,294,190,246,323,40,75,1.79,39
28,2014-10-29,严重污染,314,189,263,347,59,92,2.42,45
29,2014-10-30,严重污染,360,190,387,457,44,82,2.52,21
30,2014-10-31,严重污染,288,183,241,314,41,59,1.58,15
0,2014-09-01,良,81,163,46,110,7,59,0.95,47
1,2014-09-02,良,58,132,33,66,6,32,0.71,53
2,2014-09-03,优,29,13,13,27,9,20,0.54,42
3,2014-09-04,优,38,13,12,36,4,30,0.53,31
4,2014-09-05,优,40,11,16,42,4,29,0.58,27
5,2014-09-06,良,65,54,24,78,7,42,0.76,47
6,2014-09-07,良,71,92,36,86,8,32,0.81,83
7,2014-09-08,良,51,53,24,53,4,20,0.51,56
8,2014-09-09,优,47,49,13,49,8,35,0.56,32
9,2014-09-10,良,55,59,21,62,8,38,0.6,33
10,2014-09-11,良,66,126,23,84,12,40,0.67,27
11,2014-09-12,良,76,169,30,105,11,41,0.68,30
12,2014-09-13,良,68,138,30,89,6,39,0.61,37
13,2014-09-14,优,47,76,21,50,6,25,0.55,47
14,2014-09-15,优,49,95,22,52,7,30,0.51,28
15,2014-09-16,良,56,114,19,64,9,37,0.59,21
16,2014-09-17,良,69,165,27,89,14,49,0.82,28
17,2014-09-18,良,80,156,37,109,13,57,0.82,30
18,2014-09-19,良,63,93,25,74,10,45,0.61,35
19,2014-09-20,良,63,86,27,75,10,43,0.69,56
20,2014-09-21,良,66,121,35,83,7,53,0.79,43
21,2014-09-22,良,73,128,35,96,8,49,0.9,40
22,2014-09-23,良,73,141,44,96,9,47,0.87,27
23,2014-09-24,优,39,23,19,39,9,32,0.54,36
24,2014-09-25,良,81,107,39,111,11,56,0.93,23
25,2014-09-26,良,57,25,24,62,9,36,0.61,52
26,2014-09-27,优,42,21,23,44,4,28,0.61,45
27,2014-09-28,良,56,72,25,65,8,41,0.72,34
28,2014-09-29,优,30,9,13,29,8,19,0.49,29
29,2014-09-30,良,51,97,22,58,6,35,0.67,23
0,2014-08-01,良,69,132,41,86,5,26,0.77,79
1,2014-08-02,良,67,123,40,82,4,26,0.78,67
2,2014-08-03,良,65,80,37,73,4,23,0.71,65
3,2014-08-04,优,50,31,22,51,8,29,0.6,46
4,2014-08-05,良,51,72,17,50,8,31,0.61,52
5,2014-08-06,良,55,79,22,61,5,33,0.66,49
6,2014-08-07,良,66,122,40,80,7,41,0.8,47
7,2014-08-09,良,74,146,35,81,6,34,0.68,80
8,2014-08-10,良,69,118,32,83,6,41,0.74,72
9,2014-08-11,良,72,98,38,90,9,46,0.75,50
10,2014-08-12,良,58,87,29,65,5,32,0.64,48
11,2014-08-13,良,61,105,22,69,9,41,0.6,48
12,2014-08-14,良,58,111,24,66,8,42,0.63,52
13,2014-08-15,良,55,58,31,58,4,35,0.72,62
14,2014-08-16,良,56,51,30,57,4,35,0.73,59
15,2014-08-17,良,72,123,44,83,5,29,0.82,87
16,2014-08-18,良,78,160,56,98,6,55,1.1,54
17,2014-08-19,良,79,136,46,97,6,47,0.96,55
18,2014-08-20,良,67,87,28,72,8,41,0.7,74
19,2014-08-21,良,100,135,71,140,10,42,1.34,104
20,2014-08-23,良,82,118,42,107,5,41,0.88,70
21,2014-08-24,良,65,130,42,77,4,33,0.88,76
22,2014-08-25,良,52,54,28,53,4,31,0.75,73
23,2014-08-26,优,40,21,15,36,4,31,0.61,46
24,2014-08-27,良,58,73,22,56,8,34,0.67,66
25,2014-08-28,良,80,142,37,98,8,47,0.97,69
26,2014-08-29,良,97,169,60,130,8,58,1.12,68
27,2014-08-30,良,68,125,33,81,6,39,0.72,73
28,2014-08-31,良,84,158,44,116,7,60,0.93,52
0,2014-07-01,良,76,94,43,91,8,46,0.77,72
1,2014-07-02,良,71,112,41,75,8,40,0.78,69
2,2014-07-03,良,89,140,62,112,5,37,0.82,90
3,2014-07-04,轻度污染,131,180,99,168,7,28,1.04,110
4,2014-07-05,轻度污染,112,173,79,143,5,28,0.9,110
5,2014-07-06,良,73,137,47,90,5,26,0.77,93
6,2014-07-07,良,64,67,29,64,5,34,0.64,78
7,2014-07-08,良,60,59,32,67,7,26,0.65,95
8,2014-07-09,良,61,84,29,69,9,25,0.57,74
9,2014-07-10,优,43,36,15,44,6,24,0.49,43
10,2014-07-11,优,37,25,14,36,3,26,0.52,34
11,2014-07-12,优,45,49,18,45,3,30,0.53,34
12,2014-07-13,优,47,55,18,48,3,36,0.59,29
13,2014-07-14,优,50,58,19,52,6,35,0.55,45
14,2014-07-15,良,81,138,50,95,12,25,0.94,120
15,2014-07-16,良,59,88,37,62,4,28,0.68,83
16,2014-07-17,优,50,56,28,51,4,28,0.67,78
17,2014-07-18,良,81,132,49,109,3,36,0.84,58
18,2014-07-19,良,94,155,62,131,2,27,0.87,67
19,2014-07-20,轻度污染,119,183,85,173,2,18,0.97,93
20,2014-07-21,良,61,99,41,65,4,19,0.63,68
21,2014-07-22,优,44,36,21,44,8,21,0.6,53
22,2014-07-23,良,55,84,24,52,8,24,0.63,72
23,2014-07-24,良,86,156,58,93,6,37,0.79,53
24,2014-07-25,中度污染,188,186,142,204,8,50,1.31,55
25,2014-07-26,中度污染,190,189,147,196,5,35,1.27,81
26,2014-07-27,轻度污染,138,166,104,170,5,36,1.16,69
27,2014-07-28,轻度污染,107,136,80,128,8,22,1.02,109
28,2014-07-29,良,86,107,63,98,7,22,0.8,107
29,2014-07-30,良,69,116,44,77,7,25,0.73,96
30,2014-07-31,良,67,108,38,80,8,30,0.71,74
0,2014-06-01,轻度污染,116,169,85,178,29,63,1.1,136
1,2014-06-02,良,93,155,57,133,17,56,0.73,93
2,2014-06-03,良,65,96,29,73,11,52,0.6,86
3,2014-06-04,良,79,108,32,87,13,56,0.68,84
4,2014-06-05,良,76,91,49,93,11,52,0.77,86
5,2014-06-06,良,63,70,33,75,10,62,0.64,23
6,2014-06-07,优,50,44,31,51,5,44,0.56,34
7,2014-06-08,优,34,8,19,31,4,27,0.54,58
8,2014-06-09,良,51,45,26,55,8,46,0.71,62
9,2014-06-10,良,83,131,60,103,8,62,0.89,35
10,2014-06-11,良,74,102,49,81,7,42,0.65,49
11,2014-06-12,良,53,24,26,57,6,33,0.52,50
12,2014-06-13,优,48,21,18,48,7,40,0.51,43
13,2014-06-14,良,56,17,20,62,6,47,0.44,50
14,2014-06-15,良,56,28,24,64,9,51,0.62,60
15,2014-06-16,良,95,103,48,138,11,61,0.94,46
16,2014-06-17,良,93,141,62,114,10,61,0.86,70
17,2014-06-18,良,71,96,50,77,5,50,0.9,64
18,2014-06-19,良,59,83,32,59,8,35,0.72,60
19,2014-06-20,良,76,165,34,101,9,54,0.67,42
20,2014-06-21,良,89,164,45,123,9,62,0.72,46
21,2014-06-22,良,69,119,31,84,9,52,0.58,46
22,2014-06-23,良,91,159,41,131,13,69,0.84,35
23,2014-06-24,良,60,73,28,65,9,49,0.58,66
24,2014-06-25,良,92,156,41,93,14,37,0.92,137
25,2014-06-26,良,63,104,41,65,8,27,0.71,75
26,2014-06-27,优,44,40,27,43,2,29,0.67,57
27,2014-06-28,良,53,50,31,58,3,32,0.67,59
28,2014-06-29,良,62,78,35,73,4,44,0.69,50
29,2014-06-30,良,74,89,36,93,7,53,0.79,55
0,2014-05-01,轻度污染,111,110,75,165,26,35,1.06,132
1,2014-05-02,良,69,55,42,84,7,25,0.6,46
2,2014-05-03,优,47,12,30,46,5,20,0.57,64
3,2014-05-04,优,43,16,23,41,6,23,0.6,55
4,2014-05-05,优,34,16,18,35,9,25,0.55,39
5,2014-05-06,良,60,44,31,70,12,40,0.64,39
6,2014-05-07,良,80,92,44,109,17,47,0.8,54
7,2014-05-08,优,49,22,24,52,8,30,0.56,49
8,2014-05-09,良,80,106,35,110,14,55,0.76,38
9,2014-05-10,良,82,161,39,113,12,56,0.81,50
10,2014-05-11,良,95,186,58,122,13,66,0.97,30
11,2014-05-12,优,37,9,18,20,8,21,0.68,76
12,2014-05-13,优,42,14,19,38,14,35,0.77,67
13,2014-05-14,优,42,23,24,42,10,40,0.71,49
14,2014-05-15,优,28,3,12,26,8,23,0.58,51
15,2014-05-16,优,35,11,20,34,7,39,0.65,36
16,2014-05-17,良,56,32,30,64,10,49,0.77,43
17,2014-05-18,良,55,43,29,62,9,46,0.7,45
18,2014-05-19,良,61,47,40,68,9,46,0.86,47
19,2014-05-20,优,49,27,33,48,11,34,0.76,71
20,2014-05-21,良,54,28,27,54,9,42,0.69,61
21,2014-05-22,良,74,60,33,94,10,48,0.77,64
22,2014-05-23,良,88,123,50,122,15,44,0.86,99
23,2014-05-24,轻度污染,118,173,76,166,19,55,0.86,72
24,2014-05-25,良,54,45,29,58,6,26,0.56,70
25,2014-05-26,良,52,34,22,59,8,30,0.53,45
26,2014-05-27,良,52,20,21,55,9,42,0.52,47
27,2014-05-28,良,54,26,18,60,9,37,0.42,64
28,2014-05-29,良,76,45,28,102,10,56,0.52,42
29,2014-05-30,良,73,50,33,96,14,58,0.63,40
30,2014-05-31,轻度污染,106,111,48,145,18,70,0.77,124
0,2014-04-01,轻度污染,131,173,97,160,54,56,1.22,76
1,2014-04-02,良,84,91,48,101,18,29,0.72,59
2,2014-04-03,良,61,45,29,72,21,33,0.6,44
3,2014-04-04,良,60,19,33,67,27,36,0.61,44
4,2014-04-05,良,52,13,25,56,21,29,0.5,45
5,2014-04-06,良,76,92,36,102,37,48,0.73,39
6,2014-04-07,轻度污染,104,143,68,154,30,55,1.12,52
7,2014-04-08,轻度污染,139,142,91,211,42,68,1.3,53
8,2014-04-09,轻度污染,128,132,88,183,36,56,1.02,58
9,2014-04-10,良,85,71,51,119,22,52,0.79,45
10,2014-04-11,轻度污染,108,146,72,164,23,64,1.14,46
11,2014-04-12,轻度污染,134,162,74,196,23,74,1.18,48
12,2014-04-13,轻度污染,112,145,69,169,27,66,1.01,66
13,2014-04-14,中度污染,155,164,93,258,34,42,1.38,127
14,2014-04-15,良,72,54,28,92,11,31,0.58,59
15,2014-04-16,良,75,97,38,98,14,40,0.68,55
16,2014-04-17,良,64,54,33,77,17,35,0.55,57
17,2014-04-18,良,65,68,38,79,15,36,0.51,58
18,2014-04-19,良,87,166,58,120,18,54,0.64,57
19,2014-04-20,良,74,105,40,97,13,33,0.57,63
20,2014-04-21,良,74,105,36,97,13,44,0.66,48
21,2014-04-22,良,78,102,42,106,17,51,0.64,51
22,2014-04-23,良,92,109,47,134,16,35,0.69,83
23,2014-04-24,良,94,128,57,130,20,27,0.74,108
24,2014-04-25,良,83,121,50,111,15,31,0.69,115
25,2014-04-26,良,89,152,46,125,14,27,0.6,62
26,2014-04-27,良,69,96,34,86,8,29,0.51,41
27,2014-04-28,良,99,164,55,145,15,48,0.76,47
28,2014-04-29,轻度污染,128,179,76,199,19,66,1.11,50
29,2014-04-30,轻度污染,138,174,82,201,23,72,1.14,64
0,2014-03-01,良,60,81,38,70,47,32,0.58,59
1,2014-03-02,良,64,57,43,74,56,38,0.66,43
2,2014-03-03,良,63,49,41,74,58,36,0.69,46
3,2014-03-04,良,65,64,42,77,55,34,0.66,52
4,2014-03-05,良,66,70,39,79,50,32,0.73,47
5,2014-03-06,良,58,76,28,66,49,27,0.6,43
6,2014-03-07,良,61,80,30,72,45,29,0.66,45
7,2014-03-08,良,71,92,41,91,53,37,0.82,46
8,2014-03-09,良,73,77,44,93,57,41,0.86,34
9,2014-03-10,良,82,67,57,112,73,48,1.06,40
10,2014-03-11,轻度污染,111,107,82,131,78,46,1.13,46
11,2014-03-12,轻度污染,144,167,109,152,48,47,1.11,42
12,2014-03-13,轻度污染,123,180,92,139,56,62,1.11,37
13,2014-03-14,良,93,114,68,123,60,55,0.95,50
14,2014-03-15,轻度污染,106,111,78,140,65,46,1.01,62
15,2014-03-16,良,98,81,73,120,53,52,0.92,50
16,2014-03-17,良,89,38,65,110,47,49,0.97,47
17,2014-03-18,良,65,22,43,75,40,38,0.8,49
18,2014-03-19,良,81,52,54,110,52,50,0.95,41
19,2014-03-20,良,52,18,34,52,29,31,0.63,46
20,2014-03-21,良,65,59,42,78,58,48,0.93,39
21,2014-03-22,良,76,67,51,95,54,55,0.91,53
22,2014-03-23,轻度污染,106,119,79,137,53,64,1.07,57
23,2014-03-25,中度污染,189,160,147,224,79,67,1.44,84
24,2014-03-26,重度污染,232,174,185,274,62,74,1.61,65
25,2014-03-27,中度污染,178,150,136,227,52,71,1.44,60
26,2014-03-28,轻度污染,145,167,109,142,29,45,1.31,61
27,2014-03-29,良,70,64,50,77,25,39,1.06,45
28,2014-03-30,良,98,104,61,135,27,47,1.34,38
29,2014-03-31,良,74,63,38,98,28,42,0.86,51
0,2014-02-01,中度污染,176,128,135,167,106,41,1.5,62
1,2014-02-02,中度污染,189,109,44,255,51,15,0.79,57
2,2014-02-03,优,50,33,21,55,42,14,0.68,53
3,2014-02-04,良,52,76,30,56,60,22,0.8,45
4,2014-02-05,良,79,151,57,85,71,33,1.11,39
5,2014-02-06,良,92,147,68,98,72,38,1.21,37
6,2014-02-07,轻度污染,107,153,80,114,88,47,1.32,34
7,2014-02-08,良,90,138,66,92,65,32,1.04,56
8,2014-02-09,良,73,125,53,76,56,34,0.8,44
9,2014-02-10,良,82,147,60,87,67,39,1.01,42
10,2014-02-11,良,82,94,60,88,84,46,1.03,44
11,2014-02-12,轻度污染,142,144,107,149,79,57,1.34,42
12,2014-02-13,轻度污染,103,108,76,104,83,50,1.05,47
13,2014-02-14,轻度污染,131,117,99,154,90,49,1.34,49
14,2014-02-15,中度污染,165,123,125,164,113,54,1.34,45
15,2014-02-16,轻度污染,141,139,107,138,82,50,1.19,55
16,2014-02-17,中度污染,160,163,122,159,67,63,1.41,39
17,2014-02-18,良,99,158,74,101,57,49,1.07,40
18,2014-02-19,良,97,112,72,116,88,59,1.2,41
19,2014-02-20,良,97,89,72,103,77,54,1.2,44
20,2014-02-21,良,92,49,68,100,65,58,1.01,60
21,2014-02-22,轻度污染,132,88,100,148,82,69,1.21,50
22,2014-02-23,轻度污染,114,80,86,121,77,69,1.1,44
23,2014-02-24,重度污染,206,147,163,225,107,78,1.85,43
24,2014-02-25,严重污染,277,168,227,285,82,67,2.02,42
25,2014-02-26,中度污染,182,155,139,195,74,41,1.29,80
26,2014-02-27,良,55,34,29,61,36,25,0.55,51
27,2014-02-28,良,52,55,29,60,71,36,0.62,41
0,2014-01-01,良,62,6,26,51,51,25,0.6,38
1,2014-01-02,良,69,11,46,99,63,42,0.96,29
2,2014-01-03,轻度污染,120,73,89,135,78,54,1.13,23
3,2014-01-04,轻度污染,140,113,106,145,71,62,1.46,24
4,2014-01-05,重度污染,250,168,200,265,92,83,2.33,21
5,2014-01-06,中度污染,158,87,123,165,92,59,1.44,31
6,2014-01-07,良,91,62,66,96,65,37,0.97,31
7,2014-01-08,良,61,69,35,69,50,29,0.58,39
8,2014-01-09,良,74,94,52,82,61,37,0.79,35
9,2014-01-10,良,79,41,57,88,78,43,0.8,30
10,2014-01-11,良,80,45,57,97,79,42,0.82,33
11,2014-01-12,良,91,79,67,97,58,37,0.8,37
12,2014-01-13,轻度污染,114,120,85,122,70,48,1.15,27
13,2014-01-14,轻度污染,137,116,103,144,84,58,1.38,28
14,2014-01-15,轻度污染,146,100,111,151,107,59,1.49,27
15,2014-01-16,中度污染,158,102,120,157,77,53,1.23,37
16,2014-01-17,中度污染,164,89,124,163,99,61,1.41,30
17,2014-01-18,中度污染,157,85,119,159,72,51,1.28,30
18,2014-01-19,良,96,22,72,97,81,44,1.09,34
19,2014-01-20,轻度污染,139,108,105,128,83,54,1.26,33
20,2014-01-21,中度污染,179,188,136,172,94,61,1.47,33
21,2014-01-22,轻度污染,138,153,104,138,120,68,1.55,32
22,2014-01-24,中度污染,167,131,127,158,76,50,1.35,48
23,2014-01-25,轻度污染,143,114,110,141,62,53,1.25,32
24,2014-01-26,良,71,66,50,80,73,38,0.86,41
25,2014-01-27,良,78,71,35,106,65,26,0.72,44
26,2014-01-28,良,61,44,34,69,57,25,0.7,49
27,2014-01-29,良,81,65,48,113,70,29,0.91,50
28,2014-01-30,良,88,36,64,97,76,26,0.86,40
29,2014-01-31,重度污染,213,94,164,216,101,38,1.33,41
0,2013-12-01,良,74,29,57,98,74,53,1.03,27
1,2013-12-02,良,93,34,91,133,111,71,1.86,21
2,2013-12-03,中度污染,178,63,165,229,125,90,2.51,13
3,2013-12-04,中度污染,165,59,77,106,91,58,1.17,27
4,2013-12-05,良,77,14,45,81,76,42,0.89,21
5,2013-12-06,良,89,27,89,135,77,58,1.38,20
6,2013-12-07,轻度污染,143,42,107,151,71,58,1.55,23
7,2013-12-08,轻度污染,121,22,81,109,79,51,1.25,13
8,2013-12-09,轻度污染,127,38,86,106,61,52,1.06,25
9,2013-12-10,轻度污染,139,77,105,131,105,57,1.17,20
10,2013-12-11,轻度污染,140,87,115,144,82,54,1.08,17
11,2013-12-12,轻度污染,120,63,69,107,83,41,0.94,29
12,2013-12-13,良,68,22,44,65,100,34,0.74,28
13,2013-12-14,良,66,12,50,73,99,39,0.77,23
14,2013-12-15,良,80,31,72,105,102,48,1.1,21
15,2013-12-16,轻度污染,125,71,140,163,115,68,1.95,20
16,2013-12-17,严重污染,252,102,222,295,105,73,2.29,17
17,2013-12-18,重度污染,205,98,122,159,104,59,1.24,21
18,2013-12-19,中度污染,193,95,193,232,115,69,1.7,18
19,2013-12-20,中度污染,194,74,106,129,120,57,1.2,18
20,2013-12-21,中度污染,160,71,155,196,137,66,1.6,23
21,2013-12-22,重度污染,215,90,138,194,110,69,1.75,25
22,2013-12-23,中度污染,183,66,172,214,147,78,1.89,22
23,2013-12-24,严重污染,258,79,181,244,139,81,2.26,26
24,2013-12-25,中度污染,192,51,142,185,123,69,1.91,27
25,2013-12-26,中度污染,174,53,101,126,80,46,1.19,25
26,2013-12-27,轻度污染,121,64,118,152,124,59,1.34,23
27,2013-12-28,中度污染,169,102,101,146,100,58,1.32,25
28,2013-12-29,轻度污染,105,57,81,118,121,60,1.24,23
29,2013-12-30,轻度污染,113,48,86,126,110,62,1.33,22
30,2013-12-31,良,96,37,44,103,78,37,0.83,34
0,2013-11-01,严重污染,269,109,215,350,46,88,2.2,27
1,2013-11-02,重度污染,236,102,188,256,68,67,2.03,34
2,2013-11-03,重度污染,226,112,176,233,53,55,2.17,24
3,2013-11-04,轻度污染,148,105,111,169,33,53,1.27,25
4,2013-11-05,良,83,42,58,106,52,43,1.01,35
5,2013-11-06,良,98,39,64,120,45,37,1.0,44
6,2013-11-07,良,70,10,36,67,23,29,0.19,37
7,2013-11-08,良,72,23,53,90,38,35,0.85,29
8,2013-11-09,良,70,24,45,96,35,26,0.71,35
9,2013-11-10,良,63,42,19,62,33,18,0.58,38
10,2013-11-11,良,56,36,26,58,44,26,0.69,34
11,2013-11-12,良,63,43,45,89,49,35,0.79,21
12,2013-11-13,良,72,52,42,86,38,34,0.74,27
13,2013-11-14,良,69,39,51,105,54,40,0.87,25
14,2013-11-15,良,82,33,67,131,56,52,1.0,20
15,2013-11-16,中度污染,155,73,147,206,47,58,1.52,9
16,2013-11-17,轻度污染,120,78,43,66,37,26,0.61,34
17,2013-11-18,轻度污染,107,88,18,209,33,22,0.55,33
18,2013-11-19,良,93,55,19,83,44,24,0.6,30
19,2013-11-20,优,49,10,27,38,52,29,0.7,27
20,2013-11-21,良,62,14,71,108,98,55,1.17,22
21,2013-11-22,轻度污染,109,43,78,108,104,62,1.17,23
22,2013-11-23,轻度污染,132,56,143,181,108,82,1.91,21
23,2013-11-24,重度污染,235,92,196,244,85,77,2.45,10
24,2013-11-25,中度污染,178,112,51,66,46,31,0.72,29
25,2013-11-26,良,53,9,34,55,70,35,0.72,28
26,2013-11-27,优,50,9,22,52,56,23,0.57,33
27,2013-11-28,良,58,36,29,70,84,31,0.66,27
28,2013-11-29,良,63,37,37,72,69,40,0.82,25
29,2013-11-30,良,60,16,45,80,67,48,0.84,32
0,2013-10-28,中度污染,171,79,132,182,39,42,1.2,50
1,2013-10-29,良,71,29,51,75,28,38,0.79,22
2,2013-10-30,良,81,44,57,95,39,40,0.94,21
3,2013-10-31,轻度污染,147,88,114,182,49,64,1.33,27
