0,2019-12-01,良,82,308,60,41,5,27,0.87,33
1,2019-12-02,良,91,317,68,53,7,44,1.02,36
2,2019-12-03,良,71,228,51,60,8,61,0.97,32
3,2019-12-04,良,71,223,51,70,9,67,0.93,29
4,2019-12-05,良,66,208,46,63,9,53,0.8,41
5,2019-12-06,良,82,273,59,72,12,53,0.88,48
6,2019-12-07,轻度污染,112,277,84,96,10,77,1.11,38
7,2019-12-08,良,89,205,66,92,13,68,1.06,36
8,2019-12-09,良,87,183,64,98,17,70,1.23,37
9,2019-12-10,良,96,207,71,108,14,76,1.31,29
0,2019-11-01,良,96,279,66,133,10,63,0.94,68
1,2019-11-02,轻度污染,126,342,95,141,12,56,0.98,77
2,2019-11-03,良,89,312,65,91,10,33,0.8,94
3,2019-11-04,轻度污染,135,358,101,107,10,36,0.99,95
4,2019-11-05,轻度污染,130,352,98,95,8,36,0.93,85
5,2019-11-06,中度污染,191,365,149,112,7,48,1.07,43
6,2019-11-07,轻度污染,104,323,78,66,9,29,0.82,83
7,2019-11-08,轻度污染,106,315,80,83,7,43,0.89,82
8,2019-11-09,良,92,261,67,84,8,65,0.9,67
9,2019-11-10,轻度污染,104,331,76,95,8,67,0.97,63
10,2019-11-11,良,80,253,57,89,10,64,0.93,59
11,2019-11-12,良,72,218,51,82,14,53,0.85,65
12,2019-11-13,良,61,210,42,44,6,24,0.69,56
13,2019-11-14,优,44,106,19,49,8,48,0.62,36
14,2019-11-15,良,68,212,41,85,13,61,1.0,50
15,2019-11-16,良,76,208,52,100,16,68,1.03,41
16,2019-11-17,轻度污染,125,302,94,110,12,58,1.17,33
17,2019-11-18,优,41,82,16,38,4,18,0.51,51
18,2019-11-19,良,65,196,25,80,7,31,0.64,43
19,2019-11-20,良,66,186,35,82,8,45,0.73,33
20,2019-11-21,良,67,210,47,77,10,39,0.78,41
21,2019-11-22,良,80,264,58,100,12,72,1.03,39
22,2019-11-23,良,84,253,61,99,16,69,1.19,52
23,2019-11-24,轻度污染,147,348,112,113,9,53,1.2,42
24,2019-11-25,优,28,83,19,8,3,18,0.61,37
25,2019-11-26,优,29,49,20,15,3,24,0.59,14
26,2019-11-27,优,15,9,9,8,3,21,0.62,15
27,2019-11-28,良,81,325,59,31,5,25,0.8,27
28,2019-11-29,良,83,304,61,39,6,37,0.93,10
29,2019-11-30,良,68,253,49,37,5,33,0.83,9
0,2019-10-01,良,78,304,45,67,9,42,0.9,113
1,2019-10-02,良,83,347,54,79,11,36,0.98,116
2,2019-10-03,轻度污染,103,360,68,97,14,46,1.1,118
3,2019-10-04,轻度污染,102,360,69,98,15,50,1.14,126
4,2019-10-05,良,75,346,55,88,8,20,0.93,79
5,2019-10-06,优,28,94,19,21,5,18,0.74,11
6,2019-10-07,优,23,40,15,15,5,19,0.78,23
7,2019-10-08,优,36,125,24,34,7,24,0.81,61
8,2019-10-09,良,58,256,40,64,8,36,0.94,77
9,2019-10-10,良,90,360,66,94,11,41,1.12,86
10,2019-10-11,良,59,241,43,42,6,19,0.83,44
11,2019-10-12,优,45,142,31,27,5,19,0.87,47
12,2019-10-13,良,54,241,38,35,5,22,0.88,54
13,2019-10-14,优,50,254,35,44,6,31,0.95,42
14,2019-10-15,良,75,354,55,61,6,28,0.77,30
15,2019-10-16,优,49,217,35,29,5,28,0.7,30
16,2019-10-17,优,50,181,35,33,5,25,0.63,44
17,2019-10-18,优,49,152,32,41,8,34,0.71,69
18,2019-10-19,良,64,197,43,73,7,58,0.98,59
19,2019-10-20,良,74,227,48,82,8,62,0.95,73
20,2019-10-21,良,80,276,54,87,10,74,0.93,66
21,2019-10-22,轻度污染,106,321,77,92,10,58,0.94,48
22,2019-10-23,良,78,257,57,45,5,24,0.82,45
23,2019-10-24,良,58,201,38,48,8,31,0.73,63
24,2019-10-25,优,47,201,33,32,6,27,0.68,58
25,2019-10-26,优,40,150,26,33,5,26,0.54,24
26,2019-10-27,优,50,154,35,39,6,32,0.66,22
27,2019-10-28,优,50,147,32,46,6,43,0.77,31
28,2019-10-29,良,79,241,43,98,9,55,1.1,33
29,2019-10-30,良,92,231,54,133,10,62,1.04,41
30,2019-10-31,良,94,258,58,138,10,64,0.95,55
31,2019-10-31,良,94,258,58,138,10,64,0.95,55
0,2019-09-01,优,44,231,26,44,9,19,0.72,90
1,2019-09-02,良,53,294,37,46,5,28,0.82,63
2,2019-09-03,优,49,251,29,46,6,27,0.82,88
3,2019-09-04,良,59,306,31,54,7,25,0.79,115
4,2019-09-05,良,59,295,34,57,8,25,0.88,125
5,2019-09-06,良,67,307,33,57,9,24,0.88,130
6,2019-09-07,良,70,286,30,58,8,32,0.81,125
7,2019-09-08,良,79,284,37,68,9,35,0.87,133
8,2019-09-09,良,73,286,43,75,10,32,0.95,123
9,2019-09-10,良,72,329,47,72,9,23,0.96,122
10,2019-09-11,良,74,351,50,73,6,24,1.05,112
11,2019-09-12,良,79,354,48,74,6,35,1.01,111
12,2019-09-13,良,64,331,43,66,7,24,0.86,112
13,2019-09-14,良,55,313,30,62,7,10,0.84,100
14,2019-09-15,优,50,284,28,55,8,13,0.78,104
15,2019-09-16,优,50,270,31,52,7,14,0.77,81
16,2019-09-17,良,53,250,34,57,6,15,0.84,81
17,2019-09-18,良,51,245,35,47,5,16,0.84,65
18,2019-09-19,良,56,287,34,56,6,18,0.77,91
19,2019-09-20,良,58,267,30,66,9,24,0.75,117
20,2019-09-21,良,57,279,29,61,9,22,0.58,116
21,2019-09-22,良,64,306,32,62,10,21,0.64,135
22,2019-09-23,良,69,319,37,67,11,36,0.7,117
23,2019-09-24,良,68,266,35,66,11,41,0.66,108
24,2019-09-25,良,69,243,42,76,11,46,0.74,102
25,2019-09-26,轻度污染,106,366,70,97,12,56,0.93,98
26,2019-09-27,良,82,332,51,82,11,58,0.93,104
27,2019-09-28,良,86,301,50,86,10,59,0.85,105
28,2019-09-29,良,92,335,54,96,10,67,0.97,107
29,2019-09-30,良,81,285,48,77,9,53,0.94,107
0,2019-08-06,良,65,340,29,52,5,23,0.74,98
1,2019-08-07,良,57,273,32,55,4,24,0.76,80
2,2019-08-08,良,62,314,31,46,4,10,0.8,104
3,2019-08-09,良,61,308,29,47,5,11,0.79,107
4,2019-08-10,优,49,243,26,40,4,10,0.72,85
5,2019-08-11,良,54,289,19,37,5,15,0.72,99
6,2019-08-21,良,64,317,36,72,7,33,0.85,97
7,2019-08-22,良,57,253,28,53,6,23,0.9,111
8,2019-08-23,良,62,274,44,69,6,17,1.0,117
9,2019-08-24,良,65,281,43,66,6,15,1.01,131
10,2019-08-25,良,67,315,39,69,7,14,1.01,151
11,2019-08-26,优,34,131,16,32,6,20,0.75,70
12,2019-08-27,优,34,167,14,30,8,22,0.73,67
13,2019-08-28,优,35,166,22,33,6,11,0.78,73
0,2019-07-01,良,60,238,28,53,6,15,0.78,101
1,2019-07-02,良,77,292,33,62,6,14,0.78,132
2,2019-07-03,良,89,312,36,64,6,15,0.82,141
3,2019-07-04,优,41,120,21,28,4,14,0.76,67
4,2019-07-05,优,30,67,17,25,4,19,0.73,55
5,2019-07-06,优,31,71,15,26,5,12,0.7,53
6,2019-07-07,优,30,56,12,21,5,17,0.7,53
7,2019-07-12,优,31,100,20,23,5,17,0.84,58
8,2019-07-13,优,31,119,16,26,5,14,0.59,75
9,2019-07-14,优,34,119,19,28,5,21,0.71,59
10,2019-07-15,优,31,89,13,24,5,17,0.7,81
11,2019-07-16,优,36,142,18,33,6,21,0.79,62
12,2019-07-17,优,36,140,20,35,5,21,0.7,70
13,2019-07-18,优,37,187,22,38,5,17,0.67,62
14,2019-07-19,良,52,299,36,48,4,10,0.76,79
15,2019-07-20,良,51,274,28,49,5,16,0.67,105
16,2019-07-21,优,43,192,27,43,6,24,0.83,51
17,2019-07-22,优,35,151,20,35,6,16,0.72,66
18,2019-07-23,优,31,124,16,30,7,14,0.65,69
19,2019-07-24,优,35,164,14,33,8,17,0.7,69
20,2019-07-25,优,39,193,16,39,7,21,0.67,55
21,2019-07-26,优,35,144,16,33,7,16,0.63,61
0,2019-06-01,优,36,62,23,30,4,27,0.78,49
1,2019-06-02,良,60,166,28,46,5,25,0.92,89
2,2019-06-03,良,66,216,30,59,9,35,0.89,86
3,2019-06-04,良,67,217,31,58,9,28,0.81,99
4,2019-06-05,优,40,72,20,36,7,16,0.72,63
5,2019-06-06,优,31,38,14,23,5,16,0.73,63
6,2019-06-07,优,43,119,21,28,4,15,0.96,70
7,2019-06-08,优,25,22,12,19,4,13,0.76,44
8,2019-06-09,优,29,52,7,16,4,14,0.64,60
9,2019-06-10,优,34,81,14,25,4,19,0.65,56
10,2019-06-11,优,28,32,17,27,4,33,0.65,36
11,2019-06-14,良,56,266,25,52,5,26,0.71,151
12,2019-06-15,良,56,242,25,47,7,33,0.66,104
13,2019-06-17,优,32,94,22,25,4,19,0.66,49
14,2019-06-18,优,25,75,14,21,4,14,0.68,60
15,2019-06-19,优,34,156,18,33,6,24,0.75,53
16,2019-06-20,优,32,181,14,32,7,20,0.61,53
17,2019-06-25,良,65,261,40,61,5,32,0.82,90
18,2019-06-26,良,86,320,47,70,5,31,0.94,100
19,2019-06-27,良,64,258,38,59,7,21,0.83,87
20,2019-06-28,优,48,193,24,39,6,12,0.68,77
21,2019-06-29,优,41,142,14,20,4,8,0.68,79
22,2019-06-30,优,49,208,13,24,4,12,0.64,93
0,2019-05-01,良,73,276,44,66,5,34,0.94,83
1,2019-05-02,良,75,292,48,96,7,46,0.85,76
2,2019-05-03,良,83,291,45,94,7,40,0.83,82
3,2019-05-04,良,75,243,52,87,11,37,0.84,81
4,2019-05-05,良,53,143,33,40,4,27,0.71,53
5,2019-05-06,优,46,134,25,34,5,22,0.65,73
6,2019-05-07,良,53,174,36,42,5,24,0.7,69
7,2019-05-08,优,48,132,30,43,5,24,0.62,76
8,2019-05-09,良,67,216,40,58,6,33,0.69,81
9,2019-05-10,良,79,249,41,65,6,45,0.72,78
10,2019-05-11,良,88,263,43,79,8,50,0.91,90
11,2019-05-12,良,71,137,50,71,6,43,0.88,59
12,2019-05-13,良,55,110,29,55,4,19,0.73,62
13,2019-05-14,轻度污染,115,318,58,178,6,31,0.75,39
14,2019-05-15,优,39,60,26,37,4,19,0.69,40
15,2019-05-16,优,40,56,27,34,4,28,0.84,28
16,2019-05-17,优,43,92,28,41,4,23,0.9,47
17,2019-05-18,良,52,170,31,47,4,31,1.06,51
18,2019-05-19,优,44,88,30,40,4,16,0.81,59
19,2019-05-20,良,66,246,21,83,7,22,0.49,88
20,2019-05-21,良,82,310,55,105,9,38,0.75,56
21,2019-05-22,良,89,298,52,97,7,52,0.79,85
22,2019-05-23,良,95,284,54,90,8,44,0.9,94
23,2019-05-24,良,64,135,38,66,8,30,0.81,87
24,2019-05-25,优,39,50,21,33,7,20,0.72,61
25,2019-05-26,优,31,44,15,27,6,18,0.67,52
26,2019-05-27,良,59,280,22,62,5,21,0.7,86
27,2019-05-28,良,74,344,25,65,7,16,0.62,130
28,2019-05-29,良,54,183,20,42,6,16,0.55,101
29,2019-05-30,优,48,131,28,33,4,18,0.63,83
30,2019-05-31,优,42,99,22,29,4,23,0.71,65
0,2019-04-01,良,63,234,40,35,7,29,0.67,72
1,2019-04-02,优,47,86,31,38,6,33,0.79,48
2,2019-04-03,优,30,19,20,16,4,26,0.74,41
3,2019-04-04,良,55,147,38,36,5,37,0.76,27
4,2019-04-05,优,50,111,30,45,8,34,0.97,51
5,2019-04-06,良,61,155,33,57,12,38,0.91,71
6,2019-04-07,良,67,181,38,70,12,41,0.92,73
7,2019-04-08,良,64,181,42,73,9,32,0.86,70
8,2019-04-09,优,48,162,26,44,6,13,0.72,66
9,2019-04-10,优,31,19,19,18,4,15,0.59,57
10,2019-04-11,优,38,84,22,22,4,22,0.69,56
11,2019-04-12,良,57,182,38,50,6,37,0.81,44
12,2019-04-13,良,70,236,50,58,7,43,0.95,30
13,2019-04-14,良,73,309,53,56,8,30,0.78,47
14,2019-04-15,良,52,108,36,44,7,32,0.71,58
15,2019-04-16,良,63,191,43,42,6,33,0.81,70
16,2019-04-17,良,56,122,27,47,7,40,0.89,64
17,2019-04-18,优,50,77,28,50,9,33,0.91,57
18,2019-04-19,优,48,74,26,37,5,24,0.85,66
19,2019-04-20,良,79,302,57,88,5,23,0.93,73
20,2019-04-21,良,77,268,56,62,5,17,0.83,67
21,2019-04-22,良,71,243,51,50,4,21,0.94,67
22,2019-04-23,良,82,313,59,63,5,40,1.09,64
23,2019-04-24,良,72,224,43,66,6,45,1.24,81
24,2019-04-25,良,67,265,39,54,5,29,1.01,91
25,2019-04-26,良,67,292,45,67,5,31,1.02,68
26,2019-04-27,良,62,270,43,66,4,22,0.68,36
27,2019-04-28,优,32,22,20,17,4,18,0.65,46
28,2019-04-29,优,34,57,14,11,3,19,0.74,53
29,2019-04-30,良,53,179,35,25,4,27,0.83,69
0,2019-03-01,优,50,98,35,7,3,37,0.89,21
1,2019-03-02,优,29,38,19,8,3,25,0.89,28
2,2019-03-03,良,76,197,55,23,4,33,1.02,70
3,2019-03-04,良,59,133,40,50,5,43,1.14,46
4,2019-03-05,优,46,104,28,25,4,22,0.96,59
5,2019-03-06,良,72,228,52,33,5,39,0.98,33
6,2019-03-07,良,79,282,54,67,6,44,1.07,46
7,2019-03-08,良,69,215,47,57,5,36,0.77,46
8,2019-03-09,轻度污染,104,337,78,44,7,36,0.82,46
9,2019-03-10,良,91,275,67,78,6,55,1.09,47
10,2019-03-11,良,90,307,63,90,8,56,1.15,61
11,2019-03-12,良,75,244,49,90,8,60,0.91,64
12,2019-03-13,良,83,301,57,97,10,63,0.94,36
13,2019-03-14,良,74,297,53,24,5,29,0.75,68
14,2019-03-15,良,76,320,54,76,9,59,0.89,51
15,2019-03-16,良,81,322,59,81,7,70,1.02,17
16,2019-03-17,良,72,224,51,57,7,44,0.95,24
17,2019-03-18,良,67,195,46,39,6,40,0.87,52
18,2019-03-19,良,56,105,35,54,9,35,0.94,49
19,2019-03-20,良,57,152,37,58,7,21,0.85,79
20,2019-03-21,良,57,166,30,61,6,19,0.64,67
21,2019-03-22,优,32,26,15,22,4,15,0.5,51
22,2019-03-23,优,50,204,34,23,5,23,0.57,53
23,2019-03-24,良,62,188,44,30,6,42,0.68,31
24,2019-03-25,良,57,141,37,41,6,39,0.88,43
25,2019-03-26,良,53,105,36,54,7,47,0.93,27
26,2019-03-27,良,58,127,40,45,11,40,1.2,25
27,2019-03-28,良,76,254,55,63,7,35,1.06,48
28,2019-03-29,良,78,269,56,66,6,44,1.1,31
29,2019-03-30,良,78,271,55,84,8,37,1.03,58
30,2019-03-31,良,67,283,44,55,6,25,0.7,65
0,2019-02-01,良,93,278,68,12,3,24,1.16,61
1,2019-02-02,良,61,112,43,30,5,25,1.2,48
2,2019-02-03,良,87,191,63,66,8,18,1.15,51
3,2019-02-04,轻度污染,134,295,100,149,11,19,1.18,46
4,2019-02-05,重度污染,206,317,160,133,9,18,1.31,34
5,2019-02-06,良,97,237,71,74,5,11,1.16,38
6,2019-02-07,轻度污染,109,312,82,29,3,13,1.13,29
7,2019-02-08,优,19,4,9,3,3,10,0.68,38
8,2019-02-09,优,29,50,19,17,2,10,0.74,32
9,2019-02-10,优,42,124,29,15,2,11,0.92,32
10,2019-02-11,良,98,286,72,22,3,18,0.97,29
11,2019-02-12,优,43,100,30,10,3,22,1.07,10
12,2019-02-13,优,36,65,25,4,3,17,0.98,20
13,2019-02-14,优,37,74,26,4,3,18,1.02,16
14,2019-02-15,优,25,35,17,11,3,18,1.05,17
15,2019-02-16,优,24,33,16,10,3,21,1.09,17
16,2019-02-17,良,76,296,55,17,3,24,1.01,28
17,2019-02-18,良,57,201,40,2,3,21,0.77,36
18,2019-02-19,良,88,238,65,0,4,22,0.77,36
19,2019-02-20,良,84,185,62,0,3,26,0.91,34
20,2019-02-21,良,75,172,54,3,3,22,0.85,36
21,2019-02-22,轻度污染,120,274,90,10,4,25,0.95,55
22,2019-02-23,良,57,124,41,5,3,26,0.83,47
23,2019-02-24,优,41,81,28,21,4,25,0.86,48
24,2019-02-25,良,61,151,42,45,5,43,1.02,34
25,2019-02-26,良,64,144,45,39,5,38,1.0,20
26,2019-02-27,良,86,249,63,4,4,26,1.0,55
27,2019-02-28,良,55,120,38,13,4,30,0.82,37
0,2019-01-01,良,63,174,44,5,4,22,0.69,34
1,2019-01-02,良,98,221,73,0,5,30,0.86,32
2,2019-01-03,良,98,207,73,17,4,44,1.03,8
3,2019-01-04,良,59,149,43,11,3,29,0.9,19
4,2019-01-05,中度污染,181,323,137,0,4,33,1.05,27
5,2019-01-06,重度污染,212,330,162,0,4,37,1.21,18
6,2019-01-07,重度污染,216,327,167,6,4,37,1.49,24
7,2019-01-08,重度污染,217,337,171,6,5,35,1.27,34
8,2019-01-09,优,46,114,33,12,3,33,1.19,14
9,2019-01-10,优,21,19,14,6,3,30,1.13,9
10,2019-01-11,良,65,161,46,3,3,29,1.03,19
11,2019-01-12,良,77,171,56,25,3,39,1.25,18
12,2019-01-13,中度污染,154,266,116,8,4,33,1.37,22
13,2019-01-14,轻度污染,118,205,88,0,4,38,1.49,12
14,2019-01-15,轻度污染,132,289,99,6,4,30,1.31,28
15,2019-01-16,轻度污染,101,332,75,42,3,34,0.97,18
16,2019-01-17,良,71,152,51,37,3,43,1.14,13
17,2019-01-18,良,75,163,54,62,6,41,1.29,29
18,2019-01-19,良,70,137,50,32,3,38,1.24,16
19,2019-01-20,中度污染,175,344,132,0,5,31,1.22,36
20,2019-01-21,中度污染,155,348,117,24,8,45,1.2,40
21,2019-01-22,轻度污染,127,331,95,110,10,62,1.46,29
22,2019-01-23,轻度污染,107,261,80,110,8,67,1.41,34
23,2019-01-24,良,97,196,71,102,9,68,1.2,36
24,2019-01-25,中度污染,169,341,127,139,9,59,1.26,31
25,2019-01-26,重度污染,235,360,184,20,7,44,1.42,28
26,2019-01-27,中度污染,187,347,142,50,6,42,1.18,39
27,2019-01-28,中度污染,188,350,143,40,7,36,1.08,29
28,2019-01-29,中度污染,194,343,146,0,4,29,1.16,32
29,2019-01-30,重度污染,212,349,165,0,4,31,1.29,20
30,2019-01-31,良,63,243,45,0,3,23,1.15,43
0,2018-12-01,严重污染,321,363,270,11,8,46,1.59,37
1,2018-12-02,严重污染,252,332,201,0,7,50,1.74,17
2,2018-12-03,良,73,158,53,6,5,33,1.51,15
3,2018-12-04,良,67,222,39,73,5,30,1.13,28
4,2018-12-05,良,72,244,36,103,5,31,0.73,12
5,2018-12-06,优,13,1,6,7,4,25,0.59,11
6,2018-12-07,优,14,6,8,11,4,26,0.66,15
7,2018-12-08,优,22,60,15,15,4,21,0.51,25
8,2018-12-09,优,34,100,23,28,5,22,0.49,27
9,2018-12-10,良,52,170,36,20,6,28,0.7,15
10,2018-12-11,良,97,286,72,5,5,31,0.74,16
11,2018-12-12,中度污染,157,339,119,51,11,43,1.04,32
12,2018-12-13,中度污染,165,350,125,0,10,46,1.03,40
13,2018-12-14,轻度污染,142,329,107,47,11,49,0.99,31
14,2018-12-15,中度污染,151,332,114,12,7,50,0.96,13
15,2018-12-16,轻度污染,133,296,100,44,10,58,1.1,26
16,2018-12-17,轻度污染,110,270,82,115,13,70,1.44,31
17,2018-12-18,良,85,205,61,94,15,67,1.38,29
18,2018-12-19,良,80,163,58,82,15,64,1.25,13
19,2018-12-20,轻度污染,119,274,89,31,6,48,1.03,7
20,2018-12-21,良,95,257,70,4,5,40,0.94,4
21,2018-12-28,优,38,104,27,24,3,27,0.67,13
22,2018-12-29,良,53,184,35,51,6,25,0.6,27
23,2018-12-30,良,56,172,39,8,4,22,0.66,35
24,2018-12-31,良,53,141,36,15,4,19,0.64,35
0,2018-11-01,良,77,265,50,92,12,61,0.7,63
1,2018-11-02,良,66,194,43,73,11,45,0.59,76
2,2018-11-03,良,56,136,37,57,11,33,0.56,74
3,2018-11-04,良,56,179,38,53,8,34,0.63,56
4,2018-11-05,轻度污染,142,366,108,101,9,35,0.83,58
5,2018-11-06,优,24,26,15,14,4,22,0.73,16
6,2018-11-07,优,20,26,12,9,4,18,0.53,28
7,2018-11-08,优,22,19,13,18,5,26,0.71,25
8,2018-11-09,优,42,98,25,43,7,42,0.98,19
9,2018-11-10,优,43,77,29,39,6,42,0.88,15
10,2018-11-11,优,44,79,31,18,5,20,0.69,41
11,2018-11-12,轻度污染,103,300,76,0,5,30,0.86,48
12,2018-11-13,良,92,268,68,8,6,39,0.96,14
13,2018-11-14,优,41,64,28,13,5,35,0.9,6
14,2018-11-15,优,47,141,33,17,5,25,0.83,21
15,2018-11-16,优,43,215,30,14,5,30,0.78,26
16,2018-11-17,优,23,44,15,15,5,26,0.72,18
17,2018-11-18,优,23,37,14,18,5,22,0.64,30
18,2018-11-19,优,36,84,25,29,5,35,0.72,20
19,2018-11-20,优,40,82,28,29,6,39,0.86,11
20,2018-11-21,良,77,289,55,51,7,28,0.74,36
21,2018-11-22,良,95,315,70,40,10,39,0.78,53
22,2018-11-23,良,71,204,50,79,14,63,0.95,40
23,2018-11-24,良,80,196,58,76,11,46,0.91,57
24,2018-11-25,良,95,206,70,36,8,41,0.84,59
25,2018-11-26,良,82,155,60,91,9,64,1.12,33
26,2018-11-27,良,83,160,60,83,10,54,1.01,46
27,2018-11-28,良,94,194,68,101,13,72,1.07,35
28,2018-11-29,良,82,184,57,94,12,64,0.98,36
29,2018-11-30,中度污染,190,306,147,88,9,54,1.11,33
0,2018-10-01,良,59,267,27,60,12,27,0.53,91
1,2018-10-02,良,63,249,25,56,12,31,0.55,96
2,2018-10-03,良,72,268,28,56,12,27,0.57,115
3,2018-10-04,轻度污染,116,365,67,88,13,27,0.69,118
4,2018-10-05,良,98,333,55,81,12,31,0.69,126
5,2018-10-06,轻度污染,112,342,64,95,13,40,0.7,132
6,2018-10-07,轻度污染,118,352,71,106,13,55,0.8,123
7,2018-10-08,轻度污染,137,358,103,111,11,31,0.86,98
8,2018-10-09,良,84,315,61,41,6,20,0.74,105
9,2018-10-10,良,82,360,58,74,8,33,0.8,67
10,2018-10-11,良,65,299,32,58,9,39,0.67,72
11,2018-10-12,良,59,183,28,54,10,49,0.59,75
12,2018-10-13,良,63,200,43,58,10,51,0.64,63
13,2018-10-14,良,51,158,31,13,5,20,0.66,79
14,2018-10-15,良,55,213,38,21,5,23,0.63,63
15,2018-10-16,良,70,277,50,42,6,28,0.66,57
16,2018-10-17,良,61,235,42,36,6,28,0.73,53
17,2018-10-18,良,61,255,36,51,7,37,0.66,62
18,2018-10-19,良,65,283,45,51,7,33,0.63,61
19,2018-10-20,优,37,66,26,20,5,26,0.63,40
20,2018-10-21,优,30,39,20,12,5,22,0.58,34
21,2018-10-22,良,90,299,67,35,7,31,0.68,41
22,2018-10-23,良,67,244,44,52,8,48,0.83,38
23,2018-10-24,良,51,136,36,47,10,40,0.87,41
24,2018-10-25,优,42,64,29,32,7,34,1.13,16
25,2018-10-26,良,56,178,25,54,7,30,0.6,66
26,2018-10-27,良,63,251,26,73,9,47,0.55,66
27,2018-10-28,良,70,286,38,88,9,61,0.71,51
28,2018-10-29,良,73,317,47,93,16,56,0.8,54
29,2018-10-30,良,78,323,54,94,13,58,0.68,67
30,2018-10-31,良,90,323,63,103,13,64,0.76,65
0,2018-09-02,优,38,148,14,32,8,18,0.6,75
1,2018-09-03,优,50,212,23,45,6,21,0.62,73
2,2018-09-04,良,60,266,31,56,6,26,0.73,70
3,2018-09-05,良,66,273,31,62,8,27,0.76,85
4,2018-09-06,良,53,189,30,51,6,14,0.74,82
5,2018-09-07,优,48,234,18,44,7,14,0.57,80
6,2018-09-08,良,56,286,15,42,9,18,0.49,93
7,2018-09-09,良,69,319,24,49,9,26,0.56,112
8,2018-09-10,良,72,323,34,57,9,29,0.65,112
9,2018-09-11,良,79,351,48,69,8,20,0.75,105
10,2018-09-12,良,76,328,53,58,8,17,0.75,93
11,2018-09-13,良,79,344,50,70,8,19,0.69,100
12,2018-09-14,良,75,335,45,70,8,19,0.73,107
13,2018-09-15,良,72,327,40,65,9,19,0.71,115
14,2018-09-16,良,66,342,41,67,8,15,0.71,108
15,2018-09-17,良,72,345,51,71,8,18,0.85,72
16,2018-09-18,良,75,347,52,81,6,23,0.84,66
17,2018-09-19,良,52,252,26,44,9,27,0.72,47
18,2018-09-20,优,49,213,22,46,11,27,0.66,57
19,2018-09-21,优,37,78,21,32,6,14,1.01,76
20,2018-09-22,优,37,95,21,33,7,20,0.63,55
21,2018-09-23,优,23,19,10,15,5,21,0.59,43
22,2018-09-24,优,36,117,24,32,6,16,0.67,54
23,2018-09-25,良,72,355,51,80,7,29,0.88,45
24,2018-09-26,优,38,112,22,30,5,20,0.61,56
25,2018-09-27,优,38,92,24,31,6,21,0.59,58
26,2018-09-28,良,54,215,28,46,7,20,0.6,80
27,2018-09-29,良,60,234,27,50,9,28,0.58,95
28,2018-09-30,良,67,280,29,67,11,39,0.61,90
0,2018-08-01,优,47,154,20,35,7,22,0.62,71
1,2018-08-02,优,47,169,20,30,5,17,0.58,77
2,2018-08-03,良,56,249,22,36,6,20,0.73,89
3,2018-08-04,良,56,234,27,43,7,20,0.75,82
4,2018-08-05,良,64,280,26,42,8,19,0.83,94
5,2018-08-06,优,33,41,13,25,8,15,0.68,61
6,2018-08-07,优,44,126,15,30,9,16,0.69,79
7,2018-08-08,良,60,245,22,44,6,19,0.67,86
8,2018-08-09,良,68,261,23,44,6,24,0.69,96
9,2018-08-10,良,67,225,30,47,5,20,0.73,103
10,2018-08-11,良,69,229,33,54,6,21,0.75,102
11,2018-08-12,良,83,325,42,68,6,15,0.84,123
12,2018-08-13,良,65,298,30,51,6,11,0.77,105
13,2018-08-14,优,42,174,16,30,6,12,0.64,77
14,2018-08-15,优,44,185,18,36,6,18,0.75,70
15,2018-08-16,优,50,257,23,42,5,12,0.73,87
16,2018-08-17,优,43,166,22,37,6,10,0.71,77
17,2018-08-18,优,46,205,16,30,6,16,0.72,78
18,2018-08-19,良,72,346,29,55,11,29,0.9,99
19,2018-08-20,良,76,344,29,59,9,28,0.77,106
20,2018-08-21,良,65,272,18,36,7,13,0.65,127
21,2018-08-22,良,76,331,28,50,8,15,0.66,125
22,2018-08-23,良,65,248,38,59,6,11,0.73,117
23,2018-08-25,轻度污染,106,342,36,69,10,16,0.87,179
24,2018-08-27,良,53,176,28,47,6,16,0.74,85
25,2018-08-29,优,42,153,18,35,5,19,0.63,68
26,2018-08-31,优,34,102,10,25,8,14,0.61,66
0,2018-07-01,优,36,79,20,27,3,15,0.65,48
1,2018-07-02,良,52,201,29,45,4,21,0.86,74
2,2018-07-03,优,42,152,16,32,7,20,0.74,72
3,2018-07-04,优,45,158,21,39,8,18,0.63,69
4,2018-07-05,良,59,261,35,53,9,20,0.72,55
5,2018-07-06,优,40,163,24,34,4,11,0.77,73
6,2018-07-07,优,29,64,15,21,4,11,0.6,49
7,2018-07-08,优,21,5,9,16,4,14,0.67,37
8,2018-07-09,优,41,208,16,32,9,21,0.73,67
9,2018-07-10,良,55,290,25,45,8,22,0.72,87
10,2018-07-11,良,63,288,40,58,5,16,0.74,89
11,2018-07-12,优,32,84,10,18,4,14,0.68,57
12,2018-07-13,优,43,169,16,29,10,17,0.7,73
13,2018-07-14,优,37,114,14,29,10,19,0.65,53
14,2018-07-15,优,45,172,18,37,7,20,0.59,69
15,2018-07-16,良,60,278,27,50,9,21,0.64,89
16,2018-07-17,良,54,228,27,46,10,15,0.59,89
17,2018-07-18,良,57,247,27,50,9,18,0.64,90
18,2018-07-19,良,59,256,25,48,10,18,0.61,90
19,2018-07-20,良,68,274,30,56,9,20,0.64,103
20,2018-07-21,良,67,248,36,65,10,25,0.74,90
21,2018-07-22,良,60,217,37,63,8,28,0.8,72
22,2018-07-23,良,53,187,28,43,11,23,0.91,67
23,2018-07-24,优,49,175,20,38,7,25,0.74,68
24,2018-07-25,优,42,116,16,32,11,19,0.62,68
25,2018-07-26,良,52,189,19,38,10,21,0.63,80
26,2018-07-27,良,54,237,21,42,12,23,0.72,78
27,2018-07-28,良,52,197,21,43,11,23,0.68,76
28,2018-07-29,良,60,221,23,47,10,22,0.7,84
29,2018-07-30,良,59,222,23,46,9,27,0.67,93
30,2018-07-31,良,61,250,26,48,10,25,0.71,88
0,2018-06-01,优,44,58,15,21,3,18,0.68,86
1,2018-06-02,良,51,80,27,33,3,18,0.63,94
2,2018-06-03,良,69,158,32,47,5,22,0.67,108
3,2018-06-04,良,63,162,36,55,6,37,0.71,73
4,2018-06-05,优,37,42,20,28,4,32,0.67,55
5,2018-06-06,优,48,75,20,33,7,25,0.76,73
6,2018-06-07,良,51,95,33,49,6,25,0.81,48
7,2018-06-08,优,34,56,15,25,5,20,0.63,37
8,2018-06-09,良,51,158,30,50,5,18,0.65,88
9,2018-06-10,良,86,352,36,54,7,19,0.73,137
10,2018-06-11,良,96,326,36,69,9,47,0.77,119
11,2018-06-12,良,65,169,35,63,13,44,0.83,74
12,2018-06-13,优,40,70,19,31,7,25,0.68,73
13,2018-06-14,良,51,117,29,47,6,24,0.7,86
14,2018-06-15,良,93,286,43,66,7,19,0.74,132
15,2018-06-16,良,90,291,33,56,8,30,0.66,133
16,2018-06-17,轻度污染,102,345,42,65,8,23,0.71,157
17,2018-06-18,良,90,323,48,70,11,18,0.74,144
18,2018-06-19,良,62,268,38,55,10,15,0.85,97
19,2018-06-20,优,44,143,16,24,4,12,0.74,86
20,2018-06-21,优,43,124,25,34,4,19,0.76,73
21,2018-06-22,优,49,168,30,44,6,19,0.91,79
22,2018-06-23,良,54,175,31,47,4,18,0.83,69
23,2018-06-24,优,36,97,12,26,7,16,0.61,68
24,2018-06-25,优,42,134,13,29,11,20,0.65,69
25,2018-06-26,优,34,100,11,28,8,17,0.54,56
26,2018-06-27,优,33,71,13,29,7,16,0.51,53
27,2018-06-28,优,36,88,12,30,7,17,0.53,55
28,2018-06-29,优,42,100,15,35,8,20,0.58,67
29,2018-06-30,优,50,170,25,50,9,27,0.68,56
0,2018-05-01,优,37,26,20,31,13,17,0.67,57
1,2018-05-02,良,64,208,45,67,8,16,0.73,93
2,2018-05-03,良,80,316,49,87,8,29,0.78,117
3,2018-05-04,良,63,129,38,68,14,38,0.73,82
4,2018-05-05,良,51,102,30,48,10,26,0.75,58
5,2018-05-06,优,40,65,15,27,7,14,0.53,75
6,2018-05-07,优,48,111,22,31,5,15,0.62,95
7,2018-05-08,良,59,150,25,36,7,21,0.59,104
8,2018-05-09,良,52,96,24,37,7,24,0.67,95
9,2018-05-10,良,72,204,50,63,7,28,0.87,96
10,2018-05-11,良,59,142,37,52,9,27,0.97,69
11,2018-05-12,优,45,44,31,34,4,19,0.94,61
12,2018-05-13,良,59,110,31,49,8,34,1.06,66
13,2018-05-14,优,47,52,22,40,12,26,0.75,66
14,2018-05-15,优,44,51,20,41,9,19,0.62,74
15,2018-05-16,优,47,78,22,43,9,17,0.6,79
16,2018-05-17,良,52,102,25,47,9,23,0.59,79
17,2018-05-18,良,54,102,23,44,9,28,0.65,79
18,2018-05-19,良,56,171,26,43,6,24,0.66,95
19,2018-05-20,良,64,290,35,57,8,20,0.67,91
20,2018-05-21,优,43,83,28,37,3,14,0.73,53
21,2018-05-22,优,38,37,14,32,3,12,0.59,57
22,2018-05-23,良,88,257,53,124,5,22,0.63,60
23,2018-05-24,良,64,130,37,65,9,28,0.94,75
24,2018-05-25,良,57,137,26,54,8,24,0.68,82
25,2018-05-26,优,40,54,26,33,4,11,0.87,64
26,2018-05-27,轻度污染,130,348,68,198,5,16,0.62,80
27,2018-05-28,轻度污染,106,297,63,153,8,26,0.71,115
28,2018-05-29,轻度污染,103,300,71,143,12,39,0.94,102
29,2018-05-30,良,63,168,41,66,5,27,0.78,60
30,2018-05-31,良,51,101,10,13,3,14,0.53,94
0,2018-04-01,轻度污染,121,285,89,125,17,60,1.34,62
1,2018-04-02,良,82,169,59,93,15,45,0.99,66
2,2018-04-03,良,84,210,56,85,16,42,0.97,69
3,2018-04-04,良,78,250,43,103,7,31,0.74,51
4,2018-04-05,优,38,17,22,33,5,18,0.6,39
5,2018-04-05,优,38,17,22,33,5,18,0.6,39
6,2018-04-06,良,67,137,28,88,7,19,0.56,74
7,2018-04-07,良,95,322,38,138,9,31,0.46,82
8,2018-04-08,良,81,221,45,110,22,52,0.78,64
9,2018-04-09,良,76,140,43,92,21,50,0.76,82
10,2018-04-10,良,78,133,47,87,16,37,0.73,112
11,2018-04-11,良,61,98,41,69,15,32,0.77,67
12,2018-04-12,良,52,59,35,51,14,39,0.87,47
13,2018-04-13,优,22,3,8,8,4,17,0.64,43
14,2018-04-14,优,46,103,18,36,6,17,0.57,80
15,2018-04-15,轻度污染,130,325,43,200,10,30,0.66,76
16,2018-04-16,重度污染,238,362,77,370,11,49,0.75,72
17,2018-04-17,轻度污染,125,324,62,199,21,45,0.83,87
18,2018-04-18,良,93,203,48,124,18,48,0.75,97
19,2018-04-19,良,83,157,45,96,16,44,0.74,97
20,2018-04-20,良,76,189,51,74,16,33,0.84,91
21,2018-04-21,优,46,32,26,40,10,19,0.8,72
22,2018-04-22,优,42,66,26,41,10,23,0.77,56
23,2018-04-23,优,39,55,24,23,4,14,0.84,55
24,2018-04-24,良,73,299,52,52,5,20,0.83,54
25,2018-04-25,良,80,252,58,61,7,25,0.84,77
26,2018-04-26,良,90,267,66,61,5,30,0.92,55
27,2018-04-27,良,62,112,37,45,5,39,0.93,58
28,2018-04-28,良,84,200,44,76,13,50,1.08,83
29,2018-04-29,良,56,66,37,58,14,36,1.08,40
30,2018-04-30,优,43,36,25,41,10,25,0.84,51
0,2018-03-01,良,62,163,41,48,11,41,0.98,43
1,2018-03-02,良,80,254,58,33,4,23,0.87,38
2,2018-03-03,良,93,252,69,63,16,35,1.14,47
3,2018-03-04,良,54,130,34,49,12,28,0.81,48
4,2018-03-05,优,44,120,30,28,4,23,0.72,40
5,2018-03-06,优,36,50,24,12,4,26,0.68,30
6,2018-03-07,优,37,67,21,16,4,18,0.49,53
7,2018-03-08,良,56,187,39,24,6,26,0.62,64
8,2018-03-09,良,71,192,47,56,8,47,0.75,53
9,2018-03-10,良,63,90,35,72,14,46,0.75,70
10,2018-03-11,良,69,129,47,82,25,57,0.83,47
11,2018-03-12,良,83,201,61,93,28,56,1.03,60
12,2018-03-13,良,96,252,71,92,18,63,1.1,45
13,2018-03-14,良,72,179,52,60,16,37,0.93,52
14,2018-03-15,优,49,74,32,50,17,39,0.87,58
15,2018-03-16,良,78,281,56,68,5,28,0.64,40
16,2018-03-17,良,67,232,48,45,5,34,0.71,17
17,2018-03-18,优,16,1,9,7,4,23,0.69,25
18,2018-03-19,良,52,145,36,9,4,21,0.82,51
19,2018-03-20,良,59,200,41,25,5,26,0.81,65
20,2018-03-21,良,84,316,62,73,9,57,1.04,34
21,2018-03-22,轻度污染,106,308,66,126,17,61,1.16,42
22,2018-03-23,轻度污染,110,283,60,168,14,60,0.94,53
23,2018-03-24,良,86,208,60,98,12,53,0.87,46
24,2018-03-25,良,64,90,45,54,6,42,0.73,48
25,2018-03-26,良,69,112,46,58,8,46,0.86,62
26,2018-03-27,良,75,161,46,68,17,50,0.99,69
27,2018-03-28,良,74,151,46,82,15,56,0.92,72
28,2018-03-29,良,95,257,70,96,16,54,1.0,52
29,2018-03-30,良,82,227,60,75,11,30,0.74,54
30,2018-03-31,轻度污染,142,338,108,132,12,35,1.07,92
0,2018-02-01,良,77,124,56,76,13,53,0.98,48
1,2018-02-02,良,84,228,54,91,18,41,0.87,54
2,2018-02-03,良,62,169,27,71,11,25,0.62,59
3,2018-02-04,良,55,59,30,59,13,28,0.67,51
4,2018-02-05,良,62,131,43,58,13,37,0.75,52
5,2018-02-06,良,81,233,59,86,12,66,1.01,36
6,2018-02-07,良,87,196,64,89,12,57,0.91,54
7,2018-02-08,良,88,167,64,86,13,56,0.95,59
8,2018-02-09,良,97,147,72,106,17,67,1.11,42
9,2018-02-10,中度污染,160,335,120,132,12,44,1.14,49
10,2018-02-11,中度污染,183,364,138,148,9,39,1.24,59
11,2018-02-12,轻度污染,136,356,98,157,9,40,1.08,74
12,2018-02-13,轻度污染,104,301,77,137,17,40,1.1,72
13,2018-02-14,轻度污染,106,290,79,124,32,38,1.22,68
14,2018-02-15,中度污染,186,362,141,160,11,22,1.26,39
15,2018-02-16,重度污染,216,330,168,191,12,23,1.18,55
16,2018-02-17,轻度污染,130,286,98,109,7,20,1.2,54
17,2018-02-18,轻度污染,110,292,82,67,4,13,1.09,44
18,2018-02-19,轻度污染,112,318,84,12,4,13,0.95,57
19,2018-02-20,优,47,83,33,7,4,14,0.79,36
20,2018-02-21,优,39,51,27,19,4,16,0.84,29
21,2018-02-22,良,91,268,67,48,4,24,1.03,38
22,2018-02-23,良,64,198,44,57,24,28,1.08,40
23,2018-02-24,优,50,122,34,43,11,31,0.95,30
24,2018-02-25,轻度污染,116,343,87,125,7,28,0.94,55
25,2018-02-26,良,86,241,62,76,10,38,0.92,54
26,2018-02-27,良,53,95,36,50,10,36,0.99,43
27,2018-02-28,优,34,7,18,22,5,26,0.75,62
0,2018-01-01,轻度污染,108,170,80,129,19,60,1.05,35
1,2018-01-02,轻度污染,113,244,84,95,12,51,1.1,18
2,2018-01-03,良,71,224,52,7,5,41,1.52,10
3,2018-01-04,优,20,14,11,9,3,25,0.75,19
4,2018-01-05,轻度污染,109,315,81,6,6,27,0.91,28
5,2018-01-06,优,46,124,32,13,5,28,0.96,15
6,2018-01-07,良,85,239,63,24,4,23,0.95,53
7,2018-01-08,轻度污染,107,297,79,23,10,31,0.93,61
8,2018-01-09,良,79,303,57,86,10,59,1.16,27
9,2018-01-10,良,100,339,74,109,17,65,1.44,21
10,2018-01-11,良,77,270,54,83,10,60,1.01,27
11,2018-01-12,良,72,200,51,84,13,64,0.9,30
12,2018-01-13,良,84,150,62,99,21,67,0.98,21
13,2018-01-14,轻度污染,110,224,82,123,54,75,1.32,12
14,2018-01-15,轻度污染,130,238,98,140,40,77,1.47,11
15,2018-01-16,中度污染,174,300,131,63,11,52,1.21,13
16,2018-01-17,中度污染,174,290,131,60,21,60,1.27,25
17,2018-01-18,中度污染,188,307,141,18,8,39,1.15,27
18,2018-01-19,严重污染,280,349,229,0,6,40,1.69,28
19,2018-01-20,重度污染,207,291,161,0,9,49,1.46,27
20,2018-01-21,良,85,172,62,10,6,33,1.0,46
21,2018-01-22,良,70,160,50,48,9,43,1.11,38
22,2018-01-23,轻度污染,105,265,77,83,7,46,1.43,8
23,2018-01-24,优,48,91,34,4,4,34,1.03,5
24,2018-01-25,优,24,17,16,12,4,25,0.66,30
25,2018-01-26,良,75,276,54,3,5,24,0.75,38
26,2018-01-27,良,59,192,41,0,4,21,0.79,52
27,2018-01-28,良,79,245,57,5,5,16,0.64,67
28,2018-01-29,轻度污染,121,290,91,9,9,26,0.87,72
29,2018-01-30,轻度污染,126,283,95,30,11,39,1.03,63
30,2018-01-31,轻度污染,102,262,74,30,13,36,0.88,75
0,2017-12-01,良,71,229,52,46,5,37,0.81,6
1,2017-12-02,良,86,211,63,68,9,42,0.91,9
2,2017-12-03,良,86,214,63,77,15,49,1.18,10
3,2017-12-04,中度污染,152,321,117,27,11,41,1.0,47
4,2017-12-05,重度污染,212,362,167,34,14,51,1.32,53
5,2017-12-06,轻度污染,134,311,101,120,18,72,1.18,36
6,2017-12-07,中度污染,167,335,126,130,16,63,1.16,14
7,2017-12-08,轻度污染,116,352,87,97,20,50,0.91,53
8,2017-12-09,轻度污染,129,350,97,123,29,76,1.12,36
9,2017-12-10,轻度污染,107,299,80,107,18,65,1.0,52
10,2017-12-11,良,91,233,64,104,15,67,0.95,38
11,2017-12-12,良,86,234,62,102,16,65,0.81,26
12,2017-12-13,轻度污染,108,308,80,46,8,48,0.97,7
13,2017-12-14,良,73,201,52,0,3,34,0.89,9
14,2017-12-15,良,65,193,46,22,3,33,1.0,10
15,2017-12-16,轻度污染,114,321,85,27,8,31,0.9,48
16,2017-12-17,良,78,256,56,63,12,41,0.81,53
17,2017-12-18,良,78,239,57,73,12,58,0.94,40
18,2017-12-19,良,86,263,63,80,16,59,0.85,45
19,2017-12-20,良,95,276,70,103,20,75,1.13,30
20,2017-12-21,轻度污染,104,262,77,117,17,80,1.33,26
21,2017-12-22,轻度污染,106,180,80,119,35,80,1.16,27
22,2017-12-23,中度污染,185,310,142,156,23,82,1.45,15
23,2017-12-24,中度污染,162,314,123,106,17,57,1.05,46
24,2017-12-25,良,87,197,64,102,15,75,1.13,37
25,2017-12-26,轻度污染,111,233,83,108,17,75,1.14,36
26,2017-12-27,中度污染,189,330,144,174,23,88,1.39,9
27,2017-12-28,轻度污染,118,195,88,90,17,58,1.09,19
28,2017-12-29,轻度污染,126,190,95,40,7,38,1.01,21
29,2017-12-30,中度污染,162,257,120,99,11,43,1.1,41
30,2017-12-31,轻度污染,119,197,90,140,16,60,1.22,37
0,2017-11-01,良,98,245,69,118,18,73,1.01,71
1,2017-11-02,中度污染,154,329,117,162,18,79,1.15,80
2,2017-11-03,重度污染,201,361,157,173,20,70,1.1,95
3,2017-11-04,重度污染,228,364,181,77,16,41,1.29,92
4,2017-11-05,良,85,234,58,81,12,59,0.75,72
5,2017-11-06,良,94,220,69,114,20,72,0.86,53
6,2017-11-07,中度污染,173,338,132,164,41,89,1.39,34
7,2017-11-08,重度污染,224,365,177,198,18,79,1.42,67
8,2017-11-09,中度污染,156,343,119,151,20,78,1.22,65
9,2017-11-10,轻度污染,141,356,106,112,13,49,1.08,47
10,2017-11-11,良,92,335,66,103,12,37,0.78,32
11,2017-11-12,良,89,311,65,61,6,33,0.69,19
12,2017-11-13,优,49,90,34,14,6,34,0.83,13
13,2017-11-14,轻度污染,113,322,84,18,8,36,0.82,18
14,2017-11-15,轻度污染,143,343,108,10,10,48,1.04,16
15,2017-11-16,中度污染,152,342,115,38,9,48,1.29,7
16,2017-11-17,优,42,80,28,21,5,34,1.16,10
17,2017-11-18,良,72,319,52,35,6,40,0.9,22
18,2017-11-19,良,64,223,45,58,8,34,0.67,27
19,2017-11-20,良,73,259,53,51,8,33,0.61,36
20,2017-11-21,良,93,274,69,64,11,43,0.76,28
21,2017-11-22,轻度污染,108,326,81,62,15,43,0.79,36
22,2017-11-23,良,84,316,55,89,14,46,0.68,44
23,2017-11-24,良,78,261,51,103,16,65,0.82,32
24,2017-11-25,轻度污染,111,325,82,127,24,70,1.25,14
25,2017-11-26,良,84,236,61,87,19,58,1.13,28
26,2017-11-27,良,97,264,72,114,30,64,1.16,37
27,2017-11-28,轻度污染,111,260,83,59,10,48,1.0,26
28,2017-11-29,重度污染,205,366,157,6,10,41,1.13,30
29,2017-11-30,优,41,73,29,15,4,34,0.77,12
0,2017-10-01,良,63,265,35,64,14,34,0.75,65
1,2017-10-02,优,48,210,31,49,9,21,0.81,39
2,2017-10-03,优,30,66,18,24,7,16,0.8,40
3,2017-10-05,优,19,8,8,11,6,16,0.57,34
4,2017-10-06,优,29,32,17,26,7,23,0.74,33
5,2017-10-07,优,50,137,31,51,8,35,0.87,25
6,2017-10-08,良,61,222,42,67,10,34,0.91,45
7,2017-10-09,良,80,318,58,84,9,29,0.89,58
8,2017-10-10,良,99,355,74,99,10,27,1.01,46
9,2017-10-11,优,28,66,19,19,6,26,0.7,22
10,2017-10-12,优,14,2,5,7,6,22,0.65,27
11,2017-10-13,优,40,133,27,27,8,26,0.67,28
12,2017-10-14,优,48,202,32,43,8,27,0.62,36
13,2017-10-15,优,34,107,22,28,6,23,0.53,57
14,2017-10-16,优,28,62,7,9,6,21,0.5,53
15,2017-10-17,优,25,33,13,16,6,22,0.59,47
16,2017-10-18,优,31,65,21,27,7,22,0.67,46
17,2017-10-19,优,35,78,23,30,7,20,0.56,59
18,2017-10-20,良,52,144,34,45,10,27,0.68,73
19,2017-10-21,良,57,150,36,51,10,27,0.72,85
20,2017-10-22,良,92,284,68,82,13,40,0.88,77
21,2017-10-23,中度污染,159,364,120,104,15,44,1.07,72
22,2017-10-24,中度污染,173,365,130,110,12,54,1.19,72
23,2017-10-25,轻度污染,114,308,81,102,12,56,0.86,59
24,2017-10-26,轻度污染,101,265,75,105,16,46,0.83,79
25,2017-10-27,轻度污染,117,296,88,120,15,59,0.93,80
26,2017-10-28,轻度污染,128,316,94,121,15,53,0.92,96
27,2017-10-29,轻度污染,126,357,94,113,14,42,0.9,108
28,2017-10-30,良,69,200,44,85,15,42,0.61,65
29,2017-10-31,良,78,198,54,92,15,63,0.78,63
0,2017-09-01,优,44,120,27,42,7,18,0.67,67
1,2017-09-02,良,68,272,47,72,9,21,0.79,83
2,2017-09-03,优,35,70,23,32,6,16,0.7,42
3,2017-09-04,优,38,111,23,34,7,17,0.72,58
4,2017-09-05,良,52,219,36,46,7,21,0.82,56
5,2017-09-06,优,41,126,27,37,7,18,0.78,48
6,2017-09-07,优,44,130,21,35,8,20,0.61,78
7,2017-09-08,良,58,214,33,64,9,51,0.78,21
8,2017-09-09,良,61,212,32,53,8,30,0.78,68
9,2017-09-10,优,41,108,22,35,15,22,0.69,59
10,2017-09-11,优,45,165,22,36,9,18,0.67,78
11,2017-09-12,良,58,189,38,63,10,37,0.91,46
12,2017-09-13,良,55,137,36,55,10,32,0.89,62
13,2017-09-14,良,77,287,42,65,10,27,0.75,123
14,2017-09-15,良,79,292,29,59,12,33,0.62,122
15,2017-09-16,良,97,330,51,79,13,36,0.74,121
16,2017-09-17,良,92,297,48,89,13,42,0.75,104
17,2017-09-18,轻度污染,106,316,63,109,14,44,0.91,122
18,2017-09-19,良,95,292,70,100,10,31,0.97,67
19,2017-09-20,优,37,70,22,24,7,17,0.81,57
20,2017-09-21,优,44,105,27,40,8,20,0.71,67
21,2017-09-22,良,55,150,31,47,9,23,0.73,84
22,2017-09-23,良,73,242,47,77,10,40,0.9,77
23,2017-09-24,良,78,301,51,82,13,29,0.95,88
24,2017-09-25,良,52,207,26,50,15,28,0.7,64
25,2017-09-26,良,54,212,26,55,15,34,0.69,63
26,2017-09-27,良,64,306,44,62,7,21,0.95,41
27,2017-09-28,优,31,42,12,20,7,17,0.71,59
28,2017-09-29,优,38,72,19,36,10,27,0.71,64
29,2017-09-30,良,68,255,41,76,14,38,0.91,70
0,2017-08-01,优,46,146,29,40,6,17,0.79,62
1,2017-08-02,优,50,222,28,46,7,21,0.79,84
2,2017-08-03,良,72,308,35,59,11,30,0.91,86
3,2017-08-04,良,66,245,29,55,17,27,0.77,87
4,2017-08-05,良,56,179,24,50,12,27,0.75,76
5,2017-08-06,良,61,218,25,63,13,29,0.7,69
6,2017-08-07,良,54,180,20,50,14,24,0.66,67
7,2017-08-08,优,50,201,23,49,12,20,0.67,66
8,2017-08-09,优,34,70,18,30,7,19,0.78,55
9,2017-08-10,优,45,141,17,34,13,21,0.72,73
10,2017-08-11,优,34,57,16,32,14,22,0.65,46
11,2017-08-12,优,37,99,19,36,14,27,0.76,32
12,2017-08-13,优,38,105,18,34,13,24,0.72,33
13,2017-08-14,优,24,19,11,16,7,20,0.7,47
14,2017-08-15,优,43,145,19,32,9,20,0.67,74
15,2017-08-16,优,29,43,10,25,15,22,0.57,45
16,2017-08-17,优,39,109,16,37,12,27,0.59,49
17,2017-08-18,优,48,176,22,45,19,26,0.65,62
18,2017-08-19,优,45,142,21,44,15,25,0.55,53
19,2017-08-20,良,51,204,26,51,12,23,0.58,64
20,2017-08-21,良,82,329,43,77,13,30,0.76,97
21,2017-08-22,良,52,182,32,52,7,21,0.66,73
22,2017-08-23,优,49,188,15,42,8,14,0.49,88
23,2017-08-24,优,41,141,14,36,11,18,0.52,66
24,2017-08-25,良,52,238,24,48,9,24,0.63,69
25,2017-08-26,优,50,231,31,50,9,15,0.77,80
26,2017-08-27,良,55,243,34,54,9,19,0.79,79
27,2017-08-28,优,33,84,10,27,11,18,0.51,54
28,2017-08-29,良,55,316,29,55,14,22,0.74,60
29,2017-08-30,优,37,157,24,32,6,14,0.84,42
30,2017-08-31,优,41,141,26,39,6,16,0.64,55
0,2017-07-01,优,17,2,8,13,5,18,0.55,30
1,2017-07-02,优,30,61,14,24,8,16,0.62,54
2,2017-07-03,优,30,75,12,25,14,18,0.65,38
3,2017-07-04,优,30,53,13,25,10,16,0.66,48
4,2017-07-05,优,38,89,18,34,12,20,0.62,58
5,2017-07-06,优,35,88,14,31,11,18,0.55,54
6,2017-07-07,优,36,108,13,32,12,21,0.56,50
7,2017-07-08,优,36,94,14,33,11,19,0.63,53
8,2017-07-09,优,27,37,10,25,9,14,0.57,40
9,2017-07-10,优,27,28,10,20,7,15,0.62,46
10,2017-07-11,优,37,69,17,35,12,21,0.72,41
11,2017-07-12,优,44,94,21,43,10,27,0.69,48
12,2017-07-13,良,53,154,28,54,11,31,0.72,58
13,2017-07-14,良,59,219,31,56,13,28,0.68,79
14,2017-07-15,良,60,254,27,52,14,27,0.67,83
15,2017-07-16,优,50,168,21,48,14,28,0.62,56
16,2017-07-17,良,55,190,25,52,13,26,0.66,70
17,2017-07-18,优,38,99,16,36,10,16,0.56,58
18,2017-07-19,优,35,84,13,33,14,17,0.63,60
19,2017-07-20,优,36,78,13,34,11,17,0.62,58
20,2017-07-21,优,50,177,22,45,11,22,0.66,71
21,2017-07-22,良,72,289,33,72,18,33,0.78,84
22,2017-07-23,良,86,307,39,86,15,33,0.74,92
23,2017-07-24,良,58,193,23,50,18,26,0.71,71
24,2017-07-25,良,59,190,22,52,16,29,0.71,72
25,2017-07-26,良,74,246,35,78,19,34,0.88,81
26,2017-07-27,良,80,281,41,72,20,30,0.75,98
27,2017-07-28,良,87,321,54,93,7,31,0.77,98
28,2017-07-29,良,89,342,62,93,7,23,0.96,90
29,2017-07-30,良,87,321,63,97,6,16,0.98,95
30,2017-07-31,良,70,238,49,68,6,14,0.92,82
0,2017-06-01,优,46,92,19,28,4,17,0.71,78
1,2017-06-02,良,56,154,29,47,7,22,0.78,94
2,2017-06-03,良,62,203,39,61,10,30,0.99,71
3,2017-06-04,良,56,172,37,58,7,28,0.94,53
4,2017-06-05,优,36,36,18,26,4,18,0.84,53
5,2017-06-06,优,42,82,16,28,5,18,0.72,80
6,2017-06-07,良,67,245,31,56,19,36,1.09,79
7,2017-06-08,良,60,177,33,61,14,29,1.07,75
8,2017-06-09,优,43,114,22,41,11,21,0.85,58
9,2017-06-10,优,34,78,12,28,7,16,0.72,48
10,2017-06-11,优,41,97,16,22,4,13,0.83,79
11,2017-06-12,优,50,175,29,41,6,20,0.9,67
12,2017-06-13,优,28,36,10,17,5,15,0.81,56
13,2017-06-14,优,37,89,12,21,5,17,0.6,68
14,2017-06-15,优,34,47,13,21,4,22,0.6,62
15,2017-06-16,优,43,107,24,37,5,23,0.64,69
16,2017-06-17,良,71,190,38,58,8,27,0.77,97
17,2017-06-18,良,91,278,53,84,9,29,0.84,120
18,2017-06-19,良,70,254,49,79,13,34,0.94,76
19,2017-06-20,良,79,292,57,82,13,32,1.07,60
20,2017-06-21,优,48,122,30,38,5,20,0.81,74
21,2017-06-22,优,44,144,22,43,11,25,0.87,52
22,2017-06-23,优,29,34,15,28,9,28,0.85,19
23,2017-06-24,优,22,8,10,16,4,22,0.63,35
24,2017-06-25,优,27,35,10,19,4,26,0.68,47
25,2017-06-26,优,40,87,26,37,7,35,0.94,38
26,2017-06-27,优,44,89,17,25,10,21,0.72,84
27,2017-06-28,优,33,38,11,19,13,24,0.94,64
28,2017-06-29,优,25,25,14,23,10,31,0.96,23
29,2017-06-30,优,25,32,15,22,7,26,0.76,20
0,2017-05-01,良,89,254,66,84,9,31,1.02,66
1,2017-05-02,良,80,242,58,71,7,21,0.89,70
2,2017-05-03,良,68,248,44,63,8,18,0.86,74
3,2017-05-04,优,45,105,12,21,6,12,0.64,89
4,2017-05-05,良,56,94,27,47,7,30,0.78,87
5,2017-05-06,中度污染,174,295,74,247,11,25,0.76,95
6,2017-05-07,轻度污染,129,263,81,198,7,21,0.69,56
7,2017-05-08,优,44,56,26,39,5,19,0.69,64
8,2017-05-09,良,57,134,29,55,10,38,0.97,67
9,2017-05-10,良,74,223,43,88,13,53,1.02,70
10,2017-05-11,良,61,125,38,67,9,33,0.9,60
11,2017-05-12,优,49,85,22,35,5,18,0.61,88
12,2017-05-13,良,75,243,33,72,12,45,0.95,83
13,2017-05-14,良,78,241,33,76,11,46,0.8,91
14,2017-05-15,良,91,343,63,100,8,31,0.9,79
15,2017-05-16,良,79,307,38,59,7,20,0.74,109
16,2017-05-17,良,87,268,41,77,13,55,0.93,107
17,2017-05-18,良,84,217,45,78,12,51,0.89,93
18,2017-05-19,良,72,169,51,79,11,47,0.88,52
19,2017-05-20,良,68,174,48,66,14,30,0.92,75
20,2017-05-20,良,68,174,48,66,14,30,0.92,75
21,2017-05-21,良,65,201,46,66,7,37,0.91,47
22,2017-05-22,优,49,157,31,47,8,27,0.82,46
23,2017-05-23,优,42,83,9,15,3,14,0.62,81
24,2017-05-24,良,56,188,21,34,5,15,0.59,109
25,2017-05-25,良,68,214,28,49,9,24,0.65,120
26,2017-05-26,良,77,229,34,60,9,45,0.77,99
27,2017-05-27,良,97,252,41,82,13,56,0.9,106
28,2017-05-28,轻度污染,106,283,50,97,18,61,0.97,113
29,2017-05-29,良,89,218,46,83,14,45,0.83,110
30,2017-05-30,良,83,247,60,96,16,41,1.03,80
31,2017-05-31,轻度污染,104,308,77,106,10,39,1.18,56
0,2017-04-01,良,71,192,49,74,11,60,0.97,59
1,2017-04-02,良,76,175,48,88,17,62,1.07,68
2,2017-04-03,良,70,113,47,85,22,53,0.82,75
3,2017-04-04,良,73,150,49,85,14,29,0.69,102
4,2017-04-05,良,83,223,59,96,16,44,0.89,56
5,2017-04-06,良,67,148,48,51,5,26,0.93,34
6,2017-04-07,良,62,149,42,61,9,39,1.02,56
7,2017-04-08,良,83,266,61,79,11,38,1.01,41
8,2017-04-09,优,34,36,16,14,4,18,0.99,53
9,2017-04-10,优,35,46,7,10,4,17,0.54,70
10,2017-04-11,优,44,90,25,32,6,24,0.66,67
11,2017-04-12,良,63,164,44,60,12,43,0.92,60
12,2017-04-13,良,76,220,49,86,12,51,1.13,69
13,2017-04-14,良,66,119,39,76,16,51,1.04,74
14,2017-04-15,良,74,144,51,90,18,51,1.15,48
15,2017-04-16,良,69,154,47,78,14,37,1.11,47
16,2017-04-17,优,44,47,17,30,8,20,0.69,77
17,2017-04-18,良,61,128,30,71,17,37,0.93,57
18,2017-04-19,良,72,163,40,92,17,43,0.92,58
19,2017-04-20,良,56,131,26,63,8,16,0.66,82
20,2017-04-21,良,53,131,20,51,5,21,0.57,66
21,2017-04-22,良,67,185,30,81,8,33,0.67,67
22,2017-04-23,良,82,281,44,104,16,52,0.97,73
23,2017-04-23,良,82,281,44,104,16,52,0.97,73
24,2017-04-24,良,77,216,45,94,16,44,0.91,91
25,2017-04-25,良,54,144,38,43,6,31,0.93,51
26,2017-04-26,良,68,268,44,51,5,17,0.94,70
27,2017-04-27,良,73,287,42,63,9,23,0.85,102
28,2017-04-28,良,75,244,37,74,14,49,0.83,94
29,2017-04-29,良,83,230,47,89,18,55,1.0,88
30,2017-04-30,良,80,187,49,97,19,52,0.93,85
0,2017-03-01,良,99,294,60,115,17,52,0.8,52
1,2017-03-02,良,64,130,24,77,12,41,0.49,64
2,2017-03-03,良,89,272,56,125,34,73,1.0,30
3,2017-03-04,轻度污染,107,264,80,123,19,70,1.22,9
4,2017-03-05,良,69,169,49,45,8,37,0.97,21
5,2017-03-06,轻度污染,130,348,98,110,9,34,1.0,49
6,2017-03-07,重度污染,230,364,181,179,17,53,1.44,55
7,2017-03-08,轻度污染,134,356,102,119,21,52,1.06,82
8,2017-03-09,轻度污染,125,356,94,126,20,76,1.27,42
9,2017-03-10,良,60,105,42,41,6,39,0.83,59
10,2017-03-11,良,72,180,50,66,9,49,0.95,37
11,2017-03-12,优,43,51,29,40,7,51,0.98,15
12,2017-03-13,优,29,18,9,6,5,24,0.69,55
13,2017-03-14,优,43,84,28,40,8,25,0.61,52
14,2017-03-15,良,56,119,39,50,9,40,0.76,34
15,2017-03-16,良,60,147,42,50,8,39,0.8,41
16,2017-03-17,优,41,34,29,32,5,52,0.92,22
17,2017-03-18,良,61,124,42,31,6,39,0.93,33
18,2017-03-19,优,44,55,29,32,5,44,1.03,18
19,2017-03-20,良,55,109,38,40,6,36,1.03,40
20,2017-03-21,良,57,121,40,42,7,44,0.88,44
21,2017-03-22,优,25,3,15,14,5,35,0.93,40
22,2017-03-23,优,42,50,27,38,8,45,1.07,19
23,2017-03-24,优,24,6,14,14,5,25,0.79,43
24,2017-03-25,良,62,162,32,67,9,39,0.88,36
25,2017-03-26,良,93,302,44,134,12,55,1.21,45
26,2017-03-27,良,89,289,49,127,20,58,1.15,51
27,2017-03-28,良,74,172,47,90,16,60,1.05,26
28,2017-03-29,优,40,6,27,33,6,38,0.97,39
29,2017-03-30,优,47,49,32,37,7,36,1.04,39
30,2017-03-31,良,60,169,42,48,7,23,0.7,95
0,2017-02-01,良,68,192,49,27,4,14,0.91,34
1,2017-02-02,良,52,105,36,19,4,16,0.83,32
2,2017-02-03,优,32,13,22,19,6,19,0.98,14
3,2017-02-04,优,43,29,30,29,8,25,1.16,12
4,2017-02-05,优,50,65,34,42,18,35,1.37,11
5,2017-02-06,良,67,168,48,56,6,31,1.24,12
6,2017-02-07,良,89,291,66,70,6,27,1.12,21
7,2017-02-08,优,40,65,27,20,5,17,0.63,56
8,2017-02-09,轻度污染,109,319,81,37,14,26,0.99,72
9,2017-02-10,良,78,235,57,55,14,29,0.75,79
10,2017-02-11,良,74,176,53,70,19,48,0.9,50
11,2017-02-12,轻度污染,129,290,96,118,30,59,1.28,40
12,2017-02-13,良,89,165,65,93,18,67,1.07,46
13,2017-02-14,良,86,137,63,91,18,71,0.95,49
14,2017-02-15,轻度污染,116,208,87,134,26,90,1.33,44
15,2017-02-16,轻度污染,112,232,83,130,25,72,1.26,61
16,2017-02-17,中度污染,170,349,132,166,15,47,1.27,57
17,2017-02-18,轻度污染,144,322,109,136,11,44,0.92,28
18,2017-02-19,中度污染,161,299,121,167,25,63,1.42,47
19,2017-02-20,轻度污染,102,263,75,114,19,52,1.02,56
20,2017-02-21,良,52,119,35,50,6,25,0.65,34
21,2017-02-22,良,51,112,35,34,6,24,0.62,47
22,2017-02-23,良,66,196,47,34,10,30,0.72,57
23,2017-02-24,良,55,137,38,44,8,34,0.69,66
24,2017-02-25,良,83,234,61,77,11,48,0.89,51
25,2017-02-26,良,89,251,66,89,15,60,0.91,61
26,2017-02-27,良,94,245,69,102,20,73,0.91,61
27,2017-02-28,轻度污染,114,295,85,137,30,82,1.18,51
0,2017-01-01,轻度污染,142,191,107,148,32,88,1.54,15
1,2017-01-02,重度污染,222,300,171,154,19,48,1.34,35
2,2017-01-03,重度污染,240,319,189,208,23,65,1.57,23
3,2017-01-04,严重污染,266,332,215,241,28,88,1.89,14
4,2017-01-05,轻度污染,140,248,110,59,11,46,1.86,5
5,2017-01-06,优,31,20,19,14,6,34,2.18,11
6,2017-01-07,优,34,29,20,16,6,38,1.93,9
7,2017-01-08,优,43,44,30,31,10,36,1.0,28
8,2017-01-09,良,85,215,62,74,16,49,1.4,26
9,2017-01-10,轻度污染,107,243,80,76,13,40,1.62,36
10,2017-01-11,良,72,181,52,36,7,34,1.21,29
11,2017-01-12,良,56,135,40,40,9,32,1.16,49
12,2017-01-13,良,88,239,65,74,13,50,1.18,38
13,2017-01-14,轻度污染,101,288,75,91,14,55,1.11,20
14,2017-01-15,良,95,269,70,83,13,42,0.99,29
15,2017-01-16,良,92,225,67,87,12,51,1.06,15
16,2017-01-17,轻度污染,147,290,111,116,12,47,1.1,14
17,2017-01-18,轻度污染,117,234,87,70,9,44,1.03,18
18,2017-01-19,轻度污染,142,275,108,105,10,39,1.01,20
19,2017-01-20,良,93,279,62,84,12,32,0.74,54
20,2017-01-21,良,93,263,68,112,16,49,0.91,50
21,2017-01-22,轻度污染,128,304,96,131,14,58,1.19,45
22,2017-01-23,轻度污染,116,275,87,111,12,60,1.13,49
23,2017-01-24,轻度污染,120,252,90,107,11,48,1.04,42
24,2017-01-25,中度污染,159,268,120,127,12,32,1.11,56
25,2017-01-26,良,91,126,66,81,14,38,0.99,60
26,2017-01-27,轻度污染,139,276,105,145,14,29,1.03,52
27,2017-01-28,严重污染,292,339,251,335,37,25,1.17,52
28,2017-01-29,严重污染,258,355,215,217,10,14,1.32,36
29,2017-01-30,中度污染,166,356,126,133,13,15,1.31,54
30,2017-01-31,轻度污染,122,341,92,102,9,16,1.11,45
0,2016-12-01,轻度污染,119,255,89,119,13,67,1.25,19
1,2016-12-02,轻度污染,150,290,114,140,15,62,1.12,22
2,2016-12-03,中度污染,175,317,132,143,17,70,1.28,14
3,2016-12-04,轻度污染,122,250,91,126,14,68,1.59,18
4,2016-12-05,轻度污染,117,243,88,128,30,65,1.41,35
5,2016-12-06,轻度污染,124,293,93,135,22,53,1.18,63
6,2016-12-07,中度污染,158,306,119,172,27,91,1.55,30
7,2016-12-08,重度污染,208,336,159,207,33,106,1.82,31
8,2016-12-09,中度污染,155,317,117,157,30,92,1.51,45
9,2016-12-10,中度污染,158,323,121,105,13,47,0.93,46
10,2016-12-11,轻度污染,149,300,113,128,11,54,1.05,24
11,2016-12-12,中度污染,157,308,117,60,11,51,1.21,6
12,2016-12-13,良,93,235,69,61,7,35,0.93,15
13,2016-12-14,轻度污染,109,312,81,74,9,35,1.07,19
14,2016-12-15,良,90,223,66,56,14,39,0.91,40
15,2016-12-16,轻度污染,115,236,86,105,19,67,1.16,35
16,2016-12-17,轻度污染,105,178,78,110,26,68,1.05,40
17,2016-12-18,轻度污染,105,169,78,113,39,75,1.2,25
18,2016-12-19,轻度污染,118,148,89,95,20,67,1.34,10
19,2016-12-20,良,75,95,55,56,9,41,1.19,8
20,2016-12-21,良,56,95,40,34,6,36,1.71,21
21,2016-12-22,良,67,150,48,54,12,47,1.51,34
22,2016-12-23,良,87,203,64,89,13,61,1.37,17
23,2016-12-24,轻度污染,102,245,76,78,10,46,1.3,13
24,2016-12-25,优,29,7,20,17,7,36,1.17,9
25,2016-12-26,优,39,81,26,28,8,29,0.9,16
26,2016-12-27,良,66,216,46,60,18,37,0.98,36
27,2016-12-28,良,73,182,52,76,14,57,0.99,28
28,2016-12-29,良,97,230,72,88,17,49,1.06,42
29,2016-12-30,轻度污染,122,236,92,116,15,69,1.24,35
30,2016-12-31,轻度污染,119,181,89,119,15,77,1.27,24
0,2016-11-01,良,52,184,36,47,9,27,0.94,13
1,2016-11-02,优,49,122,31,44,11,28,0.78,38
2,2016-11-03,良,63,134,40,71,12,47,0.94,39
3,2016-11-04,良,82,182,57,105,22,58,1.16,35
4,2016-11-05,良,92,172,67,119,25,65,1.21,44
5,2016-11-06,轻度污染,138,287,106,156,21,66,1.23,40
6,2016-11-07,轻度污染,122,321,84,104,11,33,1.25,22
7,2016-11-08,优,42,116,29,30,7,23,0.93,39
8,2016-11-09,优,39,116,26,32,7,24,0.67,44
9,2016-11-10,良,52,142,29,55,16,47,0.86,48
10,2016-11-11,良,52,103,32,55,23,45,0.87,26
11,2016-11-12,良,63,105,43,71,18,48,1.11,9
12,2016-11-13,良,81,161,59,72,12,48,1.28,8
13,2016-11-14,轻度污染,130,274,98,109,13,50,1.33,13
14,2016-11-15,轻度污染,119,284,89,111,11,52,1.48,12
15,2016-11-16,良,87,228,64,85,11,51,1.65,7
16,2016-11-17,良,54,87,38,40,9,31,1.46,7
17,2016-11-18,良,67,115,48,75,13,40,1.75,6
18,2016-11-19,良,58,83,40,57,12,38,1.33,6
19,2016-11-20,良,83,240,60,73,12,34,1.18,25
20,2016-11-21,轻度污染,122,341,91,116,11,40,1.39,20
21,2016-11-22,优,36,134,23,29,7,28,0.83,19
22,2016-11-23,优,26,72,13,14,5,16,0.5,41
23,2016-11-24,优,49,132,34,35,9,23,0.63,29
24,2016-11-25,良,58,129,40,41,9,32,0.74,17
25,2016-11-26,良,57,116,38,52,11,38,0.68,38
26,2016-11-27,良,78,147,55,91,18,64,1.06,26
27,2016-11-28,良,81,164,57,103,17,64,0.93,34
28,2016-11-29,轻度污染,127,287,95,131,14,54,1.03,22
29,2016-11-30,轻度污染,113,265,84,110,12,42,0.96,36
0,2016-10-01,优,36,50,25,28,8,24,0.78,37
1,2016-10-02,良,53,174,37,51,9,30,0.84,53
2,2016-10-03,良,61,211,42,61,8,33,0.91,54
3,2016-10-04,良,61,209,40,64,12,35,1.0,46
4,2016-10-05,良,76,287,48,76,14,38,0.86,82
5,2016-10-06,良,75,270,55,82,12,33,0.84,78
6,2016-10-07,轻度污染,129,360,98,124,12,37,1.13,52
7,2016-10-08,良,74,318,53,66,9,22,0.77,68
8,2016-10-09,良,73,329,45,65,13,30,0.78,96
9,2016-10-10,良,71,289,43,76,17,34,0.69,100
10,2016-10-11,轻度污染,102,345,76,99,13,31,0.82,53
11,2016-10-12,良,98,310,73,86,9,30,0.78,32
12,2016-10-13,良,58,160,41,40,9,28,0.71,33
13,2016-10-14,良,71,243,51,67,11,33,0.75,37
14,2016-10-15,良,88,308,64,91,15,45,0.93,33
15,2016-10-16,良,95,323,70,85,14,34,0.97,36
16,2016-10-17,良,63,183,43,63,16,32,0.89,64
17,2016-10-18,良,97,288,72,107,19,63,1.19,46
18,2016-10-19,轻度污染,102,278,75,86,9,45,1.16,24
19,2016-10-20,良,51,159,35,38,8,28,1.08,17
20,2016-10-21,良,52,228,34,46,11,26,0.94,20
21,2016-10-22,优,29,62,19,18,6,20,0.78,20
22,2016-10-23,优,32,78,22,25,7,27,1.16,15
23,2016-10-24,优,30,47,18,22,9,26,0.84,11
24,2016-10-25,优,25,15,14,22,8,23,0.88,9
25,2016-10-26,优,25,19,16,22,11,26,0.96,10
26,2016-10-27,优,48,191,32,50,9,29,1.06,16
27,2016-10-28,优,23,14,15,17,7,22,0.88,29
28,2016-10-29,优,24,30,11,10,6,18,0.65,42
29,2016-10-30,优,40,94,27,38,8,27,0.87,24
30,2016-10-31,优,33,49,22,28,8,25,0.77,24
0,2016-09-01,良,61,195,36,46,13,25,0.89,83
1,2016-09-02,良,72,252,33,65,15,41,0.92,83
2,2016-09-03,良,90,289,56,102,17,47,0.9,89
3,2016-09-04,良,86,273,62,99,20,46,0.84,78
4,2016-09-05,良,87,273,63,106,20,44,0.89,87
5,2016-09-06,良,72,253,48,67,15,23,0.72,100
6,2016-09-07,良,98,358,65,96,19,26,0.8,114
7,2016-09-08,良,87,301,57,97,18,46,0.81,90
8,2016-09-09,良,75,233,54,75,15,29,0.7,75
9,2016-09-10,优,40,103,24,26,8,20,0.68,69
10,2016-09-11,良,60,218,41,59,12,27,0.9,76
11,2016-09-12,良,66,238,44,69,16,34,1.11,68
12,2016-09-13,良,65,211,39,62,15,32,0.72,88
13,2016-09-14,良,83,282,44,73,18,36,0.76,122
14,2016-09-15,良,77,279,45,70,19,18,0.68,121
15,2016-09-16,良,52,184,34,51,16,14,0.62,79
16,2016-09-17,良,61,241,34,56,18,26,0.65,77
17,2016-09-18,良,58,231,30,63,17,42,0.67,57
18,2016-09-19,良,72,314,42,77,15,30,0.76,107
19,2016-09-20,良,75,309,46,90,18,27,0.74,93
20,2016-09-21,良,94,327,59,106,21,38,0.81,106
21,2016-09-22,轻度污染,102,328,60,113,18,57,0.9,105
22,2016-09-23,轻度污染,109,337,70,125,18,59,1.0,103
23,2016-09-24,轻度污染,118,335,84,144,20,60,1.14,102
24,2016-09-25,轻度污染,113,325,81,125,16,42,1.03,109
25,2016-09-26,中度污染,160,361,120,174,14,38,1.25,107
26,2016-09-27,轻度污染,125,352,92,130,9,22,1.19,54
27,2016-09-28,良,58,268,36,54,8,15,0.95,58
28,2016-09-29,优,32,66,21,20,6,14,0.66,52
29,2016-09-30,优,40,105,26,31,7,24,0.74,52
0,2016-08-01,良,77,317,43,82,10,31,0.84,84
1,2016-08-02,优,50,180,28,52,8,22,0.7,61
2,2016-08-03,优,38,145,15,35,10,18,0.66,55
3,2016-08-04,优,44,175,19,42,14,24,0.72,55
4,2016-08-05,良,53,223,25,53,12,28,0.74,56
5,2016-08-06,良,59,243,40,60,11,20,0.76,62
6,2016-08-07,优,48,203,28,48,9,28,0.76,49
7,2016-08-08,优,50,231,32,48,9,25,0.72,57
8,2016-08-09,良,53,208,30,48,11,19,0.71,77
9,2016-08-10,良,52,212,27,47,10,21,0.69,69
10,2016-08-11,优,45,149,19,34,8,22,0.63,71
11,2016-08-12,良,54,208,30,58,11,22,0.72,71
12,2016-08-13,优,43,146,21,42,10,22,0.63,56
13,2016-08-14,优,47,171,23,46,11,27,0.67,56
14,2016-08-15,良,53,231,28,56,10,18,0.69,60
15,2016-08-16,良,60,264,34,62,11,24,0.76,77
16,2016-08-17,良,64,232,38,65,11,27,0.79,87
17,2016-08-18,良,53,174,27,49,11,23,0.67,72
18,2016-08-19,良,61,253,22,58,14,27,0.69,83
19,2016-08-20,良,59,247,27,64,14,36,0.83,57
20,2016-08-21,良,68,263,38,64,12,23,0.91,87
21,2016-08-22,良,67,250,46,73,11,16,1.05,92
22,2016-08-23,良,91,340,67,99,11,21,1.12,82
23,2016-08-24,良,93,321,66,101,11,33,1.11,88
24,2016-08-25,良,93,335,68,103,11,34,1.04,85
25,2016-08-26,优,39,92,27,32,8,12,0.62,55
26,2016-08-27,优,39,67,21,37,13,18,0.62,69
27,2016-08-28,良,74,292,30,53,18,24,0.61,126
28,2016-08-29,良,78,321,36,63,17,37,0.64,119
29,2016-08-30,良,88,330,53,100,21,42,0.75,103
30,2016-08-31,轻度污染,128,365,97,132,19,34,1.01,74
0,2016-07-01,优,36,142,16,35,13,22,0.69,29
1,2016-07-02,优,30,72,17,28,12,19,0.71,26
2,2016-07-03,优,22,20,13,20,9,16,0.69,25
3,2016-07-04,优,24,34,13,21,9,24,0.7,34
4,2016-07-05,优,33,93,17,28,7,23,0.73,44
5,2016-07-06,优,44,161,28,44,9,15,0.74,62
6,2016-07-07,良,58,239,32,51,8,16,0.74,76
7,2016-07-08,良,60,248,35,59,8,22,0.79,70
8,2016-07-09,良,63,265,37,62,9,20,0.77,78
9,2016-07-10,良,62,262,39,67,10,21,0.8,70
10,2016-07-11,良,71,296,48,66,9,18,0.81,85
11,2016-07-12,良,79,327,55,89,10,29,0.89,83
12,2016-07-13,良,64,286,44,66,14,29,0.97,52
13,2016-07-14,优,50,204,31,49,11,26,0.87,37
14,2016-07-15,优,33,53,20,31,10,18,0.69,42
15,2016-07-16,优,34,55,18,29,13,17,0.81,53
16,2016-07-17,优,42,113,23,41,18,22,0.91,29
17,2016-07-18,优,23,15,13,18,8,15,0.68,37
18,2016-07-19,优,37,93,20,36,14,15,0.63,50
19,2016-07-20,优,48,211,25,51,13,17,0.65,50
20,2016-07-21,优,42,135,24,42,16,18,0.64,53
21,2016-07-22,优,43,116,22,43,14,20,0.64,58
22,2016-07-23,优,50,144,25,50,16,26,0.69,54
23,2016-07-24,良,61,213,30,64,24,29,0.77,68
24,2016-07-25,良,71,276,37,76,19,32,0.83,74
25,2016-07-26,良,82,326,44,86,20,32,0.9,84
26,2016-07-27,良,69,252,42,74,18,26,0.84,99
27,2016-07-28,良,64,200,36,69,18,30,0.74,72
28,2016-07-29,良,61,177,26,57,18,24,0.7,92
29,2016-07-30,轻度污染,103,341,48,104,21,37,0.89,105
30,2016-07-31,良,80,328,43,86,11,31,0.81,86
0,2016-06-01,良,55,182,33,51,11,23,0.92,47
1,2016-06-02,优,36,46,25,30,5,17,0.91,47
2,2016-06-03,优,38,58,20,27,6,20,0.72,71
3,2016-06-04,良,80,289,48,85,18,46,1.12,92
4,2016-06-05,良,79,291,48,77,27,43,1.0,76
5,2016-06-06,良,71,228,43,80,19,38,1.08,84
6,2016-06-07,良,87,303,58,81,15,29,1.01,95
7,2016-06-08,良,70,220,44,59,14,18,0.82,100
8,2016-06-09,良,75,250,43,62,14,21,0.79,121
9,2016-06-10,良,74,265,48,72,13,22,0.89,103
10,2016-06-11,良,52,184,36,45,7,20,0.79,48
11,2016-06-12,优,43,130,23,33,8,17,0.75,72
12,2016-06-13,良,78,294,47,73,15,37,0.98,96
13,2016-06-14,良,61,205,40,65,22,28,0.93,62
14,2016-06-15,优,35,57,17,31,8,21,0.77,58
15,2016-06-16,良,65,213,29,65,17,22,0.85,94
16,2016-06-17,良,62,168,30,53,19,23,0.83,90
17,2016-06-18,优,47,122,23,46,16,21,0.86,52
18,2016-06-19,优,40,116,20,37,12,17,0.7,51
19,2016-06-20,优,46,159,20,46,16,22,0.75,59
20,2016-06-21,优,43,115,19,43,14,21,0.74,45
21,2016-06-22,优,46,140,21,46,14,20,0.69,51
22,2016-06-23,优,46,155,20,44,15,19,0.68,54
23,2016-06-24,良,52,235,28,52,12,16,0.68,56
24,2016-06-25,优,33,55,17,20,6,9,0.52,66
25,2016-06-26,优,48,152,29,48,7,18,0.66,83
26,2016-06-27,良,58,205,40,60,14,28,0.7,48
27,2016-06-28,优,46,126,31,46,9,25,0.64,52
28,2016-06-29,良,54,200,35,56,10,39,0.88,32
29,2016-06-30,优,37,107,20,35,13,21,0.72,42
0,2016-05-01,良,57,86,32,63,24,33,0.97,55
1,2016-05-02,优,50,66,28,53,14,20,0.82,56
2,2016-05-03,良,72,256,36,93,12,32,0.7,77
3,2016-05-04,良,68,173,37,85,18,37,0.8,55
4,2016-05-05,良,51,92,27,52,14,26,0.85,57
5,2016-05-06,良,57,103,35,63,19,33,0.94,48
6,2016-05-07,良,57,160,39,61,6,25,0.81,49
7,2016-05-08,良,63,209,41,72,6,17,0.67,75
8,2016-05-09,良,55,143,39,53,7,24,0.83,53
9,2016-05-10,良,60,170,40,61,10,27,0.88,82
10,2016-05-11,良,90,220,59,93,26,44,1.08,77
11,2016-05-12,良,74,152,45,85,20,41,0.92,90
12,2016-05-13,良,83,287,52,111,17,26,0.76,109
13,2016-05-14,轻度污染,115,345,86,133,18,33,1.02,89
14,2016-05-15,优,45,101,18,33,7,20,0.6,76
15,2016-05-16,良,69,235,34,81,11,44,0.75,67
16,2016-05-17,良,70,153,41,81,14,49,0.76,78
17,2016-05-18,良,83,233,60,98,18,56,1.01,47
18,2016-05-19,良,70,138,50,62,8,42,1.07,22
19,2016-05-20,优,43,64,28,35,7,25,0.93,50
20,2016-05-21,优,47,137,28,34,6,18,0.68,76
21,2016-05-22,优,45,107,30,41,8,23,0.64,65
22,2016-05-23,良,58,183,40,54,9,25,0.71,64
23,2016-05-24,良,71,226,51,66,11,39,0.87,67
24,2016-05-25,优,41,44,28,37,9,46,1.23,15
25,2016-05-26,优,30,34,18,20,6,29,0.94,43
26,2016-05-27,良,52,156,36,46,6,23,0.75,69
27,2016-05-28,优,36,56,23,26,6,22,0.74,60
28,2016-05-29,优,45,94,29,43,7,28,0.81,70
29,2016-05-30,良,68,184,44,75,22,43,1.22,63
30,2016-05-31,良,51,121,30,51,12,24,0.91,49
0,2016-04-01,良,92,211,67,116,21,66,1.22,35
1,2016-04-02,轻度污染,105,270,78,126,28,54,1.3,45
2,2016-04-03,良,59,200,42,44,9,26,0.93,36
3,2016-04-04,良,65,210,45,70,11,27,0.83,38
4,2016-04-05,良,69,216,47,70,18,34,1.15,35
5,2016-04-06,优,34,41,17,34,8,24,1.03,21
6,2016-04-07,优,39,60,25,37,8,32,1.09,37
7,2016-04-08,良,70,212,50,68,11,54,1.32,28
8,2016-04-09,良,61,163,43,55,8,52,1.45,15
9,2016-04-10,良,69,203,49,71,11,40,1.06,33
10,2016-04-11,良,80,236,49,88,13,49,1.12,64
11,2016-04-12,良,73,218,51,78,13,41,0.95,46
12,2016-04-13,良,71,155,49,67,10,23,0.8,107
13,2016-04-14,良,84,216,61,97,15,45,0.99,62
14,2016-04-15,良,61,131,42,54,9,30,0.88,47
15,2016-04-16,优,45,72,19,34,8,21,0.65,74
16,2016-04-17,优,42,57,21,35,8,26,0.73,73
17,2016-04-18,良,54,157,30,56,15,29,0.72,75
18,2016-04-19,良,61,166,38,68,15,34,0.86,63
19,2016-04-20,优,46,71,30,39,12,30,1.03,36
20,2016-04-21,良,59,135,37,58,13,25,0.74,95
21,2016-04-22,良,60,134,42,61,13,49,0.89,34
22,2016-04-23,优,41,57,27,37,7,22,0.68,63
23,2016-04-24,良,54,137,37,51,13,21,0.69,82
24,2016-04-25,良,56,125,38,53,12,38,0.97,42
25,2016-04-26,优,47,87,31,42,9,25,0.84,58
26,2016-04-27,良,67,215,47,68,11,28,0.86,80
27,2016-04-28,良,92,304,67,108,13,48,1.1,77
28,2016-04-29,良,93,256,67,114,22,50,1.03,79
29,2016-04-30,良,86,228,59,85,26,33,0.95,62
0,2016-03-01,良,94,235,63,125,27,50,0.91,66
1,2016-03-02,轻度污染,113,246,85,157,26,69,1.14,58
2,2016-03-03,中度污染,169,327,127,166,40,68,1.31,55
3,2016-03-04,轻度污染,105,190,77,85,22,47,1.16,60
4,2016-03-05,良,85,117,62,87,11,41,0.94,39
5,2016-03-06,轻度污染,127,211,73,196,24,44,1.08,47
6,2016-03-07,良,99,209,74,112,25,56,1.3,37
7,2016-03-08,良,62,206,42,27,11,25,0.94,46
8,2016-03-09,优,26,14,11,10,9,18,0.56,47
9,2016-03-10,优,40,104,26,29,10,19,0.63,52
10,2016-03-11,良,58,140,40,53,13,31,0.78,47
11,2016-03-12,良,77,171,55,77,27,43,0.96,26
12,2016-03-13,良,87,234,64,81,13,37,0.96,33
13,2016-03-14,轻度污染,107,280,80,103,16,40,1.02,65
14,2016-03-15,轻度污染,122,285,92,129,19,70,1.16,46
15,2016-03-16,轻度污染,124,264,93,130,18,60,1.22,31
16,2016-03-17,中度污染,173,311,130,153,21,54,1.27,21
17,2016-03-18,轻度污染,149,292,111,109,12,53,1.43,51
18,2016-03-19,轻度污染,104,221,77,112,13,51,1.36,56
19,2016-03-20,轻度污染,105,262,78,95,11,41,1.16,55
20,2016-03-21,良,79,190,57,70,9,30,0.99,52
21,2016-03-22,良,94,267,69,86,10,38,1.03,35
22,2016-03-23,良,84,302,61,64,10,29,0.83,65
23,2016-03-24,良,62,227,40,58,11,29,0.71,74
24,2016-03-25,良,76,281,54,91,16,39,0.84,76
25,2016-03-26,良,88,290,64,94,14,54,0.99,44
26,2016-03-27,良,86,258,60,90,14,55,1.05,45
27,2016-03-28,良,72,139,46,86,22,53,0.88,66
28,2016-03-29,良,94,264,68,110,27,66,1.1,26
29,2016-03-30,轻度污染,103,261,76,90,19,52,1.19,17
30,2016-03-31,良,81,185,57,87,15,39,1.07,52
0,2016-02-01,轻度污染,134,330,101,38,15,29,1.25,37
1,2016-02-02,中度污染,153,339,116,114,20,34,1.32,68
2,2016-02-03,轻度污染,115,241,86,92,13,42,1.42,33
3,2016-02-04,轻度污染,123,265,93,108,14,43,1.37,39
4,2016-02-05,轻度污染,131,307,99,114,19,38,1.37,61
5,2016-02-06,良,74,220,45,71,17,22,0.77,78
6,2016-02-07,良,95,233,69,113,26,28,1.09,61
7,2016-02-08,严重污染,255,326,210,235,65,26,1.09,73
8,2016-02-09,良,91,206,67,77,27,22,0.89,82
9,2016-02-10,良,67,145,47,67,27,23,0.87,72
10,2016-02-11,良,74,201,53,69,21,29,1.03,43
11,2016-02-12,轻度污染,130,280,96,113,14,19,1.18,48
12,2016-02-13,良,58,221,40,40,11,16,1.4,36
13,2016-02-14,优,37,116,24,29,15,13,0.72,49
14,2016-02-15,优,47,220,28,46,15,13,0.66,69
15,2016-02-16,优,45,130,27,45,12,24,0.74,71
16,2016-02-17,良,60,181,41,62,12,40,0.96,45
17,2016-02-18,良,75,189,53,83,25,55,1.16,39
18,2016-02-19,良,98,210,73,109,20,53,1.13,40
19,2016-02-20,轻度污染,119,307,52,186,19,29,0.81,58
20,2016-02-21,轻度污染,112,293,68,167,15,41,0.9,49
21,2016-02-22,良,53,66,36,39,6,21,0.83,50
22,2016-02-23,轻度污染,107,284,79,97,11,32,1.03,32
23,2016-02-24,中度污染,164,353,125,147,10,37,1.08,39
24,2016-02-25,轻度污染,124,299,94,124,12,58,1.19,23
25,2016-02-26,良,70,181,50,71,22,42,0.98,27
26,2016-02-27,良,65,159,43,66,22,40,1.04,33
27,2016-02-28,良,71,161,45,89,35,49,0.99,38
28,2016-02-29,良,83,225,47,114,16,38,0.68,58
0,2016-01-01,轻度污染,125,196,94,150,40,78,1.36,23
1,2016-01-02,中度污染,167,248,126,189,58,84,1.94,8
2,2016-01-03,中度污染,162,238,122,166,34,74,2.04,16
3,2016-01-04,重度污染,215,307,167,187,17,44,1.32,11
4,2016-01-05,中度污染,156,316,119,62,9,40,2.07,13
5,2016-01-06,轻度污染,103,262,77,78,9,38,1.62,6
6,2016-01-07,轻度污染,114,276,85,85,12,36,1.3,14
7,2016-01-08,良,89,210,65,73,14,32,0.98,37
8,2016-01-09,良,71,136,51,56,9,39,1.17,10
9,2016-01-10,良,80,177,58,63,9,39,1.29,10
10,2016-01-11,轻度污染,132,313,99,100,12,32,1.28,32
11,2016-01-12,中度污染,184,353,142,111,12,42,1.44,11
12,2016-01-13,轻度污染,106,254,79,81,10,36,1.0,6
13,2016-01-14,轻度污染,101,227,75,54,13,37,1.17,15
14,2016-01-15,良,91,176,67,68,16,45,1.27,16
15,2016-01-16,良,62,104,44,53,11,42,1.22,15
16,2016-01-17,良,100,223,74,83,16,39,1.09,44
17,2016-01-18,轻度污染,150,309,117,143,17,57,1.58,39
18,2016-01-19,中度污染,159,324,121,137,22,52,1.16,33
19,2016-01-20,轻度污染,115,305,85,75,14,45,1.1,20
20,2016-01-21,良,92,273,67,48,10,35,1.04,31
21,2016-01-22,良,58,178,41,29,7,28,0.81,29
22,2016-01-23,良,86,316,60,74,14,25,0.95,53
23,2016-01-24,良,63,228,28,74,11,22,0.66,63
24,2016-01-25,良,73,261,32,94,12,47,0.87,37
25,2016-01-26,良,77,224,50,101,30,58,1.0,28
26,2016-01-27,良,72,143,50,89,29,54,1.07,22
27,2016-01-28,良,85,191,62,66,12,39,0.98,19
28,2016-01-29,轻度污染,137,300,103,71,17,39,1.11,27
29,2016-01-30,轻度污染,129,301,97,72,12,33,1.15,37
30,2016-01-31,良,71,206,51,32,9,33,1.25,15
0,2015-12-01,良,66,125,47,71,15,44,1.14,10
1,2015-12-02,良,56,109,38,51,11,31,0.84,26
2,2015-12-03,良,88,309,49,124,19,51,1.05,12
3,2015-12-04,良,84,308,54,104,19,44,0.82,14
4,2015-12-05,优,35,59,24,19,6,29,0.57,25
5,2015-12-06,优,37,86,21,28,7,34,0.56,28
6,2015-12-07,良,54,114,35,57,11,39,0.64,13
7,2015-12-08,良,60,118,40,66,14,40,0.69,10
8,2015-12-09,良,76,165,55,72,14,38,0.86,6
9,2015-12-10,良,78,168,56,68,13,35,0.68,35
10,2015-12-11,良,82,193,59,80,12,46,0.86,23
11,2015-12-12,中度污染,194,342,151,141,12,52,2.17,4
12,2015-12-13,轻度污染,103,251,77,80,6,37,1.16,8
13,2015-12-14,轻度污染,126,248,95,104,18,40,1.02,31
14,2015-12-15,良,99,267,72,84,20,40,0.9,27
15,2015-12-16,优,47,131,22,46,15,30,0.45,42
16,2015-12-17,优,48,94,24,51,15,36,0.52,36
17,2015-12-18,良,63,141,40,73,19,47,0.66,26
18,2015-12-19,良,81,178,59,75,17,50,0.8,9
19,2015-12-20,良,92,165,68,77,9,48,0.86,16
20,2015-12-21,良,86,112,63,80,15,47,1.0,10
21,2015-12-22,轻度污染,110,164,82,93,12,38,0.92,9
22,2015-12-23,轻度污染,144,198,108,86,9,35,1.15,10
23,2015-12-24,轻度污染,110,227,81,54,11,30,1.09,36
24,2015-12-25,重度污染,232,322,181,205,35,57,1.62,41
25,2015-12-26,中度污染,199,343,151,177,40,69,1.82,18
26,2015-12-27,轻度污染,147,340,111,128,15,59,1.35,27
27,2015-12-28,轻度污染,140,292,105,108,9,40,1.18,8
28,2015-12-29,中度污染,155,270,117,138,14,41,1.12,8
29,2015-12-30,中度污染,161,253,122,139,19,53,1.35,17
30,2015-12-31,中度污染,175,275,132,146,24,66,1.33,29
0,2015-11-01,良,58,169,39,57,18,40,0.7,66
1,2015-11-02,良,69,162,46,79,13,56,0.93,36
2,2015-11-03,良,75,147,54,83,21,44,0.82,62
3,2015-11-04,轻度污染,104,240,77,110,22,57,1.07,34
4,2015-11-05,良,95,248,70,97,17,49,1.09,36
5,2015-11-06,轻度污染,103,321,76,116,20,53,1.17,22
6,2015-11-07,优,39,93,27,27,5,25,0.72,9
7,2015-11-08,优,46,98,32,39,5,25,0.91,26
8,2015-11-09,良,63,144,44,59,17,38,1.03,58
9,2015-11-10,良,92,249,68,81,15,48,1.23,24
10,2015-11-11,良,59,142,41,50,7,32,1.19,27
11,2015-11-12,优,36,77,24,27,6,30,1.08,23
12,2015-11-13,良,66,210,47,54,10,32,1.08,24
13,2015-11-14,良,67,177,47,65,17,48,1.24,16
14,2015-11-15,良,51,105,34,48,11,37,1.31,12
15,2015-11-16,优,31,22,21,19,7,27,1.03,11
16,2015-11-17,优,22,11,15,17,6,28,1.22,13
17,2015-11-18,优,33,44,22,22,6,26,1.4,20
18,2015-11-19,良,66,240,46,56,9,33,1.42,12
19,2015-11-20,良,56,124,39,51,8,36,1.55,6
20,2015-11-21,良,77,281,55,82,10,38,1.55,6
21,2015-11-22,良,57,252,39,56,11,44,1.49,8
22,2015-11-23,优,39,115,27,27,6,36,1.35,6
23,2015-11-24,优,17,4,11,10,4,23,0.91,10
24,2015-11-25,优,44,118,30,41,9,27,0.75,29
25,2015-11-26,良,62,221,43,59,15,40,0.83,27
26,2015-11-27,良,67,204,47,77,18,50,0.89,14
27,2015-11-28,良,69,140,49,64,14,45,0.95,15
28,2015-11-29,良,76,146,55,72,17,42,1.06,13
29,2015-11-30,良,61,103,41,61,14,43,0.9,16
0,2015-10-01,良,75,280,43,75,11,24,0.59,61
1,2015-10-02,良,76,242,42,99,17,42,0.69,72
2,2015-10-03,良,79,226,48,93,15,37,0.72,89
3,2015-10-04,轻度污染,115,322,85,129,19,38,0.89,75
4,2015-10-05,良,83,255,61,68,8,22,0.86,63
5,2015-10-06,优,42,86,28,35,7,27,0.91,30
6,2015-10-07,优,32,36,21,25,8,20,0.84,50
7,2015-10-08,良,59,252,37,48,10,18,0.67,88
8,2015-10-09,良,51,151,31,50,14,24,0.59,60
9,2015-10-10,良,80,318,55,107,25,51,1.03,34
10,2015-10-11,良,89,326,60,103,14,45,1.03,47
11,2015-10-12,良,77,245,49,94,12,46,0.81,66
12,2015-10-13,良,92,252,67,118,18,54,0.83,80
13,2015-10-14,轻度污染,132,296,99,161,25,72,1.11,71
14,2015-10-15,轻度污染,102,212,69,113,17,58,0.94,84
15,2015-10-16,轻度污染,120,253,87,140,18,62,1.07,79
16,2015-10-17,轻度污染,124,281,92,147,18,50,0.97,97
17,2015-10-18,轻度污染,137,327,102,137,20,47,1.01,115
18,2015-10-19,轻度污染,120,312,90,128,18,50,1.06,103
19,2015-10-20,轻度污染,133,316,96,140,25,53,1.01,108
20,2015-10-21,轻度污染,131,320,97,138,23,60,0.99,93
21,2015-10-22,轻度污染,140,338,106,143,25,50,0.98,98
22,2015-10-23,中度污染,153,336,115,152,20,52,1.07,87
23,2015-10-24,轻度污染,132,319,97,142,15,58,1.05,78
24,2015-10-25,轻度污染,124,328,92,140,18,61,1.07,75
25,2015-10-26,轻度污染,133,339,101,139,20,44,1.13,73
26,2015-10-27,优,46,100,30,44,11,22,0.6,57
27,2015-10-28,良,78,240,56,91,21,40,0.84,30
28,2015-10-29,优,38,60,26,32,8,24,0.56,29
29,2015-10-30,良,64,238,46,54,8,31,0.82,29
30,2015-10-31,良,78,274,56,71,11,38,0.86,29
0,2015-09-01,轻度污染,121,363,86,124,15,32,0.96,107
1,2015-09-02,轻度污染,101,350,72,104,13,30,0.91,110
2,2015-09-03,良,67,258,43,65,10,21,0.68,69
3,2015-09-04,优,34,65,15,33,14,15,0.64,43
4,2015-09-05,优,45,156,21,45,12,18,0.66,40
5,2015-09-06,良,63,293,44,61,10,16,0.9,58
6,2015-09-07,良,75,326,54,76,12,20,1.0,80
7,2015-09-08,良,88,334,57,85,13,25,0.82,107
8,2015-09-09,良,86,329,51,83,13,29,0.84,110
9,2015-09-10,良,87,326,49,80,15,29,0.79,117
10,2015-09-11,良,86,333,61,95,17,29,0.83,105
11,2015-09-12,良,65,275,46,61,11,18,0.73,84
12,2015-09-13,良,75,322,44,67,15,29,0.78,98
13,2015-09-14,良,84,329,58,99,24,48,0.87,80
14,2015-09-15,良,93,329,63,103,18,38,0.91,97
15,2015-09-16,良,89,308,60,96,14,35,0.78,105
16,2015-09-17,良,85,286,51,89,12,32,0.73,115
17,2015-09-18,轻度污染,119,344,89,124,16,35,0.93,87
18,2015-09-19,优,41,79,24,25,4,15,0.6,68
19,2015-09-20,良,58,170,35,65,8,48,0.9,40
20,2015-09-21,良,71,219,46,75,13,33,0.81,74
21,2015-09-22,良,75,282,53,84,19,34,0.86,68
22,2015-09-23,良,53,190,36,45,8,24,0.79,62
23,2015-09-24,良,61,244,39,59,11,26,0.86,50
24,2015-09-25,良,51,172,31,36,6,16,0.75,72
25,2015-09-26,良,68,261,48,68,13,17,0.78,65
26,2015-09-27,良,83,300,61,79,14,16,0.83,75
27,2015-09-28,良,88,321,63,88,20,21,0.84,96
28,2015-09-29,良,83,327,55,94,17,24,0.76,113
29,2015-09-30,良,51,193,35,42,6,18,0.62,63
0,2015-08-01,良,52,166,23,49,18,23,0.63,66
1,2015-08-02,良,54,184,27,56,17,23,0.6,71
2,2015-08-03,良,53,188,30,56,17,21,0.62,72
3,2015-08-04,优,49,150,24,48,15,18,0.53,63
4,2015-08-05,优,44,82,20,42,15,18,0.58,53
5,2015-08-06,良,54,172,24,53,20,20,0.57,68
6,2015-08-07,良,64,240,34,62,17,21,0.53,81
7,2015-08-08,良,68,286,41,72,15,15,0.58,105
8,2015-08-09,优,48,190,26,41,13,9,0.66,73
9,2015-08-10,优,26,36,14,21,9,9,0.73,45
10,2015-08-11,优,31,46,17,28,12,12,0.61,48
11,2015-08-12,优,44,96,21,40,11,21,0.55,67
12,2015-08-13,良,59,155,38,62,13,31,0.73,41
13,2015-08-14,良,53,159,32,51,17,26,0.78,55
14,2015-08-15,优,46,131,31,46,12,18,0.63,69
15,2015-08-16,良,71,228,49,64,13,19,0.77,85
16,2015-08-17,优,43,105,24,43,15,28,0.77,41
17,2015-08-18,优,41,74,22,39,10,26,0.72,41
18,2015-08-19,优,39,62,17,15,8,12,0.64,71
19,2015-08-20,优,45,117,21,31,10,16,0.63,86
20,2015-08-21,良,70,268,44,68,16,32,0.78,85
21,2015-08-22,良,93,322,55,80,19,29,0.76,110
22,2015-08-23,良,90,340,50,79,20,27,0.75,122
23,2015-08-24,良,87,346,60,91,16,23,0.76,105
24,2015-08-25,良,90,332,66,89,16,17,0.82,103
25,2015-08-26,良,100,328,68,99,13,29,0.84,104
26,2015-08-27,轻度污染,106,333,78,115,18,33,1.02,76
27,2015-08-28,良,76,242,55,66,7,24,0.79,73
28,2015-08-29,良,73,266,51,72,10,28,0.78,81
29,2015-08-30,良,91,314,63,90,13,31,0.92,92
30,2015-08-31,良,97,337,67,104,12,32,0.86,98
0,2015-07-01,优,36,52,18,32,7,22,0.93,61
1,2015-07-02,良,55,195,28,49,12,32,1.16,64
2,2015-07-03,良,51,173,34,48,9,27,1.06,59
3,2015-07-04,优,43,96,23,33,7,22,0.56,81
4,2015-07-05,良,52,170,35,48,8,23,0.62,75
5,2015-07-06,优,49,136,26,35,7,17,0.59,95
6,2015-07-07,优,42,61,16,25,8,16,0.54,81
7,2015-07-08,良,51,105,33,47,8,20,0.64,85
8,2015-07-09,良,52,132,34,43,5,19,0.64,72
9,2015-07-10,优,49,136,31,47,9,18,0.67,69
10,2015-07-11,良,70,256,49,65,6,15,0.58,68
11,2015-07-12,良,97,304,66,90,11,27,0.71,73
12,2015-07-13,良,99,295,68,113,17,43,0.98,90
13,2015-07-14,轻度污染,118,328,86,122,19,37,0.94,87
14,2015-07-15,轻度污染,121,347,90,120,14,28,0.83,81
15,2015-07-16,优,44,67,22,20,4,13,0.68,84
16,2015-07-17,优,48,117,32,41,5,16,0.82,72
17,2015-07-18,良,60,197,42,58,8,20,0.74,71
18,2015-07-19,良,79,301,57,80,12,34,0.81,59
19,2015-07-20,良,70,231,49,71,8,27,0.8,65
20,2015-07-21,良,75,273,54,75,7,22,0.79,102
21,2015-07-22,良,80,291,58,87,13,30,0.93,54
22,2015-07-23,优,38,105,22,31,8,18,0.69,45
23,2015-07-24,优,50,166,34,44,10,22,0.68,57
24,2015-07-25,优,41,91,22,35,12,22,0.72,57
25,2015-07-26,优,30,26,15,28,15,18,0.63,37
26,2015-07-27,优,34,38,15,28,13,18,0.52,46
27,2015-07-28,优,42,88,17,36,13,20,0.51,64
28,2015-07-29,优,45,125,21,42,17,23,0.56,63
29,2015-07-30,优,46,141,19,42,16,20,0.51,61
30,2015-07-31,优,48,172,20,43,14,19,0.54,70
0,2015-06-01,良,64,156,42,65,18,23,0.89,44
1,2015-06-02,优,43,82,25,42,14,28,0.75,27
2,2015-06-03,优,40,77,27,29,11,18,0.75,43
3,2015-06-04,优,46,121,31,39,12,19,0.62,49
4,2015-06-05,良,59,164,35,61,13,23,0.62,77
5,2015-06-06,良,76,228,49,80,21,34,0.92,63
6,2015-06-07,良,63,210,40,69,16,26,0.81,54
7,2015-06-08,优,30,30,16,15,12,19,0.7,48
8,2015-06-09,优,48,125,29,46,19,21,0.66,54
9,2015-06-10,良,60,182,40,63,18,31,1.02,23
10,2015-06-11,良,72,237,44,80,17,24,0.77,41
11,2015-06-12,良,63,183,39,64,22,22,0.7,55
12,2015-06-13,优,40,66,22,39,18,23,0.68,32
13,2015-06-14,优,28,23,15,26,15,20,0.66,26
14,2015-06-15,优,39,70,20,38,21,20,0.67,35
15,2015-06-16,优,38,60,20,37,15,22,0.62,27
16,2015-06-17,良,73,247,51,68,16,23,0.82,25
17,2015-06-18,良,53,174,37,50,12,29,0.96,38
18,2015-06-19,良,85,307,62,89,15,37,0.96,37
19,2015-06-20,良,71,267,51,68,17,26,0.99,41
20,2015-06-21,优,35,50,19,27,12,16,0.74,57
21,2015-06-22,良,61,192,41,59,17,21,0.79,61
22,2015-06-23,良,57,180,31,56,12,25,0.75,45
23,2015-06-24,优,36,96,15,34,16,21,0.66,38
24,2015-06-25,优,38,113,16,37,14,22,0.57,49
25,2015-06-26,优,47,146,19,45,15,24,0.61,57
26,2015-06-27,优,45,161,18,44,14,19,0.57,63
27,2015-06-28,优,47,158,19,47,13,22,0.58,61
28,2015-06-29,优,47,158,22,47,13,21,0.62,65
29,2015-06-30,良,54,225,31,54,12,21,0.78,62
0,2015-05-01,良,56,104,36,55,16,25,0.79,45
1,2015-05-02,优,34,23,15,26,11,17,0.61,65
2,2015-05-03,良,60,137,41,54,15,26,0.8,74
3,2015-05-04,良,58,137,40,50,14,26,0.84,60
4,2015-05-05,良,83,234,61,83,20,26,0.99,55
5,2015-05-06,良,77,178,56,80,15,28,1.1,65
6,2015-05-07,良,81,188,59,87,18,28,1.16,56
7,2015-05-08,良,51,97,35,46,15,21,0.88,48
8,2015-05-09,良,70,250,50,72,22,30,0.91,62
9,2015-05-10,良,81,275,59,86,24,31,1.1,58
10,2015-05-11,良,53,171,23,54,14,18,0.5,64
11,2015-05-12,良,76,280,38,100,25,35,0.72,40
12,2015-05-13,良,68,154,41,79,31,41,0.85,31
13,2015-05-14,良,58,118,39,61,24,28,0.79,31
14,2015-05-15,良,54,146,36,53,18,23,0.68,28
15,2015-05-16,优,43,69,30,36,14,20,0.7,32
16,2015-05-17,优,46,68,30,48,15,23,0.89,35
17,2015-05-18,良,67,160,48,62,15,30,1.02,23
18,2015-05-19,良,69,186,49,62,15,33,0.99,26
19,2015-05-20,良,78,259,56,78,16,34,0.97,29
20,2015-05-21,良,83,303,60,94,18,30,0.81,85
21,2015-05-22,轻度污染,104,333,78,105,17,25,0.82,100
22,2015-05-23,轻度污染,113,320,85,91,13,19,0.73,61
23,2015-05-24,良,97,259,71,91,22,31,0.82,40
24,2015-05-25,轻度污染,141,334,107,144,18,42,1.19,67
25,2015-05-26,重度污染,202,361,155,169,21,36,1.1,59
26,2015-05-27,中度污染,170,347,133,100,12,23,1.11,36
27,2015-05-28,轻度污染,134,323,101,100,13,28,1.16,36
28,2015-05-29,良,98,318,72,66,12,20,0.88,36
29,2015-05-30,良,78,293,56,72,13,16,0.73,65
30,2015-05-31,良,96,280,71,94,18,27,1.03,51
0,2015-04-01,良,56,134,33,60,16,25,0.67,57
1,2015-04-02,良,57,156,38,54,14,28,0.8,32
2,2015-04-03,良,56,116,39,54,11,27,0.95,20
3,2015-04-04,优,40,32,27,34,10,26,0.98,30
4,2015-04-05,优,37,33,24,28,9,21,0.98,48
5,2015-04-06,良,57,197,41,43,11,24,0.99,51
6,2015-04-07,优,32,29,19,25,10,23,0.76,45
7,2015-04-08,优,50,127,33,46,11,25,0.62,44
8,2015-04-09,良,56,139,39,46,14,34,0.74,24
9,2015-04-10,良,62,148,43,56,15,36,0.73,43
10,2015-04-11,良,82,239,60,91,20,51,1.0,39
11,2015-04-12,良,79,256,51,89,16,35,0.85,64
12,2015-04-13,良,52,51,19,53,15,25,0.52,81
13,2015-04-14,良,69,136,35,85,26,48,0.77,65
14,2015-04-15,良,98,241,68,126,42,69,1.17,23
15,2015-04-16,轻度污染,107,241,79,128,34,54,1.19,56
16,2015-04-17,轻度污染,126,301,92,127,22,49,0.95,72
17,2015-04-18,轻度污染,111,296,82,134,23,44,0.95,40
18,2015-04-19,优,28,4,17,16,10,22,0.99,53
19,2015-04-20,优,48,84,31,37,11,20,0.75,61
20,2015-04-21,良,59,148,40,55,19,35,0.82,43
21,2015-04-22,良,66,158,46,72,17,45,0.9,40
22,2015-04-23,良,93,266,69,95,24,53,0.99,46
23,2015-04-24,良,84,224,61,78,20,39,0.95,42
24,2015-04-25,良,78,168,56,80,18,45,0.97,39
25,2015-04-26,轻度污染,103,278,75,124,30,54,1.16,49
26,2015-04-27,良,95,268,70,94,20,41,0.96,38
27,2015-04-28,良,66,144,46,67,20,28,0.93,46
28,2015-04-29,良,78,197,55,88,24,31,0.93,60
29,2015-04-30,轻度污染,107,288,77,124,20,41,0.96,60
0,2015-03-01,良,73,231,52,54,15,26,0.93,53
1,2015-03-02,良,76,189,55,64,22,43,1.21,27
2,2015-03-03,良,64,133,43,58,17,42,1.14,30
3,2015-03-04,良,100,337,58,136,17,43,0.98,32
4,2015-03-05,良,69,228,49,47,11,25,0.84,39
5,2015-03-06,良,71,181,51,61,16,29,0.85,44
6,2015-03-07,良,68,157,48,59,19,38,0.99,24
7,2015-03-08,良,53,106,37,45,12,35,1.01,25
8,2015-03-09,良,73,206,53,67,13,45,1.3,16
9,2015-03-10,中度污染,192,356,150,150,16,41,1.29,23
10,2015-03-11,中度污染,157,355,119,85,18,37,1.17,22
11,2015-03-12,良,83,199,60,72,29,42,1.13,49
12,2015-03-13,良,65,131,46,74,31,56,1.29,19
13,2015-03-14,良,93,182,69,64,17,50,1.32,13
14,2015-03-15,良,67,88,48,40,14,42,1.22,9
15,2015-03-16,轻度污染,110,243,82,99,25,46,1.48,17
16,2015-03-17,良,81,209,59,77,24,41,1.48,20
17,2015-03-18,优,27,11,18,13,12,25,1.17,15
18,2015-03-19,良,64,134,45,54,12,27,1.08,28
19,2015-03-20,优,38,24,26,29,12,30,1.13,19
20,2015-03-21,良,62,99,43,63,19,38,1.05,40
21,2015-03-22,良,74,135,53,74,24,40,1.12,30
22,2015-03-23,良,83,265,58,86,17,39,1.06,52
23,2015-03-24,良,90,280,63,119,16,33,0.88,31
24,2015-03-25,良,85,269,58,98,24,47,1.03,41
25,2015-03-26,良,58,131,40,53,17,43,0.85,44
26,2015-03-27,良,65,153,45,57,15,36,0.88,41
27,2015-03-28,良,77,159,56,76,22,50,1.27,11
28,2015-03-29,良,55,56,38,49,13,40,1.18,11
29,2015-03-30,优,45,35,29,39,17,32,1.08,34
30,2015-03-31,良,54,98,33,54,18,29,0.8,45
0,2015-02-01,轻度污染,123,291,92,0,18,40,1.15,22
1,2015-02-02,良,88,162,64,8,14,43,1.29,13
2,2015-02-03,轻度污染,110,195,82,49,17,38,1.23,20
3,2015-02-04,中度污染,184,312,139,57,36,38,1.22,68
4,2015-02-05,重度污染,205,354,158,74,42,57,1.37,59
5,2015-02-06,中度污染,171,351,129,159,48,78,1.57,43
6,2015-02-07,重度污染,204,358,156,190,35,90,1.69,19
7,2015-02-08,重度污染,216,362,166,184,34,60,1.45,44
8,2015-02-09,中度污染,164,347,125,121,30,54,1.29,58
9,2015-02-10,轻度污染,132,273,100,141,46,72,1.23,30
10,2015-02-11,中度污染,181,322,137,169,37,69,1.5,33
11,2015-02-12,中度污染,171,302,129,163,42,67,1.54,43
12,2015-02-13,轻度污染,118,235,88,122,35,62,1.25,47
13,2015-02-14,轻度污染,120,195,90,109,26,52,1.15,44
14,2015-02-15,良,80,123,58,46,22,28,0.96,44
15,2015-02-16,轻度污染,110,202,78,125,21,27,0.92,69
16,2015-02-17,轻度污染,108,227,80,124,25,32,1.01,81
17,2015-02-18,轻度污染,150,329,113,133,19,23,1.18,81
18,2015-02-19,中度污染,178,299,138,150,15,20,1.01,36
19,2015-02-20,优,41,48,29,12,10,16,0.74,35
20,2015-02-21,良,55,144,38,36,11,17,0.81,43
21,2015-02-22,良,94,198,69,76,15,22,0.94,48
22,2015-02-23,轻度污染,106,290,79,86,12,20,1.15,35
23,2015-02-24,轻度污染,121,309,90,101,13,26,1.28,24
24,2015-02-25,良,60,165,42,17,13,23,1.21,26
25,2015-02-26,优,47,100,32,38,12,28,1.19,21
26,2015-02-27,优,20,7,13,4,10,29,1.05,19
27,2015-02-28,优,29,52,17,14,10,21,0.8,44
0,2015-01-01,良,72,151,50,92,32,43,0.79,34
1,2015-01-02,良,89,336,65,111,41,65,1.02,13
2,2015-01-03,轻度污染,139,236,106,152,61,75,1.36,18
3,2015-01-04,轻度污染,131,155,99,138,51,68,1.27,64
4,2015-01-05,中度污染,178,256,139,157,48,78,1.48,21
5,2015-01-06,重度污染,224,402,174,66,38,46,1.68,20
6,2015-01-07,中度污染,157,346,119,74,31,45,1.29,36
7,2015-01-08,中度污染,171,324,129,139,38,68,1.49,29
8,2015-01-09,中度污染,199,312,150,162,41,65,1.38,38
9,2015-01-10,中度污染,189,292,142,170,40,69,1.6,25
10,2015-01-11,重度污染,209,341,159,192,39,87,1.91,14
11,2015-01-12,中度污染,163,324,124,80,26,81,1.3,16
12,2015-01-13,中度污染,187,337,145,97,20,48,1.35,10
13,2015-01-14,中度污染,156,292,118,68,23,56,1.29,19
14,2015-01-15,中度污染,159,270,120,99,22,58,1.43,28
15,2015-01-16,重度污染,223,334,172,50,25,50,1.22,36
16,2015-01-17,中度污染,182,342,138,82,30,68,1.19,37
17,2015-01-18,中度污染,176,350,133,118,34,61,1.19,37
18,2015-01-19,中度污染,170,349,128,148,31,77,1.42,29
19,2015-01-20,轻度污染,131,291,98,140,52,84,1.31,32
20,2015-01-21,中度污染,162,324,122,159,45,74,1.51,32
21,2015-01-22,轻度污染,116,224,87,135,39,74,1.14,35
22,2015-01-23,轻度污染,127,192,96,138,41,80,1.31,45
23,2015-01-24,轻度污染,135,199,102,134,40,71,1.14,42
24,2015-01-25,严重污染,258,349,207,111,21,53,1.65,7
25,2015-01-26,严重污染,267,338,216,0,25,51,1.71,11
26,2015-01-27,轻度污染,122,297,92,4,19,42,1.6,18
27,2015-01-28,优,27,15,18,2,12,29,0.79,16
28,2015-01-29,优,42,65,29,28,14,30,0.85,20
29,2015-01-30,轻度污染,107,286,80,35,21,34,0.94,28
30,2015-01-31,轻度污染,109,306,81,27,15,38,1.05,20
0,2014-12-01,良,73,88,48,86,28,35,0.76,36
1,2014-12-02,良,70,110,35,89,35,38,0.54,25
2,2014-12-03,良,65,75,46,56,19,46,0.67,30
3,2014-12-04,良,66,98,45,67,29,41,0.67,38
4,2014-12-05,良,76,103,53,91,35,62,0.87,29
5,2014-12-06,良,73,65,51,83,28,62,0.76,24
6,2014-12-07,轻度污染,114,136,85,103,32,56,0.87,32
7,2014-12-08,良,91,81,67,97,38,66,0.88,33
8,2014-12-09,轻度污染,105,116,78,98,33,57,0.92,25
9,2014-12-10,轻度污染,105,124,78,58,17,42,0.86,25
10,2014-12-11,良,79,91,55,81,35,47,0.75,28
11,2014-12-12,良,76,93,52,99,42,55,0.77,27
12,2014-12-13,良,94,121,68,117,30,66,1.16,28
13,2014-12-14,轻度污染,105,97,78,128,52,73,1.12,22
14,2014-12-15,轻度污染,123,105,93,130,48,71,1.08,17
15,2014-12-16,良,80,115,50,83,28,42,0.6,36
16,2014-12-17,良,64,55,38,75,30,56,0.74,27
17,2014-12-18,良,76,49,55,87,36,65,0.75,24
18,2014-12-19,良,79,60,57,66,26,52,0.9,34
19,2014-12-20,良,84,113,61,75,21,50,0.91,31
20,2014-12-21,良,98,143,72,82,31,43,0.82,41
21,2014-12-22,良,90,87,66,92,39,63,1.05,28
22,2014-12-23,轻度污染,119,107,89,126,60,76,1.27,24
23,2014-12-24,中度污染,170,143,128,148,47,83,1.44,27
24,2014-12-25,重度污染,226,185,178,136,40,57,1.24,28
25,2014-12-26,重度污染,239,185,189,21,31,55,1.42,14
26,2014-12-27,中度污染,160,138,121,17,26,42,1.04,17
27,2014-12-28,轻度污染,122,98,92,42,30,45,0.99,40
28,2014-12-29,轻度污染,117,89,88,86,35,56,1.18,28
29,2014-12-30,轻度污染,110,91,82,112,37,67,1.37,29
30,2014-12-31,中度污染,157,491,119,152,37,67,1.46,19
0,2014-11-01,轻度污染,102,133,76,72,18,31,1.05,37
1,2014-11-02,良,56,76,34,40,19,24,0.48,62
2,2014-11-03,良,59,53,23,67,26,35,0.47,59
3,2014-11-04,良,81,75,46,111,40,64,0.98,38
4,2014-11-05,良,98,98,72,100,20,60,0.96,26
5,2014-11-06,良,82,79,59,73,21,45,0.74,34
6,2014-11-07,良,75,113,54,65,16,43,0.79,27
7,2014-11-08,轻度污染,104,157,77,76,16,27,0.89,44
8,2014-11-09,良,69,88,49,57,19,33,0.77,24
9,2014-11-10,良,65,52,46,56,23,32,0.8,20
10,2014-11-11,良,75,68,54,52,20,34,0.77,36
11,2014-11-12,良,79,123,55,72,27,47,0.87,34
12,2014-11-13,良,59,54,39,65,28,39,0.61,48
13,2014-11-14,良,82,83,57,105,31,62,0.94,43
14,2014-11-15,轻度污染,121,140,91,123,32,62,1.01,27
15,2014-11-16,中度污染,178,177,134,139,26,47,1.1,27
16,2014-11-17,轻度污染,126,134,95,111,32,50,1.01,39
17,2014-11-18,轻度污染,125,140,94,121,35,59,1.1,33
18,2014-11-19,轻度污染,112,106,83,119,31,71,1.08,23
19,2014-11-20,轻度污染,116,95,87,121,45,71,1.28,33
20,2014-11-21,中度污染,177,133,134,175,48,87,1.75,24
21,2014-11-22,重度污染,228,162,178,199,34,70,1.58,33
22,2014-11-23,严重污染,301,188,251,9,21,39,1.91,15
23,2014-11-24,良,65,79,46,7,14,30,1.34,22
24,2014-11-25,良,77,105,56,51,18,30,1.17,27
25,2014-11-26,良,84,97,62,54,26,39,1.29,25
26,2014-11-27,良,60,63,42,53,24,37,1.21,21
27,2014-11-28,优,43,13,30,28,16,32,1.18,20
28,2014-11-29,良,52,29,36,41,19,36,1.99,15
29,2014-11-30,优,41,13,28,33,17,31,1.55,21
0,2014-10-01,良,69,129,49,71,18,32,1.1,30
1,2014-10-02,良,72,94,52,60,15,24,0.92,50
2,2014-10-03,良,76,103,54,84,22,38,0.94,52
3,2014-10-04,良,80,140,58,99,20,36,0.95,58
4,2014-10-05,轻度污染,122,171,92,141,26,28,1.04,92
5,2014-10-06,中度污染,164,190,126,165,23,33,1.12,95
6,2014-10-07,良,100,129,74,113,25,44,0.96,73
7,2014-10-08,轻度污染,104,116,77,111,22,44,1.01,84
8,2014-10-09,轻度污染,129,144,97,130,27,54,1.16,66
9,2014-10-10,轻度污染,132,150,99,129,29,49,1.08,74
10,2014-10-11,轻度污染,133,152,100,120,25,35,1.03,79
11,2014-10-12,中度污染,185,190,140,161,20,28,1.13,90
12,2014-10-13,轻度污染,135,184,102,137,20,30,0.93,59
13,2014-10-14,轻度污染,121,162,91,110,24,40,0.81,66
14,2014-10-15,轻度污染,143,161,109,144,22,65,1.12,59
15,2014-10-16,轻度污染,141,162,107,145,24,52,1.01,62
16,2014-10-17,严重污染,295,190,248,261,29,45,1.38,68
17,2014-10-18,重度污染,239,184,194,233,32,60,1.32,66
18,2014-10-19,中度污染,153,167,116,165,31,56,1.16,74
19,2014-10-20,轻度污染,148,161,113,164,30,63,1.23,43
20,2014-10-21,轻度污染,107,136,80,76,14,26,1.09,46
21,2014-10-22,良,75,66,54,54,22,32,0.8,56
22,2014-10-23,良,95,95,68,112,28,62,1.03,42
23,2014-10-24,轻度污染,115,131,86,146,34,69,1.27,46
24,2014-10-25,轻度污染,123,153,92,152,35,69,1.27,42
25,2014-10-26,轻度污染,138,165,104,163,35,71,1.34,48
26,2014-10-27,严重污染,253,190,203,236,27,54,1.43,49
27,2014-10-28,重度污染,228,187,179,100,17,34,1.11,21
28,2014-10-29,优,46,22,31,12,13,25,0.76,19
29,2014-10-30,优,24,2,16,13,13,27,0.89,17
30,2014-10-31,优,41,18,28,34,13,27,0.83,23
0,2014-09-01,良,71,148,50,74,13,26,0.82,45
1,2014-09-02,良,84,180,61,86,20,34,0.92,42
2,2014-09-03,优,45,77,28,40,18,27,0.73,61
3,2014-09-04,良,62,80,42,67,18,40,0.83,57
4,2014-09-05,良,58,42,40,55,17,31,0.86,53
5,2014-09-06,良,70,67,50,77,18,32,1.0,70
6,2014-09-07,良,98,147,72,102,24,39,1.09,72
7,2014-09-08,良,89,141,66,89,17,25,1.04,74
8,2014-09-09,轻度污染,109,176,82,115,16,26,1.12,59
9,2014-09-10,良,76,130,55,77,15,30,0.88,52
10,2014-09-11,良,71,139,50,73,18,29,0.91,52
11,2014-09-12,良,80,177,57,78,17,24,0.87,63
12,2014-09-13,优,45,70,31,27,13,18,0.67,30
13,2014-09-14,良,60,132,43,53,15,20,0.89,25
14,2014-09-15,良,55,133,38,41,14,21,1.07,23
15,2014-09-16,优,47,80,32,48,12,20,0.8,25
16,2014-09-17,良,65,156,45,66,13,21,1.01,21
17,2014-09-18,优,26,7,18,16,11,20,1.08,18
18,2014-09-19,优,25,3,16,22,13,24,1.07,22
19,2014-09-20,优,49,45,32,45,17,26,0.9,44
20,2014-09-21,良,62,106,41,68,21,38,0.96,68
21,2014-09-22,良,63,99,41,66,20,32,0.77,87
22,2014-09-23,良,71,137,51,76,21,32,0.79,68
23,2014-09-24,良,59,102,40,62,18,35,0.77,60
24,2014-09-25,轻度污染,102,154,76,115,23,46,1.0,60
25,2014-09-26,轻度污染,137,172,103,153,25,60,1.3,41
26,2014-09-27,轻度污染,110,140,82,127,21,49,1.2,53
27,2014-09-28,轻度污染,109,164,81,115,23,40,1.12,55
28,2014-09-29,良,71,138,51,62,12,20,0.99,40
29,2014-09-30,良,77,161,55,71,19,26,1.07,45
0,2014-08-01,良,63,123,37,69,15,23,0.58,73
1,2014-08-02,良,64,117,44,67,18,20,0.6,73
2,2014-08-03,良,64,77,39,74,23,29,0.66,53
3,2014-08-04,良,69,88,43,84,23,27,0.76,59
4,2014-08-05,良,82,150,60,93,15,29,0.8,62
5,2014-08-06,良,69,127,47,77,13,26,0.79,79
6,2014-08-07,良,63,113,44,62,15,22,0.8,65
7,2014-08-09,轻度污染,102,180,75,110,15,23,0.96,51
8,2014-08-10,轻度污染,121,182,91,118,17,23,1.06,70
9,2014-08-11,良,87,125,64,68,15,26,0.97,45
10,2014-08-12,优,32,12,20,14,13,18,0.65,49
11,2014-08-13,优,39,40,18,24,12,17,0.5,72
12,2014-08-14,良,54,95,35,55,20,25,0.68,71
13,2014-08-15,良,60,69,43,59,16,33,1.11,39
14,2014-08-16,良,53,42,35,53,18,27,1.04,49
15,2014-08-17,良,60,90,42,63,17,33,0.93,37
16,2014-08-18,优,43,41,27,23,11,21,0.7,49
17,2014-08-19,优,38,44,19,32,14,21,0.61,58
18,2014-08-20,良,68,90,47,80,17,30,0.88,71
19,2014-08-21,轻度污染,114,153,85,133,24,43,1.24,76
20,2014-08-23,良,68,88,48,76,18,31,0.86,51
21,2014-08-24,优,50,62,34,38,13,24,0.73,51
22,2014-08-25,良,53,55,33,54,15,35,0.84,47
23,2014-08-26,良,62,75,44,59,13,25,0.83,53
24,2014-08-27,良,59,78,40,61,14,23,0.84,72
25,2014-08-28,良,78,136,57,84,18,27,0.98,71
26,2014-08-29,良,91,164,67,93,16,30,0.88,59
27,2014-08-30,良,62,104,37,71,20,30,0.74,68
28,2014-08-31,良,63,127,40,69,24,29,0.85,60
0,2014-07-01,良,96,125,69,105,16,35,1.21,39
1,2014-07-02,良,80,141,56,77,12,31,1.11,25
2,2014-07-03,良,58,56,32,64,10,35,1.11,20
3,2014-07-04,优,43,23,24,43,11,30,1.26,25
4,2014-07-05,优,41,29,25,41,11,18,0.6,47
5,2014-07-06,良,56,80,37,56,13,24,0.73,44
6,2014-07-07,良,65,78,44,73,13,33,0.75,56
7,2014-07-08,良,81,117,58,94,17,38,0.69,58
8,2014-07-09,轻度污染,107,176,79,128,19,41,0.84,58
9,2014-07-10,轻度污染,103,163,75,131,16,38,0.94,47
10,2014-07-11,良,88,104,64,109,12,32,0.93,49
11,2014-07-12,良,65,103,45,57,11,25,0.68,34
12,2014-07-13,优,43,45,27,35,12,21,0.5,40
13,2014-07-14,优,44,48,23,44,15,36,0.82,31
14,2014-07-15,优,48,59,30,48,15,39,0.96,16
15,2014-07-16,优,50,60,31,51,16,38,0.96,15
16,2014-07-17,良,59,75,38,68,19,26,0.77,54
17,2014-07-18,良,61,88,39,61,16,28,0.68,48
18,2014-07-19,优,40,42,20,37,9,20,0.7,42
19,2014-07-20,良,64,95,38,75,19,28,1.01,42
20,2014-07-21,良,73,134,50,92,16,30,0.98,62
21,2014-07-22,良,82,141,60,102,21,32,0.86,66
22,2014-07-23,良,97,171,72,122,14,27,0.81,71
23,2014-07-24,轻度污染,117,181,88,130,15,21,0.9,95
24,2014-07-25,轻度污染,111,177,83,126,19,31,0.85,64
25,2014-07-26,良,79,83,57,77,16,22,0.62,65
26,2014-07-27,良,60,50,36,69,14,29,0.77,55
27,2014-07-28,良,77,93,53,90,18,29,0.88,51
28,2014-07-29,良,56,39,30,60,19,25,0.61,51
29,2014-07-30,良,62,85,33,72,28,27,0.64,60
30,2014-07-31,良,76,129,50,98,24,33,0.75,51
0,2014-06-01,良,56,72,36,55,14,24,0.83,40
1,2014-06-02,良,69,122,49,68,15,22,1.01,74
2,2014-06-03,良,88,154,64,90,18,25,0.84,94
3,2014-06-04,轻度污染,108,176,80,104,19,37,0.96,58
4,2014-06-05,良,99,127,74,83,9,27,0.94,56
5,2014-06-06,轻度污染,129,157,98,120,18,27,0.95,62
6,2014-06-07,轻度污染,120,168,90,116,23,27,1.07,90
7,2014-06-08,轻度污染,143,175,108,155,24,36,1.13,92
8,2014-06-09,中度污染,178,189,134,162,25,33,1.32,63
9,2014-06-10,轻度污染,105,162,78,95,12,29,0.96,70
10,2014-06-11,轻度污染,120,177,90,121,18,30,1.05,80
11,2014-06-12,轻度污染,136,180,100,147,19,40,1.13,101
12,2014-06-13,严重污染,306,189,261,267,19,34,1.61,115
13,2014-06-14,轻度污染,132,147,100,123,21,29,0.91,95
14,2014-06-15,中度污染,165,175,124,139,15,30,0.94,84
15,2014-06-16,轻度污染,112,123,84,80,12,22,0.94,72
16,2014-06-17,良,71,96,50,64,16,36,1.14,37
17,2014-06-18,良,66,82,43,76,24,35,1.23,50
18,2014-06-19,良,55,67,35,54,17,33,0.99,24
19,2014-06-20,优,32,16,13,29,8,27,0.79,23
20,2014-06-21,良,62,105,44,55,10,25,0.95,44
21,2014-06-22,良,81,144,59,89,15,24,0.88,57
22,2014-06-23,轻度污染,103,176,77,98,15,32,1.11,45
23,2014-06-24,优,47,47,31,40,8,24,0.65,45
24,2014-06-25,良,59,91,32,70,13,32,0.88,48
25,2014-06-26,良,53,69,36,53,11,27,0.87,24
26,2014-06-27,优,47,54,30,44,12,21,0.72,34
27,2014-06-28,良,71,97,50,73,18,25,0.8,40
28,2014-06-29,优,45,33,24,45,10,23,0.82,40
29,2014-06-30,良,88,119,64,97,14,25,1.12,54
0,2014-05-01,轻度污染,105,92,75,132,35,57,1.17,57
1,2014-05-02,轻度污染,111,149,68,164,24,48,0.78,58
2,2014-05-03,轻度污染,109,163,64,166,28,33,1.02,49
3,2014-05-04,良,61,63,44,54,9,24,1.05,51
4,2014-05-05,良,84,156,62,95,16,26,0.9,53
5,2014-05-06,良,93,138,67,111,31,45,0.97,73
6,2014-05-07,轻度污染,105,161,78,115,32,43,1.09,57
7,2014-05-08,良,72,59,51,70,26,34,0.96,42
8,2014-05-09,优,30,8,20,26,12,22,0.81,35
9,2014-05-10,优,35,17,21,33,12,24,0.84,24
10,2014-05-11,优,32,10,15,24,12,20,0.77,61
11,2014-05-12,良,61,58,34,68,21,41,0.97,68
12,2014-05-13,良,84,98,62,93,23,41,1.14,54
13,2014-05-14,轻度污染,105,146,79,81,10,20,0.95,59
14,2014-05-15,良,70,80,44,86,23,29,0.69,52
15,2014-05-16,良,92,98,68,105,30,38,1.09,36
16,2014-05-17,轻度污染,131,172,97,117,11,23,0.89,43
17,2014-05-18,轻度污染,136,175,103,123,22,29,0.98,32
18,2014-05-19,中度污染,155,174,117,133,19,40,1.24,23
19,2014-05-20,轻度污染,119,139,89,131,19,48,1.47,45
20,2014-05-21,轻度污染,101,96,75,102,12,46,1.16,31
21,2014-05-22,良,92,84,68,86,12,26,1.0,35
22,2014-05-23,良,61,72,41,63,13,28,0.82,39
23,2014-05-24,良,65,106,43,68,14,28,0.9,30
24,2014-05-25,良,70,72,50,60,9,24,0.95,34
25,2014-05-26,中度污染,159,173,99,262,24,28,0.62,47
26,2014-05-27,轻度污染,119,111,80,185,26,35,0.84,53
27,2014-05-28,轻度污染,135,151,101,209,31,53,1.27,48
28,2014-05-29,轻度污染,111,98,83,142,17,41,1.13,42
29,2014-05-30,良,91,79,67,94,12,35,1.12,26
30,2014-05-31,良,67,59,46,69,10,25,0.94,43
0,2014-04-01,良,81,87,59,78,27,44,1.35,58
1,2014-04-02,轻度污染,119,164,90,121,45,74,1.48,30
2,2014-04-03,轻度污染,133,180,100,124,39,58,1.22,57
3,2014-04-04,轻度污染,122,169,92,122,23,49,0.98,73
4,2014-04-05,轻度污染,146,175,110,145,22,62,1.24,64
5,2014-04-06,轻度污染,101,156,74,41,9,35,0.91,63
6,2014-04-07,良,94,120,70,73,15,41,1.11,39
7,2014-04-08,轻度污染,102,91,76,106,26,52,1.67,40
8,2014-04-09,轻度污染,105,90,78,117,27,53,1.67,56
9,2014-04-10,良,87,76,63,96,26,42,0.97,107
10,2014-04-11,良,97,125,72,102,22,35,1.14,72
11,2014-04-12,良,58,44,42,53,9,23,1.08,25
12,2014-04-13,良,77,95,56,71,12,16,0.98,68
13,2014-04-14,良,68,44,49,76,17,33,1.04,68
14,2014-04-15,良,83,90,61,95,21,40,1.12,54
15,2014-04-16,轻度污染,119,174,90,107,16,28,1.0,21
16,2014-04-17,良,63,53,44,65,15,27,0.93,32
17,2014-04-18,良,99,143,74,111,25,32,1.03,39
18,2014-04-19,优,39,14,28,31,9,19,0.66,42
19,2014-04-20,优,45,22,31,42,9,22,0.64,52
20,2014-04-21,优,43,19,31,36,11,28,1.06,28
21,2014-04-22,良,52,32,37,52,14,27,0.72,52
22,2014-04-23,良,67,52,48,58,12,46,1.04,21
23,2014-04-24,优,49,18,34,40,9,42,1.02,14
24,2014-04-25,优,38,9,25,32,13,36,1.17,15
25,2014-04-26,优,37,16,24,28,13,28,1.02,37
26,2014-04-27,良,70,100,39,89,18,24,0.72,72
27,2014-04-28,良,93,157,57,135,27,48,0.8,65
28,2014-04-29,轻度污染,111,159,83,135,34,55,1.15,34
29,2014-04-30,轻度污染,119,161,84,134,29,56,1.37,31
0,2014-03-01,良,53,53,38,47,12,26,1.06,19
1,2014-03-02,良,72,65,52,58,14,32,1.26,15
2,2014-03-03,良,72,67,52,63,15,36,1.45,12
3,2014-03-04,轻度污染,122,166,92,102,24,35,1.45,21
4,2014-03-05,中度污染,156,184,119,129,30,50,1.97,19
5,2014-03-06,良,78,123,57,51,16,41,1.08,34
6,2014-03-07,优,41,29,28,35,10,31,0.82,40
7,2014-03-08,良,56,55,39,56,16,32,0.94,32
8,2014-03-09,良,75,81,55,81,18,47,1.37,31
9,2014-03-10,良,98,93,73,102,37,49,1.44,33
10,2014-03-11,良,79,44,58,72,31,43,1.36,12
11,2014-03-12,良,63,51,46,53,17,33,1.31,16
12,2014-03-13,轻度污染,128,182,97,153,20,29,0.99,28
13,2014-03-14,轻度污染,117,169,88,120,29,61,1.46,24
14,2014-03-15,轻度污染,122,147,92,129,53,53,1.66,29
15,2014-03-16,良,80,28,59,80,37,38,1.29,33
16,2014-03-17,良,62,9,40,69,36,38,1.42,37
17,2014-03-18,良,67,24,48,72,27,36,1.2,44
18,2014-03-19,中度污染,155,175,118,157,18,31,1.33,28
19,2014-03-20,良,91,138,67,88,14,24,0.76,51
20,2014-03-21,良,56,25,39,58,21,33,0.76,56
21,2014-03-22,良,94,120,70,102,31,56,1.26,45
22,2014-03-23,中度污染,151,167,114,144,38,66,1.77,18
23,2014-03-25,良,96,77,71,90,24,45,1.51,44
24,2014-03-26,良,93,62,68,93,30,49,1.46,32
25,2014-03-27,良,63,26,44,63,18,47,1.18,20
26,2014-03-28,良,54,27,36,53,19,39,1.11,33
27,2014-03-29,良,60,40,33,76,15,31,0.71,68
28,2014-03-30,良,91,86,67,95,13,41,0.98,49
29,2014-03-31,良,79,73,58,76,16,31,0.85,70
0,2014-02-01,轻度污染,117,91,88,108,38,37,1.39,78
1,2014-02-02,重度污染,215,130,170,143,28,42,1.87,58
2,2014-02-03,中度污染,199,179,153,156,19,34,2.16,34
3,2014-02-04,良,93,155,68,34,14,26,1.63,16
4,2014-02-05,优,50,98,35,0,9,22,1.04,24
5,2014-02-06,优,45,86,31,4,8,20,0.98,23
6,2014-02-07,良,75,128,55,37,16,24,1.17,24
7,2014-02-08,良,74,106,54,13,13,27,1.17,22
8,2014-02-09,良,90,170,67,32,17,24,1.17,42
9,2014-02-10,轻度污染,118,178,89,3,28,25,1.47,46
10,2014-02-11,良,87,106,64,39,29,25,1.12,52
11,2014-02-12,轻度污染,106,116,80,26,22,31,1.23,39
12,2014-02-13,轻度污染,113,119,85,38,21,27,1.24,52
13,2014-02-14,轻度污染,134,120,101,32,17,35,1.32,43
14,2014-02-15,轻度污染,110,66,82,67,19,39,1.41,33
15,2014-02-16,良,95,98,70,67,12,35,1.24,22
16,2014-02-17,良,93,119,69,24,12,31,1.35,19
17,2014-02-18,优,48,51,34,18,11,28,1.43,25
18,2014-02-19,良,64,55,45,46,20,30,1.03,43
19,2014-02-20,良,77,64,56,70,43,37,1.29,30
20,2014-02-21,良,92,50,67,126,53,70,1.94,38
21,2014-02-22,轻度污染,143,102,108,146,38,63,2.29,21
22,2014-02-23,重度污染,221,157,171,156,34,49,2.39,14
23,2014-02-24,良,92,46,68,33,19,40,2.02,9
24,2014-02-25,良,63,54,45,26,16,25,1.46,19
25,2014-02-26,轻度污染,104,89,77,93,16,33,1.45,28
26,2014-02-27,良,93,102,69,76,17,42,1.65,10
27,2014-02-28,优,19,2,13,8,12,27,1.42,13
0,2014-01-01,中度污染,187,171,146,173,71,108,2.3,23
1,2014-01-02,中度污染,199,169,147,177,71,112,2.08,25
2,2014-01-03,严重污染,257,170,209,186,70,82,1.73,20
3,2014-01-04,中度污染,153,128,116,146,56,81,1.4,32
4,2014-01-05,中度污染,159,104,120,142,50,87,1.64,30
5,2014-01-06,中度污染,173,100,132,137,48,82,1.48,28
6,2014-01-07,重度污染,236,161,187,38,25,63,1.92,6
7,2014-01-08,中度污染,177,175,134,0,30,44,1.38,30
8,2014-01-09,中度污染,190,182,143,67,39,62,1.72,24
9,2014-01-10,中度污染,179,154,137,42,32,67,1.86,10
10,2014-01-11,良,70,30,50,31,19,42,1.13,25
11,2014-01-12,轻度污染,132,125,100,48,40,45,1.22,36
12,2014-01-13,重度污染,205,182,161,108,51,75,1.79,18
13,2014-01-14,重度污染,206,158,159,191,43,79,2.07,21
14,2014-01-15,中度污染,160,109,121,120,34,74,1.48,44
15,2014-01-16,中度污染,174,117,132,165,36,77,1.58,32
16,2014-01-17,严重污染,264,163,213,218,52,58,1.62,46
17,2014-01-18,重度污染,231,135,184,130,44,67,1.56,39
18,2014-01-19,中度污染,180,101,137,161,46,74,1.48,47
19,2014-01-20,中度污染,187,148,148,135,45,59,1.39,48
20,2014-01-21,良,94,116,69,106,30,66,1.13,35
21,2014-01-22,良,100,95,75,109,43,69,1.27,41
22,2014-01-24,轻度污染,120,88,91,125,40,57,1.34,75
23,2014-01-25,重度污染,222,169,174,196,52,63,1.84,46
24,2014-01-26,严重污染,310,187,259,146,59,65,2.51,20
25,2014-01-27,严重污染,356,186,306,101,48,76,3.01,27
26,2014-01-28,严重污染,320,182,269,97,34,62,2.46,32
27,2014-01-29,严重污染,295,183,245,89,25,45,2.11,29
28,2014-01-30,严重污染,274,166,224,151,39,49,2.54,40
29,2014-01-31,严重污染,285,148,270,219,53,40,1.73,66
0,2013-12-01,轻度污染,137,85,117,149,48,79,1.59,31
1,2013-12-02,轻度污染,149,67,107,144,62,83,1.79,29
2,2013-12-03,轻度污染,134,45,118,130,68,75,1.55,40
3,2013-12-04,中度污染,192,68,136,147,55,77,1.43,41
4,2013-12-05,中度污染,164,58,140,165,50,75,1.52,32
5,2013-12-06,重度污染,217,88,169,187,71,69,1.77,32
6,2013-12-07,重度污染,228,75,202,212,84,101,2.44,27
7,2013-12-08,严重污染,260,73,180,202,57,81,1.89,30
8,2013-12-09,重度污染,214,70,97,106,40,43,1.11,46
9,2013-12-10,良,90,34,83,108,48,59,1.34,27
10,2013-12-11,轻度污染,126,76,97,115,56,57,1.33,25
11,2013-12-12,轻度污染,128,71,107,142,70,73,1.68,9
12,2013-12-13,中度污染,162,83,126,158,62,76,1.82,19
13,2013-12-14,重度污染,209,103,207,226,68,78,1.92,15
14,2013-12-15,严重污染,266,101,198,68,43,66,1.82,14
15,2013-12-16,中度污染,193,91,108,29,26,47,1.32,33
16,2013-12-17,良,92,61,27,0,13,33,1.07,24
17,2013-12-18,优,41,26,58,0,24,39,1.01,35
18,2013-12-19,轻度污染,149,86,149,106,38,61,1.61,38
19,2013-12-20,重度污染,218,89,178,189,51,72,1.88,31
20,2013-12-21,重度污染,248,97,212,186,48,61,1.87,38
21,2013-12-22,重度污染,246,99,167,162,47,73,1.72,30
22,2013-12-23,中度污染,180,65,127,143,61,84,1.63,18
23,2013-12-24,中度污染,188,57,150,163,58,80,1.66,19
24,2013-12-25,中度污染,200,55,146,164,58,86,1.7,28
25,2013-12-26,中度污染,191,55,139,151,53,74,1.48,29
26,2013-12-27,中度污染,158,90,87,114,36,55,1.21,29
27,2013-12-28,良,84,29,60,80,41,68,1.03,26
28,2013-12-29,良,97,48,79,99,41,77,1.17,26
29,2013-12-30,轻度污染,123,67,108,134,47,93,1.8,19
30,2013-12-31,中度污染,166,159,137,168,54,104,2.4,17
0,2013-11-01,轻度污染,108,63,81,84,16,31,1.32,9
1,2013-11-02,优,28,1,19,23,13,27,1.17,9
2,2013-11-03,良,66,19,47,59,18,32,1.14,25
3,2013-11-04,良,83,50,61,75,26,38,1.26,40
4,2013-11-05,中度污染,156,105,119,141,39,47,1.44,52
5,2013-11-06,重度污染,202,105,133,161,39,60,1.54,44
6,2013-11-07,中度污染,176,100,137,177,38,82,1.37,36
7,2013-11-08,中度污染,166,96,113,155,40,67,1.61,54
8,2013-11-09,中度污染,195,101,206,231,41,60,1.74,51
9,2013-11-10,重度污染,213,111,90,67,23,34,1.36,23
10,2013-11-11,良,59,53,21,17,14,31,1.22,17
11,2013-11-12,优,25,6,14,12,11,26,0.94,31
12,2013-11-13,优,34,18,41,49,19,31,1.04,17
13,2013-11-14,良,71,41,51,60,21,35,1.1,32
14,2013-11-15,良,81,32,75,110,27,63,1.79,16
15,2013-11-16,轻度污染,121,50,100,154,42,72,2.0,17
16,2013-11-17,轻度污染,133,94,93,144,29,68,1.68,24
17,2013-11-18,轻度污染,117,98,85,134,37,66,1.29,21
18,2013-11-19,轻度污染,109,73,95,163,46,77,1.53,20
19,2013-11-20,轻度污染,127,65,95,165,50,75,1.5,27
20,2013-11-21,轻度污染,133,58,96,144,41,72,1.45,28
21,2013-11-22,重度污染,208,83,268,131,35,65,1.82,21
22,2013-11-23,严重污染,369,108,327,145,37,67,2.11,20
23,2013-11-24,重度污染,246,98,57,20,20,40,1.12,25
24,2013-11-25,良,52,7,41,73,33,55,1.29,25
25,2013-11-26,良,69,35,54,106,31,65,1.14,23
26,2013-11-27,良,87,59,64,107,38,58,0.98,17
27,2013-11-28,良,71,65,41,73,30,50,0.76,28
28,2013-11-29,良,58,31,47,80,31,60,1.11,24
29,2013-11-30,良,79,46,75,114,52,75,1.43,17
0,2013-10-28,中度污染,190,83,151,180,50,80,1.77,62
1,2013-10-29,严重污染,299,105,250,278,66,95,2.41,55
2,2013-10-30,严重污染,329,113,284,126,27,49,2.03,28
3,2013-10-31,重度污染,221,110,175,157,21,41,1.62,26
