0,2019-12-01,良,54,200,35,59,6,43,0.82,20
1,2019-12-02,良,57,214,37,65,7,53,0.83,12
2,2019-12-03,良,73,248,52,89,7,56,1.0,10
3,2019-12-04,良,89,296,66,102,8,59,1.03,16
4,2019-12-05,轻度污染,101,328,75,101,8,49,0.89,29
5,2019-12-06,良,71,232,52,71,7,46,0.85,37
6,2019-12-07,良,96,249,71,102,8,62,0.96,15
7,2019-12-08,轻度污染,123,277,93,125,9,63,1.09,18
8,2019-12-09,中度污染,154,297,117,159,9,63,1.33,18
9,2019-12-10,中度污染,170,313,128,167,8,68,1.4,26
0,2019-11-01,良,52,111,36,51,7,38,0.61,31
1,2019-11-02,良,57,144,41,60,5,43,0.72,30
2,2019-11-03,良,71,251,51,69,6,42,0.76,34
3,2019-11-04,良,67,229,48,67,6,41,0.71,23
4,2019-11-05,良,52,105,36,49,6,30,0.54,41
5,2019-11-06,良,60,157,43,59,7,41,0.66,38
6,2019-11-07,良,71,244,51,75,7,44,0.75,27
7,2019-11-08,良,100,309,75,98,6,54,0.77,18
8,2019-11-09,轻度污染,111,288,83,112,10,49,0.9,8
9,2019-11-10,良,90,280,67,93,6,44,0.96,15
10,2019-11-11,轻度污染,119,357,90,125,8,52,1.05,11
11,2019-11-12,良,79,249,58,78,8,38,0.76,28
12,2019-11-13,优,45,107,21,50,6,44,0.56,23
13,2019-11-14,良,69,288,35,89,7,54,0.61,27
14,2019-11-15,良,79,294,53,106,12,71,0.79,16
15,2019-11-16,轻度污染,108,316,81,138,10,58,0.85,26
16,2019-11-17,轻度污染,102,245,72,114,6,45,0.73,22
17,2019-11-18,良,88,277,44,126,6,42,0.5,27
18,2019-11-19,良,81,244,48,113,6,52,0.6,8
19,2019-11-20,良,71,214,48,87,6,38,0.61,16
20,2019-11-21,良,69,222,49,81,5,41,0.83,15
21,2019-11-22,良,88,292,65,96,6,49,0.83,5
22,2019-11-23,轻度污染,110,311,83,110,7,45,0.93,8
23,2019-11-24,优,49,167,35,47,5,34,0.69,18
24,2019-11-25,优,26,65,14,25,5,35,0.54,31
25,2019-11-26,优,43,145,28,44,6,35,0.63,14
26,2019-11-27,良,55,224,37,57,6,36,0.82,11
27,2019-11-28,优,37,141,22,37,4,30,0.7,19
28,2019-11-29,优,38,84,25,36,5,27,0.79,10
29,2019-11-30,优,38,67,23,38,5,28,0.77,18
0,2019-10-01,良,80,317,58,82,6,30,0.92,57
1,2019-10-02,良,59,198,42,55,7,23,0.68,65
2,2019-10-03,良,61,220,43,61,4,27,0.78,40
3,2019-10-04,优,27,79,15,27,5,24,0.68,33
4,2019-10-05,优,26,102,14,25,5,28,0.57,46
5,2019-10-06,优,27,80,15,27,5,25,0.66,24
6,2019-10-07,优,27,64,14,27,5,30,0.68,27
7,2019-10-08,优,41,170,26,42,5,36,0.72,25
8,2019-10-09,优,38,122,22,39,7,35,0.67,19
9,2019-10-10,良,56,244,34,63,8,46,0.9,15
10,2019-10-11,良,53,199,32,59,8,48,0.75,31
11,2019-10-12,优,50,184,28,52,4,46,0.62,34
12,2019-10-13,良,53,230,33,55,5,44,0.65,19
13,2019-10-14,优,40,167,25,41,5,41,0.66,19
14,2019-10-15,优,41,200,27,41,6,38,0.63,24
15,2019-10-16,优,25,43,13,23,5,32,0.63,39
16,2019-10-17,优,43,131,25,43,5,43,0.69,39
17,2019-10-18,优,41,92,23,41,5,44,0.62,47
18,2019-10-19,良,62,180,42,70,7,54,0.75,43
19,2019-10-20,良,81,258,59,90,8,53,0.83,22
20,2019-10-21,良,57,133,39,62,4,42,0.77,18
21,2019-10-22,优,39,75,23,39,5,36,0.72,26
22,2019-10-23,优,37,86,20,37,5,41,0.71,25
23,2019-10-24,优,34,79,19,32,5,31,0.62,29
24,2019-10-25,优,17,21,7,12,4,26,0.41,43
25,2019-10-26,优,26,72,18,24,5,36,0.53,26
26,2019-10-27,优,35,87,23,34,5,38,0.55,22
27,2019-10-28,优,48,135,31,51,6,44,0.75,28
28,2019-10-29,良,68,207,49,73,8,52,0.89,36
29,2019-10-30,良,97,239,72,91,9,59,0.84,27
30,2019-10-31,良,80,208,59,86,6,51,0.82,18
31,2019-10-31,良,80,208,59,86,6,51,0.82,18
0,2019-09-01,良,59,331,41,62,4,43,0.99,45
1,2019-09-02,优,43,210,29,41,3,32,0.94,44
2,2019-09-03,优,44,229,30,42,4,31,0.85,38
3,2019-09-04,优,31,82,20,29,4,29,0.81,29
4,2019-09-05,优,41,181,27,38,4,29,0.73,44
5,2019-09-06,良,54,241,35,57,5,41,0.88,27
6,2019-09-07,优,48,178,32,45,4,37,0.91,34
7,2019-09-08,优,33,76,21,32,4,21,0.73,52
8,2019-09-09,优,28,70,18,27,4,26,0.8,31
9,2019-09-10,优,20,43,6,14,4,20,0.68,48
10,2019-09-11,优,32,147,20,32,5,31,0.84,26
11,2019-09-12,优,40,200,24,40,5,35,0.91,29
12,2019-09-13,优,23,47,4,9,4,13,0.55,62
13,2019-09-14,优,20,44,5,12,4,16,0.5,59
14,2019-09-15,优,26,68,12,24,4,31,0.63,38
15,2019-09-16,优,37,144,20,36,8,33,0.76,41
16,2019-09-17,优,20,25,8,17,5,25,0.58,39
17,2019-09-18,优,36,136,15,34,6,32,0.67,42
18,2019-09-19,优,29,60,13,29,6,31,0.7,25
19,2019-09-20,优,44,168,20,45,6,45,0.85,22
20,2019-09-21,优,48,204,24,51,6,50,0.73,30
21,2019-09-22,良,68,319,43,85,8,60,0.99,56
22,2019-09-23,良,73,334,51,91,9,59,0.91,26
23,2019-09-24,优,41,67,27,42,5,39,0.6,29
24,2019-09-25,优,38,46,21,34,6,33,0.44,59
25,2019-09-26,良,62,208,39,72,6,54,0.75,33
26,2019-09-27,良,78,320,55,92,6,55,1.05,54
27,2019-09-28,良,82,286,59,98,6,56,1.03,57
28,2019-09-29,良,100,351,75,117,8,58,1.08,57
29,2019-09-30,轻度污染,102,357,76,128,9,62,1.24,39
0,2019-08-06,优,40,151,11,21,3,17,0.54,76
1,2019-08-07,良,76,349,23,46,7,36,0.76,90
2,2019-08-08,良,57,285,25,48,6,36,0.77,67
3,2019-08-09,优,50,235,19,38,4,28,0.65,72
4,2019-08-10,良,68,344,23,46,5,36,0.74,88
5,2019-08-11,良,72,351,26,51,6,35,0.74,99
6,2019-08-21,优,43,164,25,43,5,32,0.73,68
7,2019-08-22,良,53,211,34,50,5,30,0.78,89
8,2019-08-23,良,54,212,26,40,4,29,0.74,116
9,2019-08-24,良,74,324,40,63,6,40,0.87,117
10,2019-08-25,良,65,309,40,64,7,40,0.89,96
11,2019-08-26,良,76,345,53,89,8,49,1.05,92
12,2019-08-27,优,33,157,13,29,5,31,0.73,77
13,2019-08-28,优,47,268,21,43,5,36,0.85,70
0,2019-07-01,良,94,354,39,77,7,49,0.86,107
1,2019-07-02,良,66,246,38,74,7,47,0.86,81
2,2019-07-03,良,54,179,33,57,5,36,0.75,58
3,2019-07-04,优,38,107,19,32,4,23,0.68,69
4,2019-07-05,良,52,186,24,41,5,27,0.7,74
5,2019-07-06,良,54,211,35,56,5,47,0.93,45
6,2019-07-07,优,41,133,22,40,4,42,0.78,55
7,2019-07-12,优,26,58,14,22,5,22,0.7,62
8,2019-07-13,优,33,137,11,23,6,29,0.69,83
9,2019-07-14,优,50,247,25,44,5,41,0.83,81
10,2019-07-15,优,39,152,26,38,4,39,0.84,53
11,2019-07-16,优,21,33,11,17,4,21,0.65,53
12,2019-07-17,优,21,27,9,17,5,22,0.68,49
13,2019-07-18,优,33,143,13,29,4,30,0.73,56
14,2019-07-19,优,22,60,9,18,3,19,0.65,46
15,2019-07-20,优,24,43,10,20,4,27,0.65,59
16,2019-07-21,优,36,126,17,31,4,32,0.74,63
17,2019-07-22,优,25,63,14,24,4,30,0.69,45
18,2019-07-23,优,45,243,20,48,4,49,0.83,32
19,2019-07-24,优,46,255,26,47,3,51,0.91,51
20,2019-07-25,优,38,177,18,37,4,43,0.67,67
21,2019-07-26,良,66,320,38,70,4,55,0.9,79
0,2019-06-01,良,64,223,32,52,7,31,0.74,93
1,2019-06-02,良,70,216,32,65,8,37,0.77,99
2,2019-06-03,良,96,326,47,103,7,55,0.99,104
3,2019-06-04,轻度污染,115,349,58,109,11,44,0.98,139
4,2019-06-05,良,68,262,19,38,6,18,0.65,119
5,2019-06-06,良,63,292,25,45,8,34,0.75,98
6,2019-06-07,良,63,251,24,40,5,18,0.68,112
7,2019-06-08,良,54,190,35,55,5,29,0.84,74
8,2019-06-09,良,54,210,21,39,4,20,0.65,97
9,2019-06-10,良,53,195,30,50,6,26,0.74,75
10,2019-06-11,优,50,190,31,49,5,25,0.69,47
11,2019-06-14,优,34,128,23,34,4,21,0.62,75
12,2019-06-15,优,26,74,14,21,4,15,0.57,71
13,2019-06-17,优,40,166,26,39,5,36,0.73,40
14,2019-06-18,优,35,172,21,35,5,33,0.7,36
15,2019-06-19,优,32,138,20,31,5,27,0.7,42
16,2019-06-20,优,38,236,20,37,6,36,0.86,53
17,2019-06-25,优,35,82,20,34,4,25,0.73,48
18,2019-06-26,优,42,135,26,41,4,31,0.78,49
19,2019-06-27,优,43,126,20,34,5,25,0.77,57
20,2019-06-28,优,35,87,11,27,4,24,0.69,66
21,2019-06-29,良,63,300,26,54,8,47,0.78,75
22,2019-06-30,良,74,334,36,75,7,53,0.9,78
0,2019-05-01,良,62,197,42,68,6,38,0.73,67
1,2019-05-02,良,51,90,31,49,5,23,0.63,72
2,2019-05-03,良,57,107,38,60,4,24,0.7,62
3,2019-05-04,良,57,114,37,60,4,26,0.71,54
4,2019-05-05,优,46,103,30,46,5,28,0.71,51
5,2019-05-06,优,31,44,13,22,4,19,0.64,55
6,2019-05-07,优,43,85,10,20,3,15,0.6,83
7,2019-05-08,优,40,76,22,36,4,33,0.7,70
8,2019-05-09,优,38,57,14,27,4,28,0.67,71
9,2019-05-10,良,54,109,28,52,7,41,0.78,64
10,2019-05-11,良,78,229,56,89,9,47,0.88,70
11,2019-05-12,良,60,83,34,52,4,24,0.75,86
12,2019-05-13,良,61,153,24,49,4,19,0.55,104
13,2019-05-14,良,73,203,49,91,5,29,0.65,80
14,2019-05-15,良,67,216,45,78,5,35,0.73,66
15,2019-05-16,良,57,181,27,61,5,41,0.7,66
16,2019-05-17,良,65,247,42,76,5,41,0.82,63
17,2019-05-18,良,64,268,44,70,5,38,0.82,66
18,2019-05-19,良,56,185,29,63,4,29,0.67,56
19,2019-05-20,良,54,143,24,54,4,27,0.58,65
20,2019-05-21,良,67,198,28,61,4,35,0.58,92
21,2019-05-22,良,67,174,37,73,8,37,0.68,85
22,2019-05-23,良,84,238,44,80,6,46,0.8,95
23,2019-05-24,良,73,189,46,80,7,42,0.83,85
24,2019-05-25,良,78,235,51,76,6,38,0.9,92
25,2019-05-26,良,71,293,45,74,7,51,0.99,69
26,2019-05-27,良,61,290,27,69,5,37,0.76,60
27,2019-05-28,优,41,116,18,38,4,21,0.61,66
28,2019-05-29,优,30,36,17,29,4,23,0.66,45
29,2019-05-30,优,48,136,31,48,6,41,0.84,45
30,2019-05-31,良,63,249,41,71,10,42,0.93,57
0,2019-04-01,良,64,241,42,76,5,36,0.67,48
1,2019-04-02,良,56,184,38,58,5,30,0.73,49
2,2019-04-03,优,46,105,27,45,6,36,0.69,46
3,2019-04-04,良,63,181,44,62,5,34,0.69,59
4,2019-04-05,良,70,202,43,65,9,42,0.73,64
5,2019-04-06,良,67,192,35,69,10,52,0.85,73
6,2019-04-07,良,87,276,49,97,12,59,1.0,84
7,2019-04-08,良,80,260,49,99,14,58,0.86,78
8,2019-04-09,良,64,312,28,67,7,35,0.61,90
9,2019-04-10,良,54,221,27,61,5,34,0.69,57
10,2019-04-11,优,44,117,24,45,5,27,0.67,55
11,2019-04-12,良,73,244,52,82,6,45,0.88,37
12,2019-04-13,良,72,244,48,78,8,40,0.91,47
13,2019-04-14,优,41,62,16,36,7,24,0.59,71
14,2019-04-15,优,50,99,30,50,5,25,0.65,52
15,2019-04-16,良,67,218,46,65,5,35,0.71,60
16,2019-04-17,良,72,217,51,79,6,41,0.77,55
17,2019-04-18,良,87,257,63,99,10,56,0.96,59
18,2019-04-19,良,98,321,68,111,10,56,1.04,72
19,2019-04-20,优,50,94,30,55,5,37,0.82,54
20,2019-04-21,优,49,108,23,45,7,36,0.64,66
21,2019-04-22,良,67,224,33,69,8,44,0.73,78
22,2019-04-23,良,81,311,43,80,7,49,0.81,97
23,2019-04-24,良,95,300,52,89,9,49,0.88,107
24,2019-04-25,良,95,340,48,91,8,46,0.88,107
25,2019-04-26,良,87,333,45,79,9,43,0.86,117
26,2019-04-27,良,61,262,33,63,7,23,0.75,98
27,2019-04-28,优,40,62,17,33,5,18,0.69,68
28,2019-04-29,优,46,141,23,41,5,29,0.69,72
29,2019-04-30,优,48,144,24,44,5,36,0.72,69
0,2019-03-01,良,52,113,36,54,4,35,0.77,32
1,2019-03-02,优,34,48,19,31,4,33,0.76,50
2,2019-03-03,良,55,137,33,57,6,43,0.82,48
3,2019-03-04,良,68,175,48,75,7,42,0.79,42
4,2019-03-05,良,60,156,39,67,6,45,0.79,46
5,2019-03-06,良,54,155,37,57,5,47,0.74,44
6,2019-03-07,优,43,89,28,42,4,33,0.6,39
7,2019-03-08,优,44,74,29,44,3,27,0.67,53
8,2019-03-09,良,61,162,41,65,5,40,0.76,56
9,2019-03-10,良,65,185,46,74,7,44,0.75,61
10,2019-03-11,良,83,276,57,93,7,47,0.79,68
11,2019-03-12,良,92,330,68,121,12,71,0.95,45
12,2019-03-13,良,83,303,60,104,10,47,0.81,44
13,2019-03-14,良,52,121,28,57,6,49,0.64,42
14,2019-03-15,良,62,240,39,72,10,49,0.72,38
15,2019-03-16,良,56,120,37,60,4,38,0.62,46
16,2019-03-17,良,59,145,40,63,4,43,0.73,40
17,2019-03-18,良,74,238,52,91,5,58,0.94,38
18,2019-03-19,良,86,287,63,109,7,56,0.89,41
19,2019-03-20,良,90,293,65,103,7,52,0.97,57
20,2019-03-21,良,71,234,39,88,6,45,0.72,50
21,2019-03-22,良,62,288,31,72,5,32,0.57,53
22,2019-03-23,良,52,216,24,55,4,34,0.52,54
23,2019-03-24,良,61,182,39,68,4,42,0.63,46
24,2019-03-25,良,64,182,42,74,5,48,0.77,40
25,2019-03-26,良,77,252,55,92,5,50,0.81,47
26,2019-03-27,良,74,216,51,88,7,48,0.83,57
27,2019-03-28,良,57,153,31,61,5,38,0.65,69
28,2019-03-29,良,81,287,52,105,10,50,0.86,76
29,2019-03-30,良,78,273,48,103,9,50,0.78,56
30,2019-03-31,良,62,243,31,71,6,36,0.61,56
0,2019-02-01,良,80,217,58,77,5,39,0.93,39
1,2019-02-02,良,96,225,71,92,5,34,0.98,33
2,2019-02-03,良,63,108,42,62,5,27,0.87,48
3,2019-02-04,良,78,181,54,87,7,33,0.8,56
4,2019-02-05,轻度污染,119,193,89,127,10,32,0.85,66
5,2019-02-06,轻度污染,101,247,75,109,7,30,0.85,64
6,2019-02-07,良,81,258,59,88,6,32,0.81,60
7,2019-02-08,良,71,294,50,78,5,17,0.71,58
8,2019-02-09,良,59,223,35,66,4,15,0.72,55
9,2019-02-10,优,49,162,30,49,3,17,0.79,55
10,2019-02-11,良,59,180,41,60,4,22,0.9,52
11,2019-02-12,良,55,173,37,56,3,25,0.94,54
12,2019-02-13,良,76,257,55,80,5,35,1.05,47
13,2019-02-14,良,88,277,65,93,4,37,1.11,32
14,2019-02-15,良,70,254,47,76,4,40,1.18,35
15,2019-02-16,良,70,254,45,87,6,41,1.06,31
16,2019-02-17,良,52,185,32,54,3,22,0.95,36
17,2019-02-18,优,39,122,25,38,3,24,0.98,42
18,2019-02-19,良,58,156,39,60,4,35,0.94,30
19,2019-02-20,良,69,147,48,71,6,38,0.83,35
20,2019-02-21,良,64,139,45,72,6,47,0.99,40
21,2019-02-22,轻度污染,104,255,77,116,10,66,1.22,21
22,2019-02-23,轻度污染,102,223,76,111,7,48,0.98,30
23,2019-02-24,良,71,171,51,78,5,36,0.67,27
24,2019-02-25,良,70,179,50,78,7,43,0.83,27
25,2019-02-26,良,67,156,48,72,4,34,0.63,43
26,2019-02-27,良,59,165,41,61,5,39,0.68,42
27,2019-02-28,良,73,191,52,80,7,48,0.9,31
0,2019-01-01,良,68,186,49,67,7,43,1.07,19
1,2019-01-02,良,80,179,58,84,8,41,0.94,24
2,2019-01-03,良,86,177,63,92,6,42,0.89,17
3,2019-01-04,良,71,175,51,87,5,44,0.9,35
4,2019-01-05,良,89,246,65,106,7,55,1.15,36
5,2019-01-06,轻度污染,113,263,84,131,7,57,1.08,23
6,2019-01-07,轻度污染,110,241,82,120,7,51,1.07,29
7,2019-01-08,轻度污染,119,276,89,139,10,62,1.25,22
8,2019-01-09,轻度污染,120,331,90,129,8,50,1.02,27
9,2019-01-10,良,89,239,65,90,5,38,1.05,23
10,2019-01-11,良,85,194,62,88,6,46,1.24,35
11,2019-01-12,良,97,210,72,104,6,56,1.32,22
12,2019-01-13,良,91,165,67,100,7,45,1.29,35
13,2019-01-14,轻度污染,125,219,94,139,9,62,1.46,27
14,2019-01-15,良,70,166,45,77,6,43,0.79,41
15,2019-01-16,良,80,270,56,96,7,46,0.67,39
16,2019-01-17,轻度污染,111,319,82,132,8,55,0.86,24
17,2019-01-18,良,94,208,70,106,5,45,0.82,30
18,2019-01-19,良,78,159,56,91,7,46,0.87,43
19,2019-01-20,良,81,220,58,106,8,52,0.89,48
20,2019-01-21,良,61,135,38,70,6,45,0.59,41
21,2019-01-22,良,93,227,68,109,9,50,0.78,37
22,2019-01-23,轻度污染,124,305,93,148,11,61,0.99,39
23,2019-01-24,轻度污染,121,247,91,143,9,63,0.93,30
24,2019-01-25,轻度污染,136,291,103,154,9,59,1.03,32
25,2019-01-26,轻度污染,136,312,103,148,8,49,1.07,29
26,2019-01-27,良,83,203,60,85,4,29,0.92,28
27,2019-01-28,良,73,165,52,75,5,33,0.94,48
28,2019-01-29,良,97,216,72,101,5,41,1.0,40
29,2019-01-30,良,95,221,70,98,5,41,0.97,31
30,2019-01-31,良,80,310,58,86,5,38,0.99,27
0,2018-12-01,良,81,166,58,96,6,47,1.02,24
1,2018-12-02,良,68,137,47,70,5,38,0.89,16
2,2018-12-03,良,80,183,42,106,5,40,0.84,30
3,2018-12-04,轻度污染,136,327,68,220,7,48,0.76,23
4,2018-12-05,轻度污染,101,322,52,151,7,42,0.74,20
5,2018-12-06,良,78,313,40,105,6,40,0.67,24
6,2018-12-07,良,61,316,28,71,4,24,0.57,40
7,2018-12-08,优,36,144,23,35,4,27,0.63,25
8,2018-12-09,优,28,76,17,27,4,26,0.75,16
9,2018-12-10,优,44,152,30,45,4,32,0.79,15
10,2018-12-11,良,61,178,42,66,5,40,0.93,19
11,2018-12-12,良,76,191,54,95,7,55,1.16,22
12,2018-12-13,轻度污染,106,245,79,125,7,60,1.02,18
13,2018-12-14,轻度污染,108,269,80,116,8,53,0.89,16
14,2018-12-15,良,95,239,70,104,8,49,0.86,25
15,2018-12-16,良,81,171,58,91,9,46,0.95,34
16,2018-12-17,轻度污染,123,302,93,139,9,65,1.21,43
17,2018-12-18,轻度污染,146,332,111,157,8,70,1.1,29
18,2018-12-19,中度污染,167,308,126,173,7,61,1.09,24
19,2018-12-20,中度污染,170,329,128,180,8,52,1.12,24
20,2018-12-21,轻度污染,131,311,99,140,6,54,1.1,20
21,2018-12-28,优,50,196,32,51,4,24,0.93,37
22,2018-12-29,良,65,278,46,65,5,30,0.9,36
23,2018-12-30,良,75,277,54,74,5,40,0.99,23
24,2018-12-31,良,69,228,49,69,5,40,1.02,21
0,2018-11-01,良,85,296,62,97,11,55,1.04,57
1,2018-11-02,轻度污染,113,339,85,123,10,52,0.99,63
2,2018-11-03,良,98,320,72,106,12,54,0.88,53
3,2018-11-04,良,66,238,43,71,10,38,0.71,46
4,2018-11-05,优,42,118,22,42,6,34,0.54,37
5,2018-11-06,良,52,270,35,54,6,38,0.54,27
6,2018-11-07,优,42,170,27,41,6,33,0.49,36
7,2018-11-08,优,46,181,30,46,7,34,0.55,41
8,2018-11-09,良,67,258,48,69,5,42,0.62,31
9,2018-11-10,良,84,294,61,90,6,51,0.84,25
10,2018-11-11,良,78,270,56,83,7,45,0.86,36
11,2018-11-12,良,73,238,53,78,5,41,0.75,36
12,2018-11-13,良,68,227,48,71,5,41,0.79,20
13,2018-11-14,良,81,248,59,85,7,43,0.84,18
14,2018-11-15,优,50,170,33,52,6,34,0.75,20
15,2018-11-16,优,23,34,12,22,4,26,0.63,33
16,2018-11-17,优,28,74,17,27,4,26,0.55,38
17,2018-11-18,优,40,140,25,39,5,35,0.61,39
18,2018-11-19,良,56,186,36,60,6,45,0.71,30
19,2018-11-20,良,74,253,53,85,6,50,0.81,20
20,2018-11-21,良,78,293,55,88,8,48,0.82,25
21,2018-11-22,良,65,206,44,76,7,49,0.73,33
22,2018-11-23,良,93,293,68,100,7,47,0.77,32
23,2018-11-24,良,98,263,73,107,6,53,0.94,27
24,2018-11-25,轻度污染,127,262,96,140,8,53,1.08,32
25,2018-11-26,良,91,174,67,99,5,42,0.83,29
26,2018-11-27,良,84,161,59,101,6,45,0.96,31
27,2018-11-28,良,80,161,57,106,5,44,0.87,25
28,2018-11-29,良,100,223,74,132,6,47,0.97,20
29,2018-11-30,轻度污染,120,240,90,146,7,57,1.13,20
0,2018-10-01,优,32,56,18,31,5,32,0.67,43
1,2018-10-02,优,38,60,21,37,6,36,0.69,28
2,2018-10-03,优,33,31,20,32,5,28,0.54,42
3,2018-10-04,优,45,64,27,44,6,35,0.6,41
4,2018-10-05,良,61,172,43,63,6,38,0.67,43
5,2018-10-06,良,78,252,57,78,6,39,0.76,43
6,2018-10-07,优,41,67,27,40,5,29,0.55,44
7,2018-10-08,优,39,66,24,37,5,33,0.6,50
8,2018-10-09,优,38,78,21,38,5,38,0.59,48
9,2018-10-10,优,45,148,18,44,7,32,0.45,63
10,2018-10-11,良,78,351,55,97,9,60,0.78,31
11,2018-10-12,良,90,346,67,101,8,47,0.81,32
12,2018-10-13,良,59,166,41,55,5,27,0.6,58
13,2018-10-14,良,51,156,35,52,5,34,0.65,51
14,2018-10-15,良,52,199,34,54,7,39,0.7,47
15,2018-10-16,良,72,282,51,72,7,47,0.75,36
16,2018-10-17,良,80,299,58,85,6,48,0.81,25
17,2018-10-18,优,49,173,34,47,5,30,0.64,36
18,2018-10-19,优,32,41,20,31,5,27,0.61,42
19,2018-10-20,优,32,41,19,31,5,27,0.71,42
20,2018-10-21,优,37,77,21,36,6,30,0.71,38
21,2018-10-22,良,65,226,45,69,7,47,0.95,21
22,2018-10-23,良,55,186,34,56,7,41,0.73,39
23,2018-10-24,良,61,191,40,69,6,38,0.7,27
24,2018-10-25,良,57,145,36,62,8,41,0.84,39
25,2018-10-26,良,75,304,51,95,10,58,1.09,41
26,2018-10-27,良,88,353,63,109,13,51,0.99,32
27,2018-10-28,良,82,344,60,99,7,45,0.86,49
28,2018-10-29,轻度污染,111,363,82,125,8,53,0.96,40
29,2018-10-30,良,93,351,65,98,9,45,0.9,40
30,2018-10-31,良,64,211,42,74,9,49,0.89,45
0,2018-09-02,良,59,299,29,48,6,21,0.7,103
1,2018-09-03,优,47,185,19,35,6,23,0.65,86
2,2018-09-04,良,71,322,29,53,8,38,0.85,89
3,2018-09-05,优,42,122,22,35,7,22,0.65,57
4,2018-09-06,优,37,88,21,37,6,31,0.65,54
5,2018-09-07,良,51,265,29,52,8,40,0.75,41
6,2018-09-08,良,55,283,30,57,8,35,0.69,64
7,2018-09-09,优,50,181,31,53,7,29,0.69,57
8,2018-09-10,优,39,75,20,33,6,23,0.6,73
9,2018-09-11,优,46,120,29,46,5,33,0.67,47
10,2018-09-12,优,48,156,30,48,6,33,0.73,52
11,2018-09-13,优,41,130,25,40,6,28,0.73,45
12,2018-09-14,优,46,150,30,45,6,33,0.82,34
13,2018-09-15,优,37,109,21,32,6,26,0.74,40
14,2018-09-16,优,36,135,15,32,6,31,0.67,46
15,2018-09-17,优,48,242,22,41,7,37,0.72,42
16,2018-09-18,优,49,239,28,51,7,36,0.79,40
17,2018-09-19,优,41,161,24,39,6,29,0.78,41
18,2018-09-20,优,46,194,22,48,7,41,0.92,28
19,2018-09-21,优,44,144,18,39,7,33,0.67,66
20,2018-09-22,良,60,270,35,63,8,38,0.76,66
21,2018-09-23,良,64,274,45,66,7,35,0.86,40
22,2018-09-24,优,37,119,21,35,6,21,0.74,54
23,2018-09-25,优,31,58,15,28,6,20,0.72,49
24,2018-09-26,优,34,69,14,27,6,26,0.78,57
25,2018-09-27,优,33,71,16,31,6,26,0.73,47
26,2018-09-28,优,41,107,19,38,6,34,0.74,53
27,2018-09-29,优,49,168,27,49,8,38,0.83,51
28,2018-09-30,优,43,114,25,43,6,38,0.76,44
0,2018-08-01,良,54,214,35,57,7,46,0.84,41
1,2018-08-02,优,35,66,21,34,7,27,0.65,48
2,2018-08-03,优,38,108,22,37,7,28,0.66,57
3,2018-08-04,良,57,249,28,46,7,37,0.81,80
4,2018-08-05,良,58,237,34,58,7,45,0.9,70
5,2018-08-06,良,88,353,41,68,8,41,0.84,111
6,2018-08-07,良,52,200,29,50,7,41,0.81,70
7,2018-08-08,良,53,201,30,51,8,38,0.78,64
8,2018-08-09,良,56,182,30,51,7,40,0.78,73
9,2018-08-10,优,48,108,22,36,7,28,0.68,83
10,2018-08-11,良,65,210,36,61,8,37,0.8,84
11,2018-08-12,良,57,213,31,52,8,33,0.76,78
12,2018-08-13,良,77,337,43,71,10,39,0.85,96
13,2018-08-14,良,71,334,39,65,8,33,0.73,97
14,2018-08-15,轻度污染,101,362,51,85,9,40,0.87,118
15,2018-08-16,良,57,316,30,51,7,26,0.75,95
16,2018-08-17,良,61,299,26,51,8,27,0.72,98
17,2018-08-18,良,74,346,31,57,9,35,0.74,106
18,2018-08-19,良,76,353,37,65,8,36,0.75,106
19,2018-08-20,良,89,358,42,75,9,40,0.82,119
20,2018-08-21,良,83,332,44,67,8,36,0.83,126
21,2018-08-22,良,55,201,17,32,7,24,0.68,94
22,2018-08-23,良,91,353,40,69,8,37,0.85,123
23,2018-08-25,良,65,212,43,69,8,35,0.91,91
24,2018-08-27,良,83,296,44,71,9,42,0.94,111
25,2018-08-29,轻度污染,107,348,57,90,9,41,0.93,134
26,2018-08-31,良,85,359,43,68,6,28,0.82,129
0,2018-07-01,优,43,140,22,35,7,29,0.79,66
1,2018-07-02,优,36,79,15,28,8,23,0.68,52
2,2018-07-03,优,35,91,12,21,8,17,0.66,65
3,2018-07-04,优,30,49,14,25,7,28,0.79,49
4,2018-07-05,良,52,234,19,35,7,33,0.9,71
5,2018-07-06,优,38,143,12,25,7,21,0.77,69
6,2018-07-07,优,41,204,20,33,6,19,0.68,77
7,2018-07-08,优,38,169,21,33,6,23,0.69,66
8,2018-07-09,优,32,114,12,19,6,19,0.65,57
9,2018-07-10,优,33,116,20,30,6,28,0.75,44
10,2018-07-11,优,39,121,13,22,6,22,0.59,68
11,2018-07-12,优,32,81,17,29,7,30,0.6,52
12,2018-07-13,良,59,290,29,50,8,39,0.84,71
13,2018-07-14,良,61,290,33,56,9,39,0.86,68
14,2018-07-15,优,39,130,18,31,7,27,0.69,69
15,2018-07-16,优,43,163,19,32,7,33,0.76,75
16,2018-07-17,优,44,167,22,37,8,32,0.72,71
17,2018-07-18,良,63,283,35,58,8,34,0.8,81
18,2018-07-19,良,65,298,37,62,7,35,0.83,84
19,2018-07-20,良,71,294,36,59,8,30,0.76,101
20,2018-07-21,良,81,319,26,49,9,29,0.72,130
21,2018-07-22,良,71,296,42,75,9,41,0.85,84
22,2018-07-23,良,66,280,40,71,10,48,0.89,72
23,2018-07-24,良,86,350,42,69,9,44,0.8,99
24,2018-07-25,良,76,311,44,70,9,38,0.74,99
25,2018-07-26,良,62,250,38,58,8,36,0.74,86
26,2018-07-27,优,46,166,24,39,7,39,0.74,69
27,2018-07-28,良,56,212,34,54,8,37,0.81,71
28,2018-07-29,良,52,161,26,42,8,31,0.73,83
29,2018-07-30,优,39,91,21,36,7,32,0.68,51
30,2018-07-31,良,56,214,30,49,6,40,0.78,65
0,2018-06-01,良,63,143,44,67,7,35,0.68,75
1,2018-06-02,良,69,163,49,73,8,41,0.82,59
2,2018-06-03,良,76,206,54,87,10,60,0.99,41
3,2018-06-04,良,53,96,19,35,8,40,0.61,88
4,2018-06-05,良,73,214,29,55,11,45,0.71,101
5,2018-06-06,良,94,265,40,65,11,44,0.77,125
6,2018-06-07,良,96,288,49,79,11,41,0.8,117
7,2018-06-08,良,54,174,20,34,6,16,0.47,99
8,2018-06-09,良,59,239,25,42,10,28,0.58,91
9,2018-06-10,良,64,222,25,41,9,29,0.54,99
10,2018-06-11,优,50,83,30,49,8,45,0.69,63
11,2018-06-12,良,62,161,30,46,8,28,0.62,86
12,2018-06-13,良,53,143,25,41,9,29,0.61,81
13,2018-06-14,良,53,133,24,42,13,33,0.6,85
14,2018-06-15,优,43,73,21,37,9,27,0.55,75
15,2018-06-16,良,57,144,35,55,8,30,0.59,78
16,2018-06-17,优,50,112,28,50,8,37,0.72,50
17,2018-06-18,优,37,37,15,24,8,22,0.67,65
18,2018-06-19,良,51,180,24,47,9,45,0.84,67
19,2018-06-20,良,72,286,38,71,12,52,0.91,81
20,2018-06-21,优,40,92,22,36,8,26,0.75,64
21,2018-06-22,良,60,218,29,50,11,38,0.86,79
22,2018-06-23,良,60,204,38,65,12,45,0.91,57
23,2018-06-24,优,45,141,23,39,9,28,0.82,58
24,2018-06-25,优,40,129,22,38,8,27,0.76,55
25,2018-06-26,优,34,102,16,28,8,21,0.69,58
26,2018-06-27,优,41,121,22,37,8,26,0.72,67
27,2018-06-28,优,49,204,19,32,7,33,0.78,81
28,2018-06-29,良,53,166,33,55,8,39,0.94,57
29,2018-06-30,优,43,125,19,32,7,25,0.71,74
0,2018-05-01,良,84,274,60,97,11,48,0.76,62
1,2018-05-02,良,55,124,25,59,10,44,0.57,67
2,2018-05-03,良,74,269,47,90,13,48,0.7,79
3,2018-05-04,良,92,319,68,98,10,32,0.76,78
4,2018-05-05,良,55,127,36,60,9,44,0.79,54
5,2018-05-06,良,65,239,26,64,7,30,0.5,92
6,2018-05-07,良,73,272,41,81,7,41,0.66,99
7,2018-05-08,良,73,257,51,87,10,44,0.72,81
8,2018-05-09,优,36,24,17,26,5,22,0.6,63
9,2018-05-10,优,33,16,19,28,5,27,0.65,55
10,2018-05-11,优,47,63,18,30,7,34,0.72,65
11,2018-05-12,良,58,122,25,54,10,51,0.72,65
12,2018-05-13,良,78,202,41,82,13,67,0.97,76
13,2018-05-14,轻度污染,110,333,59,110,15,69,1.06,111
14,2018-05-15,轻度污染,116,350,56,105,13,58,0.95,140
15,2018-05-16,轻度污染,129,344,75,129,14,68,1.11,132
16,2018-05-17,良,72,283,37,63,9,34,0.72,98
17,2018-05-18,良,74,266,44,75,6,38,0.76,97
18,2018-05-19,良,57,176,35,52,7,33,0.69,82
19,2018-05-20,良,83,351,50,75,10,48,0.89,91
20,2018-05-21,良,59,254,35,55,9,32,0.76,73
21,2018-05-22,优,46,119,15,30,6,23,0.54,86
22,2018-05-23,良,61,132,31,60,9,34,0.56,83
23,2018-05-24,良,68,157,43,80,8,41,0.64,87
24,2018-05-25,良,98,301,48,81,9,39,0.7,128
25,2018-05-26,良,56,169,31,60,8,36,0.63,65
26,2018-05-27,良,68,168,34,84,8,33,0.52,87
27,2018-05-28,轻度污染,104,286,54,156,13,38,0.61,106
28,2018-05-29,轻度污染,105,310,61,159,18,50,0.7,93
29,2018-05-30,良,84,256,57,116,12,53,0.76,85
30,2018-05-31,良,64,185,34,62,12,32,0.62,92
0,2018-04-01,良,65,83,33,78,9,43,0.77,63
1,2018-04-02,良,81,158,47,102,10,49,0.88,88
2,2018-04-03,良,98,251,58,121,14,68,1.14,91
3,2018-04-04,轻度污染,116,320,75,146,17,77,1.18,94
4,2018-04-05,良,73,254,37,92,9,35,0.6,74
5,2018-04-05,良,73,254,37,92,9,35,0.6,74
6,2018-04-06,良,82,210,42,113,6,31,0.56,63
7,2018-04-07,良,85,279,44,118,9,38,0.65,60
8,2018-04-08,良,84,248,49,115,11,53,0.84,71
9,2018-04-09,轻度污染,106,310,68,148,15,63,1.07,93
10,2018-04-10,轻度污染,107,265,76,150,17,69,1.07,85
11,2018-04-11,轻度污染,122,298,91,162,13,65,1.09,84
12,2018-04-12,良,92,304,68,114,9,36,0.91,75
13,2018-04-13,优,40,51,17,36,6,29,0.69,63
14,2018-04-14,良,58,178,30,65,6,41,0.62,52
15,2018-04-15,良,55,110,29,58,6,40,0.63,68
16,2018-04-16,良,75,159,43,87,10,50,0.82,76
17,2018-04-17,良,89,208,54,106,10,62,0.85,100
18,2018-04-18,轻度污染,119,303,77,136,12,73,1.09,97
19,2018-04-19,轻度污染,116,319,76,135,16,67,1.04,101
20,2018-04-20,良,84,230,56,82,8,28,0.8,106
21,2018-04-21,良,68,236,47,68,7,37,0.86,71
22,2018-04-22,良,70,305,38,61,8,40,0.83,86
23,2018-04-23,良,56,215,33,63,5,34,0.72,73
24,2018-04-24,优,38,64,12,23,5,18,0.68,72
25,2018-04-25,优,42,53,15,29,6,27,0.59,76
26,2018-04-26,良,55,83,26,53,9,41,0.63,68
27,2018-04-27,良,56,87,27,58,9,44,0.51,74
28,2018-04-28,良,73,144,42,80,16,48,0.71,78
29,2018-04-29,良,95,235,54,93,13,50,0.77,105
30,2018-04-30,良,96,276,70,124,15,62,0.87,91
0,2018-03-01,轻度污染,111,329,82,113,10,54,1.15,91
1,2018-03-02,轻度污染,105,331,78,115,13,59,1.13,71
2,2018-03-03,轻度污染,121,306,91,133,19,59,1.23,59
3,2018-03-04,良,83,291,56,84,11,41,0.86,61
4,2018-03-05,良,58,247,34,64,9,44,0.73,41
5,2018-03-06,优,35,47,22,34,6,30,0.75,44
6,2018-03-07,优,42,111,27,42,7,38,0.74,50
7,2018-03-08,良,65,229,40,72,11,46,0.79,65
8,2018-03-09,良,85,257,56,101,12,57,0.83,71
9,2018-03-10,良,93,257,67,115,15,61,0.84,64
10,2018-03-11,良,78,188,55,101,13,56,0.82,71
11,2018-03-12,轻度污染,106,275,78,128,15,64,0.99,67
12,2018-03-13,轻度污染,123,313,93,141,12,72,1.11,66
13,2018-03-14,轻度污染,146,330,110,164,14,80,1.41,74
14,2018-03-15,轻度污染,139,317,105,158,14,78,1.36,82
15,2018-03-16,轻度污染,127,341,95,134,12,50,1.0,92
16,2018-03-17,良,63,208,42,58,9,29,0.82,57
17,2018-03-18,良,70,222,35,91,8,38,0.86,58
18,2018-03-19,良,75,239,44,98,7,39,0.82,71
19,2018-03-20,良,89,313,60,125,10,55,0.93,54
20,2018-03-21,良,92,328,68,110,9,59,0.99,48
21,2018-03-22,良,87,239,60,100,10,60,1.1,60
22,2018-03-23,良,100,246,74,122,14,73,1.1,50
23,2018-03-24,良,91,231,66,100,10,60,0.99,35
24,2018-03-25,良,58,56,35,56,9,42,0.75,73
25,2018-03-26,良,78,167,55,90,13,54,0.93,62
26,2018-03-27,良,61,72,38,66,13,49,0.74,61
27,2018-03-28,良,71,121,47,80,11,51,0.86,77
28,2018-03-29,良,92,250,68,103,11,58,1.0,66
29,2018-03-30,良,66,132,45,77,9,59,1.0,45
30,2018-03-31,良,54,58,35,58,8,46,0.92,39
0,2018-02-01,良,79,141,56,104,12,58,0.8,39
1,2018-02-02,良,92,257,62,121,9,59,0.92,44
2,2018-02-03,良,93,325,68,126,12,55,0.91,57
3,2018-02-04,轻度污染,109,346,81,109,5,45,0.85,50
4,2018-02-05,轻度污染,107,340,80,101,5,45,0.92,39
5,2018-02-06,轻度污染,128,345,96,130,6,56,1.09,26
6,2018-02-07,轻度污染,150,354,114,151,7,57,1.2,30
7,2018-02-08,轻度污染,139,336,105,134,7,49,1.0,41
8,2018-02-09,轻度污染,127,215,96,120,6,50,1.04,45
9,2018-02-10,良,99,211,44,146,4,27,0.63,71
10,2018-02-11,轻度污染,115,294,63,178,6,40,0.8,47
11,2018-02-12,轻度污染,115,337,74,177,7,47,0.97,44
12,2018-02-13,轻度污染,117,332,87,163,6,39,1.05,59
13,2018-02-14,中度污染,155,351,117,182,8,46,1.18,55
14,2018-02-15,轻度污染,145,343,109,154,6,40,1.24,56
15,2018-02-16,中度污染,196,308,149,191,11,37,1.27,74
16,2018-02-17,轻度污染,149,304,111,144,10,30,1.15,74
17,2018-02-18,良,60,162,36,69,8,24,0.83,76
18,2018-02-19,良,62,195,42,67,8,26,0.85,82
19,2018-02-20,良,77,242,55,77,7,27,0.96,80
20,2018-02-21,良,53,165,33,52,6,20,0.71,73
21,2018-02-22,优,44,109,27,43,5,25,0.67,65
22,2018-02-23,良,60,182,42,59,7,31,0.81,47
23,2018-02-24,优,49,110,27,48,6,34,0.72,61
24,2018-02-25,良,66,180,45,76,9,41,0.85,78
25,2018-02-26,良,86,240,63,94,11,52,1.03,59
26,2018-02-27,良,88,246,65,93,10,52,1.15,65
27,2018-02-28,轻度污染,108,277,81,111,11,54,1.26,70
0,2018-01-01,轻度污染,113,192,83,172,9,62,1.12,64
1,2018-01-02,轻度污染,128,273,96,189,13,63,1.34,44
2,2018-01-03,良,61,190,39,70,7,36,0.82,53
3,2018-01-04,优,39,136,22,38,6,32,0.98,44
4,2018-01-05,优,47,110,31,47,5,35,1.15,22
5,2018-01-06,优,43,112,27,42,6,34,1.0,27
6,2018-01-07,良,54,162,36,54,8,37,0.91,50
7,2018-01-08,良,63,178,39,72,6,37,0.7,61
8,2018-01-09,良,86,326,62,106,10,58,1.02,42
9,2018-01-10,轻度污染,115,347,86,135,13,68,1.24,43
10,2018-01-11,轻度污染,129,345,97,152,15,78,1.43,47
11,2018-01-12,轻度污染,126,336,95,148,18,75,1.23,46
12,2018-01-13,中度污染,169,336,127,192,20,81,1.29,40
13,2018-01-14,中度污染,193,339,146,210,20,73,1.34,49
14,2018-01-15,重度污染,237,341,186,261,20,85,1.6,25
15,2018-01-16,轻度污染,113,202,82,110,11,50,0.98,47
16,2018-01-17,轻度污染,109,187,82,123,12,63,1.11,48
17,2018-01-18,轻度污染,145,248,109,158,14,74,1.35,28
18,2018-01-19,良,96,149,70,120,13,62,1.14,41
19,2018-01-20,轻度污染,129,220,97,151,14,71,1.17,28
20,2018-01-21,中度污染,154,268,116,162,17,57,1.22,51
21,2018-01-22,轻度污染,129,301,97,135,11,55,1.21,37
22,2018-01-23,轻度污染,116,291,86,127,13,69,1.34,23
23,2018-01-24,良,73,249,51,73,8,42,0.96,32
24,2018-01-25,优,40,108,24,37,6,29,1.04,48
25,2018-01-26,良,65,245,46,62,6,31,0.89,49
26,2018-01-27,良,58,190,40,53,5,32,0.86,33
27,2018-01-28,良,86,270,63,83,7,46,1.07,32
28,2018-01-29,轻度污染,120,289,90,120,10,54,1.26,28
29,2018-01-30,轻度污染,123,281,92,123,11,57,1.2,24
30,2018-01-31,良,91,220,66,97,8,51,0.98,42
0,2017-12-01,良,62,179,42,71,10,54,0.83,25
1,2017-12-02,良,85,208,63,96,8,52,1.01,21
2,2017-12-03,良,92,223,68,98,7,47,0.95,41
3,2017-12-04,轻度污染,118,280,89,125,11,59,1.21,31
4,2017-12-05,轻度污染,112,300,84,113,9,54,1.05,30
5,2017-12-06,良,92,187,68,97,11,48,0.85,33
6,2017-12-07,良,75,127,52,80,13,49,0.81,30
7,2017-12-08,良,63,133,42,72,9,53,0.83,36
8,2017-12-09,良,90,234,66,101,11,50,0.83,36
9,2017-12-10,良,94,230,68,101,9,57,0.91,42
10,2017-12-11,轻度污染,120,331,90,149,18,86,1.41,30
11,2017-12-12,轻度污染,138,350,105,159,17,79,1.19,25
12,2017-12-13,良,97,263,72,100,8,44,0.81,24
13,2017-12-14,良,96,254,71,106,9,40,0.75,29
14,2017-12-15,良,87,249,64,92,7,47,0.84,32
15,2017-12-16,良,64,198,40,69,9,49,0.66,43
16,2017-12-17,良,78,255,55,97,13,62,0.79,30
17,2017-12-18,轻度污染,101,330,75,122,12,64,1.08,35
18,2017-12-19,轻度污染,117,347,88,147,14,76,1.27,38
19,2017-12-20,轻度污染,121,341,91,136,17,72,1.25,48
20,2017-12-21,轻度污染,150,348,113,161,14,82,1.43,46
21,2017-12-22,重度污染,211,359,161,219,16,97,1.81,42
22,2017-12-23,中度污染,194,325,150,200,14,79,1.59,41
23,2017-12-24,中度污染,175,333,132,181,14,80,1.68,45
24,2017-12-25,中度污染,184,360,139,183,15,71,1.5,45
25,2017-12-26,中度污染,172,346,131,177,13,72,1.5,41
26,2017-12-27,中度污染,175,319,132,183,13,63,1.46,24
27,2017-12-28,中度污染,188,301,144,201,12,64,1.75,28
28,2017-12-29,重度污染,224,295,165,276,10,72,1.71,25
29,2017-12-30,中度污染,165,258,92,278,8,54,1.05,36
30,2017-12-31,中度污染,161,263,95,271,15,61,1.27,40
0,2017-11-01,良,74,142,53,78,9,48,1.05,47
1,2017-11-02,良,100,223,74,113,11,65,1.33,37
2,2017-11-03,轻度污染,120,287,90,136,14,60,1.42,50
3,2017-11-04,轻度污染,119,332,89,135,11,51,1.2,40
4,2017-11-05,轻度污染,129,324,97,144,8,58,1.0,35
5,2017-11-06,轻度污染,148,327,112,172,12,62,1.19,29
6,2017-11-07,轻度污染,116,228,87,134,12,50,1.1,44
7,2017-11-08,轻度污染,133,289,100,153,17,67,1.35,47
8,2017-11-09,轻度污染,114,293,85,123,14,47,0.83,57
9,2017-11-10,优,41,31,21,40,9,37,0.45,49
10,2017-11-11,良,53,139,28,54,10,49,0.54,51
11,2017-11-12,良,54,111,35,55,9,38,0.58,26
12,2017-11-13,良,64,169,43,71,10,43,0.82,38
13,2017-11-14,良,69,227,48,80,11,53,0.78,39
14,2017-11-15,良,88,270,65,94,9,51,0.81,24
15,2017-11-16,良,67,184,47,71,9,47,0.85,25
16,2017-11-17,良,57,155,39,61,9,42,0.92,21
17,2017-11-18,良,61,269,42,67,12,44,0.86,35
18,2017-11-19,优,45,114,28,46,8,35,0.82,36
19,2017-11-20,良,55,169,34,59,8,46,0.72,34
20,2017-11-21,良,55,132,32,57,10,48,0.65,27
21,2017-11-22,良,64,183,41,69,10,50,0.72,29
22,2017-11-23,优,50,121,26,53,9,44,0.49,44
23,2017-11-24,良,80,268,58,97,15,43,0.67,38
24,2017-11-25,良,99,305,73,114,10,55,0.77,25
25,2017-11-26,轻度污染,125,339,94,140,13,56,0.99,32
26,2017-11-27,轻度污染,141,334,107,143,12,65,1.02,31
27,2017-11-28,轻度污染,147,318,110,156,14,64,1.17,24
28,2017-11-29,良,76,205,55,81,10,51,0.75,27
29,2017-11-30,良,75,281,52,81,10,48,0.79,40
0,2017-10-01,良,68,288,36,60,10,37,0.75,74
1,2017-10-02,良,69,311,48,74,13,48,0.9,43
2,2017-10-03,优,25,26,6,15,8,20,0.53,47
3,2017-10-05,优,36,122,22,35,10,28,0.6,39
4,2017-10-06,良,61,268,42,62,8,37,0.7,28
5,2017-10-07,良,60,205,40,64,8,45,0.79,34
6,2017-10-08,良,82,289,60,93,10,56,0.95,41
7,2017-10-09,优,48,205,32,52,12,41,0.81,18
8,2017-10-10,优,23,29,7,16,8,33,0.51,29
9,2017-10-11,良,51,286,33,53,9,43,0.74,7
10,2017-10-12,优,32,111,18,31,8,41,0.68,15
11,2017-10-13,良,51,221,33,53,9,50,0.67,18
12,2017-10-14,优,29,48,15,29,7,34,0.63,23
13,2017-10-15,优,17,4,6,15,7,29,0.57,25
14,2017-10-16,优,28,64,10,23,9,37,0.68,36
15,2017-10-17,良,52,241,29,53,10,44,0.79,22
16,2017-10-18,优,40,120,24,42,8,43,0.71,23
17,2017-10-19,良,89,288,66,111,10,53,0.87,26
18,2017-10-20,良,93,276,68,116,8,62,0.92,20
19,2017-10-21,良,63,190,43,75,9,51,0.85,20
20,2017-10-22,优,38,52,17,32,7,37,0.56,33
21,2017-10-23,优,31,27,16,27,7,36,0.45,43
22,2017-10-24,优,45,57,27,44,6,39,0.48,24
23,2017-10-25,良,57,84,39,63,7,36,0.62,44
24,2017-10-26,良,80,189,58,92,13,51,0.92,31
25,2017-10-27,良,76,146,55,87,12,48,1.0,44
26,2017-10-28,轻度污染,102,266,75,121,12,54,0.99,29
27,2017-10-29,良,76,207,53,88,9,43,0.83,26
28,2017-10-30,优,33,10,19,32,6,31,0.64,26
29,2017-10-31,良,52,58,34,54,7,38,0.8,24
0,2017-09-01,优,41,93,21,41,6,35,0.69,37
1,2017-09-02,优,37,65,14,30,9,30,0.77,55
2,2017-09-03,优,35,63,19,33,8,30,0.77,52
3,2017-09-04,优,33,64,18,31,12,30,0.73,35
4,2017-09-05,优,29,43,12,23,6,26,0.64,45
5,2017-09-06,优,47,186,13,24,9,30,0.62,73
6,2017-09-07,良,53,205,17,31,11,29,0.64,84
7,2017-09-08,优,41,99,22,38,8,38,0.71,49
8,2017-09-09,优,35,56,16,30,8,32,0.64,59
9,2017-09-10,优,42,125,14,29,8,28,0.57,64
10,2017-09-11,良,55,222,19,40,11,46,0.7,71
11,2017-09-12,良,80,299,27,58,11,47,0.69,102
12,2017-09-13,良,61,170,36,70,9,45,0.7,77
13,2017-09-14,良,57,147,36,61,8,34,0.67,55
14,2017-09-15,优,36,40,18,35,6,29,0.65,41
15,2017-09-16,良,55,135,36,56,10,32,0.79,26
16,2017-09-17,优,41,72,24,40,9,31,0.78,35
17,2017-09-18,优,48,85,28,48,11,37,0.94,37
18,2017-09-19,优,34,45,16,30,8,32,0.68,55
19,2017-09-20,优,50,176,26,50,11,47,0.74,54
20,2017-09-21,良,66,238,33,58,10,41,0.71,83
21,2017-09-22,良,65,214,43,73,9,35,0.71,70
22,2017-09-23,良,74,254,53,86,10,41,0.78,35
23,2017-09-24,良,84,323,62,100,11,51,0.92,42
24,2017-09-25,良,87,329,63,105,11,55,0.94,42
25,2017-09-26,良,74,318,53,89,12,52,0.93,30
26,2017-09-27,优,31,52,14,30,9,39,0.58,35
27,2017-09-28,优,33,54,13,30,10,36,0.47,55
28,2017-09-29,良,53,191,28,55,9,48,0.66,54
29,2017-09-30,良,71,270,50,83,9,39,0.71,44
0,2017-08-01,良,58,232,25,48,7,40,0.76,85
1,2017-08-02,良,61,296,24,42,7,36,0.77,95
2,2017-08-03,良,55,223,17,33,7,37,0.72,93
3,2017-08-04,良,73,282,26,49,8,46,0.91,96
4,2017-08-05,良,65,233,28,47,6,34,1.02,97
5,2017-08-06,良,68,251,26,45,5,27,0.97,111
6,2017-08-07,优,44,102,15,29,7,23,0.69,84
7,2017-08-08,良,55,238,7,17,6,26,0.62,98
8,2017-08-09,良,65,285,16,32,11,38,0.67,98
9,2017-08-10,良,69,263,26,49,11,44,0.76,93
10,2017-08-11,优,46,136,14,29,8,27,0.53,82
11,2017-08-12,良,72,310,24,44,8,26,0.55,120
12,2017-08-13,良,78,351,26,46,11,27,0.62,117
13,2017-08-14,良,86,355,35,63,11,43,0.84,108
14,2017-08-15,良,52,191,25,47,9,33,0.79,80
15,2017-08-16,良,51,187,28,50,10,44,0.92,55
16,2017-08-17,良,60,254,40,65,8,43,0.96,62
17,2017-08-18,优,42,120,15,31,6,33,0.75,69
18,2017-08-19,优,43,112,17,32,6,29,0.72,78
19,2017-08-20,优,47,174,23,41,8,28,0.75,66
20,2017-08-21,优,34,51,16,30,7,26,0.68,56
21,2017-08-22,良,53,185,25,42,8,26,0.72,85
22,2017-08-23,良,70,315,10,26,7,23,0.5,125
23,2017-08-24,优,42,150,13,30,8,23,0.52,82
24,2017-08-25,优,27,27,11,24,6,23,0.6,46
25,2017-08-26,优,30,50,15,28,6,27,0.68,50
26,2017-08-27,优,49,200,22,41,8,29,0.71,71
27,2017-08-28,优,49,226,20,37,7,22,0.61,76
28,2017-08-29,优,26,30,9,20,6,18,0.54,49
29,2017-08-30,优,22,18,6,17,6,24,0.62,40
30,2017-08-31,优,25,32,10,21,6,28,0.64,42
0,2017-07-01,良,84,285,45,78,15,40,0.77,104
1,2017-07-02,良,97,308,56,103,13,58,0.97,101
2,2017-07-03,良,71,268,36,75,8,57,0.91,66
3,2017-07-04,良,71,262,46,85,10,62,1.04,64
4,2017-07-05,优,39,92,20,38,6,29,0.72,54
5,2017-07-06,优,43,143,12,21,7,25,0.6,78
6,2017-07-07,良,78,328,22,42,10,52,0.84,82
7,2017-07-08,良,69,280,44,81,11,61,0.96,61
8,2017-07-09,良,84,330,32,60,11,44,0.73,108
9,2017-07-10,轻度污染,114,357,31,63,13,55,0.84,142
10,2017-07-11,轻度污染,115,340,42,88,11,55,0.93,133
11,2017-07-12,良,94,317,34,71,12,44,0.82,128
12,2017-07-13,良,73,258,17,38,8,30,0.64,112
13,2017-07-14,良,75,301,18,34,7,28,0.66,113
14,2017-07-15,良,62,262,27,44,7,26,0.65,105
15,2017-07-16,良,76,313,15,28,6,24,0.63,125
16,2017-07-17,良,65,260,20,35,7,24,0.66,105
17,2017-07-18,优,47,152,19,35,6,28,0.69,81
18,2017-07-19,良,54,201,16,33,8,31,0.65,85
19,2017-07-20,良,58,231,18,35,7,31,0.63,92
20,2017-07-21,良,55,217,22,39,7,36,0.73,84
21,2017-07-22,优,50,153,16,33,5,32,0.69,78
22,2017-07-23,良,73,266,21,43,6,34,0.71,90
23,2017-07-24,良,76,278,11,26,5,33,0.59,122
24,2017-07-25,良,82,281,25,49,9,49,0.73,96
25,2017-07-26,良,77,264,28,52,7,39,0.71,105
26,2017-07-27,良,79,276,21,39,6,26,0.61,123
27,2017-07-28,良,80,299,15,32,6,30,0.61,124
28,2017-07-29,优,45,104,19,39,7,39,0.66,70
29,2017-07-30,良,83,305,33,58,8,38,0.76,99
30,2017-07-31,良,75,270,32,60,10,55,0.86,82
0,2017-06-01,良,59,164,39,59,8,35,0.58,82
1,2017-06-02,良,76,228,54,82,14,53,0.71,70
2,2017-06-03,良,81,285,59,93,10,57,0.76,55
3,2017-06-04,优,41,65,20,36,7,32,0.64,57
4,2017-06-05,良,59,264,28,53,9,41,0.73,69
5,2017-06-06,良,77,350,42,70,12,46,0.76,84
6,2017-06-07,良,73,286,36,60,13,37,0.68,110
7,2017-06-08,良,61,186,41,61,9,32,0.68,84
8,2017-06-09,良,58,189,34,53,8,26,0.6,84
9,2017-06-10,良,66,270,36,55,8,37,0.72,67
10,2017-06-11,良,54,200,28,52,12,39,0.67,74
11,2017-06-12,良,56,220,37,59,10,38,0.69,63
12,2017-06-13,良,60,224,40,64,13,40,0.74,42
13,2017-06-14,优,44,127,26,40,20,23,0.69,55
14,2017-06-15,良,59,171,39,62,6,34,0.71,75
15,2017-06-16,良,70,200,43,72,11,45,0.81,68
16,2017-06-17,良,79,214,55,94,9,45,0.83,65
17,2017-06-18,良,91,277,67,110,9,49,0.86,68
18,2017-06-19,良,64,229,35,58,13,32,0.67,87
19,2017-06-20,良,67,250,45,65,12,46,0.76,79
20,2017-06-21,轻度污染,109,345,71,105,11,62,1.0,93
21,2017-06-22,轻度污染,101,358,75,127,16,66,0.99,67
22,2017-06-23,轻度污染,121,361,91,157,14,80,1.18,45
23,2017-06-24,优,45,145,26,45,8,48,0.73,39
24,2017-06-25,优,40,112,13,25,8,31,0.45,79
25,2017-06-26,优,48,142,15,26,12,29,0.49,86
26,2017-06-27,良,57,167,20,36,10,39,0.57,95
27,2017-06-28,良,62,173,38,67,11,50,0.72,87
28,2017-06-29,良,71,232,38,71,10,42,0.72,86
29,2017-06-30,良,76,262,43,77,11,47,0.77,89
0,2017-05-01,轻度污染,116,323,73,121,14,52,0.86,99
1,2017-05-02,良,81,254,54,94,11,49,0.85,84
2,2017-05-03,优,49,94,10,23,6,29,0.53,88
3,2017-05-04,良,60,197,32,66,14,53,0.74,66
4,2017-05-05,良,77,182,49,102,8,38,0.63,52
5,2017-05-06,良,69,118,38,81,7,30,0.46,91
6,2017-05-07,良,73,148,46,94,8,35,0.54,68
7,2017-05-08,良,86,269,53,101,11,41,0.68,80
8,2017-05-09,良,74,256,47,83,11,59,0.75,78
9,2017-05-10,轻度污染,115,347,81,136,14,51,0.81,84
10,2017-05-11,优,48,47,18,34,6,29,0.5,82
11,2017-05-12,良,55,130,19,43,14,50,0.54,70
12,2017-05-13,良,90,300,37,73,13,64,0.75,102
13,2017-05-14,良,73,221,19,35,7,29,0.47,122
14,2017-05-15,优,49,103,18,36,6,36,0.53,81
15,2017-05-16,良,60,161,26,48,10,58,0.69,65
16,2017-05-17,良,73,186,33,62,13,73,0.8,73
17,2017-05-18,良,75,153,36,58,8,34,0.58,120
18,2017-05-19,良,97,276,64,96,10,50,0.7,106
19,2017-05-20,良,100,297,72,118,12,60,0.77,64
20,2017-05-20,良,100,297,72,118,12,60,0.77,64
21,2017-05-21,良,52,127,32,56,8,39,0.71,57
22,2017-05-22,优,34,49,18,33,6,31,0.66,40
23,2017-05-23,优,43,99,24,41,9,51,0.62,67
24,2017-05-24,良,66,265,44,73,11,77,0.86,25
25,2017-05-25,良,51,110,20,32,11,37,0.47,85
26,2017-05-26,良,75,216,33,48,14,50,0.58,97
27,2017-05-27,良,99,264,49,70,15,60,0.63,112
28,2017-05-28,轻度污染,104,265,60,87,16,67,0.76,103
29,2017-05-29,良,75,147,48,65,11,31,0.54,116
30,2017-05-30,良,99,308,72,102,12,35,0.64,94
31,2017-05-31,良,81,222,59,89,12,35,0.62,88
0,2017-04-01,良,62,132,36,72,25,70,0.79,46
1,2017-04-02,良,68,116,46,84,25,70,0.88,42
2,2017-04-03,良,55,48,36,60,11,40,0.69,68
3,2017-04-04,良,65,98,44,70,9,40,0.74,64
4,2017-04-05,良,65,132,42,76,8,55,0.91,45
5,2017-04-06,良,83,209,57,108,14,60,1.21,37
6,2017-04-07,良,62,147,37,72,13,55,0.95,51
7,2017-04-08,优,47,77,20,48,14,48,0.91,39
8,2017-04-09,优,29,16,7,20,10,29,0.67,57
9,2017-04-10,优,40,72,12,28,9,35,0.8,78
10,2017-04-11,优,41,71,20,39,10,46,0.68,51
11,2017-04-12,优,42,51,15,32,10,36,0.54,73
12,2017-04-13,良,64,132,26,56,12,58,0.76,72
13,2017-04-14,良,82,266,33,68,15,55,0.79,96
14,2017-04-15,良,87,228,39,79,19,56,0.74,105
15,2017-04-16,优,43,22,17,41,10,37,0.6,61
16,2017-04-17,良,51,85,19,54,12,42,0.62,57
17,2017-04-18,良,92,272,46,126,18,61,1.0,65
18,2017-04-19,良,98,317,53,135,22,61,0.99,78
19,2017-04-20,优,48,63,17,44,11,49,0.57,48
20,2017-04-21,优,37,24,12,32,6,34,0.5,65
21,2017-04-22,良,56,114,21,49,10,45,0.57,73
22,2017-04-23,良,79,260,45,94,15,57,0.77,77
23,2017-04-23,良,79,260,45,94,15,57,0.77,77
24,2017-04-24,良,86,277,59,119,19,66,0.84,53
25,2017-04-25,优,45,73,25,44,8,37,0.6,66
26,2017-04-26,优,37,48,18,34,7,41,0.63,52
27,2017-04-27,优,41,64,19,35,8,37,0.55,71
28,2017-04-28,优,48,40,20,39,8,38,0.52,85
29,2017-04-29,良,82,222,48,84,14,55,0.74,87
30,2017-04-30,良,91,252,61,108,16,59,0.9,86
0,2017-03-01,轻度污染,110,320,74,134,12,63,0.91,47
1,2017-03-02,良,82,298,57,107,15,73,0.9,22
2,2017-03-03,良,90,276,66,113,16,57,0.83,55
3,2017-03-04,良,87,189,64,94,10,54,0.87,53
4,2017-03-05,良,55,86,38,58,10,49,0.81,48
5,2017-03-06,良,53,125,36,55,9,53,0.84,46
6,2017-03-07,良,62,195,43,64,9,51,0.74,55
7,2017-03-08,良,78,272,57,85,11,56,0.82,41
8,2017-03-09,良,100,310,73,113,15,59,0.82,23
9,2017-03-10,良,83,226,60,97,14,67,0.96,23
10,2017-03-11,轻度污染,114,286,85,143,16,66,1.18,27
11,2017-03-12,优,47,83,27,48,10,36,0.65,41
12,2017-03-13,优,34,39,8,17,9,37,0.7,64
13,2017-03-14,优,49,128,27,49,11,53,0.84,51
14,2017-03-15,良,52,92,35,53,12,46,0.75,42
15,2017-03-16,良,58,129,39,61,8,56,0.95,26
16,2017-03-17,良,70,174,50,73,12,53,0.88,36
17,2017-03-18,良,79,196,57,90,14,68,1.03,24
18,2017-03-19,良,54,101,36,55,9,40,0.78,41
19,2017-03-20,良,67,194,47,75,12,48,0.97,58
20,2017-03-21,良,86,265,63,104,17,64,1.02,33
21,2017-03-22,良,55,158,33,58,8,45,0.95,17
22,2017-03-23,良,61,195,40,68,9,42,0.93,22
23,2017-03-24,优,46,76,21,48,10,44,0.69,42
24,2017-03-25,良,53,116,22,56,7,32,0.48,69
25,2017-03-26,良,56,105,30,59,10,49,0.73,54
26,2017-03-27,良,60,78,36,64,11,45,0.71,67
27,2017-03-28,良,87,262,63,115,16,70,1.01,58
28,2017-03-29,轻度污染,101,254,75,127,18,60,0.93,44
29,2017-03-30,良,52,74,31,53,9,44,0.74,67
30,2017-03-31,良,61,174,35,64,14,57,0.79,64
0,2017-02-01,良,62,162,42,64,8,24,0.97,33
1,2017-02-02,良,80,198,58,82,8,22,1.03,28
2,2017-02-03,良,86,192,63,85,10,32,1.04,19
3,2017-02-04,轻度污染,101,215,75,104,10,39,1.25,17
4,2017-02-05,轻度污染,130,263,98,138,12,47,1.26,18
5,2017-02-06,轻度污染,126,296,95,136,16,54,1.32,18
6,2017-02-07,优,39,42,25,37,9,30,1.13,35
7,2017-02-08,优,44,90,27,43,9,42,1.03,32
8,2017-02-09,良,84,266,61,95,17,63,1.1,14
9,2017-02-10,良,98,310,72,108,12,54,1.06,26
10,2017-02-11,良,73,169,52,72,10,37,0.77,47
11,2017-02-12,轻度污染,124,280,93,126,13,49,0.91,39
12,2017-02-13,中度污染,179,336,135,187,17,57,1.15,21
13,2017-02-14,轻度污染,139,267,105,143,15,62,1.2,22
14,2017-02-15,轻度污染,144,271,109,152,12,68,1.33,42
15,2017-02-16,重度污染,201,340,153,209,18,79,1.41,38
16,2017-02-17,中度污染,156,336,117,164,17,63,1.21,52
17,2017-02-18,轻度污染,150,328,114,174,26,76,1.47,35
18,2017-02-19,中度污染,192,339,147,212,23,74,1.68,54
19,2017-02-20,中度污染,163,341,122,181,22,70,1.37,40
20,2017-02-21,优,46,55,29,47,9,35,0.94,34
21,2017-02-22,良,51,113,27,53,8,39,0.66,45
22,2017-02-23,优,50,134,26,50,8,38,0.57,47
23,2017-02-24,良,64,171,43,71,9,50,0.7,33
24,2017-02-25,良,60,151,40,66,10,43,0.68,49
25,2017-02-26,良,86,240,63,101,11,64,0.88,31
26,2017-02-27,良,99,263,73,116,11,59,1.0,36
27,2017-02-28,良,90,196,66,106,13,58,0.96,48
0,2017-01-01,重度污染,233,307,183,302,24,87,1.74,16
1,2017-01-02,重度污染,209,286,162,260,19,76,1.84,38
2,2017-01-03,重度污染,233,312,182,295,22,106,2.19,13
3,2017-01-04,严重污染,301,350,245,392,27,104,2.23,12
4,2017-01-05,严重污染,361,360,290,451,21,111,2.57,25
5,2017-01-06,严重污染,293,361,242,364,18,85,2.21,13
6,2017-01-07,轻度污染,111,275,82,122,20,59,1.8,15
7,2017-01-08,轻度污染,122,288,92,135,28,69,1.74,17
8,2017-01-09,良,88,223,62,97,19,53,1.37,26
9,2017-01-10,优,48,96,24,48,9,32,0.89,46
10,2017-01-11,良,52,99,34,52,12,48,0.87,33
11,2017-01-12,良,69,182,48,75,14,52,1.03,33
12,2017-01-13,良,72,187,52,81,21,59,0.94,46
13,2017-01-14,轻度污染,115,313,86,133,17,84,1.27,22
14,2017-01-15,中度污染,181,350,136,204,24,79,1.4,15
15,2017-01-16,轻度污染,123,283,93,130,16,51,1.1,26
16,2017-01-17,轻度污染,131,279,99,147,14,67,1.48,15
17,2017-01-18,轻度污染,122,247,92,138,12,57,1.05,23
18,2017-01-19,轻度污染,116,235,87,135,17,55,1.12,20
19,2017-01-20,轻度污染,137,347,103,157,15,59,1.33,16
20,2017-01-21,轻度污染,147,351,112,166,13,60,1.21,30
21,2017-01-22,重度污染,223,361,172,254,17,89,1.84,14
22,2017-01-23,重度污染,236,355,186,280,16,64,1.77,31
23,2017-01-24,重度污染,220,338,170,247,15,61,1.34,27
24,2017-01-25,重度污染,231,316,180,266,13,70,1.99,35
25,2017-01-26,严重污染,262,327,211,299,14,64,1.56,31
26,2017-01-27,重度污染,230,349,182,287,12,47,1.49,35
27,2017-01-28,重度污染,225,297,180,265,21,33,1.25,38
28,2017-01-29,轻度污染,103,240,71,127,10,33,1.01,49
29,2017-01-30,良,99,303,73,118,13,39,1.09,36
30,2017-01-31,良,65,177,46,69,11,22,0.96,34
0,2016-12-01,轻度污染,135,294,101,199,22,69,1.1,17
1,2016-12-02,中度污染,192,332,145,274,18,63,1.34,11
2,2016-12-03,中度污染,167,307,126,222,15,61,1.26,13
3,2016-12-04,中度污染,191,329,146,259,13,64,1.64,9
4,2016-12-05,轻度污染,137,289,103,182,14,58,1.38,31
5,2016-12-06,轻度污染,146,338,110,192,23,70,1.66,26
6,2016-12-07,中度污染,188,341,143,263,17,78,1.91,27
7,2016-12-08,中度污染,189,322,142,273,12,89,1.94,10
8,2016-12-09,中度污染,187,347,141,251,12,70,1.63,47
9,2016-12-10,中度污染,172,338,130,231,14,73,1.76,13
10,2016-12-11,轻度污染,121,250,90,163,15,55,1.42,10
11,2016-12-12,良,96,180,70,121,14,46,1.35,24
12,2016-12-13,轻度污染,110,275,82,134,15,50,1.72,17
13,2016-12-14,轻度污染,117,319,88,148,17,56,1.77,12
14,2016-12-15,中度污染,159,322,119,200,20,60,1.91,12
15,2016-12-16,中度污染,161,311,121,200,16,63,1.77,14
16,2016-12-17,轻度污染,117,207,87,138,14,57,1.31,17
17,2016-12-18,中度污染,167,267,126,198,17,69,1.57,14
18,2016-12-19,中度污染,188,253,143,223,17,78,1.79,10
19,2016-12-20,重度污染,245,305,194,285,23,77,1.97,7
20,2016-12-21,中度污染,184,299,140,192,20,68,1.73,19
21,2016-12-22,中度污染,171,335,130,185,22,85,1.81,10
22,2016-12-23,中度污染,188,355,142,207,20,75,1.67,10
23,2016-12-24,轻度污染,131,316,98,148,25,58,1.24,13
24,2016-12-25,优,48,90,31,47,9,38,1.04,12
25,2016-12-26,良,62,220,41,68,12,48,1.0,22
26,2016-12-27,良,86,288,62,109,19,63,1.14,31
27,2016-12-28,良,91,254,67,119,24,65,0.93,39
28,2016-12-29,轻度污染,130,294,98,159,28,67,1.02,28
29,2016-12-30,轻度污染,135,267,102,170,25,69,1.16,15
30,2016-12-31,中度污染,174,269,132,220,30,82,1.41,12
0,2016-11-01,良,92,322,67,113,14,56,1.03,21
1,2016-11-02,中度污染,153,350,116,186,13,67,1.36,14
2,2016-11-03,轻度污染,134,326,101,160,16,55,1.25,33
3,2016-11-04,中度污染,161,330,121,181,17,63,1.42,32
4,2016-11-05,中度污染,197,333,149,224,18,72,1.4,19
5,2016-11-06,中度污染,153,318,115,181,17,58,1.26,18
6,2016-11-07,优,41,45,19,41,6,35,0.69,29
7,2016-11-08,良,61,213,37,70,9,38,0.63,27
8,2016-11-09,良,52,185,33,53,6,38,0.76,25
9,2016-11-10,良,84,265,61,95,10,49,0.94,20
10,2016-11-11,良,68,203,46,83,12,51,1.02,18
11,2016-11-12,良,84,223,56,111,12,52,1.21,26
12,2016-11-13,轻度污染,123,277,93,158,17,63,1.43,29
13,2016-11-14,中度污染,177,318,133,228,19,84,1.85,26
14,2016-11-15,重度污染,221,361,172,281,23,76,1.55,13
15,2016-11-16,轻度污染,127,304,96,156,17,64,1.36,27
16,2016-11-17,轻度污染,141,300,107,180,16,76,1.65,26
17,2016-11-18,轻度污染,146,292,110,172,13,57,1.33,35
18,2016-11-19,轻度污染,108,264,81,134,13,62,1.37,21
19,2016-11-20,轻度污染,121,314,88,172,21,65,1.78,24
20,2016-11-21,中度污染,177,359,133,254,22,79,2.15,6
21,2016-11-22,良,53,282,29,62,11,34,0.79,32
22,2016-11-23,优,45,169,21,48,13,37,0.66,36
23,2016-11-24,良,62,179,35,73,12,44,0.75,21
24,2016-11-25,良,76,183,52,94,15,50,1.0,12
25,2016-11-26,良,84,192,54,113,16,50,1.09,27
26,2016-11-27,轻度污染,106,240,73,159,22,69,1.31,22
27,2016-11-28,轻度污染,134,324,99,213,26,83,1.64,9
28,2016-11-29,良,92,206,64,129,17,61,1.02,30
29,2016-11-30,良,95,227,68,135,16,63,1.02,28
0,2016-10-01,良,72,257,33,48,13,46,1.03,93
1,2016-10-02,良,96,318,57,83,18,52,1.25,82
2,2016-10-03,轻度污染,102,318,68,98,18,47,1.18,93
3,2016-10-04,轻度污染,113,332,78,120,21,52,1.2,68
4,2016-10-05,优,49,109,29,51,17,42,0.72,41
5,2016-10-06,良,62,200,41,72,12,38,0.76,41
6,2016-10-07,良,72,288,50,87,12,47,0.91,43
7,2016-10-08,优,45,153,26,44,9,34,0.8,46
8,2016-10-09,优,31,47,17,30,9,29,0.67,38
9,2016-10-10,优,30,34,19,29,8,28,0.67,46
10,2016-10-11,优,39,77,23,38,11,37,0.74,30
11,2016-10-12,优,47,111,29,47,9,43,0.86,17
12,2016-10-13,良,59,163,39,67,11,41,1.0,24
13,2016-10-14,良,62,195,41,67,10,44,0.93,13
14,2016-10-15,良,70,237,49,80,11,45,1.09,14
15,2016-10-16,轻度污染,107,343,80,143,14,61,1.58,14
16,2016-10-17,良,78,274,56,96,12,44,1.11,49
17,2016-10-18,良,88,263,63,113,13,56,1.14,31
18,2016-10-19,良,94,263,69,126,18,60,1.14,23
19,2016-10-20,轻度污染,102,314,74,147,14,65,1.42,10
20,2016-10-21,轻度污染,109,346,81,150,19,58,1.47,9
21,2016-10-22,轻度污染,112,357,84,151,16,60,1.63,13
22,2016-10-23,优,26,29,10,25,10,31,0.74,28
23,2016-10-24,优,38,109,18,37,8,32,0.88,17
24,2016-10-25,良,56,203,28,61,16,42,1.04,26
25,2016-10-26,良,57,210,30,63,12,48,0.97,29
26,2016-10-27,良,56,254,32,66,14,48,1.09,27
27,2016-10-28,优,33,72,13,32,9,31,0.56,51
28,2016-10-29,优,41,143,19,41,10,29,0.51,55
29,2016-10-30,良,69,287,44,80,10,43,0.77,17
30,2016-10-31,良,72,318,50,83,13,45,0.85,35
0,2016-09-01,良,67,229,46,71,11,41,0.84,78
1,2016-09-02,良,82,301,49,73,11,41,0.88,91
2,2016-09-03,良,81,262,58,92,12,61,1.02,37
3,2016-09-04,良,57,124,39,60,11,45,0.81,43
4,2016-09-05,优,45,78,30,44,14,41,0.78,49
5,2016-09-06,良,59,193,37,51,8,38,0.79,77
6,2016-09-07,良,61,236,40,61,12,40,0.91,62
7,2016-09-08,良,63,195,41,64,11,42,0.97,61
8,2016-09-09,良,79,244,48,77,16,44,0.89,85
9,2016-09-10,良,68,240,30,48,10,40,0.79,97
10,2016-09-11,良,81,309,42,74,16,54,0.87,83
11,2016-09-12,良,89,328,65,108,31,69,1.15,59
12,2016-09-13,良,73,269,52,79,11,56,0.95,38
13,2016-09-14,良,55,145,35,54,8,34,0.8,61
14,2016-09-15,良,54,179,29,43,10,32,0.8,77
15,2016-09-16,良,67,264,47,71,9,42,1.0,62
16,2016-09-17,良,90,328,66,100,11,63,1.24,27
17,2016-09-18,良,59,237,39,61,8,39,1.01,47
18,2016-09-19,优,38,46,21,31,14,29,0.82,65
19,2016-09-20,优,48,104,31,46,8,36,0.81,50
20,2016-09-21,良,63,181,38,57,8,36,0.79,73
21,2016-09-22,良,67,178,47,76,11,51,1.06,36
22,2016-09-23,良,55,103,36,56,10,48,1.02,48
23,2016-09-24,良,76,215,54,79,14,45,1.08,49
24,2016-09-25,轻度污染,102,304,76,111,15,46,1.08,42
25,2016-09-26,良,75,227,54,82,13,50,1.09,32
26,2016-09-27,良,58,195,35,55,15,44,0.97,45
27,2016-09-28,良,51,224,28,43,13,38,0.82,72
28,2016-09-29,优,45,158,30,45,14,47,1.04,45
29,2016-09-30,良,59,208,31,49,14,48,1.04,65
0,2016-08-01,良,77,318,46,79,17,44,0.87,90
1,2016-08-02,良,80,340,49,83,12,50,0.98,78
2,2016-08-03,良,56,254,34,58,14,50,0.96,52
3,2016-08-04,良,52,222,30,53,11,43,0.99,46
4,2016-08-05,优,42,142,26,43,10,43,0.92,40
5,2016-08-06,良,69,300,33,55,11,37,0.87,80
6,2016-08-07,良,69,330,24,41,9,31,0.77,97
7,2016-08-08,良,71,334,32,56,19,43,1.02,78
8,2016-08-09,良,80,341,31,53,10,47,0.99,84
9,2016-08-10,良,66,305,29,45,10,39,0.92,94
10,2016-08-11,良,71,310,41,69,15,47,1.11,68
11,2016-08-12,良,70,304,46,78,12,54,1.07,69
12,2016-08-13,轻度污染,123,365,55,92,10,51,1.22,127
13,2016-08-14,良,81,344,40,65,9,43,0.91,115
14,2016-08-15,良,65,312,25,40,16,32,0.75,96
15,2016-08-16,良,67,298,34,55,10,38,0.81,85
16,2016-08-17,良,76,305,43,73,13,43,0.86,86
17,2016-08-18,良,73,293,50,82,19,48,0.94,70
18,2016-08-19,良,97,363,48,79,13,51,0.97,95
19,2016-08-20,轻度污染,106,366,60,102,12,58,1.09,102
20,2016-08-21,良,95,355,52,80,12,38,0.86,103
21,2016-08-22,良,89,346,51,92,20,48,0.98,99
22,2016-08-23,良,93,344,48,75,11,39,0.87,126
23,2016-08-24,良,100,342,49,75,14,40,0.98,138
24,2016-08-25,良,90,326,50,81,16,41,0.96,87
25,2016-08-26,优,38,66,14,28,10,26,0.69,67
26,2016-08-27,良,55,215,19,39,13,32,0.75,84
27,2016-08-28,良,56,182,34,60,14,39,1.01,60
28,2016-08-29,优,47,72,29,46,18,33,0.88,56
29,2016-08-30,优,46,92,31,43,9,29,0.64,69
30,2016-08-31,良,74,221,53,81,11,43,0.85,62
0,2016-07-01,良,85,351,50,81,12,45,0.98,89
1,2016-07-02,良,83,332,50,88,15,47,0.98,87
2,2016-07-03,良,64,256,28,44,7,29,0.75,106
3,2016-07-04,良,55,211,35,58,17,41,0.89,58
4,2016-07-05,良,57,228,35,64,12,45,0.93,39
5,2016-07-06,优,38,120,24,38,8,39,0.86,38
6,2016-07-07,优,40,117,27,39,8,36,0.93,41
7,2016-07-08,优,49,171,32,50,9,32,0.92,57
8,2016-07-09,优,45,152,28,46,9,40,1.0,41
9,2016-07-10,良,66,276,38,64,10,41,1.15,64
10,2016-07-11,良,65,272,23,40,13,35,0.94,93
11,2016-07-12,良,55,217,28,47,10,44,0.84,68
12,2016-07-13,优,38,96,16,32,10,36,0.74,46
13,2016-07-14,优,34,78,9,20,9,30,0.6,66
14,2016-07-15,良,61,308,17,34,17,36,0.67,84
15,2016-07-16,轻度污染,108,360,37,67,17,50,0.88,138
16,2016-07-17,轻度污染,102,333,45,79,14,49,0.9,113
17,2016-07-18,良,63,222,40,65,19,40,0.91,80
18,2016-07-19,良,66,288,15,26,11,26,0.69,109
19,2016-07-20,良,72,325,25,44,15,34,0.84,98
20,2016-07-21,良,74,328,34,57,16,38,0.91,95
21,2016-07-22,优,39,94,18,29,11,30,0.77,70
22,2016-07-23,优,45,115,26,41,11,29,0.81,67
23,2016-07-24,良,61,214,42,65,13,36,1.01,56
24,2016-07-25,良,58,191,31,49,18,34,0.93,57
25,2016-07-26,优,44,91,21,36,14,35,0.73,46
26,2016-07-27,优,47,108,14,27,10,26,0.58,85
27,2016-07-28,良,71,242,28,50,12,33,0.72,105
28,2016-07-29,良,57,152,26,43,11,31,0.68,90
29,2016-07-30,良,62,190,34,61,16,43,0.82,61
30,2016-07-31,良,57,203,32,53,12,38,0.73,69
0,2016-06-01,良,95,345,69,100,11,55,0.99,63
1,2016-06-02,优,44,96,22,38,7,29,0.89,62
2,2016-06-03,良,63,231,26,45,10,42,1.01,84
3,2016-06-04,良,76,274,50,81,12,36,1.0,101
4,2016-06-05,良,89,329,41,65,9,38,0.87,107
5,2016-06-06,良,86,319,51,92,24,44,1.04,96
6,2016-06-07,良,67,212,22,39,8,32,0.67,99
7,2016-06-08,良,73,232,32,54,14,37,0.72,103
8,2016-06-09,优,44,85,23,38,6,32,0.72,73
9,2016-06-10,良,51,141,33,53,7,31,0.75,67
10,2016-06-11,良,61,233,28,45,8,26,0.69,85
11,2016-06-12,良,67,272,35,56,13,27,0.71,100
12,2016-06-13,良,66,240,38,61,22,38,0.83,88
13,2016-06-14,良,97,350,64,103,13,51,0.99,92
14,2016-06-15,良,62,244,31,61,7,42,0.71,78
15,2016-06-16,良,73,250,33,69,10,46,0.75,82
16,2016-06-17,良,97,320,37,74,12,51,0.77,119
17,2016-06-18,良,96,322,64,124,21,64,1.02,85
18,2016-06-19,良,86,309,38,64,10,32,0.76,116
19,2016-06-20,轻度污染,104,345,63,109,18,44,1.08,104
20,2016-06-21,良,74,295,52,95,9,58,1.06,68
21,2016-06-22,轻度污染,123,362,93,165,8,61,1.24,74
22,2016-06-23,良,65,300,42,75,5,32,0.93,51
23,2016-06-24,优,40,132,15,32,10,42,0.84,52
24,2016-06-25,良,59,257,24,47,11,40,0.74,85
25,2016-06-26,优,49,158,26,47,5,31,0.74,54
26,2016-06-27,良,74,264,53,91,18,37,0.85,58
27,2016-06-28,良,84,314,54,93,11,39,0.78,54
28,2016-06-29,良,71,282,47,77,12,37,0.75,89
29,2016-06-30,良,79,311,56,90,7,45,0.93,77
0,2016-05-01,轻度污染,104,290,75,115,10,57,1.1,80
1,2016-05-02,轻度污染,106,333,77,128,23,63,1.11,61
2,2016-05-03,良,77,302,41,101,19,60,0.83,67
3,2016-05-04,轻度污染,105,346,67,141,21,69,1.12,90
4,2016-05-05,中度污染,177,354,132,221,18,79,1.46,112
5,2016-05-06,良,77,180,44,66,8,31,0.85,95
6,2016-05-07,优,43,74,18,38,7,23,0.68,75
7,2016-05-08,良,53,143,31,55,9,38,0.86,63
8,2016-05-09,良,68,242,35,56,14,40,0.91,74
9,2016-05-10,良,82,273,49,82,8,44,0.93,94
10,2016-05-11,轻度污染,120,310,72,128,13,67,1.3,105
11,2016-05-12,轻度污染,119,316,75,165,14,53,0.98,67
12,2016-05-13,良,93,325,61,132,7,31,0.76,59
13,2016-05-14,优,42,41,22,39,4,24,0.68,53
14,2016-05-15,良,52,194,25,65,5,31,0.59,73
15,2016-05-16,良,96,359,51,129,18,53,0.82,80
16,2016-05-17,良,91,323,53,112,16,55,0.91,97
17,2016-05-18,轻度污染,112,338,83,145,24,58,0.97,91
18,2016-05-19,轻度污染,110,313,76,109,7,33,0.88,99
19,2016-05-20,良,73,227,52,77,9,43,0.86,81
20,2016-05-21,良,56,201,38,55,9,30,0.85,84
21,2016-05-22,优,34,40,20,30,6,33,0.9,49
22,2016-05-23,优,34,42,17,22,18,21,0.78,78
23,2016-05-24,良,66,193,40,58,12,32,0.83,93
24,2016-05-25,优,46,76,21,34,6,26,0.7,66
25,2016-05-26,优,38,71,17,31,6,35,0.67,59
26,2016-05-27,良,70,261,48,76,7,44,0.81,55
27,2016-05-28,轻度污染,121,363,91,131,13,57,0.99,68
28,2016-05-29,良,91,326,65,94,9,44,0.97,95
29,2016-05-30,轻度污染,103,313,77,110,17,44,0.99,86
30,2016-05-31,轻度污染,108,325,77,110,11,46,0.91,79
0,2016-04-01,轻度污染,144,344,109,168,20,79,1.15,49
1,2016-04-02,中度污染,195,353,150,226,19,83,1.59,60
2,2016-04-03,中度污染,173,362,130,192,14,71,1.29,94
3,2016-04-04,中度污染,155,362,118,171,25,55,1.22,80
4,2016-04-05,良,81,272,59,82,14,43,1.05,41
5,2016-04-06,优,41,87,26,41,7,37,0.96,45
6,2016-04-07,良,68,210,45,81,17,56,1.08,50
7,2016-04-08,良,71,218,50,78,9,45,0.97,43
8,2016-04-09,优,43,80,23,43,7,30,0.7,67
9,2016-04-10,良,76,232,53,88,9,53,0.98,59
10,2016-04-11,轻度污染,114,327,85,148,23,78,1.46,40
11,2016-04-12,轻度污染,116,319,87,141,22,63,1.2,35
12,2016-04-13,良,93,243,68,114,15,53,1.13,34
13,2016-04-14,优,38,18,19,33,7,21,0.63,72
14,2016-04-15,良,52,84,33,49,6,30,0.77,43
15,2016-04-16,优,43,51,20,36,8,34,0.67,60
16,2016-04-17,良,54,158,29,58,5,31,0.61,70
17,2016-04-18,良,84,335,50,104,20,50,1.02,65
18,2016-04-19,轻度污染,118,360,85,153,23,70,1.12,51
19,2016-04-20,良,66,249,37,70,8,42,0.71,76
20,2016-04-21,良,67,190,40,81,12,64,0.77,43
21,2016-04-22,良,88,244,63,98,10,55,0.91,43
22,2016-04-23,良,55,163,34,60,8,54,0.75,48
23,2016-04-24,良,75,231,52,86,14,48,0.83,48
24,2016-04-25,良,100,304,74,103,15,51,0.92,46
25,2016-04-26,轻度污染,107,347,79,111,10,55,0.98,63
26,2016-04-27,良,89,308,62,104,13,64,1.05,52
27,2016-04-28,良,66,174,37,74,11,44,0.75,73
28,2016-04-29,良,69,136,49,79,12,47,0.84,51
29,2016-04-30,良,76,168,54,80,7,49,0.98,54
0,2016-03-01,轻度污染,138,351,103,184,21,86,1.63,59
1,2016-03-02,轻度污染,110,239,80,155,19,75,1.39,49
2,2016-03-03,轻度污染,115,237,86,170,20,82,1.54,56
3,2016-03-04,轻度污染,147,263,111,203,28,87,1.66,63
4,2016-03-05,中度污染,168,274,101,264,21,65,1.27,59
5,2016-03-06,轻度污染,145,239,95,233,26,53,1.17,70
6,2016-03-07,良,84,171,56,110,29,51,1.22,56
7,2016-03-08,良,85,297,51,118,14,53,1.22,44
8,2016-03-09,优,44,172,23,46,8,34,1.25,54
9,2016-03-10,良,53,218,30,57,9,31,1.06,53
10,2016-03-11,良,77,256,53,102,12,54,1.23,35
11,2016-03-12,良,62,93,43,70,8,47,1.22,28
12,2016-03-13,良,78,204,49,103,13,60,1.39,34
13,2016-03-14,轻度污染,105,268,74,154,29,86,1.63,25
14,2016-03-15,良,97,201,72,121,16,62,1.23,44
15,2016-03-16,轻度污染,130,272,98,171,26,79,1.58,46
16,2016-03-17,轻度污染,108,209,80,128,17,65,1.27,51
17,2016-03-18,轻度污染,101,193,75,118,16,70,1.44,60
18,2016-03-19,中度污染,168,314,126,206,28,94,1.99,53
19,2016-03-20,中度污染,166,350,125,186,23,71,1.71,42
20,2016-03-21,良,77,181,56,77,19,36,1.26,40
21,2016-03-22,优,35,38,24,33,7,40,1.23,40
22,2016-03-23,优,40,77,26,37,6,49,1.4,40
23,2016-03-24,良,66,258,48,67,9,56,1.45,54
24,2016-03-25,轻度污染,111,344,83,118,12,48,1.41,57
25,2016-03-26,良,95,314,70,99,13,49,1.21,49
26,2016-03-27,良,83,240,60,95,16,50,1.08,52
27,2016-03-28,轻度污染,117,336,88,144,33,76,1.35,33
28,2016-03-29,轻度污染,149,363,111,179,20,83,1.59,24
29,2016-03-30,良,78,165,52,82,8,48,1.02,61
30,2016-03-31,良,75,155,54,91,8,52,0.92,72
0,2016-02-01,轻度污染,111,284,83,114,26,57,1.41,45
1,2016-02-02,轻度污染,123,274,93,122,15,56,1.53,38
2,2016-02-03,良,97,177,72,92,9,44,1.51,25
3,2016-02-04,良,82,172,60,79,13,40,1.41,47
4,2016-02-05,良,88,217,65,89,10,47,1.36,50
5,2016-02-06,轻度污染,103,315,77,107,10,49,1.43,47
6,2016-02-07,良,92,224,68,96,14,41,1.35,56
7,2016-02-08,中度污染,170,236,130,187,30,57,1.56,64
8,2016-02-09,轻度污染,139,312,106,144,14,62,1.55,54
9,2016-02-10,轻度污染,122,292,92,126,16,55,1.42,57
10,2016-02-11,轻度污染,122,270,92,128,29,51,1.4,51
11,2016-02-12,良,86,205,59,83,15,32,1.11,58
12,2016-02-13,良,54,196,18,60,6,14,0.66,65
13,2016-02-14,良,56,305,24,60,4,23,0.75,47
14,2016-02-15,良,60,311,34,66,13,32,0.9,49
15,2016-02-16,良,63,289,42,73,7,37,0.95,52
16,2016-02-17,良,71,247,50,83,8,46,1.08,51
17,2016-02-18,良,87,258,64,105,10,54,1.27,53
18,2016-02-19,轻度污染,102,222,66,133,11,60,1.37,40
19,2016-02-20,轻度污染,146,342,56,240,10,38,0.94,56
20,2016-02-21,轻度污染,120,317,71,188,11,48,1.25,32
21,2016-02-22,良,52,53,29,54,15,32,1.14,57
22,2016-02-23,优,50,115,30,51,4,36,1.12,42
23,2016-02-24,良,52,108,33,52,5,55,1.26,25
24,2016-02-25,良,61,128,42,68,7,54,1.38,28
25,2016-02-26,良,67,170,46,80,14,47,1.36,44
26,2016-02-27,良,83,231,61,109,13,66,1.58,46
27,2016-02-28,轻度污染,114,305,85,151,18,73,1.72,51
28,2016-02-29,轻度污染,121,334,91,169,27,79,1.9,63
0,2016-01-01,重度污染,201,324,152,215,21,64,1.91,29
1,2016-01-02,中度污染,192,287,146,216,18,73,2.27,31
2,2016-01-03,轻度污染,149,223,113,170,17,70,1.61,16
3,2016-01-04,中度污染,163,244,124,189,30,65,1.71,29
4,2016-01-05,中度污染,194,341,147,224,16,66,1.78,13
5,2016-01-06,中度污染,182,338,138,212,21,70,1.9,12
6,2016-01-07,良,91,225,67,102,13,47,0.99,42
7,2016-01-08,轻度污染,101,250,75,125,14,60,1.34,10
8,2016-01-09,良,85,174,62,96,16,47,1.22,13
9,2016-01-10,良,70,145,50,74,12,45,1.21,14
10,2016-01-11,良,65,190,46,72,17,48,1.21,18
11,2016-01-12,良,59,171,41,58,8,38,1.04,14
12,2016-01-13,良,64,155,46,66,10,42,1.15,21
13,2016-01-14,良,85,182,62,92,10,48,1.19,30
14,2016-01-15,良,98,195,73,116,11,57,1.51,24
15,2016-01-16,良,75,135,54,86,12,50,1.26,37
16,2016-01-17,轻度污染,103,228,76,133,20,67,1.53,30
17,2016-01-18,轻度污染,108,252,80,131,26,68,1.44,30
18,2016-01-19,中度污染,151,317,115,189,21,66,1.73,10
19,2016-01-20,良,65,120,46,69,10,38,1.13,20
20,2016-01-21,良,62,181,40,72,10,40,0.97,39
21,2016-01-22,良,59,182,39,64,9,34,0.89,40
22,2016-01-23,优,45,106,15,46,7,18,0.63,60
23,2016-01-24,良,58,199,31,66,7,33,0.8,46
24,2016-01-25,良,71,243,48,90,26,49,0.96,44
25,2016-01-26,良,75,202,54,94,17,48,0.87,48
26,2016-01-27,良,86,192,63,110,20,55,0.97,40
27,2016-01-28,轻度污染,112,251,84,138,20,67,1.17,28
28,2016-01-29,轻度污染,137,301,103,169,18,68,1.39,34
29,2016-01-30,轻度污染,144,321,109,172,16,60,1.19,17
30,2016-01-31,轻度污染,109,314,81,111,13,54,1.2,31
0,2015-12-01,良,91,203,67,101,12,55,1.07,13
1,2015-12-02,良,84,227,61,103,15,51,1.2,25
2,2015-12-03,良,77,268,56,90,10,50,1.06,13
3,2015-12-04,良,51,126,34,50,8,45,0.83,24
4,2015-12-05,良,62,190,43,63,8,50,0.89,16
5,2015-12-06,良,79,204,57,89,10,47,0.93,25
6,2015-12-07,轻度污染,107,225,80,125,22,53,1.16,18
7,2015-12-08,良,96,219,71,110,15,59,1.01,11
8,2015-12-09,良,98,232,73,125,14,67,1.09,17
9,2015-12-10,轻度污染,118,255,88,151,18,71,1.19,11
10,2015-12-11,轻度污染,102,225,75,120,14,60,1.04,12
11,2015-12-12,优,37,35,25,36,9,35,0.75,12
12,2015-12-13,优,44,69,30,42,11,41,1.15,18
13,2015-12-14,良,56,125,35,61,29,39,0.93,30
14,2015-12-15,良,56,151,32,60,10,45,0.74,25
15,2015-12-16,良,77,302,49,102,15,53,1.05,28
16,2015-12-17,轻度污染,112,349,83,152,21,61,1.42,24
17,2015-12-18,良,72,182,52,82,12,53,0.8,35
18,2015-12-19,良,92,210,68,100,12,51,0.95,13
19,2015-12-20,良,74,106,53,73,8,50,0.94,20
20,2015-12-21,良,95,141,70,100,16,56,1.2,19
21,2015-12-22,轻度污染,101,146,75,125,13,62,1.54,25
22,2015-12-23,轻度污染,113,153,85,133,22,71,1.31,12
23,2015-12-24,轻度污染,108,225,81,125,17,60,1.47,23
24,2015-12-25,轻度污染,124,247,93,151,18,79,1.88,24
25,2015-12-26,轻度污染,146,292,110,176,24,83,1.92,24
26,2015-12-27,重度污染,201,361,154,253,28,91,2.44,22
27,2015-12-28,重度污染,216,355,166,265,38,89,2.39,19
28,2015-12-29,重度污染,246,346,195,305,27,100,2.26,16
29,2015-12-30,严重污染,290,356,239,357,31,89,2.22,14
30,2015-12-31,严重污染,251,349,200,305,20,73,2.29,8
0,2015-11-01,良,51,144,32,54,9,33,0.65,55
1,2015-11-02,良,82,210,60,90,26,52,0.9,26
2,2015-11-03,良,93,209,69,105,16,53,0.87,15
3,2015-11-04,良,98,223,73,122,23,47,0.95,15
4,2015-11-05,良,85,213,62,106,15,49,0.86,13
5,2015-11-06,良,81,287,59,99,11,52,0.99,13
6,2015-11-07,优,29,27,14,29,9,31,0.89,22
7,2015-11-08,优,48,107,26,51,10,44,0.89,32
8,2015-11-09,轻度污染,109,285,82,143,30,71,1.38,18
9,2015-11-10,良,60,135,40,66,13,44,0.87,24
10,2015-11-11,优,36,47,22,35,8,32,0.93,7
11,2015-11-12,优,27,44,17,26,6,28,1.01,8
12,2015-11-13,优,49,129,33,50,6,34,1.22,6
13,2015-11-14,良,62,157,43,67,10,39,1.29,7
14,2015-11-15,优,47,77,29,48,11,43,1.19,30
15,2015-11-16,良,73,229,51,92,21,50,1.14,18
16,2015-11-17,良,63,196,44,70,16,43,0.9,18
17,2015-11-18,良,71,289,50,88,8,45,1.43,7
18,2015-11-19,良,77,287,56,79,6,28,0.98,6
19,2015-11-20,良,94,294,70,115,14,47,1.29,8
20,2015-11-21,良,82,294,59,96,22,44,1.21,10
21,2015-11-22,良,71,306,50,86,15,55,1.31,22
22,2015-11-23,良,66,299,45,82,28,37,1.21,7
23,2015-11-24,优,28,51,14,27,12,36,1.23,11
24,2015-11-25,良,54,194,30,59,12,53,0.91,22
25,2015-11-26,良,88,327,63,119,25,67,1.17,15
26,2015-11-27,良,72,233,51,81,11,47,1.13,13
27,2015-11-28,良,62,103,43,70,14,47,0.99,21
28,2015-11-29,良,83,169,60,97,15,40,1.11,31
29,2015-11-30,良,72,146,51,83,15,47,0.88,15
0,2015-10-01,优,50,154,20,61,8,43,0.6,36
1,2015-10-02,良,84,275,47,117,20,43,0.73,59
2,2015-10-03,良,85,249,57,114,14,50,0.8,38
3,2015-10-04,优,40,79,19,39,9,29,0.52,48
4,2015-10-05,良,65,195,39,77,14,46,0.79,31
5,2015-10-06,轻度污染,105,291,78,140,14,66,1.16,18
6,2015-10-07,轻度污染,108,329,81,138,14,64,1.23,29
7,2015-10-08,轻度污染,125,358,92,159,19,70,1.42,34
8,2015-10-09,良,62,228,34,72,12,50,0.75,28
9,2015-10-10,良,66,247,42,80,20,51,0.85,39
10,2015-10-11,良,75,266,53,94,17,55,0.94,48
11,2015-10-12,轻度污染,106,325,77,133,25,66,1.34,59
12,2015-10-13,轻度污染,134,336,101,172,28,73,1.39,72
13,2015-10-14,轻度污染,131,290,99,154,16,69,1.25,69
14,2015-10-15,中度污染,161,331,122,185,24,68,1.31,82
15,2015-10-16,中度污染,155,314,117,186,30,74,1.37,65
16,2015-10-17,轻度污染,111,249,82,133,27,66,1.12,34
17,2015-10-18,良,67,138,47,75,10,54,1.11,48
18,2015-10-19,轻度污染,116,305,87,149,24,66,1.46,45
19,2015-10-20,轻度污染,104,257,77,126,18,60,1.08,51
20,2015-10-21,轻度污染,137,328,103,163,22,62,1.19,56
21,2015-10-22,良,77,171,56,80,15,44,0.84,45
22,2015-10-23,良,68,113,48,65,10,41,0.82,37
23,2015-10-24,良,72,150,52,72,10,42,0.87,36
24,2015-10-25,良,59,139,40,62,11,47,1.04,30
25,2015-10-26,优,47,76,29,49,15,44,0.86,28
26,2015-10-27,优,47,103,22,50,11,46,0.53,26
27,2015-10-28,良,74,223,50,96,16,53,0.84,19
28,2015-10-29,良,60,196,36,68,12,48,0.69,27
29,2015-10-30,良,55,173,30,60,14,41,0.6,28
30,2015-10-31,优,29,34,16,28,7,28,0.53,34
0,2015-09-01,良,94,339,69,110,21,52,1.1,69
1,2015-09-02,良,70,272,50,75,13,45,0.93,56
2,2015-09-03,优,46,136,31,42,7,25,0.79,68
3,2015-09-04,优,39,99,26,37,6,31,0.99,32
4,2015-09-05,优,48,186,31,49,9,49,1.18,16
5,2015-09-06,良,58,251,21,49,12,48,0.84,66
6,2015-09-07,良,63,253,34,66,22,44,0.88,60
7,2015-09-08,优,36,40,22,34,9,34,0.77,51
8,2015-09-09,优,27,14,10,16,6,26,0.8,53
9,2015-09-10,优,24,12,9,17,8,27,0.78,41
10,2015-09-11,优,36,75,17,37,9,47,1.01,29
11,2015-09-12,良,61,251,33,72,16,56,1.06,31
12,2015-09-13,良,55,174,28,55,18,38,0.77,56
13,2015-09-14,良,66,221,42,77,19,48,0.86,62
14,2015-09-15,轻度污染,117,356,88,158,25,73,1.32,46
15,2015-09-16,优,50,89,33,53,11,40,0.85,44
16,2015-09-17,优,37,35,22,36,6,35,0.8,56
17,2015-09-18,优,45,72,25,43,8,43,0.97,49
18,2015-09-19,优,46,110,30,46,8,43,1.05,30
19,2015-09-20,良,61,188,39,70,11,53,1.02,56
20,2015-09-21,良,57,154,39,60,15,43,1.02,38
21,2015-09-22,优,46,113,31,45,12,43,1.04,39
22,2015-09-23,良,63,257,44,72,14,49,1.11,37
23,2015-09-24,优,34,55,18,32,9,42,0.91,44
24,2015-09-25,优,43,111,22,39,9,44,0.92,48
25,2015-09-26,良,52,158,33,53,10,45,0.95,46
26,2015-09-27,优,38,65,24,38,11,30,0.89,35
27,2015-09-28,优,42,88,25,42,19,36,0.97,35
28,2015-09-29,良,55,197,35,59,11,46,1.02,23
29,2015-09-30,良,70,271,49,83,11,44,1.13,14
0,2015-08-01,良,75,310,34,65,12,33,0.85,93
1,2015-08-02,良,75,307,32,63,12,37,0.88,97
2,2015-08-03,良,59,243,32,59,16,29,0.87,84
3,2015-08-04,优,40,82,18,37,15,27,0.72,56
4,2015-08-05,良,69,267,21,43,14,31,0.7,94
5,2015-08-06,良,91,351,45,89,17,63,0.97,91
6,2015-08-07,良,65,242,41,83,13,58,0.96,49
7,2015-08-08,优,42,123,21,39,11,28,0.67,42
8,2015-08-09,优,37,107,20,35,7,30,0.69,58
9,2015-08-10,良,54,243,27,55,20,42,0.88,51
10,2015-08-11,良,75,312,47,94,15,52,1.05,59
11,2015-08-12,良,82,302,57,107,12,42,0.9,79
12,2015-08-13,轻度污染,102,311,75,134,19,56,1.06,77
13,2015-08-14,良,66,217,46,75,11,49,0.95,35
14,2015-08-15,良,71,267,27,48,11,40,0.84,84
15,2015-08-16,良,55,164,34,60,15,42,0.9,44
16,2015-08-17,优,34,51,9,15,11,15,0.52,69
17,2015-08-18,优,43,88,24,42,13,40,0.86,47
18,2015-08-19,优,40,69,19,38,10,35,0.66,67
19,2015-08-20,良,70,313,30,65,13,50,0.82,76
20,2015-08-21,良,87,319,53,108,19,70,1.04,79
21,2015-08-22,轻度污染,118,351,78,139,21,81,1.31,83
22,2015-08-23,轻度污染,124,362,78,130,24,60,1.14,107
23,2015-08-24,良,81,313,58,92,19,53,0.98,54
24,2015-08-25,良,63,212,44,62,14,39,0.87,53
25,2015-08-26,良,56,130,39,54,7,46,0.86,41
26,2015-08-27,良,65,192,46,68,10,49,1.09,31
27,2015-08-28,良,66,198,46,72,9,48,1.03,49
28,2015-08-29,良,67,224,44,73,10,54,1.19,54
29,2015-08-30,良,89,310,65,107,13,67,1.41,51
30,2015-08-31,轻度污染,105,352,78,130,21,73,1.44,49
0,2015-07-01,良,66,268,32,75,10,41,0.66,68
1,2015-07-02,良,72,284,42,92,13,55,0.9,33
2,2015-07-03,优,38,60,18,35,7,30,0.55,61
3,2015-07-04,优,48,126,28,48,8,38,0.65,58
4,2015-07-05,良,62,232,31,54,9,33,0.65,73
5,2015-07-06,良,62,229,33,55,12,31,0.69,90
6,2015-07-07,良,79,289,47,76,15,37,0.75,102
7,2015-07-08,良,86,289,59,104,13,54,0.97,92
8,2015-07-09,良,68,215,49,78,10,34,0.88,78
9,2015-07-10,良,97,327,51,88,11,44,0.95,95
10,2015-07-11,良,94,326,55,95,13,47,0.93,100
11,2015-07-12,轻度污染,120,343,86,148,15,58,1.14,102
12,2015-07-13,良,94,273,69,112,21,56,1.13,47
13,2015-07-14,良,84,232,60,105,17,50,1.16,23
14,2015-07-15,良,59,162,35,62,12,42,0.83,67
15,2015-07-16,轻度污染,105,349,46,87,15,64,1.1,113
16,2015-07-17,良,79,304,38,74,19,49,0.95,96
17,2015-07-18,良,99,341,48,79,12,46,1.05,119
18,2015-07-19,良,91,337,43,76,13,41,0.93,101
19,2015-07-20,良,99,340,59,101,22,66,1.16,88
20,2015-07-21,良,65,214,43,71,16,48,0.92,71
21,2015-07-22,良,75,274,33,54,12,34,0.78,96
22,2015-07-23,良,69,282,20,46,13,36,0.65,94
23,2015-07-24,良,75,295,26,63,14,56,0.81,91
24,2015-07-25,良,83,304,34,75,18,49,0.75,100
25,2015-07-26,良,97,315,48,102,24,60,0.97,102
26,2015-07-27,良,99,327,47,96,21,49,0.97,107
27,2015-07-28,良,95,338,40,79,19,51,1.03,113
28,2015-07-29,轻度污染,106,348,61,113,17,41,0.97,128
29,2015-07-30,良,74,323,43,77,11,43,0.95,106
30,2015-07-31,良,86,347,41,76,12,34,0.88,103
0,2015-06-01,良,84,222,41,76,15,30,0.83,124
1,2015-06-02,良,67,237,43,81,13,40,0.84,68
2,2015-06-03,优,50,166,21,44,10,34,0.73,65
3,2015-06-04,优,43,100,19,36,8,27,0.73,76
4,2015-06-05,良,54,136,17,41,11,35,0.62,80
5,2015-06-06,良,69,195,29,61,13,36,0.75,87
6,2015-06-07,良,82,288,52,88,10,31,0.85,99
7,2015-06-08,良,55,196,35,61,17,42,0.94,60
8,2015-06-09,良,74,225,35,65,21,40,0.81,77
9,2015-06-10,轻度污染,121,324,71,124,20,61,1.02,104
10,2015-06-11,良,83,288,47,114,18,48,0.81,67
11,2015-06-12,良,68,222,36,82,13,34,0.66,75
12,2015-06-13,良,77,279,29,50,9,28,0.67,109
13,2015-06-14,良,69,227,37,68,11,31,0.74,88
14,2015-06-15,良,68,206,46,81,17,40,0.86,65
15,2015-06-16,轻度污染,110,321,81,134,15,45,0.9,94
16,2015-06-17,良,89,287,43,71,10,43,0.84,99
17,2015-06-18,良,87,311,35,69,14,51,0.81,101
18,2015-06-19,良,75,268,52,95,15,64,1.1,32
19,2015-06-20,优,49,106,28,50,9,32,0.79,68
20,2015-06-21,良,68,198,38,62,11,34,0.84,84
21,2015-06-22,良,73,258,52,88,20,42,0.98,71
22,2015-06-23,优,36,63,18,32,10,24,0.73,54
23,2015-06-24,优,32,81,14,25,8,27,0.8,53
24,2015-06-25,良,65,283,31,56,10,38,0.99,78
25,2015-06-26,良,79,304,50,89,14,42,1.03,83
26,2015-06-27,良,61,251,41,68,14,33,0.87,37
27,2015-06-28,优,48,166,28,50,13,28,0.76,31
28,2015-06-29,优,48,169,22,51,19,34,0.79,29
29,2015-06-30,良,67,300,37,83,14,37,0.74,37
0,2015-05-01,良,56,105,24,44,6,26,0.61,93
1,2015-05-02,良,76,296,38,85,13,43,0.77,84
2,2015-05-03,良,76,236,49,97,12,53,0.82,54
3,2015-05-04,良,57,122,19,44,17,27,0.58,101
4,2015-05-05,良,78,199,54,92,8,32,0.67,93
5,2015-05-06,轻度污染,114,308,72,126,12,49,0.82,106
6,2015-05-07,轻度污染,130,340,94,145,11,45,0.96,133
7,2015-05-08,良,79,265,26,59,6,40,0.62,110
8,2015-05-09,轻度污染,105,335,53,121,17,68,0.91,90
9,2015-05-10,轻度污染,119,329,65,137,22,56,0.91,106
10,2015-05-11,轻度污染,105,358,38,155,14,24,0.46,96
11,2015-05-12,轻度污染,114,357,52,173,13,42,0.6,92
12,2015-05-13,轻度污染,120,359,64,159,23,55,0.84,119
13,2015-05-14,轻度污染,135,355,83,174,24,66,0.98,127
14,2015-05-15,良,98,316,57,106,10,35,0.79,113
15,2015-05-16,良,68,174,37,70,9,31,0.7,95
16,2015-05-17,良,68,158,46,76,7,29,0.77,98
17,2015-05-18,轻度污染,107,315,58,108,20,50,0.99,96
18,2015-05-19,轻度污染,115,317,71,120,17,63,1.0,116
19,2015-05-20,轻度污染,113,344,69,118,13,55,0.97,100
20,2015-05-21,优,48,85,28,49,6,34,0.7,55
21,2015-05-22,优,44,67,16,33,6,33,0.64,74
22,2015-05-23,良,82,248,32,65,12,45,0.74,96
23,2015-05-24,良,69,174,38,68,7,38,0.81,93
24,2015-05-25,良,62,134,41,69,20,39,0.82,73
25,2015-05-26,良,85,215,62,104,14,52,0.97,48
26,2015-05-27,轻度污染,120,287,84,148,12,51,1.11,78
27,2015-05-28,良,91,267,64,112,11,50,1.11,76
28,2015-05-29,优,43,45,11,22,7,30,0.7,82
29,2015-05-30,良,70,258,27,57,22,42,0.83,87
30,2015-05-31,良,81,238,36,70,12,37,0.88,114
0,2015-04-01,良,98,315,70,120,18,45,0.93,85
1,2015-04-02,良,68,244,38,82,7,32,0.67,81
2,2015-04-03,良,82,268,44,88,9,40,0.71,100
3,2015-04-04,良,61,141,29,70,12,30,0.59,85
4,2015-04-05,优,44,76,20,43,4,22,0.59,76
5,2015-04-06,优,37,55,14,30,12,27,0.65,76
6,2015-04-07,优,44,135,21,36,8,24,0.64,97
7,2015-04-08,优,50,130,33,51,4,36,0.85,60
8,2015-04-09,优,48,82,31,49,5,43,0.9,73
9,2015-04-10,优,50,81,29,51,7,37,0.75,77
10,2015-04-11,良,63,127,40,67,8,46,0.82,71
11,2015-04-12,良,74,213,43,83,10,41,0.77,91
12,2015-04-13,轻度污染,102,344,68,149,24,70,1.13,61
13,2015-04-14,轻度污染,111,332,76,169,23,67,1.0,81
14,2015-04-15,轻度污染,115,291,79,137,13,50,1.0,87
15,2015-04-16,轻度污染,140,312,93,187,18,72,1.38,96
16,2015-04-17,轻度污染,117,281,76,150,18,53,1.05,98
17,2015-04-18,良,80,176,54,102,16,31,0.84,73
18,2015-04-19,良,54,123,25,56,11,36,0.66,51
19,2015-04-20,良,71,254,45,89,25,54,0.9,43
20,2015-04-21,良,56,122,31,63,19,49,0.69,42
21,2015-04-22,优,50,52,23,49,7,47,0.68,48
22,2015-04-23,良,68,130,45,83,15,53,0.8,50
23,2015-04-24,良,77,184,48,83,13,41,0.74,92
24,2015-04-25,良,80,179,54,96,9,58,0.88,73
25,2015-04-26,轻度污染,117,319,86,145,12,71,1.18,78
26,2015-04-27,轻度污染,144,350,99,172,27,66,1.29,104
27,2015-04-28,轻度污染,150,357,103,171,23,69,1.14,96
28,2015-04-29,轻度污染,145,343,99,173,23,80,1.34,90
29,2015-04-30,轻度污染,123,313,88,159,22,72,1.14,85
0,2015-03-01,良,69,215,42,86,7,35,0.96,46
1,2015-03-02,良,82,219,59,100,19,43,1.08,35
2,2015-03-03,轻度污染,104,279,57,143,10,37,0.73,47
3,2015-03-04,良,83,312,54,115,4,33,0.8,34
4,2015-03-05,良,55,156,33,65,6,30,0.79,33
5,2015-03-06,良,92,256,65,126,9,42,0.98,28
6,2015-03-07,轻度污染,120,315,90,154,17,48,1.06,22
7,2015-03-08,良,92,253,67,114,13,49,1.1,46
8,2015-03-09,轻度污染,126,330,94,156,24,73,1.98,41
9,2015-03-10,轻度污染,103,310,77,121,18,58,0.98,40
10,2015-03-11,良,73,196,52,75,9,34,0.78,65
11,2015-03-12,轻度污染,107,273,80,127,15,58,1.08,57
12,2015-03-13,轻度污染,111,277,83,127,13,65,1.26,54
13,2015-03-14,轻度污染,140,296,105,167,26,64,1.39,56
14,2015-03-15,轻度污染,127,268,95,135,16,55,1.2,56
15,2015-03-16,轻度污染,129,281,97,147,17,58,1.33,35
16,2015-03-17,良,84,220,58,91,13,47,1.11,71
17,2015-03-18,良,73,215,52,87,10,45,1.06,55
18,2015-03-19,良,60,110,36,65,12,46,1.15,49
19,2015-03-20,良,62,133,35,71,10,48,1.01,56
20,2015-03-21,良,68,136,41,74,9,41,0.95,70
21,2015-03-22,良,70,117,48,81,16,44,1.03,63
22,2015-03-23,良,62,120,37,68,19,44,0.97,62
23,2015-03-24,良,55,123,33,56,9,34,0.86,65
24,2015-03-25,良,77,229,56,91,12,47,0.97,62
25,2015-03-26,良,86,260,63,108,19,61,1.1,62
26,2015-03-27,轻度污染,131,329,99,174,27,73,1.4,27
27,2015-03-28,轻度污染,147,333,111,179,23,71,1.64,23
28,2015-03-29,轻度污染,116,250,85,127,9,49,1.4,57
29,2015-03-30,轻度污染,108,278,80,126,16,61,1.27,84
30,2015-03-31,轻度污染,120,305,90,147,23,68,1.25,68
0,2015-02-01,良,68,134,49,65,5,35,1.22,7
1,2015-02-02,良,88,163,65,92,13,46,1.45,7
2,2015-02-03,轻度污染,106,183,79,118,16,49,1.49,20
3,2015-02-04,轻度污染,117,217,87,135,19,52,1.54,35
4,2015-02-05,轻度污染,114,268,85,130,18,51,1.19,39
5,2015-02-06,中度污染,153,334,115,170,23,59,1.44,17
6,2015-02-07,轻度污染,114,236,86,123,20,45,1.25,36
7,2015-02-08,轻度污染,119,309,89,140,14,55,1.31,25
8,2015-02-09,中度污染,177,352,133,199,31,57,1.55,12
9,2015-02-10,中度污染,195,351,147,208,21,63,1.56,21
10,2015-02-11,中度污染,185,329,141,198,16,56,1.55,39
11,2015-02-12,中度污染,192,326,145,217,18,76,2.0,46
12,2015-02-13,重度污染,204,349,156,222,13,76,1.92,45
13,2015-02-14,重度污染,221,340,170,223,19,72,1.81,50
14,2015-02-15,中度污染,172,295,130,200,15,67,1.69,42
15,2015-02-16,良,95,164,65,129,10,45,1.04,57
16,2015-02-17,轻度污染,123,258,92,154,13,42,1.19,67
17,2015-02-18,轻度污染,117,276,87,132,13,32,1.17,73
18,2015-02-19,中度污染,158,277,119,157,22,24,1.34,45
19,2015-02-20,良,68,207,49,66,11,26,1.34,47
20,2015-02-21,良,89,249,65,85,9,39,1.56,33
21,2015-02-22,良,54,93,36,56,6,17,0.91,62
22,2015-02-23,优,43,69,28,42,7,18,0.93,42
23,2015-02-24,良,57,113,40,52,8,26,1.09,29
24,2015-02-25,优,48,114,30,46,7,29,0.98,41
25,2015-02-26,良,54,153,33,57,9,31,0.95,42
26,2015-02-27,良,54,198,37,58,8,32,1.02,25
27,2015-02-28,优,40,125,22,42,8,26,1.05,42
0,2015-01-01,中度污染,183,345,139,215,13,59,1.44,10
1,2015-01-02,重度污染,205,647,155,239,19,52,1.47,12
2,2015-01-03,重度污染,205,335,155,245,12,50,1.62,22
3,2015-01-04,重度污染,221,290,171,264,19,70,1.55,10
4,2015-01-05,中度污染,152,211,115,176,18,55,1.79,13
5,2015-01-06,良,82,225,55,98,12,50,0.94,26
6,2015-01-07,良,97,266,71,130,16,52,0.95,19
7,2015-01-08,良,98,200,72,113,9,46,0.99,16
8,2015-01-09,轻度污染,117,203,87,134,13,51,1.24,14
9,2015-01-10,轻度污染,126,214,95,146,7,50,1.22,12
10,2015-01-11,中度污染,160,282,121,181,14,47,1.27,12
11,2015-01-12,轻度污染,138,296,104,161,18,57,1.46,19
12,2015-01-13,重度污染,248,360,197,288,25,75,2.24,8
13,2015-01-14,重度污染,235,347,184,266,29,77,1.91,7
14,2015-01-15,严重污染,260,343,209,305,27,75,2.14,8
15,2015-01-16,中度污染,151,267,114,165,17,61,1.36,24
16,2015-01-17,重度污染,213,356,164,251,28,70,1.69,12
17,2015-01-18,良,99,164,73,111,17,46,0.98,33
18,2015-01-19,中度污染,177,353,134,207,27,62,1.45,16
19,2015-01-20,重度污染,216,356,166,247,26,71,1.69,22
20,2015-01-21,重度污染,207,361,161,251,21,78,2.1,36
21,2015-01-22,重度污染,237,358,187,292,29,90,2.3,25
22,2015-01-23,严重污染,251,362,200,326,34,95,2.43,10
23,2015-01-24,重度污染,206,300,159,253,32,82,1.94,14
24,2015-01-25,重度污染,212,304,162,260,28,78,2.14,20
25,2015-01-26,中度污染,189,269,142,217,31,63,1.84,11
26,2015-01-27,中度污染,177,353,135,219,24,60,1.84,16
27,2015-01-28,优,41,92,25,42,7,29,1.39,24
28,2015-01-29,良,58,162,39,65,10,43,1.4,20
29,2015-01-30,良,83,232,61,101,16,45,1.26,20
30,2015-01-31,良,62,137,43,62,6,31,1.07,18
0,2014-12-01,良,71,82,37,89,24,43,0.75,29
1,2014-12-02,良,81,144,54,111,15,46,0.89,12
2,2014-12-03,良,59,57,34,68,12,44,0.99,19
3,2014-12-04,良,81,136,53,110,26,54,0.95,17
4,2014-12-05,轻度污染,101,144,74,142,19,61,1.17,18
5,2014-12-06,良,92,106,68,114,16,52,1.13,14
6,2014-12-07,良,83,76,59,104,11,46,1.25,20
7,2014-12-08,轻度污染,142,157,107,197,50,62,1.67,15
8,2014-12-09,轻度污染,118,135,88,149,30,47,1.04,13
9,2014-12-10,良,53,14,27,60,11,42,0.75,19
10,2014-12-11,良,84,101,44,115,15,43,0.72,32
11,2014-12-12,轻度污染,106,150,68,160,16,50,1.06,29
12,2014-12-13,轻度污染,115,166,79,178,23,57,1.03,25
13,2014-12-14,轻度污染,109,110,73,166,20,57,0.96,13
14,2014-12-15,轻度污染,101,66,68,148,22,45,0.96,28
15,2014-12-16,良,72,88,27,92,17,37,0.6,43
16,2014-12-17,良,84,128,46,115,23,50,0.83,28
17,2014-12-18,良,89,87,54,127,19,64,1.08,34
18,2014-12-19,轻度污染,113,131,84,160,28,66,1.38,30
19,2014-12-20,中度污染,162,182,123,215,30,82,1.8,14
20,2014-12-21,轻度污染,124,176,90,157,23,56,1.37,29
21,2014-12-22,轻度污染,129,168,96,187,61,71,1.61,17
22,2014-12-23,轻度污染,117,101,88,159,27,68,1.26,28
23,2014-12-24,中度污染,199,168,150,258,42,79,1.85,20
24,2014-12-25,中度污染,176,170,133,202,23,71,1.43,21
25,2014-12-26,中度污染,187,165,141,215,18,58,1.29,10
26,2014-12-27,轻度污染,131,115,99,156,19,54,1.38,19
27,2014-12-28,轻度污染,119,93,89,150,16,58,1.39,30
28,2014-12-29,中度污染,155,123,117,206,13,54,1.53,17
29,2014-12-30,中度污染,175,149,133,218,16,67,1.48,31
30,2014-12-31,重度污染,239,546,188,308,22,65,2.15,14
0,2014-11-01,优,41,22,21,40,11,40,0.68,25
1,2014-11-02,优,46,45,24,47,7,39,0.62,34
2,2014-11-03,良,65,80,40,78,18,47,0.76,44
3,2014-11-04,良,85,92,59,112,18,64,0.85,28
4,2014-11-05,轻度污染,107,116,79,140,23,54,1.06,42
5,2014-11-06,轻度污染,139,153,105,170,19,68,1.58,31
6,2014-11-07,良,74,112,52,81,15,45,0.78,28
7,2014-11-08,优,47,49,29,54,3,32,0.69,19
8,2014-11-09,优,49,43,31,50,5,34,0.76,20
9,2014-11-10,良,55,38,35,60,11,34,0.89,17
10,2014-11-11,良,74,67,48,96,11,41,1.31,28
11,2014-11-12,良,98,142,69,137,18,46,1.28,31
12,2014-11-13,良,70,90,45,87,8,48,0.79,30
13,2014-11-14,良,92,111,68,118,11,53,0.97,21
14,2014-11-15,良,77,59,55,94,11,53,1.06,20
15,2014-11-16,良,66,37,42,81,11,46,0.92,23
16,2014-11-17,良,57,24,36,62,14,44,0.88,27
17,2014-11-18,良,80,47,57,102,14,37,0.86,19
18,2014-11-19,良,73,38,50,90,13,43,0.85,19
19,2014-11-20,良,86,57,61,111,14,54,1.06,19
20,2014-11-21,轻度污染,101,71,75,139,15,64,1.49,10
21,2014-11-22,良,78,44,52,103,12,50,1.1,21
22,2014-11-23,轻度污染,124,121,94,166,21,72,1.57,11
23,2014-11-24,良,80,108,58,104,16,56,1.48,10
24,2014-11-25,良,81,112,58,105,21,57,1.45,18
25,2014-11-26,良,89,108,65,116,24,50,1.27,13
26,2014-11-27,良,61,64,36,70,18,46,1.2,28
27,2014-11-28,良,72,87,46,91,24,47,1.07,18
28,2014-11-29,良,82,95,58,107,22,57,1.35,15
29,2014-11-30,良,63,92,39,75,12,38,1.07,29
0,2014-10-01,良,75,146,50,83,10,44,0.9,37
1,2014-10-02,良,65,75,42,76,7,38,0.89,50
2,2014-10-03,良,66,68,44,77,7,40,0.84,43
3,2014-10-04,良,63,93,40,73,12,35,0.71,50
4,2014-10-05,良,63,68,37,74,8,48,0.69,53
5,2014-10-06,良,77,108,53,95,11,48,0.86,59
6,2014-10-07,轻度污染,113,150,85,140,24,59,1.05,64
7,2014-10-08,轻度污染,134,152,101,149,37,54,1.08,52
8,2014-10-09,中度污染,165,163,124,203,38,79,1.64,21
9,2014-10-10,中度污染,169,165,128,204,35,62,1.32,31
10,2014-10-11,良,67,54,48,68,7,32,0.77,66
11,2014-10-12,优,37,21,22,36,13,40,0.6,33
12,2014-10-13,良,54,58,32,59,13,45,0.6,25
13,2014-10-14,良,71,55,49,90,16,54,0.82,29
14,2014-10-15,良,86,45,63,104,15,52,0.93,19
15,2014-10-16,良,58,29,38,60,8,40,0.85,19
16,2014-10-17,良,69,46,49,81,13,48,1.07,20
17,2014-10-18,良,84,64,61,97,10,50,1.16,19
18,2014-10-19,良,86,104,63,96,11,50,1.11,36
19,2014-10-20,良,89,93,65,109,12,63,1.49,39
20,2014-10-21,良,91,111,65,115,11,55,1.27,47
21,2014-10-22,良,85,90,62,104,15,68,1.18,25
22,2014-10-23,良,90,81,66,101,12,51,1.24,42
23,2014-10-24,轻度污染,126,142,95,148,20,76,1.47,34
24,2014-10-25,中度污染,151,166,114,177,15,79,1.96,32
25,2014-10-26,重度污染,218,187,169,261,30,96,2.28,22
26,2014-10-27,轻度污染,123,164,91,139,14,51,1.43,27
27,2014-10-28,优,47,14,28,47,8,32,0.94,31
28,2014-10-29,优,44,20,24,43,16,36,1.08,29
29,2014-10-30,良,55,65,35,57,10,36,0.99,20
30,2014-10-31,优,45,38,25,46,13,36,0.93,22
0,2014-09-01,优,43,44,23,44,16,37,0.8,46
1,2014-09-02,优,50,85,28,54,10,50,0.85,33
2,2014-09-03,良,89,187,63,115,17,68,1.47,27
3,2014-09-04,良,66,100,44,75,14,49,1.03,49
4,2014-09-05,良,68,70,47,80,11,50,0.87,52
5,2014-09-06,良,91,134,67,115,19,58,1.12,35
6,2014-09-07,良,54,45,35,59,17,34,0.81,39
7,2014-09-08,良,58,65,37,66,15,41,0.98,44
8,2014-09-09,良,61,90,42,68,19,36,0.98,49
9,2014-09-10,良,57,66,34,60,20,36,0.93,53
10,2014-09-11,良,62,108,42,68,14,33,0.92,42
11,2014-09-12,优,38,38,18,36,15,33,0.71,51
12,2014-09-13,良,55,106,33,61,16,40,0.85,27
13,2014-09-14,优,38,27,21,37,12,34,0.76,36
14,2014-09-15,良,56,136,33,61,13,45,1.0,29
15,2014-09-16,良,55,111,35,61,13,48,1.19,17
16,2014-09-17,优,43,77,23,42,9,44,1.23,20
17,2014-09-18,优,32,22,19,30,10,42,1.0,29
18,2014-09-19,良,51,59,31,54,9,47,1.11,29
19,2014-09-20,良,51,51,30,53,6,48,0.99,26
20,2014-09-21,良,65,116,45,71,12,45,1.02,31
21,2014-09-22,良,51,55,34,50,11,45,0.76,46
22,2014-09-23,优,44,52,27,45,9,42,0.6,52
23,2014-09-24,优,46,42,27,44,7,39,0.62,50
24,2014-09-25,良,80,103,58,94,8,69,1.04,35
25,2014-09-26,轻度污染,117,158,88,145,23,61,1.29,31
26,2014-09-27,良,59,54,40,63,10,39,0.83,42
27,2014-09-28,良,54,62,30,51,10,42,0.81,54
28,2014-09-29,良,86,170,61,110,21,58,1.22,46
29,2014-09-30,良,93,184,68,114,13,65,1.24,30
0,2014-08-01,良,52,101,36,55,6,37,0.78,75
1,2014-08-02,良,76,141,43,72,9,47,1.01,79
2,2014-08-03,良,73,103,51,88,8,64,1.19,58
3,2014-08-04,良,58,55,37,62,11,38,0.83,82
4,2014-08-05,良,68,116,42,70,13,43,0.86,72
5,2014-08-06,良,75,148,50,78,27,42,0.96,81
6,2014-08-07,优,42,31,20,33,9,26,0.67,68
7,2014-08-09,优,28,8,14,26,6,31,0.81,40
8,2014-08-10,良,80,143,44,74,19,47,1.24,71
9,2014-08-11,优,45,39,21,41,12,38,0.89,45
10,2014-08-12,良,54,81,31,57,9,39,0.86,48
11,2014-08-13,良,74,150,37,61,14,55,0.87,73
12,2014-08-14,良,80,172,47,86,13,61,1.03,78
13,2014-08-15,良,71,103,47,83,13,56,0.89,65
14,2014-08-16,良,73,102,51,86,13,53,0.91,42
15,2014-08-17,良,71,122,50,84,18,45,0.91,45
16,2014-08-18,良,56,86,35,55,12,43,0.93,61
17,2014-08-19,良,63,95,40,70,14,44,0.96,62
18,2014-08-20,良,69,95,48,82,17,46,0.98,56
19,2014-08-21,良,59,45,40,65,13,43,0.89,53
20,2014-08-23,良,63,73,30,50,6,44,0.87,75
21,2014-08-24,良,75,159,45,85,16,53,1.1,67
22,2014-08-25,良,80,152,57,102,16,59,1.19,49
23,2014-08-26,良,51,35,34,56,7,39,0.86,35
24,2014-08-27,优,44,38,21,35,5,33,0.68,58
25,2014-08-28,优,45,41,25,41,8,35,0.75,52
26,2014-08-29,优,50,47,30,50,8,36,0.74,55
27,2014-08-30,良,69,130,48,77,15,47,0.96,46
28,2014-08-31,良,69,142,37,67,13,46,0.99,59
0,2014-07-01,优,43,35,21,36,7,31,0.5,68
1,2014-07-02,良,54,52,29,52,8,38,0.6,67
2,2014-07-03,良,70,88,46,84,15,59,0.91,67
3,2014-07-04,良,90,141,61,104,13,59,0.88,70
4,2014-07-05,良,67,111,43,78,12,49,0.76,77
5,2014-07-06,良,82,145,59,92,8,61,1.05,38
6,2014-07-07,良,63,66,44,70,13,50,0.93,39
7,2014-07-08,良,77,108,56,86,10,50,0.95,70
8,2014-07-09,优,47,40,32,48,13,32,0.76,51
9,2014-07-10,优,31,12,10,20,10,28,0.63,46
10,2014-07-11,优,40,32,20,40,11,42,0.74,48
11,2014-07-12,优,49,60,26,48,9,45,0.81,50
12,2014-07-13,良,63,104,30,60,19,43,0.71,67
13,2014-07-14,良,59,77,25,56,11,31,0.55,84
14,2014-07-15,良,55,76,28,55,12,30,0.64,86
15,2014-07-16,良,65,102,43,74,9,39,0.74,60
16,2014-07-17,良,85,152,53,95,12,52,0.91,78
17,2014-07-18,良,93,151,59,108,18,57,0.98,91
18,2014-07-19,良,54,72,30,55,10,34,0.74,58
19,2014-07-20,良,52,72,32,55,12,32,0.77,51
20,2014-07-21,良,67,122,42,77,17,41,0.96,59
21,2014-07-22,良,71,121,33,62,18,43,0.89,81
22,2014-07-23,良,63,117,27,57,12,41,0.82,76
23,2014-07-24,优,43,41,16,33,7,34,0.74,63
24,2014-07-25,良,76,141,33,73,13,56,1.05,78
25,2014-07-26,良,83,94,44,90,10,62,1.13,81
26,2014-07-27,轻度污染,102,127,61,115,14,58,1.14,100
27,2014-07-28,良,75,89,53,88,11,60,1.1,70
28,2014-07-29,良,97,135,67,114,15,81,1.52,62
29,2014-07-30,轻度污染,102,178,76,125,13,71,1.36,59
30,2014-07-31,优,42,36,23,42,9,39,0.83,50
0,2014-06-01,轻度污染,144,187,101,150,16,37,0.92,156
1,2014-06-02,中度污染,160,186,120,184,26,58,1.21,102
2,2014-06-03,良,71,118,50,76,15,35,0.85,46
3,2014-06-04,优,39,10,21,33,9,31,0.64,63
4,2014-06-05,良,66,67,42,72,16,52,0.89,66
5,2014-06-06,良,65,74,42,70,7,41,0.74,73
6,2014-06-07,良,82,120,52,95,13,44,0.79,90
7,2014-06-08,良,65,62,46,74,9,34,0.71,86
8,2014-06-09,良,67,98,47,76,9,52,0.86,40
9,2014-06-10,良,58,79,37,66,11,58,0.86,28
10,2014-06-11,良,68,84,45,83,16,66,0.95,29
11,2014-06-12,良,55,25,34,58,7,39,0.64,62
12,2014-06-13,良,56,36,39,58,6,35,0.7,64
13,2014-06-14,良,58,20,37,59,12,46,0.93,57
14,2014-06-15,良,68,45,48,79,13,46,1.02,50
15,2014-06-16,良,65,55,41,70,17,44,0.97,64
16,2014-06-17,良,84,127,45,75,16,49,0.93,96
17,2014-06-18,良,90,135,54,89,14,52,0.94,109
18,2014-06-19,良,71,109,45,75,19,33,0.76,81
19,2014-06-20,优,46,56,24,48,12,43,0.66,54
20,2014-06-21,良,64,115,30,52,8,39,0.65,76
21,2014-06-22,良,52,72,31,53,5,40,0.69,60
22,2014-06-23,良,51,48,31,47,12,37,0.75,68
23,2014-06-24,优,36,30,23,35,11,34,0.83,41
24,2014-06-25,优,48,52,24,42,11,43,0.92,69
25,2014-06-26,良,56,78,30,51,8,50,0.99,59
26,2014-06-27,良,71,127,49,84,11,62,1.12,46
27,2014-06-28,良,85,130,62,108,16,63,1.38,33
28,2014-06-29,优,45,34,27,45,10,40,0.8,58
29,2014-06-30,优,49,37,28,49,14,49,0.77,43
0,2014-05-01,轻度污染,114,122,82,153,24,66,1.11,71
1,2014-05-02,良,85,92,47,119,14,45,0.56,45
2,2014-05-03,良,97,144,65,139,12,52,0.69,33
3,2014-05-04,良,73,108,41,96,12,44,0.59,62
4,2014-05-05,良,65,88,30,71,9,28,0.48,97
5,2014-05-06,良,88,128,61,111,18,54,0.75,89
6,2014-05-07,中度污染,179,188,135,207,18,79,1.22,98
7,2014-05-08,中度污染,181,186,141,209,22,89,1.4,60
8,2014-05-09,中度污染,157,182,119,159,19,62,1.06,55
9,2014-05-10,良,59,89,38,62,8,40,0.77,65
10,2014-05-11,良,65,142,41,74,5,43,0.71,70
11,2014-05-12,轻度污染,119,183,85,149,24,54,0.94,83
12,2014-05-13,轻度污染,130,183,96,142,23,57,1.02,70
13,2014-05-14,轻度污染,121,167,89,131,8,70,1.07,45
14,2014-05-15,良,60,49,30,68,12,45,0.59,67
15,2014-05-16,良,91,95,66,121,14,51,0.71,81
16,2014-05-17,轻度污染,146,183,108,172,19,48,0.86,104
17,2014-05-18,中度污染,152,182,110,147,11,34,0.81,118
18,2014-05-19,轻度污染,103,131,73,114,8,36,0.77,108
19,2014-05-20,轻度污染,101,109,72,144,15,59,0.83,67
20,2014-05-21,轻度污染,107,104,80,120,6,43,0.81,82
21,2014-05-22,良,99,96,74,114,14,58,0.86,49
22,2014-05-23,良,78,104,57,89,6,42,0.82,51
23,2014-05-24,良,66,114,40,68,9,52,0.88,66
24,2014-05-25,良,86,92,58,122,8,35,0.42,52
25,2014-05-26,良,89,84,56,127,14,40,0.51,70
26,2014-05-27,轻度污染,125,122,88,197,23,57,0.74,68
27,2014-05-28,轻度污染,135,152,97,198,15,63,0.93,97
28,2014-05-29,轻度污染,109,92,74,118,11,56,0.85,92
29,2014-05-30,轻度污染,122,112,81,147,20,66,0.99,111
30,2014-05-31,轻度污染,140,143,93,136,10,36,0.82,173
0,2014-04-01,良,53,23,33,57,13,44,0.76,59
1,2014-04-02,良,71,67,51,86,13,53,0.92,61
2,2014-04-03,轻度污染,104,159,78,132,20,77,1.33,25
3,2014-04-04,良,72,59,52,78,14,50,0.91,45
4,2014-04-05,良,72,61,52,75,12,60,1.19,23
5,2014-04-06,良,89,124,64,93,10,46,1.24,52
6,2014-04-07,轻度污染,107,151,80,112,14,59,1.23,50
7,2014-04-08,中度污染,160,163,122,194,28,89,2.1,38
8,2014-04-09,轻度污染,148,154,112,173,24,75,2.01,59
9,2014-04-10,轻度污染,122,142,92,128,24,50,1.39,49
10,2014-04-11,良,58,24,36,55,11,35,1.02,69
11,2014-04-12,良,75,91,41,74,12,58,0.99,81
12,2014-04-13,轻度污染,101,135,69,122,20,70,1.21,82
13,2014-04-14,良,93,103,68,100,31,41,1.3,57
14,2014-04-15,良,75,64,55,84,23,34,1.11,40
15,2014-04-16,良,80,112,59,91,26,50,1.13,70
16,2014-04-17,良,83,95,60,96,15,53,1.19,53
17,2014-04-18,良,62,54,38,57,12,33,0.95,64
18,2014-04-19,良,53,61,16,33,8,32,0.63,87
19,2014-04-20,良,61,71,43,67,11,44,0.94,51
20,2014-04-21,优,44,22,26,43,15,36,0.99,50
21,2014-04-22,良,60,54,32,55,17,40,0.84,76
22,2014-04-23,良,97,119,72,111,15,69,1.0,61
23,2014-04-24,轻度污染,122,168,89,123,11,54,1.06,74
24,2014-04-25,良,84,124,56,110,11,38,0.65,46
25,2014-04-26,轻度污染,123,178,81,193,12,46,0.67,59
26,2014-04-27,轻度污染,103,161,59,155,21,51,0.63,52
27,2014-04-28,良,93,156,64,135,19,47,0.7,59
28,2014-04-29,良,61,20,38,72,7,30,0.57,74
29,2014-04-30,良,83,63,53,94,12,52,0.76,69
0,2014-03-01,良,72,110,49,90,20,55,1.01,31
1,2014-03-02,良,74,68,53,94,15,51,1.07,29
2,2014-03-03,良,68,60,47,70,16,43,1.12,19
3,2014-03-04,良,62,57,42,71,16,46,1.17,37
4,2014-03-05,良,87,121,64,100,21,65,1.3,21
5,2014-03-06,良,63,98,45,66,20,51,1.38,23
6,2014-03-07,良,84,132,62,92,16,53,1.44,17
7,2014-03-08,优,44,19,30,44,10,45,1.12,52
8,2014-03-09,良,94,106,70,113,18,66,1.37,26
9,2014-03-10,轻度污染,131,128,98,158,34,70,1.57,23
10,2014-03-11,轻度污染,137,142,104,160,39,72,1.49,45
11,2014-03-12,轻度污染,127,155,87,171,28,72,1.15,30
12,2014-03-13,轻度污染,118,179,76,186,24,64,0.96,35
13,2014-03-14,良,73,40,42,96,10,40,0.7,61
14,2014-03-15,轻度污染,101,98,75,129,25,70,1.12,45
15,2014-03-16,中度污染,178,181,135,222,33,85,1.53,72
16,2014-03-17,中度污染,173,147,130,198,46,76,1.37,61
17,2014-03-18,中度污染,165,121,124,191,29,97,1.49,55
18,2014-03-19,中度污染,165,179,122,212,52,74,1.5,60
19,2014-03-20,良,81,101,41,110,13,47,0.91,45
20,2014-03-21,良,68,72,37,84,13,42,0.66,46
21,2014-03-22,良,65,35,45,73,11,47,0.92,16
22,2014-03-23,良,82,64,60,84,11,53,1.08,24
23,2014-03-25,中度污染,165,148,125,190,26,78,1.57,46
24,2014-03-26,重度污染,207,166,161,224,29,85,1.8,43
25,2014-03-27,重度污染,211,171,161,238,35,100,1.91,43
26,2014-03-28,中度污染,196,181,153,228,30,88,1.79,60
27,2014-03-29,重度污染,205,180,158,251,36,103,2.18,36
28,2014-03-30,轻度污染,115,133,85,134,20,45,1.45,45
29,2014-03-31,优,49,26,28,50,12,41,1.02,46
0,2014-02-01,重度污染,210,151,160,206,13,42,1.55,46
1,2014-02-02,中度污染,193,117,145,177,13,34,1.36,48
2,2014-02-03,重度污染,201,180,152,187,14,40,1.3,45
3,2014-02-04,重度污染,207,187,157,195,15,32,1.31,40
4,2014-02-05,良,98,171,72,97,12,22,1.42,36
5,2014-02-06,优,42,73,25,41,9,20,1.33,29
6,2014-02-07,良,61,106,43,60,13,27,1.17,31
7,2014-02-08,良,100,151,74,107,25,35,1.16,25
8,2014-02-09,良,70,123,51,70,11,23,1.05,48
9,2014-02-10,轻度污染,109,172,81,103,15,31,1.4,49
10,2014-02-11,轻度污染,129,162,98,120,16,45,1.47,30
11,2014-02-12,轻度污染,132,137,100,120,16,40,1.48,42
12,2014-02-13,中度污染,168,163,127,157,16,50,1.66,45
13,2014-02-14,中度污染,151,137,114,150,28,55,1.39,37
14,2014-02-15,中度污染,179,135,136,175,36,54,1.33,40
15,2014-02-16,重度污染,201,164,152,202,26,68,1.66,29
16,2014-02-17,轻度污染,149,157,113,142,29,43,1.27,38
17,2014-02-18,轻度污染,115,167,86,106,18,53,1.5,40
18,2014-02-19,轻度污染,138,161,105,138,27,58,1.38,38
19,2014-02-20,重度污染,225,183,175,252,43,73,1.93,19
20,2014-02-21,重度污染,209,167,160,222,50,91,1.79,32
21,2014-02-22,重度污染,233,170,182,262,40,76,1.95,32
22,2014-02-23,重度污染,232,161,182,249,49,75,1.87,34
23,2014-02-24,中度污染,197,144,150,199,32,65,1.51,32
24,2014-02-25,轻度污染,140,103,107,152,26,60,1.17,17
25,2014-02-26,轻度污染,103,88,77,112,39,50,1.16,23
26,2014-02-27,良,53,29,33,60,18,45,0.94,31
27,2014-02-28,良,73,116,49,89,19,45,1.02,14
0,2014-01-01,重度污染,241,186,176,244,18,73,1.48,18
1,2014-01-02,重度污染,231,182,179,272,28,75,1.8,24
2,2014-01-03,中度污染,190,129,149,229,30,81,1.92,30
3,2014-01-04,中度污染,186,156,141,229,31,97,1.97,33
4,2014-01-05,严重污染,253,171,202,296,59,109,1.78,29
5,2014-01-06,中度污染,195,127,151,220,38,76,1.43,26
6,2014-01-07,良,99,75,74,97,19,62,1.04,26
7,2014-01-08,良,82,107,58,99,19,60,0.87,32
8,2014-01-09,轻度污染,121,154,91,153,26,59,1.03,31
9,2014-01-10,轻度污染,135,127,102,134,30,51,0.98,24
10,2014-01-11,轻度污染,117,98,88,124,24,59,1.18,22
11,2014-01-12,轻度污染,102,95,75,122,24,60,1.02,35
12,2014-01-13,轻度污染,111,116,83,131,23,70,1.0,31
13,2014-01-14,重度污染,216,162,167,257,52,87,1.67,18
14,2014-01-15,重度污染,235,141,184,265,37,80,1.67,19
15,2014-01-16,重度污染,243,153,195,289,37,84,1.74,31
16,2014-01-17,严重污染,266,164,216,304,36,91,1.78,22
17,2014-01-18,严重污染,302,173,251,338,41,72,2.06,13
18,2014-01-19,轻度污染,149,84,113,156,30,53,1.27,33
19,2014-01-20,良,78,41,54,100,16,58,1.07,34
20,2014-01-21,中度污染,151,179,114,185,36,72,1.24,37
21,2014-01-22,重度污染,242,186,193,297,37,101,1.73,39
22,2014-01-24,严重污染,272,176,222,323,46,99,1.9,42
23,2014-01-25,重度污染,242,178,192,283,39,96,1.84,31
24,2014-01-26,严重污染,264,179,214,284,37,81,1.79,44
25,2014-01-27,严重污染,346,185,296,379,24,60,1.94,20
26,2014-01-28,严重污染,352,187,304,395,25,60,2.07,34
27,2014-01-29,严重污染,333,186,283,351,15,47,1.75,33
28,2014-01-30,严重污染,343,187,293,374,11,47,1.82,28
29,2014-01-31,严重污染,451,185,396,562,18,41,1.88,27
0,2013-12-01,重度污染,210,110,160,273,39,99,2.55,36
1,2013-12-02,重度污染,225,94,206,322,38,105,2.64,30
2,2013-12-03,严重污染,274,91,218,333,37,106,2.6,34
3,2013-12-04,严重污染,267,84,234,341,51,96,2.5,23
4,2013-12-05,重度污染,248,81,153,224,38,69,1.77,28
5,2013-12-06,重度污染,206,84,174,276,44,88,2.5,39
6,2013-12-07,重度污染,233,77,195,296,47,84,1.94,34
7,2013-12-08,重度污染,234,65,159,236,43,65,1.61,22
8,2013-12-09,重度污染,218,75,113,180,33,73,1.62,31
9,2013-12-10,良,100,44,77,152,34,85,1.28,24
10,2013-12-11,轻度污染,130,79,100,176,29,78,1.51,37
11,2013-12-12,轻度污染,117,61,96,163,39,69,1.26,26
12,2013-12-13,中度污染,164,84,124,207,33,73,1.47,39
13,2013-12-14,中度污染,162,84,121,181,26,74,1.32,27
14,2013-12-15,良,99,49,53,90,17,57,0.97,30
15,2013-12-16,轻度污染,103,54,86,145,29,64,1.47,36
16,2013-12-17,轻度污染,123,75,118,188,45,84,1.7,28
17,2013-12-18,中度污染,170,90,117,173,33,79,1.6,24
18,2013-12-19,轻度污染,150,87,109,156,17,55,1.06,16
19,2013-12-20,轻度污染,134,58,105,154,20,57,1.06,19
20,2013-12-21,轻度污染,124,55,85,128,23,59,1.07,30
21,2013-12-22,轻度污染,128,53,105,149,20,55,1.16,22
22,2013-12-23,轻度污染,150,49,124,187,30,66,1.4,26
23,2013-12-24,中度污染,190,58,162,258,34,80,1.73,22
24,2013-12-25,重度污染,226,67,176,249,37,72,1.58,19
25,2013-12-26,中度污染,191,56,107,166,27,62,1.4,32
26,2013-12-27,轻度污染,131,75,107,178,26,70,1.47,33
27,2013-12-28,轻度污染,149,91,122,186,24,85,1.55,25
28,2013-12-29,中度污染,171,104,140,212,29,76,1.51,27
29,2013-12-30,重度污染,207,112,161,245,22,85,1.82,30
30,2013-12-31,重度污染,235,186,202,312,21,81,2.19,19
0,2013-11-01,良,53,10,33,57,29,52,1.28,50
1,2013-11-02,良,77,27,56,81,27,51,1.33,27
2,2013-11-03,良,60,15,40,67,28,51,1.21,24
3,2013-11-04,良,69,24,49,84,26,53,1.18,17
4,2013-11-05,良,53,8,37,56,20,44,0.94,29
5,2013-11-06,良,66,9,48,76,18,55,1.23,17
6,2013-11-07,良,81,30,76,110,22,60,0.96,12
7,2013-11-08,良,88,34,55,86,23,60,1.16,33
8,2013-11-09,良,83,36,64,93,19,62,1.23,37
9,2013-11-10,良,62,36,25,47,26,46,0.62,37
10,2013-11-11,良,52,26,28,49,26,42,0.59,28
11,2013-11-12,优,44,21,22,39,20,36,0.6,30
12,2013-11-13,优,43,30,28,45,22,38,0.71,19
13,2013-11-14,良,54,28,39,86,23,53,0.9,30
14,2013-11-15,良,87,40,68,139,34,68,1.04,29
15,2013-11-16,良,100,33,84,151,38,67,1.28,40
16,2013-11-17,轻度污染,140,100,119,184,38,79,1.68,30
17,2013-11-18,轻度污染,147,108,108,175,34,77,1.66,33
18,2013-11-19,中度污染,158,107,133,196,39,84,1.94,24
19,2013-11-20,中度污染,182,100,145,202,35,80,1.67,27
20,2013-11-21,中度污染,179,83,108,154,31,62,1.38,22
21,2013-11-22,轻度污染,108,42,69,102,23,47,1.07,12
22,2013-11-23,良,66,14,31,50,22,40,0.8,26
23,2013-11-24,良,56,8,39,93,17,38,0.51,46
24,2013-11-25,良,96,70,77,172,36,64,0.97,19
25,2013-11-26,轻度污染,124,94,100,207,44,66,1.26,17
26,2013-11-27,轻度污染,119,92,68,147,33,56,1.06,25
27,2013-11-28,良,98,107,66,153,43,57,1.27,25
28,2013-11-29,轻度污染,107,105,91,186,42,76,1.46,24
29,2013-11-30,中度污染,154,110,145,278,48,101,2.29,23
0,2013-10-28,轻度污染,143,58,108,144,23,54,0.97,29
1,2013-10-29,良,99,49,73,97,30,57,0.97,27
2,2013-10-30,优,37,2,22,34,21,41,0.73,49
3,2013-10-31,优,48,10,27,48,32,56,1.25,35
