0,2019-12-01,优,47,143,32,46,7,34,0.83,16
1,2019-12-02,良,63,244,45,74,9,52,0.92,9
2,2019-12-03,良,76,266,56,89,11,56,1.03,6
3,2019-12-04,良,94,309,70,106,11,56,1.02,6
4,2019-12-05,良,84,269,62,87,9,49,0.88,16
5,2019-12-06,良,75,251,55,83,9,57,1.03,16
6,2019-12-07,良,76,203,55,84,10,58,1.08,21
7,2019-12-08,轻度污染,105,243,78,119,13,63,1.14,8
8,2019-12-09,轻度污染,129,278,97,138,12,66,1.28,15
9,2019-12-10,轻度污染,128,278,97,138,11,73,1.26,16
0,2019-11-01,良,71,188,51,83,9,52,1.09,11
1,2019-11-02,优,47,100,31,47,5,41,0.86,13
2,2019-11-03,良,52,144,35,55,6,43,0.94,21
3,2019-11-04,良,61,167,42,70,7,48,1.03,20
4,2019-11-05,优,50,97,34,51,6,49,0.88,15
5,2019-11-06,良,57,137,40,56,5,51,0.98,32
6,2019-11-07,良,64,203,46,69,5,51,0.99,31
7,2019-11-08,良,60,173,41,67,8,56,1.06,13
8,2019-11-09,良,63,149,43,76,8,52,1.1,8
9,2019-11-10,良,75,199,54,86,7,49,1.08,20
10,2019-11-11,良,76,224,56,89,7,55,1.1,12
11,2019-11-12,良,63,161,45,64,5,45,0.99,10
12,2019-11-13,优,45,106,28,45,6,36,0.78,13
13,2019-11-14,优,44,108,23,45,7,43,0.7,21
14,2019-11-15,良,62,152,39,75,9,58,0.9,16
15,2019-11-16,良,88,273,65,111,11,57,0.97,7
16,2019-11-17,良,67,149,49,72,7,40,0.81,16
17,2019-11-18,优,33,51,19,32,4,32,0.55,24
18,2019-11-19,良,58,163,32,65,6,43,0.69,5
19,2019-11-20,良,67,194,46,84,7,38,0.77,3
20,2019-11-21,良,61,159,42,70,8,40,0.77,8
21,2019-11-22,良,66,190,48,79,8,43,0.79,5
22,2019-11-23,良,70,190,51,75,8,40,0.82,5
23,2019-11-24,优,38,101,27,36,5,32,0.68,11
24,2019-11-25,优,27,77,17,26,5,31,0.51,25
25,2019-11-26,优,30,51,20,29,5,33,0.71,6
26,2019-11-27,优,37,129,24,36,6,30,0.77,6
27,2019-11-28,优,36,131,23,35,6,29,0.79,6
28,2019-11-29,优,30,32,18,29,6,35,0.69,17
29,2019-11-30,优,44,104,28,44,7,35,0.81,10
0,2019-10-01,良,76,298,56,82,9,46,0.96,74
1,2019-10-02,良,66,251,45,65,9,30,0.81,97
2,2019-10-03,良,81,314,60,86,9,32,0.88,71
3,2019-10-04,优,44,180,31,42,5,27,0.88,28
4,2019-10-05,优,24,74,15,24,5,25,0.67,20
5,2019-10-06,优,35,172,21,35,5,28,0.77,31
6,2019-10-07,优,17,16,11,17,4,21,0.72,15
7,2019-10-08,优,26,55,13,26,5,29,0.73,18
8,2019-10-09,优,35,103,18,35,5,31,0.82,7
9,2019-10-10,优,31,59,18,31,5,30,0.74,15
10,2019-10-11,优,40,125,22,41,6,36,0.72,26
11,2019-10-12,优,45,143,24,46,5,40,0.75,15
12,2019-10-13,优,47,175,27,48,6,37,0.82,15
13,2019-10-14,优,27,60,16,27,5,36,0.86,12
14,2019-10-15,优,26,53,16,26,5,28,0.76,25
15,2019-10-16,优,19,11,10,17,4,32,0.74,27
16,2019-10-17,优,31,64,18,31,5,41,0.9,24
17,2019-10-18,优,46,130,25,46,6,43,0.94,34
18,2019-10-19,优,42,65,21,42,8,46,0.75,43
19,2019-10-20,优,42,57,26,42,6,49,0.83,15
20,2019-10-21,优,31,40,19,31,4,33,0.78,13
21,2019-10-22,优,18,10,12,17,5,31,0.8,8
22,2019-10-23,优,27,33,16,27,5,34,0.78,34
23,2019-10-24,优,37,95,21,37,7,45,0.85,19
24,2019-10-25,优,19,32,12,19,5,30,0.6,18
25,2019-10-26,优,19,34,12,19,5,30,0.65,13
26,2019-10-27,优,24,39,15,24,5,32,0.67,14
27,2019-10-28,优,40,104,24,41,6,40,0.88,18
28,2019-10-29,优,47,145,29,48,7,46,1.0,30
29,2019-10-30,良,66,150,45,77,8,63,1.16,37
30,2019-10-31,良,71,161,51,86,9,66,1.23,19
31,2019-10-31,良,71,161,51,86,9,66,1.23,19
0,2019-09-01,优,38,172,25,37,6,30,0.69,50
1,2019-09-02,良,52,288,28,47,9,39,0.82,77
2,2019-09-03,良,58,309,35,55,8,34,0.78,90
3,2019-09-04,良,53,268,32,54,8,32,0.74,82
4,2019-09-05,优,40,173,26,39,5,35,0.7,51
5,2019-09-06,良,62,281,43,66,7,41,0.87,65
6,2019-09-07,良,72,296,49,75,8,42,0.86,80
7,2019-09-08,优,44,119,31,41,5,28,0.76,37
8,2019-09-09,优,28,76,19,27,5,30,0.78,39
9,2019-09-10,优,35,149,17,33,6,41,0.94,32
10,2019-09-11,优,30,130,13,27,7,29,0.69,40
11,2019-09-12,优,25,65,10,21,5,25,0.56,51
12,2019-09-13,优,36,169,14,30,6,24,0.57,79
13,2019-09-14,优,33,158,19,33,5,19,0.52,49
14,2019-09-15,优,38,178,23,38,5,26,0.58,25
15,2019-09-16,优,29,74,16,29,5,28,0.65,34
16,2019-09-17,优,34,101,20,34,5,37,0.77,13
17,2019-09-18,优,25,52,14,25,4,32,0.7,16
18,2019-09-19,优,22,24,13,22,4,30,0.8,18
19,2019-09-20,优,24,16,14,24,4,33,0.79,29
20,2019-09-21,良,52,247,31,54,6,44,0.87,48
21,2019-09-22,良,62,299,39,70,7,57,0.96,67
22,2019-09-23,良,59,257,38,68,9,57,0.93,58
23,2019-09-24,良,63,234,44,70,8,48,0.87,36
24,2019-09-25,优,49,108,32,50,5,40,0.73,40
25,2019-09-26,良,60,194,40,69,7,52,0.91,59
26,2019-09-27,良,70,262,47,80,8,60,0.97,74
27,2019-09-28,良,77,261,50,84,9,61,1.0,83
28,2019-09-29,良,86,304,55,87,9,58,0.98,93
29,2019-09-30,良,84,308,62,102,12,79,1.15,63
0,2019-08-06,优,35,118,19,34,7,32,0.76,26
1,2019-08-07,优,29,45,16,27,5,25,0.69,46
2,2019-08-08,优,42,146,21,37,6,34,0.84,57
3,2019-08-09,优,33,105,18,32,5,31,0.77,41
4,2019-08-10,优,40,185,18,31,5,27,0.73,59
5,2019-08-11,良,59,322,20,38,6,34,0.8,88
6,2019-08-21,良,70,350,37,66,8,36,0.82,107
7,2019-08-22,良,63,282,37,64,8,34,0.78,97
8,2019-08-23,良,64,285,26,50,7,31,0.66,123
9,2019-08-24,良,74,331,32,60,9,38,0.74,127
10,2019-08-25,良,73,338,31,59,8,36,0.8,119
11,2019-08-26,良,65,318,27,51,7,35,0.82,108
12,2019-08-27,良,62,330,30,59,9,32,0.8,101
13,2019-08-28,良,65,332,46,68,8,27,0.84,85
0,2019-07-01,良,72,305,37,63,6,42,0.98,92
1,2019-07-02,良,63,232,30,56,7,41,0.89,80
2,2019-07-03,良,54,184,32,57,6,37,0.87,60
3,2019-07-04,优,33,82,21,32,4,27,0.7,40
4,2019-07-05,优,46,153,21,35,4,33,0.75,70
5,2019-07-06,良,52,197,29,52,6,45,0.88,50
6,2019-07-07,良,51,190,30,51,6,40,0.84,34
7,2019-07-12,优,23,46,15,22,4,30,0.67,44
8,2019-07-13,优,46,252,22,35,4,29,0.72,90
9,2019-07-14,良,56,277,22,41,5,36,0.78,91
10,2019-07-15,优,30,84,16,26,6,27,0.77,71
11,2019-07-16,优,35,128,21,35,5,31,0.85,34
12,2019-07-17,优,43,201,26,43,5,30,0.89,56
13,2019-07-18,优,32,133,18,31,5,37,0.97,28
14,2019-07-19,优,34,149,20,34,4,36,0.99,39
15,2019-07-20,优,33,127,18,32,6,32,0.78,39
16,2019-07-21,优,39,156,18,33,4,26,0.71,58
17,2019-07-22,优,32,119,15,29,5,25,0.66,59
18,2019-07-23,优,33,152,16,33,4,24,0.67,57
19,2019-07-24,优,44,240,23,41,5,38,0.93,58
20,2019-07-25,优,39,185,22,38,5,35,0.88,46
21,2019-07-26,优,38,174,15,29,6,25,0.66,81
0,2019-06-01,良,56,159,33,54,6,39,0.85,71
1,2019-06-02,良,66,197,34,73,6,45,0.85,89
2,2019-06-03,良,78,271,35,81,8,51,0.9,91
3,2019-06-04,良,70,231,30,62,8,42,0.88,99
4,2019-06-05,优,38,63,20,33,4,25,0.75,67
5,2019-06-06,优,44,157,24,42,6,42,0.91,57
6,2019-06-07,优,45,131,22,38,7,32,0.8,70
7,2019-06-08,优,42,119,26,41,5,28,0.85,58
8,2019-06-09,优,38,113,24,37,4,27,0.84,41
9,2019-06-10,优,39,113,23,38,5,28,0.83,42
10,2019-06-11,优,36,82,23,35,7,35,0.84,25
11,2019-06-14,优,37,155,20,37,7,28,0.79,76
12,2019-06-15,优,25,63,16,23,4,26,0.69,58
13,2019-06-17,优,35,126,24,34,4,38,0.87,27
14,2019-06-18,优,42,223,28,43,6,40,1.0,40
15,2019-06-19,优,45,254,28,47,6,38,1.0,42
16,2019-06-20,优,41,254,24,42,5,33,0.89,38
17,2019-06-25,优,44,146,27,43,5,39,0.83,34
18,2019-06-26,优,50,198,31,50,9,39,0.89,39
19,2019-06-27,良,52,196,33,54,5,34,0.91,21
20,2019-06-28,优,25,17,15,24,4,25,0.7,34
21,2019-06-29,优,33,61,18,32,5,32,0.73,43
22,2019-06-30,优,50,217,26,47,5,40,0.86,62
0,2019-05-01,优,50,105,29,51,7,34,0.8,50
1,2019-05-02,优,48,74,27,48,5,33,0.74,46
2,2019-05-03,良,53,82,31,55,6,35,0.79,38
3,2019-05-04,良,53,85,30,54,6,39,0.78,35
4,2019-05-05,优,49,127,30,50,5,35,0.8,33
5,2019-05-06,优,33,56,20,32,4,26,0.7,38
6,2019-05-07,优,34,41,19,30,4,24,0.69,65
7,2019-05-08,优,39,69,24,38,4,35,0.69,42
8,2019-05-09,良,54,145,34,56,5,44,0.83,44
9,2019-05-10,良,58,132,36,61,6,43,0.87,60
10,2019-05-11,良,70,171,48,83,8,49,0.95,73
11,2019-05-12,优,47,36,31,48,4,34,0.79,51
12,2019-05-13,良,51,77,29,55,4,32,0.69,29
13,2019-05-14,优,46,56,26,46,5,35,0.77,24
14,2019-05-15,良,52,143,31,53,5,46,1.0,18
15,2019-05-16,良,56,173,34,59,6,42,1.0,45
16,2019-05-17,良,62,235,41,67,7,37,0.91,61
17,2019-05-18,优,44,85,27,44,6,36,0.83,36
18,2019-05-19,优,41,64,26,40,4,28,0.71,31
19,2019-05-20,优,30,7,17,28,4,29,0.6,48
20,2019-05-21,良,52,98,30,54,5,38,0.73,29
21,2019-05-22,良,55,93,33,58,5,39,0.85,53
22,2019-05-23,良,60,106,36,62,8,45,0.9,65
23,2019-05-24,优,49,57,29,50,7,42,0.85,53
24,2019-05-25,良,53,136,36,54,6,38,0.93,56
25,2019-05-26,良,59,228,41,62,6,34,0.9,63
26,2019-05-27,良,68,320,46,76,5,38,0.94,43
27,2019-05-28,优,40,104,24,39,4,31,0.65,32
28,2019-05-29,优,42,106,27,41,4,31,0.71,37
29,2019-05-30,优,45,104,28,44,4,31,0.74,37
30,2019-05-31,优,48,142,28,47,5,38,0.85,49
0,2019-04-01,优,42,66,26,41,9,37,0.8,33
1,2019-04-02,优,49,107,30,50,8,40,0.81,26
2,2019-04-03,良,51,139,33,51,6,36,0.75,28
3,2019-04-04,优,43,80,27,43,5,36,0.74,24
4,2019-04-05,良,54,136,33,58,6,42,0.82,46
5,2019-04-06,良,57,132,34,62,7,47,0.78,65
6,2019-04-07,良,62,150,34,71,11,52,0.83,70
7,2019-04-08,良,59,148,30,63,9,43,0.83,76
8,2019-04-09,良,56,258,32,57,7,32,0.74,80
9,2019-04-10,优,40,68,24,39,6,31,0.82,54
10,2019-04-11,优,38,81,23,37,5,33,0.82,50
11,2019-04-12,优,43,85,23,42,7,38,0.8,52
12,2019-04-13,良,51,130,29,51,8,34,0.77,59
13,2019-04-14,优,33,26,21,32,5,29,0.66,45
14,2019-04-15,优,36,37,23,35,6,31,0.7,34
15,2019-04-16,良,51,110,34,53,6,37,0.8,54
16,2019-04-17,良,54,109,31,55,8,37,0.79,73
17,2019-04-18,良,62,155,39,73,9,54,0.96,62
18,2019-04-19,良,66,216,44,79,8,60,1.09,27
19,2019-04-20,优,36,27,23,35,5,36,0.81,36
20,2019-04-21,优,40,45,21,36,4,27,0.68,67
21,2019-04-22,良,52,141,26,47,6,43,0.85,69
22,2019-04-23,良,54,159,30,57,8,45,0.94,64
23,2019-04-24,良,60,160,32,60,7,45,0.91,71
24,2019-04-25,良,72,279,38,71,8,48,0.9,87
25,2019-04-26,良,56,217,31,54,8,36,0.82,77
26,2019-04-27,优,48,124,24,43,5,25,0.68,90
27,2019-04-28,优,41,78,25,40,5,28,0.77,39
28,2019-04-29,优,32,49,19,31,4,25,0.72,48
29,2019-04-30,良,51,164,31,51,7,41,0.89,40
0,2019-03-01,良,60,145,41,61,8,43,0.94,19
1,2019-03-02,良,63,168,45,63,8,35,0.94,16
2,2019-03-03,良,53,134,36,53,6,32,0.88,35
3,2019-03-04,良,52,94,34,55,7,42,0.85,25
4,2019-03-05,良,88,209,65,95,9,46,0.99,14
5,2019-03-06,良,63,197,44,63,6,37,0.88,12
6,2019-03-07,优,44,95,30,42,5,36,0.68,40
7,2019-03-08,良,56,145,38,53,7,36,0.73,53
8,2019-03-09,良,67,194,47,73,7,50,0.83,31
9,2019-03-10,良,74,228,53,83,7,48,0.95,50
10,2019-03-11,良,75,231,54,85,9,54,1.0,52
11,2019-03-12,良,82,284,59,98,11,67,1.07,29
12,2019-03-13,良,83,309,61,93,8,51,0.98,21
13,2019-03-14,良,51,117,35,51,6,38,0.73,23
14,2019-03-15,良,54,154,36,54,5,38,0.72,32
15,2019-03-16,良,56,126,38,60,6,44,0.73,30
16,2019-03-17,良,62,164,43,72,8,50,0.76,25
17,2019-03-18,良,63,165,43,72,7,47,0.82,41
18,2019-03-19,良,64,149,45,74,10,52,0.79,50
19,2019-03-20,良,72,236,51,79,10,42,0.82,74
20,2019-03-21,良,65,200,44,72,8,41,0.81,44
21,2019-03-22,优,38,63,23,37,5,32,0.67,27
22,2019-03-23,优,31,42,20,30,5,32,0.68,27
23,2019-03-24,优,42,69,27,41,5,36,0.69,29
24,2019-03-25,良,51,120,33,52,6,38,0.78,38
25,2019-03-26,良,55,127,34,58,9,49,0.75,35
26,2019-03-27,良,63,164,43,73,11,50,0.77,36
27,2019-03-28,良,75,249,54,92,10,53,0.87,62
28,2019-03-29,良,68,220,41,83,9,51,0.82,63
29,2019-03-30,良,66,209,38,80,8,47,0.82,32
30,2019-03-31,优,39,31,25,38,6,30,0.67,37
0,2019-02-01,优,45,83,31,41,4,31,0.97,23
1,2019-02-02,良,55,86,38,51,5,29,0.99,24
2,2019-02-03,良,75,149,54,75,5,27,0.91,43
3,2019-02-04,良,81,192,59,79,12,28,1.01,40
4,2019-02-05,良,88,137,65,87,13,25,0.9,54
5,2019-02-06,良,82,191,60,85,8,25,0.78,63
6,2019-02-07,轻度污染,104,305,77,109,11,31,0.96,56
7,2019-02-08,良,77,311,55,76,11,23,0.93,36
8,2019-02-09,良,57,213,40,54,6,17,0.99,27
9,2019-02-10,优,27,48,18,25,5,15,0.79,30
10,2019-02-11,优,37,85,25,33,5,18,0.91,25
11,2019-02-12,良,65,216,46,61,6,30,0.96,31
12,2019-02-13,良,73,245,52,72,11,36,1.07,25
13,2019-02-14,良,59,207,40,56,10,29,0.94,22
14,2019-02-15,良,67,240,47,67,10,36,1.01,19
15,2019-02-16,优,38,88,26,36,6,23,0.76,36
16,2019-02-17,优,33,63,21,31,5,19,0.65,51
17,2019-02-18,优,35,101,23,34,6,25,0.8,36
18,2019-02-19,良,64,178,45,63,8,30,0.81,41
19,2019-02-20,良,86,196,63,90,7,45,0.96,31
20,2019-02-21,轻度污染,114,251,85,116,9,50,1.11,31
21,2019-02-22,良,98,241,73,100,10,46,1.11,26
22,2019-02-23,良,58,129,40,55,6,34,0.84,25
23,2019-02-24,优,38,70,25,36,5,30,0.6,39
24,2019-02-25,良,65,169,46,66,6,42,0.78,28
25,2019-02-26,良,65,149,45,67,7,42,0.76,34
26,2019-02-27,良,83,242,61,83,9,35,0.78,25
27,2019-02-28,良,78,208,56,77,10,37,0.93,21
0,2019-01-01,良,77,216,55,76,6,37,0.82,9
1,2019-01-02,良,82,183,60,85,8,43,0.9,13
2,2019-01-03,良,85,175,62,85,9,38,0.87,15
3,2019-01-04,良,77,201,56,75,6,42,0.94,14
4,2019-01-05,良,78,217,57,83,6,51,1.02,19
5,2019-01-06,良,70,165,50,72,7,44,0.93,21
6,2019-01-07,良,91,221,67,98,9,50,1.04,17
7,2019-01-08,轻度污染,127,286,96,132,11,54,1.2,7
8,2019-01-09,优,45,108,31,41,5,38,1.15,15
9,2019-01-10,优,42,109,28,40,5,38,1.33,10
10,2019-01-11,良,66,165,47,66,6,43,1.26,15
11,2019-01-12,良,74,166,53,76,6,46,1.26,12
12,2019-01-13,良,98,179,73,108,10,56,1.52,8
13,2019-01-14,轻度污染,121,212,91,125,10,54,1.42,10
14,2019-01-15,轻度污染,145,306,109,149,10,51,1.38,7
15,2019-01-16,良,77,248,55,74,7,40,0.82,30
16,2019-01-17,良,85,203,63,87,8,46,0.89,27
17,2019-01-18,良,88,196,65,93,8,48,0.97,19
18,2019-01-19,轻度污染,122,264,92,126,8,46,0.99,12
19,2019-01-20,轻度污染,125,292,94,124,7,46,1.13,6
20,2019-01-21,良,73,190,52,73,6,41,0.89,17
21,2019-01-22,良,83,179,61,91,6,44,1.0,25
22,2019-01-23,轻度污染,101,239,75,108,11,59,1.03,19
23,2019-01-24,轻度污染,133,274,100,148,13,64,1.22,9
24,2019-01-25,中度污染,166,337,126,170,13,55,1.1,17
25,2019-01-26,中度污染,176,341,133,180,9,56,1.25,9
26,2019-01-27,轻度污染,149,325,113,147,8,53,1.16,19
27,2019-01-28,中度污染,165,332,125,168,9,55,1.23,21
28,2019-01-29,轻度污染,144,302,108,142,6,42,1.17,18
29,2019-01-30,良,75,168,54,70,4,33,1.16,10
30,2019-01-31,良,54,169,38,50,4,30,1.0,15
0,2018-12-01,良,60,87,41,66,8,45,1.0,14
1,2018-12-02,良,72,154,52,79,9,45,1.05,11
2,2018-12-03,良,65,133,43,73,7,38,0.96,15
3,2018-12-04,良,68,223,45,81,10,41,1.03,8
4,2018-12-05,优,40,69,23,39,8,34,1.03,13
5,2018-12-06,优,33,77,20,31,5,29,0.92,6
6,2018-12-07,优,28,71,17,27,4,24,0.68,18
7,2018-12-08,优,32,106,20,31,5,27,0.63,14
8,2018-12-09,优,27,72,16,26,6,25,0.69,17
9,2018-12-10,优,39,134,23,39,7,30,0.68,12
10,2018-12-11,良,62,187,43,68,9,36,0.83,6
11,2018-12-12,良,71,172,51,75,8,38,0.93,6
12,2018-12-13,良,67,131,47,77,10,47,0.98,6
13,2018-12-14,良,86,200,63,97,10,48,1.01,7
14,2018-12-15,良,97,248,72,104,9,45,0.98,7
15,2018-12-16,轻度污染,107,231,80,114,8,45,0.99,17
16,2018-12-17,轻度污染,116,286,87,120,10,59,1.09,21
17,2018-12-18,轻度污染,126,306,95,133,11,61,1.28,9
18,2018-12-19,中度污染,171,313,129,174,14,58,1.38,9
19,2018-12-20,轻度污染,134,296,102,133,11,53,1.1,17
20,2018-12-21,良,86,225,63,82,10,49,1.11,9
21,2018-12-28,优,38,95,26,36,6,31,0.76,14
22,2018-12-29,优,29,38,20,26,4,27,0.65,18
23,2018-12-30,优,50,128,35,46,5,31,0.84,12
24,2018-12-31,良,63,197,45,58,7,32,0.79,22
0,2018-11-01,轻度污染,101,334,75,117,12,60,1.25,37
1,2018-11-02,良,72,234,51,81,12,57,0.93,49
2,2018-11-03,良,60,172,37,68,11,58,0.73,60
3,2018-11-04,良,95,323,70,113,16,72,0.98,23
4,2018-11-05,良,65,290,47,63,6,39,0.72,18
5,2018-11-06,优,28,54,18,26,4,27,0.52,18
6,2018-11-07,优,26,55,17,25,5,29,0.62,14
7,2018-11-08,优,38,128,25,35,7,31,0.66,36
8,2018-11-09,良,53,174,34,57,10,54,0.87,12
9,2018-11-10,良,64,210,45,68,7,43,0.8,15
10,2018-11-11,良,70,234,50,77,10,44,0.87,15
11,2018-11-12,良,89,279,65,97,11,48,1.02,15
12,2018-11-13,良,63,208,44,65,11,41,0.96,9
13,2018-11-14,优,49,119,32,50,10,38,0.94,8
14,2018-11-15,良,57,203,38,61,9,39,0.96,8
15,2018-11-16,优,40,186,25,39,6,30,0.88,6
16,2018-11-17,优,24,49,15,23,5,24,0.68,6
17,2018-11-18,优,25,54,16,23,4,24,0.56,22
18,2018-11-19,优,46,132,30,46,8,37,0.72,7
19,2018-11-20,良,63,209,43,71,9,41,0.9,6
20,2018-11-21,良,70,266,50,73,8,39,0.93,8
21,2018-11-22,良,75,257,54,80,9,42,1.04,6
22,2018-11-23,良,63,156,43,68,9,39,0.98,18
23,2018-11-24,良,74,164,53,79,9,42,0.93,10
24,2018-11-25,良,80,167,59,90,9,47,1.04,19
25,2018-11-26,良,75,129,54,79,9,45,0.96,17
26,2018-11-27,良,87,171,64,93,6,51,0.91,20
27,2018-11-28,良,83,171,60,92,8,49,1.06,17
28,2018-11-29,良,96,218,71,105,8,48,1.03,8
29,2018-11-30,良,52,57,36,53,6,41,0.98,8
0,2018-10-01,优,45,151,28,44,5,34,0.71,26
1,2018-10-02,优,34,36,21,33,5,31,0.59,28
2,2018-10-03,优,29,18,19,27,4,31,0.62,25
3,2018-10-04,优,41,50,25,41,5,35,0.62,21
4,2018-10-05,良,60,168,38,66,8,45,0.77,17
5,2018-10-06,良,59,152,41,61,6,43,0.77,16
6,2018-10-07,优,47,102,32,47,4,46,0.86,10
7,2018-10-08,优,44,83,29,43,5,37,0.78,24
8,2018-10-09,优,48,133,32,47,5,40,0.74,31
9,2018-10-10,良,52,207,32,53,6,43,0.76,41
10,2018-10-11,良,65,305,43,79,9,61,1.01,31
11,2018-10-12,良,82,329,59,101,11,62,1.08,17
12,2018-10-13,优,43,68,29,42,6,36,0.63,54
13,2018-10-14,优,44,111,27,43,6,39,0.71,29
14,2018-10-15,良,57,229,39,61,6,51,0.95,19
15,2018-10-16,良,68,272,48,76,11,56,1.29,7
16,2018-10-17,良,62,240,43,68,11,47,1.13,14
17,2018-10-18,优,46,153,27,45,7,47,0.77,23
18,2018-10-19,优,37,59,25,34,5,28,0.72,51
19,2018-10-20,优,31,37,20,30,6,31,0.82,35
20,2018-10-21,优,38,81,22,38,6,37,0.84,17
21,2018-10-22,良,53,174,32,55,7,44,1.04,9
22,2018-10-23,良,54,181,35,56,6,46,1.02,9
23,2018-10-24,良,54,154,35,57,9,39,0.99,10
24,2018-10-25,良,54,122,35,55,6,33,0.86,9
25,2018-10-26,良,64,251,44,73,9,42,1.09,7
26,2018-10-27,良,62,239,43,69,9,38,1.05,7
27,2018-10-28,良,64,227,45,71,7,38,0.98,7
28,2018-10-29,轻度污染,103,359,77,118,8,74,1.16,31
29,2018-10-30,轻度污染,105,354,78,120,12,51,1.13,24
30,2018-10-31,轻度污染,101,347,75,117,9,60,1.25,27
0,2018-09-02,优,50,236,13,27,6,19,0.58,99
1,2018-09-03,良,59,271,27,49,6,35,0.73,91
2,2018-09-04,良,73,332,33,52,8,29,0.74,96
3,2018-09-05,良,54,210,27,48,8,27,0.67,75
4,2018-09-06,优,30,46,19,29,4,23,0.53,46
5,2018-09-07,优,27,33,15,23,3,23,0.52,49
6,2018-09-08,优,39,119,23,37,6,28,0.6,47
7,2018-09-09,优,50,186,28,49,7,39,0.7,40
8,2018-09-10,优,41,82,28,39,4,28,0.67,52
9,2018-09-11,优,48,147,32,46,5,38,0.8,30
10,2018-09-12,优,38,90,25,36,4,34,0.84,28
11,2018-09-13,优,42,138,27,41,7,27,0.74,29
12,2018-09-14,优,38,87,23,37,5,35,0.79,20
13,2018-09-15,优,48,194,27,48,5,39,0.89,16
14,2018-09-16,优,40,176,23,39,4,30,0.71,17
15,2018-09-17,优,46,221,27,45,5,32,0.79,11
16,2018-09-18,优,42,198,26,43,5,39,1.0,17
17,2018-09-19,良,53,257,29,52,7,39,0.95,56
18,2018-09-20,优,41,138,24,40,5,27,0.79,30
19,2018-09-21,优,36,77,19,36,6,37,0.72,39
20,2018-09-22,良,52,221,28,52,7,50,0.89,18
21,2018-09-23,优,47,164,26,46,10,36,0.91,50
22,2018-09-24,优,32,81,18,31,6,32,0.74,23
23,2018-09-25,优,22,15,14,21,4,34,0.8,34
24,2018-09-26,优,27,29,15,26,4,28,0.85,41
25,2018-09-27,优,26,24,15,25,5,32,0.74,32
26,2018-09-28,优,27,19,16,26,4,40,0.81,21
27,2018-09-29,优,47,152,26,47,5,48,0.98,29
28,2018-09-30,良,63,244,42,71,8,52,1.07,17
0,2018-08-01,优,47,150,22,37,6,28,0.7,71
1,2018-08-02,优,34,60,17,29,5,22,0.65,59
2,2018-08-03,优,42,150,20,38,7,32,0.68,58
3,2018-08-04,良,66,287,22,38,5,25,0.66,112
4,2018-08-05,良,62,260,22,37,5,29,0.69,100
5,2018-08-06,良,73,307,31,52,8,38,0.86,96
6,2018-08-07,良,55,217,28,48,7,33,0.8,77
7,2018-08-08,优,46,126,21,39,7,32,0.71,67
8,2018-08-09,良,66,253,23,45,5,35,0.75,90
9,2018-08-10,良,78,283,22,44,9,29,0.67,119
10,2018-08-11,良,73,256,24,46,7,33,0.68,103
11,2018-08-12,良,71,273,30,57,7,45,0.78,97
12,2018-08-13,良,97,362,39,73,8,47,0.85,120
13,2018-08-14,良,90,353,44,78,7,41,0.91,115
14,2018-08-15,良,63,314,32,53,6,36,0.85,99
15,2018-08-16,良,70,343,32,56,7,32,0.81,106
16,2018-08-17,良,68,325,31,51,6,30,0.84,101
17,2018-08-18,良,69,338,28,46,6,31,0.8,106
18,2018-08-19,良,88,363,32,58,8,40,0.85,125
19,2018-08-20,良,89,357,33,64,7,45,0.85,112
20,2018-08-21,良,70,294,22,42,7,40,0.8,108
21,2018-08-22,优,44,107,27,45,5,33,0.78,65
22,2018-08-23,良,60,206,25,42,7,27,0.73,97
23,2018-08-25,良,84,286,33,55,9,34,0.79,130
24,2018-08-27,轻度污染,101,331,38,67,9,40,0.8,143
25,2018-08-29,轻度污染,106,344,45,78,9,40,0.91,148
26,2018-08-31,良,59,281,20,36,6,25,0.57,111
0,2018-07-01,优,50,189,22,42,7,27,0.8,79
1,2018-07-02,优,38,103,16,36,8,24,0.74,56
2,2018-07-03,优,31,51,16,30,5,27,0.8,34
3,2018-07-04,良,53,213,34,56,6,42,1.07,26
4,2018-07-05,良,53,237,34,54,5,36,1.01,38
5,2018-07-06,良,56,260,34,59,6,43,1.04,34
6,2018-07-07,优,40,194,23,39,5,34,0.89,46
7,2018-07-08,良,69,333,32,54,6,30,0.88,84
8,2018-07-09,优,48,254,21,36,5,25,0.81,77
9,2018-07-10,优,42,177,21,39,6,26,0.74,54
10,2018-07-11,优,46,182,17,34,6,24,0.58,82
11,2018-07-12,优,48,229,20,36,6,19,0.62,86
12,2018-07-13,良,78,351,30,54,8,29,0.71,109
13,2018-07-14,良,66,322,30,55,8,31,0.72,88
14,2018-07-15,优,41,139,17,34,7,23,0.52,62
15,2018-07-16,优,40,136,16,33,8,27,0.5,65
16,2018-07-17,良,56,245,24,50,10,36,0.67,80
17,2018-07-18,良,58,253,29,52,8,29,0.64,77
18,2018-07-19,优,50,194,21,42,7,26,0.54,80
19,2018-07-20,优,47,149,17,36,8,26,0.48,74
20,2018-07-21,良,68,255,23,47,8,30,0.55,103
21,2018-07-22,良,80,328,28,56,9,32,0.67,114
22,2018-07-23,良,70,299,32,57,8,35,0.68,99
23,2018-07-24,良,87,352,34,59,9,31,0.67,124
24,2018-07-25,良,89,344,40,70,10,34,0.82,122
25,2018-07-26,良,66,268,30,52,8,32,0.75,95
26,2018-07-27,良,57,256,21,39,8,24,0.6,93
27,2018-07-28,良,55,205,23,44,8,29,0.61,85
28,2018-07-29,优,50,141,20,38,8,22,0.51,81
29,2018-07-30,优,36,74,19,34,6,25,0.58,46
30,2018-07-31,优,38,90,18,29,5,28,0.63,73
0,2018-06-01,优,41,47,23,40,8,42,0.8,29
1,2018-06-02,良,52,86,31,55,8,46,0.86,54
2,2018-06-03,良,70,164,48,77,10,50,1.01,63
3,2018-06-04,良,54,101,34,57,7,36,0.75,68
4,2018-06-05,良,72,211,30,56,7,46,0.83,93
5,2018-06-06,良,98,275,36,70,10,58,0.98,125
6,2018-06-07,轻度污染,110,313,38,72,11,53,0.97,146
7,2018-06-08,良,60,212,34,64,10,46,0.81,63
8,2018-06-09,良,67,298,25,42,7,27,0.6,109
9,2018-06-10,良,90,357,33,63,12,45,0.76,123
10,2018-06-11,良,61,151,37,67,11,57,0.94,69
11,2018-06-12,优,45,63,18,27,6,28,0.69,86
12,2018-06-13,良,55,151,34,52,7,41,0.9,66
13,2018-06-14,良,52,124,33,49,8,35,0.81,65
14,2018-06-15,优,44,77,27,44,8,44,0.72,48
15,2018-06-16,良,68,221,47,79,10,51,0.93,18
16,2018-06-17,优,44,70,28,44,5,32,0.78,45
17,2018-06-18,优,44,77,30,45,5,35,0.88,31
18,2018-06-19,优,48,154,32,49,5,38,1.03,51
19,2018-06-20,良,52,205,34,53,5,51,1.22,39
20,2018-06-21,优,30,24,17,29,5,31,0.88,29
21,2018-06-22,优,27,11,15,26,5,33,0.89,31
22,2018-06-23,优,49,160,21,39,7,37,1.02,53
23,2018-06-24,优,35,89,14,30,7,33,0.78,43
24,2018-06-25,优,30,70,11,25,7,25,0.62,43
25,2018-06-26,优,32,73,11,25,6,24,0.57,50
26,2018-06-27,优,42,131,13,27,7,25,0.61,71
27,2018-06-28,良,60,264,17,37,8,29,0.63,90
28,2018-06-29,良,70,251,31,64,9,38,0.85,88
29,2018-06-30,优,49,168,26,49,6,32,0.81,52
0,2018-05-01,良,66,195,46,70,7,41,0.91,62
1,2018-05-02,良,51,90,29,52,5,44,0.78,67
2,2018-05-03,良,54,90,28,58,9,53,0.88,41
3,2018-05-04,优,47,51,24,44,9,32,0.77,68
4,2018-05-05,优,48,76,29,49,7,34,0.81,43
5,2018-05-06,良,56,177,24,60,6,26,0.56,77
6,2018-05-07,良,74,275,30,72,9,41,0.73,107
7,2018-05-08,良,52,113,23,47,9,38,0.75,69
8,2018-05-09,优,41,47,26,39,5,32,0.68,61
9,2018-05-10,优,39,37,23,37,7,33,0.72,46
10,2018-05-11,优,36,17,23,35,5,35,0.83,40
11,2018-05-12,良,75,232,35,60,6,50,1.0,78
12,2018-05-13,良,86,257,36,75,10,63,0.98,97
13,2018-05-14,良,72,168,28,65,12,63,0.97,88
14,2018-05-15,良,90,297,31,69,12,56,0.9,124
15,2018-05-16,良,94,314,34,75,13,51,0.93,116
16,2018-05-17,良,56,147,24,52,9,38,0.79,72
17,2018-05-18,优,48,58,25,40,6,35,0.76,88
18,2018-05-19,良,51,113,28,47,7,37,0.87,76
19,2018-05-20,优,50,147,15,29,6,29,0.78,88
20,2018-05-21,良,56,231,21,43,7,29,0.87,85
21,2018-05-22,优,30,17,13,25,5,21,0.64,50
22,2018-05-23,优,46,61,17,44,8,28,0.65,61
23,2018-05-24,优,30,11,16,29,5,36,0.84,28
24,2018-05-25,良,51,106,33,55,7,41,0.95,56
25,2018-05-26,良,65,215,42,78,7,42,0.86,36
26,2018-05-27,良,54,105,27,62,5,33,0.65,57
27,2018-05-28,良,76,158,37,99,11,51,0.91,61
28,2018-05-29,良,80,205,45,107,11,68,1.06,26
29,2018-05-30,良,62,161,34,72,9,62,0.89,34
30,2018-05-31,良,53,106,35,57,6,45,0.87,44
0,2018-04-01,优,50,28,28,52,6,35,0.89,46
1,2018-04-02,良,59,44,28,65,9,48,0.96,71
2,2018-04-03,良,66,109,27,76,10,55,0.95,71
3,2018-04-04,良,65,170,33,79,11,53,0.96,63
4,2018-04-05,优,39,24,21,35,5,24,0.74,56
5,2018-04-05,优,39,24,21,35,5,24,0.74,56
6,2018-04-06,优,36,7,13,30,5,25,0.62,55
7,2018-04-07,良,69,171,26,86,7,32,0.67,60
8,2018-04-08,良,77,183,32,101,13,57,0.87,72
9,2018-04-09,良,82,194,39,112,13,62,0.95,78
10,2018-04-10,良,91,220,53,130,14,68,1.09,76
11,2018-04-11,良,88,226,60,125,13,58,1.05,60
12,2018-04-12,良,64,152,41,77,12,52,0.98,37
13,2018-04-13,优,35,30,22,34,6,31,0.84,30
14,2018-04-14,优,29,15,9,15,4,22,0.5,55
15,2018-04-15,优,38,33,18,38,6,32,0.59,52
16,2018-04-16,良,56,59,25,57,10,45,0.79,61
17,2018-04-17,良,60,52,23,58,11,48,0.78,79
18,2018-04-18,良,80,119,33,76,13,57,0.94,93
19,2018-04-19,良,61,53,24,59,10,39,0.81,91
20,2018-04-20,良,57,67,36,62,7,35,0.86,60
21,2018-04-21,良,60,159,40,65,8,34,0.96,57
22,2018-04-22,优,46,105,30,45,6,29,0.96,56
23,2018-04-23,良,56,220,36,59,8,55,1.1,29
24,2018-04-24,优,29,10,18,28,4,30,0.82,34
25,2018-04-25,优,19,2,10,18,4,26,0.69,28
26,2018-04-26,优,37,19,18,34,5,32,0.73,56
27,2018-04-27,良,61,107,29,59,10,50,0.89,69
28,2018-04-28,良,55,53,28,56,10,46,0.91,58
29,2018-04-29,良,73,142,31,59,11,36,0.81,93
30,2018-04-30,良,84,237,42,77,14,47,0.89,100
0,2018-03-01,良,64,169,45,71,9,44,1.0,68
1,2018-03-02,良,60,134,39,60,10,37,0.96,51
2,2018-03-03,优,44,38,26,44,9,36,0.98,39
3,2018-03-04,良,66,224,40,81,10,44,0.99,36
4,2018-03-05,优,36,43,18,35,10,35,0.68,35
5,2018-03-06,优,31,25,20,30,5,36,0.8,21
6,2018-03-07,优,25,11,15,24,5,32,0.74,26
7,2018-03-08,优,44,108,21,46,7,40,0.84,35
8,2018-03-09,良,58,130,22,65,10,49,0.88,60
9,2018-03-10,良,58,53,29,65,11,49,0.79,56
10,2018-03-11,良,68,123,45,82,12,57,0.96,42
11,2018-03-12,良,83,205,61,105,15,66,1.19,27
12,2018-03-13,良,85,213,63,87,7,59,1.16,26
13,2018-03-14,良,80,213,59,84,10,47,1.31,49
14,2018-03-15,良,60,145,40,62,9,48,1.04,58
15,2018-03-16,良,57,196,34,61,8,43,0.89,66
16,2018-03-17,优,40,18,20,39,9,30,0.77,68
17,2018-03-18,优,33,26,19,32,7,30,0.8,22
18,2018-03-19,优,33,32,18,33,6,32,0.79,39
19,2018-03-20,优,36,53,18,33,7,36,0.86,46
20,2018-03-21,优,45,57,20,46,8,45,0.86,45
21,2018-03-22,良,66,120,31,80,10,56,1.02,47
22,2018-03-23,良,81,165,45,111,13,77,1.15,25
23,2018-03-24,良,63,71,43,72,7,54,1.05,14
24,2018-03-25,良,59,59,41,64,6,44,1.02,27
25,2018-03-26,良,64,90,43,73,10,51,1.25,32
26,2018-03-27,良,84,208,62,97,10,58,1.24,21
27,2018-03-28,优,50,33,35,50,6,49,1.1,21
28,2018-03-29,优,46,36,28,47,6,50,1.0,40
29,2018-03-30,优,50,43,27,53,9,57,1.14,29
30,2018-03-31,优,45,28,26,46,8,49,1.09,14
0,2018-02-01,良,86,186,62,104,14,64,1.07,16
1,2018-02-02,轻度污染,115,308,86,132,15,58,1.14,21
2,2018-02-03,良,81,291,56,93,10,49,0.88,39
3,2018-02-04,良,63,143,40,73,9,40,0.68,50
4,2018-02-05,良,75,232,54,86,9,50,0.78,30
5,2018-02-06,良,98,301,73,109,10,56,1.04,20
6,2018-02-07,轻度污染,137,343,104,148,14,61,1.18,21
7,2018-02-08,轻度污染,126,319,95,132,12,57,1.09,32
8,2018-02-09,轻度污染,114,188,85,122,11,58,1.02,37
9,2018-02-10,良,81,163,60,80,8,45,0.93,19
10,2018-02-11,优,46,40,30,44,5,38,0.87,13
11,2018-02-12,良,54,78,37,56,5,39,1.01,10
12,2018-02-13,良,71,155,51,70,9,37,1.18,19
13,2018-02-14,良,86,215,63,86,7,41,1.17,30
14,2018-02-15,良,99,264,74,105,8,34,1.08,50
15,2018-02-16,中度污染,164,255,126,159,18,30,1.26,47
16,2018-02-17,轻度污染,131,289,98,123,11,40,1.39,29
17,2018-02-18,轻度污染,111,296,83,107,9,39,1.34,28
18,2018-02-19,良,64,212,45,60,6,22,0.98,54
19,2018-02-20,良,53,118,37,48,5,22,1.14,45
20,2018-02-21,优,28,12,19,26,5,25,1.19,23
21,2018-02-22,优,28,35,19,26,5,26,0.89,30
22,2018-02-23,优,36,58,24,35,7,28,0.94,35
23,2018-02-24,优,49,118,33,46,7,33,1.0,43
24,2018-02-25,良,51,83,34,49,10,43,1.23,48
25,2018-02-26,良,57,110,39,60,10,59,1.24,24
26,2018-02-27,良,79,220,57,86,10,58,1.21,17
27,2018-02-28,良,74,217,54,79,10,46,1.25,37
0,2018-01-01,良,90,120,65,105,13,58,1.29,10
1,2018-01-02,良,94,190,70,111,15,53,1.28,7
2,2018-01-03,良,57,169,40,56,8,43,1.06,6
3,2018-01-04,优,22,20,14,19,5,36,1.04,12
4,2018-01-05,优,29,26,19,27,6,34,1.23,7
5,2018-01-06,优,27,33,17,26,6,34,1.03,8
6,2018-01-07,优,34,77,23,33,7,32,0.95,9
7,2018-01-08,良,56,132,38,58,10,39,0.91,33
8,2018-01-09,良,70,272,48,81,12,53,1.08,28
9,2018-01-10,良,77,301,55,96,13,67,1.06,30
10,2018-01-11,良,85,305,62,108,15,78,1.16,30
11,2018-01-12,良,96,295,71,118,14,75,1.19,26
12,2018-01-13,中度污染,188,347,144,207,21,82,1.49,9
13,2018-01-14,中度污染,173,324,130,183,19,74,1.37,27
14,2018-01-15,中度污染,169,294,129,191,18,87,1.59,13
15,2018-01-16,轻度污染,104,178,77,100,8,51,1.14,24
16,2018-01-17,良,76,78,55,77,8,52,1.21,17
17,2018-01-18,轻度污染,123,207,92,128,10,61,1.48,9
18,2018-01-19,轻度污染,110,176,82,116,11,55,1.31,12
19,2018-01-20,良,80,127,59,84,10,47,1.24,7
20,2018-01-21,轻度污染,101,205,75,105,10,55,1.31,18
21,2018-01-22,良,71,164,51,75,10,54,1.45,10
22,2018-01-23,良,87,227,64,103,13,60,1.7,7
23,2018-01-24,良,55,147,38,51,7,44,1.28,7
24,2018-01-25,优,21,8,14,20,5,30,1.24,10
25,2018-01-26,优,32,40,22,30,5,31,0.99,13
26,2018-01-27,优,31,28,19,30,6,29,0.78,25
27,2018-01-28,良,60,165,41,59,9,38,0.9,13
28,2018-01-29,良,68,165,49,69,11,48,1.08,11
29,2018-01-30,良,60,96,42,61,10,45,0.98,17
30,2018-01-31,良,75,163,51,81,13,44,0.9,37
0,2017-12-01,优,46,103,30,45,10,40,0.88,6
1,2017-12-02,良,52,93,35,55,14,45,0.91,9
2,2017-12-03,良,73,174,52,85,16,47,1.01,10
3,2017-12-04,良,87,243,64,96,13,49,1.18,8
4,2017-12-05,轻度污染,101,272,75,111,14,51,1.26,6
5,2017-12-06,良,82,144,60,89,12,52,1.04,9
6,2017-12-07,良,89,169,65,98,14,54,1.08,8
7,2017-12-08,良,63,131,44,59,8,46,0.88,11
8,2017-12-09,良,55,39,35,57,11,49,0.81,25
9,2017-12-10,良,75,137,54,82,10,55,0.82,24
10,2017-12-11,轻度污染,101,277,75,115,14,63,1.17,8
11,2017-12-12,轻度污染,119,330,89,135,15,63,1.33,8
12,2017-12-13,良,69,164,49,76,9,51,0.78,26
13,2017-12-14,良,65,168,46,69,13,48,0.83,16
14,2017-12-15,良,78,226,57,84,11,45,0.91,14
15,2017-12-16,良,92,277,68,97,16,49,1.04,14
16,2017-12-17,良,67,177,47,67,11,50,0.95,12
17,2017-12-18,良,86,280,63,99,15,55,1.02,12
18,2017-12-19,良,100,314,75,118,13,67,1.23,18
19,2017-12-20,轻度污染,134,349,101,144,10,67,1.24,26
20,2017-12-21,轻度污染,120,320,90,127,9,54,1.04,36
21,2017-12-22,中度污染,177,343,134,196,9,69,1.31,15
22,2017-12-23,中度污染,186,314,140,204,13,78,1.5,17
23,2017-12-24,中度污染,174,330,131,186,14,85,1.66,17
24,2017-12-25,中度污染,183,359,138,188,10,63,1.54,21
25,2017-12-26,中度污染,192,356,146,205,11,66,1.54,17
26,2017-12-27,重度污染,203,338,153,212,14,65,1.77,11
27,2017-12-28,重度污染,201,309,153,225,14,66,1.78,11
28,2017-12-29,轻度污染,135,209,101,145,9,50,1.53,10
29,2017-12-30,轻度污染,103,173,60,153,8,46,0.95,20
30,2017-12-31,良,77,99,51,97,10,46,1.12,22
0,2017-11-01,良,95,224,70,109,11,50,1.14,22
1,2017-11-02,轻度污染,108,254,80,127,13,62,1.27,37
2,2017-11-03,轻度污染,102,245,76,119,11,66,1.3,32
3,2017-11-04,良,92,290,68,106,9,53,1.22,30
4,2017-11-05,良,86,240,62,103,10,58,1.22,45
5,2017-11-06,轻度污染,111,267,83,138,15,77,1.42,36
6,2017-11-07,轻度污染,131,273,99,152,14,68,1.46,50
7,2017-11-08,轻度污染,119,262,89,140,12,67,1.42,52
8,2017-11-09,良,95,249,70,109,14,65,1.19,44
9,2017-11-10,良,74,215,51,79,11,47,0.88,18
10,2017-11-11,良,58,171,31,64,12,50,0.76,12
11,2017-11-12,良,58,130,36,63,12,40,0.89,8
12,2017-11-13,良,65,174,44,77,12,46,0.93,17
13,2017-11-14,良,60,184,40,68,10,44,1.12,11
14,2017-11-15,优,46,105,25,45,10,40,0.89,15
15,2017-11-16,优,50,107,25,50,13,45,0.89,13
16,2017-11-17,良,61,171,39,70,12,45,0.93,12
17,2017-11-18,优,37,86,24,37,8,36,0.92,10
18,2017-11-19,良,55,175,37,61,10,36,0.84,33
19,2017-11-20,良,54,163,37,55,8,38,0.91,16
20,2017-11-21,优,39,65,22,38,7,44,0.65,19
21,2017-11-22,良,54,149,33,55,10,46,0.77,8
22,2017-11-23,优,41,73,27,39,7,43,0.65,14
23,2017-11-24,优,48,92,30,48,8,41,0.63,23
24,2017-11-25,良,65,141,46,74,10,54,0.84,19
25,2017-11-26,良,76,205,55,88,11,58,0.95,28
26,2017-11-27,良,95,255,70,109,16,67,1.1,13
27,2017-11-28,轻度污染,124,280,94,142,18,58,1.22,7
28,2017-11-29,轻度污染,118,303,89,126,15,53,1.15,6
29,2017-11-30,良,73,279,52,75,10,41,0.86,9
0,2017-10-01,优,41,97,21,40,8,36,0.85,16
1,2017-10-02,良,54,252,32,57,9,43,1.01,19
2,2017-10-03,优,26,33,15,25,6,26,0.81,15
3,2017-10-05,优,15,1,8,12,4,26,0.76,18
4,2017-10-06,优,29,28,15,28,7,35,0.96,13
5,2017-10-07,优,47,116,26,47,10,37,1.05,15
6,2017-10-08,良,55,185,32,56,9,37,1.01,38
7,2017-10-09,良,62,275,41,71,9,36,1.03,56
8,2017-10-10,优,32,136,18,32,6,26,0.62,20
9,2017-10-11,优,20,12,9,14,5,31,0.6,22
10,2017-10-12,优,15,3,8,13,5,28,0.71,11
11,2017-10-13,优,20,6,10,17,5,35,0.83,12
12,2017-10-14,优,17,3,8,13,5,31,0.79,19
13,2017-10-15,优,22,10,12,21,8,31,0.73,20
14,2017-10-16,优,27,50,14,26,11,33,0.75,24
15,2017-10-17,优,18,4,10,16,6,26,0.72,24
16,2017-10-18,优,21,8,12,20,6,32,0.71,17
17,2017-10-19,优,35,66,17,34,8,40,0.81,19
18,2017-10-20,优,48,121,26,50,12,48,1.01,13
19,2017-10-21,良,60,170,41,64,9,46,1.06,12
20,2017-10-22,优,24,14,14,22,6,36,0.72,28
21,2017-10-23,优,29,20,16,27,7,40,0.74,22
22,2017-10-24,优,41,41,22,41,10,42,0.86,26
23,2017-10-25,良,56,81,39,57,8,46,0.97,32
24,2017-10-26,良,52,54,35,53,7,43,1.01,20
25,2017-10-27,良,51,46,33,52,8,45,1.16,26
26,2017-10-28,良,63,90,43,69,11,50,1.16,32
27,2017-10-29,轻度污染,108,347,80,118,13,49,1.29,19
28,2017-10-30,良,88,317,64,101,12,52,1.15,42
29,2017-10-31,良,74,171,52,89,13,60,1.06,50
0,2017-09-01,优,19,6,10,18,5,23,0.85,24
1,2017-09-02,优,14,1,7,12,5,21,0.76,26
2,2017-09-03,优,32,41,15,31,7,36,0.91,30
3,2017-09-04,优,35,81,16,34,8,36,0.96,19
4,2017-09-05,优,16,1,7,14,5,26,0.84,22
5,2017-09-06,优,28,18,12,27,7,31,0.75,33
6,2017-09-07,良,59,242,24,49,9,42,0.96,71
7,2017-09-08,良,55,193,28,59,10,57,1.11,21
8,2017-09-09,优,34,50,18,33,6,36,0.85,26
9,2017-09-10,优,27,21,11,23,7,25,0.69,40
10,2017-09-11,优,45,162,20,43,8,41,0.96,53
11,2017-09-12,良,64,221,22,53,10,50,0.89,74
12,2017-09-13,良,62,175,29,58,10,45,0.83,76
13,2017-09-14,良,52,118,25,48,9,39,0.82,68
14,2017-09-15,良,90,331,60,93,10,43,0.99,73
15,2017-09-16,良,77,268,43,73,10,39,0.86,82
16,2017-09-17,良,93,300,68,108,12,42,1.02,71
17,2017-09-18,良,61,133,40,62,8,36,0.95,24
18,2017-09-19,优,29,18,16,28,7,29,0.83,19
19,2017-09-20,优,28,22,14,26,6,33,0.72,32
20,2017-09-21,优,35,45,18,34,7,36,0.82,28
21,2017-09-22,优,39,40,20,38,8,35,0.8,30
22,2017-09-23,优,29,20,16,28,7,30,0.74,23
23,2017-09-24,优,28,31,13,27,7,35,0.78,21
24,2017-09-25,优,44,152,20,43,9,40,0.89,22
25,2017-09-26,良,60,259,35,67,11,42,1.04,42
26,2017-09-27,优,34,69,19,34,7,29,0.72,15
27,2017-09-28,优,28,24,14,27,6,33,0.67,24
28,2017-09-29,优,27,20,14,26,7,36,0.81,20
29,2017-09-30,优,18,4,9,17,6,28,0.72,20
0,2017-08-01,良,93,337,31,61,12,35,0.81,122
1,2017-08-02,良,77,344,33,63,10,39,0.83,108
2,2017-08-03,良,87,342,37,71,10,42,0.93,103
3,2017-08-04,良,71,267,33,62,10,40,0.82,81
4,2017-08-05,良,74,277,24,46,9,26,0.7,98
5,2017-08-06,良,63,230,22,43,9,32,0.69,84
6,2017-08-07,良,65,251,22,46,14,29,0.74,93
7,2017-08-08,优,33,60,19,32,7,22,0.64,46
8,2017-08-09,良,62,262,27,46,9,33,0.76,83
9,2017-08-10,良,78,292,39,73,11,50,0.99,92
10,2017-08-11,优,45,128,25,44,6,29,0.69,69
11,2017-08-12,优,36,85,21,35,5,26,0.65,59
12,2017-08-13,良,69,328,29,54,8,36,0.78,86
13,2017-08-14,良,77,342,34,65,8,44,0.86,94
14,2017-08-15,良,61,250,21,47,9,36,0.79,81
15,2017-08-16,良,63,255,29,59,10,36,0.81,79
16,2017-08-17,优,50,184,20,48,11,36,0.72,58
17,2017-08-18,优,38,95,9,26,9,24,0.54,66
18,2017-08-19,良,61,281,12,36,12,28,0.66,94
19,2017-08-20,良,60,271,17,43,13,30,0.67,84
20,2017-08-21,良,61,225,17,40,11,27,0.68,92
21,2017-08-22,良,51,173,15,37,10,26,0.67,81
22,2017-08-23,良,86,350,32,62,7,33,0.91,138
23,2017-08-24,优,48,219,29,48,7,32,0.89,58
24,2017-08-25,优,27,31,10,18,5,20,0.69,41
25,2017-08-26,优,31,64,11,23,7,27,0.7,45
26,2017-08-27,优,33,67,10,23,7,22,0.6,60
27,2017-08-28,优,42,172,14,32,8,27,0.75,70
28,2017-08-29,优,33,90,13,26,8,24,0.69,48
29,2017-08-30,优,40,186,20,34,7,25,0.79,56
30,2017-08-31,优,25,35,11,22,6,22,0.82,29
0,2017-07-01,良,82,280,42,68,10,35,0.83,105
1,2017-07-02,良,89,298,44,78,11,46,0.88,104
2,2017-07-03,良,87,305,44,81,12,46,0.93,103
3,2017-07-04,良,82,301,41,76,11,44,0.9,99
4,2017-07-05,良,54,190,27,56,13,34,0.73,66
5,2017-07-06,优,40,125,22,40,6,28,0.76,31
6,2017-07-07,优,41,141,22,40,6,28,0.78,36
7,2017-07-08,良,52,194,30,54,7,35,0.92,41
8,2017-07-09,良,55,231,19,38,7,35,0.71,90
9,2017-07-10,良,99,339,33,71,12,54,0.94,126
10,2017-07-11,轻度污染,105,323,41,86,10,50,1.01,124
11,2017-07-12,优,40,70,15,33,9,23,0.56,56
12,2017-07-13,优,40,72,14,35,10,27,0.64,50
13,2017-07-14,优,38,62,18,37,7,27,0.69,35
14,2017-07-15,优,39,92,18,34,7,24,0.7,54
15,2017-07-16,优,47,149,19,37,8,31,0.71,60
16,2017-07-17,优,47,145,18,40,9,30,0.72,69
17,2017-07-18,优,42,122,16,36,8,28,0.66,59
18,2017-07-19,良,53,197,29,55,8,34,0.76,63
19,2017-07-20,良,54,206,25,46,10,28,0.68,72
20,2017-07-21,优,44,135,16,33,11,27,0.58,62
21,2017-07-22,优,42,89,15,31,11,24,0.52,63
22,2017-07-23,良,54,162,18,40,13,30,0.56,77
23,2017-07-24,良,81,299,25,56,14,36,0.74,106
24,2017-07-25,良,62,208,23,44,9,29,0.7,94
25,2017-07-26,良,53,133,19,38,12,28,0.69,77
26,2017-07-27,良,65,222,19,42,13,29,0.57,91
27,2017-07-28,良,75,275,23,51,13,34,0.63,99
28,2017-07-29,良,72,296,30,68,13,36,0.72,93
29,2017-07-30,良,97,343,35,67,12,32,0.77,128
30,2017-07-31,良,96,326,42,75,10,36,0.82,122
0,2017-06-01,良,72,222,49,81,9,43,0.81,56
1,2017-06-02,良,68,212,43,78,12,46,0.81,69
2,2017-06-03,良,70,242,47,87,12,64,0.93,39
3,2017-06-04,优,43,82,29,43,6,35,0.86,34
4,2017-06-05,优,49,156,13,24,7,28,0.77,94
5,2017-06-06,良,73,345,34,63,11,56,1.06,93
6,2017-06-07,良,80,309,33,65,11,46,0.96,109
7,2017-06-08,优,50,128,19,46,12,37,0.82,78
8,2017-06-09,优,46,136,25,47,7,30,0.79,55
9,2017-06-10,优,41,145,20,33,7,22,0.7,62
10,2017-06-11,优,50,175,27,48,9,37,0.84,64
11,2017-06-12,优,39,81,23,38,7,35,0.86,43
12,2017-06-13,优,50,169,33,49,6,41,0.92,29
13,2017-06-14,优,31,43,17,28,5,32,0.79,33
14,2017-06-15,优,28,15,10,17,5,33,0.75,48
15,2017-06-16,优,30,39,18,30,6,41,0.88,42
16,2017-06-17,良,62,157,31,53,10,43,1.06,78
17,2017-06-18,良,63,176,43,68,10,47,1.05,40
18,2017-06-19,良,59,203,41,63,7,49,1.03,42
19,2017-06-20,良,87,315,54,90,9,57,1.19,81
20,2017-06-21,良,80,278,45,77,11,48,1.01,89
21,2017-06-22,良,57,217,37,64,10,50,0.96,55
22,2017-06-23,良,69,279,49,76,7,42,0.99,58
23,2017-06-24,优,48,165,31,50,7,37,0.83,41
24,2017-06-25,优,48,156,29,48,7,30,0.73,49
25,2017-06-26,良,53,166,33,53,8,42,0.84,40
26,2017-06-27,良,60,183,39,63,10,42,0.93,66
27,2017-06-28,良,84,276,46,79,11,48,0.9,99
28,2017-06-29,良,76,248,49,77,10,43,0.87,79
29,2017-06-30,良,66,224,37,63,11,38,0.81,87
0,2017-05-01,良,76,190,47,82,15,48,0.99,81
1,2017-05-02,良,62,143,38,70,12,46,0.97,55
2,2017-05-03,优,36,18,16,31,8,28,0.72,55
3,2017-05-04,良,51,143,22,48,11,42,0.81,68
4,2017-05-05,优,48,44,24,49,7,41,0.78,49
5,2017-05-06,良,59,75,32,71,5,31,0.61,38
6,2017-05-07,良,66,119,40,80,6,38,0.68,31
7,2017-05-08,良,56,121,31,61,8,48,0.82,48
8,2017-05-09,良,63,189,34,72,12,52,0.93,66
9,2017-05-10,良,56,78,36,61,8,50,0.95,45
10,2017-05-11,良,57,89,38,57,7,39,0.83,44
11,2017-05-12,良,55,132,34,58,9,47,0.88,52
12,2017-05-13,良,64,162,27,56,11,47,0.79,81
13,2017-05-14,良,59,124,38,64,9,48,0.82,57
14,2017-05-15,良,67,247,45,75,11,45,0.89,62
15,2017-05-16,良,76,295,37,70,14,47,0.81,94
16,2017-05-17,良,95,304,42,84,15,63,0.86,111
17,2017-05-18,良,75,160,49,93,19,58,0.93,88
18,2017-05-19,良,91,253,54,95,15,46,0.9,99
19,2017-05-20,良,57,116,34,62,11,44,0.82,57
20,2017-05-20,良,57,116,34,62,11,44,0.82,57
21,2017-05-21,优,30,15,17,29,6,28,0.82,30
22,2017-05-22,优,38,73,21,37,6,31,0.93,16
23,2017-05-23,优,35,35,13,29,10,31,0.63,66
24,2017-05-24,优,33,45,18,32,7,37,0.77,38
25,2017-05-25,优,42,55,21,40,9,38,0.73,66
26,2017-05-26,良,76,223,34,65,12,53,0.87,93
27,2017-05-27,良,90,227,47,91,13,69,1.02,97
28,2017-05-28,良,94,228,44,88,14,62,0.94,108
29,2017-05-29,良,56,60,30,60,13,45,0.81,78
30,2017-05-30,良,62,126,43,67,10,34,0.82,71
31,2017-05-31,良,72,182,52,80,13,44,0.96,50
0,2017-04-01,良,59,111,30,65,16,62,0.89,57
1,2017-04-02,良,61,83,33,71,17,56,0.83,56
2,2017-04-03,良,60,71,38,67,14,45,0.78,41
3,2017-04-04,良,65,96,46,66,8,41,0.89,34
4,2017-04-05,良,67,148,47,67,9,45,0.94,26
5,2017-04-06,良,57,95,38,59,11,39,1.0,53
6,2017-04-07,良,64,157,42,75,16,53,1.06,49
7,2017-04-08,良,60,166,40,68,13,39,0.92,32
8,2017-04-09,良,51,178,34,52,10,35,0.98,15
9,2017-04-10,优,29,14,17,28,7,30,1.0,38
10,2017-04-11,优,44,91,25,44,12,46,1.04,36
11,2017-04-12,优,45,65,26,45,9,43,0.86,56
12,2017-04-13,良,61,106,33,66,13,54,0.9,66
13,2017-04-14,良,67,128,35,68,12,53,0.92,88
14,2017-04-15,良,71,125,47,88,19,55,1.0,84
15,2017-04-16,良,65,127,45,73,10,43,0.9,38
16,2017-04-17,良,56,122,32,62,13,44,0.75,40
17,2017-04-18,良,73,187,38,93,14,49,0.82,54
18,2017-04-19,良,73,171,39,91,15,51,0.85,75
19,2017-04-20,良,59,154,29,65,13,43,0.73,37
20,2017-04-21,优,47,87,28,48,7,33,0.68,39
21,2017-04-22,良,59,123,32,67,10,39,0.69,58
22,2017-04-23,良,74,223,40,91,16,53,0.86,80
23,2017-04-23,良,74,223,40,91,16,53,0.86,80
24,2017-04-24,良,67,154,43,82,15,57,0.99,33
25,2017-04-25,优,38,38,23,38,7,37,0.83,27
26,2017-04-26,优,24,2,12,22,5,32,0.7,40
27,2017-04-27,优,34,26,17,27,5,29,0.72,62
28,2017-04-28,优,42,15,24,39,9,41,0.79,55
29,2017-04-29,良,57,43,29,55,11,49,0.89,65
30,2017-04-30,良,61,64,39,70,12,60,0.97,50
0,2017-03-01,良,85,224,57,108,20,67,0.96,36
1,2017-03-02,良,95,334,60,138,20,72,1.03,22
2,2017-03-03,良,90,279,62,119,24,66,0.96,23
3,2017-03-04,轻度污染,101,245,75,130,22,66,1.0,28
4,2017-03-05,良,82,220,60,91,13,46,0.86,22
5,2017-03-06,优,45,58,30,44,7,46,0.74,26
6,2017-03-07,良,52,121,35,48,8,47,0.79,21
7,2017-03-08,良,53,120,36,50,10,43,0.79,33
8,2017-03-09,良,66,140,47,70,13,54,1.03,18
9,2017-03-10,良,99,269,73,111,19,62,1.22,11
10,2017-03-11,良,90,234,66,107,18,71,1.27,17
11,2017-03-12,良,78,252,57,82,13,56,1.11,16
12,2017-03-13,优,26,8,16,23,7,34,0.94,37
13,2017-03-14,优,28,7,17,26,7,35,1.03,32
14,2017-03-15,优,36,32,22,34,9,41,0.84,28
15,2017-03-16,良,53,97,33,56,14,50,0.97,25
16,2017-03-17,良,59,108,39,64,13,52,0.97,28
17,2017-03-18,良,63,136,44,71,16,51,0.98,37
18,2017-03-19,优,46,70,29,46,14,40,0.86,38
19,2017-03-20,良,66,187,46,75,18,51,1.04,44
20,2017-03-21,良,67,184,48,73,13,55,1.16,27
21,2017-03-22,优,43,79,27,43,10,34,0.91,38
22,2017-03-23,优,46,86,27,45,12,39,0.91,36
23,2017-03-24,优,32,23,21,31,8,33,0.83,27
24,2017-03-25,优,33,33,21,33,8,34,0.7,38
25,2017-03-26,良,55,99,29,58,10,44,0.77,45
26,2017-03-27,良,69,142,44,85,15,64,0.96,33
27,2017-03-28,良,84,251,58,111,21,66,1.06,46
28,2017-03-29,轻度污染,112,284,83,145,24,79,1.25,18
29,2017-03-30,良,65,151,45,67,11,43,0.9,27
30,2017-03-31,良,53,126,32,54,12,45,0.91,50
0,2017-02-01,轻度污染,102,290,76,99,8,24,1.18,24
1,2017-02-02,良,51,100,35,45,8,24,1.17,26
2,2017-02-03,良,58,120,40,55,10,34,1.23,23
3,2017-02-04,良,69,116,49,67,10,43,1.41,31
4,2017-02-05,良,78,172,57,78,9,51,1.42,21
5,2017-02-06,轻度污染,104,249,77,106,13,51,1.47,14
6,2017-02-07,良,57,151,40,54,6,33,1.28,15
7,2017-02-08,优,40,57,26,39,7,33,1.13,43
8,2017-02-09,良,62,184,43,68,11,53,1.26,13
9,2017-02-10,良,87,283,64,94,12,54,1.34,13
10,2017-02-11,良,74,181,53,75,10,46,0.99,29
11,2017-02-12,良,84,163,62,89,13,54,1.0,39
12,2017-02-13,良,91,174,67,102,14,65,1.14,23
13,2017-02-14,中度污染,159,290,121,159,21,59,1.34,13
14,2017-02-15,中度污染,162,295,123,164,17,67,1.53,19
15,2017-02-16,轻度污染,124,265,93,126,13,55,1.24,37
16,2017-02-17,轻度污染,130,308,98,138,19,68,1.32,33
17,2017-02-18,轻度污染,149,325,113,150,16,56,1.3,24
18,2017-02-19,轻度污染,128,231,96,129,11,48,1.23,39
19,2017-02-20,轻度污染,109,276,82,114,12,53,1.31,18
20,2017-02-21,良,71,253,52,70,7,40,1.08,18
21,2017-02-22,优,40,49,24,38,7,36,0.65,37
22,2017-02-23,优,44,93,27,43,8,34,0.64,23
23,2017-02-24,优,33,30,22,31,8,35,0.72,16
24,2017-02-25,良,55,130,38,57,11,46,0.9,14
25,2017-02-26,良,63,137,44,71,14,51,0.98,23
26,2017-02-27,良,69,132,49,77,16,56,0.93,20
27,2017-02-28,良,69,107,49,81,15,61,0.97,30
0,2017-01-01,中度污染,170,235,128,179,30,61,1.34,7
1,2017-01-02,中度污染,173,235,130,181,25,60,1.26,17
2,2017-01-03,中度污染,200,268,152,207,20,70,1.67,9
3,2017-01-04,重度污染,216,281,165,225,31,73,1.69,8
4,2017-01-05,中度污染,193,299,145,196,19,62,1.39,11
5,2017-01-06,中度污染,162,304,123,168,17,57,1.48,10
6,2017-01-07,轻度污染,135,295,102,140,18,57,1.38,9
7,2017-01-08,良,86,205,63,94,20,51,1.74,6
8,2017-01-09,良,77,191,55,77,13,49,1.61,9
9,2017-01-10,优,47,92,30,45,10,40,1.17,15
10,2017-01-11,优,27,13,18,24,8,33,0.78,14
11,2017-01-12,优,37,48,26,37,8,32,0.72,18
12,2017-01-13,良,67,169,48,68,10,44,0.97,13
13,2017-01-14,良,81,225,59,86,12,50,1.15,8
14,2017-01-15,良,89,256,65,95,16,52,1.15,14
15,2017-01-16,良,79,186,57,89,15,57,1.02,20
16,2017-01-17,轻度污染,104,227,77,112,18,57,1.18,21
17,2017-01-18,良,86,168,64,93,14,53,1.01,22
18,2017-01-19,良,92,176,68,101,15,59,1.04,23
19,2017-01-20,轻度污染,102,298,75,108,16,54,1.02,30
20,2017-01-21,中度污染,156,356,118,156,17,55,1.26,23
21,2017-01-22,中度污染,163,343,123,164,14,63,1.38,32
22,2017-01-23,中度污染,167,322,126,167,18,68,1.39,17
23,2017-01-24,中度污染,186,320,141,181,18,69,1.5,17
24,2017-01-25,轻度污染,105,180,78,104,11,50,1.14,36
25,2017-01-26,良,96,143,71,92,10,49,1.11,25
26,2017-01-27,中度污染,161,306,122,154,18,36,1.25,27
27,2017-01-28,轻度污染,122,168,91,115,10,28,1.15,21
28,2017-01-29,良,51,64,35,47,5,22,1.0,31
29,2017-01-30,良,51,132,35,49,7,25,1.12,22
30,2017-01-31,良,76,223,55,84,10,21,1.05,44
0,2016-12-01,良,97,201,71,103,13,56,1.17,18
1,2016-12-02,良,88,171,64,93,12,56,1.03,16
2,2016-12-03,良,82,119,60,95,13,58,1.08,10
3,2016-12-04,良,91,142,67,98,11,53,1.12,16
4,2016-12-05,轻度污染,119,252,90,126,12,57,1.26,13
5,2016-12-06,轻度污染,113,268,84,121,13,51,1.18,27
6,2016-12-07,轻度污染,131,250,99,136,16,70,1.33,28
7,2016-12-08,轻度污染,129,225,97,138,12,71,1.4,31
8,2016-12-09,轻度污染,128,258,97,130,12,59,1.26,24
9,2016-12-10,轻度污染,125,278,94,125,11,50,1.32,19
10,2016-12-11,轻度污染,132,280,99,132,12,52,1.48,10
11,2016-12-12,轻度污染,107,212,80,105,12,46,1.52,7
12,2016-12-13,良,91,230,67,92,12,45,1.52,12
13,2016-12-14,良,73,224,52,66,9,46,1.33,10
14,2016-12-15,良,57,116,40,56,8,51,1.09,16
15,2016-12-16,良,75,130,54,76,10,50,1.12,21
16,2016-12-17,良,86,126,63,90,12,58,1.15,19
17,2016-12-18,轻度污染,114,188,85,124,18,64,1.4,9
18,2016-12-19,轻度污染,147,202,111,161,25,67,1.55,7
19,2016-12-20,轻度污染,142,206,108,145,17,56,1.34,7
20,2016-12-21,轻度污染,143,265,107,146,17,50,1.36,8
21,2016-12-22,轻度污染,104,267,78,116,9,48,1.43,11
22,2016-12-23,良,81,184,59,79,9,48,1.34,11
23,2016-12-24,优,50,41,35,46,7,41,1.14,10
24,2016-12-25,优,47,81,33,46,7,38,0.89,15
25,2016-12-26,优,45,121,30,45,10,40,0.86,15
26,2016-12-27,良,64,206,42,75,15,49,0.93,18
27,2016-12-28,良,68,161,48,73,14,50,0.98,28
28,2016-12-29,良,76,172,55,87,16,60,1.04,16
29,2016-12-30,良,81,125,59,91,15,56,0.98,20
30,2016-12-31,轻度污染,129,206,97,149,30,69,1.25,10
0,2016-11-01,良,53,188,34,54,12,43,1.0,10
1,2016-11-02,良,62,188,42,70,12,49,1.08,8
2,2016-11-03,良,80,206,58,92,15,54,1.14,14
3,2016-11-04,良,73,144,53,88,11,62,1.2,26
4,2016-11-05,良,98,207,72,114,19,73,1.28,14
5,2016-11-06,轻度污染,122,244,92,129,21,55,1.43,7
6,2016-11-07,优,27,14,17,23,6,34,0.78,22
7,2016-11-08,优,21,10,14,20,6,31,0.63,23
8,2016-11-09,优,24,36,15,22,7,36,0.78,19
9,2016-11-10,优,41,88,24,40,12,49,0.97,25
10,2016-11-11,优,47,83,28,48,12,43,0.97,24
11,2016-11-12,良,69,145,49,80,17,53,1.07,12
12,2016-11-13,良,96,223,71,111,25,63,1.33,9
13,2016-11-14,轻度污染,107,232,80,125,22,70,1.39,14
14,2016-11-15,轻度污染,109,265,81,115,20,57,1.26,31
15,2016-11-16,轻度污染,109,278,82,116,19,57,1.31,12
16,2016-11-17,轻度污染,118,274,89,127,17,57,1.43,9
17,2016-11-18,良,80,166,58,86,13,57,1.11,26
18,2016-11-19,良,93,216,69,102,15,57,1.24,18
19,2016-11-20,轻度污染,122,315,91,132,17,60,1.65,8
20,2016-11-21,良,74,266,54,77,13,47,1.36,15
21,2016-11-22,良,62,312,44,65,12,40,1.05,10
22,2016-11-23,优,17,19,11,16,7,26,0.73,10
23,2016-11-24,优,26,36,16,25,9,30,0.77,10
24,2016-11-25,优,44,78,28,43,12,34,0.86,7
25,2016-11-26,优,49,95,32,52,12,39,0.86,19
26,2016-11-27,良,65,116,43,76,15,50,0.94,26
27,2016-11-28,良,83,169,60,104,22,56,1.1,12
28,2016-11-29,良,91,204,67,98,15,51,1.16,9
29,2016-11-30,良,100,237,74,112,17,54,1.23,16
0,2016-10-01,良,91,315,67,102,15,55,1.25,63
1,2016-10-02,良,90,307,65,94,11,47,1.12,75
2,2016-10-03,良,90,300,64,100,15,56,1.1,72
3,2016-10-04,良,72,261,47,80,12,57,0.89,57
4,2016-10-05,良,91,343,63,127,19,57,0.97,70
5,2016-10-06,良,96,342,68,119,18,45,0.92,71
6,2016-10-07,良,93,339,69,102,10,51,0.97,34
7,2016-10-08,良,85,350,62,84,11,43,0.95,18
8,2016-10-09,优,41,112,27,38,7,30,0.85,30
9,2016-10-10,优,40,85,27,37,5,34,0.82,31
10,2016-10-11,优,40,84,27,37,5,39,0.93,18
11,2016-10-12,优,46,105,32,44,7,37,0.95,13
12,2016-10-13,优,30,23,20,27,7,34,0.93,11
13,2016-10-14,优,37,35,25,35,7,30,0.87,9
14,2016-10-15,优,31,23,20,29,6,35,0.93,9
15,2016-10-16,良,52,105,33,54,11,40,1.14,10
16,2016-10-17,良,61,169,42,65,11,44,1.21,12
17,2016-10-18,良,55,133,37,58,11,42,1.1,31
18,2016-10-19,良,63,161,43,70,12,54,1.15,36
19,2016-10-20,良,58,193,38,64,13,52,1.0,21
20,2016-10-21,优,41,156,23,43,8,40,0.82,22
21,2016-10-22,良,83,345,60,93,12,43,1.02,43
22,2016-10-23,良,55,274,38,57,10,37,1.01,27
23,2016-10-24,良,56,238,37,60,10,32,0.91,11
24,2016-10-25,优,32,47,18,31,8,30,1.03,12
25,2016-10-26,优,40,111,24,40,8,32,0.99,15
26,2016-10-27,优,43,145,28,41,7,35,1.09,10
27,2016-10-28,优,22,13,12,21,6,29,0.7,25
28,2016-10-29,优,24,25,16,23,6,31,0.6,17
29,2016-10-30,优,34,60,22,33,8,37,0.73,10
30,2016-10-31,优,45,159,29,46,11,39,0.89,12
0,2016-09-01,良,99,348,73,92,7,46,0.92,54
1,2016-09-02,轻度污染,103,346,75,107,9,58,0.99,75
2,2016-09-03,轻度污染,137,361,104,146,16,73,1.21,48
3,2016-09-04,轻度污染,140,358,105,130,11,44,1.03,30
4,2016-09-05,良,90,284,67,77,7,37,0.9,27
5,2016-09-06,良,75,267,54,65,6,40,0.81,43
6,2016-09-07,良,93,352,69,87,9,51,0.95,32
7,2016-09-08,良,78,270,57,74,6,51,0.99,26
8,2016-09-09,优,47,111,32,39,5,39,0.85,25
9,2016-09-10,良,75,276,54,70,8,42,0.92,56
10,2016-09-11,轻度污染,103,354,75,105,9,60,1.13,72
11,2016-09-12,良,94,343,69,104,12,62,1.03,59
12,2016-09-13,轻度污染,143,363,108,149,15,59,1.14,62
13,2016-09-14,中度污染,186,365,140,175,12,44,1.09,45
14,2016-09-15,良,51,156,36,43,5,25,0.7,47
15,2016-09-16,良,75,295,54,69,9,33,0.82,61
16,2016-09-17,良,97,341,72,99,12,46,1.02,65
17,2016-09-18,轻度污染,129,359,97,125,14,39,1.06,36
18,2016-09-19,良,77,344,56,68,7,30,0.81,51
19,2016-09-20,良,82,341,60,73,8,39,0.86,39
20,2016-09-21,轻度污染,114,353,85,111,13,51,1.03,37
21,2016-09-22,轻度污染,106,337,78,107,13,46,1.02,63
22,2016-09-23,良,96,293,71,94,9,51,0.99,42
23,2016-09-24,良,97,292,72,91,8,51,1.01,20
24,2016-09-25,良,77,234,55,66,11,39,0.92,32
25,2016-09-26,良,60,150,42,59,8,46,1.02,20
26,2016-09-27,良,68,256,48,68,9,43,1.07,30
27,2016-09-28,良,55,252,34,56,11,44,0.95,21
28,2016-09-29,优,49,202,30,49,10,49,1.1,16
29,2016-09-30,良,83,303,60,95,13,61,1.36,49
0,2016-08-01,优,49,163,30,46,8,26,0.7,58
1,2016-08-02,良,54,215,33,57,10,36,0.79,52
2,2016-08-03,优,50,221,33,51,7,30,0.73,47
3,2016-08-04,优,41,148,26,40,9,30,0.74,37
4,2016-08-05,优,31,56,18,30,7,26,0.66,31
5,2016-08-06,优,49,174,29,49,8,33,0.79,47
6,2016-08-07,优,48,201,29,44,8,31,0.84,69
7,2016-08-08,良,53,253,32,50,7,31,0.86,68
8,2016-08-09,良,64,283,39,53,8,32,0.91,86
9,2016-08-10,良,71,322,45,68,8,38,0.94,76
10,2016-08-11,良,73,314,50,75,10,38,0.94,89
11,2016-08-12,良,67,293,38,62,10,36,0.8,85
12,2016-08-13,良,81,348,50,82,12,41,0.88,83
13,2016-08-14,良,66,298,39,63,11,31,0.78,80
14,2016-08-15,良,58,274,29,50,10,29,0.67,76
15,2016-08-16,良,71,312,40,64,14,33,0.72,89
16,2016-08-17,良,58,189,32,57,12,33,0.68,66
17,2016-08-18,良,61,234,38,65,10,34,0.69,68
18,2016-08-19,良,81,340,56,95,17,45,0.84,74
19,2016-08-20,良,66,295,44,71,12,31,0.74,66
20,2016-08-21,良,68,259,46,74,12,34,0.77,78
21,2016-08-22,良,66,244,46,74,11,36,0.82,58
22,2016-08-23,良,58,152,38,62,11,34,0.81,61
23,2016-08-24,良,78,266,45,70,13,34,0.83,94
24,2016-08-25,良,86,316,60,95,14,42,0.92,86
25,2016-08-26,良,82,358,60,87,12,28,0.75,46
26,2016-08-27,良,64,296,46,58,7,25,0.79,25
27,2016-08-28,优,37,40,25,35,7,29,0.74,35
28,2016-08-29,良,57,145,39,60,14,35,0.77,51
29,2016-08-30,良,60,173,42,52,6,28,0.71,46
30,2016-08-31,良,77,237,56,66,6,41,0.83,33
0,2016-07-01,优,46,202,30,43,6,30,0.72,70
1,2016-07-02,良,69,287,44,67,8,46,0.89,68
2,2016-07-03,良,57,215,38,62,8,43,0.81,47
3,2016-07-04,良,56,220,30,52,7,36,0.69,67
4,2016-07-05,良,52,207,30,53,9,37,0.74,50
5,2016-07-06,优,33,82,14,31,9,30,0.66,43
6,2016-07-07,优,39,103,17,38,11,28,0.59,36
7,2016-07-08,优,46,153,20,41,11,28,0.57,59
8,2016-07-09,良,59,240,24,50,12,29,0.61,76
9,2016-07-10,良,76,307,35,67,12,30,0.63,107
10,2016-07-11,良,87,331,36,67,11,34,0.68,109
11,2016-07-12,良,74,312,51,87,8,47,0.89,71
12,2016-07-13,良,76,326,54,86,8,42,0.91,62
13,2016-07-14,优,34,79,23,32,4,26,0.64,43
14,2016-07-15,优,50,222,22,38,9,32,0.61,83
15,2016-07-16,良,69,294,33,55,10,34,0.71,102
16,2016-07-17,良,76,279,49,83,10,44,0.86,82
17,2016-07-18,良,56,196,35,59,8,40,0.8,38
18,2016-07-19,优,38,108,26,35,4,28,0.81,33
19,2016-07-20,良,53,245,33,50,7,30,0.88,57
20,2016-07-21,优,46,183,27,45,11,29,0.76,54
21,2016-07-22,优,47,139,25,48,12,30,0.6,51
22,2016-07-23,良,62,227,41,66,13,29,0.69,59
23,2016-07-24,良,52,140,24,55,10,30,0.58,60
24,2016-07-25,良,64,226,38,66,14,33,0.7,77
25,2016-07-26,良,68,258,44,77,13,35,0.77,80
26,2016-07-27,良,51,125,31,54,8,24,0.66,63
27,2016-07-28,良,66,212,36,61,10,32,0.72,90
28,2016-07-29,优,45,85,24,42,11,28,0.6,55
29,2016-07-30,优,50,107,25,47,13,27,0.61,65
30,2016-07-31,良,64,252,43,72,12,37,0.78,59
0,2016-06-01,轻度污染,105,355,78,103,7,34,0.87,88
1,2016-06-02,良,57,172,40,50,4,28,0.85,24
2,2016-06-03,良,57,205,31,48,8,35,0.87,72
3,2016-06-04,良,63,212,33,58,9,37,0.85,84
4,2016-06-05,良,87,326,32,65,11,40,0.63,129
5,2016-06-06,良,83,303,40,86,12,49,0.72,108
6,2016-06-07,良,64,191,42,70,7,37,0.62,92
7,2016-06-08,良,78,264,48,74,10,39,0.74,84
8,2016-06-09,良,64,180,43,68,8,29,0.65,64
9,2016-06-10,优,42,94,29,40,4,27,0.63,38
10,2016-06-11,良,51,177,35,46,5,38,0.77,37
11,2016-06-12,良,79,317,51,73,5,39,0.87,78
12,2016-06-13,良,84,308,57,87,9,50,0.94,82
13,2016-06-14,良,85,329,62,94,10,45,0.92,69
14,2016-06-15,良,67,278,47,68,6,33,0.65,57
15,2016-06-16,良,64,202,34,63,11,41,0.61,74
16,2016-06-17,良,70,208,37,72,14,51,0.69,85
17,2016-06-18,良,63,195,39,68,11,37,0.64,73
18,2016-06-19,良,51,171,35,43,4,27,0.68,44
19,2016-06-20,良,76,293,51,66,5,34,0.87,73
20,2016-06-21,良,76,307,54,75,7,41,0.9,65
21,2016-06-22,良,64,273,44,68,8,43,0.77,44
22,2016-06-23,良,56,240,35,56,8,34,0.71,56
23,2016-06-24,优,34,83,23,31,4,23,0.58,37
24,2016-06-25,优,24,16,15,22,4,21,0.59,40
25,2016-06-26,优,44,126,30,41,7,27,0.68,30
26,2016-06-27,良,55,188,38,52,6,39,0.69,38
27,2016-06-28,良,68,253,48,62,6,40,0.77,36
28,2016-06-29,良,55,203,31,53,9,42,0.86,59
29,2016-06-30,优,46,165,32,47,6,38,0.79,32
0,2016-05-01,良,97,274,72,112,13,60,0.93,39
1,2016-05-02,良,100,325,74,108,11,49,0.94,63
2,2016-05-03,良,92,343,68,113,13,51,0.97,76
3,2016-05-04,良,70,188,48,84,11,44,0.83,68
4,2016-05-05,良,96,297,55,99,11,53,0.93,102
5,2016-05-06,良,98,259,73,120,10,50,0.89,66
6,2016-05-07,优,47,95,32,42,5,29,0.58,59
7,2016-05-08,优,49,119,34,46,5,29,0.66,44
8,2016-05-09,良,54,132,38,50,6,31,0.69,63
9,2016-05-10,良,76,248,45,74,11,51,0.82,81
10,2016-05-11,良,93,237,52,94,16,57,0.9,100
11,2016-05-12,良,84,205,46,97,14,46,0.76,93
12,2016-05-13,轻度污染,106,346,78,150,10,44,0.83,41
13,2016-05-14,良,85,303,63,102,7,33,0.75,30
14,2016-05-15,优,49,160,27,54,7,25,0.49,71
15,2016-05-16,良,78,312,43,98,11,45,0.7,71
16,2016-05-17,良,72,164,39,90,15,44,0.69,72
17,2016-05-18,良,66,96,44,80,12,45,0.67,51
18,2016-05-19,良,63,111,44,59,6,47,0.8,19
19,2016-05-20,优,48,86,33,43,5,29,0.76,50
20,2016-05-21,良,54,190,33,48,8,32,0.78,79
21,2016-05-22,优,50,155,34,44,5,40,0.81,41
22,2016-05-23,优,40,75,28,34,4,31,0.64,46
23,2016-05-24,良,59,150,37,57,13,35,0.73,75
24,2016-05-25,优,49,91,28,49,9,35,0.68,67
25,2016-05-26,优,34,46,22,32,4,23,0.44,50
26,2016-05-27,优,41,80,28,37,4,31,0.53,37
27,2016-05-28,良,73,279,52,70,6,44,0.68,36
28,2016-05-29,良,82,299,58,79,9,46,0.81,65
29,2016-05-30,良,68,182,47,72,9,42,0.79,57
30,2016-05-31,良,80,245,58,92,12,48,0.9,49
0,2016-04-01,良,95,223,71,114,18,77,1.3,19
1,2016-04-02,轻度污染,118,305,88,134,25,78,1.28,24
2,2016-04-03,轻度污染,107,340,80,109,14,65,1.12,56
3,2016-04-04,良,68,227,43,62,12,39,0.88,59
4,2016-04-05,优,36,20,17,33,16,40,0.8,40
5,2016-04-06,优,35,49,23,33,7,40,0.86,19
6,2016-04-07,良,56,168,39,55,9,46,0.89,34
7,2016-04-08,良,59,154,40,60,9,57,1.03,19
8,2016-04-09,优,36,37,24,35,6,42,0.77,25
9,2016-04-10,优,33,23,22,32,7,42,0.79,32
10,2016-04-11,良,53,95,30,49,11,44,0.84,54
11,2016-04-12,良,52,68,32,54,10,56,0.78,34
12,2016-04-13,良,71,158,51,79,14,51,0.93,45
13,2016-04-14,良,53,82,36,54,9,46,0.73,25
14,2016-04-15,优,50,70,34,49,8,33,0.71,33
15,2016-04-16,优,38,23,15,33,9,33,0.42,74
16,2016-04-17,优,39,32,21,36,6,31,0.45,62
17,2016-04-18,优,49,111,24,47,9,38,0.57,53
18,2016-04-19,良,58,140,26,64,13,50,0.65,47
19,2016-04-20,优,48,89,31,49,7,35,0.61,44
20,2016-04-21,优,48,69,30,47,7,40,0.66,25
21,2016-04-22,良,58,127,40,56,10,46,0.81,13
22,2016-04-23,良,53,144,36,50,7,35,0.62,41
23,2016-04-24,良,74,222,53,70,8,50,0.77,21
24,2016-04-25,良,61,160,43,56,7,46,0.81,20
25,2016-04-26,良,79,269,57,77,11,48,0.89,27
26,2016-04-27,良,84,290,61,93,11,57,0.99,57
27,2016-04-28,轻度污染,113,347,84,126,14,65,0.95,55
28,2016-04-29,良,94,261,69,90,9,52,0.82,41
29,2016-04-30,良,90,249,66,90,11,51,0.84,44
0,2016-03-01,良,92,231,67,114,18,67,1.07,64
1,2016-03-02,轻度污染,137,305,104,167,30,91,1.37,37
2,2016-03-03,轻度污染,147,296,111,166,26,70,1.25,52
3,2016-03-04,轻度污染,133,235,100,146,20,74,1.29,30
4,2016-03-05,轻度污染,132,222,100,140,27,61,1.29,41
5,2016-03-06,良,63,67,41,61,19,33,0.84,64
6,2016-03-07,良,59,84,37,65,16,40,0.83,52
7,2016-03-08,优,48,99,34,45,9,36,0.93,24
8,2016-03-09,优,25,12,9,14,7,22,0.8,51
9,2016-03-10,优,28,41,16,22,10,27,0.61,42
10,2016-03-11,优,49,87,33,46,20,35,0.72,48
11,2016-03-12,良,66,113,47,67,17,39,0.75,46
12,2016-03-13,良,93,246,69,94,16,48,0.86,33
13,2016-03-14,良,75,141,52,84,20,53,0.82,42
14,2016-03-15,良,72,93,50,90,20,54,0.79,63
15,2016-03-16,良,86,176,63,104,23,64,0.99,48
16,2016-03-17,良,95,183,71,109,24,61,1.04,45
17,2016-03-18,轻度污染,128,238,96,140,22,57,1.08,67
18,2016-03-19,良,95,194,70,117,20,74,1.1,42
19,2016-03-20,良,66,88,47,70,12,55,0.98,44
20,2016-03-21,优,41,43,26,40,13,46,0.9,48
21,2016-03-22,优,38,49,25,36,9,42,0.96,29
22,2016-03-23,优,27,15,15,22,6,30,0.84,47
23,2016-03-24,良,59,210,37,50,8,34,0.72,76
24,2016-03-25,良,75,275,54,74,11,48,0.87,58
25,2016-03-26,良,73,202,53,73,12,54,0.88,59
26,2016-03-27,良,80,221,57,87,16,59,0.92,51
27,2016-03-28,良,61,63,39,70,18,61,0.84,39
28,2016-03-29,轻度污染,109,322,81,114,17,59,1.01,20
29,2016-03-30,良,91,226,67,85,11,50,0.82,31
30,2016-03-31,良,82,188,60,82,13,59,0.86,29
0,2016-02-01,优,44,76,30,34,8,38,1.23,11
1,2016-02-02,良,66,95,47,55,14,46,1.29,18
2,2016-02-03,良,80,125,58,68,13,46,1.18,15
3,2016-02-04,良,91,209,67,80,12,41,1.15,19
4,2016-02-05,轻度污染,114,277,85,100,12,50,1.35,14
5,2016-02-06,轻度污染,107,321,80,97,15,39,1.22,36
6,2016-02-07,轻度污染,102,259,76,90,15,40,1.07,52
7,2016-02-08,中度污染,192,272,149,172,25,40,1.03,55
8,2016-02-09,重度污染,203,354,153,174,27,46,1.16,42
9,2016-02-10,重度污染,202,350,153,173,18,50,1.3,40
10,2016-02-11,轻度污染,126,276,95,110,14,44,1.1,44
11,2016-02-12,轻度污染,127,277,96,112,16,42,1.03,42
12,2016-02-13,良,58,227,33,61,7,18,0.64,43
13,2016-02-14,优,34,86,19,31,6,15,0.48,47
14,2016-02-15,优,43,159,28,41,8,22,0.59,32
15,2016-02-16,良,62,284,44,57,10,37,0.82,18
16,2016-02-17,良,76,273,55,72,13,45,0.98,19
17,2016-02-18,良,88,266,64,86,15,54,1.08,32
18,2016-02-19,良,100,218,74,97,15,59,1.01,36
19,2016-02-20,轻度污染,103,251,77,99,17,55,1.02,22
20,2016-02-21,轻度污染,104,260,77,108,13,39,0.87,36
21,2016-02-22,良,71,157,51,68,8,37,0.79,34
22,2016-02-23,良,76,202,55,70,7,46,0.95,17
23,2016-02-24,良,59,137,39,57,14,43,0.86,34
24,2016-02-25,良,72,189,51,74,17,55,0.96,16
25,2016-02-26,良,70,184,50,76,13,48,0.79,30
26,2016-02-27,良,81,228,59,89,13,56,0.91,45
27,2016-02-28,良,93,242,69,105,14,68,1.03,46
28,2016-02-29,轻度污染,105,301,78,122,19,66,1.08,58
0,2016-01-01,中度污染,172,292,130,159,28,55,1.56,11
1,2016-01-02,中度污染,182,272,137,176,22,64,1.7,19
2,2016-01-03,中度污染,187,275,142,184,21,62,1.78,12
3,2016-01-04,中度污染,199,292,153,189,27,61,1.95,17
4,2016-01-05,轻度污染,104,271,78,97,20,53,1.73,18
5,2016-01-06,良,99,254,73,92,18,49,2.67,6
6,2016-01-07,良,59,140,41,52,19,37,1.54,6
7,2016-01-08,优,36,28,24,33,13,35,1.23,9
8,2016-01-09,优,48,56,33,41,14,37,1.31,6
9,2016-01-10,良,63,119,45,59,17,41,1.45,5
10,2016-01-11,良,65,189,46,60,18,39,1.4,11
11,2016-01-12,优,46,108,31,45,15,37,1.1,11
12,2016-01-13,良,60,144,42,60,22,42,1.2,10
13,2016-01-14,良,86,186,63,80,16,45,1.37,10
14,2016-01-15,良,90,174,66,90,22,52,1.39,15
15,2016-01-16,良,91,177,67,86,18,45,1.33,14
16,2016-01-17,良,93,212,69,92,19,48,1.41,17
17,2016-01-18,轻度污染,110,254,82,107,20,58,1.52,11
18,2016-01-19,良,95,199,71,96,22,51,1.3,11
19,2016-01-20,良,79,178,57,75,15,43,1.13,23
20,2016-01-21,良,64,191,45,54,12,37,1.11,9
21,2016-01-22,优,42,106,29,35,11,31,0.94,14
22,2016-01-23,优,41,82,28,33,9,30,0.62,29
23,2016-01-24,优,47,104,31,42,11,28,0.56,36
24,2016-01-25,良,59,143,40,63,15,44,0.72,28
25,2016-01-26,良,82,244,60,93,21,67,0.87,12
26,2016-01-27,轻度污染,108,268,80,119,29,64,0.95,11
27,2016-01-28,轻度污染,124,269,93,118,21,51,0.91,15
28,2016-01-29,轻度污染,136,298,103,132,20,59,1.03,14
29,2016-01-30,轻度污染,131,305,99,123,14,48,1.22,8
30,2016-01-31,轻度污染,107,309,80,92,10,43,1.1,8
0,2015-12-01,良,96,216,71,94,19,41,1.35,6
1,2015-12-02,良,81,208,59,73,15,42,1.19,11
2,2015-12-03,良,85,298,63,80,16,39,1.37,5
3,2015-12-04,良,56,153,38,56,13,36,0.87,20
4,2015-12-05,优,40,88,27,39,13,39,0.9,12
5,2015-12-06,良,57,152,39,56,16,39,1.01,17
6,2015-12-07,良,62,134,43,71,16,56,1.1,13
7,2015-12-08,良,72,161,51,78,23,52,1.05,14
8,2015-12-09,轻度污染,144,290,109,145,35,59,1.33,7
9,2015-12-10,轻度污染,145,286,109,150,37,62,1.33,8
10,2015-12-11,良,94,213,69,89,21,41,0.95,18
11,2015-12-12,优,39,40,25,38,13,37,1.0,14
12,2015-12-13,良,54,112,37,50,12,36,1.29,6
13,2015-12-14,优,47,90,32,39,15,32,1.35,13
14,2015-12-15,优,35,38,24,29,17,31,0.83,25
15,2015-12-16,良,52,164,36,50,17,39,0.85,21
16,2015-12-17,良,63,213,45,68,26,44,0.98,16
17,2015-12-18,良,51,72,34,50,22,44,0.77,16
18,2015-12-19,良,61,95,42,54,22,37,0.72,13
19,2015-12-20,良,70,82,50,68,28,42,0.87,14
20,2015-12-21,良,83,106,60,86,22,46,0.95,13
21,2015-12-22,良,99,143,73,102,28,54,1.24,12
22,2015-12-23,轻度污染,114,158,85,120,30,56,1.43,4
23,2015-12-24,轻度污染,105,217,78,106,25,50,1.13,9
24,2015-12-25,良,86,184,63,90,22,51,1.2,9
25,2015-12-26,良,95,203,70,94,17,50,1.21,13
26,2015-12-27,良,95,239,70,93,15,44,1.17,21
27,2015-12-28,轻度污染,110,239,82,111,18,46,1.24,9
28,2015-12-29,轻度污染,148,266,112,149,23,55,1.59,8
29,2015-12-30,中度污染,178,276,134,178,27,66,1.76,6
30,2015-12-31,中度污染,173,270,131,172,27,63,1.74,8
0,2015-11-01,良,63,195,44,63,12,44,1.02,26
1,2015-11-02,良,65,138,45,70,16,48,1.07,32
2,2015-11-03,良,80,166,58,90,22,51,1.29,10
3,2015-11-04,良,98,225,73,107,23,46,1.36,5
4,2015-11-05,良,77,183,56,75,14,38,1.3,3
5,2015-11-06,良,56,201,39,58,13,39,1.32,10
6,2015-11-07,良,83,302,61,87,17,44,1.27,35
7,2015-11-08,良,57,162,39,59,12,35,1.33,13
8,2015-11-09,良,73,175,52,81,15,41,1.48,8
9,2015-11-10,良,53,103,35,55,15,42,1.24,9
10,2015-11-11,优,49,86,29,49,15,32,1.14,17
11,2015-11-12,优,33,72,17,32,15,33,1.19,23
12,2015-11-13,优,48,125,26,49,19,40,1.21,21
13,2015-11-14,良,53,114,34,56,18,40,1.15,17
14,2015-11-15,良,75,208,54,73,11,38,1.31,10
15,2015-11-16,良,80,259,58,78,15,38,1.41,7
16,2015-11-17,良,58,169,40,59,13,34,1.2,7
17,2015-11-18,良,70,285,50,79,17,33,1.39,3
18,2015-11-19,良,58,185,40,62,18,28,1.34,3
19,2015-11-20,良,65,187,45,74,21,42,1.53,7
20,2015-11-21,良,59,167,39,64,17,38,1.29,14
21,2015-11-22,良,76,318,54,84,18,42,1.34,5
22,2015-11-23,良,51,211,32,52,14,31,1.2,10
23,2015-11-24,优,40,164,26,38,11,27,1.43,5
24,2015-11-25,优,41,97,28,42,12,35,1.55,5
25,2015-11-26,良,66,250,46,67,19,39,1.75,4
26,2015-11-27,良,62,174,43,61,15,37,1.38,5
27,2015-11-28,良,67,136,48,66,18,36,1.2,4
28,2015-11-29,良,76,148,55,77,19,40,1.24,13
29,2015-11-30,良,88,195,64,89,18,42,1.36,7
0,2015-10-01,优,46,120,24,46,8,26,0.81,36
1,2015-10-02,良,51,105,21,54,14,34,0.83,42
2,2015-10-03,良,52,114,33,56,9,33,0.9,36
3,2015-10-04,优,39,76,25,37,6,31,0.91,24
4,2015-10-05,优,39,72,25,39,7,36,0.97,21
5,2015-10-06,良,56,161,39,57,9,41,1.13,21
6,2015-10-07,良,71,254,51,76,13,45,1.22,46
7,2015-10-08,良,82,337,60,90,12,47,1.34,25
8,2015-10-09,良,72,294,51,84,14,42,1.18,18
9,2015-10-10,良,65,234,42,77,18,48,0.97,31
10,2015-10-11,良,67,226,44,82,14,56,1.08,42
11,2015-10-12,良,82,261,60,103,21,64,1.16,45
12,2015-10-13,良,74,176,52,88,21,59,1.1,40
13,2015-10-14,良,75,129,53,93,18,66,1.15,47
14,2015-10-15,良,86,162,62,111,20,74,1.3,53
15,2015-10-16,良,86,153,62,105,16,58,1.23,53
16,2015-10-17,良,64,76,45,73,11,47,1.13,37
17,2015-10-18,良,78,197,57,74,12,43,1.3,16
18,2015-10-19,良,82,188,60,84,12,47,1.3,36
19,2015-10-20,良,86,190,63,92,14,51,1.42,34
20,2015-10-21,良,70,139,49,77,14,46,1.3,43
21,2015-10-22,良,69,143,49,80,17,52,1.2,56
22,2015-10-23,良,86,195,63,89,14,47,1.2,46
23,2015-10-24,轻度污染,108,285,81,109,20,50,1.31,25
24,2015-10-25,轻度污染,103,290,76,102,17,36,1.27,12
25,2015-10-26,优,38,37,22,38,14,33,1.1,15
26,2015-10-27,优,32,22,14,31,16,33,0.73,21
27,2015-10-28,良,58,155,37,63,19,41,0.92,10
28,2015-10-29,良,90,307,66,103,26,55,1.15,14
29,2015-10-30,优,44,98,29,43,13,31,1.1,5
30,2015-10-31,优,45,132,30,43,12,33,0.86,19
0,2015-09-01,良,99,352,71,106,15,44,1.16,82
1,2015-09-02,良,81,303,59,88,11,45,1.15,66
2,2015-09-03,良,69,274,46,67,8,36,1.08,53
3,2015-09-04,良,51,195,32,53,11,29,1.01,49
4,2015-09-05,优,43,128,28,41,5,30,1.15,20
5,2015-09-06,优,40,94,23,38,8,28,0.96,38
6,2015-09-07,良,54,187,27,52,12,40,0.98,64
7,2015-09-08,良,59,199,37,64,12,37,1.03,58
8,2015-09-09,良,70,275,50,80,14,38,1.17,57
9,2015-09-10,良,78,304,57,86,15,40,1.26,51
10,2015-09-11,优,35,71,23,32,6,22,1.02,26
11,2015-09-12,优,31,42,10,19,8,28,0.77,62
12,2015-09-13,优,41,61,21,40,16,44,1.07,25
13,2015-09-14,良,51,90,30,53,16,44,1.06,44
14,2015-09-15,良,68,215,47,81,23,52,1.14,37
15,2015-09-16,良,83,286,61,86,15,42,1.09,41
16,2015-09-17,良,57,125,39,55,7,38,1.03,23
17,2015-09-18,优,30,27,18,29,6,37,1.12,20
18,2015-09-19,优,26,17,16,25,4,36,1.2,11
19,2015-09-20,优,41,83,25,40,11,44,1.35,51
20,2015-09-21,优,45,102,25,45,14,47,1.33,24
21,2015-09-22,良,59,208,41,59,9,47,1.2,22
22,2015-09-23,良,58,228,39,58,11,34,1.14,49
23,2015-09-24,优,30,37,18,29,6,30,0.99,24
24,2015-09-25,优,32,35,18,31,9,39,0.99,15
25,2015-09-26,优,40,88,25,39,9,41,1.09,14
26,2015-09-27,优,33,36,19,32,9,32,1.08,15
27,2015-09-28,优,29,27,16,28,6,34,1.11,13
28,2015-09-29,优,43,116,26,45,10,39,1.31,8
29,2015-09-30,良,66,260,46,74,10,34,1.26,44
0,2015-08-01,良,55,197,27,57,14,29,0.7,47
1,2015-08-02,优,48,124,23,46,16,21,0.6,53
2,2015-08-03,优,42,91,18,42,13,20,0.57,42
3,2015-08-04,优,47,135,20,46,14,23,0.61,57
4,2015-08-05,良,51,148,27,47,7,21,0.7,68
5,2015-08-06,良,66,266,36,64,10,36,0.87,77
6,2015-08-07,良,59,207,39,68,14,37,0.93,43
7,2015-08-08,良,51,193,34,50,6,32,0.91,22
8,2015-08-09,良,61,271,41,64,9,23,0.9,37
9,2015-08-10,良,69,306,49,75,11,29,0.94,54
10,2015-08-11,良,88,333,64,104,13,48,1.12,42
11,2015-08-12,良,56,176,37,60,8,26,0.85,52
12,2015-08-13,良,56,141,33,59,12,33,0.88,55
13,2015-08-14,良,64,213,42,73,13,35,0.88,63
14,2015-08-15,良,67,240,47,75,12,31,0.93,56
15,2015-08-16,良,80,263,58,88,10,37,1.09,49
16,2015-08-17,优,42,97,28,41,4,30,0.98,19
17,2015-08-18,优,31,37,20,30,5,24,0.81,29
18,2015-08-19,优,24,5,11,21,4,23,0.78,40
19,2015-08-20,优,43,98,24,42,7,35,0.86,58
20,2015-08-21,良,81,305,41,75,11,49,1.04,86
21,2015-08-22,良,91,320,56,97,16,57,1.15,86
22,2015-08-23,良,86,327,60,99,14,53,1.14,73
23,2015-08-24,良,84,329,60,96,15,50,1.16,63
24,2015-08-25,良,66,231,47,62,9,36,0.95,39
25,2015-08-26,良,56,137,38,60,12,41,0.99,48
26,2015-08-27,良,77,247,55,84,12,54,1.28,22
27,2015-08-28,良,79,255,57,81,10,38,1.16,44
28,2015-08-29,良,85,311,62,92,10,46,1.17,62
29,2015-08-30,良,80,272,53,83,12,49,1.13,75
30,2015-08-31,良,92,331,62,97,16,50,1.19,82
0,2015-07-01,优,38,82,22,37,5,23,0.89,26
1,2015-07-02,良,56,206,34,60,8,38,0.98,18
2,2015-07-03,优,45,128,26,44,4,29,0.75,36
3,2015-07-04,优,33,39,20,32,5,24,0.65,36
4,2015-07-05,优,36,52,20,35,6,27,0.69,34
5,2015-07-06,良,58,207,38,62,8,34,0.87,49
6,2015-07-07,良,68,251,44,76,12,43,0.92,64
7,2015-07-08,良,72,252,48,85,14,41,0.9,66
8,2015-07-09,良,70,229,49,82,11,39,0.9,70
9,2015-07-10,良,87,309,63,97,12,34,0.94,78
10,2015-07-11,轻度污染,103,336,77,124,15,46,1.05,73
11,2015-07-12,良,81,262,55,97,14,37,0.91,54
12,2015-07-13,良,75,187,51,97,15,42,1.01,51
13,2015-07-14,良,87,241,64,98,11,39,1.04,23
14,2015-07-15,优,45,81,28,46,6,23,0.81,51
15,2015-07-16,良,71,267,47,78,13,42,0.99,85
16,2015-07-17,良,90,327,66,111,21,52,1.2,81
17,2015-07-18,良,85,316,59,106,17,45,1.02,75
18,2015-07-19,良,84,318,59,106,19,49,1.05,65
19,2015-07-20,良,76,269,52,93,16,42,1.04,56
20,2015-07-21,良,82,305,59,107,17,51,1.13,72
21,2015-07-22,良,59,199,42,60,5,30,1.01,35
22,2015-07-23,良,68,278,48,70,8,39,1.14,42
23,2015-07-24,良,62,235,41,66,13,38,1.02,68
24,2015-07-25,良,81,297,53,88,16,47,1.14,88
25,2015-07-26,良,96,309,71,117,16,57,1.32,66
26,2015-07-27,良,66,212,43,71,15,40,1.07,65
27,2015-07-28,良,68,262,47,82,17,42,0.98,48
28,2015-07-29,良,52,179,31,56,13,27,0.84,39
29,2015-07-30,优,45,125,21,44,12,24,0.73,46
30,2015-07-31,良,54,218,28,56,13,28,0.74,53
0,2015-06-01,优,49,95,30,49,5,35,1.03,37
1,2015-06-02,良,79,274,58,80,7,44,1.14,34
2,2015-06-03,优,47,132,29,47,5,32,0.96,14
3,2015-06-04,优,42,95,25,41,5,34,0.92,28
4,2015-06-05,良,51,113,30,52,11,41,0.97,43
5,2015-06-06,良,59,150,38,64,11,46,0.99,20
6,2015-06-07,优,48,128,32,48,6,32,0.92,29
7,2015-06-08,良,57,205,39,57,9,38,1.02,24
8,2015-06-09,良,55,155,31,52,11,36,0.89,53
9,2015-06-10,良,76,239,45,80,12,48,1.04,71
10,2015-06-11,良,82,282,57,101,15,45,1.03,71
11,2015-06-12,良,69,235,45,86,14,34,0.9,49
12,2015-06-13,优,35,34,22,35,5,28,0.75,32
13,2015-06-14,良,60,185,40,65,10,41,1.0,40
14,2015-06-15,良,63,182,44,68,9,37,1.07,15
15,2015-06-16,优,48,114,31,48,6,35,0.97,24
16,2015-06-17,良,57,180,39,59,5,40,1.03,28
17,2015-06-18,良,66,243,47,71,6,47,1.23,22
18,2015-06-19,良,58,180,39,63,9,39,1.25,32
19,2015-06-20,良,57,186,37,62,7,45,1.08,18
20,2015-06-21,优,48,105,30,47,8,25,0.87,49
21,2015-06-22,优,45,92,20,43,10,27,0.91,49
22,2015-06-23,优,42,90,17,42,9,28,0.83,34
23,2015-06-24,良,61,252,38,71,8,35,1.04,21
24,2015-06-25,良,62,262,41,71,7,32,1.07,38
25,2015-06-26,良,58,226,34,61,6,27,0.87,41
26,2015-06-27,良,59,242,32,66,11,29,0.78,57
27,2015-06-28,良,61,242,36,71,8,28,0.8,53
28,2015-06-29,良,57,235,34,65,6,32,0.83,31
29,2015-06-30,优,34,53,18,33,5,24,0.8,26
0,2015-05-01,优,39,32,20,36,7,21,0.64,55
1,2015-05-02,优,49,103,25,50,14,35,0.75,52
2,2015-05-03,优,48,52,28,51,9,42,0.83,31
3,2015-05-04,优,47,50,26,46,9,27,0.71,40
4,2015-05-05,良,53,70,32,58,10,36,0.76,33
5,2015-05-06,良,71,147,49,82,13,39,0.89,62
6,2015-05-07,良,64,104,41,75,15,43,0.85,58
7,2015-05-08,良,59,137,29,63,11,33,0.67,83
8,2015-05-09,良,74,266,41,83,18,54,0.85,71
9,2015-05-10,良,67,207,37,76,18,42,0.86,76
10,2015-05-11,良,54,174,19,60,11,25,0.55,85
11,2015-05-12,良,78,293,36,103,22,58,0.82,53
12,2015-05-13,良,86,266,48,120,26,64,0.94,31
13,2015-05-14,良,87,254,62,116,15,63,1.08,44
14,2015-05-15,良,82,276,60,88,8,47,1.03,30
15,2015-05-16,良,57,126,34,58,11,43,0.88,37
16,2015-05-17,良,63,131,43,70,11,43,0.97,24
17,2015-05-18,良,88,261,63,94,9,43,0.98,70
18,2015-05-19,良,84,237,60,103,14,56,1.07,42
19,2015-05-20,良,66,192,40,79,18,48,1.03,43
20,2015-05-21,良,76,269,50,95,13,46,1.02,50
21,2015-05-22,良,56,123,38,58,5,30,0.9,40
22,2015-05-23,优,49,92,30,51,8,32,0.87,36
23,2015-05-24,良,57,108,31,56,13,32,0.97,63
24,2015-05-25,优,45,47,24,44,8,34,0.94,32
25,2015-05-26,优,49,74,29,50,6,37,0.92,32
26,2015-05-27,良,74,193,52,90,12,54,1.15,36
27,2015-05-28,良,90,263,66,105,13,69,1.39,21
28,2015-05-29,良,57,170,33,57,9,39,0.87,52
29,2015-05-30,良,63,220,39,72,16,51,0.93,59
30,2015-05-31,良,69,184,40,72,14,45,1.02,70
0,2015-04-01,良,79,260,52,95,21,52,1.12,70
1,2015-04-02,良,71,259,33,89,12,37,0.8,81
2,2015-04-03,良,79,262,40,91,22,53,0.96,88
3,2015-04-04,良,60,139,35,66,12,25,0.87,85
4,2015-04-05,优,34,18,22,34,5,21,0.94,38
5,2015-04-06,优,31,20,19,30,7,29,1.19,21
6,2015-04-07,优,21,1,13,18,4,25,1.1,40
7,2015-04-08,优,30,24,19,28,8,25,1.04,45
8,2015-04-09,优,40,43,25,39,8,41,1.14,28
9,2015-04-10,良,67,188,47,75,15,53,1.23,40
10,2015-04-11,良,90,268,66,93,17,56,1.14,28
11,2015-04-12,良,69,173,45,83,15,50,0.98,52
12,2015-04-13,良,83,309,45,114,15,65,1.01,48
13,2015-04-14,良,67,126,29,81,19,49,0.79,68
14,2015-04-15,良,61,41,39,69,13,43,0.81,83
15,2015-04-16,良,77,107,52,96,15,56,0.93,86
16,2015-04-17,轻度污染,113,265,84,142,28,64,1.22,76
17,2015-04-18,良,80,179,58,89,12,34,1.0,56
18,2015-04-19,优,34,16,14,28,8,27,0.75,60
19,2015-04-20,良,54,129,31,55,17,39,0.88,59
20,2015-04-21,良,67,187,43,74,22,51,0.98,47
21,2015-04-22,良,71,198,51,71,13,42,0.82,30
22,2015-04-23,良,66,118,47,64,12,44,0.87,23
23,2015-04-24,良,76,181,55,77,13,51,0.96,36
24,2015-04-25,良,76,153,54,86,14,59,1.02,53
25,2015-04-26,良,81,157,59,101,23,69,1.09,53
26,2015-04-27,良,95,266,68,112,26,61,1.09,77
27,2015-04-28,轻度污染,120,336,87,139,26,65,1.12,91
28,2015-04-29,轻度污染,124,327,88,150,27,69,1.19,89
29,2015-04-30,良,75,146,47,89,20,48,0.86,68
0,2015-03-01,优,45,89,27,45,8,28,1.03,27
1,2015-03-02,良,53,81,34,57,14,32,1.12,23
2,2015-03-03,良,66,143,45,77,20,44,1.25,21
3,2015-03-04,良,81,304,49,106,15,41,1.21,31
4,2015-03-05,良,69,231,34,85,12,25,0.87,52
5,2015-03-06,良,66,165,44,79,14,37,0.97,46
6,2015-03-07,良,65,140,45,76,15,41,0.96,51
7,2015-03-08,良,68,165,45,83,16,39,0.93,58
8,2015-03-09,良,87,260,63,120,19,70,1.31,21
9,2015-03-10,良,92,287,68,118,21,55,1.16,32
10,2015-03-11,良,100,308,75,122,22,57,1.03,30
11,2015-03-12,轻度污染,102,259,76,123,27,49,1.01,87
12,2015-03-13,轻度污染,116,288,86,139,34,69,1.11,42
13,2015-03-14,轻度污染,108,226,80,121,18,68,1.1,29
14,2015-03-15,轻度污染,113,236,84,121,21,57,1.25,45
15,2015-03-16,良,91,189,66,101,17,44,1.24,33
16,2015-03-17,良,97,262,72,109,18,46,1.2,40
17,2015-03-18,良,96,292,71,104,18,39,1.25,30
18,2015-03-19,优,45,52,27,46,10,36,1.32,14
19,2015-03-20,优,43,45,25,42,16,34,1.09,34
20,2015-03-21,优,48,34,27,49,15,38,1.16,48
21,2015-03-22,良,56,52,35,61,15,47,1.2,28
22,2015-03-23,良,70,181,48,85,24,46,1.29,43
23,2015-03-24,良,67,191,44,80,19,52,1.02,32
24,2015-03-25,良,64,165,40,75,16,43,1.0,62
25,2015-03-26,良,61,148,36,71,18,47,1.06,56
26,2015-03-27,良,55,100,35,60,13,48,1.1,28
27,2015-03-28,良,51,47,35,54,15,45,1.23,30
28,2015-03-29,良,73,124,52,78,12,59,1.28,38
29,2015-03-30,良,64,123,42,70,15,46,1.17,55
30,2015-03-31,良,67,157,44,81,17,47,1.07,56
0,2015-02-01,良,53,74,34,54,22,34,0.94,27
1,2015-02-02,良,77,122,56,83,19,39,1.03,26
2,2015-02-03,良,97,162,71,106,23,50,1.17,20
3,2015-02-04,轻度污染,128,233,97,148,31,64,1.4,9
4,2015-02-05,轻度污染,101,240,75,106,19,51,1.13,20
5,2015-02-06,良,99,213,73,111,20,60,1.13,19
6,2015-02-07,轻度污染,147,307,111,158,27,60,1.21,16
7,2015-02-08,中度污染,181,355,136,187,21,56,1.44,8
8,2015-02-09,轻度污染,125,312,94,134,23,63,1.19,18
9,2015-02-10,轻度污染,145,306,110,163,29,71,1.22,11
10,2015-02-11,中度污染,183,326,138,200,29,71,1.36,31
11,2015-02-12,轻度污染,149,262,113,161,19,62,1.2,48
12,2015-02-13,中度污染,188,339,142,203,26,85,1.48,23
13,2015-02-14,中度污染,190,308,143,193,27,71,1.48,27
14,2015-02-15,中度污染,183,304,138,182,21,50,1.39,37
15,2015-02-16,中度污染,172,318,129,171,16,54,1.48,17
16,2015-02-17,轻度污染,102,208,76,108,14,28,1.1,41
17,2015-02-18,轻度污染,110,257,82,112,16,30,1.03,54
18,2015-02-19,轻度污染,144,249,110,142,17,22,1.02,48
19,2015-02-20,良,75,231,54,73,9,22,1.15,35
20,2015-02-21,良,88,246,64,86,12,23,1.28,25
21,2015-02-22,良,57,104,39,55,6,19,1.08,23
22,2015-02-23,优,47,83,32,46,7,19,0.93,29
23,2015-02-24,良,57,115,39,59,9,24,1.02,22
24,2015-02-25,良,61,170,43,60,9,23,1.08,31
25,2015-02-26,良,56,166,37,53,9,25,1.07,23
26,2015-02-27,优,37,75,21,36,8,19,0.87,37
27,2015-02-28,优,29,49,19,28,5,21,1.01,24
0,2015-01-01,中度污染,191,347,144,196,32,24,2.07,4
1,2015-01-02,重度污染,222,659,171,239,32,20,2.32,3
2,2015-01-03,重度污染,230,346,179,249,37,36,2.5,3
3,2015-01-04,严重污染,262,329,211,292,41,46,2.17,4
4,2015-01-05,中度污染,164,235,124,160,19,36,1.56,8
5,2015-01-06,良,83,232,60,86,15,34,0.95,23
6,2015-01-07,良,84,212,61,87,14,37,1.1,17
7,2015-01-08,良,93,181,69,88,13,40,1.14,9
8,2015-01-09,轻度污染,121,211,91,129,20,41,1.27,5
9,2015-01-10,轻度污染,126,213,95,131,21,45,1.3,10
10,2015-01-11,轻度污染,131,237,99,137,31,53,1.31,13
11,2015-01-12,轻度污染,145,305,110,155,26,51,1.37,18
12,2015-01-13,轻度污染,124,258,93,145,26,60,1.27,20
13,2015-01-14,中度污染,180,311,138,205,34,68,1.48,7
14,2015-01-15,重度污染,218,320,167,236,39,66,1.6,6
15,2015-01-16,重度污染,239,343,188,247,41,66,1.49,6
16,2015-01-17,重度污染,226,362,175,232,31,63,1.46,6
17,2015-01-18,中度污染,180,353,135,176,28,51,1.3,11
18,2015-01-19,中度污染,182,355,137,188,27,53,1.39,6
19,2015-01-20,中度污染,195,351,147,208,28,66,1.53,15
20,2015-01-21,中度污染,175,341,132,194,33,71,1.38,23
21,2015-01-22,轻度污染,141,284,106,169,24,78,1.31,29
22,2015-01-23,中度污染,175,300,132,207,36,83,1.43,20
23,2015-01-24,中度污染,197,290,152,219,34,65,1.39,8
24,2015-01-25,重度污染,242,329,191,278,39,75,1.73,6
25,2015-01-26,重度污染,243,316,192,257,29,60,1.76,5
26,2015-01-27,中度污染,173,352,131,174,18,50,1.78,6
27,2015-01-28,优,50,150,35,46,9,33,1.27,19
28,2015-01-29,优,50,114,34,47,9,32,1.22,10
29,2015-01-30,良,55,110,38,52,11,35,1.07,11
30,2015-01-31,良,63,148,44,63,25,35,0.96,29
0,2014-12-01,良,57,46,39,58,13,37,1.31,5
1,2014-12-02,良,60,63,42,63,12,31,1.22,3
2,2014-12-03,良,79,114,57,78,13,42,1.21,5
3,2014-12-04,良,72,114,52,70,14,35,1.14,4
4,2014-12-05,轻度污染,121,169,90,111,22,43,1.2,5
5,2014-12-06,中度污染,162,171,122,143,24,51,1.26,5
6,2014-12-07,中度污染,171,177,129,153,25,48,1.2,13
7,2014-12-08,中度污染,174,175,132,153,22,56,1.27,14
8,2014-12-09,轻度污染,148,157,112,131,22,54,1.07,19
9,2014-12-10,轻度污染,104,122,77,89,16,36,0.99,18
10,2014-12-11,良,83,98,60,70,12,37,0.92,18
11,2014-12-12,轻度污染,111,159,83,96,18,42,1.0,10
12,2014-12-13,轻度污染,134,180,101,119,17,41,1.26,4
13,2014-12-14,轻度污染,143,150,108,124,24,45,1.32,5
14,2014-12-15,中度污染,188,169,143,167,29,48,1.29,6
15,2014-12-16,轻度污染,133,182,100,123,21,47,1.01,16
16,2014-12-17,轻度污染,131,178,99,120,30,54,1.03,10
17,2014-12-18,重度污染,223,182,172,201,48,68,1.52,4
18,2014-12-19,中度污染,169,175,127,175,29,53,1.39,13
19,2014-12-20,中度污染,159,181,120,193,26,39,1.54,7
20,2014-12-21,轻度污染,139,182,105,129,24,38,1.48,10
21,2014-12-22,良,94,104,69,86,22,38,1.67,13
22,2014-12-23,轻度污染,145,145,110,139,36,39,1.59,15
23,2014-12-24,轻度污染,146,126,110,139,24,30,2.01,8
24,2014-12-25,轻度污染,117,120,87,103,33,32,1.91,4
25,2014-12-26,良,73,67,53,70,18,34,1.57,8
26,2014-12-27,良,90,82,66,82,22,30,1.58,7
27,2014-12-28,轻度污染,110,79,82,107,25,34,1.68,17
28,2014-12-29,轻度污染,124,92,93,122,17,34,1.75,20
29,2014-12-30,轻度污染,142,125,108,137,23,38,1.63,19
30,2014-12-31,轻度污染,144,475,109,148,27,28,1.79,5
0,2014-11-01,良,53,44,38,52,12,28,0.99,8
1,2014-11-02,优,46,43,32,46,11,28,0.65,20
2,2014-11-03,良,76,128,55,82,20,37,0.88,9
3,2014-11-04,良,98,138,72,112,20,45,1.12,6
4,2014-11-05,轻度污染,131,156,98,136,23,44,0.94,28
5,2014-11-06,中度污染,165,171,125,180,17,51,1.17,10
6,2014-11-07,良,97,157,72,95,10,43,0.79,19
7,2014-11-08,良,85,125,62,86,16,35,0.72,18
8,2014-11-09,良,82,109,60,93,16,39,0.84,13
9,2014-11-10,轻度污染,121,108,90,141,15,38,0.91,8
10,2014-11-11,中度污染,171,165,129,184,19,35,0.98,7
11,2014-11-12,中度污染,192,188,144,196,15,40,1.17,5
12,2014-11-13,轻度污染,149,190,113,152,13,37,0.96,11
13,2014-11-14,中度污染,182,188,138,201,16,43,1.05,9
14,2014-11-15,中度污染,193,184,146,204,16,41,1.0,7
15,2014-11-16,中度污染,154,163,117,154,12,37,0.93,7
16,2014-11-17,轻度污染,145,157,110,147,13,38,0.85,15
17,2014-11-18,轻度污染,129,147,97,145,21,43,0.84,8
18,2014-11-19,中度污染,185,173,141,216,29,60,1.15,14
19,2014-11-20,中度污染,151,146,114,173,22,56,1.18,7
20,2014-11-21,中度污染,173,130,130,187,29,53,1.31,3
21,2014-11-22,轻度污染,102,72,76,101,17,44,1.13,5
22,2014-11-23,良,94,93,70,92,13,42,1.2,5
23,2014-11-24,良,79,106,57,81,13,35,1.21,5
24,2014-11-25,良,57,57,39,59,11,43,1.36,12
25,2014-11-26,良,67,55,47,68,15,40,1.36,7
26,2014-11-27,良,83,115,60,88,16,41,1.37,13
27,2014-11-28,良,94,143,70,107,19,49,1.46,5
28,2014-11-29,良,58,40,41,57,10,33,1.37,5
29,2014-11-30,良,67,105,48,64,12,31,1.42,4
0,2014-10-01,良,56,70,37,60,11,35,1.02,27
1,2014-10-02,良,53,35,32,55,10,30,1.01,46
2,2014-10-03,良,57,47,32,62,13,36,1.0,37
3,2014-10-04,优,42,6,23,42,8,31,0.83,45
4,2014-10-05,良,73,114,50,87,14,38,1.08,48
5,2014-10-06,良,81,121,56,101,20,47,1.14,56
6,2014-10-07,良,73,47,51,91,20,44,1.0,63
7,2014-10-08,良,80,65,57,98,20,50,1.0,66
8,2014-10-09,良,96,109,70,118,26,52,1.07,60
9,2014-10-10,良,93,105,69,115,26,52,1.0,64
10,2014-10-11,良,100,131,73,122,23,54,1.05,76
11,2014-10-12,良,60,78,38,68,20,29,0.63,24
12,2014-10-13,良,59,78,41,57,18,27,0.66,13
13,2014-10-14,轻度污染,101,136,75,96,28,42,0.81,19
14,2014-10-15,中度污染,178,183,134,172,31,46,1.07,5
15,2014-10-16,轻度污染,105,112,77,96,12,32,1.07,8
16,2014-10-17,良,52,12,36,44,12,31,1.08,8
17,2014-10-18,良,80,56,58,66,13,32,1.15,6
18,2014-10-19,良,90,111,66,77,14,37,1.19,10
19,2014-10-20,轻度污染,133,151,100,120,13,52,1.58,13
20,2014-10-21,轻度污染,124,164,94,138,14,50,1.44,31
21,2014-10-22,良,86,93,62,107,15,47,1.07,42
22,2014-10-23,良,86,71,63,98,16,42,0.99,26
23,2014-10-24,轻度污染,138,157,104,153,16,49,1.29,35
24,2014-10-25,重度污染,207,178,157,208,23,61,1.31,31
25,2014-10-26,中度污染,191,184,145,209,25,67,1.36,37
26,2014-10-27,重度污染,214,189,166,241,26,64,1.48,17
27,2014-10-28,良,83,119,60,81,9,35,1.01,29
28,2014-10-29,良,57,57,39,58,11,37,1.18,24
29,2014-10-30,良,68,91,48,77,13,42,1.31,9
30,2014-10-31,良,79,116,58,86,20,39,1.27,9
0,2014-09-01,优,46,57,27,48,8,29,1.03,27
1,2014-09-02,优,35,20,18,36,10,27,0.9,32
2,2014-09-03,良,61,155,39,67,19,36,1.1,45
3,2014-09-04,优,33,7,19,32,11,28,0.78,47
4,2014-09-05,良,54,36,29,57,20,33,1.0,49
5,2014-09-06,良,66,57,42,79,24,36,1.19,55
6,2014-09-07,良,75,104,54,85,14,25,1.21,47
7,2014-09-08,良,79,115,57,100,16,27,1.25,71
8,2014-09-09,良,90,154,66,115,17,29,1.27,70
9,2014-09-10,良,82,144,58,96,12,30,1.11,82
10,2014-09-11,良,75,148,52,96,16,34,1.12,52
11,2014-09-12,良,63,143,40,73,10,26,1.03,33
12,2014-09-13,优,42,62,22,41,9,20,0.97,16
13,2014-09-14,优,32,16,16,31,8,20,0.91,16
14,2014-09-15,优,29,17,14,28,9,15,0.87,14
15,2014-09-16,优,44,66,25,44,11,25,1.04,19
16,2014-09-17,优,34,43,19,34,9,22,1.23,6
17,2014-09-18,优,15,1,8,13,7,22,1.13,11
18,2014-09-19,优,40,29,24,42,9,34,1.24,20
19,2014-09-20,良,60,74,36,65,14,37,1.48,45
20,2014-09-21,良,61,102,31,69,17,38,1.17,57
21,2014-09-22,良,62,93,31,71,18,42,0.93,60
22,2014-09-23,良,79,149,57,91,20,40,0.98,43
23,2014-09-24,良,60,106,42,64,11,34,0.87,44
24,2014-09-25,良,78,99,56,91,19,45,1.07,37
25,2014-09-26,良,98,127,73,110,14,44,1.04,20
26,2014-09-27,良,90,112,66,93,12,34,1.06,17
27,2014-09-28,良,80,129,56,88,12,35,1.11,14
28,2014-09-29,良,71,135,46,86,14,41,1.15,42
29,2014-09-30,良,57,122,33,62,14,36,1.07,35
0,2014-08-01,优,50,94,24,48,15,26,0.76,75
1,2014-08-02,良,67,125,31,61,15,32,0.87,78
2,2014-08-03,良,73,107,39,70,22,31,0.86,87
3,2014-08-04,良,73,99,39,76,18,31,0.89,94
4,2014-08-05,良,82,149,40,72,23,37,0.89,92
5,2014-08-06,良,68,122,34,64,21,34,0.81,80
6,2014-08-07,良,84,174,33,67,23,27,0.76,113
7,2014-08-09,良,52,87,31,53,7,23,0.96,29
8,2014-08-10,优,44,30,24,45,12,20,1.01,54
9,2014-08-11,优,26,2,15,25,6,20,1.07,26
10,2014-08-12,优,22,1,10,18,6,20,0.79,39
11,2014-08-13,优,46,61,18,39,11,25,0.8,75
12,2014-08-14,良,80,171,39,76,20,42,0.98,96
13,2014-08-15,良,71,96,46,89,27,48,1.02,70
14,2014-08-16,良,65,81,44,77,22,37,0.94,49
15,2014-08-17,良,60,89,40,67,14,29,0.96,39
16,2014-08-18,优,49,57,29,50,11,26,1.07,45
17,2014-08-19,良,53,73,28,52,14,27,0.96,73
18,2014-08-20,良,71,103,41,75,20,39,1.04,83
19,2014-08-21,良,73,72,40,75,21,37,0.88,89
20,2014-08-23,优,43,28,27,43,8,26,0.84,44
21,2014-08-24,良,65,127,44,77,18,42,1.06,39
22,2014-08-25,良,74,138,47,82,18,41,1.2,63
23,2014-08-26,良,54,44,34,60,12,32,0.96,37
24,2014-08-27,优,24,5,13,23,8,26,0.84,29
25,2014-08-28,优,40,31,23,39,9,34,1.0,21
26,2014-08-29,优,44,31,26,45,14,28,1.03,41
27,2014-08-30,良,58,89,28,56,15,30,0.96,62
28,2014-08-31,优,49,64,30,52,11,28,0.93,42
0,2014-07-01,优,33,18,19,31,8,31,0.91,33
1,2014-07-02,良,59,69,29,51,9,35,1.06,65
2,2014-07-03,优,41,25,24,41,8,36,1.01,33
3,2014-07-04,优,45,30,25,43,9,29,0.84,69
4,2014-07-05,良,75,126,42,74,13,39,1.07,78
5,2014-07-06,良,59,95,32,63,13,34,0.97,63
6,2014-07-07,良,80,121,53,91,14,33,1.09,79
7,2014-07-08,良,87,129,49,85,15,28,0.96,95
8,2014-07-09,良,64,91,35,69,13,30,0.84,75
9,2014-07-10,良,63,81,37,73,11,27,0.84,61
10,2014-07-11,优,40,30,20,38,10,17,0.7,54
11,2014-07-12,优,43,41,21,42,12,28,0.84,30
12,2014-07-13,良,69,119,31,58,16,27,0.88,77
13,2014-07-14,优,44,45,24,45,10,34,0.8,37
14,2014-07-15,良,58,85,34,66,21,41,0.93,38
15,2014-07-16,良,77,133,42,81,18,35,1.01,53
16,2014-07-17,良,87,155,46,87,23,35,0.99,98
17,2014-07-18,优,48,59,22,48,19,26,0.76,48
18,2014-07-19,优,46,55,19,44,15,22,0.76,42
19,2014-07-20,优,39,35,14,37,11,21,0.69,35
20,2014-07-21,优,46,46,18,44,16,22,0.69,50
21,2014-07-22,良,61,94,22,57,23,29,0.71,73
22,2014-07-23,轻度污染,102,176,39,86,31,35,0.85,119
23,2014-07-24,良,60,105,28,56,13,24,0.7,87
24,2014-07-25,良,86,156,34,69,19,33,0.82,106
25,2014-07-26,良,94,114,42,84,27,37,0.84,105
26,2014-07-27,良,65,63,34,63,21,25,0.73,90
27,2014-07-28,良,67,70,33,64,22,28,0.8,86
28,2014-07-29,良,67,54,30,67,23,32,0.76,68
29,2014-07-30,良,68,111,27,59,23,28,0.68,93
30,2014-07-31,良,71,121,35,76,26,29,0.78,77
0,2014-06-01,良,71,98,42,72,15,26,0.94,80
1,2014-06-02,良,72,133,44,70,9,34,1.0,70
2,2014-06-03,良,55,56,29,43,7,16,0.86,89
3,2014-06-04,良,70,84,49,75,15,33,1.15,49
4,2014-06-05,良,74,90,53,81,13,32,1.2,25
5,2014-06-06,良,52,51,32,55,12,24,0.95,31
6,2014-06-07,良,61,81,42,68,19,30,0.97,40
7,2014-06-08,良,72,76,51,78,15,33,1.07,44
8,2014-06-09,良,56,72,40,58,7,30,1.15,22
9,2014-06-10,优,39,15,25,39,10,33,0.99,30
10,2014-06-11,优,50,30,32,53,19,29,0.9,43
11,2014-06-12,良,64,46,45,70,21,29,0.94,33
12,2014-06-13,优,47,20,32,48,10,30,0.99,20
13,2014-06-14,优,45,8,29,45,9,31,1.01,31
14,2014-06-15,良,60,34,40,65,10,37,1.23,32
15,2014-06-16,良,62,49,41,68,11,35,1.26,53
16,2014-06-17,良,94,144,49,85,21,45,1.34,109
17,2014-06-18,轻度污染,101,151,52,95,17,39,1.19,110
18,2014-06-19,良,66,99,42,79,13,47,1.2,28
19,2014-06-20,优,41,42,27,44,5,29,0.96,25
20,2014-06-21,优,37,30,22,34,9,24,0.71,56
21,2014-06-22,优,39,32,24,38,10,28,0.85,34
22,2014-06-23,优,38,28,23,37,9,32,1.05,28
23,2014-06-24,优,45,44,30,44,12,27,1.04,24
24,2014-06-25,优,32,12,18,31,11,29,0.98,21
25,2014-06-26,良,54,75,35,58,14,42,1.27,22
26,2014-06-27,良,70,123,42,79,12,48,1.46,63
27,2014-06-28,良,64,80,41,76,14,45,1.29,27
28,2014-06-29,优,25,8,13,21,5,28,0.88,40
29,2014-06-30,优,31,17,18,30,7,32,1.09,24
0,2014-05-01,良,75,34,48,96,21,38,0.94,73
1,2014-05-02,良,83,88,57,111,17,28,0.86,25
2,2014-05-03,优,38,3,26,38,10,25,0.86,19
3,2014-05-04,优,34,4,22,32,14,26,0.89,30
4,2014-05-05,良,57,65,32,62,27,36,0.9,39
5,2014-05-06,良,60,46,32,68,26,36,0.83,59
6,2014-05-07,良,77,84,46,95,32,50,0.93,78
7,2014-05-08,良,94,99,68,123,33,55,1.15,33
8,2014-05-09,轻度污染,138,178,105,166,32,46,1.31,16
9,2014-05-10,良,60,98,42,63,13,28,1.03,20
10,2014-05-11,良,52,78,29,57,21,31,0.85,57
11,2014-05-12,良,66,76,45,81,27,44,1.2,27
12,2014-05-13,良,84,101,60,101,27,40,1.29,20
13,2014-05-14,良,66,70,43,74,17,28,1.03,42
14,2014-05-15,良,61,53,35,71,27,35,0.87,28
15,2014-05-16,良,60,32,42,67,15,33,0.86,36
16,2014-05-17,良,72,60,51,87,21,34,1.01,61
17,2014-05-18,良,80,103,57,96,22,36,1.12,78
18,2014-05-19,良,92,109,68,102,15,33,1.16,73
19,2014-05-20,良,92,90,67,104,15,34,1.2,43
20,2014-05-21,优,40,13,24,39,9,28,0.84,40
21,2014-05-22,良,56,39,36,61,18,32,1.16,23
22,2014-05-23,良,55,57,32,60,16,36,1.23,19
23,2014-05-24,良,72,129,50,87,20,39,1.34,23
24,2014-05-25,良,65,68,42,82,13,31,1.17,18
25,2014-05-26,优,50,33,32,62,9,25,0.76,31
26,2014-05-27,良,78,48,53,102,19,37,1.0,39
27,2014-05-28,良,89,94,62,123,16,38,1.12,44
28,2014-05-29,良,88,60,62,121,19,43,1.22,49
29,2014-05-30,良,88,75,64,117,31,40,1.24,48
30,2014-05-31,良,58,49,39,65,21,26,0.93,44
0,2014-04-01,优,45,10,31,42,15,34,0.93,29
1,2014-04-02,良,57,31,39,57,24,32,1.02,38
2,2014-04-03,良,75,86,54,86,34,48,1.21,32
3,2014-04-04,良,90,117,66,93,34,40,1.1,37
4,2014-04-05,良,77,77,56,72,23,36,1.06,30
5,2014-04-06,良,63,51,45,62,20,30,0.99,48
6,2014-04-07,良,69,50,50,77,29,40,1.22,49
7,2014-04-08,良,89,73,65,101,39,46,1.36,54
8,2014-04-09,良,72,40,52,88,42,46,1.29,30
9,2014-04-10,良,91,88,67,101,33,45,1.45,13
10,2014-04-11,良,81,85,59,86,24,39,1.41,17
11,2014-04-12,良,60,47,39,65,25,32,1.28,48
12,2014-04-13,优,42,10,26,42,20,23,1.2,41
13,2014-04-14,良,52,16,28,53,23,30,1.17,51
14,2014-04-15,良,52,15,32,55,24,29,1.19,45
15,2014-04-16,良,71,81,50,86,33,36,1.32,49
16,2014-04-17,良,71,69,51,85,30,29,1.24,57
17,2014-04-18,良,72,85,52,81,19,29,1.15,52
18,2014-04-19,优,40,15,20,37,14,24,1.1,44
19,2014-04-20,优,31,5,18,30,14,21,1.24,33
20,2014-04-21,优,30,6,18,29,13,23,1.08,24
21,2014-04-22,优,47,26,27,48,27,33,1.05,30
22,2014-04-23,良,52,21,29,56,26,38,1.11,28
23,2014-04-24,良,68,47,44,80,37,43,1.11,32
24,2014-04-25,良,54,40,32,57,23,33,0.99,18
25,2014-04-26,良,73,122,48,96,23,28,0.79,22
26,2014-04-27,良,62,75,43,70,17,27,0.91,33
27,2014-04-28,良,57,34,38,57,17,38,1.06,16
28,2014-04-29,良,66,27,43,75,19,33,0.9,44
29,2014-04-30,良,80,56,52,104,23,47,1.06,55
0,2014-03-01,优,50,49,32,52,33,31,1.26,7
1,2014-03-02,优,42,19,27,41,27,30,1.33,7
2,2014-03-03,良,57,39,37,62,29,31,1.12,18
3,2014-03-04,良,67,72,48,79,43,35,1.18,20
4,2014-03-05,良,80,108,59,98,32,37,1.24,26
5,2014-03-06,良,71,113,51,79,27,31,0.94,32
6,2014-03-07,优,48,47,28,49,22,27,0.89,38
7,2014-03-08,良,67,80,45,82,54,39,1.07,18
8,2014-03-09,良,83,93,60,100,41,36,1.08,36
9,2014-03-10,良,87,80,64,109,49,41,1.16,45
10,2014-03-11,良,84,57,62,103,48,39,1.14,57
11,2014-03-12,轻度污染,108,134,81,128,77,43,1.13,36
12,2014-03-13,良,91,134,67,108,35,36,1.17,11
13,2014-03-14,良,60,10,37,68,23,31,0.82,24
14,2014-03-15,良,70,15,50,80,33,39,1.17,22
15,2014-03-16,良,82,33,59,102,38,41,1.25,55
16,2014-03-17,良,94,48,70,119,49,53,1.33,62
17,2014-03-18,轻度污染,135,95,102,163,65,57,1.41,75
18,2014-03-19,轻度污染,144,165,109,180,77,55,1.58,55
19,2014-03-20,优,43,9,27,43,11,18,0.81,59
20,2014-03-21,优,40,3,25,39,20,28,0.77,27
21,2014-03-22,良,58,15,40,64,39,35,1.04,15
22,2014-03-23,良,75,42,54,89,78,43,1.14,8
23,2014-03-25,良,93,69,69,105,43,48,1.27,29
24,2014-03-26,良,95,69,70,112,41,48,1.23,48
25,2014-03-27,轻度污染,115,99,87,136,56,59,1.35,26
26,2014-03-28,良,92,105,68,102,34,44,1.29,29
27,2014-03-29,良,72,71,49,78,22,35,1.19,56
28,2014-03-30,优,40,10,26,39,11,26,0.8,51
29,2014-03-31,良,55,32,38,56,18,32,0.93,47
0,2014-02-01,重度污染,220,154,169,227,27,34,1.78,21
1,2014-02-02,中度污染,192,112,145,197,23,32,1.83,26
2,2014-02-03,中度污染,172,172,130,174,23,34,2.07,15
3,2014-02-04,轻度污染,141,174,107,144,20,28,1.86,27
4,2014-02-05,良,67,129,48,68,19,23,1.85,33
5,2014-02-06,优,45,88,32,42,15,18,1.53,16
6,2014-02-07,优,42,61,29,39,16,18,1.17,10
7,2014-02-08,良,53,58,37,48,12,19,1.07,11
8,2014-02-09,优,26,21,18,24,12,17,0.9,19
9,2014-02-10,良,63,123,46,59,22,20,1.19,39
10,2014-02-11,良,87,105,64,82,33,25,1.16,31
11,2014-02-12,良,87,78,64,84,29,23,0.97,42
12,2014-02-13,良,97,101,72,100,37,30,0.97,42
13,2014-02-14,轻度污染,117,99,88,120,44,37,1.1,37
14,2014-02-15,轻度污染,123,88,92,129,40,38,1.08,25
15,2014-02-16,轻度污染,138,136,105,147,46,40,1.13,21
16,2014-02-17,中度污染,160,162,121,164,40,36,1.17,13
17,2014-02-18,良,65,93,47,65,24,26,1.05,16
18,2014-02-19,良,79,80,58,83,28,33,1.2,27
19,2014-02-20,良,82,69,60,82,34,34,1.12,29
20,2014-02-21,中度污染,156,116,118,174,65,59,1.46,28
21,2014-02-22,中度污染,188,154,142,196,65,51,1.51,17
22,2014-02-23,重度污染,221,158,171,240,79,51,1.73,8
23,2014-02-24,中度污染,188,140,144,201,52,50,1.82,5
24,2014-02-25,轻度污染,140,101,106,150,39,41,1.58,8
25,2014-02-26,良,97,84,72,108,33,41,1.41,11
26,2014-02-27,良,85,86,62,88,30,38,1.37,7
27,2014-02-28,良,51,49,32,51,19,28,1.13,9
0,2014-01-01,轻度污染,149,140,114,161,61,40,1.5,9
1,2014-01-02,中度污染,167,131,134,187,62,40,1.35,11
2,2014-01-03,重度污染,208,144,158,229,56,52,1.62,15
3,2014-01-04,重度污染,205,170,156,226,42,54,1.73,21
4,2014-01-05,重度污染,210,148,160,213,37,46,1.64,16
5,2014-01-06,中度污染,199,130,151,206,41,44,1.76,6
6,2014-01-07,中度污染,161,129,121,161,48,38,1.44,7
7,2014-01-08,轻度污染,118,148,89,109,43,36,1.24,7
8,2014-01-09,轻度污染,117,149,88,113,40,36,1.33,6
9,2014-01-10,良,97,80,72,95,30,35,1.27,10
10,2014-01-11,轻度污染,113,88,85,116,43,39,1.49,7
11,2014-01-12,轻度污染,123,115,93,120,39,36,1.57,6
12,2014-01-13,轻度污染,107,108,80,112,39,39,1.43,15
13,2014-01-14,轻度污染,105,79,78,113,30,42,1.47,18
14,2014-01-15,轻度污染,136,90,104,158,47,50,1.62,9
15,2014-01-16,中度污染,196,129,148,193,55,44,1.69,8
16,2014-01-17,中度污染,190,114,143,193,55,51,1.73,12
17,2014-01-18,中度污染,165,89,125,178,37,48,1.57,25
18,2014-01-19,重度污染,202,122,153,208,50,43,1.65,9
19,2014-01-20,中度污染,154,118,116,173,46,45,1.49,21
20,2014-01-21,中度污染,164,182,124,177,29,44,1.35,31
21,2014-01-22,轻度污染,143,159,109,175,36,57,1.46,28
22,2014-01-24,中度污染,196,149,147,225,69,68,1.71,29
23,2014-01-25,重度污染,201,157,151,220,66,63,1.66,34
24,2014-01-26,重度污染,220,169,170,234,49,59,1.94,18
25,2014-01-27,中度污染,180,156,137,184,37,47,1.75,15
26,2014-01-28,重度污染,239,168,189,248,64,48,1.98,10
27,2014-01-29,重度污染,233,169,182,239,45,48,1.97,16
28,2014-01-30,中度污染,196,114,149,207,30,37,1.78,26
29,2014-01-31,重度污染,248,122,197,265,27,30,1.72,16
0,2013-12-01,轻度污染,124,78,102,173,71,50,1.4,17
1,2013-12-02,轻度污染,136,57,103,168,52,46,1.38,25
2,2013-12-03,中度污染,167,60,153,217,76,45,1.56,18
3,2013-12-04,重度污染,203,69,140,198,47,42,1.49,22
4,2013-12-05,中度污染,176,63,133,169,41,34,1.37,14
5,2013-12-06,中度污染,185,79,125,170,41,35,1.51,12
6,2013-12-07,轻度污染,145,44,107,152,43,39,1.52,11
7,2013-12-08,轻度污染,141,31,84,114,40,29,1.23,4
8,2013-12-09,良,88,23,49,84,53,31,1.05,11
9,2013-12-10,良,73,16,49,73,49,29,1.04,6
10,2013-12-11,良,62,13,44,66,28,29,0.89,8
11,2013-12-12,良,67,18,53,86,36,31,1.06,9
12,2013-12-13,良,88,39,76,124,45,41,1.32,7
13,2013-12-14,轻度污染,109,39,95,134,43,36,1.44,7
14,2013-12-15,轻度污染,112,54,53,67,27,29,1.03,9
15,2013-12-16,良,57,28,41,59,25,27,0.96,18
16,2013-12-17,良,72,48,64,92,23,34,1.12,12
17,2013-12-18,良,92,70,76,109,39,37,1.1,10
18,2013-12-19,轻度污染,110,59,80,116,56,38,0.98,13
19,2013-12-20,轻度污染,101,42,78,114,35,33,1.0,12
20,2013-12-21,轻度污染,115,50,90,128,52,34,1.1,9
21,2013-12-22,轻度污染,122,45,99,149,42,39,1.22,11
22,2013-12-23,中度污染,155,51,133,194,73,40,1.4,8
23,2013-12-24,中度污染,194,61,155,221,72,43,1.69,6
24,2013-12-25,重度污染,221,65,187,256,78,46,1.91,5
25,2013-12-26,重度污染,231,68,157,194,60,37,1.56,4
26,2013-12-27,中度污染,167,97,112,135,49,32,1.35,5
27,2013-12-28,轻度污染,134,82,98,121,38,32,1.34,7
28,2013-12-29,轻度污染,132,82,100,125,41,32,1.45,6
29,2013-12-30,轻度污染,135,83,104,136,50,37,1.5,8
30,2013-12-31,轻度污染,149,138,107,149,40,41,1.54,9
0,2013-11-01,优,41,1,27,40,16,26,1.57,11
1,2013-11-02,良,55,14,36,57,24,29,1.64,11
2,2013-11-03,优,34,2,22,33,19,22,1.68,11
3,2013-11-04,良,51,9,34,53,22,24,1.47,14
4,2013-11-05,优,50,5,34,51,16,23,1.23,11
5,2013-11-06,良,52,3,37,59,24,27,1.31,13
6,2013-11-07,良,62,6,48,76,30,28,1.0,10
7,2013-11-08,良,66,17,47,76,29,31,1.18,17
8,2013-11-09,良,76,33,62,104,43,34,1.33,14
9,2013-11-10,良,82,61,50,81,30,27,1.24,7
10,2013-11-11,优,48,18,19,27,15,20,1.03,7
11,2013-11-12,优,28,9,22,32,17,18,0.98,5
12,2013-11-13,优,42,27,31,46,24,21,1.12,5
13,2013-11-14,优,43,19,26,43,19,20,1.14,5
14,2013-11-15,良,52,18,42,70,26,25,1.3,4
15,2013-11-16,良,69,20,59,98,37,30,1.39,8
16,2013-11-17,良,88,48,66,106,29,38,1.62,10
17,2013-11-18,轻度污染,103,81,89,143,51,41,1.73,9
18,2013-11-19,轻度污染,113,80,81,130,38,40,1.68,10
19,2013-11-20,轻度污染,120,60,98,143,39,39,1.65,10
20,2013-11-21,轻度污染,117,44,72,105,27,30,1.3,10
21,2013-11-22,良,72,16,40,59,15,24,1.04,10
22,2013-11-23,良,55,6,33,49,15,23,1.14,11
23,2013-11-24,优,47,1,27,72,19,23,0.72,33
24,2013-11-25,良,85,58,50,140,26,32,0.97,19
25,2013-11-26,轻度污染,106,83,79,173,57,36,1.08,7
26,2013-11-27,轻度污染,102,76,67,124,29,29,0.95,12
27,2013-11-28,良,92,104,78,143,45,36,1.15,8
28,2013-11-29,轻度污染,109,106,78,129,38,34,1.1,13
29,2013-11-30,轻度污染,109,80,86,155,61,46,1.33,14
0,2013-10-28,轻度污染,111,40,84,107,23,29,1.2,34
1,2013-10-29,良,98,45,73,90,29,32,1.34,18
2,2013-10-30,良,73,33,53,69,27,31,1.41,12
3,2013-10-31,良,64,26,46,62,20,29,1.46,12
