0,2019-12-01,优,41,109,23,41,5,21,0.6,45
1,2019-12-02,优,32,60,17,30,4,15,0.67,66
2,2019-12-03,良,53,135,36,49,7,19,0.67,96
3,2019-12-04,良,59,167,41,58,7,28,0.61,101
4,2019-12-05,良,51,136,34,45,6,27,0.47,80
5,2019-12-06,优,24,16,15,18,3,21,0.42,56
6,2019-12-07,优,27,12,13,22,4,21,0.34,63
7,2019-12-08,优,43,35,24,44,5,31,0.46,66
8,2019-12-09,优,50,55,29,53,5,38,0.6,52
9,2019-12-10,良,59,67,33,69,6,51,0.77,34
0,2019-11-01,良,53,113,20,60,6,17,0.54,97
1,2019-11-02,优,40,71,19,43,5,14,0.49,85
2,2019-11-03,良,71,250,39,92,5,17,0.67,110
3,2019-11-04,良,55,119,28,60,5,15,0.58,105
4,2019-11-05,良,51,100,30,53,5,14,0.63,121
5,2019-11-06,优,39,66,18,38,4,15,0.51,107
6,2019-11-07,优,43,99,25,41,5,19,0.56,86
7,2019-11-08,优,41,72,25,37,5,15,0.54,97
8,2019-11-09,优,46,63,27,45,5,18,0.58,108
9,2019-11-10,优,48,58,24,50,6,31,0.57,82
10,2019-11-11,良,57,126,37,64,6,40,0.67,77
11,2019-11-12,良,65,179,38,75,6,33,0.69,110
12,2019-11-13,良,61,212,32,72,6,31,0.7,93
13,2019-11-14,良,55,171,31,58,5,17,0.58,103
14,2019-11-15,优,47,78,14,48,5,20,0.47,79
15,2019-11-16,优,40,58,16,41,5,29,0.56,55
16,2019-11-17,优,45,69,23,48,6,29,0.65,53
17,2019-11-18,良,55,144,36,56,5,34,0.95,49
18,2019-11-19,优,46,113,19,52,4,14,0.67,79
19,2019-11-20,良,57,131,18,65,5,13,0.58,77
20,2019-11-21,优,41,54,16,41,5,13,0.56,69
21,2019-11-22,优,44,68,22,44,5,27,0.6,41
22,2019-11-23,优,41,73,24,40,6,29,0.63,41
23,2019-11-24,优,41,113,25,40,5,25,0.56,57
24,2019-11-25,优,36,167,20,29,4,13,0.53,70
25,2019-11-26,优,29,48,15,28,4,17,0.63,56
26,2019-11-27,优,33,93,18,32,4,21,0.66,54
27,2019-11-28,优,25,38,11,21,4,18,0.59,46
28,2019-11-29,优,34,58,12,32,4,14,0.47,71
29,2019-11-30,优,42,91,20,41,4,26,0.54,43
0,2019-10-01,优,24,29,10,23,4,11,0.57,41
1,2019-10-02,优,50,146,30,52,5,19,0.73,75
2,2019-10-03,良,66,244,47,68,3,12,0.86,109
3,2019-10-04,良,61,260,42,62,4,13,0.8,95
4,2019-10-05,优,31,167,17,30,3,8,0.6,74
5,2019-10-06,优,42,255,22,43,3,6,0.71,105
6,2019-10-07,优,39,164,22,39,4,11,0.78,104
7,2019-10-08,优,45,206,29,44,4,13,0.91,100
8,2019-10-09,优,36,110,23,34,3,14,0.93,82
9,2019-10-10,优,43,159,21,44,4,17,0.67,104
10,2019-10-11,良,51,182,31,53,4,16,0.7,110
11,2019-10-12,优,49,176,32,48,4,15,0.69,105
12,2019-10-13,优,37,93,21,34,3,16,0.77,86
13,2019-10-14,优,33,110,13,32,4,11,0.6,84
14,2019-10-15,优,34,126,14,34,4,10,0.59,94
15,2019-10-16,优,38,136,16,37,4,12,0.56,94
16,2019-10-17,优,38,91,19,37,5,13,0.58,92
17,2019-10-18,优,43,103,25,43,4,14,0.59,119
18,2019-10-19,优,45,86,25,44,5,16,0.64,125
19,2019-10-20,优,47,70,27,44,5,18,0.68,119
20,2019-10-21,优,48,95,27,46,5,22,0.66,111
21,2019-10-22,优,47,104,26,47,5,21,0.68,105
22,2019-10-23,优,47,132,27,47,5,21,0.67,93
23,2019-10-24,优,46,127,29,45,4,20,0.68,98
24,2019-10-25,优,46,188,30,47,5,20,0.65,119
25,2019-10-26,良,57,251,40,58,5,17,0.7,119
26,2019-10-27,良,65,239,47,48,4,23,0.98,67
27,2019-10-28,优,16,10,7,15,3,22,0.86,35
28,2019-10-29,优,43,128,20,52,5,21,0.8,74
29,2019-10-30,良,97,238,45,143,6,23,0.72,108
30,2019-10-31,良,79,204,33,108,6,22,0.68,97
31,2019-10-31,良,79,204,33,108,6,22,0.68,97
0,2019-09-01,优,21,17,10,19,3,7,0.57,35
1,2019-09-02,优,17,19,9,15,3,6,0.5,30
2,2019-09-03,优,15,4,6,15,3,8,0.52,32
3,2019-09-04,优,15,4,7,15,2,9,0.5,27
4,2019-09-05,优,18,12,7,18,3,11,0.56,28
5,2019-09-06,优,31,93,12,30,3,14,0.6,40
6,2019-09-07,优,47,173,21,48,3,22,0.73,59
7,2019-09-08,优,45,125,21,46,3,18,0.71,73
8,2019-09-09,优,41,152,20,41,3,16,0.69,76
9,2019-09-10,优,33,139,16,33,3,12,0.68,77
10,2019-09-11,优,25,78,10,24,3,11,0.7,47
11,2019-09-12,优,20,37,9,19,3,8,0.63,41
12,2019-09-13,优,32,128,17,32,3,9,0.72,68
13,2019-09-14,优,39,196,20,38,3,9,0.68,88
14,2019-09-15,优,40,204,16,40,3,11,0.73,98
15,2019-09-16,优,44,218,22,44,3,14,0.83,100
16,2019-09-17,优,45,182,16,42,4,11,0.75,129
17,2019-09-18,优,47,218,21,45,4,12,0.79,123
18,2019-09-19,优,41,170,13,39,4,16,0.65,108
19,2019-09-20,优,50,215,19,49,4,23,0.61,108
20,2019-09-21,优,45,176,18,47,4,19,0.68,99
21,2019-09-22,优,37,85,16,35,4,12,0.65,104
22,2019-09-23,优,42,85,19,41,4,17,0.7,100
23,2019-09-24,良,51,143,23,47,4,15,0.8,131
24,2019-09-25,良,55,149,26,45,4,15,0.78,138
25,2019-09-26,良,61,199,32,52,5,15,0.78,148
26,2019-09-27,优,49,102,28,49,4,15,0.73,126
27,2019-09-28,优,44,52,26,44,4,15,0.7,108
28,2019-09-29,优,42,58,25,42,4,14,0.66,103
29,2019-09-30,优,29,22,15,27,4,9,0.69,64
0,2019-08-06,优,19,6,8,18,3,5,0.49,34
1,2019-08-07,优,36,90,18,33,4,7,0.53,49
2,2019-08-08,优,22,14,9,20,3,8,0.56,27
3,2019-08-09,优,19,7,6,16,3,6,0.49,36
4,2019-08-10,优,32,116,11,29,3,12,0.57,48
5,2019-08-11,良,53,287,22,44,3,15,0.65,75
6,2019-08-21,优,41,147,24,40,4,13,0.63,75
7,2019-08-22,优,33,80,19,31,4,11,0.59,70
8,2019-08-23,优,18,14,9,18,3,7,0.42,36
9,2019-08-24,优,19,15,7,19,3,4,0.46,30
10,2019-08-25,优,21,16,7,21,3,10,0.46,40
11,2019-08-26,优,29,74,13,29,3,14,0.47,40
12,2019-08-27,优,41,229,21,41,3,17,0.51,58
13,2019-08-28,优,19,15,6,19,3,8,0.5,25
0,2019-07-01,优,50,178,17,40,3,13,0.6,65
1,2019-07-02,优,21,2,6,14,3,9,0.53,37
2,2019-07-03,优,23,14,8,20,3,14,0.55,37
3,2019-07-04,优,30,58,10,29,3,15,0.5,35
4,2019-07-05,优,36,109,13,33,3,16,0.49,32
5,2019-07-06,优,26,38,10,20,3,19,0.54,36
6,2019-07-07,优,38,105,19,38,3,26,0.62,39
7,2019-07-12,优,41,208,20,40,3,21,0.49,43
8,2019-07-13,优,44,231,19,46,3,10,0.37,57
9,2019-07-14,良,51,251,27,52,3,15,0.43,58
10,2019-07-15,良,54,268,30,59,3,16,0.5,68
11,2019-07-16,优,42,201,23,42,3,12,0.44,54
12,2019-07-17,优,22,33,8,22,3,5,0.37,29
13,2019-07-18,优,26,70,10,26,3,11,0.42,33
14,2019-07-19,优,48,278,22,49,4,19,0.5,64
15,2019-07-20,良,57,312,39,56,3,20,0.65,67
16,2019-07-21,优,38,144,20,38,3,17,0.61,62
17,2019-07-22,优,30,99,10,26,3,17,0.58,52
18,2019-07-23,优,36,180,14,36,4,17,0.51,53
19,2019-07-24,优,44,244,20,44,4,20,0.6,55
20,2019-07-25,优,42,215,20,42,4,21,0.66,37
21,2019-07-26,优,46,229,23,47,4,23,0.68,56
0,2019-06-01,优,35,58,16,15,3,18,0.76,68
1,2019-06-02,优,34,38,20,21,3,23,0.95,58
2,2019-06-03,优,32,28,19,22,3,27,0.93,43
3,2019-06-04,优,43,59,20,38,3,13,0.69,72
4,2019-06-05,良,53,190,30,52,3,16,0.6,63
5,2019-06-06,优,43,137,20,43,4,16,0.49,35
6,2019-06-07,优,45,130,22,44,4,18,0.57,46
7,2019-06-08,优,49,168,32,47,3,14,0.55,43
8,2019-06-09,优,41,128,19,40,3,16,0.54,40
9,2019-06-10,优,21,5,8,16,3,14,0.52,34
10,2019-06-11,优,26,24,8,10,3,8,0.53,50
11,2019-06-14,优,31,101,5,18,4,11,0.4,97
12,2019-06-15,优,42,168,19,33,4,18,0.44,104
13,2019-06-17,优,43,193,22,43,4,12,0.51,78
14,2019-06-18,优,46,249,27,48,4,16,0.53,64
15,2019-06-19,优,41,227,19,42,4,16,0.49,49
16,2019-06-20,良,51,302,30,50,4,22,0.65,57
17,2019-06-25,优,20,3,9,17,3,25,0.7,30
18,2019-06-26,优,42,133,23,31,3,22,0.7,56
19,2019-06-27,优,48,161,26,45,3,18,0.58,61
20,2019-06-28,优,49,199,22,47,3,15,0.51,58
21,2019-06-29,优,49,216,21,43,3,14,0.54,62
22,2019-06-30,优,47,194,20,42,3,16,0.58,57
0,2019-05-01,优,32,20,5,14,3,15,0.6,69
1,2019-05-02,良,74,279,31,76,4,14,0.6,121
2,2019-05-03,良,57,106,10,37,4,8,0.48,106
3,2019-05-04,良,59,130,18,45,5,14,0.5,109
4,2019-05-05,良,55,152,25,51,4,17,0.54,96
5,2019-05-06,优,44,125,21,32,4,9,0.46,87
6,2019-05-07,优,50,140,15,33,4,9,0.37,98
7,2019-05-08,良,54,173,17,38,4,15,0.46,90
8,2019-05-09,良,51,129,29,51,5,27,0.66,64
9,2019-05-10,良,62,161,28,59,5,24,0.59,102
10,2019-05-11,良,62,118,24,51,4,23,0.51,103
11,2019-05-12,良,55,57,23,49,4,20,0.68,89
12,2019-05-13,良,54,96,30,57,5,17,0.53,75
13,2019-05-14,良,58,129,37,60,4,16,0.57,67
14,2019-05-15,优,41,74,24,39,3,22,0.69,55
15,2019-05-16,优,33,22,19,28,3,32,0.85,30
16,2019-05-17,优,31,19,19,26,3,29,0.82,32
17,2019-05-18,优,44,91,20,37,3,16,0.75,62
18,2019-05-19,良,65,231,45,71,4,26,0.95,61
19,2019-05-20,优,42,68,20,36,3,17,0.71,67
20,2019-05-21,良,67,199,25,82,4,20,0.58,81
21,2019-05-22,良,75,228,38,98,4,49,0.73,44
22,2019-05-23,良,61,116,31,58,4,23,0.63,72
23,2019-05-24,优,48,49,20,47,3,17,0.53,71
24,2019-05-25,良,53,133,29,57,3,19,0.63,56
25,2019-05-26,良,60,235,38,67,4,31,0.7,46
26,2019-05-27,优,39,91,20,33,3,18,0.59,48
27,2019-05-28,优,32,38,6,17,3,14,0.5,67
28,2019-05-29,优,47,144,9,27,3,9,0.52,93
29,2019-05-30,良,51,161,16,41,4,13,0.54,94
30,2019-05-31,良,57,204,33,55,4,16,0.68,78
0,2019-04-01,优,49,123,11,33,4,10,0.44,98
1,2019-04-02,良,54,157,20,50,4,22,0.49,87
2,2019-04-03,优,36,50,15,25,3,30,0.56,51
3,2019-04-04,优,38,59,16,25,3,30,0.6,55
4,2019-04-05,优,46,88,25,43,4,24,0.72,58
5,2019-04-06,良,55,115,29,57,4,22,0.71,79
6,2019-04-07,良,71,213,42,89,5,39,0.92,46
7,2019-04-08,良,66,193,42,74,5,26,0.85,74
8,2019-04-09,良,64,313,35,70,4,19,0.64,60
9,2019-04-10,良,53,209,21,52,4,23,0.6,52
10,2019-04-11,优,30,25,6,14,3,21,0.61,54
11,2019-04-12,优,35,40,19,28,3,15,0.53,71
12,2019-04-13,优,39,44,21,29,3,26,0.57,55
13,2019-04-14,优,48,106,29,32,4,26,0.68,49
14,2019-04-15,良,65,206,26,43,5,9,0.56,110
15,2019-04-16,良,51,104,19,37,3,18,0.58,79
16,2019-04-17,优,49,69,21,52,4,20,0.64,70
17,2019-04-18,良,67,182,31,74,5,25,0.61,89
18,2019-04-19,良,76,263,54,86,5,45,0.83,46
19,2019-04-20,良,54,131,34,48,4,32,0.96,60
20,2019-04-21,优,50,115,31,47,4,24,0.83,69
21,2019-04-22,良,57,185,35,63,4,30,0.83,52
22,2019-04-23,良,54,161,33,59,4,23,0.84,71
23,2019-04-24,良,74,238,42,85,5,29,0.85,83
24,2019-04-25,良,52,157,26,51,5,26,0.7,57
25,2019-04-26,优,45,82,18,35,3,19,0.68,74
26,2019-04-27,优,47,106,10,23,3,10,0.48,87
27,2019-04-28,优,43,101,25,43,3,27,0.74,54
28,2019-04-29,良,65,274,41,67,5,30,0.87,65
29,2019-04-30,良,52,172,27,51,4,31,0.76,44
0,2019-03-01,优,27,12,17,20,3,33,0.81,30
1,2019-03-02,优,43,92,29,26,4,33,0.75,50
2,2019-03-03,优,31,26,18,19,4,33,0.78,47
3,2019-03-04,优,37,21,18,30,4,23,0.77,61
4,2019-03-05,优,44,89,22,30,3,27,0.73,71
5,2019-03-06,优,26,17,11,17,3,25,0.71,54
6,2019-03-07,良,63,177,43,28,4,19,0.69,90
7,2019-03-08,优,50,101,25,38,3,17,0.6,88
8,2019-03-09,优,27,26,12,18,3,26,0.55,46
9,2019-03-10,优,25,13,13,20,3,22,0.6,41
10,2019-03-11,良,53,103,32,47,5,31,0.6,71
11,2019-03-12,良,61,147,35,65,5,32,0.62,80
12,2019-03-13,良,70,218,41,81,4,28,0.59,94
13,2019-03-14,良,61,196,32,63,3,19,0.56,97
14,2019-03-15,优,42,38,16,36,4,29,0.48,63
15,2019-03-16,良,59,153,24,56,5,27,0.51,88
16,2019-03-17,良,59,143,39,54,5,28,0.73,78
17,2019-03-18,优,47,56,29,33,3,27,0.68,63
18,2019-03-19,良,57,109,38,47,4,30,0.57,64
19,2019-03-20,良,60,167,31,58,4,28,0.58,61
20,2019-03-21,良,67,212,41,74,4,25,0.67,75
21,2019-03-22,优,46,160,11,21,3,16,0.44,87
22,2019-03-23,优,38,87,13,28,3,12,0.32,77
23,2019-03-24,良,51,130,24,35,4,18,0.45,90
24,2019-03-25,优,38,36,21,18,3,21,0.6,62
25,2019-03-26,优,49,77,26,32,4,23,0.62,66
26,2019-03-27,良,56,116,30,64,4,36,0.69,63
27,2019-03-28,良,69,220,41,85,5,35,0.79,65
28,2019-03-29,优,43,46,18,37,4,24,0.45,68
29,2019-03-30,优,38,18,12,27,3,16,0.54,77
30,2019-03-31,良,65,268,27,64,4,11,0.48,110
0,2019-02-01,优,36,35,11,20,3,8,0.57,73
1,2019-02-02,优,45,48,29,43,3,19,0.73,55
2,2019-02-03,良,82,174,60,79,4,39,1.02,31
3,2019-02-04,良,65,129,46,54,4,15,1.03,52
4,2019-02-05,轻度污染,102,166,76,101,7,14,1.1,59
5,2019-02-06,良,65,143,46,58,4,12,0.93,53
6,2019-02-07,良,64,204,42,45,3,12,0.84,62
7,2019-02-08,优,33,65,5,10,3,7,0.48,63
8,2019-02-09,优,27,41,5,7,3,9,0.42,54
9,2019-02-10,优,30,60,6,10,3,9,0.47,56
10,2019-02-11,优,25,41,7,12,3,10,0.48,48
11,2019-02-12,优,25,17,7,14,3,14,0.51,42
12,2019-02-13,优,30,44,15,25,3,22,0.56,36
13,2019-02-14,优,23,18,12,19,3,18,0.54,43
14,2019-02-15,优,34,78,19,26,4,19,0.58,58
15,2019-02-16,优,27,39,4,10,3,14,0.48,54
16,2019-02-17,优,30,47,5,9,3,14,0.57,56
17,2019-02-18,优,28,53,12,19,4,21,0.55,39
18,2019-02-19,优,38,68,25,33,4,25,0.57,33
19,2019-02-20,优,37,46,25,24,3,26,0.56,27
20,2019-02-21,优,18,8,10,14,3,29,0.62,25
21,2019-02-22,优,27,26,7,13,3,15,0.59,56
22,2019-02-23,优,32,49,13,19,3,14,0.64,61
23,2019-02-24,优,24,26,11,14,3,22,0.86,41
24,2019-02-25,优,29,18,16,26,4,25,0.76,39
25,2019-02-26,优,48,86,25,47,4,24,0.54,58
26,2019-02-27,良,65,187,44,73,4,40,0.64,50
27,2019-02-28,优,35,39,22,23,3,26,0.57,47
0,2019-01-01,优,24,6,12,21,4,21,0.67,43
1,2019-01-02,优,32,29,18,29,3,23,0.74,44
2,2019-01-03,优,22,2,12,19,3,23,0.79,40
3,2019-01-04,优,35,55,16,37,4,35,0.78,27
4,2019-01-05,优,36,52,18,31,4,41,0.73,18
5,2019-01-06,优,22,16,10,19,3,33,0.72,26
6,2019-01-07,优,38,52,17,38,4,32,0.84,30
7,2019-01-08,优,36,70,18,35,4,35,0.77,25
8,2019-01-09,优,29,44,13,24,3,25,0.76,46
9,2019-01-10,优,48,130,26,49,5,43,0.82,23
10,2019-01-11,良,54,136,34,58,4,45,0.74,14
11,2019-01-12,优,42,69,22,43,4,39,0.7,15
12,2019-01-13,优,36,29,23,34,4,41,0.96,16
13,2019-01-14,优,48,61,31,46,5,32,1.02,38
14,2019-01-15,良,53,122,33,54,4,35,0.87,35
15,2019-01-16,优,31,18,14,23,3,21,0.78,48
16,2019-01-17,优,46,69,29,42,4,24,0.96,52
17,2019-01-18,良,58,95,32,65,5,26,0.77,80
18,2019-01-19,良,62,109,30,71,6,46,0.73,39
19,2019-01-20,良,71,190,46,74,5,41,0.93,31
20,2019-01-21,良,94,278,69,62,5,25,1.05,67
21,2019-01-22,良,85,188,62,74,7,31,0.97,59
22,2019-01-23,良,69,118,49,70,5,33,0.8,74
23,2019-01-24,良,67,95,48,71,6,33,0.72,87
24,2019-01-25,良,68,137,47,72,5,35,0.6,86
25,2019-01-26,良,70,169,49,65,5,19,0.49,105
26,2019-01-27,优,46,35,20,44,3,17,0.38,78
27,2019-01-28,优,37,8,15,36,4,24,0.37,54
28,2019-01-29,优,45,44,23,43,5,28,0.47,55
29,2019-01-30,优,45,53,26,44,4,21,0.48,61
30,2019-01-31,优,45,108,23,41,3,17,0.59,55
0,2018-12-01,良,61,102,25,70,6,31,0.56,53
1,2018-12-02,良,56,84,26,60,5,33,0.54,43
2,2018-12-03,良,63,126,38,74,6,39,0.61,46
3,2018-12-04,良,57,185,34,63,7,34,0.7,47
4,2018-12-05,优,28,19,7,19,4,19,0.65,49
5,2018-12-06,优,34,83,13,31,5,24,0.59,41
6,2018-12-07,优,25,59,2,9,3,16,0.48,48
7,2018-12-08,优,21,50,5,11,3,15,0.5,41
8,2018-12-09,优,20,48,6,13,3,21,0.45,33
9,2018-12-10,优,24,44,8,22,3,24,0.5,23
10,2018-12-11,优,27,44,10,26,4,20,0.51,29
11,2018-12-12,优,17,5,8,16,3,19,0.52,28
12,2018-12-13,优,20,4,10,19,3,21,0.63,20
13,2018-12-14,优,23,8,13,20,3,23,0.65,38
14,2018-12-15,优,45,68,23,43,4,29,0.61,32
15,2018-12-16,优,31,16,11,29,4,22,0.66,34
16,2018-12-17,优,43,39,16,43,5,29,0.57,52
17,2018-12-18,良,56,88,25,61,5,38,0.58,53
18,2018-12-19,良,62,100,30,73,6,45,0.64,55
19,2018-12-20,良,82,191,51,107,7,61,0.91,28
20,2018-12-21,良,85,223,62,84,7,47,0.79,29
21,2018-12-28,优,31,45,13,26,3,14,0.52,55
22,2018-12-29,优,48,144,32,45,5,18,0.68,53
23,2018-12-30,优,31,26,15,30,5,20,0.64,49
24,2018-12-31,优,27,13,16,25,3,24,0.72,32
0,2018-11-01,良,63,172,24,42,6,14,0.49,108
1,2018-11-02,优,29,11,11,14,5,21,0.5,53
2,2018-11-03,优,23,7,6,11,5,21,0.5,40
3,2018-11-04,优,25,11,13,24,5,30,0.66,29
4,2018-11-05,优,37,75,17,36,6,30,0.65,35
5,2018-11-06,优,37,140,16,36,6,26,0.55,40
6,2018-11-07,优,41,161,19,40,6,26,0.57,46
7,2018-11-08,优,42,162,21,39,6,21,0.6,46
8,2018-11-09,优,33,35,14,31,5,23,0.78,33
9,2018-11-10,优,43,76,23,43,6,28,1.02,37
10,2018-11-11,优,48,104,25,48,7,29,0.81,53
11,2018-11-12,优,44,97,22,41,6,37,0.81,35
12,2018-11-13,优,28,24,7,16,4,21,0.59,56
13,2018-11-14,优,42,65,17,38,6,22,0.52,73
14,2018-11-15,优,50,173,24,49,6,30,0.57,56
15,2018-11-16,优,27,53,16,22,5,32,0.67,34
16,2018-11-17,优,23,45,7,16,4,24,0.57,41
17,2018-11-18,优,29,78,14,27,5,31,0.64,36
18,2018-11-19,优,18,6,7,15,5,26,0.58,32
19,2018-11-20,优,24,15,14,22,5,32,0.68,35
20,2018-11-21,优,26,21,13,24,7,28,0.74,31
21,2018-11-22,优,25,6,8,21,5,20,0.68,53
22,2018-11-23,优,47,60,20,44,6,24,0.51,65
23,2018-11-24,优,41,38,17,40,6,24,0.46,56
24,2018-11-25,优,46,41,21,46,5,37,0.65,32
25,2018-11-26,优,28,6,16,24,5,37,0.56,28
26,2018-11-27,优,33,6,15,30,5,27,0.48,50
27,2018-11-28,优,48,46,25,49,6,35,0.58,56
28,2018-11-29,良,54,59,28,51,6,33,0.58,63
29,2018-11-30,良,59,84,25,68,7,29,0.58,67
0,2018-10-01,良,73,341,32,60,8,18,0.65,132
1,2018-10-02,良,88,355,21,51,8,14,0.62,143
2,2018-10-03,良,65,200,16,36,6,14,0.56,118
3,2018-10-04,良,66,192,23,43,7,21,0.57,112
4,2018-10-05,良,58,149,23,45,7,17,0.51,107
5,2018-10-06,良,64,178,25,48,7,20,0.54,117
6,2018-10-07,良,83,262,25,48,7,17,0.58,138
7,2018-10-08,良,63,184,24,47,6,15,0.57,114
8,2018-10-09,良,64,236,27,54,6,17,0.59,112
9,2018-10-10,良,53,210,27,43,5,18,0.61,95
10,2018-10-11,优,37,81,8,15,5,18,0.62,70
11,2018-10-12,优,39,52,13,31,6,18,0.46,78
12,2018-10-13,优,39,39,13,32,6,22,0.49,67
13,2018-10-14,优,30,36,13,25,5,26,0.6,50
14,2018-10-15,优,28,54,13,22,5,26,0.73,49
15,2018-10-16,优,23,24,9,16,5,23,0.71,45
16,2018-10-17,优,32,64,11,19,5,19,0.58,65
17,2018-10-18,优,50,180,23,43,6,22,0.54,95
18,2018-10-19,良,57,235,25,41,6,15,0.45,106
19,2018-10-20,优,46,128,18,38,7,20,0.45,91
20,2018-10-21,优,44,111,17,38,7,25,0.49,74
21,2018-10-22,优,36,56,20,31,6,25,0.62,49
22,2018-10-23,优,40,91,18,33,6,22,0.64,59
23,2018-10-24,优,48,121,23,41,7,22,0.61,89
24,2018-10-25,良,51,106,23,47,7,23,0.66,86
25,2018-10-26,优,48,107,28,51,7,27,0.78,53
26,2018-10-27,良,56,179,23,54,7,19,0.68,99
27,2018-10-28,良,65,237,25,71,9,30,0.63,101
28,2018-10-29,良,54,162,23,52,7,36,0.52,70
29,2018-10-30,良,68,242,23,57,9,24,0.49,118
30,2018-10-31,良,68,240,24,57,9,20,0.53,119
0,2018-09-02,优,44,195,19,44,6,13,0.52,90
1,2018-09-03,良,55,248,24,55,6,19,0.55,88
2,2018-09-04,优,47,191,22,45,6,23,0.61,57
3,2018-09-05,优,47,161,25,43,4,23,0.66,64
4,2018-09-06,优,49,170,22,41,5,15,0.5,79
5,2018-09-07,良,53,280,25,47,5,18,0.57,72
6,2018-09-08,优,40,124,7,15,4,15,0.65,78
7,2018-09-09,优,39,74,6,19,5,17,0.59,71
8,2018-09-10,优,46,127,13,31,5,13,0.53,93
9,2018-09-11,优,41,86,11,26,5,16,0.54,71
10,2018-09-12,优,30,32,11,23,5,15,0.54,55
11,2018-09-13,优,26,9,11,23,5,13,0.5,40
12,2018-09-14,优,20,3,6,18,5,10,0.41,33
13,2018-09-15,优,22,6,5,21,5,6,0.39,33
14,2018-09-16,优,29,69,11,28,5,8,0.43,31
15,2018-09-17,优,30,101,9,27,6,15,0.52,35
16,2018-09-18,优,27,71,7,21,5,11,0.46,46
17,2018-09-19,优,27,55,9,24,5,15,0.47,35
18,2018-09-20,优,38,98,12,37,6,19,0.48,50
19,2018-09-21,良,65,302,31,63,8,25,0.58,77
20,2018-09-22,优,43,145,15,34,5,14,0.53,75
21,2018-09-23,优,40,129,16,31,5,15,0.59,70
22,2018-09-24,优,40,141,8,14,5,9,0.58,82
23,2018-09-25,良,64,330,12,39,6,13,0.52,118
24,2018-09-26,良,51,256,14,34,6,16,0.52,97
25,2018-09-27,优,44,157,14,36,6,15,0.47,88
26,2018-09-28,优,43,119,15,38,6,16,0.5,83
27,2018-09-29,优,50,175,19,38,6,19,0.51,95
28,2018-09-30,良,67,279,26,49,6,20,0.58,122
0,2018-08-01,良,53,199,20,43,7,21,0.66,79
1,2018-08-02,良,51,197,21,43,6,22,0.66,82
2,2018-08-03,优,46,186,16,38,6,18,0.63,83
3,2018-08-04,良,57,247,24,48,7,19,0.68,95
4,2018-08-05,良,68,293,29,58,6,19,0.66,100
5,2018-08-06,良,56,200,22,48,6,19,0.61,83
6,2018-08-07,优,40,99,14,33,5,15,0.54,58
7,2018-08-08,优,37,56,13,32,5,12,0.54,65
8,2018-08-09,优,50,135,18,45,6,17,0.54,76
9,2018-08-10,良,59,174,24,51,6,19,0.54,86
10,2018-08-11,良,77,271,31,63,6,20,0.65,110
11,2018-08-12,良,78,308,39,67,6,18,0.73,121
12,2018-08-13,良,60,264,31,57,6,15,0.66,99
13,2018-08-14,优,27,41,8,18,3,12,0.55,49
14,2018-08-15,优,20,4,5,16,4,17,0.59,31
15,2018-08-16,优,46,218,18,40,5,16,0.57,83
16,2018-08-17,良,55,266,21,46,6,19,0.6,95
17,2018-08-18,优,44,183,15,33,6,15,0.55,72
18,2018-08-19,优,37,104,13,32,5,20,0.58,59
19,2018-08-20,优,42,138,13,35,5,17,0.57,68
20,2018-08-21,优,47,129,16,39,6,18,0.56,74
21,2018-08-22,优,36,43,12,26,5,12,0.51,63
22,2018-08-23,优,42,55,12,32,5,11,0.52,82
23,2018-08-25,优,31,33,13,27,4,23,0.8,57
24,2018-08-27,优,34,38,13,22,4,19,0.67,67
25,2018-08-29,优,20,4,5,15,4,17,0.53,37
26,2018-08-31,优,29,61,12,28,5,21,0.54,35
0,2018-07-01,良,52,208,22,40,4,15,0.6,74
1,2018-07-02,优,43,139,14,30,5,14,0.62,75
2,2018-07-03,优,41,144,17,39,5,15,0.62,67
3,2018-07-04,良,54,220,23,51,6,16,0.6,73
4,2018-07-05,良,54,243,25,52,5,16,0.6,68
5,2018-07-06,优,44,190,19,41,4,20,0.61,45
6,2018-07-07,优,44,218,20,43,5,23,0.65,41
7,2018-07-08,优,46,230,18,42,5,17,0.6,56
8,2018-07-09,优,39,189,14,34,5,13,0.54,43
9,2018-07-10,优,27,48,8,25,5,10,0.55,44
10,2018-07-11,优,36,94,9,35,5,7,0.56,45
11,2018-07-12,优,32,82,15,28,4,9,0.52,45
12,2018-07-13,优,21,16,8,20,4,7,0.5,34
13,2018-07-14,优,18,7,5,17,4,5,0.48,24
14,2018-07-15,优,17,5,4,16,4,5,0.48,27
15,2018-07-16,优,18,7,5,17,4,6,0.53,25
16,2018-07-17,优,19,6,6,18,4,4,0.46,22
17,2018-07-18,优,17,1,5,16,4,5,0.43,22
18,2018-07-19,优,21,11,7,20,5,8,0.5,25
19,2018-07-20,优,26,17,8,23,5,11,0.51,37
20,2018-07-21,优,40,63,16,39,6,17,0.57,49
21,2018-07-22,良,51,149,24,49,5,18,0.63,73
22,2018-07-23,良,58,233,29,57,5,24,0.7,66
23,2018-07-24,良,57,223,26,60,5,23,0.66,57
24,2018-07-25,良,52,190,21,54,5,19,0.57,59
25,2018-07-26,良,66,272,28,69,6,21,0.62,75
26,2018-07-27,良,61,279,27,60,6,20,0.61,80
27,2018-07-28,良,70,289,30,66,9,22,0.69,86
28,2018-07-29,良,83,317,36,75,7,23,0.72,99
29,2018-07-30,良,68,261,26,58,7,20,0.66,100
30,2018-07-31,良,69,299,31,64,6,28,0.7,85
0,2018-06-01,良,57,122,5,14,6,14,0.66,105
1,2018-06-02,良,69,165,22,41,8,15,0.6,127
2,2018-06-03,良,71,172,28,47,8,17,0.64,124
3,2018-06-04,良,60,140,28,50,7,19,0.63,103
4,2018-06-05,优,47,86,23,37,5,13,0.56,87
5,2018-06-06,优,39,45,22,29,5,28,0.76,56
6,2018-06-07,良,51,93,12,24,5,14,0.75,97
7,2018-06-08,优,40,84,15,32,6,15,0.67,67
8,2018-06-09,优,37,55,11,27,5,13,0.58,73
9,2018-06-10,优,39,43,16,37,6,30,0.63,45
10,2018-06-11,优,45,53,18,31,6,16,0.69,88
11,2018-06-12,良,72,207,27,56,8,25,0.76,109
12,2018-06-13,良,69,223,26,46,6,21,0.74,119
13,2018-06-14,优,47,95,12,23,5,14,0.66,91
14,2018-06-15,优,46,88,9,27,5,13,0.55,92
15,2018-06-16,良,53,124,19,40,5,14,0.52,97
16,2018-06-17,优,47,87,22,43,5,10,0.6,85
17,2018-06-18,优,26,6,11,17,4,17,0.76,46
18,2018-06-19,优,42,104,15,21,5,12,0.71,77
19,2018-06-20,优,43,122,20,34,5,20,0.7,56
20,2018-06-21,优,30,31,9,19,5,22,0.63,58
21,2018-06-22,优,37,76,9,21,5,17,0.55,69
22,2018-06-23,优,33,68,14,31,6,21,0.56,25
23,2018-06-24,优,39,113,13,36,6,21,0.48,52
24,2018-06-25,良,53,193,20,45,6,21,0.48,68
25,2018-06-26,良,58,259,21,50,7,20,0.53,75
26,2018-06-27,良,77,320,32,62,7,20,0.65,104
27,2018-06-28,良,71,303,28,62,7,24,0.65,95
28,2018-06-29,良,60,208,26,58,7,21,0.64,78
29,2018-06-30,良,58,206,26,54,6,16,0.59,77
0,2018-05-01,良,82,262,54,82,6,35,1.09,59
1,2018-05-02,良,54,114,26,53,6,23,0.77,68
2,2018-05-03,良,60,134,9,21,5,18,0.72,104
3,2018-05-04,良,51,62,13,36,6,23,0.63,91
4,2018-05-05,良,61,183,20,53,8,24,0.64,105
5,2018-05-06,良,52,155,28,55,6,29,0.68,56
6,2018-05-07,优,32,22,18,29,5,19,0.58,36
7,2018-05-08,优,41,49,10,24,5,17,0.66,79
8,2018-05-09,良,80,251,15,40,5,13,0.57,138
9,2018-05-10,良,82,253,16,45,5,12,0.45,133
10,2018-05-11,良,60,146,18,44,6,22,0.6,100
11,2018-05-12,良,81,257,37,77,10,35,0.76,94
12,2018-05-13,良,76,195,46,74,8,27,0.77,88
13,2018-05-14,良,67,145,43,72,7,23,0.71,82
14,2018-05-15,良,68,199,28,62,8,25,0.61,91
15,2018-05-16,良,72,260,20,66,9,26,0.61,88
16,2018-05-17,良,65,244,24,60,8,22,0.59,90
17,2018-05-18,良,75,270,35,77,9,27,0.67,105
18,2018-05-19,良,65,254,43,76,6,25,0.73,63
19,2018-05-20,良,59,255,30,51,5,15,0.67,83
20,2018-05-21,优,38,57,14,31,5,14,0.64,71
21,2018-05-22,良,55,207,27,51,6,16,0.72,90
22,2018-05-23,优,44,47,11,27,5,17,0.76,84
23,2018-05-24,良,80,210,19,83,7,19,0.69,130
24,2018-05-25,良,80,238,35,83,9,21,0.69,109
25,2018-05-26,良,74,235,36,75,9,27,0.71,94
26,2018-05-27,良,68,170,41,64,7,24,0.72,88
27,2018-05-28,良,53,85,23,43,6,18,0.71,84
28,2018-05-29,优,49,80,20,38,6,19,0.66,81
29,2018-05-30,优,44,68,16,31,6,19,0.63,71
30,2018-05-31,优,47,77,18,38,6,23,0.7,66
0,2018-04-01,良,67,93,33,81,6,29,0.52,65
1,2018-04-02,良,76,130,34,101,7,27,0.58,78
2,2018-04-03,良,78,179,46,104,8,34,0.7,72
3,2018-04-04,良,76,234,53,93,9,33,0.83,65
4,2018-04-05,良,67,226,45,75,7,26,0.71,71
5,2018-04-05,良,67,226,45,75,7,26,0.71,71
6,2018-04-06,优,46,42,24,50,5,28,0.72,41
7,2018-04-07,良,88,293,31,125,6,17,0.58,89
8,2018-04-08,良,83,243,32,111,7,26,0.61,98
9,2018-04-09,良,78,154,34,97,8,37,0.73,98
10,2018-04-10,良,86,192,40,96,9,39,0.73,106
11,2018-04-11,良,84,210,44,97,9,38,0.73,99
12,2018-04-12,良,63,140,42,65,6,37,0.74,45
13,2018-04-13,优,50,126,34,51,5,30,0.72,59
14,2018-04-14,良,55,156,32,58,6,32,0.73,45
15,2018-04-15,优,45,57,12,47,4,17,0.66,72
16,2018-04-16,良,97,241,35,128,6,21,0.69,125
17,2018-04-17,良,75,123,40,78,6,25,0.84,122
18,2018-04-18,良,68,72,27,67,6,30,0.7,99
19,2018-04-19,良,55,29,22,58,6,24,0.67,85
20,2018-04-20,良,56,63,25,60,6,18,0.71,71
21,2018-04-21,良,55,113,28,58,6,23,0.8,58
22,2018-04-22,良,63,266,38,74,8,30,0.95,64
23,2018-04-23,优,49,142,23,52,7,22,0.81,54
24,2018-04-24,优,37,55,19,31,5,20,0.93,61
25,2018-04-25,良,51,90,21,37,5,17,0.85,101
26,2018-04-26,良,87,248,36,65,7,24,0.94,144
27,2018-04-27,良,84,226,59,78,7,39,1.04,87
28,2018-04-28,良,94,244,50,84,8,38,1.08,123
29,2018-04-29,良,88,207,63,103,7,50,1.14,97
30,2018-04-30,轻度污染,111,314,83,125,8,58,1.41,51
0,2018-03-01,优,44,37,22,36,5,24,0.76,63
1,2018-03-02,良,53,89,29,48,6,18,0.78,91
2,2018-03-03,良,91,247,67,94,8,27,0.94,85
3,2018-03-04,良,93,310,68,78,8,45,1.03,35
4,2018-03-05,优,50,196,30,47,5,27,0.86,39
5,2018-03-06,优,32,32,10,25,4,17,0.52,63
6,2018-03-07,优,42,110,16,33,5,24,0.58,62
7,2018-03-08,优,27,25,15,22,5,27,0.64,37
8,2018-03-09,良,52,91,30,49,5,17,0.58,88
9,2018-03-10,良,80,202,54,68,6,27,0.73,106
10,2018-03-11,良,54,40,27,49,6,33,0.6,73
11,2018-03-12,优,48,27,18,48,6,37,0.58,57
12,2018-03-13,良,52,45,24,55,7,41,0.67,57
13,2018-03-14,良,61,114,34,69,9,44,0.75,68
14,2018-03-15,良,64,167,46,65,7,59,0.91,28
15,2018-03-16,优,44,42,28,39,5,32,0.79,52
16,2018-03-17,优,45,47,21,44,5,23,0.66,72
17,2018-03-18,良,61,193,35,68,7,41,0.77,54
18,2018-03-19,良,80,255,58,80,7,50,1.06,49
19,2018-03-20,优,21,4,10,15,4,27,0.83,35
20,2018-03-21,优,43,42,9,22,4,16,0.61,88
21,2018-03-22,优,44,11,18,37,6,30,0.58,73
22,2018-03-23,良,54,29,26,57,6,35,0.58,77
23,2018-03-24,良,66,89,31,69,7,31,0.59,92
24,2018-03-25,良,63,88,31,63,6,23,0.66,101
25,2018-03-26,优,49,22,31,48,5,24,0.69,76
26,2018-03-27,优,49,20,23,37,5,21,0.66,87
27,2018-03-28,良,52,38,24,45,5,27,0.58,80
28,2018-03-29,优,45,26,18,43,6,24,0.51,62
29,2018-03-30,优,34,1,14,29,5,16,0.46,64
30,2018-03-31,优,47,32,21,47,6,25,0.47,67
0,2018-02-01,优,35,9,18,30,6,16,0.7,72
1,2018-02-02,良,51,60,33,50,7,27,0.69,59
2,2018-02-03,良,64,193,46,57,8,25,0.75,69
3,2018-02-04,良,69,189,50,60,7,22,0.74,65
4,2018-02-05,良,55,80,37,49,8,25,0.7,71
5,2018-02-06,优,49,51,31,44,9,24,0.65,79
6,2018-02-07,良,51,35,30,51,9,28,0.64,76
7,2018-02-08,良,56,34,32,54,9,30,0.61,84
8,2018-02-09,良,66,57,44,76,10,39,0.68,72
9,2018-02-10,良,61,83,43,55,6,32,0.7,55
10,2018-02-11,良,76,156,41,70,5,21,0.71,75
11,2018-02-12,良,85,246,39,118,6,21,0.65,77
12,2018-02-13,良,74,172,33,97,6,22,0.57,81
13,2018-02-14,良,60,89,28,67,6,22,0.57,80
14,2018-02-15,良,67,136,46,73,7,27,0.74,65
15,2018-02-16,轻度污染,101,143,75,105,10,17,0.7,73
16,2018-02-17,优,45,38,30,41,4,12,0.64,67
17,2018-02-18,良,59,157,25,69,5,16,0.65,76
18,2018-02-19,良,66,216,42,76,6,21,0.79,71
19,2018-02-20,优,36,24,19,25,4,14,0.55,65
20,2018-02-21,优,36,40,12,19,4,13,0.56,76
21,2018-02-22,优,38,77,14,20,4,15,0.64,68
22,2018-02-23,优,34,47,18,29,4,14,0.59,66
23,2018-02-24,优,40,46,26,36,5,27,0.67,49
24,2018-02-25,优,35,23,22,22,4,28,0.74,35
25,2018-02-26,优,32,13,13,22,4,18,0.55,66
26,2018-02-27,优,46,57,26,49,5,22,0.66,58
27,2018-02-28,良,60,163,38,59,5,32,0.8,45
0,2018-01-01,良,83,92,60,102,11,29,0.93,82
1,2018-01-02,良,68,123,38,81,8,36,0.89,54
2,2018-01-03,良,58,179,25,66,7,40,0.77,39
3,2018-01-04,优,32,87,12,27,5,28,0.73,40
4,2018-01-05,优,29,29,16,28,5,35,0.65,20
5,2018-01-06,优,20,8,11,17,5,30,0.71,25
6,2018-01-07,优,27,35,17,25,5,40,0.84,20
7,2018-01-08,优,22,18,14,13,5,31,0.95,15
8,2018-01-09,优,40,38,22,38,6,18,0.79,53
9,2018-01-10,优,39,51,19,35,6,23,0.55,64
10,2018-01-11,优,45,83,21,45,8,24,0.52,79
11,2018-01-12,良,51,73,29,51,9,24,0.69,80
12,2018-01-13,优,49,25,28,40,8,23,0.64,75
13,2018-01-14,优,41,15,15,40,7,37,0.61,45
14,2018-01-15,良,53,37,25,58,7,44,0.74,30
15,2018-01-16,良,57,44,30,64,9,45,0.81,41
16,2018-01-17,良,74,71,52,74,7,42,0.76,57
17,2018-01-18,良,86,115,62,88,8,41,0.87,73
18,2018-01-19,良,55,34,36,58,6,34,0.65,62
19,2018-01-20,良,58,69,39,60,5,34,0.78,53
20,2018-01-21,良,70,126,49,78,6,46,0.9,37
21,2018-01-22,良,51,75,28,47,6,35,0.95,63
22,2018-01-23,优,49,81,18,41,6,23,0.57,80
23,2018-01-24,优,46,75,27,40,5,23,0.65,67
24,2018-01-25,优,31,48,14,24,5,23,0.61,55
25,2018-01-26,优,30,24,8,13,4,15,0.41,61
26,2018-01-27,优,29,20,11,20,5,20,0.5,50
27,2018-01-28,优,23,18,12,21,4,31,0.57,25
28,2018-01-29,优,19,8,10,16,5,21,0.68,35
29,2018-01-30,良,60,92,42,48,7,22,0.96,63
30,2018-01-31,优,29,21,17,16,5,28,0.91,40
0,2017-12-01,优,33,30,11,22,5,15,0.51,64
1,2017-12-02,优,40,40,20,39,7,18,0.55,63
2,2017-12-03,优,39,28,19,37,7,23,0.6,57
3,2017-12-04,良,56,135,32,57,8,26,0.72,74
4,2017-12-05,良,85,240,62,85,10,24,0.79,105
5,2017-12-06,良,76,119,54,78,10,33,0.75,83
6,2017-12-07,良,71,121,50,75,8,38,0.8,71
7,2017-12-08,良,70,186,49,73,11,29,0.68,102
8,2017-12-09,良,80,170,58,84,12,46,0.85,67
9,2017-12-10,良,60,73,38,66,9,43,0.74,63
10,2017-12-11,良,64,116,42,76,12,40,0.78,70
11,2017-12-12,良,51,89,28,52,10,27,0.69,66
12,2017-12-13,优,33,9,16,29,6,21,0.56,59
13,2017-12-14,优,32,20,14,28,5,25,0.55,53
14,2017-12-15,优,23,14,12,20,6,34,0.63,27
15,2017-12-16,优,15,5,8,13,5,24,0.67,21
16,2017-12-17,优,49,80,33,45,8,16,0.74,66
17,2017-12-18,良,56,66,36,52,9,31,0.76,59
18,2017-12-19,优,46,39,25,45,9,23,0.59,73
19,2017-12-20,良,57,73,36,63,11,34,0.7,71
20,2017-12-21,良,56,45,35,58,10,35,0.72,72
21,2017-12-22,良,58,31,32,65,10,36,0.74,75
22,2017-12-23,良,65,43,34,79,8,46,0.86,49
23,2017-12-24,良,58,53,33,63,9,32,0.74,62
24,2017-12-25,良,81,161,54,89,13,25,0.84,88
25,2017-12-26,良,62,89,34,73,9,30,0.72,79
26,2017-12-27,良,56,55,28,60,8,23,0.63,85
27,2017-12-28,良,60,69,32,67,7,39,0.78,40
28,2017-12-29,优,46,27,29,47,7,28,0.69,40
29,2017-12-30,优,47,35,23,48,7,36,0.71,42
30,2017-12-31,良,64,74,44,64,7,32,0.88,50
0,2017-11-01,优,46,35,17,45,7,26,0.53,69
1,2017-11-02,良,54,49,22,56,7,33,0.64,61
2,2017-11-03,良,68,120,36,66,8,28,0.72,106
3,2017-11-04,良,90,280,55,89,9,22,0.83,131
4,2017-11-05,优,44,32,15,41,7,17,0.5,82
5,2017-11-06,良,53,41,23,57,7,27,0.65,67
6,2017-11-07,优,50,34,29,53,6,44,0.87,35
7,2017-11-08,优,35,28,18,32,6,26,0.67,47
8,2017-11-09,良,64,130,30,61,7,17,0.61,106
9,2017-11-10,良,55,105,19,61,7,36,0.55,63
10,2017-11-11,良,68,240,46,69,7,26,0.69,71
11,2017-11-12,优,48,69,21,48,7,22,0.59,68
12,2017-11-13,优,50,95,26,52,7,36,0.69,45
13,2017-11-14,优,47,115,26,47,6,34,0.7,46
14,2017-11-15,优,43,83,24,42,5,30,0.68,54
15,2017-11-16,良,57,144,28,65,6,41,0.83,47
16,2017-11-17,良,63,189,35,74,8,39,0.81,65
17,2017-11-18,优,35,66,16,24,5,23,0.62,53
18,2017-11-19,优,30,40,15,28,5,23,0.53,42
19,2017-11-20,优,25,33,10,18,5,24,0.51,44
20,2017-11-21,优,28,28,9,21,5,28,0.62,36
21,2017-11-22,优,21,6,9,20,5,21,0.65,32
22,2017-11-23,良,53,140,34,57,8,22,0.69,81
23,2017-11-24,良,67,203,45,70,11,29,0.74,84
24,2017-11-25,优,40,41,27,36,6,34,0.72,44
25,2017-11-26,优,29,9,16,27,5,34,0.71,27
26,2017-11-27,优,46,52,21,49,7,32,0.79,63
27,2017-11-28,良,68,93,33,84,7,48,0.95,54
28,2017-11-29,良,54,99,26,63,6,42,1.01,32
29,2017-11-30,优,26,7,10,20,5,24,0.62,50
0,2017-10-01,优,44,128,20,43,5,18,0.7,62
1,2017-10-02,良,58,270,32,63,6,23,0.77,73
2,2017-10-03,优,47,256,24,43,4,20,0.71,63
3,2017-10-05,优,45,216,17,43,5,15,0.7,77
4,2017-10-06,优,47,163,22,46,6,18,0.74,78
5,2017-10-07,优,44,102,26,40,5,14,0.79,88
6,2017-10-08,优,42,96,16,30,5,12,0.72,80
7,2017-10-09,优,30,56,13,27,5,12,0.67,43
8,2017-10-10,优,22,28,8,21,4,10,0.53,34
9,2017-10-11,优,24,33,7,22,5,10,0.52,44
10,2017-10-12,优,33,119,9,24,5,12,0.64,70
11,2017-10-13,优,38,123,10,26,6,13,0.63,77
12,2017-10-14,优,33,68,8,18,5,14,0.6,64
13,2017-10-15,优,29,61,8,17,5,23,0.68,45
14,2017-10-16,优,32,106,12,31,6,26,0.71,29
15,2017-10-17,优,25,39,7,19,7,18,0.62,50
16,2017-10-18,优,35,90,11,27,6,15,0.6,74
17,2017-10-19,优,48,138,17,34,6,15,0.59,93
18,2017-10-20,优,36,52,14,24,6,15,0.6,68
19,2017-10-21,优,44,79,17,36,6,17,0.51,83
20,2017-10-22,良,54,114,24,54,7,26,0.6,93
21,2017-10-23,良,67,198,37,69,7,28,0.7,101
22,2017-10-24,良,69,180,35,67,8,25,0.7,112
23,2017-10-25,良,65,129,23,49,7,18,0.55,114
24,2017-10-26,良,53,55,19,46,7,22,0.54,94
25,2017-10-27,良,58,72,22,50,7,24,0.57,103
26,2017-10-28,良,69,118,39,77,8,35,0.74,106
27,2017-10-29,良,73,193,40,74,8,34,0.7,99
28,2017-10-30,良,75,252,44,74,7,21,0.78,105
29,2017-10-31,优,47,36,14,40,6,17,0.48,88
0,2017-09-01,良,56,216,14,35,4,10,0.51,106
1,2017-09-02,优,49,136,14,38,5,14,0.59,93
2,2017-09-03,优,34,53,13,26,4,15,0.6,63
3,2017-09-04,优,29,34,12,26,4,24,0.7,41
4,2017-09-05,优,43,138,19,38,4,23,0.68,62
5,2017-09-06,优,39,114,17,37,4,19,0.58,47
6,2017-09-07,良,54,207,20,47,6,24,0.58,64
7,2017-09-08,优,28,36,13,26,5,21,0.65,40
8,2017-09-09,良,51,157,16,38,5,21,0.53,67
9,2017-09-10,优,48,172,20,43,6,21,0.57,60
10,2017-09-11,良,61,253,28,60,6,26,0.63,81
11,2017-09-12,优,45,94,21,35,4,15,0.62,82
12,2017-09-13,良,53,125,16,35,5,14,0.72,104
13,2017-09-14,优,48,93,16,37,5,22,0.58,85
14,2017-09-15,良,51,117,16,39,5,20,0.56,92
15,2017-09-16,优,42,50,17,37,5,19,0.55,77
16,2017-09-17,良,68,209,29,55,5,18,0.64,116
17,2017-09-18,良,91,258,28,52,5,17,0.63,148
18,2017-09-19,良,81,231,30,60,5,21,0.63,125
19,2017-09-20,良,60,227,28,58,5,22,0.7,85
20,2017-09-21,良,67,239,35,66,5,22,0.7,90
21,2017-09-22,优,40,50,18,31,4,19,0.69,73
22,2017-09-23,优,40,53,15,34,4,17,0.61,65
23,2017-09-24,优,37,86,14,35,5,19,0.59,55
24,2017-09-25,优,45,161,17,46,6,24,0.62,50
25,2017-09-26,良,59,255,26,65,8,32,0.78,75
26,2017-09-27,良,58,272,30,65,8,31,0.66,69
27,2017-09-28,良,59,265,30,54,5,25,0.7,76
28,2017-09-29,优,40,82,12,29,4,17,0.59,76
29,2017-09-30,优,45,132,19,40,5,16,0.68,79
0,2017-08-01,优,38,80,13,28,4,23,0.82,58
1,2017-08-02,优,43,167,21,40,4,20,0.79,64
2,2017-08-03,良,52,204,26,50,4,21,0.68,57
3,2017-08-04,良,61,216,29,61,4,23,0.67,75
4,2017-08-05,良,65,234,34,65,4,22,0.67,80
5,2017-08-06,良,59,205,29,55,4,22,0.67,72
6,2017-08-07,良,55,192,25,53,4,27,0.68,72
7,2017-08-08,良,62,272,32,65,5,24,0.65,70
8,2017-08-09,良,54,214,25,58,5,19,0.59,62
9,2017-08-10,优,48,155,22,43,7,18,0.55,63
10,2017-08-11,优,43,116,16,39,5,25,0.67,62
11,2017-08-12,良,63,268,33,65,5,25,0.72,74
12,2017-08-13,良,66,312,32,67,6,23,0.69,81
13,2017-08-14,良,64,281,32,65,6,22,0.64,84
14,2017-08-15,良,68,287,34,69,6,23,0.59,93
15,2017-08-16,良,67,273,29,54,6,26,0.58,83
16,2017-08-17,良,55,227,23,50,6,23,0.48,78
17,2017-08-18,良,75,326,37,72,6,27,0.51,90
18,2017-08-19,良,74,337,36,67,6,25,0.44,98
19,2017-08-20,良,75,328,33,73,6,26,0.44,90
20,2017-08-21,良,51,156,27,46,5,15,0.5,73
21,2017-08-22,优,26,16,8,24,4,7,0.4,39
22,2017-08-23,优,30,49,10,26,5,21,0.54,53
23,2017-08-24,优,43,161,16,39,5,22,0.55,51
24,2017-08-25,优,49,207,20,42,5,21,0.55,56
25,2017-08-26,优,19,3,6,16,5,9,0.4,29
26,2017-08-27,优,26,31,8,23,5,16,0.43,38
27,2017-08-28,良,53,259,20,47,6,22,0.53,66
28,2017-08-29,优,38,154,17,33,5,13,0.46,57
29,2017-08-30,优,26,40,8,22,5,11,0.38,46
30,2017-08-31,优,39,116,13,30,4,10,0.43,80
0,2017-07-01,优,32,90,12,29,5,19,0.58,43
1,2017-07-02,优,36,112,15,32,5,17,0.61,51
2,2017-07-03,优,45,154,16,44,6,21,0.57,54
3,2017-07-04,优,47,143,19,44,6,19,0.51,59
4,2017-07-05,优,43,129,16,42,5,23,0.5,40
5,2017-07-06,优,40,126,15,37,5,18,0.52,54
6,2017-07-07,优,39,134,14,36,6,17,0.58,43
7,2017-07-08,优,32,74,11,29,5,14,0.56,44
8,2017-07-09,优,36,104,11,34,5,15,0.54,47
9,2017-07-10,优,39,129,13,39,6,17,0.52,53
10,2017-07-11,良,62,196,25,59,7,25,0.6,79
11,2017-07-12,良,65,207,23,60,6,24,0.62,83
12,2017-07-13,良,64,207,25,60,5,25,0.65,81
13,2017-07-14,良,64,239,24,61,6,25,0.64,70
14,2017-07-15,良,55,226,19,52,6,22,0.57,70
15,2017-07-16,优,40,97,14,34,5,12,0.52,64
16,2017-07-17,优,40,90,15,39,6,14,0.56,60
17,2017-07-18,优,44,131,17,44,7,19,0.57,67
18,2017-07-19,良,53,195,24,53,7,22,0.57,73
19,2017-07-20,良,60,242,26,62,7,23,0.59,87
20,2017-07-21,良,84,345,35,73,7,24,0.69,114
21,2017-07-22,优,42,90,20,36,5,12,0.6,64
22,2017-07-23,优,31,32,9,27,5,11,0.62,51
23,2017-07-24,良,67,238,25,60,6,23,0.67,86
24,2017-07-25,良,89,306,35,73,6,27,0.75,111
25,2017-07-26,良,74,248,31,59,6,19,0.74,110
26,2017-07-27,良,64,218,29,60,6,18,0.68,89
27,2017-07-28,优,31,14,15,27,5,7,0.59,54
28,2017-07-29,优,26,6,9,22,4,6,0.54,39
29,2017-07-30,优,26,15,5,23,3,4,0.54,42
30,2017-07-31,优,31,34,6,20,4,7,0.65,63
0,2017-06-01,良,64,181,41,74,5,30,0.7,63
1,2017-06-02,优,36,47,9,14,3,23,0.71,68
2,2017-06-03,优,29,11,7,16,3,27,0.85,52
3,2017-06-04,优,27,6,8,18,3,23,0.7,57
4,2017-06-05,优,39,55,16,35,3,23,0.74,68
5,2017-06-06,优,50,182,23,51,4,21,0.76,70
6,2017-06-07,优,39,44,18,37,4,22,0.66,57
7,2017-06-08,优,49,118,21,34,3,17,0.82,96
8,2017-06-09,良,64,219,36,72,4,22,0.84,92
9,2017-06-10,优,47,181,20,45,4,14,0.6,56
10,2017-06-11,优,50,179,16,47,5,18,0.57,64
11,2017-06-12,优,44,116,18,44,4,16,0.59,53
12,2017-06-13,优,26,26,10,24,4,15,0.62,33
13,2017-06-14,优,29,27,7,17,4,16,0.63,53
14,2017-06-15,优,35,54,7,16,4,21,0.76,65
15,2017-06-16,优,31,40,7,10,4,24,0.76,61
16,2017-06-17,优,35,52,6,11,4,20,0.7,70
17,2017-06-18,优,39,49,6,12,3,18,0.7,73
18,2017-06-19,优,32,31,17,27,4,35,0.83,37
19,2017-06-20,优,39,65,21,36,4,30,0.9,29
20,2017-06-21,优,32,50,15,30,4,25,0.78,33
21,2017-06-22,优,40,114,19,40,4,17,0.66,34
22,2017-06-23,良,52,182,26,51,4,20,0.59,60
23,2017-06-24,优,47,152,21,48,5,20,0.54,53
24,2017-06-25,优,48,158,21,50,5,19,0.55,56
25,2017-06-26,优,48,143,21,42,5,22,0.61,55
26,2017-06-27,优,48,116,17,34,4,22,0.75,87
27,2017-06-28,优,45,92,19,37,4,23,0.78,73
28,2017-06-29,优,47,124,18,37,4,22,0.7,68
29,2017-06-30,良,52,167,20,45,5,22,0.69,69
0,2017-05-01,良,77,198,41,82,7,35,0.72,105
1,2017-05-02,良,58,116,33,62,5,27,0.67,84
2,2017-05-03,优,39,25,18,36,4,21,0.61,61
3,2017-05-04,良,57,177,28,65,5,28,0.66,64
4,2017-05-05,良,55,90,32,62,4,34,0.78,43
5,2017-05-06,优,36,10,14,25,3,22,0.64,75
6,2017-05-07,优,46,51,18,47,4,21,0.54,73
7,2017-05-08,轻度污染,104,310,40,157,4,25,0.6,103
8,2017-05-09,良,62,179,29,69,4,25,0.67,72
9,2017-05-10,良,58,98,22,55,4,26,0.67,81
10,2017-05-11,良,57,100,26,59,4,22,0.62,89
11,2017-05-12,优,43,44,19,39,4,26,0.63,57
12,2017-05-13,优,37,11,15,31,4,22,0.61,71
13,2017-05-14,良,56,108,17,42,4,17,0.57,106
14,2017-05-15,良,51,116,19,47,4,25,0.67,85
15,2017-05-16,优,38,26,16,32,4,20,0.62,68
16,2017-05-17,优,49,35,19,42,4,22,0.63,78
17,2017-05-18,良,53,49,15,40,4,14,0.54,101
18,2017-05-19,优,47,50,16,43,4,13,0.55,88
19,2017-05-20,优,45,51,18,39,3,14,0.54,79
20,2017-05-20,优,45,51,18,39,3,14,0.54,79
21,2017-05-21,优,41,61,12,31,3,15,0.57,76
22,2017-05-22,优,47,144,16,47,6,23,0.62,68
23,2017-05-23,良,56,230,25,61,6,21,0.67,94
24,2017-05-24,优,48,123,25,45,5,25,0.8,55
25,2017-05-25,优,43,59,18,39,4,26,0.7,69
26,2017-05-26,良,65,155,23,56,6,33,0.66,103
27,2017-05-27,良,100,265,39,70,7,26,0.74,160
28,2017-05-28,良,70,88,23,44,5,16,0.59,119
29,2017-05-29,优,45,20,13,31,4,16,0.55,85
30,2017-05-30,优,38,19,14,33,4,17,0.57,67
31,2017-05-31,良,63,134,32,69,6,26,0.68,73
0,2017-04-01,良,52,64,30,54,5,27,0.59,91
1,2017-04-02,良,68,118,42,78,6,38,0.66,82
2,2017-04-03,良,69,106,36,70,6,34,0.6,101
3,2017-04-04,良,69,121,35,70,6,27,0.68,112
4,2017-04-05,良,72,180,40,91,6,39,0.73,84
5,2017-04-06,良,82,208,46,112,6,55,0.85,41
6,2017-04-07,良,70,182,42,88,5,47,0.91,32
7,2017-04-08,良,60,162,36,67,5,33,0.79,49
8,2017-04-09,良,61,259,32,69,6,35,0.75,35
9,2017-04-10,优,48,146,24,49,4,24,0.67,42
10,2017-04-11,优,31,12,10,20,4,22,0.74,65
11,2017-04-12,优,50,97,20,38,5,23,0.78,96
12,2017-04-13,良,58,91,21,57,6,27,0.57,97
13,2017-04-14,良,55,44,16,58,6,30,0.51,82
14,2017-04-15,良,79,174,46,107,7,54,0.81,51
15,2017-04-16,轻度污染,103,298,73,151,7,69,1.2,34
16,2017-04-17,良,77,212,50,101,5,44,1.05,42
17,2017-04-18,优,45,40,24,48,4,31,0.82,53
18,2017-04-19,良,54,85,24,63,5,46,0.86,43
19,2017-04-20,优,36,15,17,33,4,30,0.77,57
20,2017-04-21,优,44,67,21,37,4,30,0.8,70
21,2017-04-22,良,59,127,20,60,4,20,0.61,91
22,2017-04-23,良,76,239,30,74,5,22,0.66,130
23,2017-04-23,良,76,239,30,74,5,22,0.66,130
24,2017-04-24,良,70,170,31,72,5,28,0.67,109
25,2017-04-25,良,60,175,34,68,4,47,0.79,45
26,2017-04-26,优,50,138,26,44,5,33,0.81,50
27,2017-04-27,优,50,113,13,25,5,18,0.54,93
28,2017-04-28,良,62,134,18,47,5,29,0.54,101
29,2017-04-29,良,70,115,23,63,7,37,0.55,104
30,2017-04-30,良,82,202,34,77,7,37,0.64,120
0,2017-03-01,良,81,207,56,93,8,49,0.87,70
1,2017-03-02,良,70,208,34,85,7,31,0.64,99
2,2017-03-03,良,61,54,32,66,6,27,0.64,98
3,2017-03-04,良,59,51,27,66,6,40,0.61,57
4,2017-03-05,良,69,167,42,87,7,55,0.73,35
5,2017-03-06,优,40,30,20,35,3,27,0.57,73
6,2017-03-07,良,60,177,35,61,4,30,0.62,77
7,2017-03-08,良,67,207,44,81,7,48,0.82,51
8,2017-03-09,良,71,173,42,80,7,38,0.76,84
9,2017-03-10,优,44,41,18,25,4,34,0.7,77
10,2017-03-11,优,40,27,15,28,4,37,0.73,62
11,2017-03-12,优,50,99,31,50,4,52,0.98,27
12,2017-03-13,优,47,132,25,44,4,37,0.71,42
13,2017-03-14,优,43,85,13,26,4,22,0.55,84
14,2017-03-15,良,56,118,23,47,6,18,0.52,104
15,2017-03-16,优,49,68,27,45,4,36,0.74,57
16,2017-03-17,优,43,40,25,40,4,33,0.68,47
17,2017-03-18,良,54,85,29,57,5,45,0.8,31
18,2017-03-19,优,38,33,22,37,4,41,0.65,30
19,2017-03-20,良,55,112,28,61,5,43,0.74,39
20,2017-03-21,优,45,60,24,49,4,32,0.82,50
21,2017-03-22,良,55,159,29,48,4,32,0.68,86
22,2017-03-23,优,36,18,15,24,4,29,0.72,65
23,2017-03-24,良,52,111,18,39,6,20,0.56,99
24,2017-03-25,优,29,16,14,25,4,35,0.61,44
25,2017-03-26,良,52,78,21,61,5,37,0.69,33
26,2017-03-27,良,71,165,36,90,6,34,0.71,69
27,2017-03-28,良,84,252,49,117,7,57,0.87,64
28,2017-03-29,良,73,147,52,82,5,46,0.89,57
29,2017-03-30,良,66,160,41,78,6,37,0.73,78
30,2017-03-31,良,51,105,29,49,4,38,0.71,51
0,2017-02-01,优,35,21,22,31,5,12,0.67,53
1,2017-02-02,优,36,19,24,32,3,9,0.63,65
2,2017-02-03,优,40,38,23,37,4,21,0.61,57
3,2017-02-04,优,41,21,22,40,4,26,0.59,44
4,2017-02-05,优,43,43,28,41,4,26,0.57,35
5,2017-02-06,良,61,150,40,56,7,16,0.75,87
6,2017-02-07,良,59,161,35,53,4,17,0.56,92
7,2017-02-08,优,40,62,20,37,4,27,0.61,52
8,2017-02-09,优,31,7,17,24,4,13,0.67,63
9,2017-02-10,良,62,154,43,53,6,16,0.66,79
10,2017-02-11,良,71,154,47,61,9,17,0.67,106
11,2017-02-12,良,57,53,33,50,8,22,0.57,96
12,2017-02-13,优,47,17,25,40,6,26,0.58,86
13,2017-02-14,良,51,31,23,42,6,25,0.58,94
14,2017-02-15,良,53,29,26,51,6,31,0.61,82
15,2017-02-16,良,58,51,35,65,7,38,0.63,65
16,2017-02-17,良,82,201,58,98,6,47,0.82,68
17,2017-02-18,良,70,122,47,70,4,24,0.73,81
18,2017-02-19,良,62,70,37,71,4,31,0.74,75
19,2017-02-20,良,73,160,52,80,4,57,1.04,31
20,2017-02-21,优,48,81,17,48,3,21,0.62,65
21,2017-02-22,优,45,64,27,45,4,42,0.86,27
22,2017-02-23,优,19,5,8,17,3,28,0.75,25
23,2017-02-24,优,31,22,19,23,3,26,0.64,48
24,2017-02-25,优,23,10,15,20,3,29,0.71,38
25,2017-02-26,优,35,16,18,29,5,23,0.55,74
26,2017-02-27,良,87,217,61,79,9,32,0.73,116
27,2017-02-28,良,100,247,74,100,8,53,0.89,77
0,2017-01-01,良,58,42,30,65,5,41,0.73,35
1,2017-01-02,良,64,54,36,76,6,42,0.79,38
2,2017-01-03,良,69,61,43,83,5,38,0.74,66
3,2017-01-04,良,74,73,50,86,5,49,0.74,50
4,2017-01-05,良,79,129,54,98,6,55,0.78,27
5,2017-01-06,良,82,199,57,100,5,52,0.99,12
6,2017-01-07,良,63,169,40,71,5,48,0.95,21
7,2017-01-08,良,52,97,31,57,5,30,0.93,51
8,2017-01-09,优,46,58,29,44,4,22,0.82,61
9,2017-01-10,良,75,190,54,78,5,28,0.92,69
10,2017-01-11,良,90,240,67,87,5,30,1.11,46
11,2017-01-12,良,54,122,36,47,4,39,1.0,16
12,2017-01-13,优,21,19,12,18,3,26,0.78,26
13,2017-01-14,良,62,156,44,58,9,20,0.66,86
14,2017-01-15,良,56,138,36,53,6,21,0.72,74
15,2017-01-16,优,42,46,23,41,5,24,0.57,52
16,2017-01-17,优,47,53,26,46,4,31,0.61,42
17,2017-01-18,优,43,41,29,38,4,40,0.71,14
18,2017-01-19,优,34,24,20,33,3,32,0.58,26
19,2017-01-20,优,33,21,21,31,3,20,0.66,43
20,2017-01-21,良,52,55,28,54,5,20,0.59,63
21,2017-01-22,良,55,81,35,56,5,23,0.68,62
22,2017-01-23,良,63,104,41,68,8,18,0.68,96
23,2017-01-24,优,44,30,19,36,6,16,0.5,79
24,2017-01-25,优,39,15,19,34,4,15,0.52,71
25,2017-01-26,优,45,22,23,38,4,10,0.55,87
26,2017-01-27,优,41,13,24,37,4,11,0.54,75
27,2017-01-28,良,71,58,50,65,9,11,0.65,78
28,2017-01-29,优,49,54,31,46,4,23,0.66,51
29,2017-01-30,良,53,144,36,50,3,16,0.88,36
30,2017-01-31,良,53,124,37,53,4,10,0.85,64
0,2016-12-01,良,52,87,32,53,4,29,0.63,27
1,2016-12-02,良,59,77,31,67,5,22,0.55,62
2,2016-12-03,良,64,67,29,78,6,41,0.57,40
3,2016-12-04,良,63,62,36,74,6,41,0.66,31
4,2016-12-05,良,73,110,48,93,6,49,0.75,29
5,2016-12-06,良,88,190,65,97,7,32,0.76,56
6,2016-12-07,良,65,54,41,73,5,30,0.61,74
7,2016-12-08,良,67,54,42,79,6,41,0.65,56
8,2016-12-09,良,61,65,39,68,6,29,0.58,70
9,2016-12-10,良,77,140,53,86,7,27,0.73,92
10,2016-12-11,优,47,27,22,45,5,17,0.45,69
11,2016-12-12,良,59,71,31,67,6,35,0.57,47
12,2016-12-13,良,62,112,37,67,5,40,0.56,36
13,2016-12-14,优,35,29,21,33,4,31,0.6,29
14,2016-12-15,优,40,42,23,40,4,22,0.6,40
15,2016-12-16,优,45,25,23,44,6,18,0.49,72
16,2016-12-17,良,68,73,42,78,7,41,0.76,49
17,2016-12-18,良,61,49,26,71,6,42,0.7,39
18,2016-12-19,良,65,57,30,78,5,42,0.79,33
19,2016-12-20,良,56,52,27,63,5,35,0.75,36
20,2016-12-21,良,55,86,24,65,4,38,0.8,28
21,2016-12-22,优,40,44,22,40,4,34,0.92,16
22,2016-12-23,优,43,36,25,45,5,17,0.83,74
23,2016-12-24,良,61,84,34,69,7,22,0.67,71
24,2016-12-25,良,59,138,32,66,4,41,0.76,23
25,2016-12-26,良,62,219,33,72,7,40,0.76,30
26,2016-12-27,优,28,11,13,29,4,24,0.77,22
27,2016-12-28,优,39,20,18,38,5,20,0.61,53
28,2016-12-29,良,51,52,32,50,5,22,0.55,70
29,2016-12-30,良,68,85,44,76,6,34,0.71,56
30,2016-12-31,良,68,60,44,81,6,44,0.76,34
0,2016-11-01,优,34,56,17,27,4,9,0.58,61
1,2016-11-02,优,37,55,11,32,4,10,0.51,77
2,2016-11-03,优,47,78,21,45,5,17,0.52,80
3,2016-11-04,良,59,73,31,67,5,27,0.55,74
4,2016-11-05,良,60,61,33,69,6,32,0.63,60
5,2016-11-06,良,60,70,31,67,5,35,0.67,51
6,2016-11-07,良,53,86,25,57,5,33,0.63,46
7,2016-11-08,优,49,153,25,52,5,33,0.76,34
8,2016-11-09,优,32,75,12,26,4,18,0.61,46
9,2016-11-10,优,26,30,9,23,4,20,0.57,43
10,2016-11-11,优,40,44,16,39,5,24,0.6,58
11,2016-11-12,良,66,121,37,80,6,46,0.75,42
12,2016-11-13,良,65,98,38,77,6,42,0.84,43
13,2016-11-14,良,73,135,47,93,7,45,0.94,53
14,2016-11-15,良,82,192,59,73,5,31,0.94,74
15,2016-11-16,良,52,67,29,55,4,27,0.77,63
16,2016-11-17,良,54,86,26,58,4,34,0.74,58
17,2016-11-18,良,63,98,30,74,5,43,0.8,39
18,2016-11-19,良,73,150,43,95,8,54,0.93,30
19,2016-11-20,优,32,18,16,29,4,33,0.67,33
20,2016-11-21,优,40,77,20,40,4,42,0.74,23
21,2016-11-22,优,44,223,22,44,4,24,0.77,33
22,2016-11-23,优,23,64,7,11,3,16,0.58,43
23,2016-11-24,优,21,21,8,16,3,19,0.67,28
24,2016-11-25,优,30,37,16,28,3,29,0.81,29
25,2016-11-26,优,17,9,9,14,3,26,0.73,21
26,2016-11-27,优,19,6,8,17,3,24,0.76,20
27,2016-11-28,良,57,81,26,69,5,20,0.61,69
28,2016-11-29,良,58,86,27,67,5,20,0.55,64
29,2016-11-30,良,54,53,25,59,5,33,0.54,23
0,2016-10-01,优,23,3,10,21,3,10,0.41,29
1,2016-10-02,优,21,6,8,20,3,11,0.37,26
2,2016-10-03,优,38,58,12,33,4,15,0.5,49
3,2016-10-04,优,38,39,17,34,4,21,0.59,56
4,2016-10-05,优,48,103,23,42,3,20,0.66,82
5,2016-10-06,优,38,55,11,21,3,11,0.5,73
6,2016-10-07,优,33,29,10,23,3,15,0.55,35
7,2016-10-08,优,37,106,15,31,4,17,0.62,41
8,2016-10-09,优,34,61,9,21,3,14,0.6,70
9,2016-10-10,优,30,35,15,27,4,25,0.61,45
10,2016-10-11,优,27,21,14,24,3,28,0.6,38
11,2016-10-12,优,33,35,9,22,3,16,0.45,63
12,2016-10-13,良,51,116,23,52,4,19,0.64,76
13,2016-10-14,良,51,117,23,53,4,20,0.64,67
14,2016-10-15,优,37,45,14,34,3,16,0.51,50
15,2016-10-16,优,23,3,9,20,3,14,0.51,37
16,2016-10-17,优,26,4,10,22,3,15,0.5,45
17,2016-10-18,优,29,18,7,17,3,23,0.69,49
18,2016-10-19,优,27,28,10,21,3,16,0.62,48
19,2016-10-20,优,23,9,10,20,3,8,0.47,36
20,2016-10-21,优,37,114,14,37,4,19,0.58,29
21,2016-10-22,优,43,180,18,44,4,24,0.63,37
22,2016-10-23,优,48,228,20,48,4,24,0.71,43
23,2016-10-24,优,39,111,14,33,4,34,0.68,41
24,2016-10-25,良,54,186,21,56,5,35,0.69,53
25,2016-10-26,良,60,233,25,67,5,34,0.66,60
26,2016-10-27,良,71,304,45,88,6,33,0.79,63
27,2016-10-28,良,70,324,47,88,5,28,0.78,62
28,2016-10-29,优,27,47,12,18,4,14,0.61,50
29,2016-10-30,优,33,50,12,29,4,12,0.53,61
30,2016-10-31,优,45,163,20,44,5,15,0.57,69
0,2016-09-01,良,81,298,57,99,9,28,0.75,93
1,2016-09-02,良,54,158,32,54,4,24,0.71,65
2,2016-09-03,良,66,187,31,59,5,20,0.73,106
3,2016-09-04,良,59,150,27,48,4,11,0.61,105
4,2016-09-05,优,42,64,18,34,4,10,0.57,77
5,2016-09-06,优,40,67,15,36,4,12,0.55,67
6,2016-09-07,优,41,70,19,39,5,20,0.6,51
7,2016-09-08,优,38,56,16,32,4,20,0.72,62
8,2016-09-09,优,49,122,19,37,4,14,0.71,93
9,2016-09-10,优,48,155,23,40,4,13,0.7,84
10,2016-09-11,优,33,60,14,23,4,15,0.71,66
11,2016-09-12,优,37,59,7,19,4,16,0.7,71
12,2016-09-13,优,34,26,9,23,4,14,0.69,63
13,2016-09-14,优,19,3,7,13,3,3,0.51,34
14,2016-09-15,优,30,47,9,17,3,7,0.61,63
15,2016-09-16,优,45,145,20,43,4,14,0.66,76
16,2016-09-17,优,26,16,11,24,3,15,0.51,30
17,2016-09-18,优,25,17,7,23,4,13,0.52,30
18,2016-09-19,良,54,208,18,46,4,16,0.54,95
19,2016-09-20,良,54,150,21,47,5,17,0.54,99
20,2016-09-21,良,63,182,20,45,4,13,0.53,117
21,2016-09-22,优,47,47,17,38,4,16,0.52,86
22,2016-09-23,优,43,29,14,32,3,12,0.54,85
23,2016-09-24,良,52,75,17,38,3,13,0.56,101
24,2016-09-25,良,60,151,23,47,4,12,0.62,106
25,2016-09-26,优,40,41,18,38,3,15,0.56,59
26,2016-09-27,优,21,5,8,19,3,7,0.49,26
27,2016-09-28,优,38,124,18,21,3,7,0.72,67
28,2016-09-29,优,48,189,27,42,3,23,0.72,72
29,2016-09-30,优,41,111,20,40,3,19,0.59,55
0,2016-08-01,优,26,12,12,22,3,6,0.5,40
1,2016-08-02,优,32,53,11,30,4,12,0.55,51
2,2016-08-03,优,42,160,14,42,6,16,0.55,53
3,2016-08-04,优,49,206,22,46,5,22,0.6,64
4,2016-08-05,优,49,193,23,50,5,26,0.64,50
5,2016-08-06,良,57,229,25,55,5,28,0.69,65
6,2016-08-07,优,47,197,22,45,4,17,0.56,63
7,2016-08-08,优,45,180,13,43,5,20,0.51,54
8,2016-08-09,优,49,184,17,50,5,31,0.58,39
9,2016-08-10,优,41,116,19,37,4,22,0.61,41
10,2016-08-11,优,28,21,8,26,3,13,0.55,26
11,2016-08-12,优,25,12,6,20,3,13,0.55,38
12,2016-08-13,优,22,5,8,19,3,17,0.6,39
13,2016-08-14,优,25,17,7,19,3,13,0.56,39
14,2016-08-15,优,18,3,5,15,3,8,0.51,34
15,2016-08-16,优,23,12,6,19,3,9,0.51,46
16,2016-08-17,优,32,53,12,30,4,17,0.59,51
17,2016-08-18,优,39,83,13,38,5,22,0.62,50
18,2016-08-19,良,51,201,20,52,5,21,0.62,53
19,2016-08-20,良,62,266,32,60,5,23,0.61,64
20,2016-08-21,良,54,154,25,50,5,19,0.61,65
21,2016-08-22,优,48,80,19,45,4,17,0.55,61
22,2016-08-23,优,43,57,16,40,5,17,0.53,66
23,2016-08-24,良,59,145,24,54,5,20,0.65,87
24,2016-08-25,良,60,212,24,63,7,24,0.66,78
25,2016-08-26,良,54,266,24,51,6,19,0.61,74
26,2016-08-27,良,51,183,23,48,5,18,0.63,88
27,2016-08-28,优,46,102,17,32,4,22,0.7,82
28,2016-08-29,良,62,188,21,50,5,23,0.64,109
29,2016-08-30,良,63,192,28,61,7,24,0.64,108
30,2016-08-31,良,65,172,41,71,7,26,0.67,93
0,2016-07-01,优,44,195,13,43,5,19,0.56,50
1,2016-07-02,优,44,162,14,44,5,16,0.53,52
2,2016-07-03,优,45,160,16,46,6,17,0.56,56
3,2016-07-04,优,39,141,13,38,5,15,0.54,47
4,2016-07-05,优,40,142,12,37,5,16,0.57,47
5,2016-07-06,优,23,19,6,21,4,6,0.49,35
6,2016-07-07,优,22,14,6,18,4,7,0.49,38
7,2016-07-08,优,21,5,4,18,4,8,0.49,33
8,2016-07-09,优,22,22,4,13,4,7,0.53,44
9,2016-07-10,优,33,57,11,29,4,15,0.53,54
10,2016-07-11,优,35,57,14,30,4,17,0.6,55
11,2016-07-12,优,29,36,12,27,5,17,0.61,45
12,2016-07-13,优,32,56,12,30,4,15,0.53,49
13,2016-07-14,优,40,131,17,39,4,18,0.56,45
14,2016-07-15,优,42,151,15,43,4,17,0.54,50
15,2016-07-16,良,54,210,24,54,4,19,0.51,62
16,2016-07-17,优,40,101,16,36,3,28,0.6,44
17,2016-07-18,优,40,105,15,40,4,29,0.64,30
18,2016-07-19,优,50,195,18,50,5,21,0.53,54
19,2016-07-20,优,45,192,16,45,5,19,0.51,46
20,2016-07-21,良,57,259,23,59,6,24,0.59,69
21,2016-07-22,良,64,274,30,75,7,25,0.66,89
22,2016-07-23,良,78,308,44,92,6,24,0.7,100
23,2016-07-24,良,76,293,48,83,5,22,0.66,89
24,2016-07-25,良,55,165,24,53,5,21,0.54,72
25,2016-07-26,良,55,164,26,61,6,20,0.55,73
26,2016-07-27,良,73,274,40,87,6,27,0.69,79
27,2016-07-28,良,61,179,30,66,5,25,0.65,76
28,2016-07-29,良,69,222,35,70,7,28,0.7,92
29,2016-07-30,良,51,116,26,50,6,15,0.63,63
30,2016-07-31,优,31,33,14,28,4,7,0.48,49
0,2016-06-01,良,61,222,29,67,5,23,0.68,76
1,2016-06-02,优,39,67,10,24,3,16,0.56,74
2,2016-06-03,优,47,138,20,43,4,23,0.68,76
3,2016-06-04,优,44,108,17,42,5,21,0.64,55
4,2016-06-05,优,46,86,23,40,4,24,0.83,67
5,2016-06-06,良,53,100,30,54,4,20,0.87,73
6,2016-06-07,良,55,141,31,57,4,15,0.68,81
7,2016-06-08,良,51,108,29,53,5,18,0.64,71
8,2016-06-09,优,49,111,23,42,4,14,0.62,72
9,2016-06-10,优,33,50,13,27,3,11,0.55,60
10,2016-06-11,优,30,39,12,22,5,18,0.55,52
11,2016-06-12,优,29,46,13,24,4,21,0.64,45
12,2016-06-13,优,26,17,12,20,3,22,0.72,44
13,2016-06-14,优,26,10,11,22,4,28,0.66,41
14,2016-06-15,优,44,121,16,44,4,24,0.7,47
15,2016-06-16,优,44,93,18,44,4,19,0.6,44
16,2016-06-17,优,37,49,15,30,6,31,0.73,59
17,2016-06-18,优,36,77,17,34,4,32,0.77,37
18,2016-06-19,优,40,119,15,39,4,22,0.66,48
19,2016-06-20,优,38,114,11,37,4,15,0.52,41
20,2016-06-21,优,45,133,15,45,5,15,0.53,52
21,2016-06-22,良,60,243,25,62,5,23,0.64,68
22,2016-06-23,良,62,283,24,64,5,20,0.63,79
23,2016-06-24,良,58,282,25,62,6,22,0.62,71
24,2016-06-25,良,60,261,27,61,5,22,0.62,75
25,2016-06-26,优,47,143,20,42,4,20,0.61,73
26,2016-06-27,优,48,148,19,49,5,24,0.66,67
27,2016-06-28,优,45,124,18,45,5,22,0.64,37
28,2016-06-29,优,40,118,14,39,5,19,0.65,37
29,2016-06-30,优,32,80,11,30,5,20,0.58,47
0,2016-05-01,良,76,177,53,93,5,47,0.99,50
1,2016-05-02,良,65,180,38,79,4,31,0.86,64
2,2016-05-03,优,47,65,18,45,3,26,0.64,74
3,2016-05-04,良,68,177,28,83,5,28,0.61,72
4,2016-05-05,良,68,195,34,83,5,24,0.59,56
5,2016-05-06,良,60,111,32,68,5,22,0.59,53
6,2016-05-07,优,46,87,18,43,4,21,0.62,77
7,2016-05-08,优,50,126,28,54,4,29,0.7,53
8,2016-05-09,良,71,264,42,91,5,35,0.78,40
9,2016-05-10,优,41,63,18,40,4,23,0.8,39
10,2016-05-11,优,50,44,24,40,3,15,0.79,102
11,2016-05-12,良,56,50,27,58,6,24,0.69,88
12,2016-05-13,良,51,92,24,52,4,19,0.61,69
13,2016-05-14,良,56,137,31,61,5,27,0.7,52
14,2016-05-15,良,55,222,25,54,5,23,0.71,65
15,2016-05-16,优,38,28,11,20,3,12,0.73,76
16,2016-05-17,良,56,64,18,40,5,15,0.65,106
17,2016-05-18,良,58,57,22,53,6,24,0.64,98
18,2016-05-19,良,60,85,34,68,6,32,0.82,66
19,2016-05-20,良,52,116,29,55,4,33,0.68,60
20,2016-05-21,优,49,157,30,44,4,49,0.9,29
21,2016-05-22,优,34,38,19,32,4,45,0.96,30
22,2016-05-23,优,29,22,15,26,3,33,0.74,42
23,2016-05-24,优,47,73,21,46,5,25,0.73,60
24,2016-05-25,良,72,239,49,89,7,31,0.82,85
25,2016-05-26,良,73,273,45,90,6,33,0.85,83
26,2016-05-27,良,58,200,31,67,7,27,0.68,61
27,2016-05-28,优,38,66,14,37,5,19,0.51,45
28,2016-05-29,优,40,62,17,39,4,18,0.57,44
29,2016-05-30,优,41,51,23,40,3,25,0.96,59
30,2016-05-31,良,63,177,37,70,4,21,1.06,86
0,2016-04-01,良,74,119,48,75,7,40,0.86,75
1,2016-04-02,良,70,144,43,87,6,48,0.92,64
2,2016-04-03,轻度污染,102,335,75,132,6,72,1.44,35
3,2016-04-04,良,53,123,37,45,3,40,1.17,38
4,2016-04-05,优,45,63,23,43,4,36,0.79,51
5,2016-04-06,良,58,198,27,66,5,35,0.7,48
6,2016-04-07,良,64,197,32,75,7,33,0.79,47
7,2016-04-08,优,44,62,23,44,5,37,0.8,31
8,2016-04-09,优,31,18,14,28,3,36,0.56,40
9,2016-04-10,优,27,6,12,22,3,44,0.66,35
10,2016-04-11,优,26,3,10,22,3,34,0.71,47
11,2016-04-12,优,40,33,17,39,4,35,0.58,57
12,2016-04-13,优,42,30,23,41,4,51,0.75,38
13,2016-04-14,优,44,40,26,44,4,40,0.71,56
14,2016-04-15,良,58,106,29,55,4,39,0.63,79
15,2016-04-16,良,67,251,36,78,4,53,1.09,27
16,2016-04-17,良,54,155,26,51,4,30,1.15,72
17,2016-04-18,优,42,59,10,19,3,26,0.79,78
18,2016-04-19,优,46,33,18,40,4,25,0.61,82
19,2016-04-20,良,61,215,26,71,6,45,0.71,56
20,2016-04-21,良,67,188,33,83,5,42,0.83,47
21,2016-04-22,优,48,71,22,46,6,30,0.76,62
22,2016-04-23,良,55,160,27,65,6,46,0.74,40
23,2016-04-24,优,33,21,16,26,3,29,0.6,49
24,2016-04-25,优,38,35,13,24,3,29,0.63,68
25,2016-04-26,优,48,94,26,49,3,37,0.71,55
26,2016-04-27,优,40,24,16,35,3,34,0.78,55
27,2016-04-28,优,48,43,26,47,4,19,0.73,91
28,2016-04-29,良,70,138,41,79,7,22,0.68,122
29,2016-04-30,良,86,230,62,115,8,42,0.96,92
0,2016-03-01,良,60,81,39,65,8,23,0.65,97
1,2016-03-02,良,63,60,38,60,7,36,0.66,68
2,2016-03-03,良,51,27,21,54,7,41,0.61,52
3,2016-03-04,良,65,79,38,78,11,50,0.75,58
4,2016-03-05,良,70,82,45,87,11,53,0.75,59
5,2016-03-06,良,64,68,43,67,7,45,0.77,58
6,2016-03-07,良,54,62,32,55,8,44,0.65,46
7,2016-03-08,良,67,227,44,77,8,52,0.84,38
8,2016-03-09,优,39,111,20,26,4,26,0.66,49
9,2016-03-10,优,30,46,6,10,4,20,0.52,56
10,2016-03-11,优,40,49,24,36,7,20,0.59,75
11,2016-03-12,良,63,99,42,58,7,41,0.79,62
12,2016-03-13,优,47,71,30,36,5,53,1.07,25
13,2016-03-14,优,45,50,27,43,6,28,0.75,79
14,2016-03-15,良,76,113,54,85,7,24,0.78,97
15,2016-03-16,良,77,144,56,89,7,50,0.99,37
16,2016-03-17,良,66,104,44,67,6,63,1.19,32
17,2016-03-18,良,56,56,35,62,6,65,1.4,29
18,2016-03-19,良,89,180,65,91,8,46,1.39,65
19,2016-03-20,良,54,50,37,51,6,40,0.78,64
20,2016-03-21,优,48,74,30,47,6,43,0.81,58
21,2016-03-22,良,58,124,32,65,6,57,0.87,37
22,2016-03-23,优,36,48,21,27,5,45,0.83,38
23,2016-03-24,优,37,52,17,32,5,22,0.58,65
24,2016-03-25,优,44,37,22,44,8,22,0.64,73
25,2016-03-26,良,64,132,38,73,10,30,0.67,95
26,2016-03-27,良,73,178,50,84,11,33,0.75,95
27,2016-03-28,良,66,90,46,72,8,36,0.66,86
28,2016-03-29,良,76,154,50,97,10,58,0.73,61
29,2016-03-30,轻度污染,101,257,74,135,16,77,1.08,27
30,2016-03-31,良,85,202,60,84,7,48,1.02,58
0,2016-02-01,优,26,39,8,10,4,21,0.73,55
1,2016-02-02,优,34,32,20,25,5,14,0.71,62
2,2016-02-03,优,43,23,29,40,6,22,0.76,47
3,2016-02-04,优,41,26,25,40,6,30,0.75,43
4,2016-02-05,优,34,13,24,31,5,27,0.81,38
5,2016-02-06,优,48,61,32,49,8,19,0.74,72
6,2016-02-07,良,78,155,56,81,12,18,0.8,82
7,2016-02-08,轻度污染,115,114,85,122,17,23,0.7,63
8,2016-02-09,良,59,67,39,57,6,23,0.6,61
9,2016-02-10,优,45,28,26,43,6,20,0.58,71
10,2016-02-11,优,40,23,26,35,4,27,0.71,50
11,2016-02-12,优,32,11,18,27,4,20,0.66,41
12,2016-02-13,优,33,41,18,32,5,25,0.8,33
13,2016-02-14,优,26,12,14,13,4,18,1.16,35
14,2016-02-15,优,26,15,11,17,4,13,0.64,48
15,2016-02-16,优,36,31,22,30,5,13,0.63,67
16,2016-02-17,优,38,17,21,33,6,21,0.61,65
17,2016-02-18,优,43,23,24,41,7,32,0.69,58
18,2016-02-19,优,50,48,33,47,6,43,0.84,34
19,2016-02-20,良,64,143,43,66,7,29,0.81,57
20,2016-02-21,良,93,210,36,133,8,16,0.55,97
21,2016-02-22,良,63,110,39,66,5,30,0.7,56
22,2016-02-23,优,37,45,24,27,4,28,0.71,46
23,2016-02-24,良,59,138,35,63,5,16,0.68,76
24,2016-02-25,良,61,125,35,64,7,17,0.6,97
25,2016-02-26,良,60,142,33,64,8,40,0.69,62
26,2016-02-27,优,37,26,22,38,7,33,0.59,42
27,2016-02-28,良,56,91,32,57,7,43,0.77,35
28,2016-02-29,良,96,271,68,92,6,31,0.81,63
0,2016-01-01,轻度污染,102,149,76,103,8,41,1.02,52
1,2016-01-02,良,77,79,50,97,8,50,1.02,34
2,2016-01-03,良,87,104,60,116,8,64,1.19,23
3,2016-01-04,良,80,139,56,101,8,57,1.04,35
4,2016-01-05,良,57,135,39,58,6,54,1.1,20
5,2016-01-06,优,25,2,11,17,4,29,0.69,45
6,2016-01-07,优,39,45,22,36,5,24,0.69,56
7,2016-01-08,良,65,142,43,67,6,38,0.87,39
8,2016-01-09,良,55,84,38,53,6,28,0.92,48
9,2016-01-10,良,67,132,47,76,6,48,1.11,24
10,2016-01-11,优,36,63,24,32,4,42,1.0,22
11,2016-01-12,优,32,29,22,21,4,26,0.73,40
12,2016-01-13,优,50,86,34,47,5,28,0.81,36
13,2016-01-14,良,64,106,45,60,5,32,0.95,38
14,2016-01-15,良,76,140,55,70,6,50,1.12,20
15,2016-01-16,良,74,133,53,70,6,53,1.28,13
16,2016-01-17,优,46,82,30,44,4,36,1.13,27
17,2016-01-18,优,34,15,18,31,5,21,0.86,59
18,2016-01-19,轻度污染,117,238,88,105,7,25,1.01,75
19,2016-01-20,良,77,170,56,66,7,34,0.93,51
20,2016-01-21,优,23,12,10,12,4,41,0.76,29
21,2016-01-22,优,22,23,6,8,4,34,0.6,36
22,2016-01-23,优,24,15,11,16,6,22,0.72,39
23,2016-01-24,优,39,35,16,35,7,12,0.5,66
24,2016-01-25,优,40,23,13,39,7,18,0.46,60
25,2016-01-26,优,47,45,23,49,7,45,0.62,36
26,2016-01-27,优,36,32,23,27,5,45,0.81,21
27,2016-01-28,优,45,75,29,44,6,45,1.51,18
28,2016-01-29,优,44,91,29,42,7,58,1.82,16
29,2016-01-30,优,25,6,15,18,5,35,0.78,25
30,2016-01-31,优,32,23,20,30,4,22,0.68,47
0,2015-12-01,优,47,41,22,50,4,44,0.81,26
1,2015-12-02,良,55,106,28,61,6,45,0.81,30
2,2015-12-03,优,39,75,18,40,5,27,0.69,44
3,2015-12-04,良,59,179,26,66,8,24,0.65,59
4,2015-12-05,优,42,98,21,41,6,28,0.6,41
5,2015-12-06,优,22,20,8,20,3,30,0.66,31
6,2015-12-07,优,34,33,18,31,5,22,0.62,63
7,2015-12-08,优,36,26,12,31,9,18,0.42,70
8,2015-12-09,优,26,25,12,19,3,38,0.61,37
9,2015-12-10,优,22,9,9,13,3,22,0.58,41
10,2015-12-11,优,34,37,21,33,4,29,0.73,33
11,2015-12-12,良,56,112,39,60,6,33,0.79,38
12,2015-12-13,良,71,162,48,83,6,51,0.9,27
13,2015-12-14,优,36,36,23,34,5,42,0.92,21
14,2015-12-15,优,34,30,22,33,5,31,0.92,28
15,2015-12-16,良,73,287,53,68,8,24,0.9,61
16,2015-12-17,良,51,121,29,52,10,20,0.52,65
17,2015-12-18,良,54,86,28,58,7,36,0.63,44
18,2015-12-19,优,44,46,21,45,5,33,0.59,44
19,2015-12-20,良,66,71,28,83,5,45,0.79,28
20,2015-12-21,良,67,76,42,78,6,48,0.99,17
21,2015-12-22,良,51,37,29,50,5,46,1.11,14
22,2015-12-23,优,45,32,25,44,5,50,1.25,13
23,2015-12-24,优,36,26,20,32,4,48,1.3,14
24,2015-12-25,优,20,1,10,14,4,36,0.98,29
25,2015-12-26,优,42,47,28,41,5,40,1.13,24
26,2015-12-27,优,38,47,24,32,5,38,1.17,25
27,2015-12-28,良,53,77,33,53,7,27,0.79,60
28,2015-12-29,良,65,90,39,71,6,28,0.69,57
29,2015-12-30,良,61,85,39,61,6,37,0.83,39
30,2015-12-31,良,74,105,51,80,8,31,0.84,66
0,2015-11-01,优,29,39,12,28,4,28,0.54,27
1,2015-11-02,优,34,21,17,33,5,24,0.61,41
2,2015-11-03,良,62,91,39,64,7,27,0.69,65
3,2015-11-04,优,50,50,24,52,5,37,0.66,37
4,2015-11-05,优,39,41,19,39,5,34,0.78,24
5,2015-11-06,优,41,113,13,40,4,33,0.75,25
6,2015-11-07,优,44,137,16,45,5,32,0.73,40
7,2015-11-08,良,59,175,32,64,6,34,0.85,37
8,2015-11-09,优,26,12,8,13,3,49,1.33,19
9,2015-11-10,优,34,25,22,31,3,20,0.99,58
10,2015-11-11,优,35,38,21,33,3,34,0.74,51
11,2015-11-12,优,28,47,15,25,3,40,0.75,36
12,2015-11-13,优,38,77,16,37,4,36,0.77,40
13,2015-11-14,优,37,51,16,36,4,34,0.72,38
14,2015-11-15,优,43,48,20,43,4,31,0.8,47
15,2015-11-16,良,55,134,25,58,5,42,0.87,44
16,2015-11-17,良,67,223,41,83,7,45,0.95,42
17,2015-11-18,良,62,248,34,71,6,46,0.88,44
18,2015-11-19,优,40,72,17,36,4,25,0.85,52
19,2015-11-20,优,50,83,27,52,4,33,0.79,55
20,2015-11-21,优,44,79,23,43,4,30,0.71,51
21,2015-11-22,优,34,56,12,29,4,29,0.67,51
22,2015-11-23,优,42,145,18,41,5,30,0.64,52
23,2015-11-24,优,34,103,12,25,4,16,0.63,67
24,2015-11-25,优,37,79,13,32,4,27,0.71,40
25,2015-11-26,优,30,18,17,25,4,17,0.49,53
26,2015-11-27,优,36,21,17,34,6,20,0.45,61
27,2015-11-28,良,56,76,29,63,7,40,0.64,44
28,2015-11-29,良,53,63,33,54,5,46,0.85,25
29,2015-11-30,优,40,28,24,36,4,39,0.75,25
0,2015-10-01,优,43,95,24,41,4,26,0.99,36
1,2015-10-02,优,48,84,19,52,4,19,0.8,62
2,2015-10-03,良,55,122,28,62,5,27,0.83,41
3,2015-10-04,优,31,26,12,30,4,26,0.76,33
4,2015-10-05,优,37,65,16,37,4,27,0.75,32
5,2015-10-06,优,41,82,19,40,4,26,0.58,41
6,2015-10-07,优,38,69,14,37,4,29,0.56,47
7,2015-10-08,优,39,88,16,34,4,29,0.65,57
8,2015-10-09,优,32,35,9,19,3,23,0.64,55
9,2015-10-10,优,48,154,22,49,6,37,0.74,30
10,2015-10-11,优,48,148,24,53,6,24,0.54,63
11,2015-10-12,良,59,154,32,66,8,27,0.63,86
12,2015-10-13,良,80,195,58,95,9,29,0.77,112
13,2015-10-14,良,73,119,50,80,7,27,0.74,98
14,2015-10-15,良,58,53,36,59,6,27,0.66,76
15,2015-10-16,优,50,32,24,51,5,27,0.6,63
16,2015-10-17,优,44,21,22,39,5,13,0.48,79
17,2015-10-18,优,39,36,16,37,4,13,0.45,67
18,2015-10-19,优,39,28,17,37,4,14,0.49,59
19,2015-10-20,优,30,6,16,25,3,14,0.58,54
20,2015-10-21,优,30,4,13,28,4,15,0.54,54
21,2015-10-22,优,41,33,20,40,5,17,0.59,53
22,2015-10-23,良,53,52,31,54,5,24,0.69,52
23,2015-10-24,优,46,49,25,46,5,21,0.62,56
24,2015-10-25,优,39,40,21,37,4,16,0.52,66
25,2015-10-26,优,50,93,28,53,5,25,0.62,60
26,2015-10-27,良,63,218,39,74,7,33,0.73,55
27,2015-10-28,优,38,51,23,35,4,25,0.99,42
28,2015-10-29,良,70,242,47,80,5,39,1.01,44
29,2015-10-30,优,46,109,28,39,4,37,0.93,32
30,2015-10-31,优,26,23,9,19,4,18,0.58,47
0,2015-09-01,优,38,71,20,37,3,36,0.79,29
1,2015-09-02,优,30,50,13,30,3,30,0.76,27
2,2015-09-03,优,37,85,14,40,3,19,0.55,35
3,2015-09-04,优,34,63,16,34,3,23,0.58,29
4,2015-09-05,优,37,78,15,36,4,24,0.63,35
5,2015-09-06,优,44,130,19,42,4,24,0.68,38
6,2015-09-07,优,45,109,20,43,3,18,0.66,74
7,2015-09-08,优,43,73,19,37,3,16,0.61,77
8,2015-09-09,优,34,53,12,29,3,17,0.51,64
9,2015-09-10,优,42,126,16,38,3,17,0.5,78
10,2015-09-11,优,47,167,17,38,4,17,0.51,88
11,2015-09-12,良,51,184,23,48,4,19,0.59,86
12,2015-09-13,良,54,163,34,53,5,18,0.78,76
13,2015-09-14,优,49,70,25,48,4,20,0.67,72
14,2015-09-15,优,50,99,24,52,4,21,0.65,51
15,2015-09-16,优,33,16,15,32,3,23,0.65,43
16,2015-09-17,良,51,83,23,47,4,22,0.75,74
17,2015-09-18,良,52,94,24,52,4,21,0.6,86
18,2015-09-19,良,60,186,39,65,5,22,0.65,76
19,2015-09-20,优,47,110,32,35,3,47,0.85,38
20,2015-09-21,优,23,11,11,19,3,36,0.8,40
21,2015-09-22,优,37,60,16,34,3,35,0.76,47
22,2015-09-23,良,58,225,31,64,5,32,0.76,59
23,2015-09-24,优,42,107,22,42,4,25,0.73,49
24,2015-09-25,良,54,199,25,60,5,32,0.73,49
25,2015-09-26,优,43,108,21,40,4,21,0.65,63
26,2015-09-27,良,53,143,29,58,5,19,0.75,73
27,2015-09-28,优,43,97,21,43,4,16,0.7,53
28,2015-09-29,优,28,21,9,17,2,9,0.72,56
29,2015-09-30,优,33,40,14,29,4,41,1.06,31
0,2015-08-01,良,69,276,37,86,5,26,0.71,63
1,2015-08-02,良,67,281,36,79,6,26,0.65,73
2,2015-08-03,良,64,278,35,72,6,25,0.63,76
3,2015-08-04,良,65,288,38,73,6,22,0.65,78
4,2015-08-05,良,51,147,29,53,6,20,0.57,63
5,2015-08-06,优,42,80,27,37,4,13,0.5,38
6,2015-08-07,优,29,18,9,28,4,9,0.5,17
7,2015-08-08,优,20,7,6,18,3,4,0.43,31
8,2015-08-09,优,29,43,15,11,4,10,0.47,49
9,2015-08-10,优,36,116,18,27,5,22,0.48,49
10,2015-08-11,优,40,117,24,35,6,22,0.51,35
11,2015-08-12,优,49,132,22,50,6,25,0.51,51
12,2015-08-13,优,42,67,22,41,4,26,0.49,42
13,2015-08-14,优,39,58,18,37,4,26,0.48,38
14,2015-08-15,优,41,100,19,40,6,21,0.53,49
15,2015-08-16,优,37,56,14,35,4,22,0.56,49
16,2015-08-17,优,39,79,15,35,4,20,0.58,55
17,2015-08-18,优,39,66,15,39,4,25,0.61,44
18,2015-08-19,优,47,125,25,48,4,30,0.8,52
19,2015-08-20,优,44,111,22,44,4,20,0.65,40
20,2015-08-21,优,27,8,9,26,4,11,0.44,23
21,2015-08-22,优,20,2,7,19,3,8,0.41,26
22,2015-08-23,优,25,11,8,24,4,15,0.47,28
23,2015-08-24,优,37,62,13,36,5,18,0.53,40
24,2015-08-25,优,47,110,19,47,5,21,0.58,63
25,2015-08-26,良,52,112,22,55,6,24,0.62,62
26,2015-08-27,良,51,117,24,54,5,22,0.62,55
27,2015-08-28,良,52,129,27,55,4,25,0.7,47
28,2015-08-29,优,37,75,19,36,3,23,0.74,50
29,2015-08-30,优,41,84,19,40,3,27,0.74,42
30,2015-08-31,优,38,65,20,37,3,25,0.7,44
0,2015-07-01,良,63,257,33,74,5,20,0.78,67
1,2015-07-02,良,52,169,28,55,4,21,0.7,41
2,2015-07-03,优,35,41,20,32,3,32,0.71,24
3,2015-07-04,优,26,9,7,18,3,18,0.68,53
4,2015-07-05,优,33,44,9,21,2,13,0.66,64
5,2015-07-06,优,29,16,5,17,2,13,0.63,54
6,2015-07-07,优,29,11,10,27,3,30,0.73,29
7,2015-07-08,优,21,1,7,20,2,17,0.66,33
8,2015-07-09,优,21,3,6,19,2,8,0.46,23
9,2015-07-10,优,34,44,10,33,3,16,0.53,31
10,2015-07-11,优,36,66,12,34,3,14,0.52,43
11,2015-07-12,优,42,84,16,43,4,19,0.5,49
12,2015-07-13,良,59,104,26,63,6,26,0.57,68
13,2015-07-14,良,62,111,31,71,5,27,0.59,61
14,2015-07-15,良,59,163,36,67,5,19,0.53,62
15,2015-07-16,良,55,157,33,58,5,18,0.48,70
16,2015-07-17,良,52,153,29,55,5,19,0.53,54
17,2015-07-18,优,40,48,18,39,3,14,0.46,42
18,2015-07-19,优,34,25,13,33,3,12,0.49,38
19,2015-07-20,优,18,3,6,15,3,18,0.49,22
20,2015-07-21,优,19,3,8,17,3,21,0.53,19
21,2015-07-22,优,28,32,11,27,3,19,0.52,34
22,2015-07-23,优,24,14,11,23,4,16,0.5,28
23,2015-07-24,优,31,50,12,30,4,15,0.52,28
24,2015-07-25,优,38,72,13,38,7,16,0.51,35
25,2015-07-26,优,47,115,19,48,5,14,0.51,42
26,2015-07-27,良,56,168,25,61,5,18,0.55,60
27,2015-07-28,良,52,161,25,54,4,25,0.59,50
28,2015-07-29,良,54,184,25,57,5,26,0.62,55
29,2015-07-30,良,55,212,25,58,5,21,0.65,60
30,2015-07-31,良,62,277,29,69,6,24,0.69,61
0,2015-06-01,优,40,51,19,42,4,26,0.63,55
1,2015-06-02,良,51,140,19,53,4,23,0.57,36
2,2015-06-03,良,55,199,23,59,5,24,0.57,50
3,2015-06-04,优,35,32,13,20,3,32,0.59,47
4,2015-06-05,优,48,92,25,51,5,54,0.89,23
5,2015-06-06,优,35,29,20,32,3,31,0.75,54
6,2015-06-07,良,60,185,33,65,5,29,0.83,67
7,2015-06-08,良,57,207,28,62,5,27,0.74,43
8,2015-06-09,良,57,163,26,60,6,26,0.64,56
9,2015-06-10,良,51,117,24,48,5,23,0.57,51
10,2015-06-11,优,40,60,16,36,3,24,0.6,54
11,2015-06-12,优,39,45,14,35,4,24,0.65,67
12,2015-06-13,优,49,126,21,48,4,21,0.6,72
13,2015-06-14,优,45,105,16,44,5,26,0.59,43
14,2015-06-15,良,51,128,20,53,5,22,0.6,46
15,2015-06-16,良,57,154,22,61,6,23,0.64,54
16,2015-06-17,良,60,192,25,68,7,25,0.63,59
17,2015-06-18,良,64,235,29,69,6,32,0.65,51
18,2015-06-19,优,29,22,11,26,3,24,0.58,56
19,2015-06-20,优,40,56,18,39,4,27,0.68,49
20,2015-06-21,优,35,48,13,33,2,21,0.59,49
21,2015-06-22,良,52,131,22,56,5,32,0.7,36
22,2015-06-23,优,45,108,16,46,4,28,0.7,25
23,2015-06-24,优,37,111,13,36,4,25,0.65,23
24,2015-06-25,优,41,134,13,41,4,17,0.59,30
25,2015-06-26,良,51,172,19,53,5,15,0.61,39
26,2015-06-27,优,49,188,18,51,5,14,0.66,41
27,2015-06-28,良,56,223,24,61,4,18,0.68,57
28,2015-06-29,良,64,268,32,75,5,21,0.76,71
29,2015-06-30,良,62,275,30,72,5,18,0.75,71
0,2015-05-01,良,81,226,51,80,5,31,0.7,106
1,2015-05-02,良,69,253,36,81,5,31,0.72,51
2,2015-05-03,良,63,157,32,63,4,23,0.64,70
3,2015-05-04,良,69,202,34,49,3,20,0.64,123
4,2015-05-05,良,63,120,27,48,3,26,0.68,103
5,2015-05-06,良,71,152,48,87,5,51,0.95,52
6,2015-05-07,良,82,192,46,97,7,49,1.06,64
7,2015-05-08,良,76,254,53,91,6,41,0.83,98
8,2015-05-09,良,78,281,51,95,5,44,0.92,62
9,2015-05-10,良,58,137,16,37,3,22,0.54,98
10,2015-05-11,良,62,251,28,66,5,34,0.62,71
11,2015-05-12,良,51,108,8,31,5,18,0.46,99
12,2015-05-13,良,85,262,30,81,10,37,0.61,107
13,2015-05-14,良,88,262,46,111,9,45,0.75,94
14,2015-05-15,良,70,236,32,85,8,34,0.65,65
15,2015-05-16,良,64,148,25,57,6,30,0.64,75
16,2015-05-17,优,47,74,24,41,3,25,0.74,67
17,2015-05-18,良,58,116,30,65,5,30,0.72,26
18,2015-05-19,优,42,69,23,41,4,36,0.72,6
19,2015-05-20,优,44,79,26,43,4,34,0.76,38
20,2015-05-21,良,53,114,12,26,2,20,0.62,100
21,2015-05-22,优,45,69,17,32,3,36,0.75,56
22,2015-05-23,优,41,57,23,43,3,52,0.95,22
23,2015-05-24,优,28,10,13,25,3,29,0.86,49
24,2015-05-25,良,54,86,31,57,3,40,0.86,51
25,2015-05-26,良,51,82,27,52,4,48,0.77,31
26,2015-05-27,良,58,123,35,64,4,48,0.88,33
27,2015-05-28,良,59,142,31,68,4,35,0.95,49
28,2015-05-29,良,57,171,27,62,3,25,0.76,61
29,2015-05-30,良,54,143,25,59,3,33,0.78,30
30,2015-05-31,优,36,17,20,35,3,26,0.7,41
0,2015-04-01,良,69,213,33,84,8,33,0.73,60
1,2015-04-02,良,69,252,29,86,7,31,0.65,60
2,2015-04-03,良,61,152,29,71,7,27,0.65,55
3,2015-04-04,良,71,203,42,87,8,30,0.68,59
4,2015-04-05,良,89,259,59,120,8,32,0.77,80
5,2015-04-06,良,97,301,69,116,8,36,0.94,56
6,2015-04-07,优,40,82,9,14,2,15,0.63,80
7,2015-04-08,优,38,54,15,22,3,16,0.56,72
8,2015-04-09,优,43,54,27,37,3,32,0.79,57
9,2015-04-10,优,28,21,16,25,3,34,0.82,38
10,2015-04-11,良,51,76,35,47,3,37,0.75,50
11,2015-04-12,良,63,136,35,74,9,43,0.81,64
12,2015-04-13,良,74,263,32,95,6,39,0.63,66
13,2015-04-14,良,65,104,22,72,8,28,0.4,92
14,2015-04-15,良,78,140,38,91,12,51,0.56,91
15,2015-04-16,良,89,158,45,108,11,55,0.67,101
16,2015-04-17,良,90,161,62,117,9,57,0.74,68
17,2015-04-18,良,99,253,64,122,9,52,0.78,43
18,2015-04-19,良,81,279,41,110,6,40,0.69,41
19,2015-04-20,良,55,142,31,54,3,36,0.77,34
20,2015-04-21,优,42,40,17,34,3,21,0.61,84
21,2015-04-22,良,68,175,30,67,6,35,0.77,94
22,2015-04-23,良,62,99,29,69,9,47,0.66,80
23,2015-04-24,良,59,86,24,56,8,35,0.63,82
24,2015-04-25,良,58,57,22,49,8,26,0.71,94
25,2015-04-26,良,66,77,24,68,8,28,0.62,108
26,2015-04-27,良,80,175,46,105,11,40,0.71,93
27,2015-04-28,良,57,71,35,54,3,39,0.83,50
28,2015-04-29,良,57,81,26,64,6,31,0.75,79
29,2015-04-30,良,98,256,63,88,6,23,0.68,148
0,2015-03-01,优,20,5,9,14,3,18,0.58,40
1,2015-03-02,良,51,69,33,49,6,22,0.56,70
2,2015-03-03,良,69,153,48,73,6,40,0.82,29
3,2015-03-04,优,43,76,28,33,3,19,0.67,63
4,2015-03-05,优,36,53,20,29,3,27,0.69,44
5,2015-03-06,优,35,46,23,29,3,32,0.64,29
6,2015-03-07,优,36,27,21,30,4,32,0.68,27
7,2015-03-08,优,49,82,30,48,4,39,0.94,21
8,2015-03-09,良,58,126,36,52,5,25,1.04,58
9,2015-03-10,良,58,147,36,58,3,16,0.62,80
10,2015-03-11,优,46,63,30,42,3,34,0.79,55
11,2015-03-12,良,57,103,30,63,6,33,0.7,75
12,2015-03-13,良,65,132,34,78,8,49,0.72,54
13,2015-03-14,良,68,107,39,85,10,53,0.79,48
14,2015-03-15,良,70,100,49,78,6,54,0.7,36
15,2015-03-16,良,56,69,34,59,7,48,0.77,39
16,2015-03-17,良,63,124,37,72,6,44,0.8,50
17,2015-03-18,良,75,223,42,91,7,43,0.89,46
18,2015-03-19,良,80,209,43,96,7,40,0.94,71
19,2015-03-20,良,62,132,31,64,9,40,0.9,84
20,2015-03-21,良,53,49,31,55,5,35,0.79,56
21,2015-03-22,良,60,68,38,65,8,25,0.7,103
22,2015-03-23,良,76,225,30,81,7,24,0.57,116
23,2015-03-24,优,48,68,13,38,5,17,0.48,95
24,2015-03-25,优,49,67,15,35,5,24,0.53,85
25,2015-03-26,优,47,60,24,47,5,44,0.75,46
26,2015-03-27,优,40,30,21,36,5,31,0.72,61
27,2015-03-28,良,55,64,31,55,8,40,0.72,73
28,2015-03-29,良,66,99,35,77,13,51,0.76,67
29,2015-03-30,良,67,138,32,83,9,45,0.7,73
30,2015-03-31,良,75,188,39,98,7,45,0.82,46
0,2015-02-01,良,67,129,48,68,8,28,0.89,50
1,2015-02-02,良,61,63,40,69,5,45,0.81,19
2,2015-02-03,良,59,57,39,67,5,49,0.86,12
3,2015-02-04,优,33,11,21,30,4,36,0.63,18
4,2015-02-05,良,54,72,38,51,7,39,0.9,38
5,2015-02-06,良,86,152,63,86,12,36,0.83,73
6,2015-02-07,良,77,109,55,85,9,58,0.81,29
7,2015-02-08,良,83,222,60,79,10,33,0.76,84
8,2015-02-09,良,53,50,28,49,7,17,0.5,87
9,2015-02-10,优,50,35,27,51,7,34,0.6,67
10,2015-02-11,良,76,90,54,90,9,44,0.71,58
11,2015-02-12,良,84,137,55,100,10,44,0.82,70
12,2015-02-13,良,79,122,46,106,9,41,0.75,79
13,2015-02-14,良,74,79,48,95,7,39,0.86,77
14,2015-02-15,良,76,107,55,82,4,44,0.96,40
15,2015-02-16,良,52,27,33,46,2,26,0.82,61
16,2015-02-17,良,81,151,59,83,4,20,1.0,101
17,2015-02-18,良,92,200,66,109,6,15,1.06,107
18,2015-02-19,良,85,132,50,98,15,13,0.73,125
19,2015-02-20,优,47,93,24,44,3,21,0.67,65
20,2015-02-21,良,54,140,36,50,3,35,0.78,25
21,2015-02-22,优,33,16,22,24,2,21,0.78,35
22,2015-02-23,优,24,8,16,19,2,21,0.94,32
23,2015-02-24,优,32,20,16,22,2,18,0.89,53
24,2015-02-25,优,37,46,20,29,3,23,0.72,64
25,2015-02-26,优,36,43,16,24,2,24,0.63,52
26,2015-02-27,优,36,67,9,14,2,20,0.53,69
27,2015-02-28,优,37,107,16,27,3,27,0.65,50
0,2015-01-06,轻度污染,133,329,99,165,10,55,1.1,64
1,2015-01-07,良,61,93,43,45,4,33,0.81,27
2,2015-01-08,优,50,28,31,50,9,24,0.74,59
3,2015-01-09,良,76,95,54,85,11,41,0.73,71
4,2015-01-10,良,76,85,54,91,17,53,0.79,62
5,2015-01-11,良,67,92,43,77,12,40,0.65,73
6,2015-01-12,良,64,123,36,69,11,20,0.57,96
7,2015-01-13,优,25,13,12,8,2,31,0.55,39
8,2015-01-14,优,25,8,12,19,2,18,0.56,46
9,2015-01-15,优,32,7,18,30,3,24,0.56,49
10,2015-01-16,良,57,43,31,64,6,44,0.76,39
11,2015-01-17,轻度污染,101,189,74,105,10,31,0.81,81
12,2015-01-18,轻度污染,128,257,96,127,10,43,0.92,68
13,2015-01-19,良,94,181,65,102,10,38,0.77,81
14,2015-01-20,良,78,102,40,105,11,48,0.72,62
15,2015-01-21,良,74,96,47,97,7,47,0.79,53
16,2015-01-22,良,83,116,58,106,11,45,0.84,74
17,2015-01-23,轻度污染,104,125,77,111,11,49,1.03,78
18,2015-01-24,良,88,96,63,95,7,52,0.93,54
19,2015-01-25,良,69,52,47,77,5,54,0.85,43
20,2015-01-26,良,100,133,73,95,6,52,0.95,31
21,2015-01-27,轻度污染,107,276,79,80,5,35,0.94,68
22,2015-01-28,优,46,124,30,42,3,21,0.68,52
23,2015-01-29,良,53,128,30,55,7,41,0.65,35
24,2015-01-30,优,34,24,18,33,5,41,0.56,14
25,2015-01-31,良,53,95,37,49,6,24,0.67,31
0,2014-12-01,优,34,14,23,32,5,23,1.05,40
1,2014-12-02,良,74,126,53,85,12,17,0.9,61
2,2014-12-03,良,74,105,44,90,5,51,0.73,24
3,2014-12-04,优,26,16,17,17,3,22,0.76,40
4,2014-12-05,优,43,27,24,42,8,24,0.64,56
5,2014-12-06,良,51,21,28,50,9,29,0.61,70
6,2014-12-07,良,58,21,30,66,8,42,0.68,48
7,2014-12-08,良,59,27,35,67,12,34,0.69,55
8,2014-12-09,良,59,30,40,65,11,25,0.7,60
9,2014-12-10,良,51,13,29,55,5,39,0.71,28
10,2014-12-11,良,53,29,35,49,5,39,0.86,17
11,2014-12-12,良,53,29,36,55,6,32,1.04,32
12,2014-12-13,良,72,52,48,86,13,28,0.82,63
13,2014-12-14,良,63,14,39,73,12,36,0.69,49
14,2014-12-15,良,64,16,36,77,7,47,0.76,30
15,2014-12-16,良,58,53,35,64,10,26,0.63,66
16,2014-12-17,良,60,37,33,66,13,22,0.52,67
17,2014-12-18,良,52,9,23,53,10,25,0.59,73
18,2014-12-19,良,54,11,29,57,6,43,0.71,34
19,2014-12-20,优,49,31,28,50,8,30,0.61,58
20,2014-12-21,良,85,112,62,92,18,37,0.81,79
21,2014-12-22,良,68,24,48,62,15,28,0.71,77
22,2014-12-23,良,66,9,39,81,10,50,0.78,41
23,2014-12-24,良,71,29,45,89,10,47,0.8,59
24,2014-12-25,良,80,58,58,86,17,37,0.81,85
25,2014-12-26,良,59,28,38,61,11,28,0.8,76
26,2014-12-27,优,47,16,28,48,6,31,0.6,54
27,2014-12-28,优,48,16,28,50,5,31,0.66,38
28,2014-12-29,良,55,9,31,61,7,33,0.62,53
29,2014-12-30,良,69,26,40,85,8,45,0.66,52
30,2014-12-31,良,70,190,41,88,7,45,0.69,41
0,2014-11-01,良,51,39,20,52,4,23,0.68,60
1,2014-11-02,优,36,14,20,32,2,22,0.92,61
2,2014-11-03,良,61,65,35,61,9,18,0.78,97
3,2014-11-04,良,60,22,25,56,6,26,0.58,92
4,2014-11-05,良,51,13,22,53,5,30,0.55,74
5,2014-11-06,良,66,50,36,81,6,45,0.66,57
6,2014-11-07,良,66,82,44,72,6,26,0.68,99
7,2014-11-08,优,49,56,29,47,3,29,0.65,61
8,2014-11-09,优,35,17,18,34,3,25,0.6,42
9,2014-11-10,优,45,25,20,44,5,22,0.57,69
10,2014-11-11,良,65,49,39,78,5,34,0.78,57
11,2014-11-12,良,56,62,36,57,4,33,0.77,36
12,2014-11-13,轻度污染,111,179,83,113,12,28,1.08,79
13,2014-11-14,良,66,41,44,69,11,26,0.71,82
14,2014-11-15,优,44,7,15,37,5,22,0.48,75
15,2014-11-16,优,43,6,19,42,4,29,0.53,41
16,2014-11-17,优,44,8,27,47,5,20,0.65,62
17,2014-11-18,良,69,25,48,73,10,16,0.63,99
18,2014-11-19,良,55,13,30,57,6,24,0.56,84
19,2014-11-20,良,52,7,25,54,5,30,0.53,64
20,2014-11-21,良,60,15,25,68,6,42,0.66,47
21,2014-11-22,良,60,19,32,68,5,38,0.71,38
22,2014-11-23,良,54,26,22,57,3,33,0.63,44
23,2014-11-24,良,59,65,24,66,6,43,0.68,35
24,2014-11-25,良,63,70,37,75,5,41,0.82,25
25,2014-11-26,优,38,6,21,35,2,24,0.76,49
26,2014-11-27,良,58,52,24,57,5,30,0.91,81
27,2014-11-28,良,75,95,39,98,7,52,0.99,26
28,2014-11-29,良,53,30,29,58,4,40,1.17,16
29,2014-11-30,良,62,83,32,73,4,40,1.27,16
0,2014-10-01,优,44,23,15,29,5,13,0.66,84
1,2014-10-02,良,52,32,21,45,7,16,0.76,91
2,2014-10-03,良,70,84,32,66,7,15,0.81,129
3,2014-10-04,良,79,136,34,63,7,14,0.68,121
4,2014-10-05,良,60,50,24,54,7,18,0.48,106
5,2014-10-06,良,78,116,39,85,8,20,0.56,120
6,2014-10-07,良,81,81,36,65,8,14,0.55,131
7,2014-10-08,良,59,24,19,45,6,13,0.46,106
8,2014-10-09,良,52,10,18,47,6,19,0.53,84
9,2014-10-10,优,42,8,18,40,6,14,0.5,70
10,2014-10-11,优,39,7,15,37,5,16,0.4,68
11,2014-10-12,良,57,64,26,62,6,19,0.43,86
12,2014-10-13,良,63,89,30,62,7,18,0.5,110
13,2014-10-14,良,76,75,48,91,9,25,0.72,113
14,2014-10-15,良,89,48,57,103,10,28,0.87,134
15,2014-10-16,轻度污染,115,126,64,104,11,26,0.92,171
16,2014-10-17,轻度污染,114,122,59,100,11,23,0.82,168
17,2014-10-18,良,83,62,42,82,7,20,0.69,123
18,2014-10-19,良,52,30,21,51,4,19,0.56,73
19,2014-10-20,良,57,31,26,61,5,29,0.65,47
20,2014-10-21,良,72,71,36,93,6,36,0.75,71
21,2014-10-22,良,51,13,33,51,2,25,0.82,65
22,2014-10-23,良,63,24,25,53,3,15,0.59,113
23,2014-10-24,良,53,10,18,47,4,24,0.6,88
24,2014-10-25,优,50,9,24,51,5,29,0.68,66
25,2014-10-26,良,75,41,42,97,8,51,0.86,47
26,2014-10-27,良,89,110,51,100,6,34,0.93,94
27,2014-10-28,良,73,88,33,65,3,12,0.61,115
28,2014-10-29,良,54,50,20,51,3,16,0.62,86
29,2014-10-30,良,55,64,24,58,3,21,0.73,64
30,2014-10-31,良,56,72,23,61,4,27,0.73,53
0,2014-09-01,良,66,136,27,81,4,27,0.62,60
1,2014-09-02,良,71,162,34,91,4,31,0.67,55
2,2014-09-03,良,57,143,25,64,3,25,0.6,46
3,2014-09-04,优,46,26,20,46,3,22,0.63,40
4,2014-09-05,良,63,58,38,71,2,19,0.82,92
5,2014-09-06,优,48,21,25,48,2,15,0.63,64
6,2014-09-07,优,45,19,18,47,3,18,0.5,44
7,2014-09-08,良,62,75,30,70,4,26,0.62,63
8,2014-09-09,良,63,96,31,72,5,23,0.65,71
9,2014-09-10,良,70,108,36,83,7,26,0.7,70
10,2014-09-11,优,41,27,20,40,3,20,0.58,50
11,2014-09-12,优,42,56,17,41,4,20,0.59,47
12,2014-09-13,良,59,116,24,61,4,27,0.69,57
13,2014-09-14,优,41,39,15,33,2,19,0.66,65
14,2014-09-15,优,40,40,14,33,2,13,0.61,67
15,2014-09-16,优,38,48,14,36,2,18,0.59,48
16,2014-09-17,良,57,130,21,59,4,27,0.74,57
17,2014-09-18,优,47,74,19,48,3,21,0.66,41
18,2014-09-19,优,37,25,12,33,2,15,0.53,61
19,2014-09-20,优,37,17,11,21,2,14,0.63,72
20,2014-09-21,优,41,19,9,11,2,11,0.56,82
21,2014-09-22,优,34,9,11,23,3,15,0.59,61
22,2014-09-23,优,40,45,15,37,4,20,0.66,58
23,2014-09-24,良,54,80,20,55,6,25,0.78,68
24,2014-09-25,良,51,32,24,49,3,21,0.78,82
25,2014-09-26,良,65,55,27,62,5,20,0.73,112
26,2014-09-27,良,65,66,30,61,4,18,0.7,106
27,2014-09-28,良,62,93,32,61,5,19,0.72,100
28,2014-09-29,良,66,121,38,80,7,24,0.72,87
29,2014-09-30,良,58,124,33,58,6,21,0.83,75
0,2014-08-01,良,61,117,26,64,5,33,0.91,73
1,2014-08-02,良,77,142,36,70,5,24,0.87,113
2,2014-08-03,良,80,131,31,60,3,24,0.87,116
3,2014-08-04,良,76,110,36,73,5,27,0.84,80
4,2014-08-05,良,52,75,20,49,5,27,0.79,58
5,2014-08-06,良,58,87,24,62,5,36,0.81,60
6,2014-08-07,良,71,146,31,74,4,38,0.75,72
7,2014-08-09,良,68,136,36,71,6,35,0.78,70
8,2014-08-10,良,51,50,25,53,8,36,0.6,47
9,2014-08-11,良,55,66,25,55,5,31,0.67,52
10,2014-08-12,优,40,32,18,34,4,26,0.6,66
11,2014-08-13,优,36,31,12,30,4,29,0.53,55
12,2014-08-14,优,47,63,18,46,4,25,0.54,56
13,2014-08-15,优,49,41,19,43,4,24,0.66,71
14,2014-08-16,良,55,46,23,56,4,22,0.66,68
15,2014-08-17,良,67,111,29,69,5,23,0.68,71
16,2014-08-18,良,55,80,21,50,3,25,0.66,55
17,2014-08-19,优,38,45,15,39,4,24,0.68,17
18,2014-08-20,优,41,41,17,39,4,24,0.7,37
19,2014-08-21,优,46,28,17,51,4,25,0.79,48
20,2014-08-23,良,68,87,34,80,5,25,0.73,71
21,2014-08-24,良,72,148,33,82,5,28,0.73,70
22,2014-08-25,良,83,161,34,93,5,31,0.74,81
23,2014-08-26,优,49,32,25,52,3,22,0.63,33
24,2014-08-27,优,32,16,10,31,3,14,0.52,22
25,2014-08-28,优,46,45,13,48,4,18,0.51,49
26,2014-08-29,优,44,32,13,46,3,27,0.58,36
27,2014-08-30,优,45,36,16,46,3,25,0.61,34
28,2014-08-31,良,51,71,17,54,4,23,0.53,39
0,2014-07-01,良,58,54,20,62,8,20,0.88,56
1,2014-07-02,良,63,79,23,74,6,17,0.9,55
2,2014-07-03,良,64,71,30,76,5,19,0.98,55
3,2014-07-04,良,60,69,28,69,6,17,0.81,49
4,2014-07-05,良,56,77,24,63,7,16,0.69,53
5,2014-07-06,良,71,129,34,83,7,19,0.78,65
6,2014-07-07,良,53,36,24,56,6,15,0.7,56
7,2014-07-08,良,53,40,26,57,7,16,0.71,56
8,2014-07-09,良,66,98,27,68,6,20,0.77,64
9,2014-07-10,良,59,70,24,63,7,20,0.74,64
10,2014-07-11,良,55,62,20,57,6,17,0.66,54
11,2014-07-12,优,49,57,19,50,6,15,0.61,44
12,2014-07-13,优,50,64,18,52,7,13,0.61,45
13,2014-07-14,良,57,71,22,63,6,24,0.72,48
14,2014-07-15,良,60,89,22,58,8,17,0.72,87
15,2014-07-16,良,61,94,25,62,9,19,0.76,57
16,2014-07-17,优,24,5,9,21,5,4,0.61,24
17,2014-07-18,优,23,5,8,22,5,7,0.61,23
18,2014-07-19,优,26,8,9,23,4,11,0.7,28
19,2014-07-20,优,24,8,8,21,5,12,0.72,29
20,2014-07-21,优,23,5,8,22,5,11,0.68,36
21,2014-07-22,优,24,5,9,22,5,11,0.71,34
22,2014-07-23,优,29,4,14,20,4,9,0.75,33
23,2014-07-24,优,42,37,24,29,5,21,0.94,49
24,2014-07-25,优,50,60,29,44,5,28,0.95,44
25,2014-07-26,良,52,35,20,52,4,29,0.8,50
26,2014-07-27,良,67,67,26,60,4,29,0.84,70
27,2014-07-28,优,42,17,18,40,4,24,0.84,44
28,2014-07-29,优,31,7,11,28,3,17,0.7,35
29,2014-07-30,优,36,9,14,34,4,20,0.75,41
30,2014-07-31,良,63,98,22,61,5,35,0.87,61
0,2014-06-01,良,66,85,38,80,4,26,1.23,66
1,2014-06-02,良,52,60,25,56,3,26,1.51,51
2,2014-06-03,优,50,39,27,52,5,23,0.74,82
3,2014-06-04,良,66,72,39,78,7,25,0.83,88
4,2014-06-05,良,60,56,37,68,5,23,0.88,74
5,2014-06-06,良,51,49,32,48,5,28,0.92,80
6,2014-06-07,优,42,34,22,43,6,30,0.86,48
7,2014-06-08,良,53,40,27,49,6,21,0.85,76
8,2014-06-09,良,53,58,25,47,5,16,0.84,90
9,2014-06-10,良,54,68,22,50,5,18,0.79,79
10,2014-06-11,优,50,27,19,43,6,20,0.77,66
11,2014-06-12,良,63,42,22,53,6,20,0.79,113
12,2014-06-13,良,82,82,38,77,7,24,0.85,122
13,2014-06-14,良,97,97,42,74,7,21,0.86,139
14,2014-06-15,良,73,50,37,94,8,36,0.99,70
15,2014-06-16,良,53,34,28,56,5,28,1.01,50
16,2014-06-17,良,52,41,22,58,5,23,0.91,64
17,2014-06-18,优,38,19,16,35,5,28,0.76,51
18,2014-06-19,优,40,27,17,39,6,34,0.91,32
19,2014-06-20,良,54,89,24,58,8,35,0.98,21
20,2014-06-21,优,48,65,19,50,7,20,0.8,33
21,2014-06-22,优,43,46,16,44,7,18,0.75,34
22,2014-06-23,优,32,17,15,28,5,21,0.84,49
23,2014-06-24,优,33,21,16,27,5,31,0.87,60
24,2014-06-25,良,51,63,19,55,6,29,0.84,63
25,2014-06-26,良,62,103,25,73,5,24,0.81,47
26,2014-06-27,良,68,117,34,84,5,29,0.9,52
27,2014-06-28,良,54,54,28,60,5,29,0.93,37
28,2014-06-29,优,46,36,18,46,7,25,0.91,59
29,2014-06-30,良,54,45,24,59,6,22,0.91,56
0,2014-05-01,良,65,27,32,65,5,27,0.99,79
1,2014-05-02,良,63,45,23,52,3,18,0.95,106
2,2014-05-03,良,70,67,37,80,5,21,0.99,100
3,2014-05-04,良,74,111,42,89,5,21,1.04,114
4,2014-05-05,优,47,39,15,37,6,15,1.0,94
5,2014-05-06,良,64,56,23,56,7,17,0.93,112
6,2014-05-07,良,67,54,35,84,10,45,1.04,53
7,2014-05-08,良,68,49,37,73,9,30,1.12,80
8,2014-05-09,良,60,50,38,65,6,37,1.07,79
9,2014-05-10,优,45,39,27,44,6,32,1.08,37
10,2014-05-11,良,54,90,26,59,7,31,1.02,36
11,2014-05-12,优,38,10,18,38,6,27,1.01,33
12,2014-05-13,优,49,25,25,52,6,26,1.21,63
13,2014-05-14,良,61,56,25,70,6,27,1.04,45
14,2014-05-15,良,55,40,31,57,5,24,1.01,57
15,2014-05-16,良,95,107,70,109,8,41,1.22,62
16,2014-05-17,良,84,85,58,102,8,45,1.2,44
17,2014-05-18,优,47,22,22,49,6,34,1.1,37
18,2014-05-19,优,41,18,22,41,6,31,1.03,49
19,2014-05-20,优,46,21,19,40,5,22,1.04,64
20,2014-05-21,良,69,51,42,73,5,23,1.1,116
21,2014-05-22,优,48,32,23,39,4,37,1.1,73
22,2014-05-23,优,35,18,16,34,5,43,1.09,39
23,2014-05-24,良,53,71,23,56,5,41,1.21,44
24,2014-05-25,良,65,69,30,75,5,38,1.12,46
25,2014-05-26,良,62,49,34,69,6,39,1.23,34
26,2014-05-27,良,62,30,37,71,6,31,1.25,72
27,2014-05-28,良,76,71,48,101,6,37,1.21,60
28,2014-05-29,良,89,61,56,126,9,45,1.24,62
29,2014-05-30,良,67,45,46,81,4,40,1.31,38
30,2014-05-31,良,56,43,32,60,4,34,1.28,52
0,2014-04-01,优,47,15,27,48,7,42,1.42,52
1,2014-04-02,良,51,20,27,54,8,41,1.04,63
2,2014-04-03,良,75,85,42,100,12,77,1.18,30
3,2014-04-04,良,57,16,31,61,8,29,0.9,96
4,2014-04-05,良,71,58,37,85,13,43,0.98,92
5,2014-04-06,良,52,15,23,51,8,25,0.8,93
6,2014-04-07,良,59,30,40,64,10,44,1.07,62
7,2014-04-08,良,82,58,59,104,17,75,1.28,21
8,2014-04-09,良,70,37,49,78,14,46,1.21,62
9,2014-04-10,良,72,51,45,75,13,41,1.02,83
10,2014-04-11,良,63,38,30,72,13,45,0.96,72
11,2014-04-12,良,71,76,36,88,12,40,0.94,75
12,2014-04-13,良,85,114,56,117,13,46,1.09,59
13,2014-04-14,优,50,10,24,37,5,19,0.68,105
14,2014-04-15,良,67,46,33,62,8,31,0.75,107
15,2014-04-16,良,75,96,40,97,12,40,0.88,89
16,2014-04-17,良,91,108,49,126,13,42,1.15,82
17,2014-04-18,良,85,111,52,106,10,34,1.19,71
18,2014-04-19,良,81,155,53,100,10,31,1.26,88
19,2014-04-20,优,35,8,21,32,5,24,0.99,59
20,2014-04-21,优,46,24,23,41,6,22,0.76,85
21,2014-04-22,优,47,23,26,47,6,33,0.88,58
22,2014-04-23,良,52,19,27,50,5,29,0.93,89
23,2014-04-24,优,50,20,26,48,5,43,1.16,51
24,2014-04-25,优,35,8,16,33,4,44,1.24,34
25,2014-04-26,优,42,28,22,41,4,45,1.31,30
26,2014-04-27,优,48,35,23,47,5,26,1.31,52
27,2014-04-28,良,55,24,29,45,5,20,1.67,98
28,2014-04-29,良,64,24,33,59,6,20,0.79,111
29,2014-04-30,良,67,29,43,80,6,38,0.98,55
0,2014-03-01,良,62,86,40,75,14,51,0.95,52
1,2014-03-02,优,28,5,15,24,7,31,0.81,46
2,2014-03-03,优,43,13,21,43,7,33,0.88,54
3,2014-03-04,优,36,8,18,35,7,46,0.91,30
4,2014-03-05,优,39,10,23,38,9,38,0.88,49
5,2014-03-06,优,41,12,19,41,7,34,0.87,57
6,2014-03-07,优,28,8,13,23,6,40,0.91,45
7,2014-03-08,优,34,9,18,29,7,66,0.98,41
8,2014-03-09,优,38,20,25,37,8,38,0.9,47
9,2014-03-10,良,52,22,30,57,12,30,0.81,79
10,2014-03-11,良,95,72,70,108,15,53,1.18,57
11,2014-03-12,良,81,97,59,85,8,78,1.59,28
12,2014-03-13,良,58,34,35,61,10,44,1.32,49
13,2014-03-14,良,83,69,61,97,15,42,1.13,58
14,2014-03-15,良,71,18,39,90,15,54,1.02,57
15,2014-03-16,良,85,38,50,118,18,76,1.18,45
16,2014-03-17,良,98,56,70,131,17,73,1.45,56
17,2014-03-18,良,94,56,63,135,15,66,1.57,56
18,2014-03-19,良,96,101,64,138,15,63,1.57,48
19,2014-03-20,良,56,30,35,65,9,49,1.31,30
20,2014-03-21,良,64,52,43,73,11,25,1.22,84
21,2014-03-22,优,48,7,18,45,6,23,1.0,82
22,2014-03-23,良,55,11,22,60,7,41,1.08,53
23,2014-03-25,良,74,36,38,98,11,51,1.11,55
24,2014-03-26,良,87,50,53,123,13,61,1.18,73
25,2014-03-27,良,81,49,59,98,14,48,1.26,79
26,2014-03-28,良,87,97,58,116,11,63,1.5,38
27,2014-03-29,良,66,53,31,82,8,50,1.47,27
28,2014-03-30,良,60,30,37,64,8,35,1.34,79
29,2014-03-31,良,78,70,56,95,8,41,1.45,91
0,2014-02-01,良,67,35,40,77,8,30,0.8,41
1,2014-02-02,良,59,22,37,62,11,31,0.92,41
2,2014-02-03,良,58,61,38,61,8,24,1.32,45
3,2014-02-04,优,34,5,17,29,5,16,1.18,46
4,2014-02-05,优,33,24,16,32,6,26,1.01,37
5,2014-02-06,优,26,24,8,25,7,31,0.68,33
6,2014-02-07,优,28,18,12,26,7,33,0.65,32
7,2014-02-08,优,21,4,9,20,5,24,0.74,29
8,2014-02-09,优,22,13,7,19,5,27,0.9,37
9,2014-02-10,优,32,10,17,30,8,25,0.95,37
10,2014-02-11,优,37,2,23,34,7,23,0.68,50
11,2014-02-12,优,42,7,26,41,8,34,0.81,42
12,2014-02-13,优,29,5,16,27,6,36,0.8,30
13,2014-02-14,优,31,3,18,33,8,26,0.82,28
14,2014-02-15,良,57,16,40,59,8,34,0.75,37
15,2014-02-16,优,46,19,28,48,7,52,0.99,25
16,2014-02-17,良,60,67,38,66,10,52,1.09,28
17,2014-02-18,优,23,7,12,19,8,34,0.88,27
18,2014-02-19,优,18,4,7,15,5,29,0.97,18
19,2014-02-20,优,25,2,13,23,6,27,0.79,34
20,2014-02-21,良,61,18,39,66,12,45,0.71,65
21,2014-02-22,良,57,8,36,65,14,53,0.7,41
22,2014-02-23,良,64,16,41,74,14,66,0.78,34
23,2014-02-24,良,65,30,36,79,14,71,0.82,28
24,2014-02-25,良,65,57,40,78,19,70,0.83,30
25,2014-02-26,良,63,36,41,72,16,67,0.95,37
26,2014-02-27,优,43,14,26,42,9,35,0.74,52
27,2014-02-28,良,58,70,31,68,13,62,0.83,34
0,2014-01-01,良,83,25,54,83,17,75,0.71,46
1,2014-01-02,良,80,23,63,103,23,97,0.95,42
2,2014-01-03,轻度污染,103,58,76,125,18,88,1.21,45
3,2014-01-04,轻度污染,122,95,92,119,31,76,1.16,42
4,2014-01-05,重度污染,205,145,157,205,42,75,1.41,42
5,2014-01-06,轻度污染,115,49,78,140,27,50,0.99,44
6,2014-01-07,良,57,11,28,63,15,66,0.79,33
7,2014-01-08,良,54,41,37,58,11,47,0.98,43
8,2014-01-09,优,44,9,27,42,10,34,0.73,39
9,2014-01-10,良,52,4,30,55,13,35,0.59,44
10,2014-01-11,良,63,22,33,75,10,50,0.72,34
11,2014-01-12,良,60,30,34,73,8,49,0.72,31
12,2014-01-13,优,42,8,27,39,9,32,0.78,33
13,2014-01-14,良,53,18,36,53,9,40,0.8,35
14,2014-01-15,良,66,18,43,64,15,32,0.67,58
15,2014-01-16,良,54,9,30,59,12,52,0.59,43
16,2014-01-17,良,59,5,36,67,11,68,0.64,30
17,2014-01-18,轻度污染,101,44,72,104,19,57,0.88,52
18,2014-01-19,轻度污染,140,78,104,127,23,46,1.02,57
19,2014-01-20,良,80,45,57,89,12,57,0.81,37
20,2014-01-21,轻度污染,105,133,73,141,26,45,2.41,53
21,2014-01-22,良,66,13,39,78,19,43,1.72,58
22,2014-01-24,优,48,6,25,49,11,44,0.8,39
23,2014-01-25,良,53,13,31,56,10,50,0.99,42
24,2014-01-26,轻度污染,121,133,90,110,14,32,1.2,52
25,2014-01-27,优,45,15,19,44,8,34,0.73,47
26,2014-01-28,优,47,14,24,49,10,44,0.73,30
27,2014-01-29,优,47,13,24,47,11,46,0.86,33
28,2014-01-30,良,91,44,61,116,13,44,1.11,37
29,2014-01-31,重度污染,214,95,173,238,26,36,1.19,42
0,2013-12-01,良,56,6,35,60,12,48,0.62,52
1,2013-12-02,良,59,4,50,79,17,60,0.66,59
2,2013-12-03,良,84,15,63,102,21,69,0.78,55
3,2013-12-04,良,81,10,52,96,17,56,0.66,54
4,2013-12-05,良,67,6,50,73,13,54,0.64,53
5,2013-12-06,良,72,15,50,83,12,53,0.72,62
6,2013-12-07,良,90,17,107,158,19,47,1.11,65
7,2013-12-08,中度污染,164,39,94,140,15,51,1.1,52
8,2013-12-09,轻度污染,102,29,62,87,9,46,0.85,51
9,2013-12-10,轻度污染,117,62,97,101,23,36,1.12,44
10,2013-12-11,轻度污染,103,49,65,93,19,40,0.96,45
11,2013-12-12,良,80,26,60,92,25,51,0.95,37
12,2013-12-13,良,85,34,63,92,19,55,1.02,43
13,2013-12-14,良,86,27,62,99,17,63,1.01,41
14,2013-12-15,良,57,14,18,34,7,40,0.72,46
15,2013-12-16,优,26,5,7,15,6,41,0.63,45
16,2013-12-17,优,25,21,10,20,7,48,0.68,32
17,2013-12-18,优,20,3,11,19,6,32,0.61,27
18,2013-12-19,优,32,7,31,49,11,32,0.55,48
19,2013-12-20,良,66,26,44,65,18,35,0.7,56
20,2013-12-21,良,64,15,61,79,23,38,0.82,62
21,2013-12-22,轻度污染,104,22,76,103,20,51,0.89,47
22,2013-12-23,良,75,7,45,76,13,62,0.66,37
23,2013-12-24,良,61,3,44,59,19,35,0.61,60
24,2013-12-25,良,74,7,64,92,25,63,0.76,43
25,2013-12-26,良,92,19,68,89,18,53,0.8,45
26,2013-12-27,轻度污染,113,56,109,130,38,47,0.96,54
27,2013-12-28,轻度污染,146,87,93,105,26,48,0.96,48
28,2013-12-29,良,89,35,44,67,22,47,0.6,50
29,2013-12-30,良,66,5,58,82,28,74,0.64,35
30,2013-12-31,良,88,28,65,92,19,85,0.72,37
0,2013-11-01,优,46,4,27,45,6,25,0.53,59
1,2013-11-02,优,46,6,21,48,8,44,0.65,38
2,2013-11-03,优,39,5,20,36,7,45,0.71,28
3,2013-11-04,良,57,12,39,55,8,40,0.85,45
4,2013-11-05,良,53,9,29,53,10,25,0.62,63
5,2013-11-06,良,51,2,34,68,15,59,0.81,36
6,2013-11-07,良,69,9,56,88,14,43,0.72,60
7,2013-11-08,良,88,35,60,94,12,40,1.1,66
8,2013-11-09,良,62,19,29,54,8,40,0.96,34
9,2013-11-10,优,43,9,28,53,9,34,0.79,39
10,2013-11-11,优,41,8,10,19,5,28,0.68,44
11,2013-11-12,优,25,7,15,26,6,38,0.78,36
12,2013-11-13,优,24,4,7,17,6,38,0.69,34
13,2013-11-14,优,34,10,22,51,8,49,0.82,33
14,2013-11-15,良,51,16,29,51,8,40,0.85,30
15,2013-11-16,良,62,17,54,89,20,42,1.12,56
16,2013-11-17,良,72,26,45,90,14,50,0.84,50
17,2013-11-18,良,78,45,49,121,18,48,0.77,57
18,2013-11-19,良,75,30,45,99,19,48,0.73,62
19,2013-11-20,良,69,21,44,88,17,50,0.71,60
20,2013-11-21,良,61,9,32,68,12,46,0.68,51
21,2013-11-22,良,53,6,29,55,10,44,0.72,58
22,2013-11-23,良,56,8,34,79,10,48,0.79,56
23,2013-11-24,良,63,13,34,69,9,55,0.9,35
24,2013-11-25,优,49,2,20,42,10,30,0.81,50
25,2013-11-26,良,60,17,34,104,11,37,0.66,54
26,2013-11-27,良,80,49,41,105,10,42,0.71,37
27,2013-11-28,良,60,37,37,61,13,33,0.67,44
28,2013-11-29,良,55,20,25,50,15,36,0.53,55
29,2013-11-30,优,50,3,32,63,14,51,0.6,42
0,2013-10-28,良,62,9,38,74,11,39,0.59,60
1,2013-10-29,良,52,13,25,55,11,42,0.48,57
2,2013-10-30,优,46,9,22,47,9,36,0.52,48
3,2013-10-31,优,36,1,17,34,5,23,0.43,57
