0,2019-12-01,良,65,254,39,80,13,56,0.96,44
1,2019-12-02,优,41,123,21,41,8,25,0.73,52
2,2019-12-03,良,52,132,31,56,9,32,0.59,81
3,2019-12-04,良,54,121,32,60,10,39,0.6,73
4,2019-12-05,良,51,135,26,53,10,35,0.5,69
5,2019-12-06,良,53,148,28,58,10,30,0.5,87
6,2019-12-07,优,50,70,31,53,10,35,0.56,83
7,2019-12-08,良,54,74,31,60,9,47,0.62,67
8,2019-12-09,良,69,118,44,87,11,81,0.84,31
9,2019-12-10,良,83,165,57,115,13,97,1.01,36
0,2019-11-01,良,85,234,54,114,10,74,0.93,67
1,2019-11-02,良,92,272,54,115,9,79,1.03,85
2,2019-11-03,良,74,267,49,99,12,49,0.85,91
3,2019-11-04,良,72,256,48,90,10,28,0.75,138
4,2019-11-05,良,70,215,49,89,10,35,0.75,128
5,2019-11-06,良,67,195,43,79,9,54,0.75,95
6,2019-11-07,良,62,186,41,73,10,43,0.73,95
7,2019-11-08,良,54,129,34,59,8,35,0.66,100
8,2019-11-09,良,59,122,39,68,8,45,0.68,95
9,2019-11-10,良,73,191,50,91,10,71,0.86,72
10,2019-11-11,良,88,306,58,111,12,82,0.98,81
11,2019-11-12,良,63,162,37,75,8,63,0.73,72
12,2019-11-13,良,74,278,45,90,10,60,0.81,79
13,2019-11-14,良,59,198,39,67,7,35,0.7,93
14,2019-11-15,良,96,333,67,125,11,85,0.95,85
15,2019-11-16,良,80,232,47,101,7,70,0.75,85
16,2019-11-17,良,73,170,37,81,8,64,0.72,78
17,2019-11-18,良,69,202,40,89,8,58,0.93,52
18,2019-11-19,优,39,81,20,39,7,30,0.71,71
19,2019-11-20,良,56,125,30,63,9,43,0.7,72
20,2019-11-21,良,66,190,39,82,11,66,0.78,67
21,2019-11-22,良,72,220,44,95,11,83,0.89,55
22,2019-11-23,良,91,285,61,126,10,113,1.13,63
23,2019-11-24,良,84,278,49,98,8,83,1.03,72
24,2019-11-25,良,80,339,56,109,11,67,1.02,63
25,2019-11-26,良,63,261,42,74,9,49,0.99,59
26,2019-11-27,良,66,267,42,79,11,53,0.91,63
27,2019-11-28,优,36,127,15,36,8,30,0.8,27
28,2019-11-29,优,41,101,22,41,6,36,0.76,45
29,2019-11-30,良,53,156,31,58,8,50,0.86,40
0,2019-10-01,良,95,357,60,94,15,62,1.12,112
1,2019-10-02,良,91,362,60,84,9,33,1.03,140
2,2019-10-03,良,57,191,36,54,6,22,0.77,108
3,2019-10-04,良,51,208,28,45,6,25,0.72,92
4,2019-10-05,良,70,341,38,61,8,39,0.79,100
5,2019-10-06,优,45,274,25,45,8,34,0.66,73
6,2019-10-07,优,40,183,24,41,6,40,0.71,48
7,2019-10-08,良,67,331,48,70,8,42,0.93,66
8,2019-10-09,良,67,314,47,68,7,41,0.93,85
9,2019-10-10,良,73,332,42,71,7,50,0.93,101
10,2019-10-11,良,71,298,39,68,9,50,0.88,99
11,2019-10-12,良,84,352,52,87,10,57,0.97,108
12,2019-10-13,优,50,203,35,51,6,33,0.91,72
13,2019-10-14,良,53,281,37,51,6,26,1.01,69
14,2019-10-15,优,46,259,32,45,6,27,0.91,70
15,2019-10-16,优,45,192,29,45,7,32,0.75,73
16,2019-10-17,优,48,164,29,49,7,33,0.71,83
17,2019-10-18,良,52,172,30,53,10,37,0.71,91
18,2019-10-19,良,63,191,37,65,10,42,0.76,102
19,2019-10-20,良,70,198,41,75,9,58,0.81,88
20,2019-10-21,良,82,284,49,92,10,62,0.9,98
21,2019-10-22,良,76,246,39,73,8,45,0.76,126
22,2019-10-23,良,77,248,38,74,9,48,0.75,122
23,2019-10-24,良,65,233,47,73,8,38,0.8,84
24,2019-10-25,良,76,317,47,74,8,43,0.79,105
25,2019-10-26,良,66,323,45,82,9,49,0.85,52
26,2019-10-27,良,56,191,38,62,7,37,0.86,79
27,2019-10-28,优,43,117,25,48,9,45,0.96,22
28,2019-10-29,优,37,90,17,38,6,35,0.73,63
29,2019-10-30,良,62,130,32,74,7,43,0.66,71
30,2019-10-31,良,77,193,43,103,9,50,0.67,61
31,2019-10-31,良,77,193,43,103,9,50,0.67,61
0,2019-09-01,优,22,21,11,20,4,25,0.65,30
1,2019-09-02,优,15,7,7,15,4,22,0.61,19
2,2019-09-03,优,24,38,13,23,4,22,0.68,36
3,2019-09-04,优,25,42,16,25,4,27,0.66,34
4,2019-09-05,优,23,44,11,21,5,29,0.62,32
5,2019-09-06,优,36,132,14,32,5,32,0.64,53
6,2019-09-07,良,65,268,31,62,6,46,0.77,85
7,2019-09-08,良,69,238,40,67,6,38,0.87,108
8,2019-09-09,良,55,220,32,54,6,41,0.81,84
9,2019-09-10,优,45,212,19,38,6,35,0.63,79
10,2019-09-11,良,62,317,27,50,6,39,0.66,103
11,2019-09-12,良,66,332,31,51,5,43,0.73,117
12,2019-09-13,优,48,253,24,41,6,22,0.63,97
13,2019-09-14,优,34,166,18,35,6,32,0.69,54
14,2019-09-15,优,47,262,24,44,6,37,0.71,85
15,2019-09-16,优,43,209,23,40,6,42,0.8,68
16,2019-09-17,优,46,196,27,40,5,41,0.83,83
17,2019-09-18,良,51,243,32,52,6,41,0.89,82
18,2019-09-19,良,57,295,34,60,7,29,0.78,121
19,2019-09-20,良,56,254,29,59,9,48,0.73,98
20,2019-09-21,良,65,310,38,74,10,45,0.79,111
21,2019-09-22,良,54,251,25,55,8,32,0.67,119
22,2019-09-23,优,50,158,25,51,7,36,0.62,99
23,2019-09-24,良,61,214,31,61,8,50,0.7,97
24,2019-09-25,良,74,273,40,77,9,60,0.82,99
25,2019-09-26,良,86,338,49,89,9,65,0.92,122
26,2019-09-27,良,82,331,49,87,11,56,0.9,115
27,2019-09-28,良,82,284,50,83,10,60,0.9,114
28,2019-09-29,良,88,312,55,92,10,63,0.98,111
29,2019-09-30,良,81,283,50,88,12,67,0.99,110
0,2019-08-06,优,49,242,21,42,6,38,0.68,70
1,2019-08-07,良,80,356,26,45,5,41,0.68,106
2,2019-08-08,良,60,306,23,42,6,37,0.67,79
3,2019-08-09,良,61,307,28,52,7,34,0.68,80
4,2019-08-10,良,71,351,35,58,8,34,0.74,82
5,2019-08-11,良,57,307,30,48,6,25,0.7,78
6,2019-08-21,良,66,327,32,56,6,37,0.77,114
7,2019-08-22,良,73,334,33,57,6,43,0.83,115
8,2019-08-23,良,51,190,31,54,8,49,0.85,58
9,2019-08-24,良,64,265,44,72,8,48,0.93,73
10,2019-08-25,良,53,233,37,58,7,37,0.89,58
11,2019-08-26,优,25,40,14,22,4,31,0.74,48
12,2019-08-27,优,29,117,13,28,6,34,0.72,32
13,2019-08-28,优,44,247,22,44,6,36,0.76,56
0,2019-07-01,优,48,163,19,36,5,34,0.68,60
1,2019-07-02,优,34,57,12,26,4,25,0.58,46
2,2019-07-03,优,23,15,8,18,4,26,0.59,34
3,2019-07-04,优,26,36,10,22,4,27,0.59,32
4,2019-07-05,优,35,105,11,28,4,24,0.54,48
5,2019-07-06,优,38,114,14,32,4,22,0.53,57
6,2019-07-07,优,34,85,13,30,4,18,0.52,53
7,2019-07-12,优,34,129,17,34,5,32,0.66,32
8,2019-07-13,优,40,205,19,40,4,21,0.55,58
9,2019-07-14,优,39,170,20,39,4,22,0.6,55
10,2019-07-15,优,46,217,23,46,4,28,0.64,60
11,2019-07-16,良,62,300,28,52,5,28,0.64,98
12,2019-07-17,良,71,343,39,68,8,39,0.76,95
13,2019-07-18,良,56,310,35,62,8,40,0.77,63
14,2019-07-19,优,48,279,29,54,7,48,0.83,38
15,2019-07-20,优,45,243,24,40,6,45,0.82,51
16,2019-07-21,优,34,114,18,33,5,39,0.74,31
17,2019-07-22,优,40,189,20,39,6,45,0.79,37
18,2019-07-23,优,32,141,18,32,5,44,0.76,31
19,2019-07-24,优,33,137,16,33,5,39,0.69,24
20,2019-07-25,优,34,148,15,32,5,34,0.65,35
21,2019-07-26,优,35,142,16,32,5,26,0.6,60
0,2019-06-01,优,37,70,19,30,4,41,0.76,37
1,2019-06-02,优,25,12,11,20,4,34,0.66,28
2,2019-06-03,优,37,47,17,30,5,35,0.7,55
3,2019-06-04,优,40,41,17,33,5,39,0.73,45
4,2019-06-05,优,31,25,17,30,5,38,0.77,19
5,2019-06-06,优,27,19,13,25,5,32,0.63,27
6,2019-06-07,优,29,31,10,22,5,22,0.53,40
7,2019-06-08,优,26,30,7,20,4,17,0.48,44
8,2019-06-09,优,27,36,8,23,4,17,0.47,41
9,2019-06-10,优,29,41,10,24,4,25,0.54,38
10,2019-06-11,优,27,30,14,23,4,52,0.7,12
11,2019-06-14,优,38,173,21,36,5,34,0.78,104
12,2019-06-15,良,53,232,20,35,5,34,0.7,110
13,2019-06-17,优,43,197,20,39,6,30,0.7,91
14,2019-06-18,优,19,26,9,18,4,35,0.66,33
15,2019-06-19,优,28,89,14,27,4,39,0.7,40
16,2019-06-20,优,27,105,11,27,5,27,0.65,38
17,2019-06-25,优,47,171,23,33,4,46,0.82,66
18,2019-06-26,优,33,68,18,31,4,48,0.81,37
19,2019-06-27,优,44,129,17,34,4,37,0.74,52
20,2019-06-28,优,47,184,15,33,4,28,0.64,64
21,2019-06-29,优,48,204,15,34,4,25,0.61,70
22,2019-06-30,良,52,230,21,39,4,33,0.69,65
0,2019-05-01,优,29,9,13,24,4,22,0.85,50
1,2019-05-02,优,28,3,18,27,3,26,0.85,41
2,2019-05-03,优,36,10,21,38,5,32,0.78,60
3,2019-05-04,良,59,126,35,66,6,64,0.86,43
4,2019-05-05,优,23,8,9,13,3,38,0.7,35
5,2019-05-06,优,18,3,6,10,3,34,0.74,27
6,2019-05-07,优,21,10,9,18,4,34,0.73,30
7,2019-05-08,优,22,10,10,15,4,39,0.72,13
8,2019-05-09,优,23,5,10,19,4,35,0.73,28
9,2019-05-10,优,46,65,23,47,6,46,0.86,38
10,2019-05-11,良,98,311,43,80,8,58,1.02,105
11,2019-05-12,良,78,178,26,53,7,44,0.8,94
12,2019-05-13,良,57,121,23,51,7,46,0.73,58
13,2019-05-14,良,53,106,21,40,5,33,0.64,62
14,2019-05-15,优,38,51,18,36,5,32,0.64,32
15,2019-05-16,优,45,96,21,44,5,28,0.66,44
16,2019-05-17,优,45,110,22,44,5,31,0.7,42
17,2019-05-18,优,48,133,22,42,4,27,0.66,58
18,2019-05-19,优,47,125,19,42,4,23,0.61,62
19,2019-05-20,优,38,38,13,28,4,24,0.64,62
20,2019-05-21,良,54,106,35,57,5,33,0.73,62
21,2019-05-22,良,61,135,30,54,5,40,0.75,84
22,2019-05-23,优,38,23,23,35,4,44,0.89,37
23,2019-05-24,优,46,36,24,41,4,36,0.74,65
24,2019-05-25,优,36,31,18,34,4,33,0.63,47
25,2019-05-26,优,27,18,10,19,4,30,0.58,44
26,2019-05-27,优,29,27,11,23,5,36,0.61,45
27,2019-05-28,优,31,30,14,27,4,45,0.69,39
28,2019-05-29,优,25,10,15,24,4,39,0.76,28
29,2019-05-30,优,34,47,20,33,4,40,0.66,55
30,2019-05-31,优,43,109,21,40,5,45,0.69,37
0,2019-04-01,优,31,8,17,31,4,33,0.82,27
1,2019-04-02,良,52,133,30,56,6,50,0.88,41
2,2019-04-03,良,59,191,33,68,7,65,0.85,48
3,2019-04-04,优,45,92,24,46,5,50,0.96,14
4,2019-04-05,良,52,116,25,50,6,35,0.94,46
5,2019-04-06,良,65,179,41,67,8,44,0.95,62
6,2019-04-07,优,50,87,27,49,6,40,0.7,53
7,2019-04-08,优,43,56,20,42,6,38,0.67,26
8,2019-04-09,优,36,23,17,35,5,32,0.55,24
9,2019-04-10,优,49,166,25,49,6,35,0.61,46
10,2019-04-11,优,40,100,21,40,5,34,0.67,17
11,2019-04-12,优,24,13,14,22,4,34,0.8,16
12,2019-04-13,优,37,35,22,36,5,48,0.93,14
13,2019-04-14,优,47,102,27,46,7,50,0.98,14
14,2019-04-15,优,26,11,14,25,4,38,0.99,15
15,2019-04-16,优,32,28,16,24,4,47,0.94,48
16,2019-04-17,良,55,118,34,55,6,54,1.09,59
17,2019-04-18,优,41,29,24,41,6,60,0.82,33
18,2019-04-19,优,32,11,15,22,5,50,0.69,48
19,2019-04-20,优,31,12,17,24,6,55,0.79,25
20,2019-04-21,优,42,51,25,42,6,59,0.98,15
21,2019-04-22,优,33,28,17,30,5,40,0.73,34
22,2019-04-23,优,42,71,22,39,6,43,0.71,34
23,2019-04-24,优,40,40,18,38,5,34,0.59,42
24,2019-04-25,优,46,103,25,47,5,37,0.6,47
25,2019-04-26,优,48,122,28,49,6,45,0.7,37
26,2019-04-27,优,32,16,12,20,5,40,0.64,47
27,2019-04-28,优,42,86,22,38,5,43,0.73,50
28,2019-04-29,优,45,134,22,44,6,44,0.67,37
29,2019-04-30,优,35,53,16,31,4,38,0.67,43
0,2019-03-01,良,59,141,33,66,6,52,1.16,19
1,2019-03-02,优,48,114,24,48,5,54,0.77,22
2,2019-03-03,优,32,32,17,28,4,41,0.82,42
3,2019-03-04,优,41,38,24,40,5,42,0.89,55
4,2019-03-05,优,33,25,16,29,4,52,0.84,29
5,2019-03-06,优,20,4,10,17,4,38,0.81,21
6,2019-03-07,优,19,10,9,14,4,33,0.87,25
7,2019-03-08,优,21,12,10,15,4,37,0.88,12
8,2019-03-09,优,21,14,9,12,4,42,0.96,7
9,2019-03-10,优,24,11,16,22,4,35,1.01,19
10,2019-03-11,优,50,73,33,50,5,49,0.99,49
11,2019-03-12,良,82,289,53,87,8,66,1.13,68
12,2019-03-13,良,75,258,45,82,7,73,0.91,64
13,2019-03-14,优,45,68,29,48,4,56,0.81,34
14,2019-03-15,优,47,84,32,45,4,39,0.67,54
15,2019-03-16,良,69,238,44,74,7,67,0.79,61
16,2019-03-17,良,66,187,35,81,9,67,0.7,58
17,2019-03-18,良,85,285,59,117,8,81,1.06,22
18,2019-03-19,良,66,167,41,83,6,57,0.98,26
19,2019-03-20,良,52,88,25,52,5,49,0.7,26
20,2019-03-21,优,44,60,21,43,5,40,0.63,31
21,2019-03-22,良,51,210,27,51,5,46,0.72,14
22,2019-03-23,优,30,33,16,29,4,30,0.78,21
23,2019-03-24,优,25,15,11,21,3,30,0.76,16
24,2019-03-25,优,35,28,18,33,4,47,0.96,19
25,2019-03-26,良,71,228,45,89,9,79,1.32,17
26,2019-03-27,良,55,109,29,58,7,60,0.83,42
27,2019-03-28,良,57,157,32,62,6,56,0.83,36
28,2019-03-29,良,51,104,29,53,6,50,0.86,12
29,2019-03-30,良,51,87,26,46,5,41,0.81,60
30,2019-03-31,良,51,135,26,53,6,48,0.74,51
0,2019-02-01,优,32,9,18,26,3,22,1.07,60
1,2019-02-02,优,45,47,30,44,4,38,1.01,58
2,2019-02-03,优,47,58,26,45,3,34,0.77,57
3,2019-02-04,优,50,69,34,48,3,30,0.8,53
4,2019-02-05,良,52,44,36,48,4,15,0.79,70
5,2019-02-06,优,47,85,29,42,3,13,0.73,62
6,2019-02-07,优,32,29,18,28,3,15,0.62,50
7,2019-02-08,优,32,57,18,30,3,17,0.62,55
8,2019-02-09,优,34,71,21,33,3,19,0.76,39
9,2019-02-10,优,26,38,13,25,3,20,0.92,8
10,2019-02-11,优,15,7,7,13,3,17,0.76,16
11,2019-02-12,优,33,49,21,31,4,29,0.79,31
12,2019-02-13,良,55,185,36,58,5,54,1.01,29
13,2019-02-14,优,44,122,26,42,4,45,0.78,39
14,2019-02-15,优,44,136,27,43,4,44,0.79,26
15,2019-02-16,优,40,107,24,40,4,39,0.79,38
16,2019-02-17,优,50,171,32,49,4,32,1.17,9
17,2019-02-18,优,29,61,15,24,4,36,1.0,11
18,2019-02-19,优,34,55,21,35,5,42,1.1,13
19,2019-02-20,优,43,74,24,45,4,33,0.97,19
20,2019-02-21,优,32,59,18,30,4,34,0.69,15
21,2019-02-22,优,23,13,14,21,4,26,1.06,28
22,2019-02-23,优,20,8,11,15,3,30,1.0,19
23,2019-02-24,优,17,7,7,11,4,26,1.04,30
24,2019-02-25,优,31,22,18,30,4,31,1.04,18
25,2019-02-26,优,41,52,25,45,4,40,1.18,9
26,2019-02-27,良,80,234,55,107,6,73,1.51,13
27,2019-02-28,良,79,211,52,102,5,56,1.52,9
0,2019-01-01,优,40,65,27,32,5,24,0.72,24
1,2019-01-02,优,33,31,22,27,4,28,0.82,10
2,2019-01-03,优,35,40,24,34,4,36,0.81,14
3,2019-01-04,良,66,163,47,64,5,47,1.1,3
4,2019-01-05,良,54,145,37,50,4,36,1.15,4
5,2019-01-06,优,27,30,17,25,4,32,1.0,9
6,2019-01-07,良,64,145,45,65,4,43,1.18,4
7,2019-01-08,优,37,74,23,33,4,32,1.2,8
8,2019-01-09,优,40,88,27,40,5,40,1.25,13
9,2019-01-10,良,78,217,56,85,6,55,1.48,8
10,2019-01-11,轻度污染,117,244,87,123,6,74,1.7,9
11,2019-01-12,良,70,150,50,68,5,50,1.5,8
12,2019-01-13,良,71,129,51,72,6,56,1.47,13
13,2019-01-14,良,76,134,55,77,6,59,1.4,22
14,2019-01-15,良,75,179,53,76,6,52,1.43,20
15,2019-01-16,优,35,33,22,33,5,30,1.24,26
16,2019-01-17,优,42,53,27,39,5,37,1.25,62
17,2019-01-18,良,51,63,34,52,4,53,1.18,34
18,2019-01-19,良,91,196,66,112,9,82,1.36,35
19,2019-01-20,良,93,247,68,104,7,65,1.37,26
20,2019-01-21,优,45,59,30,44,5,27,1.0,60
21,2019-01-22,良,91,212,66,84,7,37,1.07,73
22,2019-01-23,良,68,109,48,71,6,60,0.92,58
23,2019-01-24,良,87,165,64,96,9,80,1.09,57
24,2019-01-25,轻度污染,117,268,87,119,7,101,1.17,62
25,2019-01-26,良,64,144,44,66,8,46,0.86,77
26,2019-01-27,良,81,197,59,80,7,53,0.94,84
27,2019-01-28,良,87,211,64,91,6,64,0.97,62
28,2019-01-29,良,83,184,57,83,6,75,1.05,61
29,2019-01-30,良,59,115,34,51,5,51,0.77,64
30,2019-01-31,优,47,127,25,41,4,43,0.78,54
0,2018-12-01,良,89,189,65,94,10,79,0.92,26
1,2018-12-02,良,73,157,50,76,8,52,0.76,44
2,2018-12-03,良,60,99,36,67,8,56,0.69,32
3,2018-12-04,良,62,202,39,72,7,62,0.85,39
4,2018-12-05,良,67,222,47,75,8,55,0.89,38
5,2018-12-06,良,60,256,37,62,8,50,0.79,45
6,2018-12-07,优,26,61,14,24,5,28,0.87,6
7,2018-12-08,优,16,24,9,15,4,21,0.66,13
8,2018-12-09,优,13,12,7,10,4,21,0.68,8
9,2018-12-10,优,25,50,14,23,5,25,0.73,9
10,2018-12-11,优,28,46,17,27,6,24,0.82,10
11,2018-12-12,优,21,14,14,18,5,24,0.84,11
12,2018-12-13,优,35,35,24,30,6,28,0.79,22
13,2018-12-14,优,32,23,20,29,5,31,0.81,27
14,2018-12-15,优,45,63,30,44,7,41,0.92,27
15,2018-12-16,良,51,90,35,44,7,34,1.08,20
16,2018-12-17,优,41,32,22,41,6,39,0.82,47
17,2018-12-18,良,55,78,35,62,8,68,0.89,34
18,2018-12-19,良,86,183,63,109,11,101,1.18,31
19,2018-12-20,良,85,199,60,97,8,78,0.98,31
20,2018-12-21,良,60,118,37,67,8,54,0.85,40
21,2018-12-28,优,30,37,19,28,5,25,0.78,28
22,2018-12-29,优,25,21,16,23,4,22,0.57,25
23,2018-12-30,良,52,139,35,47,6,24,0.64,27
24,2018-12-31,优,40,65,28,32,4,26,0.7,18
0,2018-11-01,良,56,122,28,55,11,30,0.56,103
1,2018-11-02,良,64,172,45,54,6,31,0.65,83
2,2018-11-03,优,29,16,18,24,4,31,0.54,39
3,2018-11-04,优,42,97,28,43,6,43,0.67,16
4,2018-11-05,良,69,303,48,77,7,57,0.95,36
5,2018-11-06,良,61,313,40,67,7,68,0.76,44
6,2018-11-07,良,75,334,53,79,9,65,0.87,41
7,2018-11-08,良,51,214,33,50,8,38,0.83,40
8,2018-11-09,优,43,109,25,46,7,47,0.77,49
9,2018-11-10,良,78,271,56,86,10,72,0.97,28
10,2018-11-11,良,89,318,62,93,9,61,0.99,62
11,2018-11-12,良,75,244,51,74,6,53,0.83,60
12,2018-11-13,优,34,54,19,34,6,36,0.71,47
13,2018-11-14,良,62,189,39,61,9,51,0.77,64
14,2018-11-15,良,54,187,30,56,8,48,0.62,45
15,2018-11-16,优,42,209,23,42,6,46,0.78,10
16,2018-11-17,优,22,34,12,19,4,29,0.84,7
17,2018-11-18,良,56,212,36,63,5,41,1.0,5
18,2018-11-19,优,20,16,10,18,4,26,0.82,25
19,2018-11-20,优,49,141,33,54,6,46,0.96,9
20,2018-11-21,良,62,236,44,71,6,45,1.19,10
21,2018-11-22,优,30,26,18,28,5,23,0.79,49
22,2018-11-23,良,55,112,38,56,8,39,0.82,58
23,2018-11-24,良,67,128,47,70,7,56,0.97,44
24,2018-11-25,良,68,112,48,65,6,54,0.95,29
25,2018-11-26,良,57,67,40,44,5,44,0.9,36
26,2018-11-27,良,58,73,40,60,7,50,0.88,39
27,2018-11-28,良,74,136,53,71,8,59,0.96,19
28,2018-11-29,良,60,86,40,66,7,57,0.83,33
29,2018-11-30,良,85,171,62,94,10,72,0.97,52
0,2018-10-01,良,62,291,33,52,9,39,0.65,94
1,2018-10-02,良,66,271,31,56,10,32,0.66,111
2,2018-10-03,良,70,246,33,58,12,39,0.7,108
3,2018-10-04,良,69,217,33,57,12,39,0.71,110
4,2018-10-05,良,76,258,37,59,13,38,0.7,123
5,2018-10-06,良,68,204,33,53,11,43,0.65,109
6,2018-10-07,良,73,218,42,63,11,57,0.74,94
7,2018-10-08,轻度污染,105,338,68,96,11,61,0.88,107
8,2018-10-09,良,86,321,56,84,10,50,0.81,102
9,2018-10-10,良,75,352,55,64,7,40,0.89,59
10,2018-10-11,优,36,70,21,27,6,25,0.8,65
11,2018-10-12,优,48,105,32,44,8,33,0.74,59
12,2018-10-13,优,44,74,30,44,8,47,0.78,36
13,2018-10-14,良,62,235,40,69,9,55,0.81,46
14,2018-10-15,优,48,184,29,48,8,56,0.82,13
15,2018-10-16,优,25,33,15,21,6,33,0.92,21
16,2018-10-17,优,22,13,13,19,5,32,0.82,19
17,2018-10-18,优,32,37,21,28,5,32,0.68,22
18,2018-10-19,优,46,129,30,45,6,43,0.72,30
19,2018-10-20,良,62,246,43,66,7,53,0.81,28
20,2018-10-21,良,60,211,36,63,8,51,0.65,57
21,2018-10-22,良,52,169,32,54,10,49,0.69,32
22,2018-10-23,优,35,61,20,34,7,34,0.86,25
23,2018-10-24,优,46,98,28,48,9,46,0.91,23
24,2018-10-25,良,81,283,58,92,10,59,1.12,60
25,2018-10-26,良,72,291,50,75,9,62,0.98,30
26,2018-10-27,优,47,114,20,45,8,35,0.68,71
27,2018-10-28,良,56,160,24,55,10,46,0.58,74
28,2018-10-29,良,56,177,26,56,11,54,0.61,62
29,2018-10-30,良,56,147,27,56,12,51,0.58,71
30,2018-10-31,良,56,137,23,49,11,33,0.53,99
0,2018-09-02,优,29,59,18,28,5,37,0.66,20
1,2018-09-03,优,44,156,21,37,6,39,0.64,66
2,2018-09-04,优,47,194,22,42,7,37,0.67,52
3,2018-09-05,良,57,225,30,53,8,42,0.73,62
4,2018-09-06,良,65,269,29,45,9,39,0.7,78
5,2018-09-07,良,67,344,28,43,6,42,0.73,80
6,2018-09-08,优,41,132,23,38,5,24,0.7,72
7,2018-09-09,优,50,179,27,41,5,21,0.65,83
8,2018-09-10,优,45,125,26,41,7,36,0.73,62
9,2018-09-11,良,62,261,35,54,8,42,0.72,82
10,2018-09-12,优,50,178,32,47,7,33,0.65,72
11,2018-09-13,优,35,85,22,32,6,33,0.59,42
12,2018-09-14,优,47,159,27,44,7,41,0.69,48
13,2018-09-15,优,45,180,28,43,7,29,0.63,56
14,2018-09-16,优,28,56,11,22,5,7,0.46,49
15,2018-09-17,优,27,62,11,19,5,14,0.52,41
16,2018-09-18,优,30,107,14,24,7,27,0.58,41
17,2018-09-19,良,56,274,25,45,9,48,0.74,59
18,2018-09-20,良,78,343,40,68,10,61,0.88,74
19,2018-09-21,良,76,334,38,61,9,45,0.74,89
20,2018-09-22,良,79,340,42,68,10,57,0.82,81
21,2018-09-23,良,55,219,31,47,8,45,0.69,74
22,2018-09-24,优,41,146,25,35,6,31,0.68,45
23,2018-09-25,优,39,123,20,35,7,38,0.7,69
24,2018-09-26,良,64,327,30,50,8,38,0.7,87
25,2018-09-27,良,52,239,34,50,7,35,0.7,56
26,2018-09-28,优,40,104,26,39,7,29,0.64,50
27,2018-09-29,优,46,140,25,39,7,30,0.62,70
28,2018-09-30,良,59,214,33,49,8,41,0.62,87
0,2018-08-01,优,47,155,18,37,7,30,0.72,63
1,2018-08-02,优,40,109,24,40,6,41,0.75,48
2,2018-08-03,优,43,164,23,43,6,53,0.81,23
3,2018-08-04,良,76,314,34,62,8,54,0.87,87
4,2018-08-05,良,55,213,26,50,7,38,0.73,79
5,2018-08-06,良,57,207,25,45,6,49,0.77,73
6,2018-08-07,良,89,344,40,66,8,59,0.88,97
7,2018-08-08,良,57,227,22,42,7,40,0.69,82
8,2018-08-09,优,50,132,22,40,7,30,0.59,73
9,2018-08-10,优,31,25,15,28,6,28,0.6,42
10,2018-08-11,优,24,16,15,22,6,28,0.6,32
11,2018-08-12,优,34,49,17,33,6,35,0.68,46
12,2018-08-13,优,50,195,27,45,7,38,0.74,67
13,2018-08-14,优,33,101,15,28,6,26,0.65,56
14,2018-08-15,优,34,81,17,28,6,32,0.74,67
15,2018-08-16,优,33,58,16,31,7,33,0.72,49
16,2018-08-17,优,45,190,25,42,7,48,0.77,55
17,2018-08-18,良,57,298,32,53,7,53,0.86,65
18,2018-08-19,良,55,267,29,45,7,49,0.85,68
19,2018-08-20,良,63,295,39,62,7,56,0.99,69
20,2018-08-21,良,67,280,32,50,6,37,0.8,103
21,2018-08-22,良,60,241,23,41,6,48,0.79,72
22,2018-08-23,良,91,351,44,69,9,61,0.96,103
23,2018-08-25,良,74,250,32,52,8,38,0.75,112
24,2018-08-27,优,44,111,29,41,7,46,1.01,45
25,2018-08-29,优,35,88,15,24,6,40,0.72,51
26,2018-08-31,优,33,94,18,31,6,41,0.7,23
0,2018-07-01,优,41,124,19,36,6,26,0.58,59
1,2018-07-02,优,37,89,19,35,7,37,0.65,33
2,2018-07-03,优,42,156,20,40,6,38,0.67,34
3,2018-07-04,优,42,134,17,38,6,26,0.6,57
4,2018-07-05,优,42,149,17,39,6,31,0.61,46
5,2018-07-06,优,42,179,19,39,6,38,0.67,38
6,2018-07-07,优,32,96,16,30,6,40,0.71,18
7,2018-07-08,优,36,142,18,34,8,38,0.7,35
8,2018-07-09,优,32,118,14,30,7,27,0.59,36
9,2018-07-10,优,37,140,14,30,6,26,0.54,52
10,2018-07-11,良,86,358,35,64,9,37,0.68,107
11,2018-07-12,良,63,306,19,35,8,30,0.58,78
12,2018-07-13,优,27,47,14,25,6,29,0.58,28
13,2018-07-14,优,22,20,11,21,5,29,0.59,19
14,2018-07-15,优,25,33,11,24,6,24,0.56,27
15,2018-07-16,优,40,141,18,38,7,35,0.64,48
16,2018-07-17,良,58,254,30,54,9,41,0.74,59
17,2018-07-18,优,37,94,18,35,7,26,0.59,44
18,2018-07-19,优,35,82,15,33,7,27,0.57,43
19,2018-07-20,优,40,105,15,30,7,29,0.6,62
20,2018-07-21,良,70,275,27,46,10,38,0.68,88
21,2018-07-22,良,53,165,19,37,9,31,0.65,59
22,2018-07-23,优,35,64,17,34,9,38,0.73,27
23,2018-07-24,优,29,42,16,27,6,32,0.74,26
24,2018-07-25,优,42,120,22,42,7,44,0.8,31
25,2018-07-26,优,43,132,23,43,7,51,0.87,22
26,2018-07-27,优,43,139,19,37,7,36,0.73,45
27,2018-07-28,优,46,139,17,33,7,30,0.68,56
28,2018-07-29,优,39,76,17,33,8,29,0.71,49
29,2018-07-30,优,41,104,19,37,9,35,0.83,43
30,2018-07-31,优,41,102,20,37,8,35,0.82,48
0,2018-06-01,良,52,98,31,49,10,50,0.74,63
1,2018-06-02,良,62,130,31,44,7,47,0.78,84
2,2018-06-03,良,61,109,29,47,8,43,0.78,83
3,2018-06-04,良,55,109,25,45,8,46,0.77,68
4,2018-06-05,优,33,21,19,30,7,42,0.72,34
5,2018-06-06,优,19,6,10,18,6,34,0.67,16
6,2018-06-07,优,16,2,6,12,5,31,0.64,20
7,2018-06-08,优,18,3,8,12,5,32,0.68,34
8,2018-06-09,优,23,4,13,21,6,35,0.72,26
9,2018-06-10,良,52,119,27,45,8,40,0.83,67
10,2018-06-11,良,86,291,32,54,9,50,0.85,112
11,2018-06-12,良,60,142,41,59,10,52,0.93,67
12,2018-06-13,优,31,23,19,26,6,42,0.88,43
13,2018-06-14,优,37,48,16,29,6,31,0.8,52
14,2018-06-15,优,32,19,17,29,7,33,0.73,51
15,2018-06-16,良,65,210,19,36,7,37,0.72,106
16,2018-06-17,良,86,290,35,63,9,42,0.8,111
17,2018-06-18,良,80,285,38,57,9,25,0.79,117
18,2018-06-19,优,35,43,16,32,7,25,0.67,55
19,2018-06-20,优,47,177,20,41,7,29,0.68,62
20,2018-06-21,优,47,155,24,43,8,32,0.67,57
21,2018-06-22,优,32,37,19,31,6,41,0.72,21
22,2018-06-23,优,30,50,16,28,8,47,0.67,21
23,2018-06-24,优,33,75,14,30,8,32,0.63,32
24,2018-06-25,优,22,16,11,21,7,29,0.58,26
25,2018-06-26,优,33,81,17,32,7,40,0.7,31
26,2018-06-27,良,55,242,21,42,8,38,0.66,65
27,2018-06-28,优,50,208,22,41,8,31,0.58,64
28,2018-06-29,良,56,183,23,41,7,28,0.56,78
29,2018-06-30,优,38,90,18,36,6,27,0.55,53
0,2018-05-01,优,43,52,26,42,7,39,0.69,27
1,2018-05-02,优,50,82,27,43,7,34,0.65,56
2,2018-05-03,优,46,39,29,47,8,36,0.73,63
3,2018-05-04,优,48,55,31,50,8,51,0.89,59
4,2018-05-05,良,53,113,24,52,11,41,0.66,63
5,2018-05-06,优,41,76,21,39,8,35,0.61,36
6,2018-05-07,优,34,31,14,24,6,28,0.57,56
7,2018-05-08,优,33,13,19,33,7,42,0.74,33
8,2018-05-09,优,42,49,27,40,8,42,0.88,26
9,2018-05-10,优,46,59,25,47,9,46,0.71,66
10,2018-05-11,良,57,129,30,62,11,49,0.68,56
11,2018-05-12,良,57,115,31,61,11,58,0.73,43
12,2018-05-13,优,50,68,25,47,10,46,0.79,43
13,2018-05-14,优,49,62,23,42,8,40,0.76,56
14,2018-05-15,优,42,39,18,35,8,30,0.62,60
15,2018-05-16,优,37,26,18,33,8,31,0.61,49
16,2018-05-17,优,39,27,20,35,8,36,0.66,45
17,2018-05-18,良,58,127,23,42,8,33,0.63,81
18,2018-05-19,良,62,220,24,41,9,31,0.6,77
19,2018-05-20,优,48,137,19,36,9,29,0.56,64
20,2018-05-21,良,57,235,21,35,9,30,0.58,75
21,2018-05-22,良,64,265,23,39,9,32,0.61,85
22,2018-05-23,良,82,235,30,53,11,39,0.71,110
23,2018-05-24,良,68,155,27,45,11,33,0.66,89
24,2018-05-25,优,46,87,15,31,8,26,0.57,70
25,2018-05-26,优,40,57,18,31,9,26,0.62,63
26,2018-05-27,优,41,51,19,36,8,37,0.68,47
27,2018-05-28,良,74,150,24,43,9,43,0.74,87
28,2018-05-29,良,55,100,23,43,12,51,0.69,70
29,2018-05-30,良,59,143,27,47,13,48,0.69,61
30,2018-05-31,良,54,114,21,39,11,36,0.61,70
0,2018-04-01,良,88,188,44,76,15,52,0.72,110
1,2018-04-02,良,98,237,56,91,16,55,0.84,112
2,2018-04-03,良,81,196,50,81,15,56,0.77,71
3,2018-04-04,良,62,151,33,62,12,46,0.67,62
4,2018-04-05,优,48,70,25,48,10,32,0.58,50
5,2018-04-05,优,48,70,25,48,10,32,0.58,50
6,2018-04-06,优,43,27,19,45,9,30,0.67,39
7,2018-04-07,良,79,240,31,106,9,34,0.56,69
8,2018-04-08,良,77,191,41,97,12,68,0.69,81
9,2018-04-09,良,98,288,61,115,15,74,0.92,81
10,2018-04-10,良,67,71,37,67,11,48,0.75,77
11,2018-04-11,良,58,73,35,64,12,56,0.8,39
12,2018-04-12,优,45,38,24,45,10,44,0.71,18
13,2018-04-13,优,35,28,19,34,9,38,0.6,15
14,2018-04-14,优,35,37,19,32,8,39,0.64,14
15,2018-04-15,优,24,5,14,21,7,29,0.76,37
16,2018-04-16,良,58,69,29,68,7,38,0.66,39
17,2018-04-17,良,78,138,46,93,10,54,0.75,73
18,2018-04-18,轻度污染,132,340,95,119,15,80,1.06,91
19,2018-04-19,轻度污染,107,284,74,102,16,70,0.98,83
20,2018-04-20,良,81,216,55,84,13,72,0.82,49
21,2018-04-21,良,56,114,29,60,11,48,0.64,41
22,2018-04-22,良,55,201,32,58,12,49,0.67,27
23,2018-04-23,优,49,140,26,49,9,48,0.7,27
24,2018-04-24,优,40,74,24,38,9,41,0.89,17
25,2018-04-25,优,41,50,27,40,7,39,0.83,52
26,2018-04-26,良,81,219,59,74,9,71,1.15,11
27,2018-04-27,良,68,152,47,68,8,58,1.14,16
28,2018-04-28,良,63,95,43,64,8,68,1.21,20
29,2018-04-29,良,63,95,41,68,11,58,0.91,44
30,2018-04-30,良,56,123,36,58,10,52,0.8,33
0,2018-03-01,良,89,281,62,77,15,70,0.97,56
1,2018-03-02,良,66,182,46,56,12,51,0.75,48
2,2018-03-03,优,48,57,32,47,10,44,0.69,29
3,2018-03-04,优,40,32,26,37,8,36,0.6,14
4,2018-03-05,优,41,76,26,39,10,42,0.63,12
5,2018-03-06,优,49,163,31,48,10,47,0.97,22
6,2018-03-07,良,53,204,31,53,11,46,0.71,58
7,2018-03-08,优,16,1,9,12,6,27,0.68,31
8,2018-03-09,优,43,28,18,38,8,33,0.57,76
9,2018-03-10,良,59,60,36,60,12,65,0.74,64
10,2018-03-11,良,87,230,54,81,15,77,0.83,88
11,2018-03-12,良,67,117,43,72,15,78,0.81,55
12,2018-03-13,良,65,105,40,66,16,68,0.76,55
13,2018-03-14,良,53,70,34,54,14,62,0.71,32
14,2018-03-15,良,69,190,49,70,13,76,0.95,21
15,2018-03-16,轻度污染,112,329,83,101,16,92,1.08,48
16,2018-03-17,良,65,221,45,64,11,57,0.74,53
17,2018-03-18,良,53,145,32,53,11,45,0.7,57
18,2018-03-19,良,52,143,34,51,10,61,0.82,20
19,2018-03-20,优,28,16,11,18,7,27,0.88,54
20,2018-03-21,优,38,9,17,28,9,32,0.8,74
21,2018-03-22,优,50,29,31,54,11,61,0.73,64
22,2018-03-23,轻度污染,108,278,64,115,19,90,0.96,88
23,2018-03-24,良,73,134,49,91,16,71,0.75,67
24,2018-03-25,良,67,111,45,81,14,68,0.78,50
25,2018-03-26,良,87,202,63,94,12,73,0.98,51
26,2018-03-27,良,67,110,39,56,9,56,0.89,74
27,2018-03-28,轻度污染,122,318,77,100,14,66,0.97,105
28,2018-03-29,良,90,247,56,75,13,51,0.81,93
29,2018-03-30,良,87,244,64,85,13,75,0.94,56
30,2018-03-31,良,73,156,39,69,13,62,0.75,84
0,2018-02-01,良,70,84,50,63,10,37,0.77,66
1,2018-02-02,良,63,110,44,59,10,36,0.7,59
2,2018-02-03,良,58,115,40,63,13,30,0.64,89
3,2018-02-04,良,58,88,37,62,11,28,0.55,79
4,2018-02-05,优,42,30,26,40,9,30,0.49,68
5,2018-02-06,优,48,40,32,49,10,49,0.6,63
6,2018-02-07,良,59,68,41,58,12,64,0.69,40
7,2018-02-08,良,66,75,46,61,13,56,0.71,64
8,2018-02-09,良,80,95,58,78,10,82,0.81,22
9,2018-02-10,轻度污染,109,242,81,87,7,48,0.88,37
10,2018-02-11,良,79,166,58,70,8,30,0.79,83
11,2018-02-12,良,65,142,43,68,7,30,0.7,89
12,2018-02-13,良,68,134,44,79,9,46,0.71,82
13,2018-02-14,良,64,110,40,68,10,54,0.7,66
14,2018-02-15,良,64,116,43,67,9,47,0.71,65
15,2018-02-16,中度污染,174,279,136,124,20,49,1.0,56
16,2018-02-17,良,88,186,64,75,8,35,0.84,52
17,2018-02-18,良,58,153,41,51,8,26,0.69,71
18,2018-02-19,良,65,215,44,53,8,33,0.74,65
19,2018-02-20,良,54,127,37,47,9,39,0.72,37
20,2018-02-21,优,45,96,31,37,7,28,0.87,24
21,2018-02-22,优,18,9,8,12,5,19,0.87,29
22,2018-02-23,优,20,5,11,15,6,27,0.8,29
23,2018-02-24,优,43,64,30,35,7,44,0.99,17
24,2018-02-25,优,36,26,25,28,6,34,0.96,20
25,2018-02-26,优,37,31,25,32,8,34,0.77,57
26,2018-02-27,优,45,52,29,40,11,52,0.73,51
27,2018-02-28,良,51,100,35,47,11,70,0.83,39
0,2018-01-01,轻度污染,108,171,81,111,15,70,1.18,58
1,2018-01-02,轻度污染,122,268,92,130,18,84,1.37,32
2,2018-01-03,轻度污染,129,347,96,131,20,88,1.41,55
3,2018-01-04,良,96,326,69,108,19,80,1.14,46
4,2018-01-05,优,50,126,31,51,12,53,1.13,8
5,2018-01-06,优,29,46,18,23,5,36,1.16,4
6,2018-01-07,优,33,68,20,26,6,46,1.05,7
7,2018-01-08,优,30,40,17,23,5,38,1.24,7
8,2018-01-09,良,55,155,39,48,8,34,1.09,40
9,2018-01-10,优,43,81,26,42,10,45,0.74,43
10,2018-01-11,优,38,34,21,36,9,45,0.57,54
11,2018-01-12,优,40,9,21,39,10,49,0.57,52
12,2018-01-13,优,50,32,30,52,14,69,0.67,43
13,2018-01-14,良,77,111,55,90,16,86,0.93,42
14,2018-01-15,良,87,137,63,101,16,98,1.28,42
15,2018-01-16,轻度污染,122,228,91,129,14,128,1.34,45
16,2018-01-17,轻度污染,148,251,112,162,20,131,1.66,56
17,2018-01-18,中度污染,184,301,138,183,18,163,1.85,51
18,2018-01-19,中度污染,156,248,117,161,22,123,1.43,41
19,2018-01-20,中度污染,168,258,127,162,20,114,1.31,19
20,2018-01-21,轻度污染,141,254,106,123,17,99,1.14,27
21,2018-01-22,中度污染,158,323,119,141,15,70,1.45,48
22,2018-01-23,轻度污染,103,261,77,98,12,66,1.43,16
23,2018-01-24,轻度污染,104,318,78,103,15,72,1.27,35
24,2018-01-25,良,72,275,52,76,12,65,0.84,52
25,2018-01-26,良,57,198,36,59,10,51,0.98,11
26,2018-01-27,优,49,141,33,52,10,46,0.9,15
27,2018-01-28,优,40,68,25,41,8,36,0.97,9
28,2018-01-29,优,24,16,15,22,6,28,0.87,25
29,2018-01-30,优,42,28,29,35,6,35,0.85,27
30,2018-01-31,优,26,16,17,20,5,31,0.96,29
0,2017-12-01,优,28,14,14,27,8,31,1.02,34
1,2017-12-02,优,29,11,16,28,8,33,0.76,39
2,2017-12-03,优,43,45,25,46,10,46,0.79,36
3,2017-12-04,优,45,66,29,44,11,34,0.75,36
4,2017-12-05,良,51,75,34,49,9,31,0.76,57
5,2017-12-06,良,67,85,47,75,13,61,0.87,47
6,2017-12-07,良,90,173,66,101,16,77,1.03,28
7,2017-12-08,良,64,140,45,71,14,34,0.72,83
8,2017-12-09,良,82,178,60,86,16,56,0.84,83
9,2017-12-10,轻度污染,106,295,79,126,24,88,1.14,49
10,2017-12-11,良,64,117,45,71,16,54,0.83,76
11,2017-12-12,良,70,174,49,83,19,67,0.9,60
12,2017-12-13,良,100,268,74,109,22,79,1.12,29
13,2017-12-14,良,82,224,59,72,10,51,1.11,13
14,2017-12-15,优,40,81,25,38,9,40,1.07,7
15,2017-12-16,优,22,11,11,21,7,29,1.0,14
16,2017-12-17,良,55,107,38,51,10,25,0.79,57
17,2017-12-18,良,63,121,44,62,12,42,0.77,61
18,2017-12-19,良,54,92,35,55,13,38,0.7,74
19,2017-12-20,优,48,30,28,49,15,47,0.67,59
20,2017-12-21,良,56,46,35,65,14,75,0.89,44
21,2017-12-22,良,86,118,62,109,21,104,1.19,38
22,2017-12-23,轻度污染,109,161,81,135,22,121,1.36,23
23,2017-12-24,良,88,151,65,106,23,71,1.01,54
24,2017-12-25,良,81,158,59,86,18,65,0.87,82
25,2017-12-26,良,93,164,68,111,20,101,1.12,49
26,2017-12-27,轻度污染,108,191,80,120,23,96,1.12,60
27,2017-12-28,轻度污染,118,193,89,123,22,102,1.14,26
28,2017-12-29,良,99,145,73,96,13,78,1.02,47
29,2017-12-30,良,85,130,62,84,13,63,0.92,35
30,2017-12-31,良,60,66,42,61,11,35,0.93,68
0,2017-11-01,良,85,185,58,96,13,83,1.08,74
1,2017-11-02,良,93,194,64,106,15,91,1.14,70
2,2017-11-03,良,69,123,44,74,14,52,0.75,96
3,2017-11-04,良,76,223,50,82,14,31,0.78,127
4,2017-11-05,轻度污染,103,283,76,110,14,36,0.97,116
5,2017-11-06,良,75,130,54,81,14,46,0.83,80
6,2017-11-07,优,48,27,32,42,6,41,0.82,29
7,2017-11-08,优,28,8,17,27,6,37,0.77,19
8,2017-11-09,良,60,110,42,64,8,51,0.88,36
9,2017-11-10,良,85,265,62,92,12,68,1.04,42
10,2017-11-11,良,73,277,52,81,12,52,0.91,39
11,2017-11-12,良,70,227,50,71,10,47,0.87,45
12,2017-11-13,良,56,124,40,54,7,45,0.96,18
13,2017-11-14,优,41,78,26,41,6,39,0.93,12
14,2017-11-15,优,37,43,23,35,5,35,1.04,8
15,2017-11-16,良,61,163,39,67,10,56,1.16,33
16,2017-11-17,良,68,214,46,81,13,79,1.06,18
17,2017-11-18,优,41,124,24,46,8,41,1.12,21
18,2017-11-19,优,20,9,10,19,5,27,1.02,18
19,2017-11-20,优,17,7,8,16,6,28,0.86,15
20,2017-11-21,优,28,25,17,27,7,32,0.84,22
21,2017-11-22,优,30,30,16,28,8,29,0.9,23
22,2017-11-23,良,52,137,33,56,13,30,0.78,58
23,2017-11-24,优,49,100,33,48,7,37,0.76,52
24,2017-11-25,良,51,77,34,50,8,42,0.76,32
25,2017-11-26,优,47,81,31,45,9,41,0.85,20
26,2017-11-27,优,42,39,26,45,9,47,0.8,26
27,2017-11-28,良,59,60,39,62,11,60,0.98,20
28,2017-11-29,良,64,144,42,74,15,61,1.14,19
29,2017-11-30,良,54,185,36,57,12,43,1.08,13
0,2017-10-01,优,44,125,23,43,9,45,0.91,35
1,2017-10-02,优,42,156,20,38,10,34,0.84,48
2,2017-10-03,优,39,179,17,35,9,30,0.74,48
3,2017-10-05,优,34,103,21,31,6,31,0.81,52
4,2017-10-06,优,42,129,26,38,7,36,0.85,50
5,2017-10-07,优,50,141,31,49,9,38,0.82,58
6,2017-10-08,良,53,161,33,51,8,40,0.84,53
7,2017-10-09,优,48,203,27,47,9,38,0.81,51
8,2017-10-10,优,38,168,18,35,9,37,0.75,49
9,2017-10-11,良,55,303,28,54,11,49,0.9,55
10,2017-10-12,良,52,270,32,50,11,34,0.97,62
11,2017-10-13,优,38,127,17,31,9,23,0.84,74
12,2017-10-14,优,33,67,18,31,8,23,0.75,53
13,2017-10-15,优,26,39,8,15,6,19,0.72,47
14,2017-10-16,优,20,6,9,15,6,26,0.8,23
15,2017-10-17,优,23,15,12,21,7,30,0.88,26
16,2017-10-18,优,28,38,14,23,7,28,0.82,39
17,2017-10-19,优,25,3,12,21,8,23,0.72,46
18,2017-10-20,优,28,11,14,21,7,22,0.62,54
19,2017-10-21,优,35,42,19,30,8,24,0.67,66
20,2017-10-22,良,56,126,32,50,10,35,0.72,87
21,2017-10-23,良,79,263,52,74,13,45,0.95,106
22,2017-10-24,良,83,245,58,85,13,56,1.01,93
23,2017-10-25,轻度污染,102,278,73,108,15,74,1.15,84
24,2017-10-26,良,100,263,71,108,14,80,1.17,69
25,2017-10-27,良,79,156,53,84,14,61,0.97,84
26,2017-10-28,良,79,177,53,81,14,54,0.95,94
27,2017-10-29,良,70,183,38,60,12,30,0.77,121
28,2017-10-30,良,74,250,47,72,12,32,0.82,119
29,2017-10-31,良,68,131,43,75,12,48,0.85,96
0,2017-09-01,优,47,132,26,40,7,39,0.84,59
1,2017-09-02,良,64,249,36,57,9,49,0.93,69
2,2017-09-03,良,70,296,37,54,8,44,0.94,75
3,2017-09-04,优,42,143,27,38,7,48,0.97,20
4,2017-09-05,优,41,124,26,40,9,46,0.96,24
5,2017-09-06,良,54,246,37,51,7,52,0.94,58
6,2017-09-07,优,48,162,28,48,9,60,1.0,22
7,2017-09-08,良,55,195,33,59,17,51,1.1,3
8,2017-09-09,优,38,81,19,33,6,52,0.8,24
9,2017-09-10,优,32,47,17,31,8,42,0.75,20
10,2017-09-11,良,68,289,37,63,11,52,0.91,66
11,2017-09-12,良,55,168,31,50,10,40,0.81,57
12,2017-09-13,优,42,66,26,41,8,32,0.83,51
13,2017-09-14,优,40,48,24,37,7,30,0.85,52
14,2017-09-15,良,61,175,32,53,9,44,0.87,76
15,2017-09-16,良,83,291,42,75,13,60,0.97,92
16,2017-09-17,良,100,320,58,88,16,57,1.06,102
17,2017-09-18,轻度污染,113,336,60,93,17,53,1.04,121
18,2017-09-19,良,87,258,44,68,12,38,0.82,110
19,2017-09-20,良,89,326,44,73,13,52,0.88,109
20,2017-09-21,良,85,301,50,74,12,61,0.98,84
21,2017-09-22,良,54,136,27,51,15,50,0.85,50
22,2017-09-23,优,44,85,25,44,12,42,0.77,41
23,2017-09-24,优,39,97,19,36,10,30,0.71,37
24,2017-09-25,优,24,20,10,22,8,27,0.66,29
25,2017-09-26,良,60,261,22,45,11,45,0.78,70
26,2017-09-27,轻度污染,108,360,49,82,14,61,0.99,115
27,2017-09-28,轻度污染,111,360,57,97,14,60,1.13,126
28,2017-09-29,优,48,145,22,42,14,48,0.74,45
29,2017-09-30,优,50,164,30,51,11,50,0.88,44
0,2017-08-01,良,81,311,37,56,10,37,0.87,100
1,2017-08-02,优,41,147,22,39,9,51,0.85,31
2,2017-08-03,优,40,113,21,38,9,51,0.84,22
3,2017-08-04,优,42,97,22,40,13,49,0.81,37
4,2017-08-05,优,48,129,23,45,11,46,0.75,48
5,2017-08-06,良,53,170,25,46,12,35,0.73,60
6,2017-08-07,良,51,156,21,38,9,30,0.67,67
7,2017-08-08,优,36,82,16,31,9,28,0.65,55
8,2017-08-09,优,35,81,15,30,9,28,0.65,54
9,2017-08-10,优,39,97,20,38,9,34,0.69,40
10,2017-08-11,优,38,81,20,37,8,37,0.73,29
11,2017-08-12,优,38,106,17,35,7,27,0.66,50
12,2017-08-13,优,34,69,15,31,8,24,0.62,44
13,2017-08-14,优,39,118,17,33,8,26,0.65,52
14,2017-08-15,优,36,100,16,33,8,30,0.65,41
15,2017-08-16,优,37,95,16,33,9,30,0.64,40
16,2017-08-17,优,47,170,22,42,12,37,0.73,59
17,2017-08-18,良,69,298,31,53,13,43,0.79,70
18,2017-08-19,良,56,254,26,45,13,42,0.7,71
19,2017-08-20,良,82,344,32,57,14,44,0.78,92
20,2017-08-21,良,66,245,36,61,15,48,0.81,72
21,2017-08-22,良,64,256,41,68,13,45,0.86,59
22,2017-08-23,优,19,1,9,17,5,22,0.67,35
23,2017-08-24,优,26,9,11,24,7,26,0.68,37
24,2017-08-25,优,41,131,19,39,10,41,0.79,39
25,2017-08-26,优,46,178,24,41,8,37,0.79,49
26,2017-08-27,优,15,1,8,12,5,21,0.62,23
27,2017-08-28,优,18,5,8,15,6,30,0.68,19
28,2017-08-29,优,44,230,18,36,9,39,0.79,55
29,2017-08-30,良,66,340,31,56,13,49,0.89,66
30,2017-08-31,优,50,225,31,46,7,43,0.83,55
0,2017-07-01,优,27,61,14,26,10,30,0.63,25
1,2017-07-02,优,25,25,13,24,8,33,0.68,18
2,2017-07-03,优,23,30,12,20,8,40,0.69,14
3,2017-07-04,优,30,52,16,29,10,45,0.76,25
4,2017-07-05,优,40,106,19,36,13,41,0.78,36
5,2017-07-06,优,27,41,13,26,11,35,0.67,25
6,2017-07-07,优,23,25,11,22,10,34,0.67,17
7,2017-07-08,优,29,64,13,27,10,39,0.72,16
8,2017-07-09,优,33,81,15,31,9,30,0.67,34
9,2017-07-10,优,31,54,15,29,9,33,0.67,28
10,2017-07-11,优,29,29,13,26,9,33,0.64,31
11,2017-07-12,良,51,129,22,43,14,50,0.72,55
12,2017-07-13,良,55,163,24,43,13,45,0.73,55
13,2017-07-14,优,46,119,18,37,13,34,0.68,42
14,2017-07-15,优,31,48,15,28,10,31,0.66,32
15,2017-07-16,优,21,14,10,20,8,25,0.58,20
16,2017-07-17,优,23,17,10,20,8,26,0.62,23
17,2017-07-18,优,17,5,8,15,7,32,0.66,13
18,2017-07-19,优,29,48,14,26,11,37,0.72,26
19,2017-07-20,优,38,88,19,36,13,43,0.77,35
20,2017-07-21,优,43,119,22,42,11,51,0.85,34
21,2017-07-22,优,47,127,20,39,11,37,0.74,53
22,2017-07-23,优,31,36,17,29,10,32,0.68,17
23,2017-07-24,优,26,20,13,24,9,34,0.69,35
24,2017-07-25,良,58,182,22,40,11,43,0.76,66
25,2017-07-26,良,80,285,32,53,13,54,0.84,81
26,2017-07-27,优,44,84,23,38,10,43,0.72,49
27,2017-07-28,良,65,232,26,47,11,44,0.77,80
28,2017-07-29,良,88,340,48,75,15,52,0.93,98
29,2017-07-30,良,75,262,48,70,14,39,0.91,84
30,2017-07-31,良,70,241,45,68,13,41,0.96,91
0,2017-06-01,优,38,42,20,38,8,28,0.68,54
1,2017-06-02,优,45,102,22,45,8,38,0.72,48
2,2017-06-03,良,53,142,23,46,7,39,0.79,69
3,2017-06-04,优,44,91,20,43,7,37,0.75,41
4,2017-06-05,优,36,35,15,35,7,29,0.6,41
5,2017-06-06,优,34,29,14,29,7,26,0.54,49
6,2017-06-07,优,33,22,13,25,6,36,0.65,52
7,2017-06-08,优,36,45,17,33,10,37,0.66,34
8,2017-06-09,优,37,72,19,36,11,44,0.71,24
9,2017-06-10,优,35,82,16,33,12,35,0.64,31
10,2017-06-11,良,57,221,19,36,10,30,0.64,73
11,2017-06-12,优,31,39,14,27,10,30,0.61,27
12,2017-06-13,优,37,92,16,36,13,39,0.71,40
13,2017-06-14,优,36,86,22,37,10,51,0.83,21
14,2017-06-15,优,50,137,23,51,10,37,0.75,51
15,2017-06-16,优,29,30,15,26,6,41,0.71,28
16,2017-06-17,优,32,39,16,28,7,53,0.85,25
17,2017-06-18,优,34,28,21,33,6,40,0.88,14
18,2017-06-19,优,43,94,27,42,8,51,1.0,18
19,2017-06-20,优,38,61,22,36,10,47,0.87,28
20,2017-06-21,优,37,69,19,36,9,44,0.83,27
21,2017-06-22,优,40,110,19,39,9,43,0.78,20
22,2017-06-23,优,31,48,13,28,8,33,0.63,30
23,2017-06-24,优,33,74,14,30,9,32,0.64,38
24,2017-06-25,优,34,80,13,31,9,29,0.61,42
25,2017-06-26,优,35,60,13,30,9,27,0.58,44
26,2017-06-27,优,34,41,12,31,9,26,0.58,44
27,2017-06-28,优,36,53,13,32,9,29,0.59,49
28,2017-06-29,优,36,70,16,32,10,31,0.62,46
29,2017-06-30,优,38,98,16,31,11,32,0.62,48
0,2017-05-01,良,60,69,32,55,11,37,0.72,91
1,2017-05-02,优,50,66,26,50,10,41,0.74,42
2,2017-05-03,优,40,30,20,39,9,34,0.64,22
3,2017-05-04,优,41,65,24,43,8,59,0.81,41
4,2017-05-05,良,57,101,26,52,11,59,0.88,76
5,2017-05-06,良,80,157,49,79,11,61,1.02,91
6,2017-05-07,良,54,75,35,50,9,43,0.82,66
7,2017-05-08,优,48,76,26,45,9,43,0.74,51
8,2017-05-09,优,42,33,24,41,7,54,0.83,60
9,2017-05-10,轻度污染,128,359,78,122,23,78,1.27,125
10,2017-05-11,轻度污染,111,324,56,88,16,50,0.92,124
11,2017-05-12,优,46,65,23,44,11,51,0.75,50
12,2017-05-13,良,58,122,35,63,18,66,0.93,27
13,2017-05-14,良,90,294,43,70,15,53,0.93,87
14,2017-05-15,优,31,16,17,28,7,35,0.7,31
15,2017-05-16,优,37,24,11,22,6,30,0.69,67
16,2017-05-17,良,69,155,40,70,10,57,0.94,71
17,2017-05-18,良,83,210,47,80,13,57,0.9,93
18,2017-05-19,良,52,63,32,51,10,57,0.81,50
19,2017-05-20,优,46,53,31,47,8,53,0.82,37
20,2017-05-20,优,46,53,31,47,8,53,0.82,37
21,2017-05-21,优,48,101,27,46,8,47,0.87,51
22,2017-05-22,优,43,109,24,44,10,44,0.8,38
23,2017-05-23,良,57,233,32,57,9,47,0.82,77
24,2017-05-24,优,29,15,14,26,7,40,0.84,22
25,2017-05-25,优,38,34,20,34,9,35,0.89,60
26,2017-05-26,良,56,96,37,60,11,43,0.83,62
27,2017-05-27,良,67,100,39,59,11,45,0.85,78
28,2017-05-28,良,94,222,41,74,16,60,0.88,116
29,2017-05-29,良,97,258,46,81,16,39,0.83,139
30,2017-05-30,良,61,116,28,48,12,40,0.75,83
31,2017-05-31,良,53,89,25,47,10,34,0.76,72
0,2017-04-01,优,50,49,18,36,8,39,0.62,86
1,2017-04-02,良,61,72,32,56,12,63,0.65,82
2,2017-04-03,良,87,232,48,78,14,58,0.71,104
3,2017-04-04,良,66,105,34,61,11,43,0.61,96
4,2017-04-05,良,57,88,32,59,11,48,0.66,65
5,2017-04-06,良,62,118,42,66,10,70,0.87,14
6,2017-04-07,良,62,145,40,69,15,65,0.85,23
7,2017-04-08,良,51,108,28,51,13,50,0.74,11
8,2017-04-09,优,42,96,22,41,11,42,0.68,18
9,2017-04-10,优,48,145,21,49,10,43,0.74,10
10,2017-04-11,良,51,138,27,56,9,43,0.99,6
11,2017-04-12,优,27,10,14,26,6,33,0.85,22
12,2017-04-13,优,40,18,23,40,7,43,0.78,40
13,2017-04-14,良,71,168,50,82,16,73,1.09,30
14,2017-04-15,良,65,94,39,77,16,84,0.98,28
15,2017-04-16,良,57,87,36,61,13,59,0.83,39
16,2017-04-17,良,64,165,33,61,12,50,0.83,59
17,2017-04-18,良,62,132,38,66,15,60,0.86,65
18,2017-04-19,良,61,115,40,69,12,62,0.86,32
19,2017-04-20,优,45,53,25,44,9,50,0.78,17
20,2017-04-21,优,40,36,22,39,8,46,0.73,25
21,2017-04-22,优,50,76,18,50,7,32,0.57,67
22,2017-04-23,良,61,127,36,61,9,58,0.77,39
23,2017-04-23,良,61,127,36,61,9,58,0.77,39
24,2017-04-24,良,72,183,48,82,13,72,1.01,32
25,2017-04-25,良,71,230,50,84,11,72,1.04,28
26,2017-04-26,良,53,168,33,57,10,62,0.96,19
27,2017-04-27,优,26,5,10,18,6,34,0.71,45
28,2017-04-28,良,63,146,26,52,9,52,0.67,91
29,2017-04-29,轻度污染,114,346,65,109,16,83,1.05,109
30,2017-04-30,良,98,292,44,76,14,43,0.81,133
0,2017-03-01,良,71,144,50,75,15,61,0.88,40
1,2017-03-02,良,65,140,37,76,13,62,0.68,57
2,2017-03-03,良,87,254,57,111,21,86,0.83,75
3,2017-03-04,良,84,173,60,101,21,90,0.83,45
4,2017-03-05,良,74,195,53,82,15,69,0.78,39
5,2017-03-06,优,43,49,28,44,9,43,0.84,31
6,2017-03-07,优,39,36,27,36,6,40,0.78,32
7,2017-03-08,优,45,55,31,39,7,42,0.77,51
8,2017-03-09,良,63,118,44,55,8,57,0.9,19
9,2017-03-10,良,64,123,44,51,8,63,1.22,6
10,2017-03-11,优,48,58,33,33,7,54,1.15,7
11,2017-03-12,良,80,256,58,72,11,74,1.06,15
12,2017-03-13,良,81,332,59,81,15,81,1.02,10
13,2017-03-14,优,36,32,22,33,8,43,0.83,20
14,2017-03-15,优,47,74,31,52,9,50,0.86,22
15,2017-03-16,良,70,200,49,83,12,59,1.06,7
16,2017-03-17,良,65,148,47,68,11,61,1.05,12
17,2017-03-18,良,81,204,58,71,10,65,1.11,10
18,2017-03-19,良,51,86,33,43,7,64,1.18,8
19,2017-03-20,良,63,172,43,70,9,74,1.13,21
20,2017-03-21,良,67,187,41,83,11,59,1.32,11
21,2017-03-22,良,52,141,33,52,8,70,1.0,23
22,2017-03-23,良,59,186,40,62,10,68,1.06,28
23,2017-03-24,良,58,148,32,64,13,66,0.88,47
24,2017-03-25,优,26,8,13,25,7,36,0.92,26
25,2017-03-26,优,46,48,16,48,7,40,0.7,54
26,2017-03-27,良,68,137,33,76,12,65,0.8,68
27,2017-03-28,良,77,200,45,99,16,81,0.85,63
28,2017-03-29,良,70,133,46,86,12,66,0.82,50
29,2017-03-30,良,66,159,40,80,12,63,0.8,29
30,2017-03-31,优,35,15,18,30,7,48,0.84,32
0,2017-02-01,优,31,8,21,26,6,23,1.04,35
1,2017-02-02,优,42,51,29,35,6,24,0.89,49
2,2017-02-03,良,58,115,41,53,7,36,0.86,43
3,2017-02-04,良,74,128,53,65,8,54,1.0,29
4,2017-02-05,良,55,98,39,47,6,38,0.97,37
5,2017-02-06,良,51,94,35,48,8,43,0.9,48
6,2017-02-07,良,68,212,49,75,10,51,0.88,69
7,2017-02-08,优,47,122,31,46,7,46,0.92,33
8,2017-02-09,优,36,25,24,31,8,21,0.82,62
9,2017-02-10,良,78,234,56,67,16,25,0.9,90
10,2017-02-11,良,65,106,46,58,13,34,0.75,82
11,2017-02-12,良,72,103,52,70,16,57,0.86,69
12,2017-02-13,良,82,140,60,89,14,85,1.13,52
13,2017-02-14,良,92,156,63,97,15,89,1.01,70
14,2017-02-15,良,74,89,50,85,17,92,0.93,66
15,2017-02-16,良,65,75,42,72,17,86,0.84,54
16,2017-02-17,良,72,166,50,86,17,103,1.03,45
17,2017-02-18,轻度污染,101,228,69,115,18,113,1.16,73
18,2017-02-19,良,81,133,58,78,10,52,0.77,77
19,2017-02-20,良,77,173,55,73,12,69,0.92,46
20,2017-02-21,良,52,114,31,53,11,60,0.78,29
21,2017-02-22,良,54,131,37,54,12,65,0.83,22
22,2017-02-23,优,32,22,16,31,8,32,0.77,14
23,2017-02-24,优,30,19,20,28,7,30,0.71,45
24,2017-02-25,优,23,8,14,18,6,34,0.67,40
25,2017-02-26,优,43,44,29,42,9,42,0.79,45
26,2017-02-27,良,63,93,44,68,16,63,0.91,46
27,2017-02-28,良,93,215,69,100,21,84,1.01,39
0,2017-01-01,轻度污染,103,119,77,118,15,94,1.43,42
1,2017-01-02,轻度污染,112,135,83,129,14,111,1.44,53
2,2017-01-03,轻度污染,122,140,91,143,17,110,1.54,58
3,2017-01-04,轻度污染,110,137,82,120,14,96,1.13,39
4,2017-01-05,中度污染,196,303,148,208,18,155,1.77,37
5,2017-01-06,轻度污染,124,266,91,140,13,107,1.52,37
6,2017-01-07,良,86,238,62,95,15,92,1.1,36
7,2017-01-08,良,86,203,63,98,12,71,1.57,40
8,2017-01-09,良,52,84,35,55,10,59,1.56,43
9,2017-01-10,良,82,201,60,90,14,77,1.32,56
10,2017-01-11,良,87,228,64,91,14,67,1.39,24
11,2017-01-12,优,49,91,34,44,7,37,1.33,17
12,2017-01-13,优,19,14,8,13,5,36,1.19,22
13,2017-01-14,优,29,18,17,25,5,38,1.01,26
14,2017-01-15,优,34,32,23,32,6,38,1.14,18
15,2017-01-16,优,41,39,28,34,5,42,1.14,19
16,2017-01-17,优,42,34,27,37,6,42,1.16,11
17,2017-01-18,良,54,78,35,57,10,51,1.25,9
18,2017-01-19,优,49,68,32,50,8,40,1.23,9
19,2017-01-20,优,31,12,21,28,6,30,0.85,44
20,2017-01-21,良,75,172,54,73,10,36,0.87,80
21,2017-01-22,良,62,109,43,64,10,43,0.77,77
22,2017-01-23,良,64,110,45,67,10,58,0.9,66
23,2017-01-24,良,73,136,53,75,10,63,0.98,54
24,2017-01-25,良,77,95,55,74,10,54,0.97,66
25,2017-01-26,良,74,80,53,72,9,41,0.93,83
26,2017-01-27,良,70,110,48,66,8,42,0.83,66
27,2017-01-28,轻度污染,111,140,82,111,19,41,0.8,68
28,2017-01-29,良,53,70,37,42,6,36,0.74,30
29,2017-01-30,优,41,51,28,34,6,26,0.94,38
30,2017-01-31,优,47,102,32,38,5,20,1.05,40
0,2016-12-01,良,86,172,63,96,16,55,0.97,55
1,2016-12-02,良,79,139,57,83,12,53,0.96,49
2,2016-12-03,良,74,102,54,81,11,62,1.03,30
3,2016-12-04,良,87,132,63,106,18,76,1.32,31
4,2016-12-05,良,96,189,71,112,18,68,1.33,43
5,2016-12-06,良,68,104,48,77,15,39,0.82,73
6,2016-12-07,良,83,107,60,96,17,66,0.91,74
7,2016-12-08,良,72,62,51,83,15,71,0.89,58
8,2016-12-09,良,76,106,54,94,14,90,1.11,45
9,2016-12-10,良,90,175,66,114,15,96,1.31,38
10,2016-12-11,良,90,172,66,106,16,79,1.12,61
11,2016-12-12,良,70,106,44,81,13,70,0.83,61
12,2016-12-13,良,81,198,58,99,13,78,1.14,24
13,2016-12-14,优,47,98,29,46,9,34,1.07,48
14,2016-12-15,优,39,35,24,37,9,32,1.02,57
15,2016-12-16,优,49,40,31,48,11,37,0.74,70
16,2016-12-17,良,58,48,38,63,13,68,0.8,46
17,2016-12-18,良,75,86,53,91,15,89,1.04,39
18,2016-12-19,良,80,84,54,94,15,97,1.13,54
19,2016-12-20,轻度污染,105,160,78,132,18,126,1.41,52
20,2016-12-21,轻度污染,104,212,78,130,14,110,1.41,24
21,2016-12-22,良,55,106,33,54,9,49,1.29,28
22,2016-12-23,优,50,75,33,51,9,46,1.32,48
23,2016-12-24,良,67,108,48,67,10,64,1.31,15
24,2016-12-25,良,61,147,42,69,10,61,1.18,12
25,2016-12-26,良,65,243,43,76,10,55,1.28,25
26,2016-12-27,优,33,33,16,31,9,27,0.95,37
27,2016-12-28,良,52,67,35,53,14,42,0.78,64
28,2016-12-29,良,53,63,34,52,13,48,0.73,61
29,2016-12-30,良,61,61,39,67,14,62,0.82,57
30,2016-12-31,良,79,86,57,93,16,83,1.1,50
0,2016-11-01,优,31,39,15,27,7,22,0.8,56
1,2016-11-02,优,28,16,15,26,6,24,0.83,49
2,2016-11-03,优,36,26,20,34,8,29,0.73,56
3,2016-11-04,良,58,67,38,66,11,62,0.85,58
4,2016-11-05,轻度污染,120,255,81,131,20,108,1.18,94
5,2016-11-06,良,96,156,69,110,18,75,0.96,73
6,2016-11-07,良,79,186,52,91,16,75,0.88,65
7,2016-11-08,良,63,217,40,72,13,57,1.1,27
8,2016-11-09,优,29,57,16,28,8,32,0.99,28
9,2016-11-10,优,21,19,11,20,7,38,0.77,18
10,2016-11-11,优,37,38,22,37,8,39,0.78,15
11,2016-11-12,良,82,215,58,103,17,84,1.3,19
12,2016-11-13,轻度污染,101,236,74,131,19,91,1.63,26
13,2016-11-14,良,69,119,48,80,15,82,1.25,34
14,2016-11-15,良,90,219,65,106,18,96,1.15,97
15,2016-11-16,良,81,211,55,84,18,64,0.92,72
16,2016-11-17,良,91,220,67,105,16,83,1.14,59
17,2016-11-18,轻度污染,110,251,82,126,23,91,1.27,45
18,2016-11-19,良,93,218,68,109,19,79,1.14,35
19,2016-11-20,良,63,170,41,72,17,60,1.0,38
20,2016-11-21,优,44,117,25,47,10,49,0.86,17
21,2016-11-22,优,35,113,23,32,8,37,0.81,9
22,2016-11-23,优,18,20,8,16,7,28,0.84,16
23,2016-11-24,优,20,16,9,18,8,28,0.81,21
24,2016-11-25,优,26,30,14,24,7,34,0.84,13
25,2016-11-26,优,20,18,9,16,7,33,0.88,6
26,2016-11-27,优,33,29,16,32,10,40,0.8,42
27,2016-11-28,优,48,43,29,48,11,46,0.79,54
28,2016-11-29,良,59,89,39,66,13,59,0.85,35
29,2016-11-30,良,74,135,52,89,19,59,0.94,50
0,2016-10-01,优,48,118,26,49,10,39,1.1,20
1,2016-10-02,优,39,92,21,38,9,30,0.89,31
2,2016-10-03,优,35,45,18,34,10,27,0.78,34
3,2016-10-04,优,45,96,26,45,11,33,0.89,40
4,2016-10-05,良,54,131,33,54,13,35,0.92,52
5,2016-10-06,良,53,139,35,52,10,26,0.91,59
6,2016-10-07,优,49,146,32,48,10,24,0.91,53
7,2016-10-08,优,34,70,20,32,11,20,0.85,45
8,2016-10-09,优,43,132,27,42,8,19,0.87,67
9,2016-10-10,良,51,157,29,47,7,21,0.74,86
10,2016-10-11,良,51,153,30,52,11,27,0.73,71
11,2016-10-12,优,47,108,30,45,7,29,0.76,51
12,2016-10-13,优,35,43,21,34,7,28,0.84,46
13,2016-10-14,优,37,38,21,36,7,27,0.76,44
14,2016-10-15,优,50,117,31,51,8,31,0.77,48
15,2016-10-16,优,50,84,32,50,9,28,0.76,52
16,2016-10-17,良,58,145,40,62,9,27,0.89,51
17,2016-10-18,优,35,37,24,32,4,25,0.89,17
18,2016-10-19,优,20,8,10,19,5,29,0.83,13
19,2016-10-20,优,38,79,21,37,6,35,0.98,32
20,2016-10-21,优,38,125,19,37,9,30,0.89,21
21,2016-10-22,良,61,299,40,66,13,50,1.16,42
22,2016-10-23,良,62,306,43,64,11,54,1.1,41
23,2016-10-24,优,47,179,31,47,10,38,0.94,24
24,2016-10-25,优,41,100,24,40,10,36,0.83,26
25,2016-10-26,良,56,199,36,59,12,49,0.84,53
26,2016-10-27,良,56,251,36,61,15,56,0.86,41
27,2016-10-28,良,66,315,45,76,13,64,1.01,54
28,2016-10-29,良,55,249,36,57,10,37,1.05,36
29,2016-10-30,优,36,70,22,35,7,25,0.87,47
30,2016-10-31,优,43,145,24,42,8,33,0.87,57
0,2016-09-01,优,41,107,20,37,10,29,0.84,51
1,2016-09-02,优,40,77,23,38,11,41,0.9,18
2,2016-09-03,优,50,94,34,50,10,39,1.11,18
3,2016-09-04,良,58,137,39,60,11,41,1.06,45
4,2016-09-05,优,44,75,25,42,10,30,0.83,51
5,2016-09-06,优,46,121,28,45,13,40,0.94,37
6,2016-09-07,优,41,68,27,40,8,47,0.95,31
7,2016-09-08,良,53,135,35,54,11,51,0.99,32
8,2016-09-09,优,48,113,28,47,9,49,0.98,27
9,2016-09-10,优,36,79,20,35,12,36,0.82,10
10,2016-09-11,优,44,117,26,45,13,39,0.94,13
11,2016-09-12,优,35,52,16,28,7,30,0.75,51
12,2016-09-13,优,44,63,24,39,9,31,0.85,54
13,2016-09-14,优,49,104,27,45,11,34,0.75,67
14,2016-09-15,良,54,180,35,53,11,29,0.86,61
15,2016-09-16,优,44,142,28,41,8,21,0.77,55
16,2016-09-17,优,42,126,23,37,8,24,0.73,54
17,2016-09-18,优,30,40,15,29,8,22,0.59,47
18,2016-09-19,良,53,198,29,48,10,29,0.73,77
19,2016-09-20,良,58,194,39,64,10,34,0.79,82
20,2016-09-21,良,67,203,40,65,10,35,0.84,92
21,2016-09-22,良,71,203,46,73,12,43,0.89,92
22,2016-09-23,良,84,246,51,85,14,51,1.0,96
23,2016-09-24,良,92,271,45,75,15,51,0.86,102
24,2016-09-25,轻度污染,112,321,59,95,16,59,0.97,121
25,2016-09-26,轻度污染,123,351,76,117,20,60,1.12,111
26,2016-09-27,良,94,324,67,105,19,59,1.16,81
27,2016-09-28,良,73,337,50,79,10,28,0.91,85
28,2016-09-29,优,29,48,14,28,7,28,0.92,38
29,2016-09-30,优,25,14,13,24,6,37,0.97,11
0,2016-08-01,良,69,296,42,63,14,39,0.92,66
1,2016-08-02,优,25,10,13,23,6,13,0.73,40
2,2016-08-03,优,29,46,15,25,8,27,0.8,35
3,2016-08-04,优,36,106,18,35,12,29,0.9,30
4,2016-08-05,良,54,230,28,47,8,41,0.99,68
5,2016-08-06,良,74,317,38,62,13,41,1.01,77
6,2016-08-07,良,73,335,46,70,14,40,1.0,75
7,2016-08-08,良,72,338,46,69,15,38,0.99,81
8,2016-08-09,良,78,337,54,88,16,63,1.16,54
9,2016-08-10,优,49,187,32,47,10,53,0.94,41
10,2016-08-11,良,56,239,34,55,13,41,0.9,71
11,2016-08-12,良,79,343,57,75,14,63,1.14,35
12,2016-08-13,良,56,239,33,52,12,37,0.9,64
13,2016-08-14,优,29,37,14,26,9,27,0.79,37
14,2016-08-15,优,21,9,9,19,8,24,0.67,32
15,2016-08-16,优,23,11,11,22,9,27,0.67,26
16,2016-08-17,优,18,3,8,16,9,19,0.59,32
17,2016-08-18,优,23,7,10,21,9,21,0.67,41
18,2016-08-19,优,38,91,18,37,13,27,0.67,48
19,2016-08-20,良,66,287,34,63,14,38,0.85,62
20,2016-08-21,良,68,265,42,68,17,44,0.95,72
21,2016-08-22,良,81,320,41,62,19,38,0.89,91
22,2016-08-23,良,85,324,41,67,20,48,0.85,93
23,2016-08-24,良,73,248,52,72,20,59,0.98,64
24,2016-08-25,轻度污染,124,362,67,91,19,53,1.05,122
25,2016-08-26,良,91,363,52,73,18,42,1.0,88
26,2016-08-27,优,40,74,26,37,9,35,1.04,47
27,2016-08-28,优,42,72,28,40,11,25,1.02,54
28,2016-08-29,良,75,301,40,61,12,30,0.94,108
29,2016-08-30,良,79,285,48,71,13,44,1.11,96
30,2016-08-31,轻度污染,102,347,66,88,15,37,1.15,120
0,2016-07-01,优,29,83,12,28,6,26,0.74,23
1,2016-07-02,优,31,74,15,30,6,23,0.75,29
2,2016-07-03,优,27,54,13,26,6,19,0.78,19
3,2016-07-04,优,23,22,12,22,7,21,0.76,19
4,2016-07-05,优,30,61,14,29,10,28,0.82,28
5,2016-07-06,优,37,112,19,37,10,36,0.88,27
6,2016-07-07,良,61,251,26,46,9,39,0.98,72
7,2016-07-08,良,66,282,41,59,13,42,1.0,64
8,2016-07-09,良,77,316,44,67,14,35,1.0,81
9,2016-07-10,优,44,113,27,41,7,26,0.88,69
10,2016-07-11,良,68,285,46,69,14,51,1.14,35
11,2016-07-12,优,31,50,17,29,8,35,0.81,17
12,2016-07-13,优,43,140,24,41,10,37,0.92,41
13,2016-07-14,优,36,98,20,35,11,35,0.85,24
14,2016-07-15,优,48,206,27,47,12,34,0.97,32
15,2016-07-16,优,43,125,23,41,9,30,0.84,33
16,2016-07-17,优,46,135,26,44,9,21,0.85,47
17,2016-07-18,优,37,82,19,35,7,19,0.73,41
18,2016-07-19,优,34,63,16,33,10,22,0.8,23
19,2016-07-20,优,32,66,15,31,8,20,0.7,30
20,2016-07-21,优,35,74,15,32,10,21,0.72,44
21,2016-07-22,良,53,192,20,38,11,23,0.74,72
22,2016-07-23,良,64,238,25,45,11,26,0.74,78
23,2016-07-24,良,84,319,30,52,13,30,0.77,98
24,2016-07-25,良,98,352,36,57,15,36,0.89,113
25,2016-07-26,良,56,177,23,39,13,33,0.75,60
26,2016-07-27,优,33,41,15,31,10,29,0.73,34
27,2016-07-28,良,61,180,27,51,13,33,0.8,64
28,2016-07-29,良,61,179,28,50,15,34,0.76,82
29,2016-07-30,良,78,281,37,64,19,48,0.92,70
30,2016-07-31,轻度污染,104,358,51,74,14,49,1.07,112
0,2016-06-01,优,42,75,20,38,8,20,0.71,55
1,2016-06-02,优,47,117,21,41,8,21,0.71,68
2,2016-06-03,优,43,102,20,39,9,23,0.77,63
3,2016-06-04,优,41,76,20,39,7,44,0.88,31
4,2016-06-05,优,39,45,24,38,7,45,1.08,10
5,2016-06-06,良,71,227,42,56,8,45,1.11,76
6,2016-06-07,良,77,273,34,56,11,42,1.01,80
7,2016-06-08,优,40,53,23,39,9,36,0.89,45
8,2016-06-09,优,38,49,23,36,9,34,0.88,39
9,2016-06-10,优,38,71,21,34,7,28,0.8,41
10,2016-06-11,优,38,90,22,35,8,29,0.86,27
11,2016-06-12,优,38,91,21,37,8,33,0.89,27
12,2016-06-13,良,54,152,33,58,9,38,1.03,42
13,2016-06-14,优,45,94,25,43,7,30,0.8,41
14,2016-06-15,优,40,86,18,38,6,29,0.77,31
15,2016-06-16,优,39,70,20,34,5,30,0.71,52
16,2016-06-17,良,58,151,28,46,11,37,0.85,58
17,2016-06-18,优,33,57,16,31,7,25,0.71,32
18,2016-06-19,优,31,63,14,25,7,22,0.66,43
19,2016-06-20,优,38,110,17,34,9,26,0.61,47
20,2016-06-21,优,37,79,18,34,9,26,0.67,50
21,2016-06-22,优,38,82,19,37,9,30,0.66,47
22,2016-06-23,优,49,181,18,38,10,26,0.7,64
23,2016-06-24,良,54,252,20,37,9,25,0.66,70
24,2016-06-25,良,51,215,21,40,10,31,0.72,59
25,2016-06-26,优,40,96,17,36,9,24,0.64,50
26,2016-06-27,优,43,111,23,41,11,33,0.73,54
27,2016-06-28,优,46,128,23,46,10,40,0.87,10
28,2016-06-29,优,36,84,17,35,8,28,0.81,24
29,2016-06-30,优,29,57,13,28,6,29,0.75,24
0,2016-05-01,良,52,56,35,46,10,39,1.02,45
1,2016-05-02,优,49,64,28,47,10,35,0.95,27
2,2016-05-03,优,44,49,26,41,8,34,0.86,23
3,2016-05-04,良,58,116,38,54,11,44,1.03,45
4,2016-05-05,优,40,36,23,39,7,26,0.75,22
5,2016-05-06,优,42,43,24,41,8,28,0.79,31
6,2016-05-07,优,45,83,25,45,10,40,0.85,25
7,2016-05-08,优,34,30,20,33,9,31,0.8,13
8,2016-05-09,优,36,30,20,35,8,29,0.77,22
9,2016-05-10,优,33,23,20,30,7,39,1.06,29
10,2016-05-11,良,55,71,25,41,7,36,1.05,84
11,2016-05-12,良,88,221,48,71,10,42,1.2,114
12,2016-05-13,良,79,266,46,76,14,51,1.07,77
13,2016-05-14,良,53,119,33,51,12,39,0.91,53
14,2016-05-15,良,52,189,25,45,12,34,0.86,48
15,2016-05-16,良,52,93,21,60,7,28,0.85,74
16,2016-05-17,良,72,167,45,83,11,48,0.93,62
17,2016-05-18,良,71,137,40,66,13,46,1.02,84
18,2016-05-19,良,52,50,31,53,13,45,0.85,52
19,2016-05-20,优,44,66,28,44,12,45,0.9,26
20,2016-05-21,优,30,23,15,26,8,30,0.93,39
21,2016-05-22,优,37,57,21,32,8,23,0.95,69
22,2016-05-23,优,45,99,26,41,9,28,0.88,82
23,2016-05-24,良,71,221,46,68,12,37,0.97,102
24,2016-05-25,良,94,303,37,62,11,33,0.83,112
25,2016-05-26,良,58,176,31,54,10,33,0.8,69
26,2016-05-27,优,33,44,15,32,6,22,0.64,31
27,2016-05-28,优,30,26,15,29,6,28,0.79,29
28,2016-05-29,优,49,120,27,50,10,38,0.94,28
29,2016-05-30,良,51,97,28,53,11,37,0.94,39
30,2016-05-31,优,41,67,20,39,9,23,0.71,44
0,2016-04-01,轻度污染,144,346,109,129,21,83,1.35,42
1,2016-04-02,良,63,109,43,61,11,51,1.06,26
2,2016-04-03,良,59,206,41,57,10,49,1.05,14
3,2016-04-04,优,43,58,29,37,8,40,1.08,19
4,2016-04-05,优,46,65,28,43,9,46,1.04,17
5,2016-04-06,优,40,76,24,39,11,39,0.92,19
6,2016-04-07,优,47,102,29,44,11,39,0.88,15
7,2016-04-08,良,54,121,34,52,13,41,0.9,22
8,2016-04-09,优,49,105,32,48,11,41,0.88,10
9,2016-04-10,优,46,86,31,40,10,50,0.97,35
10,2016-04-11,良,51,86,31,49,12,44,1.05,30
11,2016-04-12,优,37,19,22,35,15,47,1.15,18
12,2016-04-13,良,54,90,35,54,13,68,1.26,21
13,2016-04-14,良,67,134,47,65,14,56,1.41,7
14,2016-04-15,优,48,58,32,48,11,44,1.03,6
15,2016-04-16,良,55,172,33,57,11,39,0.96,16
16,2016-04-17,优,50,124,31,50,13,30,0.91,9
17,2016-04-18,优,27,2,13,21,10,31,1.18,47
18,2016-04-19,优,49,48,30,49,13,57,1.2,32
19,2016-04-20,优,49,106,31,50,11,56,1.12,21
20,2016-04-21,良,61,153,43,58,11,55,1.11,7
21,2016-04-22,良,52,81,35,50,13,57,0.99,20
22,2016-04-23,良,61,192,42,58,14,65,1.06,18
23,2016-04-24,良,52,119,35,51,15,54,0.98,26
24,2016-04-25,良,51,100,32,49,13,45,0.91,31
25,2016-04-26,优,39,43,24,38,17,36,0.92,14
26,2016-04-27,优,48,80,28,45,9,38,1.0,51
27,2016-04-28,优,44,28,25,44,12,38,1.05,52
28,2016-04-29,良,68,124,49,73,13,46,1.01,64
29,2016-04-30,良,82,206,60,82,13,58,1.08,44
0,2016-03-01,轻度污染,106,287,78,133,24,82,1.07,73
1,2016-03-02,轻度污染,106,224,76,117,19,76,0.96,85
2,2016-03-03,良,74,105,51,80,18,76,0.89,58
3,2016-03-04,良,66,80,46,72,20,71,0.9,31
4,2016-03-05,良,74,97,53,77,18,70,1.02,23
5,2016-03-06,良,96,158,71,98,19,71,1.19,38
6,2016-03-07,良,57,72,39,54,20,55,0.96,16
7,2016-03-08,良,58,180,38,56,13,54,0.8,18
8,2016-03-09,优,45,188,29,44,9,47,0.99,6
9,2016-03-10,优,15,7,4,11,3,22,0.7,32
10,2016-03-11,优,37,34,24,35,6,26,0.67,45
11,2016-03-12,良,55,55,38,51,5,36,0.8,11
12,2016-03-13,优,38,35,24,37,7,41,1.17,3
13,2016-03-14,优,38,23,25,37,7,33,0.89,34
14,2016-03-15,良,67,75,48,71,11,49,1.13,15
15,2016-03-16,良,53,57,34,50,7,44,1.08,9
16,2016-03-17,优,49,54,33,46,6,50,1.42,6
17,2016-03-18,良,87,161,64,92,10,67,1.68,5
18,2016-03-19,良,68,102,47,76,10,52,1.33,3
19,2016-03-20,良,59,63,40,58,8,46,0.93,19
20,2016-03-21,优,42,46,27,40,9,53,1.1,27
21,2016-03-22,优,41,65,26,37,6,58,1.01,21
22,2016-03-23,优,34,35,20,32,6,52,1.16,18
23,2016-03-24,优,26,11,16,24,6,30,0.85,41
24,2016-03-25,良,55,118,33,57,11,36,0.76,71
25,2016-03-26,良,67,154,42,69,13,62,0.87,69
26,2016-03-27,良,64,115,40,64,14,47,0.86,78
27,2016-03-28,良,77,171,55,85,19,69,0.96,70
28,2016-03-29,良,97,283,72,116,23,92,1.21,54
29,2016-03-30,轻度污染,111,298,83,125,18,110,1.27,26
30,2016-03-31,中度污染,167,342,129,174,20,103,1.63,70
0,2016-02-01,优,15,10,4,9,4,23,0.92,29
1,2016-02-02,优,31,26,18,23,10,24,0.97,48
2,2016-02-03,良,55,51,38,46,5,28,0.87,43
3,2016-02-04,良,60,105,42,56,6,31,0.9,33
4,2016-02-05,优,36,24,24,34,5,20,0.76,54
5,2016-02-06,良,59,124,39,59,11,19,0.68,94
6,2016-02-07,优,50,35,25,46,8,24,0.53,80
7,2016-02-08,轻度污染,120,123,91,104,27,48,0.91,54
8,2016-02-09,良,79,152,57,75,10,53,0.84,55
9,2016-02-10,良,74,181,53,72,8,54,0.91,39
10,2016-02-11,良,58,130,37,61,6,41,0.81,32
11,2016-02-12,优,45,61,26,44,6,31,0.74,35
12,2016-02-13,优,36,62,20,35,4,26,0.67,32
13,2016-02-14,优,31,42,18,29,4,22,1.1,35
14,2016-02-15,优,27,20,15,24,5,13,0.69,53
15,2016-02-16,优,42,92,28,38,13,21,0.74,54
16,2016-02-17,优,46,47,31,45,9,35,0.65,41
17,2016-02-18,良,72,175,52,72,12,56,0.86,18
18,2016-02-19,良,81,156,58,76,6,56,1.03,11
19,2016-02-20,良,64,142,42,68,10,43,0.77,62
20,2016-02-21,良,79,142,56,96,13,57,0.89,43
21,2016-02-22,良,54,69,36,57,11,45,1.07,19
22,2016-02-23,优,21,8,10,19,6,29,0.86,32
23,2016-02-24,优,24,12,12,18,6,25,0.77,40
24,2016-02-25,优,45,52,30,41,6,36,0.76,27
25,2016-02-26,优,43,53,27,41,6,44,0.82,16
26,2016-02-27,优,38,32,23,38,9,43,0.9,30
27,2016-02-28,良,62,125,40,69,12,65,1.12,26
28,2016-02-29,良,84,228,55,102,15,61,1.18,45
0,2016-01-01,良,86,109,63,90,12,54,1.18,32
1,2016-01-02,良,100,127,74,121,15,74,1.66,24
2,2016-01-03,中度污染,153,227,115,151,18,89,1.65,21
3,2016-01-04,良,94,166,69,100,14,70,1.47,13
4,2016-01-05,优,45,55,26,46,9,55,1.27,9
5,2016-01-06,优,33,29,19,32,6,35,1.06,29
6,2016-01-07,优,41,54,27,42,4,44,1.16,46
7,2016-01-08,良,53,93,35,55,9,46,1.13,34
8,2016-01-09,良,66,118,46,69,15,56,1.22,30
9,2016-01-10,良,68,138,46,74,14,62,1.22,17
10,2016-01-11,优,24,11,10,20,8,39,1.2,16
11,2016-01-12,优,35,43,20,34,7,36,1.15,20
12,2016-01-13,优,44,48,28,44,7,38,0.95,33
13,2016-01-14,良,60,96,41,59,9,48,1.0,14
14,2016-01-15,优,36,37,23,34,4,40,1.09,7
15,2016-01-16,优,43,46,30,46,7,41,1.18,6
16,2016-01-17,优,32,21,17,31,6,35,1.26,21
17,2016-01-18,优,40,53,25,41,6,42,0.98,40
18,2016-01-19,良,57,82,38,61,9,46,0.93,25
19,2016-01-20,良,70,140,50,70,6,49,1.01,10
20,2016-01-21,优,28,22,15,27,3,36,1.15,8
21,2016-01-22,优,23,27,12,22,2,28,1.03,10
22,2016-01-23,优,27,23,17,25,4,20,0.68,35
23,2016-01-24,良,51,129,28,48,6,18,0.56,62
24,2016-01-25,良,52,89,22,53,13,27,0.61,64
25,2016-01-26,良,53,70,28,55,8,52,0.61,25
26,2016-01-27,优,47,64,32,40,4,53,0.95,10
27,2016-01-28,优,41,57,25,38,5,58,1.36,5
28,2016-01-29,优,31,26,16,27,4,50,1.05,12
29,2016-01-30,优,31,14,18,30,5,35,0.9,20
30,2016-01-31,优,32,20,20,30,4,37,0.92,15
0,2015-12-01,良,79,174,57,87,18,63,1.36,28
1,2015-12-02,良,77,189,56,87,16,66,1.27,38
2,2015-12-03,优,24,11,14,22,3,31,1.06,19
3,2015-12-04,优,27,23,17,25,4,30,0.98,15
4,2015-12-05,优,46,121,27,49,7,38,0.78,11
5,2015-12-06,优,18,6,8,17,6,25,0.59,32
6,2015-12-07,优,31,23,17,29,6,34,0.65,25
7,2015-12-08,优,39,40,24,39,9,40,0.78,12
8,2015-12-09,优,26,23,16,23,5,40,0.98,5
9,2015-12-10,优,31,24,18,29,10,40,0.97,14
10,2015-12-11,优,34,36,22,33,8,37,0.86,19
11,2015-12-12,良,64,136,45,74,13,51,1.14,11
12,2015-12-13,良,91,212,67,112,18,68,1.43,18
13,2015-12-14,优,30,18,15,29,8,35,1.32,15
14,2015-12-15,优,41,75,28,39,9,29,0.87,37
15,2015-12-16,良,73,289,52,72,16,27,0.89,58
16,2015-12-17,优,46,79,18,46,14,26,0.47,64
17,2015-12-18,良,53,83,30,57,14,45,0.65,49
18,2015-12-19,良,65,119,44,75,18,64,0.75,39
19,2015-12-20,轻度污染,105,195,78,125,20,91,1.17,22
20,2015-12-21,轻度污染,115,173,86,121,18,71,1.23,13
21,2015-12-22,中度污染,163,227,124,160,20,91,1.85,5
22,2015-12-23,中度污染,156,214,118,161,16,98,1.92,10
23,2015-12-24,良,65,120,44,75,13,62,1.3,9
24,2015-12-25,优,30,25,16,29,8,33,1.28,30
25,2015-12-26,优,35,19,23,32,5,38,1.19,22
26,2015-12-27,优,30,21,17,28,6,42,1.23,11
27,2015-12-28,优,42,41,28,41,7,35,1.09,43
28,2015-12-29,良,69,97,50,64,8,42,1.12,17
29,2015-12-30,良,58,78,40,54,5,39,1.16,19
30,2015-12-31,良,69,93,49,71,8,40,1.01,36
0,2015-11-01,优,22,13,9,21,4,23,0.97,28
1,2015-11-02,优,47,73,27,50,14,42,0.85,50
2,2015-11-03,良,62,89,40,70,12,50,0.89,45
3,2015-11-04,良,74,133,51,89,14,58,1.05,37
4,2015-11-05,良,86,222,63,110,18,65,1.17,52
5,2015-11-06,良,62,231,38,71,15,59,0.94,25
6,2015-11-07,良,69,269,44,86,14,54,0.89,57
7,2015-11-08,良,62,188,34,72,16,46,0.88,26
8,2015-11-09,良,52,102,29,58,12,39,0.98,14
9,2015-11-10,优,42,56,24,42,10,32,1.04,22
10,2015-11-11,良,68,183,46,81,14,48,1.14,29
11,2015-11-12,良,70,186,48,86,11,46,1.25,11
12,2015-11-13,优,28,34,15,26,5,29,1.17,4
13,2015-11-14,优,39,60,19,40,8,41,1.07,18
14,2015-11-15,良,61,145,38,69,13,46,0.86,29
15,2015-11-16,良,52,124,26,55,15,46,0.73,24
16,2015-11-17,良,55,152,28,61,15,47,0.78,17
17,2015-11-18,良,64,259,38,77,11,70,0.88,33
18,2015-11-19,良,82,301,60,96,12,69,1.05,29
19,2015-11-20,良,75,240,54,87,20,64,1.09,46
20,2015-11-21,良,71,248,50,74,13,49,1.09,18
21,2015-11-22,优,50,191,32,49,8,35,1.09,41
22,2015-11-23,优,39,110,24,37,8,32,0.91,43
23,2015-11-24,良,52,240,35,56,10,50,1.02,45
24,2015-11-25,优,45,122,20,47,13,38,1.16,15
25,2015-11-26,优,32,32,15,31,9,26,0.87,55
26,2015-11-27,优,41,37,25,41,10,35,0.74,56
27,2015-11-28,良,67,132,46,71,18,62,1.03,22
28,2015-11-29,良,94,197,70,104,28,63,1.29,23
29,2015-11-30,良,61,104,41,64,19,46,1.26,40
0,2015-10-01,良,80,300,57,82,12,34,0.97,64
1,2015-10-02,优,48,82,32,47,5,22,0.8,67
2,2015-10-03,优,50,103,31,51,6,25,0.87,44
3,2015-10-04,优,22,7,14,20,2,20,0.73,21
4,2015-10-05,优,27,20,16,26,7,30,0.82,15
5,2015-10-06,优,48,117,30,48,8,48,0.99,17
6,2015-10-07,优,44,126,25,43,6,38,1.12,25
7,2015-10-08,优,47,167,27,47,10,32,1.05,42
8,2015-10-09,优,45,101,27,44,7,30,0.92,58
9,2015-10-10,优,37,96,20,36,3,26,0.71,45
10,2015-10-11,优,33,45,13,27,3,33,0.62,45
11,2015-10-12,良,61,164,36,71,10,57,0.85,36
12,2015-10-13,良,72,163,47,89,12,72,0.9,61
13,2015-10-14,轻度污染,125,283,86,145,20,98,1.24,83
14,2015-10-15,轻度污染,123,269,88,134,17,77,1.13,78
15,2015-10-16,良,88,159,62,105,14,75,0.93,62
16,2015-10-17,良,73,112,49,91,13,66,0.89,70
17,2015-10-18,良,79,200,54,99,14,54,0.85,82
18,2015-10-19,良,82,183,59,101,18,54,0.9,86
19,2015-10-20,良,76,140,52,92,16,54,0.84,73
20,2015-10-21,良,67,121,45,80,13,46,0.81,62
21,2015-10-22,良,70,146,48,86,11,49,0.85,56
22,2015-10-23,良,74,143,50,93,10,56,0.81,58
23,2015-10-24,良,78,185,54,100,12,59,0.83,63
24,2015-10-25,良,72,200,50,89,14,48,0.89,44
25,2015-10-26,良,65,168,43,77,15,46,0.79,51
26,2015-10-27,良,66,233,44,77,17,58,0.95,22
27,2015-10-28,良,78,239,57,89,15,58,1.02,36
28,2015-10-29,良,62,212,41,70,11,40,0.85,58
29,2015-10-30,良,67,253,47,78,13,46,0.94,37
30,2015-10-31,优,40,91,21,39,6,28,1.18,29
0,2015-09-01,优,45,110,29,43,10,39,0.92,18
1,2015-09-02,优,32,60,19,31,8,33,0.75,22
2,2015-09-03,优,45,126,28,45,13,41,0.96,15
3,2015-09-04,良,54,211,30,49,12,32,0.81,53
4,2015-09-05,良,53,239,27,46,11,31,0.67,61
5,2015-09-06,优,47,166,25,46,10,33,0.66,60
6,2015-09-07,优,47,123,30,47,11,43,0.83,32
7,2015-09-08,良,76,289,40,65,11,47,0.9,87
8,2015-09-09,良,88,333,54,86,13,54,0.95,123
9,2015-09-10,良,88,329,58,92,16,60,0.92,102
10,2015-09-11,良,84,325,51,82,15,49,0.88,89
11,2015-09-12,良,74,328,52,75,9,42,0.86,74
12,2015-09-13,良,79,334,57,73,5,26,0.87,78
13,2015-09-14,良,62,178,43,64,5,34,0.89,61
14,2015-09-15,良,60,169,41,65,9,40,0.94,55
15,2015-09-16,良,65,197,45,73,9,45,0.86,42
16,2015-09-17,良,69,205,47,76,11,47,0.94,74
17,2015-09-18,良,81,256,54,81,13,46,0.89,89
18,2015-09-19,良,71,237,50,70,15,37,0.93,43
19,2015-09-20,优,44,94,23,44,5,44,0.87,37
20,2015-09-21,优,41,84,27,37,8,45,1.04,13
21,2015-09-22,良,57,188,37,52,10,41,0.96,45
22,2015-09-23,良,62,252,32,56,11,42,0.89,64
23,2015-09-24,良,55,203,31,55,9,40,0.82,54
24,2015-09-25,良,62,245,40,67,12,45,0.89,61
25,2015-09-26,良,58,190,39,56,10,39,0.96,54
26,2015-09-27,优,47,105,32,42,6,21,0.91,67
27,2015-09-28,良,64,245,44,65,9,31,0.83,79
28,2015-09-29,良,68,283,47,80,15,41,0.89,79
29,2015-09-30,良,86,327,63,100,13,51,0.94,72
0,2015-08-01,良,53,180,23,41,11,27,0.63,63
1,2015-08-02,优,43,87,17,34,10,23,0.62,56
2,2015-08-03,良,52,174,25,46,15,30,0.67,60
3,2015-08-04,良,75,330,32,55,17,30,0.78,89
4,2015-08-05,良,93,330,46,75,15,38,0.84,109
5,2015-08-06,轻度污染,101,361,45,72,12,36,0.86,117
6,2015-08-07,良,75,305,44,65,10,38,0.83,103
7,2015-08-08,良,68,288,47,68,12,35,0.86,78
8,2015-08-09,良,61,268,40,62,13,35,0.8,66
9,2015-08-10,良,55,249,36,52,13,35,0.94,65
10,2015-08-11,良,55,218,38,53,10,44,0.97,19
11,2015-08-12,良,71,267,37,62,12,34,0.89,76
12,2015-08-13,优,45,83,26,44,8,36,0.79,39
13,2015-08-14,优,46,110,27,47,10,43,0.89,24
14,2015-08-15,优,48,142,29,49,13,47,0.93,19
15,2015-08-16,良,65,205,36,65,14,41,0.98,50
16,2015-08-17,优,48,124,26,48,12,33,0.77,36
17,2015-08-18,良,55,143,27,50,14,30,0.8,62
18,2015-08-19,良,64,250,30,50,11,29,0.7,81
19,2015-08-20,良,64,288,42,66,13,42,0.96,31
20,2015-08-21,良,57,176,35,50,12,28,0.84,66
21,2015-08-22,良,59,170,38,53,11,28,0.89,73
22,2015-08-23,良,71,254,46,68,14,33,0.89,86
23,2015-08-24,良,83,324,53,78,14,35,0.92,102
24,2015-08-25,良,75,272,47,73,9,39,0.83,102
25,2015-08-26,良,94,309,63,93,17,40,0.97,96
26,2015-08-27,良,85,287,52,72,15,42,0.9,79
27,2015-08-28,良,59,165,40,55,7,43,0.93,63
28,2015-08-29,良,59,174,41,59,11,48,0.98,37
29,2015-08-30,优,44,94,28,37,6,37,0.92,45
30,2015-08-31,优,43,89,28,40,11,40,0.87,24
0,2015-07-01,优,47,141,24,45,9,25,0.7,68
1,2015-07-02,优,47,128,24,44,9,24,0.7,60
2,2015-07-03,良,59,211,27,51,10,26,0.75,79
3,2015-07-04,优,50,142,25,44,8,25,0.71,68
4,2015-07-05,优,47,131,31,44,8,38,0.86,45
5,2015-07-06,优,36,43,23,30,7,25,0.87,54
6,2015-07-07,优,40,44,23,33,11,24,0.78,67
7,2015-07-08,优,37,26,22,32,8,22,0.7,72
8,2015-07-09,优,37,39,22,35,9,23,0.78,53
9,2015-07-10,优,30,22,15,29,4,26,0.7,43
10,2015-07-11,良,55,174,35,54,10,39,0.84,55
11,2015-07-12,良,73,233,45,63,10,39,0.8,80
12,2015-07-13,轻度污染,115,337,71,100,17,41,1.02,133
13,2015-07-14,良,83,225,35,56,12,34,0.75,97
14,2015-07-15,良,67,209,27,43,9,30,0.8,74
15,2015-07-16,良,68,252,36,52,6,43,0.88,89
16,2015-07-17,良,60,225,41,60,7,48,0.98,69
17,2015-07-18,优,46,92,28,44,5,48,0.91,63
18,2015-07-19,良,54,149,35,52,6,33,1.02,50
19,2015-07-20,优,47,86,31,47,6,32,0.82,34
20,2015-07-21,优,27,35,15,25,5,34,0.82,21
21,2015-07-22,优,42,100,23,42,10,31,0.81,31
22,2015-07-23,优,42,129,21,41,8,29,0.83,25
23,2015-07-24,优,32,51,18,32,8,31,0.81,23
24,2015-07-25,优,43,105,20,42,10,30,0.82,31
25,2015-07-26,优,39,68,18,38,7,23,0.72,36
26,2015-07-27,优,40,65,20,39,11,29,0.79,29
27,2015-07-28,优,39,72,19,35,8,26,0.74,40
28,2015-07-29,优,40,84,21,39,9,30,0.74,24
29,2015-07-30,优,40,96,21,40,10,29,0.74,25
30,2015-07-31,优,42,116,18,38,12,28,0.74,43
0,2015-06-01,优,44,64,25,43,10,48,0.91,19
1,2015-06-02,优,34,28,18,33,9,33,0.58,31
2,2015-06-03,优,37,51,17,34,10,29,0.6,38
3,2015-06-04,优,41,79,21,37,11,35,0.61,36
4,2015-06-05,优,41,63,23,38,10,42,0.75,28
5,2015-06-06,良,59,145,34,48,10,58,0.9,29
6,2015-06-07,优,33,37,16,31,9,29,0.84,29
7,2015-06-08,优,33,43,17,31,10,27,1.08,35
8,2015-06-09,优,36,40,18,34,13,26,0.7,40
9,2015-06-10,优,36,34,20,35,10,34,0.72,32
10,2015-06-11,优,39,55,21,35,10,35,0.78,35
11,2015-06-12,优,49,97,27,45,10,48,0.91,39
12,2015-06-13,优,47,119,26,46,13,38,0.91,33
13,2015-06-14,优,32,40,17,31,10,27,0.7,25
14,2015-06-15,优,35,47,17,31,12,31,0.75,44
15,2015-06-16,优,43,87,23,40,13,32,0.75,40
16,2015-06-17,优,40,82,19,35,12,25,0.68,43
17,2015-06-18,优,47,127,21,40,10,28,0.67,54
18,2015-06-19,优,40,70,17,33,11,23,0.66,58
19,2015-06-20,优,40,57,18,34,14,25,0.68,38
20,2015-06-21,优,35,47,17,31,10,25,0.65,43
21,2015-06-22,优,26,19,15,24,8,26,0.65,34
22,2015-06-23,优,24,14,13,22,9,26,0.73,35
23,2015-06-24,优,29,41,16,27,7,32,0.71,26
24,2015-06-25,优,42,154,21,40,8,29,0.73,46
25,2015-06-26,优,46,141,20,39,8,26,0.67,58
26,2015-06-27,优,42,134,18,37,8,21,0.7,57
27,2015-06-28,优,44,137,20,38,10,21,0.66,62
28,2015-06-29,优,49,180,21,39,12,22,0.69,72
29,2015-06-30,良,52,208,26,45,8,22,0.71,79
0,2015-05-01,优,30,13,16,29,8,26,0.77,26
1,2015-05-02,优,29,11,15,28,8,25,0.81,26
2,2015-05-03,优,47,49,26,43,11,35,0.93,47
3,2015-05-04,优,50,67,30,44,10,35,0.96,55
4,2015-05-05,优,36,25,22,31,8,36,0.98,39
5,2015-05-06,优,40,28,24,37,9,36,0.94,24
6,2015-05-07,优,31,14,19,26,7,40,0.86,40
7,2015-05-08,优,37,35,18,36,12,34,0.84,12
8,2015-05-09,优,41,46,25,38,12,41,0.92,15
9,2015-05-10,优,45,59,27,43,17,44,0.97,40
10,2015-05-11,优,39,41,22,37,12,41,0.81,31
11,2015-05-12,优,42,48,16,39,10,39,0.68,73
12,2015-05-13,良,61,116,37,72,21,66,0.9,46
13,2015-05-14,优,40,35,22,38,13,33,0.63,29
14,2015-05-15,优,32,24,16,31,12,27,0.53,26
15,2015-05-16,优,34,33,20,29,10,50,0.77,36
16,2015-05-17,优,43,60,29,39,13,51,0.92,16
17,2015-05-18,优,38,40,21,36,14,39,0.79,28
18,2015-05-19,优,41,63,21,40,13,34,0.67,33
19,2015-05-20,优,35,37,21,32,12,40,0.75,19
20,2015-05-21,优,35,30,23,30,11,46,0.75,21
21,2015-05-22,优,49,88,34,45,12,46,0.88,28
22,2015-05-23,优,46,84,30,44,12,50,0.97,13
23,2015-05-24,良,67,166,48,60,16,75,1.37,14
24,2015-05-25,轻度污染,106,259,70,87,17,66,1.31,62
25,2015-05-26,优,45,49,27,45,12,47,0.82,26
26,2015-05-27,优,46,58,26,46,10,38,0.67,38
27,2015-05-28,优,46,57,24,45,9,32,0.66,52
28,2015-05-29,优,49,91,26,46,9,29,0.61,61
29,2015-05-30,优,46,86,24,41,8,37,0.73,52
30,2015-05-31,优,46,66,29,41,11,53,0.88,20
0,2015-04-01,优,42,51,24,41,7,37,0.73,15
1,2015-04-02,优,39,54,20,38,7,30,0.77,25
2,2015-04-03,优,40,40,19,39,7,33,0.76,15
3,2015-04-04,优,34,14,16,33,7,26,0.73,28
4,2015-04-05,优,38,39,24,36,10,27,0.75,53
5,2015-04-06,良,56,180,33,55,15,42,0.87,65
6,2015-04-07,良,67,272,45,72,18,39,1.26,41
7,2015-04-08,优,22,5,12,20,4,28,1.09,27
8,2015-04-09,优,35,23,23,33,4,32,1.04,16
9,2015-04-10,优,23,11,12,22,4,32,1.09,13
10,2015-04-11,优,35,29,24,28,5,38,1.1,15
11,2015-04-12,良,58,95,40,59,14,42,1.43,44
12,2015-04-13,良,87,320,60,99,15,60,1.46,66
13,2015-04-14,良,68,133,31,66,12,44,0.77,107
14,2015-04-15,良,98,240,50,93,24,61,0.93,110
15,2015-04-16,良,100,213,55,95,22,62,1.03,122
16,2015-04-17,良,76,101,43,70,17,51,1.01,67
17,2015-04-18,良,54,58,31,58,15,41,0.94,19
18,2015-04-19,良,57,143,36,62,11,39,0.9,42
19,2015-04-20,优,42,48,26,42,10,39,1.09,25
20,2015-04-21,优,36,16,22,32,9,31,1.22,56
21,2015-04-22,良,53,63,34,50,10,38,1.03,67
22,2015-04-23,良,72,161,52,75,16,57,1.12,51
23,2015-04-24,良,72,156,52,77,19,64,1.24,39
24,2015-04-25,轻度污染,122,309,92,117,27,77,1.48,45
25,2015-04-26,良,90,215,66,77,17,59,1.22,40
26,2015-04-27,良,93,262,59,83,20,58,1.17,77
27,2015-04-28,良,68,160,40,63,16,44,1.04,63
28,2015-04-29,良,75,188,48,75,17,56,1.06,63
29,2015-04-30,良,69,114,42,62,11,49,1.04,65
0,2015-03-01,优,18,3,9,17,3,23,0.93,30
1,2015-03-02,优,45,49,31,45,9,48,1.02,20
2,2015-03-03,优,46,56,30,40,7,48,1.13,13
3,2015-03-04,优,21,4,11,17,5,30,0.94,19
4,2015-03-05,优,26,13,15,24,3,33,1.11,5
5,2015-03-06,优,18,7,10,16,2,27,0.9,7
6,2015-03-07,优,37,32,24,39,4,36,1.01,6
7,2015-03-08,良,91,249,67,111,15,63,1.55,12
8,2015-03-09,良,90,267,66,92,15,59,1.6,8
9,2015-03-10,优,41,35,27,36,5,33,0.88,16
10,2015-03-11,优,34,27,22,31,4,33,0.92,8
11,2015-03-12,优,26,10,15,25,5,37,0.95,9
12,2015-03-13,优,48,66,32,47,14,48,1.11,7
13,2015-03-14,良,76,136,55,82,18,73,1.4,12
14,2015-03-15,良,67,86,47,68,15,62,1.29,10
15,2015-03-16,良,54,61,37,53,15,54,0.96,11
16,2015-03-17,优,43,30,28,42,10,44,0.73,14
17,2015-03-18,优,48,83,30,46,10,46,0.72,15
18,2015-03-19,良,55,82,35,54,11,47,0.8,24
19,2015-03-20,良,51,77,32,51,9,42,0.69,38
20,2015-03-21,良,69,140,48,73,13,52,1.25,24
21,2015-03-22,良,82,171,60,79,15,54,1.45,27
22,2015-03-23,良,59,100,40,63,12,52,0.99,48
23,2015-03-24,优,29,7,17,27,6,33,0.99,37
24,2015-03-25,优,48,63,31,47,8,41,0.92,32
25,2015-03-26,优,37,19,23,33,4,40,0.88,17
26,2015-03-27,优,44,43,27,45,8,48,1.03,18
27,2015-03-28,良,61,88,42,63,12,51,1.03,44
28,2015-03-29,良,68,106,47,65,14,52,1.01,63
29,2015-03-30,良,53,70,32,54,11,45,0.85,45
30,2015-03-31,优,44,47,25,42,8,38,0.77,26
0,2015-02-01,良,59,106,41,58,11,40,1.02,30
1,2015-02-02,良,74,109,53,79,13,61,1.15,34
2,2015-02-03,轻度污染,107,187,80,106,22,80,1.36,27
3,2015-02-04,良,68,115,49,62,11,41,1.33,12
4,2015-02-05,良,58,88,41,52,9,25,1.07,39
5,2015-02-06,轻度污染,117,269,87,110,25,50,1.13,47
6,2015-02-07,轻度污染,129,270,97,128,25,69,1.39,21
7,2015-02-08,良,88,241,65,86,18,40,0.99,66
8,2015-02-09,良,96,239,71,94,21,58,1.06,71
9,2015-02-10,轻度污染,125,253,94,125,23,78,1.21,60
10,2015-02-11,轻度污染,146,272,110,141,26,87,1.44,31
11,2015-02-12,轻度污染,149,260,112,140,15,73,1.36,53
12,2015-02-13,良,95,189,70,98,15,95,1.37,47
13,2015-02-14,良,85,98,63,91,18,88,1.19,43
14,2015-02-15,轻度污染,103,190,76,97,5,60,1.34,20
15,2015-02-16,良,65,61,46,65,2,44,1.27,22
16,2015-02-17,良,55,56,38,52,4,39,1.03,32
17,2015-02-18,良,68,99,48,71,6,37,0.99,60
18,2015-02-19,良,84,129,61,94,11,27,0.97,70
19,2015-02-20,良,52,120,34,51,4,21,0.78,71
20,2015-02-21,优,50,114,33,48,4,29,0.78,41
21,2015-02-22,优,43,56,29,40,4,32,0.8,24
22,2015-02-23,优,29,18,17,28,3,34,0.82,18
23,2015-02-24,优,36,35,23,34,4,32,0.93,19
24,2015-02-25,优,34,31,22,32,3,28,0.9,25
25,2015-02-26,优,37,49,23,35,7,33,0.82,23
26,2015-02-27,优,32,49,18,31,5,34,0.79,26
27,2015-02-28,优,36,99,22,35,7,37,0.77,38
0,2015-01-01,良,71,143,48,86,20,43,1.01,71
1,2015-01-02,良,76,225,52,96,19,61,1.25,49
2,2015-01-03,轻度污染,134,225,101,153,29,96,1.66,40
3,2015-01-04,良,92,73,67,107,23,84,1.46,45
4,2015-01-05,良,82,84,59,88,28,78,1.43,10
5,2015-01-06,轻度污染,111,286,83,114,21,84,1.61,17
6,2015-01-07,良,61,94,43,60,16,35,1.84,14
7,2015-01-08,良,62,73,44,61,18,33,1.43,59
8,2015-01-09,良,77,96,56,73,22,50,1.26,50
9,2015-01-10,良,79,94,57,79,23,54,1.25,45
10,2015-01-11,良,75,103,54,67,14,45,1.18,26
11,2015-01-12,优,48,58,32,43,4,39,1.24,22
12,2015-01-13,优,24,9,12,22,5,36,1.18,24
13,2015-01-14,优,37,32,22,36,9,37,0.96,33
14,2015-01-15,良,61,76,43,62,9,54,0.92,39
15,2015-01-16,良,84,133,61,98,17,70,1.28,29
16,2015-01-17,良,68,72,48,67,14,54,0.88,49
17,2015-01-18,良,100,165,74,101,22,57,1.12,54
18,2015-01-19,良,89,156,65,94,19,60,1.13,63
19,2015-01-20,中度污染,175,334,133,180,37,145,2.07,37
20,2015-01-21,中度污染,163,326,123,157,33,120,1.87,42
21,2015-01-22,良,80,100,58,83,19,75,1.22,50
22,2015-01-23,良,87,79,64,96,30,90,1.09,39
23,2015-01-24,良,99,120,73,102,28,90,1.12,38
24,2015-01-25,良,93,111,68,91,22,70,1.15,28
25,2015-01-26,良,92,112,68,87,21,68,1.23,21
26,2015-01-27,良,88,212,64,82,22,68,1.11,20
27,2015-01-28,良,69,247,49,68,14,55,1.05,37
28,2015-01-29,良,72,231,51,82,18,67,1.03,45
29,2015-01-30,良,51,96,32,52,12,39,1.16,14
30,2015-01-31,良,51,78,35,51,12,37,0.97,17
0,2014-12-01,优,32,12,19,28,8,24,1.39,29
1,2014-12-02,良,83,147,61,68,14,21,1.23,51
2,2014-12-03,良,73,102,53,69,7,44,1.5,9
3,2014-12-04,优,22,6,9,14,4,22,0.75,43
4,2014-12-05,优,40,23,24,40,14,35,0.62,45
5,2014-12-06,良,57,25,38,59,21,52,0.77,31
6,2014-12-07,良,62,32,44,51,11,41,0.87,18
7,2014-12-08,良,53,21,37,50,12,37,0.86,33
8,2014-12-09,良,76,71,55,78,22,48,1.18,40
9,2014-12-10,良,91,96,67,86,28,41,1.15,51
10,2014-12-11,良,83,96,60,67,20,23,1.18,37
11,2014-12-12,良,62,53,40,71,19,20,0.94,54
12,2014-12-13,良,69,44,47,84,25,31,0.91,51
13,2014-12-14,良,79,42,56,94,21,48,1.16,41
14,2014-12-15,轻度污染,108,77,81,126,33,65,1.5,22
15,2014-12-16,良,75,100,53,80,31,26,0.97,62
16,2014-12-17,良,58,36,35,56,22,25,0.82,57
17,2014-12-18,良,63,24,40,70,20,50,0.91,40
18,2014-12-19,良,89,79,65,93,25,55,1.22,12
19,2014-12-20,良,76,91,53,80,17,44,1.32,36
20,2014-12-21,良,76,84,54,84,24,41,1.28,46
21,2014-12-22,良,83,66,61,90,25,38,1.21,63
22,2014-12-23,良,94,47,69,107,24,59,1.36,20
23,2014-12-24,轻度污染,101,68,75,111,17,54,1.63,21
24,2014-12-25,轻度污染,144,158,108,147,29,55,2.05,25
25,2014-12-26,轻度污染,112,113,84,110,16,43,1.21,38
26,2014-12-27,良,82,67,60,75,5,33,1.48,19
27,2014-12-28,良,55,23,38,51,8,27,1.49,26
28,2014-12-29,良,81,42,59,92,14,42,1.42,36
29,2014-12-30,轻度污染,107,86,78,140,18,58,1.95,25
30,2014-12-31,轻度污染,149,481,112,197,22,64,2.34,16
0,2014-11-01,轻度污染,107,140,78,106,32,69,0.99,70
1,2014-11-02,良,70,117,49,63,13,34,1.06,43
2,2014-11-03,良,62,73,43,60,20,38,0.96,61
3,2014-11-04,良,85,86,62,91,29,63,1.15,38
4,2014-11-05,良,100,104,74,111,25,72,1.32,36
5,2014-11-06,良,62,40,44,46,9,40,1.22,19
6,2014-11-07,良,52,41,36,43,4,32,1.03,16
7,2014-11-08,优,19,1,10,15,3,29,0.99,19
8,2014-11-09,优,39,27,26,35,7,33,1.09,28
9,2014-11-10,优,33,10,20,29,6,35,1.12,14
10,2014-11-11,优,36,12,22,33,7,32,1.15,9
11,2014-11-12,优,25,4,15,23,7,28,1.06,15
12,2014-11-13,良,69,89,49,62,11,30,0.94,48
13,2014-11-14,良,69,51,49,67,12,39,0.99,47
14,2014-11-15,良,72,46,51,77,13,52,1.14,36
15,2014-11-16,良,76,48,55,74,14,46,1.1,49
16,2014-11-17,良,71,39,51,63,9,23,0.84,71
17,2014-11-18,良,76,37,55,65,11,26,0.81,70
18,2014-11-19,良,86,59,63,85,22,52,1.01,63
19,2014-11-20,良,96,71,71,99,22,73,1.24,46
20,2014-11-21,良,96,60,70,102,19,74,1.3,48
21,2014-11-22,良,99,66,69,96,20,66,1.21,72
22,2014-11-23,良,78,67,49,66,19,54,0.93,56
23,2014-11-24,良,61,76,42,62,21,63,1.01,35
24,2014-11-25,良,72,95,51,70,22,56,1.09,31
25,2014-11-26,良,96,122,71,90,22,50,1.51,38
26,2014-11-27,良,82,113,56,75,21,52,1.0,63
27,2014-11-28,良,80,110,58,76,19,58,1.11,23
28,2014-11-29,良,68,64,47,66,22,58,1.07,14
29,2014-11-30,良,55,60,37,58,15,47,0.96,20
0,2014-10-01,良,74,143,53,72,12,32,1.01,61
1,2014-10-02,良,80,129,57,80,12,33,1.04,83
2,2014-10-03,良,62,64,43,61,7,28,0.96,60
3,2014-10-04,良,69,112,48,72,13,35,1.01,57
4,2014-10-05,良,78,130,47,74,15,31,0.86,110
5,2014-10-06,良,72,89,41,73,15,29,0.79,117
6,2014-10-07,良,83,86,54,86,16,40,0.91,109
7,2014-10-08,良,91,98,64,93,16,50,1.0,92
8,2014-10-09,良,79,80,52,78,15,46,0.9,92
9,2014-10-10,良,67,50,44,67,13,37,0.78,87
10,2014-10-11,良,67,53,43,68,15,43,0.74,79
11,2014-10-12,良,67,111,43,65,12,35,0.7,85
12,2014-10-13,良,66,102,44,67,11,30,0.71,101
13,2014-10-14,轻度污染,125,167,94,123,15,39,1.05,128
14,2014-10-15,轻度污染,118,105,88,114,13,52,1.09,102
15,2014-10-16,轻度污染,118,135,86,124,20,67,1.21,70
16,2014-10-17,轻度污染,107,111,74,109,22,64,1.11,109
17,2014-10-18,轻度污染,109,101,73,106,21,62,1.0,104
18,2014-10-19,轻度污染,105,130,63,91,15,51,0.91,102
19,2014-10-20,良,85,85,58,90,23,69,1.04,41
20,2014-10-21,良,73,75,52,83,28,54,0.93,56
21,2014-10-22,良,51,14,31,46,11,29,0.93,71
22,2014-10-23,良,53,6,36,54,10,48,0.98,51
23,2014-10-24,良,89,80,65,94,20,70,1.24,45
24,2014-10-25,轻度污染,119,148,90,120,25,73,1.32,59
25,2014-10-26,轻度污染,118,141,88,116,26,78,1.21,52
26,2014-10-27,良,100,128,71,100,15,60,1.07,64
27,2014-10-28,良,87,128,49,76,17,54,0.76,97
28,2014-10-29,良,81,126,44,69,18,45,0.71,86
29,2014-10-30,良,68,93,41,64,18,52,0.74,60
30,2014-10-31,良,88,126,64,89,24,68,0.85,68
0,2014-09-01,优,45,52,24,43,16,31,0.83,37
1,2014-09-02,良,70,160,44,66,19,39,0.91,69
2,2014-09-03,良,64,162,32,55,17,30,0.75,65
3,2014-09-04,优,49,33,25,44,16,28,0.75,53
4,2014-09-05,良,73,83,52,76,19,60,1.04,35
5,2014-09-06,良,69,61,42,63,12,43,0.93,64
6,2014-09-07,良,58,58,38,58,14,37,0.82,52
7,2014-09-08,优,29,13,17,28,12,23,0.75,24
8,2014-09-09,优,43,39,27,40,11,32,0.88,41
9,2014-09-10,良,64,91,33,52,13,36,0.81,73
10,2014-09-11,良,62,106,34,56,19,41,0.82,58
11,2014-09-12,优,38,40,20,37,14,29,0.76,21
12,2014-09-13,优,39,52,23,38,13,30,0.83,24
13,2014-09-14,优,42,46,24,42,14,25,0.78,45
14,2014-09-15,良,53,118,35,52,10,26,0.83,45
15,2014-09-16,优,24,18,10,22,7,15,0.7,26
16,2014-09-17,优,36,49,18,35,13,21,0.75,27
17,2014-09-18,良,64,129,36,64,16,39,0.94,66
18,2014-09-19,轻度污染,102,174,70,104,31,56,1.15,47
19,2014-09-20,优,39,21,23,34,12,19,0.98,59
20,2014-09-21,优,47,40,30,48,13,31,0.83,72
21,2014-09-22,良,55,70,33,49,9,27,0.75,81
22,2014-09-23,良,61,104,38,60,10,30,0.7,82
23,2014-09-24,良,67,126,46,70,12,38,0.81,65
24,2014-09-25,良,81,106,54,87,18,48,0.94,76
25,2014-09-26,良,99,128,59,83,21,41,0.93,87
26,2014-09-27,良,52,45,30,48,17,34,0.71,65
27,2014-09-28,良,65,98,34,55,19,35,0.75,70
28,2014-09-29,良,72,142,42,67,18,37,0.81,86
29,2014-09-30,良,93,185,66,101,27,47,1.07,69
0,2014-08-01,良,87,156,52,80,19,32,0.77,90
1,2014-08-02,轻度污染,107,166,52,76,21,36,0.81,132
2,2014-08-03,轻度污染,113,171,61,77,16,40,0.95,122
3,2014-08-04,良,73,97,47,64,14,38,0.88,79
4,2014-08-05,良,63,107,40,58,16,41,0.79,66
5,2014-08-06,良,53,74,34,51,10,39,0.8,51
6,2014-08-07,良,56,83,38,57,16,44,0.94,41
7,2014-08-09,优,43,49,23,41,15,29,0.72,55
8,2014-08-10,优,45,32,24,42,13,24,0.73,54
9,2014-08-11,优,47,44,27,45,15,27,0.77,53
10,2014-08-12,优,44,46,24,42,12,26,0.78,36
11,2014-08-13,优,31,16,19,29,8,30,0.79,18
12,2014-08-14,优,40,43,24,38,12,31,0.82,23
13,2014-08-15,良,52,49,28,45,11,29,0.79,58
14,2014-08-16,优,50,35,31,51,18,35,0.8,41
15,2014-08-17,良,56,78,34,57,22,34,0.76,53
16,2014-08-18,良,51,66,27,48,11,28,0.71,53
17,2014-08-19,优,37,41,22,35,9,27,0.8,25
18,2014-08-20,优,28,21,18,25,8,35,0.87,9
19,2014-08-21,优,49,30,31,45,18,36,0.9,32
20,2014-08-23,良,57,57,35,53,17,39,0.85,49
21,2014-08-24,优,43,36,22,36,15,27,0.64,54
22,2014-08-25,良,60,81,28,47,21,35,0.68,57
23,2014-08-26,良,64,80,27,46,22,37,0.68,48
24,2014-08-27,优,41,31,19,38,15,25,0.61,39
25,2014-08-28,优,34,20,15,33,14,22,0.57,28
26,2014-08-29,良,53,62,25,45,15,30,0.71,47
27,2014-08-30,良,66,120,34,56,21,40,0.74,71
28,2014-08-31,优,45,47,26,43,13,36,0.81,30
0,2014-07-01,优,37,23,19,36,19,30,0.66,25
1,2014-07-02,优,40,24,22,38,20,34,0.73,32
2,2014-07-03,优,45,31,24,43,11,29,0.73,53
3,2014-07-04,优,49,42,22,41,13,25,0.65,52
4,2014-07-05,良,52,65,21,44,11,24,0.65,59
5,2014-07-06,良,54,74,28,52,14,27,0.7,69
6,2014-07-07,良,72,100,51,79,17,55,0.91,69
7,2014-07-08,轻度污染,101,140,67,87,16,55,0.99,69
8,2014-07-09,轻度污染,103,172,55,75,14,50,0.93,117
9,2014-07-10,良,61,74,37,56,13,42,0.77,72
10,2014-07-11,优,34,18,22,33,10,33,0.74,28
11,2014-07-12,优,44,46,24,44,16,32,0.77,23
12,2014-07-13,优,37,29,20,36,12,26,0.66,30
13,2014-07-14,优,39,35,18,36,12,23,0.6,44
14,2014-07-15,优,43,47,20,37,11,26,0.68,63
15,2014-07-16,优,38,44,19,35,14,24,0.66,44
16,2014-07-17,优,50,52,28,50,14,33,0.7,47
17,2014-07-18,优,29,19,15,28,7,20,0.57,25
18,2014-07-19,优,34,28,15,33,10,22,0.56,29
19,2014-07-20,优,45,53,26,44,12,37,0.74,39
20,2014-07-21,良,70,127,48,78,28,54,1.04,37
21,2014-07-22,轻度污染,111,185,70,95,26,50,1.12,87
22,2014-07-23,轻度污染,101,173,67,99,30,42,0.93,86
23,2014-07-24,良,98,168,57,86,18,35,0.83,102
24,2014-07-25,良,72,131,40,55,12,36,0.74,88
25,2014-07-26,优,41,24,24,39,11,32,0.69,40
26,2014-07-27,优,34,15,17,31,11,22,0.65,38
27,2014-07-28,良,54,42,26,43,18,30,0.73,67
28,2014-07-29,良,85,101,40,66,23,42,0.77,91
29,2014-07-30,轻度污染,101,176,60,86,20,41,0.82,111
30,2014-07-31,良,98,162,56,85,24,39,0.83,99
0,2014-06-01,优,38,22,19,33,12,23,0.65,54
1,2014-06-02,优,35,16,19,33,11,22,0.66,48
2,2014-06-03,优,39,16,23,39,14,43,0.84,35
3,2014-06-04,良,71,88,38,59,22,42,0.95,66
4,2014-06-05,优,36,15,18,32,11,27,0.76,46
5,2014-06-06,优,37,18,23,36,18,50,0.94,22
6,2014-06-07,良,71,102,51,72,23,70,1.22,34
7,2014-06-08,良,79,92,56,75,12,40,1.09,85
8,2014-06-09,良,83,134,42,57,14,37,1.0,109
9,2014-06-10,良,56,74,37,57,17,49,0.97,49
10,2014-06-11,良,67,81,47,61,13,52,1.06,30
11,2014-06-12,良,71,62,46,66,12,44,0.98,69
12,2014-06-13,轻度污染,106,118,70,105,19,71,1.15,78
13,2014-06-14,良,99,101,64,98,19,52,0.96,99
14,2014-06-15,良,92,84,64,95,20,46,0.99,81
15,2014-06-16,轻度污染,109,118,71,106,23,37,1.04,99
16,2014-06-17,优,38,19,20,36,13,32,0.75,42
17,2014-06-18,优,48,38,28,47,13,37,0.86,43
18,2014-06-19,优,39,25,20,37,12,31,0.76,32
19,2014-06-20,优,37,35,22,36,9,31,0.8,32
20,2014-06-21,优,36,25,21,34,8,34,0.85,34
21,2014-06-22,优,38,28,25,35,13,37,0.93,22
22,2014-06-23,优,35,24,21,34,14,34,0.89,28
23,2014-06-24,优,36,29,19,35,13,32,0.79,26
24,2014-06-25,优,43,38,25,43,13,38,0.84,21
25,2014-06-26,优,49,52,26,47,13,29,0.78,49
26,2014-06-27,良,58,87,25,44,13,29,0.74,65
27,2014-06-28,良,64,83,28,49,18,32,0.78,65
28,2014-06-29,良,51,48,24,44,16,30,0.73,55
29,2014-06-30,优,32,19,14,30,11,22,0.68,30
0,2014-05-01,优,42,11,28,39,12,36,1.0,27
1,2014-05-02,优,50,20,34,51,14,43,1.14,33
2,2014-05-03,良,78,93,44,68,22,53,1.11,62
3,2014-05-04,良,64,74,44,64,16,45,0.96,53
4,2014-05-05,优,32,13,15,23,6,28,0.85,54
5,2014-05-06,优,45,19,31,40,9,39,0.96,26
6,2014-05-07,优,50,22,35,48,10,51,1.18,21
7,2014-05-08,良,57,37,40,57,15,53,1.3,20
8,2014-05-09,优,39,16,26,37,14,50,1.09,19
9,2014-05-10,优,36,18,23,34,13,39,0.79,34
10,2014-05-11,优,35,15,21,33,11,39,0.84,26
11,2014-05-12,良,65,73,46,63,14,46,1.14,29
12,2014-05-13,良,75,62,52,79,19,45,1.18,34
13,2014-05-14,优,40,19,23,39,13,31,0.76,41
14,2014-05-15,良,52,33,32,52,17,45,0.97,45
15,2014-05-16,良,54,27,35,55,18,46,1.0,19
16,2014-05-17,优,34,15,18,33,11,34,0.67,29
17,2014-05-18,优,42,16,26,41,16,50,0.87,20
18,2014-05-19,优,45,20,29,45,14,52,0.92,27
19,2014-05-20,良,56,37,39,55,18,63,1.06,21
20,2014-05-21,优,45,20,29,43,18,47,0.96,18
21,2014-05-22,优,36,17,18,33,12,41,0.8,25
22,2014-05-23,优,45,33,29,45,14,46,1.0,19
23,2014-05-24,优,44,33,28,43,16,38,0.94,17
24,2014-05-25,优,38,17,21,37,13,26,0.77,38
25,2014-05-26,优,47,25,31,49,16,33,0.83,41
26,2014-05-27,良,88,62,64,97,33,55,1.02,62
27,2014-05-28,良,63,45,41,66,21,42,0.87,56
28,2014-05-29,良,55,28,36,58,22,42,1.01,29
29,2014-05-30,优,47,21,29,46,19,32,0.91,39
30,2014-05-31,优,46,27,24,40,13,26,0.73,55
0,2014-04-01,良,57,32,40,55,9,53,1.32,19
1,2014-04-02,良,52,23,35,47,10,58,1.28,25
2,2014-04-03,优,49,22,33,48,8,61,1.28,37
3,2014-04-04,良,81,94,59,81,14,61,1.02,56
4,2014-04-05,良,96,136,69,96,24,69,0.93,85
5,2014-04-06,良,87,113,64,81,14,64,0.94,42
6,2014-04-07,良,76,70,55,72,16,55,0.93,47
7,2014-04-08,良,85,61,62,86,16,67,1.01,30
8,2014-04-09,轻度污染,106,91,79,104,24,77,1.23,55
9,2014-04-10,良,67,40,48,71,20,58,0.82,50
10,2014-04-11,良,62,34,44,65,21,55,0.82,43
11,2014-04-12,良,62,50,44,69,22,57,0.8,33
12,2014-04-13,良,76,92,55,84,32,49,0.93,60
13,2014-04-14,良,77,65,56,80,19,57,1.02,35
14,2014-04-15,良,58,28,40,62,18,49,0.81,68
15,2014-04-16,良,65,63,46,67,19,51,0.8,46
16,2014-04-17,良,64,55,44,68,24,51,0.81,47
17,2014-04-18,良,60,47,40,61,21,47,0.74,40
18,2014-04-19,良,55,68,37,58,21,45,0.74,35
19,2014-04-20,良,81,123,59,89,28,56,1.03,20
20,2014-04-21,良,53,40,35,53,18,40,0.78,27
21,2014-04-22,良,57,45,39,60,18,46,0.99,19
22,2014-04-23,良,58,31,41,54,15,46,1.11,19
23,2014-04-24,良,74,66,54,76,16,55,0.89,33
24,2014-04-25,良,65,73,46,64,19,48,0.88,23
25,2014-04-26,优,50,56,33,48,14,51,0.93,25
26,2014-04-27,良,52,50,33,52,16,39,1.1,40
27,2014-04-28,良,58,40,37,56,17,33,1.11,75
28,2014-04-29,良,79,71,58,82,22,47,1.11,73
29,2014-04-30,良,54,9,38,48,8,38,0.98,34
0,2014-03-01,良,63,87,45,64,21,62,0.91,37
1,2014-03-02,优,41,17,28,40,29,42,1.42,22
2,2014-03-03,良,64,51,46,62,12,47,1.43,23
3,2014-03-04,良,70,80,51,71,13,53,1.25,23
4,2014-03-05,优,39,12,24,41,13,43,1.09,33
5,2014-03-06,良,85,130,63,87,22,64,1.16,29
6,2014-03-07,优,35,17,23,34,6,38,0.95,20
7,2014-03-08,优,50,37,34,51,10,43,0.96,17
8,2014-03-09,优,29,11,19,27,5,36,0.8,24
9,2014-03-10,优,49,17,34,45,9,41,0.94,25
10,2014-03-11,良,62,22,44,62,13,51,1.09,22
11,2014-03-12,中度污染,167,179,127,179,17,89,2.61,25
12,2014-03-13,良,67,68,46,71,9,48,1.24,40
13,2014-03-14,良,75,50,54,76,10,44,0.91,66
14,2014-03-15,良,87,48,64,88,19,59,0.88,37
15,2014-03-16,轻度污染,121,125,90,133,24,70,1.17,26
16,2014-03-17,中度污染,161,139,122,183,28,88,1.7,31
17,2014-03-18,轻度污染,101,70,75,112,19,72,1.4,39
18,2014-03-19,良,90,84,67,100,18,68,1.2,46
19,2014-03-20,轻度污染,103,171,76,116,20,63,1.37,42
20,2014-03-21,良,68,73,49,67,10,29,0.74,65
21,2014-03-22,良,74,63,54,74,13,49,0.91,50
22,2014-03-23,轻度污染,112,130,84,122,30,80,1.11,77
23,2014-03-25,良,84,53,62,91,26,77,1.02,69
24,2014-03-26,良,90,55,67,92,28,70,1.04,68
25,2014-03-27,良,68,33,49,71,21,60,0.89,39
26,2014-03-28,良,53,24,36,51,15,47,0.79,19
27,2014-03-29,良,61,44,43,57,13,57,0.89,21
28,2014-03-30,良,54,24,37,51,11,54,1.09,25
29,2014-03-31,优,42,15,29,40,7,54,1.01,37
0,2014-02-01,良,71,44,50,57,11,31,0.79,67
1,2014-02-02,良,66,28,47,54,10,39,0.93,57
2,2014-02-03,良,68,81,49,62,8,40,1.03,58
3,2014-02-04,良,73,135,53,65,8,34,1.04,60
4,2014-02-05,优,50,96,35,44,9,24,0.99,68
5,2014-02-06,优,41,72,29,34,11,31,1.05,39
6,2014-02-07,优,45,71,31,39,9,33,1.04,23
7,2014-02-08,优,32,18,22,29,3,21,1.16,9
8,2014-02-09,优,13,1,8,12,2,21,1.01,12
9,2014-02-10,优,41,41,29,35,6,17,0.95,49
10,2014-02-11,良,60,45,42,50,11,21,0.74,61
11,2014-02-12,良,71,51,51,60,6,28,0.74,42
12,2014-02-13,优,47,37,33,38,6,28,0.74,32
13,2014-02-14,良,65,29,47,54,9,26,0.67,53
14,2014-02-15,良,68,34,49,60,8,36,0.7,35
15,2014-02-16,良,89,88,66,85,15,57,1.2,12
16,2014-02-17,轻度污染,147,155,111,166,24,85,1.9,13
17,2014-02-18,良,59,75,42,62,11,42,1.39,8
18,2014-02-19,优,23,14,15,21,7,33,1.03,21
19,2014-02-20,优,38,9,25,37,9,35,0.64,39
20,2014-02-21,良,86,44,64,98,24,84,0.81,59
21,2014-02-22,良,94,51,70,86,18,69,0.87,27
22,2014-02-23,良,88,44,65,82,14,67,0.89,56
23,2014-02-24,良,76,36,55,81,21,78,0.8,39
24,2014-02-25,良,66,61,47,76,20,75,0.92,29
25,2014-02-26,良,84,71,62,86,15,66,1.27,29
26,2014-02-27,良,63,50,45,64,15,55,1.04,44
27,2014-02-28,良,62,82,44,64,20,67,0.86,31
0,2014-01-01,轻度污染,122,88,96,127,29,98,1.87,42
1,2014-01-02,轻度污染,146,101,120,146,38,121,1.79,36
2,2014-01-03,中度污染,179,118,135,172,30,110,1.88,44
3,2014-01-04,中度污染,169,143,128,158,40,73,1.57,68
4,2014-01-05,中度污染,153,96,116,145,38,92,1.45,60
5,2014-01-06,重度污染,205,137,155,188,41,108,1.73,59
6,2014-01-07,轻度污染,133,108,100,122,28,91,1.4,29
7,2014-01-08,轻度污染,122,153,91,115,15,68,1.89,18
8,2014-01-09,良,66,57,47,64,11,40,1.48,40
9,2014-01-10,良,91,65,67,87,17,55,1.36,35
10,2014-01-11,轻度污染,133,119,100,130,23,80,1.63,35
11,2014-01-12,轻度污染,121,113,90,120,17,59,1.78,26
12,2014-01-13,良,60,33,37,68,10,31,1.15,31
13,2014-01-14,良,64,33,41,70,11,40,0.97,48
14,2014-01-15,良,91,50,67,89,14,55,1.02,61
15,2014-01-16,轻度污染,130,79,99,134,20,97,1.39,41
16,2014-01-17,轻度污染,145,71,109,151,22,100,1.57,39
17,2014-01-18,良,94,34,69,98,19,50,0.89,81
18,2014-01-19,轻度污染,135,69,103,136,26,82,1.15,75
19,2014-01-20,轻度污染,137,103,103,140,22,89,1.35,68
20,2014-01-21,轻度污染,101,126,76,111,24,43,0.96,89
21,2014-01-22,良,69,19,49,76,12,52,0.87,64
22,2014-01-24,良,89,60,66,93,20,82,1.01,42
23,2014-01-25,良,97,66,72,87,12,87,1.48,28
24,2014-01-26,轻度污染,103,116,77,89,14,65,1.4,52
25,2014-01-27,轻度污染,123,127,93,111,16,55,1.19,70
26,2014-01-28,轻度污染,110,109,82,97,16,67,1.13,60
27,2014-01-29,轻度污染,134,131,101,116,14,75,1.33,66
28,2014-01-30,轻度污染,111,63,83,92,16,64,1.22,73
29,2014-01-31,中度污染,158,53,118,138,24,50,1.13,80
0,2013-12-01,良,60,11,40,62,18,59,1.1,49
1,2013-12-02,良,60,6,50,82,19,77,1.35,52
2,2013-12-03,轻度污染,117,34,113,167,34,132,2.19,44
3,2013-12-04,轻度污染,150,49,100,136,29,96,1.69,50
4,2013-12-05,轻度污染,132,53,114,111,27,83,1.13,50
5,2013-12-06,轻度污染,122,56,84,126,34,84,1.3,57
6,2013-12-07,轻度污染,118,28,101,128,34,88,1.34,57
7,2013-12-08,中度污染,154,34,108,138,29,98,1.55,33
8,2013-12-09,中度污染,166,48,130,155,40,76,1.64,62
9,2013-12-10,中度污染,180,104,142,160,42,56,1.7,83
10,2013-12-11,中度污染,174,104,115,134,38,52,1.42,60
11,2013-12-12,轻度污染,130,75,107,128,31,66,1.27,35
12,2013-12-13,中度污染,176,95,133,161,22,64,1.48,21
13,2013-12-14,轻度污染,137,62,76,95,5,46,1.18,24
14,2013-12-15,良,84,35,44,67,4,35,1.08,29
15,2013-12-16,优,33,15,11,21,5,36,1.27,25
16,2013-12-17,优,20,11,16,21,10,38,1.23,13
17,2013-12-18,优,29,12,18,28,10,21,0.84,40
18,2013-12-19,优,36,13,30,45,10,30,0.71,50
19,2013-12-20,良,56,17,46,71,17,44,0.84,48
20,2013-12-21,良,84,29,78,101,25,46,0.98,61
21,2013-12-22,轻度污染,106,23,75,95,27,49,1.01,62
22,2013-12-23,轻度污染,103,23,76,96,29,62,1.08,51
23,2013-12-24,良,94,17,71,93,29,59,1.11,57
24,2013-12-25,轻度污染,106,17,86,107,31,62,1.18,59
25,2013-12-26,轻度污染,111,25,75,97,30,52,1.04,73
26,2013-12-27,轻度污染,128,72,125,149,53,41,1.41,86
27,2013-12-28,中度污染,170,103,97,130,31,53,1.24,61
28,2013-12-29,良,96,44,55,85,21,57,1.09,53
29,2013-12-30,良,89,23,80,112,32,86,1.46,37
30,2013-12-31,轻度污染,123,86,94,124,37,85,1.5,43
0,2013-11-01,轻度污染,102,60,76,100,20,57,1.04,73
1,2013-11-02,良,97,46,72,93,16,34,0.96,77
2,2013-11-03,良,97,49,72,88,10,19,0.96,87
3,2013-11-04,良,84,52,62,75,10,23,0.99,66
4,2013-11-05,良,82,38,60,73,8,36,1.22,34
5,2013-11-06,良,71,18,50,67,8,42,1.19,39
6,2013-11-07,良,76,23,66,86,15,49,0.71,58
7,2013-11-08,良,99,49,72,97,20,62,1.15,48
8,2013-11-09,良,97,49,69,98,19,62,1.18,44
9,2013-11-10,良,75,53,42,65,14,36,0.87,20
10,2013-11-11,良,55,33,41,60,13,32,0.82,32
11,2013-11-12,优,47,26,18,31,9,28,0.96,21
12,2013-11-13,优,29,8,13,25,7,26,1.16,11
13,2013-11-14,优,32,9,27,38,10,32,1.16,14
14,2013-11-15,优,43,6,32,46,11,33,1.05,42
15,2013-11-16,良,55,8,46,71,12,41,1.09,48
16,2013-11-17,良,66,18,49,92,12,51,0.95,46
17,2013-11-18,良,75,37,53,102,14,49,0.93,63
18,2013-11-19,良,80,37,59,119,17,62,0.94,47
19,2013-11-20,轻度污染,101,41,86,149,27,86,1.18,41
20,2013-11-21,轻度污染,108,39,76,131,26,86,1.12,41
21,2013-11-22,轻度污染,111,44,92,141,31,90,1.29,50
22,2013-11-23,轻度污染,111,44,88,127,32,82,1.07,65
23,2013-11-24,良,98,37,52,83,20,67,1.05,24
24,2013-11-25,良,59,15,25,58,12,41,0.88,49
25,2013-11-26,良,64,23,48,94,23,74,1.08,43
26,2013-11-27,良,88,61,58,101,19,62,1.18,26
27,2013-11-28,良,57,25,32,55,11,27,0.84,57
28,2013-11-29,良,52,11,27,50,14,43,0.9,52
29,2013-11-30,良,52,6,38,61,18,63,1.13,41
0,2013-10-28,轻度污染,134,54,102,142,32,93,1.23,70
1,2013-10-29,轻度污染,121,60,91,130,28,76,1.15,65
2,2013-10-30,轻度污染,121,79,92,132,35,74,1.17,72
3,2013-10-31,良,97,58,70,100,23,78,1.15,60
