0,2019-12-01,优,28,35,18,27,14,17,0.75,20
1,2019-12-02,良,53,197,37,53,15,18,0.63,49
2,2019-12-03,优,47,85,27,48,17,25,0.53,48
3,2019-12-04,良,58,147,41,61,18,21,0.58,45
4,2019-12-05,优,46,100,29,45,13,23,0.49,43
5,2019-12-06,良,60,188,39,70,20,33,0.75,32
6,2019-12-07,良,72,186,48,87,28,39,0.8,33
7,2019-12-08,良,78,164,52,104,39,47,0.92,30
8,2019-12-09,轻度污染,116,256,88,147,44,58,1.17,31
9,2019-12-10,轻度污染,116,258,87,148,37,55,1.15,32
0,2019-11-01,良,64,157,31,78,11,28,0.55,43
1,2019-11-02,良,64,174,43,70,8,26,0.62,34
2,2019-11-03,良,51,134,33,53,8,21,0.56,46
3,2019-11-04,良,57,134,31,64,7,24,0.46,74
4,2019-11-05,良,66,189,44,81,9,23,0.55,90
5,2019-11-06,良,69,208,49,79,8,26,0.68,61
6,2019-11-07,优,34,66,19,33,7,15,0.55,67
7,2019-11-08,良,51,113,30,53,8,25,0.55,56
8,2019-11-09,良,65,160,45,78,11,32,0.61,52
9,2019-11-10,良,73,192,53,74,10,27,0.75,36
10,2019-11-11,良,71,189,49,83,11,26,0.74,40
11,2019-11-12,良,62,156,43,73,10,28,0.61,55
12,2019-11-13,优,33,42,20,34,6,16,0.53,44
13,2019-11-14,优,49,132,22,53,12,26,0.43,49
14,2019-11-15,良,54,108,25,59,11,31,0.51,46
15,2019-11-16,优,48,83,27,48,7,20,0.51,55
16,2019-11-17,优,49,88,30,49,8,22,0.63,34
17,2019-11-18,优,29,37,16,28,7,15,0.43,53
18,2019-11-19,优,37,70,18,38,9,16,0.35,53
19,2019-11-20,良,53,104,29,57,7,19,0.43,30
20,2019-11-21,优,50,95,33,54,15,26,0.65,13
21,2019-11-22,优,44,67,26,45,10,25,0.6,20
22,2019-11-23,良,52,125,35,56,11,23,0.57,44
23,2019-11-24,优,42,117,26,44,10,23,0.62,38
24,2019-11-25,优,24,46,13,23,8,19,0.57,27
25,2019-11-26,优,26,33,16,26,9,20,0.71,10
26,2019-11-27,优,29,60,16,28,10,18,0.64,14
27,2019-11-28,优,30,78,17,31,8,16,0.55,28
28,2019-11-29,优,20,10,12,19,7,18,0.66,11
29,2019-11-30,优,22,16,13,21,10,17,0.75,10
0,2019-10-01,良,59,165,40,66,8,23,0.58,83
1,2019-10-02,良,62,215,44,64,7,17,0.62,90
2,2019-10-03,良,60,211,42,63,6,15,0.58,87
3,2019-10-04,优,49,201,32,48,6,15,0.55,71
4,2019-10-05,优,32,181,17,32,5,18,0.52,50
5,2019-10-06,优,48,299,28,49,5,21,0.55,57
6,2019-10-07,良,54,271,33,59,6,21,0.52,64
7,2019-10-08,优,33,110,20,32,5,12,0.44,55
8,2019-10-09,优,22,30,9,22,5,10,0.36,47
9,2019-10-10,优,37,105,21,39,6,15,0.48,47
10,2019-10-11,优,43,140,26,42,7,17,0.55,43
11,2019-10-12,优,41,112,24,41,7,18,0.5,49
12,2019-10-13,优,27,34,16,27,5,16,0.5,37
13,2019-10-14,优,19,15,8,17,5,13,0.53,52
14,2019-10-15,优,22,31,9,20,5,17,0.63,46
15,2019-10-16,优,21,20,12,21,5,17,0.62,29
16,2019-10-17,优,18,12,9,16,5,13,0.55,40
17,2019-10-18,优,32,58,15,31,6,20,0.51,47
18,2019-10-19,优,44,80,21,45,7,27,0.58,35
19,2019-10-20,优,41,55,24,41,6,31,0.67,26
20,2019-10-21,优,45,83,30,44,7,26,0.73,32
21,2019-10-22,优,35,65,22,35,7,18,0.64,43
22,2019-10-23,优,26,25,13,23,5,14,0.59,59
23,2019-10-24,优,38,98,22,38,6,18,0.52,60
24,2019-10-25,优,31,106,19,31,5,21,0.56,36
25,2019-10-26,优,18,28,8,17,5,14,0.5,51
26,2019-10-27,优,23,33,11,21,6,17,0.57,38
27,2019-10-28,优,26,43,15,26,9,18,0.51,38
28,2019-10-29,良,58,180,32,68,12,36,0.84,27
29,2019-10-30,良,61,129,30,74,11,33,0.62,38
30,2019-10-31,良,62,109,31,75,10,35,0.55,34
31,2019-10-31,良,62,109,31,75,10,35,0.55,34
0,2019-09-01,优,40,191,25,41,5,12,0.5,76
1,2019-09-02,优,45,215,26,46,5,13,0.47,83
2,2019-09-03,优,40,181,21,40,6,12,0.48,96
3,2019-09-04,优,49,240,27,51,6,17,0.5,81
4,2019-09-05,良,52,247,30,55,7,17,0.52,95
5,2019-09-06,良,54,243,30,58,7,22,0.52,71
6,2019-09-07,优,50,191,25,52,7,20,0.55,51
7,2019-09-08,优,39,99,23,39,6,18,0.58,45
8,2019-09-09,优,16,10,6,15,5,16,0.51,37
9,2019-09-10,优,18,30,7,17,5,15,0.46,30
10,2019-09-11,优,21,42,6,21,5,13,0.42,33
11,2019-09-12,优,27,77,9,27,6,15,0.45,42
12,2019-09-13,优,29,94,11,28,6,14,0.44,49
13,2019-09-14,优,35,169,15,35,7,18,0.5,44
14,2019-09-15,优,49,280,23,51,6,22,0.52,48
15,2019-09-16,优,38,152,19,39,8,17,0.51,60
16,2019-09-17,优,50,226,28,52,6,21,0.58,54
17,2019-09-18,优,23,42,12,23,5,16,0.49,38
18,2019-09-19,优,42,183,25,42,5,18,0.58,58
19,2019-09-20,优,33,69,18,33,6,12,0.48,60
20,2019-09-21,优,34,87,16,35,7,13,0.39,81
21,2019-09-22,优,49,204,24,50,7,20,0.45,84
22,2019-09-23,良,56,226,28,61,6,26,0.5,83
23,2019-09-24,良,66,254,35,81,7,37,0.57,78
24,2019-09-25,良,69,240,48,74,7,16,0.55,99
25,2019-09-26,良,63,213,42,75,8,27,0.58,78
26,2019-09-27,良,73,286,47,93,8,41,0.64,67
27,2019-09-28,良,74,242,48,98,10,41,0.65,66
28,2019-09-29,良,70,217,45,91,9,39,0.64,64
29,2019-09-30,良,64,185,42,79,8,35,0.6,65
0,2019-08-06,优,37,132,15,35,6,17,0.57,35
1,2019-08-07,优,40,130,18,40,7,18,0.64,35
2,2019-08-08,良,52,243,20,44,7,18,0.63,65
3,2019-08-09,优,40,160,21,38,5,15,0.61,59
4,2019-08-10,优,39,175,18,36,7,16,0.63,58
5,2019-08-11,良,60,327,20,47,8,25,0.64,75
6,2019-08-21,良,52,238,29,56,6,21,0.61,76
7,2019-08-22,优,43,144,21,43,6,20,0.54,83
8,2019-08-23,良,55,217,31,61,7,34,0.64,50
9,2019-08-24,良,60,247,39,70,7,25,0.67,74
10,2019-08-25,良,54,244,33,59,6,24,0.63,72
11,2019-08-26,良,54,271,32,60,6,21,0.62,82
12,2019-08-27,优,32,150,18,32,5,17,0.6,49
13,2019-08-28,优,34,149,14,33,6,20,0.53,53
0,2019-07-01,优,44,140,21,43,8,13,0.6,73
1,2019-07-02,良,55,190,27,53,6,12,0.59,100
2,2019-07-03,良,60,217,24,47,6,17,0.54,94
3,2019-07-04,良,51,170,30,50,6,22,0.61,75
4,2019-07-05,优,40,128,27,39,5,24,0.71,31
5,2019-07-06,优,26,37,15,25,4,23,0.73,24
6,2019-07-07,优,28,41,13,24,4,13,0.6,52
7,2019-07-12,优,18,24,9,17,6,25,0.74,26
8,2019-07-13,优,22,44,12,21,5,19,0.66,41
9,2019-07-14,优,41,184,22,41,7,25,0.75,40
10,2019-07-15,优,38,147,16,40,7,22,0.68,28
11,2019-07-16,优,29,77,11,29,7,15,0.56,27
12,2019-07-17,优,31,108,13,31,6,15,0.53,39
13,2019-07-18,优,42,222,18,42,6,23,0.65,36
14,2019-07-19,优,28,100,11,26,5,21,0.58,48
15,2019-07-20,优,35,149,14,34,6,20,0.6,42
16,2019-07-21,优,27,62,13,27,5,17,0.57,37
17,2019-07-22,优,31,118,13,31,5,14,0.54,46
18,2019-07-23,优,30,122,14,30,5,17,0.58,44
19,2019-07-24,优,23,46,10,23,5,16,0.53,40
20,2019-07-25,优,22,51,8,21,5,14,0.49,37
21,2019-07-26,优,23,45,8,23,6,12,0.48,42
0,2019-06-01,优,46,112,29,46,7,22,0.66,55
1,2019-06-02,良,69,215,40,74,9,36,0.82,70
2,2019-06-03,良,69,240,39,76,8,31,0.73,73
3,2019-06-04,优,50,105,25,50,5,19,0.64,74
4,2019-06-05,优,39,69,16,30,5,13,0.59,77
5,2019-06-06,优,41,118,15,29,6,24,0.66,74
6,2019-06-07,优,38,85,13,25,6,17,0.6,65
7,2019-06-08,优,31,58,16,27,5,14,0.62,59
8,2019-06-09,优,33,80,14,25,5,13,0.65,66
9,2019-06-10,优,35,88,21,34,6,15,0.68,56
10,2019-06-11,优,39,109,22,38,5,20,0.67,31
11,2019-06-14,优,36,153,13,36,7,18,0.6,66
12,2019-06-15,优,29,90,14,29,5,17,0.66,56
13,2019-06-17,优,26,50,14,26,5,18,0.7,34
14,2019-06-18,优,18,23,8,18,5,20,0.76,29
15,2019-06-19,优,24,56,9,24,5,14,0.53,37
16,2019-06-20,优,27,99,10,27,5,11,0.51,51
17,2019-06-25,优,43,143,22,42,6,16,0.64,58
18,2019-06-26,优,31,54,14,29,5,14,0.64,37
19,2019-06-27,优,32,46,13,31,6,14,0.61,43
20,2019-06-28,优,33,70,14,31,6,13,0.64,51
21,2019-06-29,优,35,80,11,26,5,13,0.53,69
22,2019-06-30,优,48,199,17,43,7,19,0.56,66
0,2019-05-01,良,51,119,19,47,5,19,0.43,67
1,2019-05-02,良,52,91,28,53,6,17,0.53,68
2,2019-05-03,良,58,114,36,63,5,17,0.52,58
3,2019-05-04,优,45,48,26,45,5,17,0.55,45
4,2019-05-05,优,38,57,22,37,5,18,0.65,23
5,2019-05-06,优,23,17,10,21,5,12,0.55,42
6,2019-05-07,优,26,23,7,16,5,13,0.51,52
7,2019-05-08,优,34,42,16,29,5,14,0.56,56
8,2019-05-09,优,33,30,19,31,5,18,0.59,51
9,2019-05-10,优,39,26,22,37,6,20,0.61,54
10,2019-05-11,良,55,70,31,58,7,28,0.7,37
11,2019-05-12,优,48,39,27,49,6,17,0.75,64
12,2019-05-13,优,43,31,23,42,6,16,0.7,60
13,2019-05-14,优,49,76,26,51,5,15,0.62,64
14,2019-05-15,良,51,134,31,56,5,15,0.63,62
15,2019-05-16,优,50,131,30,50,5,16,0.68,59
16,2019-05-17,优,32,22,16,30,5,13,0.64,57
17,2019-05-18,良,57,225,35,57,5,16,0.68,81
18,2019-05-19,优,37,37,22,35,5,14,0.75,52
19,2019-05-20,优,30,6,10,22,5,12,0.45,57
20,2019-05-21,良,64,174,31,76,6,15,0.46,75
21,2019-05-22,良,53,77,27,50,6,20,0.53,70
22,2019-05-23,良,60,104,28,59,6,27,0.59,68
23,2019-05-24,良,52,77,28,53,5,15,0.61,81
24,2019-05-25,优,44,74,19,31,4,17,0.68,81
25,2019-05-26,优,33,66,16,24,4,17,0.67,64
26,2019-05-27,优,40,104,19,32,5,13,0.65,60
27,2019-05-28,良,58,259,21,50,4,9,0.46,103
28,2019-05-29,优,43,117,16,27,4,13,0.49,75
29,2019-05-30,优,28,22,15,27,5,15,0.6,48
30,2019-05-31,优,31,30,16,30,8,18,0.59,50
0,2019-04-01,优,46,100,29,44,7,17,0.59,53
1,2019-04-02,优,46,79,30,45,7,17,0.66,45
2,2019-04-03,优,35,45,23,33,7,16,0.64,41
3,2019-04-04,优,35,50,19,29,8,15,0.54,49
4,2019-04-05,优,46,84,22,39,10,21,0.52,68
5,2019-04-06,良,57,127,33,59,10,32,0.64,53
6,2019-04-07,良,54,100,32,52,6,24,0.57,61
7,2019-04-08,良,66,191,43,69,6,13,0.65,99
8,2019-04-09,良,67,324,36,69,9,25,0.62,101
9,2019-04-10,良,68,312,43,82,6,25,0.74,66
10,2019-04-11,优,39,94,16,30,6,12,0.67,73
11,2019-04-12,优,46,105,25,45,5,16,0.59,65
12,2019-04-13,优,48,108,32,48,5,18,0.63,53
13,2019-04-14,优,34,28,19,29,4,11,0.55,57
14,2019-04-15,优,34,28,16,26,4,17,0.59,50
15,2019-04-16,优,47,82,26,42,6,21,0.65,58
16,2019-04-17,良,52,98,27,55,7,25,0.66,48
17,2019-04-18,优,50,79,23,44,5,21,0.61,74
18,2019-04-19,良,60,157,39,67,5,23,0.73,58
19,2019-04-20,良,61,187,39,62,4,13,0.61,86
20,2019-04-21,优,42,52,21,39,6,15,0.59,68
21,2019-04-22,优,49,127,28,46,4,15,0.65,83
22,2019-04-23,良,65,229,40,69,5,18,0.7,86
23,2019-04-24,良,74,235,50,79,5,20,0.69,86
24,2019-04-25,良,73,286,43,79,5,24,0.62,92
25,2019-04-26,良,56,232,20,40,6,17,0.48,104
26,2019-04-27,良,56,210,36,59,5,12,0.57,95
27,2019-04-28,良,58,227,39,62,5,11,0.61,93
28,2019-04-29,优,33,54,11,23,5,12,0.55,62
29,2019-04-30,优,33,38,17,31,5,14,0.47,59
0,2019-03-01,优,41,63,26,42,10,18,0.69,33
1,2019-03-02,优,43,88,27,42,11,16,0.55,41
2,2019-03-03,良,57,142,38,60,19,26,0.68,68
3,2019-03-04,良,57,121,38,61,15,28,0.73,36
4,2019-03-05,良,55,137,38,52,12,16,0.61,66
5,2019-03-06,良,59,182,41,57,11,20,0.62,46
6,2019-03-07,优,35,60,17,25,8,15,0.44,67
7,2019-03-08,优,30,34,17,26,9,19,0.61,49
8,2019-03-09,优,40,69,25,39,15,20,0.67,45
9,2019-03-10,良,60,155,41,59,18,23,0.69,56
10,2019-03-11,良,79,249,57,90,29,42,0.87,44
11,2019-03-12,轻度污染,104,354,77,130,31,57,1.23,12
12,2019-03-13,良,93,338,69,98,19,33,0.82,44
13,2019-03-14,优,43,46,29,39,10,21,0.75,41
14,2019-03-15,优,38,22,21,36,12,15,0.46,70
15,2019-03-16,优,45,42,28,44,12,19,0.43,55
16,2019-03-17,优,50,78,31,50,14,21,0.51,54
17,2019-03-18,良,67,196,47,77,18,27,0.68,58
18,2019-03-19,良,52,76,30,57,10,14,0.63,69
19,2019-03-20,良,55,125,31,56,12,18,0.57,91
20,2019-03-21,良,62,188,36,64,13,19,0.53,100
21,2019-03-22,优,49,182,29,50,7,11,0.54,71
22,2019-03-23,优,34,56,18,32,7,13,0.5,49
23,2019-03-24,优,47,98,29,47,9,17,0.51,45
24,2019-03-25,良,63,176,43,71,13,23,0.61,53
25,2019-03-26,良,54,119,37,56,8,19,0.69,60
26,2019-03-27,良,60,140,42,62,8,19,0.78,61
27,2019-03-28,良,67,214,43,71,10,18,0.59,107
28,2019-03-29,良,73,238,44,86,13,31,0.61,88
29,2019-03-30,良,63,180,41,73,7,25,0.66,75
30,2019-03-31,优,42,52,22,35,5,12,0.61,73
0,2019-02-01,优,36,34,22,31,8,15,0.84,44
1,2019-02-02,优,35,10,22,33,9,11,0.58,60
2,2019-02-03,优,42,37,27,39,11,10,0.75,64
3,2019-02-04,良,51,71,35,49,12,8,0.76,52
4,2019-02-05,良,74,105,53,75,14,10,0.71,60
5,2019-02-06,优,47,87,28,42,9,9,0.49,64
6,2019-02-07,良,81,256,59,87,11,12,0.66,84
7,2019-02-08,优,45,191,31,41,5,8,0.89,32
8,2019-02-09,优,23,23,13,21,8,8,0.83,24
9,2019-02-10,优,17,12,9,15,6,8,0.59,29
10,2019-02-11,优,24,36,12,21,10,11,0.72,29
11,2019-02-12,优,22,11,13,21,9,11,0.76,23
12,2019-02-13,优,30,43,16,25,10,14,0.78,29
13,2019-02-14,优,39,86,25,38,15,15,0.94,13
14,2019-02-15,优,24,33,13,23,7,12,0.73,20
15,2019-02-16,优,17,10,9,15,6,9,0.67,30
16,2019-02-17,优,21,24,9,14,7,12,0.78,36
17,2019-02-18,优,32,77,20,30,10,14,0.86,25
18,2019-02-19,优,38,69,24,36,15,17,0.84,21
19,2019-02-20,优,32,29,20,30,8,14,0.74,21
20,2019-02-21,优,35,65,22,33,10,14,0.64,42
21,2019-02-22,优,47,99,32,45,12,18,0.65,43
22,2019-02-23,优,27,26,16,24,8,13,0.59,44
23,2019-02-24,优,43,87,29,41,10,13,0.54,53
24,2019-02-25,良,61,153,43,58,14,18,0.57,50
25,2019-02-26,良,53,105,37,52,12,23,0.66,30
26,2019-02-27,优,25,11,15,24,9,16,0.62,33
27,2019-02-28,优,41,56,21,40,12,23,0.86,39
0,2019-01-01,优,46,97,30,44,17,16,0.64,47
1,2019-01-02,优,44,89,29,45,18,21,0.58,44
2,2019-01-03,优,46,87,29,45,14,22,0.64,24
3,2019-01-04,优,40,81,27,38,13,20,0.81,9
4,2019-01-05,优,40,74,27,40,14,21,0.74,9
5,2019-01-06,优,40,79,23,39,15,22,0.64,15
6,2019-01-07,优,34,35,21,33,10,18,0.68,16
7,2019-01-08,优,20,19,12,19,10,21,0.74,26
8,2019-01-09,优,25,29,15,24,12,23,0.8,24
9,2019-01-10,优,32,62,18,32,13,19,1.09,14
10,2019-01-11,优,39,89,24,39,15,24,1.08,23
11,2019-01-12,优,41,63,24,41,12,22,0.97,18
12,2019-01-13,优,31,13,18,31,10,17,0.95,21
13,2019-01-14,优,39,35,25,38,12,19,0.99,15
14,2019-01-15,优,49,99,33,48,11,18,0.66,54
15,2019-01-16,良,90,306,66,87,18,24,0.87,73
16,2019-01-17,良,89,225,66,90,17,28,0.89,45
17,2019-01-18,优,43,35,27,43,11,20,0.75,29
18,2019-01-19,优,36,28,23,34,12,23,0.87,13
19,2019-01-20,优,29,4,18,27,9,17,0.78,28
20,2019-01-21,良,83,226,61,82,19,22,0.76,54
21,2019-01-22,良,85,187,62,87,28,32,0.76,35
22,2019-01-23,良,73,127,52,82,25,31,0.81,35
23,2019-01-24,良,63,79,44,69,21,30,0.81,33
24,2019-01-25,良,61,106,43,56,11,21,0.79,31
25,2019-01-26,良,79,207,58,78,13,21,0.75,43
26,2019-01-27,良,64,114,45,58,11,25,0.95,33
27,2019-01-28,良,53,76,36,50,13,23,1.05,25
28,2019-01-29,优,42,34,28,39,11,20,1.07,18
29,2019-01-30,优,47,64,29,46,16,18,0.89,34
30,2019-01-31,优,37,43,25,35,9,13,0.87,41
0,2018-12-01,良,62,105,42,66,15,26,0.62,42
1,2018-12-02,良,53,73,28,53,10,21,0.43,51
2,2018-12-03,良,59,95,32,63,15,31,0.55,37
3,2018-12-04,良,53,161,35,53,9,19,0.77,29
4,2018-12-05,优,47,105,26,47,9,20,0.84,21
5,2018-12-06,优,29,54,16,28,7,16,0.7,17
6,2018-12-07,优,20,38,8,17,5,13,0.45,28
7,2018-12-08,优,20,47,10,19,7,15,0.53,21
8,2018-12-09,优,21,52,11,20,9,17,0.58,17
9,2018-12-10,优,23,40,14,22,10,18,0.54,12
10,2018-12-11,优,45,120,30,44,11,18,0.53,21
11,2018-12-12,优,46,88,30,47,11,16,0.44,54
12,2018-12-13,良,66,128,47,71,14,23,0.53,52
13,2018-12-14,良,89,208,65,103,20,33,0.69,30
14,2018-12-15,良,76,182,55,80,18,30,0.72,17
15,2018-12-16,优,47,74,31,47,17,27,0.66,36
16,2018-12-17,良,82,204,59,97,51,54,0.96,30
17,2018-12-18,良,65,122,39,77,35,41,0.64,34
18,2018-12-19,良,57,75,37,60,16,28,0.61,43
19,2018-12-20,良,65,108,46,71,25,36,0.87,13
20,2018-12-21,良,66,142,46,69,20,28,0.87,16
21,2018-12-28,优,21,12,11,19,7,14,0.73,27
22,2018-12-29,优,17,7,9,16,10,13,0.61,31
23,2018-12-30,优,36,48,25,33,18,12,0.79,44
24,2018-12-31,良,60,181,42,51,15,12,0.58,49
0,2018-11-01,良,69,213,40,87,13,45,0.58,36
1,2018-11-02,良,67,195,39,79,11,38,0.48,67
2,2018-11-03,良,70,227,43,88,11,41,0.55,60
3,2018-11-04,良,72,263,46,87,10,36,0.55,67
4,2018-11-05,良,76,320,55,70,6,27,0.7,32
5,2018-11-06,优,33,81,18,30,5,18,0.43,32
6,2018-11-07,优,27,62,17,25,7,22,0.44,26
7,2018-11-08,优,36,116,19,35,10,27,0.49,40
8,2018-11-09,优,42,96,19,42,9,27,0.47,37
9,2018-11-10,优,43,74,25,43,6,16,0.41,43
10,2018-11-11,良,52,134,33,53,9,18,0.54,28
11,2018-11-12,优,45,104,29,44,7,19,0.54,27
12,2018-11-13,优,39,80,21,38,7,20,0.57,26
13,2018-11-14,优,29,15,16,28,7,17,0.62,15
14,2018-11-15,优,27,25,14,26,7,16,0.65,24
15,2018-11-16,优,19,13,10,18,5,16,0.6,32
16,2018-11-17,优,24,55,11,20,7,17,0.61,30
17,2018-11-18,优,26,58,14,25,10,17,0.54,26
18,2018-11-19,优,50,165,32,51,13,23,0.65,15
19,2018-11-20,优,23,12,12,22,8,19,0.66,15
20,2018-11-21,优,32,43,20,31,9,19,0.52,34
21,2018-11-22,优,47,121,27,47,13,22,0.46,47
22,2018-11-23,良,61,142,38,69,16,30,0.57,39
23,2018-11-24,优,44,47,26,42,12,27,0.65,23
24,2018-11-25,良,58,74,37,65,23,36,0.78,38
25,2018-11-26,良,70,108,48,84,22,40,0.87,29
26,2018-11-27,良,76,134,51,90,19,35,0.77,37
27,2018-11-28,轻度污染,101,207,75,115,18,37,0.88,31
28,2018-11-29,良,64,103,41,76,17,31,0.62,48
29,2018-11-30,良,68,114,47,79,14,33,0.65,43
0,2018-10-01,良,51,197,23,50,6,15,0.38,85
1,2018-10-02,良,53,155,28,54,7,17,0.4,71
2,2018-10-03,优,42,64,24,42,5,15,0.39,50
3,2018-10-04,优,48,83,29,48,5,16,0.35,53
4,2018-10-05,良,53,103,32,54,7,21,0.45,52
5,2018-10-06,良,62,170,41,70,7,28,0.55,56
6,2018-10-07,良,69,203,49,74,6,23,0.56,55
7,2018-10-08,良,67,206,48,65,4,29,0.64,49
8,2018-10-09,优,28,23,14,23,4,16,0.54,49
9,2018-10-10,良,54,221,34,52,5,18,0.51,77
10,2018-10-11,良,60,262,36,68,6,25,0.52,66
11,2018-10-12,良,57,172,30,61,8,32,0.49,56
12,2018-10-13,优,36,33,22,34,4,26,0.53,50
13,2018-10-14,优,29,34,16,28,5,20,0.57,39
14,2018-10-15,优,31,72,19,30,4,19,0.54,33
15,2018-10-16,优,36,96,22,35,4,17,0.48,47
16,2018-10-17,优,41,126,26,40,5,15,0.41,64
17,2018-10-18,优,43,127,24,42,5,23,0.5,44
18,2018-10-19,优,28,19,14,27,5,24,0.67,15
19,2018-10-20,优,33,50,17,32,5,19,0.64,21
20,2018-10-21,优,47,131,27,46,6,17,0.64,22
21,2018-10-22,优,26,16,14,25,4,14,0.56,37
22,2018-10-23,优,32,52,17,31,6,17,0.52,41
23,2018-10-24,优,35,41,20,34,4,19,0.53,26
24,2018-10-25,优,31,23,17,30,8,19,0.64,18
25,2018-10-26,优,40,59,23,39,7,19,0.58,45
26,2018-10-27,良,56,178,32,59,8,26,0.57,51
27,2018-10-28,良,59,179,35,68,13,26,0.47,52
28,2018-10-29,良,63,238,43,73,13,32,0.68,20
29,2018-10-30,良,54,133,37,58,7,21,0.51,42
30,2018-10-31,良,58,150,36,64,12,31,0.53,48
0,2018-09-02,优,27,40,10,22,4,18,0.5,42
1,2018-09-03,优,33,73,11,27,4,20,0.47,50
2,2018-09-04,优,34,77,13,32,4,18,0.46,36
3,2018-09-05,优,33,61,13,31,4,14,0.42,40
4,2018-09-06,优,37,87,16,36,4,15,0.46,50
5,2018-09-07,优,43,180,15,31,3,11,0.38,82
6,2018-09-08,优,39,110,17,34,4,13,0.36,71
7,2018-09-09,优,47,153,16,36,5,18,0.36,75
8,2018-09-10,良,52,191,27,53,5,23,0.46,71
9,2018-09-11,优,34,33,22,31,2,21,0.59,48
10,2018-09-12,优,22,8,11,19,2,19,0.61,40
11,2018-09-13,优,38,97,24,38,4,21,0.66,43
12,2018-09-14,优,50,189,31,50,3,18,0.58,43
13,2018-09-15,优,43,167,22,41,3,18,0.51,45
14,2018-09-16,优,44,212,27,43,3,14,0.54,50
15,2018-09-17,优,27,63,13,20,3,11,0.54,43
16,2018-09-18,优,20,17,8,13,3,16,0.56,31
17,2018-09-19,优,22,25,11,21,3,18,0.53,18
18,2018-09-20,优,24,22,9,23,3,14,0.41,29
19,2018-09-21,优,36,72,15,34,4,17,0.57,46
20,2018-09-22,优,41,132,25,40,4,20,0.55,41
21,2018-09-23,优,49,183,30,49,3,20,0.54,40
22,2018-09-24,优,46,174,27,46,3,15,0.5,46
23,2018-09-25,优,45,182,27,44,4,17,0.5,49
24,2018-09-26,优,27,28,12,21,3,14,0.64,42
25,2018-09-27,优,29,47,13,22,3,10,0.49,55
26,2018-09-28,优,31,51,16,28,3,14,0.51,51
27,2018-09-29,优,39,87,20,36,4,16,0.46,57
28,2018-09-30,优,45,131,19,40,5,20,0.39,63
0,2018-08-01,优,31,40,11,29,4,16,0.46,43
1,2018-08-02,优,32,47,11,29,4,17,0.48,47
2,2018-08-03,优,30,36,11,28,3,14,0.47,43
3,2018-08-04,优,32,46,14,31,3,23,0.56,37
4,2018-08-05,优,35,58,15,34,4,20,0.51,33
5,2018-08-06,优,32,36,13,31,3,16,0.47,40
6,2018-08-07,优,29,24,14,28,3,22,0.52,30
7,2018-08-08,优,29,22,14,28,3,24,0.56,26
8,2018-08-09,优,43,75,21,42,3,20,0.54,46
9,2018-08-10,优,48,107,25,47,4,22,0.57,57
10,2018-08-11,良,57,156,34,58,3,23,0.61,72
11,2018-08-12,良,54,190,32,53,4,18,0.56,82
12,2018-08-13,良,66,303,39,71,5,27,0.65,77
13,2018-08-14,良,70,331,43,78,5,24,0.65,85
14,2018-08-15,良,53,262,31,54,4,16,0.56,78
15,2018-08-16,优,43,195,26,42,3,16,0.56,59
16,2018-08-17,优,50,233,22,41,3,16,0.53,90
17,2018-08-18,优,41,134,22,39,3,21,0.52,52
18,2018-08-19,良,59,297,32,62,7,30,0.66,65
19,2018-08-20,良,55,244,26,58,5,24,0.58,59
20,2018-08-21,优,49,145,23,49,4,21,0.55,63
21,2018-08-22,良,53,178,28,55,5,22,0.6,61
22,2018-08-23,优,46,90,24,41,4,18,0.61,79
23,2018-08-25,良,65,213,32,55,4,15,0.55,107
24,2018-08-27,优,46,127,23,39,4,16,0.58,69
25,2018-08-29,优,45,171,21,41,3,14,0.5,77
26,2018-08-31,优,33,93,15,29,3,17,0.52,55
0,2018-07-01,优,41,115,18,40,3,14,0.49,46
1,2018-07-02,优,37,96,17,36,3,13,0.48,48
2,2018-07-03,优,39,129,18,38,3,15,0.51,44
3,2018-07-04,优,39,113,18,39,4,15,0.5,51
4,2018-07-05,优,45,172,21,44,4,17,0.54,55
5,2018-07-06,优,34,98,17,33,3,22,0.59,42
6,2018-07-07,优,35,147,17,33,3,12,0.55,59
7,2018-07-08,优,38,170,20,37,3,14,0.55,57
8,2018-07-09,优,25,29,9,23,3,16,0.46,44
9,2018-07-10,优,31,90,12,29,3,14,0.42,47
10,2018-07-11,优,37,105,14,34,4,15,0.4,59
11,2018-07-12,良,54,265,21,57,5,25,0.49,50
12,2018-07-13,良,59,292,28,65,5,24,0.5,64
13,2018-07-14,良,56,256,28,53,4,13,0.45,88
14,2018-07-15,优,28,45,10,25,4,12,0.36,50
15,2018-07-16,优,36,116,14,36,5,18,0.43,41
16,2018-07-17,优,42,152,17,42,4,20,0.44,40
17,2018-07-18,良,56,234,25,63,6,25,0.5,42
18,2018-07-19,优,43,134,20,43,4,17,0.43,48
19,2018-07-20,优,42,118,16,39,5,17,0.44,58
20,2018-07-21,良,51,139,23,49,4,18,0.48,76
21,2018-07-22,良,52,155,27,49,4,20,0.55,65
22,2018-07-23,良,63,266,41,74,5,29,0.64,61
23,2018-07-24,良,58,227,37,66,6,25,0.61,52
24,2018-07-25,优,30,36,16,28,3,16,0.53,40
25,2018-07-26,优,30,36,14,27,3,18,0.5,45
26,2018-07-27,优,27,25,11,23,4,14,0.45,46
27,2018-07-28,优,28,31,10,26,4,14,0.43,42
28,2018-07-29,优,31,44,12,30,5,14,0.44,43
29,2018-07-30,优,36,70,13,33,5,15,0.44,44
30,2018-07-31,优,33,54,12,31,4,16,0.47,48
0,2018-06-01,优,33,20,12,24,3,17,0.47,53
1,2018-06-02,优,25,4,11,21,3,16,0.53,46
2,2018-06-03,优,40,35,22,39,4,22,0.61,34
3,2018-06-04,优,33,14,16,26,3,15,0.52,66
4,2018-06-05,优,50,103,28,46,7,22,0.54,70
5,2018-06-06,良,70,192,33,66,6,33,0.58,79
6,2018-06-07,良,73,209,32,71,6,34,0.57,85
7,2018-06-08,良,76,286,37,76,7,29,0.59,94
8,2018-06-09,良,60,245,31,54,5,18,0.46,101
9,2018-06-10,良,66,253,36,74,8,31,0.56,81
10,2018-06-11,良,52,97,33,54,4,30,0.64,60
11,2018-06-12,优,39,44,18,27,3,17,0.56,72
12,2018-06-13,良,51,131,32,52,5,21,0.54,63
13,2018-06-14,优,49,108,28,48,6,18,0.5,75
14,2018-06-15,良,53,141,28,52,8,19,0.49,82
15,2018-06-16,良,55,133,31,60,6,28,0.56,61
16,2018-06-17,良,52,123,28,52,5,22,0.58,57
17,2018-06-18,优,38,47,19,36,4,15,0.55,64
18,2018-06-19,优,39,76,19,37,4,18,0.65,67
19,2018-06-20,优,41,102,17,31,3,22,0.6,73
20,2018-06-21,优,37,68,19,36,3,22,0.6,37
21,2018-06-22,优,25,6,11,19,3,22,0.57,47
22,2018-06-23,优,23,14,11,20,3,20,0.56,37
23,2018-06-24,优,21,4,9,18,3,17,0.51,33
24,2018-06-25,优,20,5,8,18,3,14,0.43,35
25,2018-06-26,优,20,10,7,17,3,13,0.4,36
26,2018-06-27,优,23,20,8,22,2,13,0.42,35
27,2018-06-28,优,29,34,9,28,3,15,0.43,33
28,2018-06-29,优,39,76,15,38,3,15,0.46,42
29,2018-06-30,优,42,122,18,41,3,15,0.49,47
0,2018-05-01,良,63,177,34,52,6,21,0.59,103
1,2018-05-02,良,67,226,46,64,4,18,0.59,86
2,2018-05-03,优,41,20,27,39,4,21,0.64,60
3,2018-05-04,优,26,3,12,23,4,21,0.64,45
4,2018-05-05,优,34,12,14,32,4,12,0.43,61
5,2018-05-06,优,42,84,20,41,5,17,0.51,68
6,2018-05-07,良,56,173,29,61,8,24,0.48,84
7,2018-05-08,良,55,125,33,58,5,24,0.56,57
8,2018-05-09,优,38,34,19,31,3,16,0.53,71
9,2018-05-10,优,36,26,16,33,4,20,0.62,50
10,2018-05-11,优,35,12,20,34,5,19,0.68,49
11,2018-05-12,优,44,37,24,41,5,20,0.62,71
12,2018-05-13,良,66,144,40,74,7,28,0.75,67
13,2018-05-14,良,52,87,26,53,6,21,0.51,75
14,2018-05-15,良,53,100,24,55,5,14,0.44,95
15,2018-05-16,良,52,124,26,53,5,13,0.47,93
16,2018-05-17,良,57,154,32,63,4,15,0.45,91
17,2018-05-18,良,69,239,39,81,5,24,0.54,91
18,2018-05-19,良,61,211,36,70,4,18,0.52,86
19,2018-05-20,良,56,222,29,60,4,15,0.46,92
20,2018-05-21,良,56,230,29,60,4,13,0.48,87
21,2018-05-22,优,46,123,22,43,4,13,0.47,75
22,2018-05-23,优,43,46,18,41,8,17,0.47,68
23,2018-05-24,优,42,42,19,40,3,12,0.44,76
24,2018-05-25,优,41,48,17,38,4,15,0.47,77
25,2018-05-26,良,56,165,36,54,4,18,0.65,77
26,2018-05-27,良,53,98,23,50,4,13,0.39,80
27,2018-05-28,良,91,228,50,124,9,26,0.53,86
28,2018-05-29,良,55,101,27,60,5,24,0.58,53
29,2018-05-30,良,57,135,29,59,5,18,0.45,92
30,2018-05-31,优,46,75,27,45,3,17,0.47,75
0,2018-04-01,优,45,13,27,44,8,27,0.74,51
1,2018-04-02,良,70,89,49,85,8,31,0.84,61
2,2018-04-03,良,58,76,33,54,5,25,0.57,94
3,2018-04-04,良,81,259,59,89,4,22,0.68,80
4,2018-04-05,良,59,169,34,58,4,13,0.53,91
5,2018-04-05,良,59,169,34,58,4,13,0.53,91
6,2018-04-06,良,59,104,23,68,4,10,0.42,75
7,2018-04-07,良,89,298,45,125,11,23,0.48,75
8,2018-04-08,良,91,303,47,130,9,26,0.46,73
9,2018-04-09,良,84,199,45,116,9,27,0.51,84
10,2018-04-10,良,86,191,59,119,7,21,0.6,113
11,2018-04-11,良,56,60,35,60,5,20,0.61,84
12,2018-04-12,良,59,101,39,65,5,21,0.66,89
13,2018-04-13,良,78,316,50,83,6,18,0.69,110
14,2018-04-14,优,41,63,15,35,5,14,0.42,69
15,2018-04-15,良,60,135,34,69,6,17,0.42,75
16,2018-04-16,良,70,135,43,85,9,29,0.54,77
17,2018-04-17,良,71,108,42,88,8,37,0.53,74
18,2018-04-18,良,71,82,38,87,9,34,0.54,78
19,2018-04-19,良,71,93,44,88,5,20,0.57,97
20,2018-04-20,良,61,87,38,68,4,18,0.56,87
21,2018-04-21,良,60,157,36,69,4,18,0.55,85
22,2018-04-22,良,61,253,36,66,5,17,0.57,95
23,2018-04-23,良,57,230,33,61,6,17,0.59,89
24,2018-04-24,优,35,45,12,23,4,14,0.54,64
25,2018-04-25,优,35,25,16,29,3,17,0.6,44
26,2018-04-26,优,42,29,26,40,5,24,0.61,40
27,2018-04-27,良,55,84,31,58,9,29,0.61,57
28,2018-04-28,良,53,41,28,56,5,31,0.65,48
29,2018-04-29,良,60,78,39,62,6,24,0.68,77
30,2018-04-30,良,51,76,32,52,5,25,0.62,64
0,2018-03-01,良,60,150,40,62,15,22,0.68,81
1,2018-03-02,良,78,248,56,86,20,34,0.82,61
2,2018-03-03,良,69,163,46,76,9,18,0.61,88
3,2018-03-04,良,70,251,43,73,11,21,0.61,107
4,2018-03-05,良,92,344,68,97,11,16,0.79,75
5,2018-03-06,优,32,29,17,27,6,16,0.64,44
6,2018-03-07,优,33,44,20,31,12,17,0.67,38
7,2018-03-08,优,44,97,19,43,11,14,0.5,76
8,2018-03-09,良,61,146,28,67,16,30,0.55,76
9,2018-03-10,良,61,73,30,67,13,27,0.52,85
10,2018-03-11,良,68,121,45,77,13,23,0.6,114
11,2018-03-12,良,69,128,50,77,10,23,0.62,90
12,2018-03-13,优,45,25,29,41,7,23,0.62,64
13,2018-03-14,优,45,34,26,42,12,31,0.59,63
14,2018-03-15,良,65,169,43,73,12,37,0.68,60
15,2018-03-16,良,71,258,51,76,11,36,0.7,53
16,2018-03-17,良,68,237,49,69,6,17,0.65,92
17,2018-03-18,良,75,231,54,76,7,17,0.66,92
18,2018-03-19,优,35,34,17,28,6,16,0.61,66
19,2018-03-20,优,50,132,28,48,8,19,0.63,69
20,2018-03-21,优,48,81,24,50,7,17,0.61,71
21,2018-03-22,良,73,161,48,94,17,46,0.84,36
22,2018-03-23,良,73,112,48,94,12,35,0.69,68
23,2018-03-24,良,98,265,73,108,9,35,0.8,70
24,2018-03-25,良,95,230,70,92,10,29,0.76,51
25,2018-03-26,良,93,225,68,96,11,40,0.82,39
26,2018-03-27,良,91,226,67,92,11,41,0.84,38
27,2018-03-28,优,49,29,33,44,7,42,0.78,34
28,2018-03-29,良,54,70,33,54,11,33,0.73,59
29,2018-03-30,良,56,67,35,60,7,25,0.59,65
30,2018-03-31,良,51,46,30,48,6,28,0.64,64
0,2018-02-01,轻度污染,108,288,80,106,30,33,1.05,46
1,2018-02-02,良,58,87,40,54,17,20,0.67,64
2,2018-02-03,良,65,199,42,77,21,17,0.54,91
3,2018-02-04,良,64,154,42,75,19,16,0.55,79
4,2018-02-05,良,77,236,55,83,25,26,0.66,70
5,2018-02-06,良,82,240,59,100,42,45,0.82,44
6,2018-02-07,轻度污染,116,311,87,128,39,32,0.8,47
7,2018-02-08,良,91,181,66,103,32,31,0.71,63
8,2018-02-09,良,80,96,57,94,31,31,0.72,74
9,2018-02-10,轻度污染,107,235,80,103,20,25,0.79,81
10,2018-02-11,良,96,245,71,102,17,23,0.78,85
11,2018-02-12,轻度污染,106,323,79,136,25,26,0.83,91
12,2018-02-13,良,97,279,72,117,29,29,0.87,65
13,2018-02-14,良,78,184,57,86,25,26,0.9,66
14,2018-02-15,良,77,184,56,74,22,18,0.96,60
15,2018-02-16,轻度污染,107,159,79,103,27,23,0.92,64
16,2018-02-17,良,79,157,56,82,15,16,0.68,76
17,2018-02-18,良,88,263,64,85,12,15,0.73,93
18,2018-02-19,良,68,230,48,64,10,13,0.8,62
19,2018-02-20,优,42,52,29,41,11,14,0.92,42
20,2018-02-21,优,33,25,17,25,8,10,0.75,63
21,2018-02-22,优,34,62,16,23,10,12,0.64,54
22,2018-02-23,优,44,93,29,42,18,19,0.77,53
23,2018-02-24,优,39,32,22,35,17,18,0.83,62
24,2018-02-25,优,48,73,31,45,13,15,0.73,74
25,2018-02-26,良,69,163,49,75,22,33,0.87,36
26,2018-02-27,良,60,135,39,63,14,24,0.76,49
27,2018-02-28,良,81,229,57,83,16,24,0.82,53
0,2018-01-01,优,38,14,25,38,14,32,0.97,26
1,2018-01-02,优,27,4,17,26,16,29,1.1,14
2,2018-01-03,优,16,4,9,15,13,22,0.98,14
3,2018-01-04,优,26,40,15,24,14,22,1.29,17
4,2018-01-05,优,46,109,30,51,22,23,1.35,12
5,2018-01-06,优,33,63,17,32,16,18,0.89,28
6,2018-01-07,优,33,67,19,32,16,18,0.84,16
7,2018-01-08,优,33,47,21,32,15,18,0.86,40
8,2018-01-09,良,67,254,47,70,21,19,0.84,55
9,2018-01-10,良,66,252,45,72,26,24,0.74,62
10,2018-01-11,良,75,263,53,91,44,42,0.86,35
11,2018-01-12,良,77,227,51,92,37,39,0.78,43
12,2018-01-13,良,62,66,38,72,27,29,0.63,67
13,2018-01-14,良,84,130,61,102,39,40,0.81,46
14,2018-01-15,良,74,100,53,80,21,34,0.82,33
15,2018-01-16,良,57,43,40,59,27,36,1.09,55
16,2018-01-17,良,86,117,62,95,28,35,1.15,33
17,2018-01-18,良,63,51,45,61,20,30,1.07,15
18,2018-01-19,良,87,125,64,85,20,28,0.88,49
19,2018-01-20,良,56,61,39,55,17,26,1.01,16
20,2018-01-21,优,44,42,30,46,22,30,1.03,31
21,2018-01-22,良,65,145,46,73,26,35,0.99,25
22,2018-01-23,良,57,120,38,59,19,29,0.87,27
23,2018-01-24,良,57,155,36,59,17,23,0.64,56
24,2018-01-25,优,42,127,25,41,12,19,0.9,33
25,2018-01-26,优,29,19,18,27,11,21,0.82,22
26,2018-01-27,优,29,19,19,27,17,19,0.81,25
27,2018-01-28,优,34,42,23,31,18,16,0.81,29
28,2018-01-29,良,59,134,42,52,16,15,0.75,67
29,2018-01-30,轻度污染,101,230,75,94,23,23,0.94,74
30,2018-01-31,良,96,236,71,87,21,27,0.98,53
0,2017-12-01,优,46,106,29,45,11,21,0.7,60
1,2017-12-02,良,57,112,37,63,16,29,0.83,18
2,2017-12-03,良,52,87,35,52,16,25,0.93,8
3,2017-12-04,良,53,114,34,52,17,27,0.85,21
4,2017-12-05,良,59,117,39,63,14,22,0.65,59
5,2017-12-06,良,52,40,35,54,14,29,0.77,39
6,2017-12-07,优,50,49,34,45,12,27,0.96,15
7,2017-12-08,优,50,56,33,55,17,24,0.63,61
8,2017-12-09,良,73,106,50,89,29,38,0.79,58
9,2017-12-10,良,83,180,61,95,27,36,0.9,42
10,2017-12-11,良,90,229,65,113,33,47,0.83,48
11,2017-12-12,良,91,253,67,114,24,36,0.79,53
12,2017-12-13,优,41,51,27,40,11,28,0.78,30
13,2017-12-14,优,37,38,24,37,15,22,0.75,24
14,2017-12-15,优,45,107,31,45,17,26,0.9,16
15,2017-12-16,良,58,179,41,59,16,21,0.72,52
16,2017-12-17,良,81,272,59,85,18,22,0.67,74
17,2017-12-18,良,85,276,62,92,27,28,0.76,48
18,2017-12-19,良,81,242,59,92,25,30,0.71,62
19,2017-12-20,良,90,252,65,104,34,45,0.84,52
20,2017-12-21,良,87,192,58,111,41,55,0.94,39
21,2017-12-22,良,80,96,50,109,60,53,1.06,47
22,2017-12-23,轻度污染,113,174,84,140,49,45,0.98,70
23,2017-12-24,轻度污染,111,225,83,127,43,46,0.91,83
24,2017-12-25,轻度污染,106,290,74,136,44,57,1.07,51
25,2017-12-26,轻度污染,120,262,88,155,59,60,1.12,51
26,2017-12-27,轻度污染,124,242,93,142,37,54,0.92,60
27,2017-12-28,良,64,75,44,64,19,29,0.69,50
28,2017-12-29,良,73,94,52,72,23,34,1.0,35
29,2017-12-30,良,89,143,54,113,18,22,0.75,65
30,2017-12-31,良,90,121,56,128,22,29,0.87,53
0,2017-11-01,良,92,208,66,119,13,45,0.85,55
1,2017-11-02,良,91,187,63,105,15,35,0.79,64
2,2017-11-03,良,80,167,54,94,13,30,0.7,75
3,2017-11-04,良,72,176,39,91,10,27,0.52,89
4,2017-11-05,良,77,199,50,102,13,36,0.7,93
5,2017-11-06,良,89,194,63,123,15,44,0.85,58
6,2017-11-07,轻度污染,106,193,79,124,17,41,0.88,57
7,2017-11-08,轻度污染,112,249,82,132,16,43,0.89,47
8,2017-11-09,良,62,117,38,72,10,30,0.64,36
9,2017-11-10,良,60,130,37,64,8,25,0.61,43
10,2017-11-11,优,46,95,26,46,7,25,0.75,19
11,2017-11-12,优,43,42,26,45,7,21,0.71,17
12,2017-11-13,优,49,86,31,49,10,22,0.78,16
13,2017-11-14,优,33,33,19,32,7,19,0.71,23
14,2017-11-15,优,40,67,22,40,8,24,0.76,27
15,2017-11-16,优,50,108,27,50,9,26,0.68,39
16,2017-11-17,良,60,168,38,66,13,24,0.82,16
17,2017-11-18,优,32,39,17,29,7,15,0.65,54
18,2017-11-19,良,84,306,61,100,15,30,0.87,30
19,2017-11-20,良,56,171,38,53,13,22,0.79,27
20,2017-11-21,良,57,141,37,61,17,23,0.56,46
21,2017-11-22,优,45,94,27,46,14,26,0.62,33
22,2017-11-23,良,61,187,39,69,18,23,0.56,57
23,2017-11-24,良,65,193,44,76,24,30,0.65,37
24,2017-11-25,良,80,226,57,96,30,34,0.71,43
25,2017-11-26,良,75,201,52,92,36,44,0.88,36
26,2017-11-27,良,62,125,35,72,20,33,0.68,52
27,2017-11-28,良,100,229,71,100,19,33,0.83,20
28,2017-11-29,轻度污染,139,349,105,160,20,31,0.91,24
29,2017-11-30,优,43,101,29,43,12,23,0.77,34
0,2017-10-01,优,26,16,10,25,4,12,0.47,43
1,2017-10-02,优,30,46,13,29,5,15,0.48,41
2,2017-10-03,优,31,78,12,30,5,16,0.48,39
3,2017-10-05,优,29,60,12,28,5,12,0.47,42
4,2017-10-06,优,32,52,10,27,4,13,0.46,61
5,2017-10-07,优,31,29,10,22,4,14,0.49,59
6,2017-10-08,优,33,41,9,23,4,14,0.48,55
7,2017-10-09,优,40,139,15,38,6,18,0.52,54
8,2017-10-10,良,56,276,34,57,5,22,0.67,39
9,2017-10-11,优,42,226,27,44,10,21,0.65,23
10,2017-10-12,优,24,45,12,22,4,17,0.6,25
11,2017-10-13,优,27,40,11,25,4,14,0.61,36
12,2017-10-14,优,26,35,12,24,4,16,0.6,33
13,2017-10-15,优,31,79,14,28,6,14,0.5,49
14,2017-10-16,优,31,94,8,17,5,14,0.47,58
15,2017-10-17,优,25,38,7,11,5,17,0.49,47
16,2017-10-18,优,24,19,13,23,6,21,0.6,29
17,2017-10-19,优,26,9,12,25,8,19,0.59,33
18,2017-10-20,优,35,46,18,34,7,18,0.61,27
19,2017-10-21,优,34,35,18,33,6,15,0.57,52
20,2017-10-22,优,41,62,23,40,7,14,0.53,65
21,2017-10-23,良,51,100,27,50,9,15,0.5,89
22,2017-10-24,良,56,97,36,58,9,23,0.56,68
23,2017-10-25,良,67,138,46,76,9,25,0.67,57
24,2017-10-26,良,56,68,34,60,16,28,0.73,35
25,2017-10-27,良,79,155,56,97,20,41,0.91,34
26,2017-10-28,良,75,158,52,87,10,32,0.77,54
27,2017-10-29,良,60,131,36,65,6,17,0.54,90
28,2017-10-30,良,75,251,52,92,7,21,0.6,115
29,2017-10-31,良,73,164,49,88,9,33,0.66,75
0,2017-09-01,优,32,50,11,30,4,17,0.51,31
1,2017-09-02,优,28,34,11,25,5,17,0.58,46
2,2017-09-03,优,44,142,24,43,6,22,0.72,42
3,2017-09-04,优,40,127,22,39,4,17,0.66,33
4,2017-09-05,优,33,69,13,32,6,18,0.64,35
5,2017-09-06,优,28,22,11,24,5,17,0.63,48
6,2017-09-07,优,48,160,22,48,9,26,0.66,55
7,2017-09-08,优,46,131,19,46,6,24,0.66,32
8,2017-09-09,优,30,32,11,28,3,17,0.55,44
9,2017-09-10,优,30,34,11,27,5,16,0.57,54
10,2017-09-11,良,52,202,27,55,9,20,0.59,71
11,2017-09-12,优,49,122,28,52,5,16,0.6,79
12,2017-09-13,良,64,197,41,73,4,24,0.66,74
13,2017-09-14,优,41,49,21,38,6,14,0.65,68
14,2017-09-15,良,53,124,32,56,5,16,0.67,83
15,2017-09-16,良,57,156,33,63,6,25,0.67,64
16,2017-09-17,优,50,118,24,51,6,22,0.63,49
17,2017-09-18,优,39,48,15,38,5,19,0.59,50
18,2017-09-19,优,41,71,20,40,5,18,0.65,52
19,2017-09-20,优,35,52,14,28,7,15,0.58,69
20,2017-09-21,良,56,184,32,62,15,27,0.65,70
21,2017-09-22,良,60,181,39,69,11,30,0.71,35
22,2017-09-23,优,44,88,21,43,5,21,0.61,47
23,2017-09-24,优,30,37,11,29,4,13,0.47,47
24,2017-09-25,优,32,71,12,29,4,16,0.47,51
25,2017-09-26,优,20,6,7,17,4,15,0.47,36
26,2017-09-27,优,27,23,10,25,5,16,0.51,41
27,2017-09-28,优,38,94,16,32,8,15,0.55,55
28,2017-09-29,优,47,135,21,46,5,23,0.59,41
29,2017-09-30,优,37,74,16,36,5,17,0.53,47
0,2017-08-01,良,61,245,37,61,5,32,0.76,64
1,2017-08-02,优,49,215,25,48,7,26,0.68,70
2,2017-08-03,良,57,242,31,63,6,33,0.75,51
3,2017-08-04,优,49,132,26,49,5,30,0.76,42
4,2017-08-05,优,35,59,17,32,4,26,0.67,34
5,2017-08-06,优,28,18,10,25,5,17,0.54,41
6,2017-08-07,优,25,18,9,23,4,15,0.54,44
7,2017-08-08,优,32,55,13,30,5,17,0.58,52
8,2017-08-09,优,42,119,18,39,8,25,0.62,74
9,2017-08-10,良,76,280,36,72,9,36,0.74,81
10,2017-08-11,优,37,74,19,35,4,23,0.63,42
11,2017-08-12,优,33,55,20,33,5,21,0.68,39
12,2017-08-13,优,50,205,30,49,8,28,0.7,46
13,2017-08-14,良,56,244,33,61,7,23,0.74,54
14,2017-08-15,优,37,104,15,34,5,16,0.55,54
15,2017-08-16,优,28,40,10,26,5,16,0.52,36
16,2017-08-17,优,22,18,7,20,4,13,0.44,43
17,2017-08-18,优,24,21,8,23,4,12,0.41,39
18,2017-08-19,优,27,18,10,26,4,11,0.44,37
19,2017-08-20,优,32,34,14,31,6,15,0.49,35
20,2017-08-21,优,37,64,16,36,5,16,0.52,45
21,2017-08-22,优,41,82,18,40,5,18,0.57,51
22,2017-08-23,良,52,215,28,54,4,11,0.56,84
23,2017-08-24,优,31,47,18,28,4,12,0.52,54
24,2017-08-25,优,21,4,9,18,4,18,0.52,33
25,2017-08-26,优,38,107,18,36,4,20,0.57,39
26,2017-08-27,优,32,62,15,29,4,19,0.51,48
27,2017-08-28,优,30,69,17,28,4,15,0.52,44
28,2017-08-29,优,25,21,9,23,5,19,0.53,32
29,2017-08-30,优,22,17,8,20,4,17,0.48,28
30,2017-08-31,优,25,34,8,24,4,17,0.49,30
0,2017-07-01,优,38,114,22,33,6,23,0.74,55
1,2017-07-02,良,54,212,31,53,5,27,0.82,53
2,2017-07-03,优,42,136,18,35,5,19,0.61,65
3,2017-07-04,良,55,181,25,47,6,26,0.66,66
4,2017-07-05,优,21,8,9,19,4,15,0.52,33
5,2017-07-06,优,21,12,8,19,3,12,0.49,36
6,2017-07-07,优,23,26,11,21,3,19,0.63,31
7,2017-07-08,优,24,24,12,22,3,20,0.63,30
8,2017-07-09,优,39,139,20,30,5,26,0.67,63
9,2017-07-10,良,56,209,31,54,8,31,0.82,54
10,2017-07-11,优,39,82,22,36,5,23,0.63,36
11,2017-07-12,优,16,2,6,13,4,15,0.5,31
12,2017-07-13,优,18,3,7,17,4,12,0.46,31
13,2017-07-14,优,20,11,8,18,4,13,0.48,33
14,2017-07-15,优,25,27,10,23,5,16,0.51,34
15,2017-07-16,优,33,56,12,29,4,20,0.58,43
16,2017-07-17,优,31,45,12,26,4,21,0.54,41
17,2017-07-18,优,30,54,12,28,5,20,0.53,38
18,2017-07-19,优,26,38,10,25,4,16,0.53,38
19,2017-07-20,优,21,10,9,20,4,21,0.56,25
20,2017-07-21,优,18,1,8,16,3,14,0.51,29
21,2017-07-22,优,23,12,9,20,4,16,0.48,37
22,2017-07-23,优,37,63,15,35,6,20,0.56,32
23,2017-07-24,良,51,133,22,54,7,25,0.64,46
24,2017-07-25,优,33,40,15,30,4,19,0.56,48
25,2017-07-26,优,37,46,15,35,5,22,0.56,40
26,2017-07-27,优,44,85,18,41,7,23,0.57,46
27,2017-07-28,良,54,161,27,56,6,32,0.68,52
28,2017-07-29,良,68,272,40,82,9,35,0.84,58
29,2017-07-30,良,68,224,47,82,6,35,0.82,66
30,2017-07-31,良,60,195,40,64,6,32,0.78,56
0,2017-06-01,优,49,114,27,42,4,14,0.62,86
1,2017-06-02,良,67,208,35,55,11,18,0.59,106
2,2017-06-03,优,35,35,23,32,3,19,0.61,49
3,2017-06-04,优,35,32,22,34,4,20,0.67,48
4,2017-06-05,优,42,80,11,20,6,16,0.61,82
5,2017-06-06,良,51,200,22,42,6,29,0.68,63
6,2017-06-07,良,57,170,21,43,7,29,0.64,70
7,2017-06-08,优,29,23,9,22,4,14,0.46,52
8,2017-06-09,优,25,18,8,19,4,12,0.43,48
9,2017-06-10,优,30,56,15,27,5,17,0.56,46
10,2017-06-11,优,32,46,18,30,6,21,0.65,37
11,2017-06-12,优,28,25,16,24,6,22,0.6,44
12,2017-06-13,优,33,61,20,30,5,20,0.7,38
13,2017-06-14,优,24,11,13,23,3,18,0.66,32
14,2017-06-15,优,26,10,16,24,4,20,0.64,33
15,2017-06-16,优,26,18,14,23,5,19,0.65,42
16,2017-06-17,优,39,68,21,36,8,20,0.68,44
17,2017-06-18,优,44,76,24,44,6,24,0.64,49
18,2017-06-19,良,54,172,35,54,5,31,0.72,33
19,2017-06-20,良,54,164,34,55,8,27,0.76,43
20,2017-06-21,良,55,160,32,57,7,30,0.76,51
21,2017-06-22,优,24,8,13,22,3,23,0.66,31
22,2017-06-23,优,20,7,11,18,3,22,0.63,30
23,2017-06-24,优,22,7,11,20,4,24,0.7,31
24,2017-06-25,优,33,77,10,18,5,15,0.52,63
25,2017-06-26,优,25,9,13,19,4,21,0.6,48
26,2017-06-27,优,25,12,13,19,3,25,0.61,44
27,2017-06-28,优,42,82,26,38,9,24,0.7,56
28,2017-06-29,优,22,15,12,18,4,25,0.71,27
29,2017-06-30,优,18,6,10,15,4,25,0.72,23
0,2017-05-01,优,47,24,30,41,6,20,0.81,73
1,2017-05-02,良,57,106,34,56,4,20,0.73,80
2,2017-05-03,良,61,202,27,52,5,13,0.58,106
3,2017-05-04,良,60,195,14,26,6,13,0.49,107
4,2017-05-05,优,48,48,28,47,6,25,0.63,68
5,2017-05-06,优,36,11,20,30,4,17,0.54,52
6,2017-05-07,优,30,13,18,28,4,20,0.6,28
7,2017-05-08,优,44,55,27,42,7,22,0.58,70
8,2017-05-09,良,60,162,36,63,6,30,0.76,61
9,2017-05-10,优,44,23,27,42,4,19,0.61,76
10,2017-05-11,优,45,35,20,32,4,13,0.52,87
11,2017-05-12,良,56,138,18,36,7,17,0.47,102
12,2017-05-13,良,73,235,34,64,8,36,0.64,81
13,2017-05-14,良,58,123,37,55,5,29,0.65,66
14,2017-05-15,良,53,142,35,50,5,22,0.59,74
15,2017-05-16,良,59,156,29,50,8,24,0.6,91
16,2017-05-17,良,74,191,43,73,9,37,0.74,75
17,2017-05-18,优,49,32,25,40,4,17,0.51,88
18,2017-05-19,优,37,20,13,22,4,15,0.54,70
19,2017-05-20,优,35,13,8,14,3,14,0.59,66
20,2017-05-20,优,35,13,8,14,3,14,0.59,66
21,2017-05-21,优,25,6,10,17,4,21,0.74,38
22,2017-05-22,优,30,24,16,29,5,21,0.79,30
23,2017-05-23,优,33,27,13,27,6,20,0.53,58
24,2017-05-24,优,41,87,13,23,4,13,0.48,81
25,2017-05-25,优,49,98,17,27,6,17,0.45,92
26,2017-05-26,良,61,132,28,47,9,29,0.6,83
27,2017-05-27,良,65,93,31,57,10,36,0.65,75
28,2017-05-28,良,71,95,29,57,9,37,0.64,86
29,2017-05-29,良,64,93,25,48,8,26,0.52,102
30,2017-05-30,良,80,233,43,65,6,18,0.66,136
31,2017-05-31,良,66,145,46,66,5,18,0.73,98
0,2017-04-01,良,62,133,32,61,17,40,0.66,78
1,2017-04-02,良,58,61,29,60,14,35,0.56,89
2,2017-04-03,良,67,95,35,59,8,19,0.62,120
3,2017-04-04,良,63,88,41,61,7,19,0.64,106
4,2017-04-05,良,52,56,29,48,6,18,0.59,93
5,2017-04-06,优,47,47,27,42,6,32,0.65,77
6,2017-04-07,良,54,98,31,56,6,21,0.64,87
7,2017-04-08,良,60,163,39,62,6,22,0.69,98
8,2017-04-09,良,67,302,41,66,6,23,0.73,109
9,2017-04-10,良,55,193,35,59,5,17,0.88,65
10,2017-04-11,优,43,86,23,39,5,17,0.81,69
11,2017-04-12,优,45,69,24,39,6,20,0.71,76
12,2017-04-13,良,74,208,48,80,18,39,0.84,77
13,2017-04-14,良,66,117,41,76,12,36,0.87,93
14,2017-04-15,良,71,130,51,76,7,21,0.85,106
15,2017-04-16,良,69,150,49,77,8,21,0.82,93
16,2017-04-17,优,49,75,22,39,10,21,0.53,83
17,2017-04-18,良,67,158,43,76,14,33,0.69,47
18,2017-04-19,优,42,34,21,39,6,21,0.61,70
19,2017-04-20,良,64,179,38,69,8,27,0.73,68
20,2017-04-21,优,45,70,11,26,5,12,0.41,90
21,2017-04-22,良,52,88,20,48,8,21,0.45,85
22,2017-04-23,良,53,71,23,56,9,34,0.51,61
23,2017-04-23,良,53,71,23,56,9,34,0.51,61
24,2017-04-24,优,40,34,22,39,7,27,0.58,53
25,2017-04-25,优,31,9,18,30,6,25,0.65,47
26,2017-04-26,优,35,29,17,25,6,22,0.62,51
27,2017-04-27,优,40,54,14,21,4,17,0.62,79
28,2017-04-28,良,52,58,34,50,10,25,0.67,63
29,2017-04-29,良,73,147,51,84,12,39,0.92,47
30,2017-04-30,良,62,66,40,68,6,25,0.73,87
0,2017-03-01,良,87,235,64,93,33,32,0.83,71
1,2017-03-02,良,85,310,61,110,40,49,0.94,50
2,2017-03-03,良,85,238,62,105,29,41,0.84,78
3,2017-03-04,良,98,229,72,95,19,34,0.86,49
4,2017-03-05,良,77,199,56,70,12,24,0.74,61
5,2017-03-06,良,61,176,41,56,12,21,0.62,84
6,2017-03-07,良,58,162,41,54,10,25,0.7,69
7,2017-03-08,优,47,60,33,44,13,25,0.8,72
8,2017-03-09,优,49,53,34,46,10,29,0.79,49
9,2017-03-10,优,39,25,26,37,12,26,0.82,39
10,2017-03-11,优,47,56,31,46,12,28,0.92,39
11,2017-03-12,优,46,75,30,45,18,35,1.37,25
12,2017-03-13,优,43,96,28,42,11,22,0.96,45
13,2017-03-14,优,43,83,21,34,10,18,0.79,73
14,2017-03-15,优,33,20,22,31,7,25,0.74,32
15,2017-03-16,优,37,22,21,33,10,21,0.69,52
16,2017-03-17,优,27,7,18,25,10,30,0.81,25
17,2017-03-18,优,41,46,28,41,17,35,0.94,35
18,2017-03-19,优,46,66,32,46,18,33,1.09,17
19,2017-03-20,良,55,113,38,55,16,25,0.84,40
20,2017-03-21,优,35,17,23,33,10,27,0.9,42
21,2017-03-22,优,43,75,30,46,16,32,0.96,38
22,2017-03-23,良,63,210,42,69,13,28,0.82,57
23,2017-03-24,优,44,60,30,44,11,20,0.74,33
24,2017-03-25,优,37,47,19,30,9,20,0.61,66
25,2017-03-26,良,71,201,37,90,21,33,0.66,68
26,2017-03-27,良,69,144,35,87,22,36,0.71,60
27,2017-03-28,良,70,140,46,78,14,29,0.68,57
28,2017-03-29,良,65,102,43,75,16,39,0.79,37
29,2017-03-30,优,40,25,22,36,12,27,0.73,62
30,2017-03-31,优,45,73,25,37,10,21,0.66,86
0,2017-02-01,良,51,109,35,42,10,14,1.26,34
1,2017-02-02,优,27,8,17,23,10,16,1.08,28
2,2017-02-03,优,40,40,28,38,19,18,1.16,17
3,2017-02-04,良,65,101,46,63,44,33,1.4,27
4,2017-02-05,良,58,107,41,56,27,28,1.19,38
5,2017-02-06,良,52,105,36,51,22,27,1.03,37
6,2017-02-07,优,43,74,29,39,16,25,0.9,41
7,2017-02-08,优,30,17,16,23,14,14,1.01,59
8,2017-02-09,良,59,175,40,57,18,16,0.88,65
9,2017-02-10,良,58,129,41,53,19,13,0.71,79
10,2017-02-11,良,55,56,35,48,27,14,0.57,90
11,2017-02-12,良,65,76,45,69,48,38,0.88,59
12,2017-02-13,良,74,107,53,85,41,39,1.01,63
13,2017-02-14,良,85,128,62,89,24,30,0.86,98
14,2017-02-15,轻度污染,118,218,89,118,22,39,1.1,78
15,2017-02-16,良,79,124,57,82,25,37,0.96,74
16,2017-02-17,良,69,155,48,74,18,31,0.81,76
17,2017-02-18,轻度污染,109,246,79,111,16,32,0.8,67
18,2017-02-19,良,56,41,37,61,11,23,0.59,92
19,2017-02-20,良,58,90,38,61,9,22,0.59,89
20,2017-02-21,良,55,141,36,57,8,19,0.69,82
21,2017-02-22,优,31,14,20,29,9,17,0.79,44
22,2017-02-23,优,41,62,25,40,11,15,0.55,66
23,2017-02-24,优,46,92,30,42,14,19,0.6,54
24,2017-02-25,良,51,98,35,49,18,20,0.64,53
25,2017-02-26,良,58,110,40,58,28,26,0.72,51
26,2017-02-27,良,53,52,37,52,21,26,0.61,64
27,2017-02-28,良,79,152,57,87,28,36,0.74,50
0,2017-01-01,良,95,109,68,123,43,48,1.25,34
1,2017-01-02,良,96,107,71,101,24,34,1.08,40
2,2017-01-03,轻度污染,103,112,76,104,18,39,1.3,9
3,2017-01-04,优,40,20,24,39,16,27,0.81,21
4,2017-01-05,优,37,21,18,36,19,27,0.58,32
5,2017-01-06,优,42,65,20,42,20,28,0.64,32
6,2017-01-07,良,54,138,37,53,12,22,1.03,35
7,2017-01-08,优,37,27,21,35,11,20,1.15,43
8,2017-01-09,优,48,61,33,52,14,26,1.24,24
9,2017-01-10,优,37,28,23,36,11,22,1.16,22
10,2017-01-11,优,24,8,12,19,9,20,1.01,41
11,2017-01-12,优,38,50,25,35,16,22,0.83,36
12,2017-01-13,良,58,144,40,59,28,30,0.88,42
13,2017-01-14,优,44,79,30,42,14,23,0.85,36
14,2017-01-15,优,42,74,29,39,15,21,0.77,46
15,2017-01-16,良,62,128,44,56,12,27,0.93,27
16,2017-01-17,优,48,60,34,47,18,28,0.99,39
17,2017-01-18,优,33,15,22,30,13,26,1.01,26
18,2017-01-19,优,43,50,30,39,16,23,0.88,39
19,2017-01-20,良,70,193,51,66,17,20,0.8,77
20,2017-01-21,良,79,194,58,70,23,27,1.01,61
21,2017-01-22,轻度污染,116,288,87,118,41,42,1.33,37
22,2017-01-23,良,82,172,59,84,34,34,0.94,65
23,2017-01-24,良,86,175,63,86,27,31,0.95,60
24,2017-01-25,轻度污染,108,188,81,111,40,31,1.0,55
25,2017-01-26,轻度污染,104,170,78,103,36,32,1.1,59
26,2017-01-27,良,77,129,57,69,21,20,1.06,41
27,2017-01-28,良,74,70,53,69,13,11,0.64,85
28,2017-01-29,良,61,114,43,55,19,14,0.9,71
29,2017-01-30,良,70,221,50,62,13,15,0.98,50
30,2017-01-31,良,74,215,53,67,10,17,1.05,41
0,2016-12-01,良,70,127,50,72,20,28,0.67,44
1,2016-12-02,良,59,75,38,65,14,24,0.59,49
2,2016-12-03,良,63,64,45,66,16,28,0.78,20
3,2016-12-04,良,69,73,48,83,31,44,1.04,30
4,2016-12-05,轻度污染,108,220,80,130,28,41,1.42,34
5,2016-12-06,良,68,103,47,78,24,36,0.79,62
6,2016-12-07,轻度污染,113,202,84,145,41,53,1.09,40
7,2016-12-08,中度污染,170,297,128,195,42,63,1.6,39
8,2016-12-09,轻度污染,124,247,93,146,30,47,1.27,59
9,2016-12-10,轻度污染,113,245,85,137,25,48,1.02,37
10,2016-12-11,良,86,156,63,97,20,34,0.71,91
11,2016-12-12,轻度污染,101,188,75,110,21,40,0.96,52
12,2016-12-13,良,86,215,63,86,18,32,0.98,46
13,2016-12-14,良,63,187,45,61,10,22,0.85,47
14,2016-12-15,良,92,229,68,98,20,22,0.83,70
15,2016-12-16,良,82,149,57,93,25,32,0.77,79
16,2016-12-17,良,67,67,43,81,35,41,0.77,63
17,2016-12-18,良,73,79,52,87,28,38,0.84,76
18,2016-12-19,良,97,110,71,92,13,37,1.06,23
19,2016-12-20,优,49,36,34,48,13,29,1.13,14
20,2016-12-21,良,61,117,44,60,19,27,0.99,34
21,2016-12-22,良,94,234,70,92,21,33,0.99,43
22,2016-12-23,良,63,125,43,68,20,39,0.99,25
23,2016-12-24,良,52,48,35,53,17,35,1.2,22
24,2016-12-25,良,59,136,41,61,19,26,1.2,17
25,2016-12-26,优,34,42,21,33,16,25,1.03,22
26,2016-12-27,良,52,140,34,53,21,25,0.84,32
27,2016-12-28,良,69,163,48,83,34,41,0.9,35
28,2016-12-29,良,56,83,33,61,27,28,0.66,65
29,2016-12-30,良,64,73,39,75,38,39,0.84,60
30,2016-12-31,良,90,105,66,116,45,53,1.23,37
0,2016-11-01,优,38,82,25,36,5,15,0.73,47
1,2016-11-02,优,45,101,28,45,7,22,0.85,33
2,2016-11-03,良,64,137,45,66,14,32,0.93,26
3,2016-11-04,良,72,136,48,89,18,40,1.09,24
4,2016-11-05,良,62,65,42,69,12,37,0.85,27
5,2016-11-06,良,54,52,36,55,8,34,0.86,28
6,2016-11-07,优,31,21,20,28,6,24,0.76,43
7,2016-11-08,优,22,11,10,15,5,17,0.6,44
8,2016-11-09,优,29,56,15,21,6,19,0.7,36
9,2016-11-10,良,52,141,30,54,18,31,0.79,68
10,2016-11-11,良,54,117,33,58,13,33,0.87,38
11,2016-11-12,良,55,68,37,56,9,31,1.01,14
12,2016-11-13,良,53,63,37,52,9,24,1.08,9
13,2016-11-14,良,54,68,37,55,14,27,0.96,20
14,2016-11-15,良,77,175,55,84,19,39,0.9,46
15,2016-11-16,优,49,57,30,50,11,28,0.71,44
16,2016-11-17,良,58,103,36,63,10,26,0.78,42
17,2016-11-18,优,49,45,28,50,9,26,0.6,60
18,2016-11-19,良,54,68,33,58,10,30,0.69,57
19,2016-11-20,良,67,197,39,83,12,38,0.8,43
20,2016-11-21,良,64,234,37,77,12,34,0.76,48
21,2016-11-22,良,56,294,32,63,9,32,0.73,44
22,2016-11-23,优,30,99,17,29,7,16,0.78,26
23,2016-11-24,优,48,129,30,50,11,21,0.68,36
24,2016-11-25,优,45,87,30,43,13,21,0.78,25
25,2016-11-26,优,35,65,21,36,17,25,0.87,31
26,2016-11-27,良,76,142,51,92,31,38,1.1,40
27,2016-11-28,良,53,65,29,58,22,31,0.67,61
28,2016-11-29,良,56,71,39,56,12,31,0.76,46
29,2016-11-30,良,52,50,36,47,15,23,0.74,49
0,2016-10-01,优,41,78,21,40,5,21,0.54,55
1,2016-10-02,良,56,189,34,60,6,28,0.71,49
2,2016-10-03,良,62,215,32,67,7,34,0.72,56
3,2016-10-04,良,66,233,33,77,7,38,0.7,55
4,2016-10-05,良,67,217,31,65,9,28,0.53,90
5,2016-10-06,良,78,280,37,78,8,29,0.59,112
6,2016-10-07,良,85,323,57,101,11,29,0.66,110
7,2016-10-08,良,62,244,42,63,6,25,0.82,47
8,2016-10-09,良,66,284,47,74,6,25,0.76,80
9,2016-10-10,良,60,214,41,60,5,22,0.72,78
10,2016-10-11,良,68,259,48,62,3,22,0.72,69
11,2016-10-12,良,57,181,40,53,3,24,0.69,58
12,2016-10-13,良,59,166,41,59,8,21,0.75,46
13,2016-10-14,良,67,221,44,70,7,30,0.65,36
14,2016-10-15,良,59,180,32,65,10,32,0.72,32
15,2016-10-16,优,45,52,27,47,6,26,0.83,13
16,2016-10-17,优,41,54,26,41,6,26,0.85,15
17,2016-10-18,优,47,86,27,48,6,26,0.67,32
18,2016-10-19,优,38,82,23,38,5,27,0.66,38
19,2016-10-20,优,21,3,10,17,4,24,0.78,35
20,2016-10-21,优,42,161,21,43,7,28,0.86,20
21,2016-10-22,良,53,253,29,56,10,28,0.89,45
22,2016-10-23,优,45,209,22,45,5,27,0.68,46
23,2016-10-24,优,50,190,29,51,5,22,0.65,68
24,2016-10-25,优,49,157,28,48,5,19,0.62,65
25,2016-10-26,优,33,61,11,30,4,13,0.46,49
26,2016-10-27,优,33,60,13,32,5,14,0.44,45
27,2016-10-28,优,41,153,23,40,5,18,0.79,38
28,2016-10-29,优,20,12,9,15,3,17,0.71,37
29,2016-10-30,优,31,36,13,25,6,20,0.71,42
30,2016-10-31,优,36,76,23,34,6,22,0.73,23
0,2016-09-01,优,41,106,22,40,7,19,0.57,73
1,2016-09-02,良,60,201,31,61,7,30,0.64,68
2,2016-09-03,良,75,232,38,85,9,35,0.67,72
3,2016-09-04,良,73,217,45,87,9,33,0.65,79
4,2016-09-05,良,88,277,64,93,8,20,0.71,82
5,2016-09-06,良,73,257,53,82,7,19,0.63,100
6,2016-09-07,良,82,341,59,85,7,25,0.71,63
7,2016-09-08,良,72,245,51,83,7,31,0.76,52
8,2016-09-09,良,60,182,40,65,5,28,0.76,45
9,2016-09-10,优,42,119,18,33,5,14,0.49,86
10,2016-09-11,良,61,232,36,59,7,23,0.58,85
11,2016-09-12,良,70,251,43,74,6,33,0.66,80
12,2016-09-13,良,59,163,41,63,6,28,0.65,61
13,2016-09-14,良,68,218,44,70,6,25,0.62,93
14,2016-09-15,良,69,256,45,67,6,16,0.57,117
15,2016-09-16,良,53,190,32,55,8,19,0.62,91
16,2016-09-17,良,66,273,40,69,6,25,0.58,85
17,2016-09-18,良,60,248,33,69,6,33,0.56,51
18,2016-09-19,良,68,305,40,73,8,25,0.53,100
19,2016-09-20,良,85,343,62,92,6,18,0.61,111
20,2016-09-21,良,90,318,66,95,6,23,0.7,98
21,2016-09-22,良,78,234,51,91,16,43,0.76,70
22,2016-09-23,良,71,200,46,87,9,43,0.74,72
23,2016-09-24,良,73,201,49,86,7,32,0.7,74
24,2016-09-25,良,52,101,28,52,5,19,0.51,69
25,2016-09-26,优,37,28,15,37,6,22,0.49,44
26,2016-09-27,良,58,197,31,65,9,22,0.76,58
27,2016-09-28,优,47,199,23,47,8,16,0.57,82
28,2016-09-29,优,47,173,24,47,8,20,0.64,72
29,2016-09-30,良,54,179,31,55,6,25,0.67,51
0,2016-08-01,良,62,254,26,67,7,28,0.57,57
1,2016-08-02,良,62,286,33,64,5,19,0.52,84
2,2016-08-03,优,30,65,12,22,3,13,0.44,55
3,2016-08-04,优,22,7,8,13,3,20,0.5,41
4,2016-08-05,优,27,28,14,27,4,25,0.6,35
5,2016-08-06,优,48,168,26,50,6,29,0.72,26
6,2016-08-07,优,47,195,22,46,6,28,0.68,49
7,2016-08-08,良,66,317,32,60,7,29,0.7,80
8,2016-08-09,良,61,274,38,58,5,24,0.69,87
9,2016-08-10,良,55,232,31,56,5,25,0.68,64
10,2016-08-11,优,39,93,21,37,4,19,0.58,60
11,2016-08-12,优,42,119,20,41,5,20,0.58,53
12,2016-08-13,优,40,116,21,39,4,21,0.57,43
13,2016-08-14,优,39,101,19,35,4,18,0.54,49
14,2016-08-15,优,36,96,19,32,4,17,0.59,43
15,2016-08-16,良,59,254,39,57,4,27,0.8,35
16,2016-08-17,良,59,202,37,64,4,23,0.72,46
17,2016-08-18,良,56,191,33,61,4,22,0.6,59
18,2016-08-19,优,46,157,27,46,4,17,0.57,62
19,2016-08-20,优,35,48,14,34,5,22,0.53,43
20,2016-08-21,良,55,169,23,56,6,25,0.65,46
21,2016-08-22,良,55,148,32,59,5,23,0.69,50
22,2016-08-23,良,61,185,38,68,7,31,0.79,55
23,2016-08-24,良,63,179,35,71,10,31,0.76,57
24,2016-08-25,良,75,276,41,83,8,32,0.78,74
25,2016-08-26,良,66,326,42,85,7,38,0.83,37
26,2016-08-27,优,37,46,19,36,4,19,0.65,57
27,2016-08-28,优,46,101,25,45,5,16,0.49,86
28,2016-08-29,良,63,199,32,60,8,23,0.55,100
29,2016-08-30,良,69,225,46,78,7,30,0.67,59
30,2016-08-31,良,53,126,36,48,3,27,0.71,39
0,2016-07-01,优,33,125,11,29,4,21,0.52,61
1,2016-07-02,优,47,181,20,48,8,25,0.55,51
2,2016-07-03,优,36,120,12,35,5,19,0.51,35
3,2016-07-04,优,39,138,18,37,4,18,0.52,54
4,2016-07-05,优,31,80,11,29,3,16,0.47,49
5,2016-07-06,优,23,22,8,22,3,18,0.43,28
6,2016-07-07,优,31,55,11,29,4,18,0.44,37
7,2016-07-08,优,32,71,10,31,5,17,0.44,47
8,2016-07-09,优,41,122,16,39,5,20,0.51,50
9,2016-07-10,优,47,144,18,47,5,23,0.57,47
10,2016-07-11,优,42,118,21,40,5,24,0.59,52
11,2016-07-12,良,51,189,26,50,6,21,0.59,57
12,2016-07-13,优,44,156,18,43,4,24,0.58,50
13,2016-07-14,优,38,110,13,34,5,16,0.49,60
14,2016-07-15,优,38,97,13,34,7,29,0.58,60
15,2016-07-16,优,45,141,20,46,6,26,0.62,35
16,2016-07-17,优,29,37,12,28,5,21,0.52,35
17,2016-07-18,优,36,74,13,35,5,16,0.5,41
18,2016-07-19,优,37,97,16,36,4,18,0.54,43
19,2016-07-20,优,34,83,14,33,4,17,0.51,38
20,2016-07-21,优,33,65,11,32,4,14,0.43,47
21,2016-07-22,优,33,58,11,32,5,14,0.41,48
22,2016-07-23,优,34,63,11,33,5,15,0.42,41
23,2016-07-24,优,37,59,13,36,5,16,0.43,50
24,2016-07-25,优,43,86,15,42,5,21,0.44,53
25,2016-07-26,良,52,147,19,53,7,25,0.5,52
26,2016-07-27,良,57,168,27,62,6,25,0.55,61
27,2016-07-28,优,49,104,20,47,7,20,0.42,59
28,2016-07-29,优,32,33,12,31,5,16,0.39,41
29,2016-07-30,优,36,48,13,34,6,19,0.43,44
30,2016-07-31,优,48,131,17,48,8,23,0.49,46
0,2016-06-01,优,41,68,13,40,4,18,0.46,68
1,2016-06-02,优,43,93,16,41,5,19,0.52,67
2,2016-06-03,优,42,98,18,34,6,19,0.8,80
3,2016-06-04,良,71,255,39,73,7,27,0.8,73
4,2016-06-05,良,69,235,28,62,8,26,0.59,92
5,2016-06-06,良,82,294,38,89,7,33,0.66,83
6,2016-06-07,优,44,61,19,39,4,21,0.49,68
7,2016-06-08,良,51,106,28,52,6,23,0.59,56
8,2016-06-09,优,48,106,24,46,4,19,0.6,57
9,2016-06-10,良,57,175,37,59,5,19,0.63,63
10,2016-06-11,优,43,125,22,43,6,20,0.63,53
11,2016-06-12,优,41,104,22,41,6,24,0.67,41
12,2016-06-13,良,61,206,28,62,7,26,0.72,60
13,2016-06-14,优,42,76,18,41,6,23,0.61,41
14,2016-06-15,优,33,41,12,25,4,16,0.48,58
15,2016-06-16,良,57,157,21,54,11,23,0.45,89
16,2016-06-17,良,52,120,20,55,7,24,0.46,54
17,2016-06-18,优,41,101,13,40,5,17,0.46,43
18,2016-06-19,优,40,120,14,39,5,15,0.44,46
19,2016-06-20,优,28,44,11,27,4,16,0.47,37
20,2016-06-21,优,35,63,12,34,5,17,0.51,39
21,2016-06-22,优,36,68,12,35,4,16,0.43,50
22,2016-06-23,优,41,113,12,40,5,14,0.41,56
23,2016-06-24,优,40,130,13,39,5,16,0.42,56
24,2016-06-25,优,42,139,17,40,7,18,0.52,70
25,2016-06-26,优,47,141,21,49,5,21,0.52,53
26,2016-06-27,优,45,130,16,45,6,20,0.49,50
27,2016-06-28,良,56,191,33,65,4,22,0.55,35
28,2016-06-29,良,51,173,24,53,5,25,0.57,38
29,2016-06-30,优,40,122,13,39,5,19,0.41,45
0,2016-05-01,良,57,84,29,63,6,25,0.75,55
1,2016-05-02,良,67,191,41,80,7,27,0.72,79
2,2016-05-03,良,78,310,49,105,7,35,0.8,60
3,2016-05-04,良,55,83,27,55,4,22,0.54,93
4,2016-05-05,良,70,210,35,75,6,31,0.64,90
5,2016-05-06,良,73,163,45,92,5,30,0.73,84
6,2016-05-07,良,69,215,38,75,6,19,0.59,110
7,2016-05-08,良,51,128,19,41,4,17,0.54,79
8,2016-05-09,优,37,35,14,35,5,21,0.62,63
9,2016-05-10,良,64,192,27,66,9,32,0.58,80
10,2016-05-11,良,74,156,33,87,10,38,0.62,76
11,2016-05-12,良,61,79,31,70,8,24,0.61,94
12,2016-05-13,优,47,53,25,46,4,25,0.75,79
13,2016-05-14,优,46,67,16,37,4,16,0.55,89
14,2016-05-15,良,58,254,18,56,5,16,0.34,102
15,2016-05-16,良,82,330,41,106,10,33,0.49,87
16,2016-05-17,良,71,160,32,91,7,28,0.47,78
17,2016-05-18,良,86,249,46,120,5,25,0.54,98
18,2016-05-19,良,63,106,40,75,5,24,0.63,62
19,2016-05-20,良,71,224,47,75,7,21,0.59,103
20,2016-05-21,优,48,155,21,42,4,16,0.57,85
21,2016-05-22,优,50,159,28,51,4,20,0.51,79
22,2016-05-23,优,35,45,20,34,4,22,0.54,42
23,2016-05-24,优,33,17,19,32,4,27,0.56,43
24,2016-05-25,优,26,8,10,24,4,17,0.53,43
25,2016-05-26,优,27,24,13,26,4,20,0.57,38
26,2016-05-27,优,31,36,18,29,3,25,0.66,26
27,2016-05-28,优,40,83,24,40,5,20,0.54,37
28,2016-05-29,良,57,166,33,55,7,24,0.6,77
29,2016-05-30,优,45,67,21,46,5,21,0.57,47
30,2016-05-31,优,37,49,11,36,4,14,0.46,61
0,2016-04-01,良,61,68,42,66,9,34,0.94,42
1,2016-04-02,良,84,207,59,103,11,31,0.9,75
2,2016-04-03,良,89,324,65,92,10,40,1.08,42
3,2016-04-04,良,78,285,53,88,8,26,0.73,62
4,2016-04-05,良,68,208,46,83,7,21,0.65,91
5,2016-04-06,良,84,277,61,96,5,20,0.79,87
6,2016-04-07,优,42,83,24,42,5,22,0.63,55
7,2016-04-08,优,43,59,22,44,6,23,0.59,54
8,2016-04-09,优,49,104,30,53,5,24,0.6,45
9,2016-04-10,优,46,85,23,48,8,21,0.53,65
10,2016-04-11,良,58,129,31,64,8,28,0.57,63
11,2016-04-12,良,51,65,30,53,5,30,0.65,52
12,2016-04-13,优,37,18,16,35,5,22,0.5,72
13,2016-04-14,良,61,113,36,69,6,23,0.61,76
14,2016-04-15,良,69,180,39,86,6,27,0.65,81
15,2016-04-16,良,61,212,20,57,9,24,0.54,104
16,2016-04-17,良,57,188,25,62,6,28,0.43,71
17,2016-04-18,良,63,257,27,75,8,33,0.48,61
18,2016-04-19,良,63,184,28,75,8,29,0.51,76
19,2016-04-20,良,51,133,25,49,8,24,0.55,84
20,2016-04-21,良,64,176,35,76,8,39,0.6,52
21,2016-04-22,良,53,91,36,56,5,30,0.59,44
22,2016-04-23,优,44,77,23,44,8,22,0.49,77
23,2016-04-24,优,47,93,27,46,6,28,0.58,39
24,2016-04-25,优,42,55,23,42,5,27,0.63,30
25,2016-04-26,优,43,61,24,44,6,25,0.61,46
26,2016-04-27,良,58,151,36,63,9,34,0.68,62
27,2016-04-28,良,60,129,35,70,7,42,0.7,50
28,2016-04-29,良,58,62,37,64,6,33,0.64,49
29,2016-04-30,良,55,52,33,58,6,31,0.68,36
0,2016-03-01,良,73,140,36,88,21,36,0.62,88
1,2016-03-02,良,82,126,52,100,24,41,0.76,107
2,2016-03-03,良,81,139,57,100,15,33,0.67,89
3,2016-03-04,良,74,110,53,85,12,28,0.68,65
4,2016-03-05,优,49,36,26,48,12,27,0.61,68
5,2016-03-06,良,61,63,37,70,14,33,0.75,50
6,2016-03-07,良,63,96,43,72,10,23,0.67,87
7,2016-03-08,良,67,225,47,78,9,22,0.69,92
8,2016-03-09,优,39,112,15,33,5,14,0.74,63
9,2016-03-10,优,34,60,16,29,10,14,0.52,65
10,2016-03-11,良,70,211,50,74,18,26,0.71,70
11,2016-03-12,良,66,108,45,77,18,30,0.76,55
12,2016-03-13,优,50,84,30,48,17,24,0.76,49
13,2016-03-14,良,74,133,47,96,28,32,0.63,95
14,2016-03-15,良,57,43,35,63,15,32,0.79,58
15,2016-03-16,优,48,44,27,50,14,33,0.88,46
16,2016-03-17,良,55,70,36,56,10,28,0.89,49
17,2016-03-18,良,78,126,54,94,18,33,0.89,80
18,2016-03-19,良,80,146,58,95,12,32,0.87,78
19,2016-03-20,良,92,217,67,97,8,26,0.85,81
20,2016-03-21,优,43,49,20,37,5,22,0.8,64
21,2016-03-22,优,43,70,26,45,7,28,0.97,23
22,2016-03-23,优,34,41,18,32,7,25,0.85,43
23,2016-03-24,良,66,257,43,62,7,20,0.59,94
24,2016-03-25,良,75,276,53,82,13,35,0.78,87
25,2016-03-26,良,63,121,43,72,14,39,0.78,53
26,2016-03-27,良,93,294,68,116,28,44,1.08,29
27,2016-03-28,良,64,79,41,72,11,28,0.57,69
28,2016-03-29,良,53,40,34,54,11,41,0.79,46
29,2016-03-30,优,49,33,27,53,16,35,0.83,56
30,2016-03-31,良,64,89,40,76,13,40,0.89,33
0,2016-02-01,优,49,91,32,43,18,17,0.99,57
1,2016-02-02,良,100,201,74,92,29,20,1.1,66
2,2016-02-03,良,88,144,64,88,40,25,0.85,67
3,2016-02-04,良,82,174,60,75,30,25,0.97,44
4,2016-02-05,良,88,216,65,80,26,19,0.91,61
5,2016-02-06,良,72,214,52,71,31,21,0.87,65
6,2016-02-07,良,93,226,67,97,84,31,1.16,62
7,2016-02-08,重度污染,217,299,178,219,85,28,1.03,60
8,2016-02-09,良,61,77,38,58,37,23,0.7,83
9,2016-02-10,良,55,73,29,48,18,15,0.53,106
10,2016-02-11,良,55,109,34,53,14,15,0.57,102
11,2016-02-12,良,59,118,35,56,15,18,0.6,95
12,2016-02-13,轻度污染,121,352,91,117,18,15,0.82,117
13,2016-02-14,优,38,139,21,35,11,11,0.55,48
14,2016-02-15,优,44,174,28,40,13,12,0.5,53
15,2016-02-16,良,59,264,39,61,26,17,0.55,64
16,2016-02-17,良,65,213,45,74,35,24,0.61,60
17,2016-02-18,良,67,144,47,76,33,29,0.67,60
18,2016-02-19,良,90,182,65,107,40,30,0.76,72
19,2016-02-20,良,78,178,55,86,26,27,0.63,88
20,2016-02-21,良,71,112,49,86,20,21,0.66,98
21,2016-02-22,良,52,56,33,50,21,23,0.77,53
22,2016-02-23,优,39,52,24,38,12,18,0.64,58
23,2016-02-24,优,48,94,30,45,14,16,0.57,79
24,2016-02-25,良,65,152,46,63,21,30,0.73,49
25,2016-02-26,良,77,206,54,83,34,35,0.82,48
26,2016-02-27,良,87,252,60,114,51,46,1.14,42
27,2016-02-28,良,87,220,55,120,60,49,1.19,60
28,2016-02-29,轻度污染,106,303,75,135,39,51,1.03,78
0,2016-01-01,良,55,35,36,57,26,33,0.83,30
1,2016-01-02,优,47,29,31,47,25,29,0.95,15
2,2016-01-03,优,50,37,30,51,33,31,0.88,31
3,2016-01-04,良,89,161,64,110,40,36,1.19,31
4,2016-01-05,良,93,251,68,97,24,32,0.94,47
5,2016-01-06,良,68,169,46,75,21,27,1.04,22
6,2016-01-07,优,49,97,30,49,21,22,1.44,17
7,2016-01-08,优,42,47,24,42,19,24,1.27,24
8,2016-01-09,优,34,18,21,34,16,22,1.19,18
9,2016-01-10,优,42,47,25,42,25,23,0.97,22
10,2016-01-11,优,50,126,32,52,27,28,0.92,33
11,2016-01-12,优,45,97,27,46,16,24,0.86,28
12,2016-01-13,优,40,31,25,42,22,23,1.04,28
13,2016-01-14,优,47,45,32,47,29,24,1.26,22
14,2016-01-15,优,49,67,29,53,32,30,1.18,37
15,2016-01-16,优,47,64,30,47,23,28,1.12,28
16,2016-01-17,良,54,108,36,58,27,27,0.93,67
17,2016-01-18,良,81,196,59,94,27,35,1.05,26
18,2016-01-19,良,57,83,40,59,23,30,0.82,40
19,2016-01-20,良,57,81,39,58,25,29,1.08,26
20,2016-01-21,优,43,94,26,44,27,23,0.94,33
21,2016-01-22,优,38,90,23,37,16,19,0.74,46
22,2016-01-23,良,62,217,41,58,23,13,0.57,85
23,2016-01-24,优,47,98,27,45,26,14,0.5,72
24,2016-01-25,良,72,250,51,83,54,29,0.67,54
25,2016-01-26,良,68,158,47,81,38,32,0.64,47
26,2016-01-27,良,65,116,43,74,25,27,0.66,48
27,2016-01-28,良,82,184,59,83,26,25,0.77,26
28,2016-01-29,良,84,213,61,83,31,30,0.76,49
29,2016-01-30,良,62,154,41,65,28,26,0.8,34
30,2016-01-31,优,39,52,26,38,18,26,0.85,31
0,2015-12-01,优,39,20,26,37,14,24,0.94,11
1,2015-12-02,优,46,56,28,44,15,19,0.72,41
2,2015-12-03,良,65,215,34,77,24,21,0.55,55
3,2015-12-04,优,32,43,19,31,11,16,0.53,46
4,2015-12-05,优,37,71,24,36,20,26,0.76,23
5,2015-12-06,优,47,118,30,47,24,23,0.64,40
6,2015-12-07,良,70,149,49,83,32,40,0.79,32
7,2015-12-08,良,64,135,45,68,24,28,0.56,28
8,2015-12-09,良,68,139,48,76,31,30,0.71,13
9,2015-12-10,良,78,171,56,82,34,34,0.76,21
10,2015-12-11,优,46,82,31,44,18,22,0.6,28
11,2015-12-12,优,30,16,20,28,14,20,0.7,12
12,2015-12-13,优,42,46,27,42,23,20,0.94,19
13,2015-12-14,优,36,37,22,35,17,20,0.89,30
14,2015-12-15,优,28,11,13,26,19,18,0.64,39
15,2015-12-16,优,43,103,23,42,23,20,0.47,51
16,2015-12-17,良,51,124,28,53,25,24,0.53,48
17,2015-12-18,良,58,112,31,64,29,27,0.49,56
18,2015-12-19,良,55,76,37,55,16,24,0.54,31
19,2015-12-20,良,86,147,63,90,53,34,0.94,19
20,2015-12-21,良,55,48,35,58,23,26,0.63,43
21,2015-12-22,良,68,66,47,76,26,26,0.77,42
22,2015-12-23,良,65,79,43,74,22,22,0.73,26
23,2015-12-24,良,56,94,37,60,22,20,0.58,50
24,2015-12-25,良,74,148,53,84,30,25,0.61,59
25,2015-12-26,轻度污染,107,219,80,122,44,40,0.86,32
26,2015-12-27,轻度污染,116,295,86,133,47,44,1.03,40
27,2015-12-28,良,83,171,60,85,24,26,0.71,53
28,2015-12-29,良,61,83,43,58,27,26,0.8,41
29,2015-12-30,良,80,123,58,77,34,33,0.86,32
30,2015-12-31,良,64,77,43,67,27,29,0.67,55
0,2015-11-01,良,74,244,53,73,12,28,0.74,37
1,2015-11-02,良,61,126,39,66,13,30,0.77,32
2,2015-11-03,良,51,52,33,53,12,27,0.68,40
3,2015-11-04,优,44,39,28,43,8,28,0.65,29
4,2015-11-05,优,47,75,27,46,7,19,0.54,46
5,2015-11-06,优,48,152,23,48,7,18,0.49,47
6,2015-11-07,优,43,136,22,43,7,22,0.47,48
7,2015-11-08,良,63,195,42,69,10,25,0.61,50
8,2015-11-09,良,66,153,46,73,8,24,0.67,41
9,2015-11-10,良,60,137,39,67,8,24,0.8,16
10,2015-11-11,优,38,60,24,36,6,21,0.97,18
11,2015-11-12,优,27,45,17,26,9,20,1.04,16
12,2015-11-13,优,42,93,25,43,14,23,1.05,20
13,2015-11-14,优,40,62,22,39,13,19,0.73,27
14,2015-11-15,优,41,45,22,42,14,24,0.8,31
15,2015-11-16,优,48,105,31,48,10,22,0.84,18
16,2015-11-17,优,50,127,29,53,11,18,0.84,13
17,2015-11-18,优,48,151,29,56,11,20,0.94,16
18,2015-11-19,优,48,110,29,50,12,23,0.78,26
19,2015-11-20,良,57,135,35,60,15,29,0.94,29
20,2015-11-21,优,46,93,23,46,13,25,0.68,32
21,2015-11-22,优,36,74,15,36,11,24,0.45,43
22,2015-11-23,优,47,181,21,47,12,24,0.5,47
23,2015-11-24,良,53,250,32,54,12,21,0.62,49
24,2015-11-25,良,54,196,36,55,16,26,1.16,18
25,2015-11-26,良,54,176,28,56,22,32,0.8,46
26,2015-11-27,良,51,106,30,54,16,26,0.67,38
27,2015-11-28,优,50,51,34,50,15,24,0.8,15
28,2015-11-29,良,66,114,45,71,29,37,1.02,31
29,2015-11-30,良,67,128,47,74,21,34,0.97,22
0,2015-10-01,优,40,78,25,41,8,24,0.68,35
1,2015-10-02,优,37,32,19,35,10,20,0.56,51
2,2015-10-03,优,49,97,33,44,5,22,0.64,38
3,2015-10-04,良,79,236,57,75,5,19,0.59,55
4,2015-10-05,优,29,28,19,23,4,21,0.62,44
5,2015-10-06,优,37,59,23,35,7,28,0.74,30
6,2015-10-07,优,43,115,26,43,11,29,0.73,29
7,2015-10-08,良,57,238,37,59,10,33,0.84,25
8,2015-10-09,优,49,124,34,39,5,24,0.51,74
9,2015-10-10,优,40,110,27,34,9,30,0.55,53
10,2015-10-11,良,53,175,35,55,9,30,0.68,43
11,2015-10-12,良,65,186,42,79,13,35,0.71,40
12,2015-10-13,良,62,112,40,73,16,40,0.66,39
13,2015-10-14,良,69,97,48,82,16,42,0.72,48
14,2015-10-15,良,76,119,53,96,19,44,0.79,48
15,2015-10-16,良,75,107,52,96,14,39,0.76,46
16,2015-10-17,良,66,89,46,79,12,31,0.69,52
17,2015-10-18,良,73,173,52,68,10,30,0.71,40
18,2015-10-19,良,88,221,64,86,11,28,0.74,50
19,2015-10-20,良,82,171,59,90,9,39,0.83,50
20,2015-10-21,良,79,193,57,93,11,38,0.79,50
21,2015-10-22,良,80,181,58,94,12,36,0.71,61
22,2015-10-23,良,85,184,62,96,14,35,0.73,64
23,2015-10-24,良,67,123,47,75,11,25,0.58,69
24,2015-10-25,良,61,152,42,67,11,24,0.53,75
25,2015-10-26,良,62,151,43,69,11,27,0.57,66
26,2015-10-27,良,52,141,36,52,9,22,0.75,56
27,2015-10-28,良,58,153,39,61,10,22,0.64,51
28,2015-10-29,良,66,225,42,80,13,22,0.63,55
29,2015-10-30,优,34,38,21,32,5,13,0.49,43
30,2015-10-31,良,61,227,43,54,6,20,0.63,55
0,2015-09-01,良,70,264,48,71,7,25,0.71,78
1,2015-09-02,良,82,308,60,84,7,23,0.69,83
2,2015-09-03,良,54,189,36,50,6,21,0.63,51
3,2015-09-04,优,24,8,9,19,6,15,0.51,46
4,2015-09-05,优,25,15,12,24,7,16,0.53,38
5,2015-09-06,优,34,49,17,33,11,22,0.61,39
6,2015-09-07,优,27,9,16,25,5,18,0.57,43
7,2015-09-08,优,36,43,20,36,6,24,0.6,40
8,2015-09-09,优,36,64,20,34,6,23,0.59,33
9,2015-09-10,优,29,35,15,27,6,21,0.55,34
10,2015-09-11,优,30,30,15,29,6,20,0.57,38
11,2015-09-12,优,35,66,11,17,6,15,0.42,68
12,2015-09-13,优,45,83,29,45,7,18,0.41,72
13,2015-09-14,良,60,163,39,60,12,22,0.45,79
14,2015-09-15,良,65,203,46,67,9,22,0.48,68
15,2015-09-16,良,60,159,42,62,8,25,0.52,65
16,2015-09-17,良,76,246,55,78,11,40,0.77,35
17,2015-09-18,优,37,48,23,35,6,25,0.62,28
18,2015-09-19,优,24,13,12,23,8,21,0.6,35
19,2015-09-20,优,34,41,20,31,5,19,0.64,51
20,2015-09-21,优,50,121,34,49,8,23,0.63,56
21,2015-09-22,优,34,48,20,33,6,29,0.78,27
22,2015-09-23,优,42,95,26,41,7,25,0.81,30
23,2015-09-24,优,31,39,17,29,6,21,0.68,32
24,2015-09-25,优,34,49,21,32,6,21,0.71,43
25,2015-09-26,优,35,54,21,34,5,19,0.72,41
26,2015-09-27,优,47,104,30,45,6,23,0.77,26
27,2015-09-28,优,35,48,21,34,6,22,0.84,21
28,2015-09-29,良,51,168,34,50,5,18,0.7,47
29,2015-09-30,良,59,234,38,61,8,25,0.67,69
0,2015-08-01,优,22,14,10,20,6,17,0.45,34
1,2015-08-02,优,22,15,10,19,6,14,0.4,37
2,2015-08-03,优,19,7,8,17,6,13,0.39,35
3,2015-08-04,优,18,3,7,16,5,14,0.4,29
4,2015-08-05,优,20,5,8,18,5,18,0.46,25
5,2015-08-06,优,34,30,14,32,8,22,0.55,30
6,2015-08-07,优,49,136,23,52,9,24,0.65,38
7,2015-08-08,良,52,198,31,54,7,21,0.56,60
8,2015-08-09,良,57,245,37,58,7,17,0.54,70
9,2015-08-10,良,52,226,35,54,11,20,0.6,67
10,2015-08-11,良,65,282,42,79,13,32,0.73,40
11,2015-08-12,优,30,19,14,22,5,25,0.59,51
12,2015-08-13,优,42,66,20,34,8,22,0.59,67
13,2015-08-14,优,45,102,21,41,7,24,0.55,64
14,2015-08-15,优,40,89,22,38,6,23,0.57,53
15,2015-08-16,优,40,79,21,39,5,23,0.57,37
16,2015-08-17,优,31,32,15,30,6,19,0.49,38
17,2015-08-18,优,25,9,13,21,5,27,0.58,35
18,2015-08-19,优,36,49,10,17,7,16,0.46,77
19,2015-08-20,良,52,200,15,28,8,18,0.45,95
20,2015-08-21,良,62,223,38,65,11,31,0.69,71
21,2015-08-22,良,73,262,45,87,12,39,0.78,60
22,2015-08-23,良,81,309,49,97,12,41,0.79,68
23,2015-08-24,良,74,276,53,88,11,44,0.77,46
24,2015-08-25,良,61,194,43,55,6,31,0.66,52
25,2015-08-26,良,57,139,39,53,6,26,0.71,57
26,2015-08-27,优,48,94,33,46,6,29,0.89,32
27,2015-08-28,优,28,22,10,13,4,16,0.65,56
28,2015-08-29,优,46,117,31,44,6,24,0.63,57
29,2015-08-30,良,63,195,39,57,6,25,0.69,74
30,2015-08-31,良,64,231,43,68,7,27,0.7,69
0,2015-07-01,优,34,42,16,32,6,18,0.62,52
1,2015-07-02,良,54,180,28,57,9,31,0.73,31
2,2015-07-03,优,46,134,26,46,8,24,0.6,49
3,2015-07-04,优,32,30,16,25,6,17,0.46,61
4,2015-07-05,优,36,57,20,30,7,19,0.4,60
5,2015-07-06,优,43,80,24,38,8,23,0.45,65
6,2015-07-07,良,60,210,30,58,7,29,0.48,68
7,2015-07-08,良,63,193,34,63,6,23,0.45,84
8,2015-07-09,良,64,201,44,66,6,17,0.46,100
9,2015-07-10,良,78,277,55,85,8,25,0.6,84
10,2015-07-11,优,47,121,26,47,6,16,0.43,54
11,2015-07-12,良,54,137,28,56,10,25,0.55,47
12,2015-07-13,良,53,71,27,58,11,26,0.6,43
13,2015-07-14,良,53,77,28,55,9,26,0.56,52
14,2015-07-15,优,46,84,20,33,8,18,0.53,78
15,2015-07-16,良,58,180,30,52,10,25,0.55,91
16,2015-07-17,良,58,206,29,57,7,29,0.59,67
17,2015-07-18,良,61,212,33,66,8,30,0.61,69
18,2015-07-19,良,64,233,42,75,7,29,0.64,60
19,2015-07-20,良,65,201,36,66,7,27,0.63,71
20,2015-07-21,良,66,223,40,70,8,29,0.71,90
21,2015-07-22,优,46,119,28,45,5,27,0.75,46
22,2015-07-23,优,39,107,19,34,7,19,0.59,68
23,2015-07-24,优,49,154,27,45,8,22,0.54,86
24,2015-07-25,良,63,214,39,72,14,44,0.84,57
25,2015-07-26,良,70,226,42,69,12,33,0.74,66
26,2015-07-27,良,69,231,38,70,12,31,0.56,77
27,2015-07-28,优,24,19,9,20,7,18,0.43,31
28,2015-07-29,优,17,3,8,15,6,18,0.4,30
29,2015-07-30,优,24,22,10,21,6,20,0.47,31
30,2015-07-31,优,24,19,11,23,6,19,0.49,26
0,2015-06-01,优,44,65,23,43,7,21,0.6,62
1,2015-06-02,优,46,100,24,46,5,18,0.67,67
2,2015-06-03,优,40,80,23,37,6,21,0.72,50
3,2015-06-04,优,34,27,20,31,8,23,0.79,42
4,2015-06-05,优,30,18,15,28,9,23,0.77,46
5,2015-06-06,优,46,83,21,45,11,32,0.86,27
6,2015-06-07,优,36,48,19,34,8,24,0.77,44
7,2015-06-08,优,39,92,17,29,9,16,0.61,64
8,2015-06-09,良,57,162,34,61,13,33,0.76,42
9,2015-06-10,优,45,83,23,46,7,28,0.78,35
10,2015-06-11,良,63,197,37,65,7,23,0.67,74
11,2015-06-12,良,55,138,28,60,10,27,0.53,52
12,2015-06-13,优,45,104,22,40,7,22,0.54,72
13,2015-06-14,良,59,182,37,66,15,32,0.69,55
14,2015-06-15,优,41,75,19,42,9,24,0.59,36
15,2015-06-16,优,29,26,9,27,5,12,0.42,53
16,2015-06-17,优,39,78,19,39,8,17,0.57,58
17,2015-06-18,优,34,39,20,29,6,21,0.65,51
18,2015-06-19,优,37,47,23,36,7,18,0.65,40
19,2015-06-20,优,27,16,16,24,5,21,0.65,36
20,2015-06-21,优,30,26,12,22,5,19,0.71,54
21,2015-06-22,优,27,24,15,26,5,23,0.7,33
22,2015-06-23,优,39,76,20,38,8,23,0.63,37
23,2015-06-24,优,30,55,13,28,7,22,0.57,41
24,2015-06-25,优,27,19,11,24,6,20,0.55,36
25,2015-06-26,优,21,3,9,20,4,16,0.53,35
26,2015-06-27,优,29,37,12,27,4,11,0.45,53
27,2015-06-28,优,31,39,13,29,4,11,0.46,59
28,2015-06-29,优,36,70,15,34,6,16,0.49,59
29,2015-06-30,优,43,127,19,42,6,19,0.54,65
0,2015-05-01,良,51,70,24,43,11,21,0.56,82
1,2015-05-02,良,52,119,21,50,18,24,0.51,91
2,2015-05-03,良,52,72,34,55,10,23,0.58,62
3,2015-05-04,良,52,82,34,52,9,17,0.54,68
4,2015-05-05,优,49,52,30,52,11,22,0.58,46
5,2015-05-06,良,56,80,38,63,12,26,0.63,64
6,2015-05-07,良,61,92,41,66,8,32,0.71,54
7,2015-05-08,良,52,103,17,34,6,25,0.44,87
8,2015-05-09,良,63,199,38,73,12,42,0.67,47
9,2015-05-10,优,40,29,23,39,7,27,0.56,71
10,2015-05-11,优,48,120,26,50,6,19,0.47,72
11,2015-05-12,良,55,138,26,58,10,33,0.52,51
12,2015-05-13,优,47,41,23,47,7,22,0.52,67
13,2015-05-14,优,46,63,24,46,7,20,0.55,74
14,2015-05-15,良,52,131,31,49,6,20,0.57,83
15,2015-05-16,良,53,105,36,54,10,18,0.54,82
16,2015-05-17,良,74,188,52,76,8,26,0.65,46
17,2015-05-18,优,44,59,22,36,8,21,0.59,73
18,2015-05-19,良,55,135,32,57,9,31,0.64,53
19,2015-05-20,优,34,31,16,26,6,14,0.54,54
20,2015-05-21,良,76,264,55,76,10,18,0.66,66
21,2015-05-22,良,53,107,33,45,10,20,0.68,57
22,2015-05-23,优,39,54,19,29,9,20,0.5,71
23,2015-05-24,良,64,145,44,73,17,37,0.73,50
24,2015-05-25,优,48,58,27,48,9,21,0.67,52
25,2015-05-26,良,57,114,34,60,8,18,0.68,59
26,2015-05-27,优,46,59,27,47,7,18,0.72,37
27,2015-05-28,良,61,154,36,70,9,24,0.68,60
28,2015-05-29,优,50,106,24,47,7,17,0.63,75
29,2015-05-30,优,38,39,18,32,9,19,0.57,66
30,2015-05-31,优,43,56,24,42,8,25,0.69,44
0,2015-04-01,良,70,217,46,82,8,20,0.64,101
1,2015-04-02,良,72,266,45,76,13,28,0.61,103
2,2015-04-03,良,71,215,41,83,10,26,0.51,99
3,2015-04-04,良,67,186,37,81,13,27,0.49,104
4,2015-04-05,良,69,197,45,86,12,19,0.54,107
5,2015-04-06,良,53,165,28,56,7,15,0.68,82
6,2015-04-07,优,47,160,20,46,7,15,0.67,87
7,2015-04-08,良,52,145,25,54,10,16,0.57,96
8,2015-04-09,良,55,129,30,59,10,18,0.5,82
9,2015-04-10,良,55,107,26,57,11,17,0.46,93
10,2015-04-11,良,55,89,31,59,12,18,0.43,92
11,2015-04-12,良,57,88,27,61,11,21,0.5,101
12,2015-04-13,良,95,334,54,134,25,53,0.83,61
13,2015-04-14,良,89,265,53,124,18,46,0.7,74
14,2015-04-15,良,77,128,43,87,18,32,0.64,107
15,2015-04-16,良,96,193,58,140,19,47,0.79,79
16,2015-04-17,良,73,89,52,86,8,20,0.61,105
17,2015-04-18,良,71,139,48,75,8,19,0.62,100
18,2015-04-19,良,68,220,33,77,11,15,0.5,90
19,2015-04-20,良,53,124,29,48,11,16,0.48,80
20,2015-04-21,良,56,125,35,60,18,22,0.59,64
21,2015-04-22,良,54,72,34,54,10,23,0.54,54
22,2015-04-23,良,58,75,40,61,14,28,0.53,44
23,2015-04-24,良,66,124,47,63,11,27,0.62,31
24,2015-04-25,良,71,123,51,80,14,36,0.81,36
25,2015-04-26,良,77,137,55,91,14,46,0.79,23
26,2015-04-27,良,64,83,45,64,11,34,0.83,26
27,2015-04-28,良,66,145,47,65,11,28,0.74,55
28,2015-04-29,良,73,171,50,87,14,35,0.79,53
29,2015-04-30,优,45,26,26,42,8,29,0.62,56
0,2015-03-01,优,50,110,34,43,36,16,0.64,73
1,2015-03-02,优,50,67,35,41,33,24,0.79,38
2,2015-03-03,良,52,81,36,47,30,20,0.74,50
3,2015-03-04,良,63,217,44,67,34,21,0.63,54
4,2015-03-05,优,31,35,20,23,18,14,0.59,49
5,2015-03-06,优,32,41,20,24,17,14,0.65,53
6,2015-03-07,优,45,57,31,37,25,23,0.79,31
7,2015-03-08,良,55,113,39,50,30,26,0.86,49
8,2015-03-09,良,80,231,58,83,43,33,0.81,56
9,2015-03-10,良,90,277,66,86,31,18,0.61,78
10,2015-03-11,优,47,68,32,40,22,25,0.86,50
11,2015-03-12,良,75,171,53,78,30,29,0.83,78
12,2015-03-13,良,58,101,40,57,20,27,0.83,58
13,2015-03-14,良,71,121,51,70,22,28,0.88,55
14,2015-03-15,良,94,172,70,92,28,23,0.93,43
15,2015-03-16,良,62,91,44,65,14,24,0.84,59
16,2015-03-17,良,82,213,60,87,17,30,0.85,90
17,2015-03-18,轻度污染,105,312,78,115,23,31,0.95,91
18,2015-03-19,良,94,258,68,109,16,24,0.8,78
19,2015-03-20,良,56,99,37,58,15,19,0.86,47
20,2015-03-21,良,58,78,40,62,20,27,0.73,82
21,2015-03-22,良,64,87,45,63,9,30,0.77,41
22,2015-03-23,优,50,52,35,45,13,24,0.71,40
23,2015-03-24,良,68,197,48,60,14,20,0.63,78
24,2015-03-25,良,68,183,48,65,15,27,0.76,52
25,2015-03-26,优,44,45,28,47,17,33,0.93,28
26,2015-03-27,良,51,72,32,50,16,32,0.85,27
27,2015-03-28,良,58,71,41,60,20,35,0.89,29
28,2015-03-29,良,61,76,42,66,17,36,1.0,42
29,2015-03-30,良,67,136,44,79,13,29,0.83,56
30,2015-03-31,良,56,107,35,60,7,17,0.54,83
0,2015-02-01,良,54,81,38,49,40,25,0.95,25
1,2015-02-02,良,52,42,36,46,36,28,1.17,11
2,2015-02-03,优,43,23,29,35,30,22,0.94,24
3,2015-02-04,良,54,72,37,48,27,23,0.88,40
4,2015-02-05,良,94,218,70,85,34,22,0.82,74
5,2015-02-06,良,93,194,69,93,42,33,0.8,70
6,2015-02-07,轻度污染,105,212,78,103,38,26,0.87,62
7,2015-02-08,轻度污染,104,277,77,96,39,30,0.86,62
8,2015-02-09,良,98,249,72,101,41,28,0.73,87
9,2015-02-10,轻度污染,126,255,94,115,44,40,1.09,54
10,2015-02-11,轻度污染,115,206,86,110,53,33,1.09,70
11,2015-02-12,轻度污染,116,201,86,128,61,50,1.5,50
12,2015-02-13,轻度污染,109,218,82,108,55,50,1.26,42
13,2015-02-14,优,42,21,26,34,15,20,0.84,66
14,2015-02-15,良,60,55,42,53,24,23,0.75,76
15,2015-02-16,轻度污染,140,260,105,121,33,27,0.97,84
16,2015-02-17,良,86,170,63,76,24,22,0.74,61
17,2015-02-18,良,68,100,49,60,22,18,0.62,72
18,2015-02-19,良,70,78,50,61,13,11,0.48,74
19,2015-02-20,优,46,85,31,42,8,11,0.46,82
20,2015-02-21,良,54,139,37,43,13,9,0.69,49
21,2015-02-22,良,56,99,39,48,18,12,0.72,38
22,2015-02-23,优,45,77,31,38,18,12,0.7,48
23,2015-02-24,优,49,75,34,43,19,17,0.76,50
24,2015-02-25,良,51,127,36,46,22,15,0.75,46
25,2015-02-26,优,41,68,27,35,18,14,0.65,42
26,2015-02-27,良,53,188,37,48,20,18,0.81,36
27,2015-02-28,优,24,17,15,20,15,12,0.74,33
0,2015-01-01,轻度污染,111,289,83,123,56,37,0.79,71
1,2015-01-02,轻度污染,111,459,83,133,53,41,0.92,74
2,2015-01-03,轻度污染,114,183,86,135,45,39,0.91,63
3,2015-01-04,良,85,64,62,85,26,32,0.77,61
4,2015-01-05,良,75,70,54,69,26,31,1.04,34
5,2015-01-06,良,54,94,38,49,30,24,0.83,44
6,2015-01-07,良,68,135,49,63,29,24,0.91,33
7,2015-01-08,良,76,125,55,69,29,23,0.84,48
8,2015-01-09,良,67,73,47,52,30,31,0.97,24
9,2015-01-10,良,73,77,53,65,31,28,0.73,30
10,2015-01-11,优,46,37,32,38,27,25,0.56,46
11,2015-01-12,良,74,154,53,68,43,29,0.64,42
12,2015-01-13,良,99,211,74,116,58,49,1.12,32
13,2015-01-14,轻度污染,112,226,84,123,59,53,1.05,31
14,2015-01-15,轻度污染,135,248,102,148,81,51,1.26,24
15,2015-01-16,中度污染,157,273,119,161,60,42,1.04,31
16,2015-01-17,轻度污染,111,215,83,110,52,40,0.8,55
17,2015-01-18,良,89,137,65,73,29,32,0.87,45
18,2015-01-19,轻度污染,103,223,76,91,35,36,0.91,39
19,2015-01-20,良,98,186,73,93,42,37,0.99,29
20,2015-01-21,轻度污染,111,199,83,119,61,48,1.25,42
21,2015-01-22,轻度污染,124,243,93,136,56,46,1.41,42
22,2015-01-23,轻度污染,121,180,91,121,37,39,1.06,60
23,2015-01-24,良,85,86,62,85,23,29,0.7,71
24,2015-01-25,轻度污染,133,189,100,122,41,38,1.19,29
25,2015-01-26,良,90,110,66,90,40,35,0.96,30
26,2015-01-27,良,81,179,59,82,28,30,0.84,39
27,2015-01-28,良,59,201,40,62,33,24,1.41,20
28,2015-01-29,优,39,55,27,39,25,23,1.35,15
29,2015-01-30,优,43,62,31,38,20,18,0.77,40
30,2015-01-31,优,47,49,32,37,32,18,0.89,46
0,2014-12-01,良,70,78,50,72,24,21,0.9,49
1,2014-12-02,良,82,145,59,95,24,17,0.7,58
2,2014-12-03,优,49,30,34,38,20,30,0.88,23
3,2014-12-04,优,45,49,26,47,24,21,0.48,66
4,2014-12-05,良,68,84,46,82,38,31,0.6,56
5,2014-12-06,良,75,70,53,87,35,33,0.64,44
6,2014-12-07,良,84,79,61,77,28,30,0.81,29
7,2014-12-08,良,73,52,51,81,36,36,0.7,46
8,2014-12-09,良,71,59,51,74,23,29,0.7,53
9,2014-12-10,良,65,34,46,54,25,26,0.84,29
10,2014-12-11,良,57,41,36,61,20,18,0.55,54
11,2014-12-12,良,75,92,47,95,32,25,0.58,50
12,2014-12-13,良,77,66,53,100,49,38,0.65,45
13,2014-12-14,良,76,34,52,97,48,34,0.6,46
14,2014-12-15,良,64,15,45,58,26,30,0.74,33
15,2014-12-16,良,54,44,37,53,29,23,0.6,50
16,2014-12-17,良,65,57,44,77,38,33,0.61,49
17,2014-12-18,良,88,86,65,98,54,37,0.59,53
18,2014-12-19,良,97,101,72,94,43,47,1.03,27
19,2014-12-20,轻度污染,107,155,79,115,38,43,1.24,42
20,2014-12-21,良,74,77,54,65,25,28,0.74,53
21,2014-12-22,良,92,94,67,99,39,41,0.89,46
22,2014-12-23,轻度污染,104,68,78,124,65,52,1.11,43
23,2014-12-24,轻度污染,135,112,102,153,58,47,1.22,35
24,2014-12-25,轻度污染,124,134,93,120,38,38,1.0,38
25,2014-12-26,中度污染,169,158,127,161,59,35,0.97,65
26,2014-12-27,中度污染,157,136,117,146,39,34,1.05,39
27,2014-12-28,良,72,41,52,68,36,31,0.8,61
28,2014-12-29,轻度污染,113,84,82,141,69,55,1.36,42
29,2014-12-30,良,99,76,72,138,96,55,1.61,47
30,2014-12-31,轻度污染,130,457,98,142,60,44,1.09,46
0,2014-11-01,优,26,3,16,24,4,13,0.7,34
1,2014-11-02,优,29,3,17,27,8,16,0.49,45
2,2014-11-03,良,53,38,36,54,14,22,0.54,46
3,2014-11-04,良,57,16,36,62,12,28,0.6,41
4,2014-11-05,优,44,9,29,42,13,25,0.62,33
5,2014-11-06,良,63,41,44,61,14,30,0.65,30
6,2014-11-07,优,38,13,24,32,7,20,0.52,52
7,2014-11-08,优,41,30,28,39,10,19,0.55,51
8,2014-11-09,优,37,18,25,35,11,22,0.66,31
9,2014-11-10,优,36,19,24,33,14,20,0.74,25
10,2014-11-11,优,42,18,27,40,17,24,0.77,24
11,2014-11-12,良,55,59,38,55,14,20,0.58,48
12,2014-11-13,良,74,112,52,85,21,27,0.61,58
13,2014-11-14,良,78,71,56,96,29,37,0.72,36
14,2014-11-15,良,61,25,42,58,16,28,0.71,33
15,2014-11-16,良,54,18,37,49,15,19,0.65,49
16,2014-11-17,优,44,9,30,40,10,16,0.52,62
17,2014-11-18,良,63,19,44,64,21,19,0.52,68
18,2014-11-19,良,99,81,73,114,47,36,0.81,44
19,2014-11-20,良,79,50,57,90,29,36,0.79,29
20,2014-11-21,良,64,20,45,63,21,33,0.9,23
21,2014-11-22,良,78,45,56,81,26,38,1.13,34
22,2014-11-23,良,60,38,41,60,16,26,0.68,43
23,2014-11-24,良,58,64,41,57,20,23,0.86,26
24,2014-11-25,优,48,33,33,52,21,25,1.28,28
25,2014-11-26,良,57,32,37,61,19,26,0.88,42
26,2014-11-27,良,52,28,31,55,19,27,0.65,51
27,2014-11-28,良,66,70,46,72,16,25,0.89,29
28,2014-11-29,良,54,34,32,58,14,25,0.64,49
29,2014-11-30,良,55,63,36,54,14,21,0.93,38
0,2014-10-01,优,36,5,20,35,5,21,0.61,39
1,2014-10-02,优,39,11,25,37,7,21,0.7,56
2,2014-10-03,良,53,34,35,52,13,24,0.66,43
3,2014-10-04,优,47,19,31,47,7,23,0.66,42
4,2014-10-05,良,59,49,40,65,8,18,0.53,82
5,2014-10-06,良,71,80,50,86,11,28,0.6,70
6,2014-10-07,良,79,71,57,90,13,29,0.62,74
7,2014-10-08,良,85,84,62,98,14,31,0.64,73
8,2014-10-09,良,90,103,66,103,14,32,0.65,71
9,2014-10-10,良,92,102,68,103,14,28,0.61,87
10,2014-10-11,轻度污染,104,136,77,113,14,25,0.66,99
11,2014-10-12,良,95,159,70,97,9,19,0.56,102
12,2014-10-13,轻度污染,120,178,90,116,9,19,0.63,103
13,2014-10-14,轻度污染,124,166,93,133,17,32,0.72,87
14,2014-10-15,轻度污染,131,135,99,138,22,39,0.81,71
15,2014-10-16,轻度污染,132,151,99,147,18,44,0.91,48
16,2014-10-17,良,95,88,70,91,11,33,0.95,30
17,2014-10-18,良,70,43,50,67,10,28,0.82,46
18,2014-10-19,良,74,85,54,76,9,26,0.65,65
19,2014-10-20,良,70,62,50,73,9,25,0.64,61
20,2014-10-21,良,60,33,42,58,10,23,0.71,62
21,2014-10-22,良,64,44,44,71,14,30,0.65,60
22,2014-10-23,良,74,52,53,86,17,43,0.71,43
23,2014-10-24,良,83,69,60,95,15,36,0.85,37
24,2014-10-25,良,54,13,37,56,10,32,0.65,46
25,2014-10-26,良,52,9,34,58,9,31,0.69,54
26,2014-10-27,良,64,38,42,78,9,29,0.77,38
27,2014-10-28,优,48,15,29,47,6,19,0.51,61
28,2014-10-29,优,40,13,26,38,5,24,0.58,46
29,2014-10-30,优,31,3,17,30,6,23,0.53,35
30,2014-10-31,优,43,27,27,42,8,18,0.67,31
0,2014-09-01,优,46,53,23,45,10,19,0.47,55
1,2014-09-02,优,36,25,16,35,10,17,0.51,48
2,2014-09-03,优,50,102,24,52,14,21,0.61,65
3,2014-09-04,良,53,44,30,56,13,26,0.62,38
4,2014-09-05,优,36,8,22,35,7,18,0.65,34
5,2014-09-06,优,45,16,27,44,8,20,0.59,34
6,2014-09-07,优,41,12,19,40,10,22,0.52,39
7,2014-09-08,优,47,42,25,48,13,22,0.57,49
8,2014-09-09,良,53,67,31,55,11,23,0.61,54
9,2014-09-10,优,40,18,22,39,9,19,0.53,51
10,2014-09-11,优,46,44,25,45,7,18,0.55,50
11,2014-09-12,优,42,57,22,41,7,17,0.51,51
12,2014-09-13,优,46,77,25,46,8,18,0.5,54
13,2014-09-14,优,45,62,24,44,9,18,0.49,56
14,2014-09-15,优,44,61,25,44,9,17,0.52,55
15,2014-09-16,优,40,54,21,39,4,10,0.54,60
16,2014-09-17,优,22,4,12,19,4,13,0.53,41
17,2014-09-18,优,28,11,15,27,6,21,0.71,30
18,2014-09-19,优,42,35,27,42,10,18,0.77,42
19,2014-09-20,优,31,9,14,31,6,16,0.5,45
20,2014-09-21,良,51,62,25,53,8,21,0.49,56
21,2014-09-22,良,60,84,30,66,10,29,0.49,74
22,2014-09-23,良,65,119,43,76,11,24,0.54,88
23,2014-09-24,良,90,160,66,99,14,29,0.68,66
24,2014-09-25,良,84,118,62,98,11,34,0.66,52
25,2014-09-26,良,66,56,47,71,9,27,0.6,58
26,2014-09-27,良,63,64,44,66,8,22,0.61,60
27,2014-09-28,良,62,94,43,65,9,20,0.64,56
28,2014-09-29,良,56,95,38,53,8,23,0.71,57
29,2014-09-30,良,54,112,36,53,6,26,0.72,37
0,2014-08-01,良,53,103,24,55,10,25,0.53,39
1,2014-08-02,良,62,109,36,71,9,30,0.7,48
2,2014-08-03,良,61,67,34,72,8,29,0.62,46
3,2014-08-04,良,52,37,26,54,7,22,0.51,55
4,2014-08-05,良,51,74,22,52,6,23,0.53,59
5,2014-08-06,优,46,51,21,46,6,22,0.52,58
6,2014-08-07,优,46,45,21,46,5,20,0.52,56
7,2014-08-09,优,37,31,18,37,5,17,0.49,51
8,2014-08-10,优,47,37,24,47,5,17,0.51,58
9,2014-08-11,优,38,24,18,37,5,17,0.55,50
10,2014-08-12,优,32,13,15,30,6,16,0.56,69
11,2014-08-13,优,45,56,23,44,9,17,0.46,75
12,2014-08-14,优,50,76,28,52,13,20,0.5,61
13,2014-08-15,良,58,64,32,65,11,25,0.56,59
14,2014-08-16,良,52,40,31,53,7,20,0.55,51
15,2014-08-17,优,41,34,21,41,6,19,0.54,32
16,2014-08-18,优,27,2,14,26,4,22,0.75,41
17,2014-08-19,优,37,36,16,29,4,13,0.45,76
18,2014-08-20,良,60,72,37,64,7,24,0.53,77
19,2014-08-21,良,65,55,43,77,14,34,0.6,64
20,2014-08-23,优,39,22,23,38,5,23,0.57,48
21,2014-08-24,优,47,44,31,45,7,22,0.59,57
22,2014-08-25,良,61,89,41,66,10,25,0.67,53
23,2014-08-26,优,50,34,32,52,10,23,0.55,38
24,2014-08-27,优,43,34,22,42,9,21,0.46,36
25,2014-08-28,优,46,46,24,46,8,23,0.5,40
26,2014-08-29,优,28,10,15,27,7,18,0.42,32
27,2014-08-30,优,31,7,14,30,7,17,0.43,32
28,2014-08-31,优,40,28,17,39,10,18,0.44,38
0,2014-07-01,良,62,63,44,57,13,25,0.67,48
1,2014-07-02,良,57,58,39,53,9,29,0.79,33
2,2014-07-03,优,34,12,20,33,8,22,0.62,31
3,2014-07-04,优,31,11,17,29,14,24,0.66,49
4,2014-07-05,良,63,101,40,66,12,27,0.78,58
5,2014-07-06,良,51,55,30,52,9,23,0.55,53
6,2014-07-07,优,46,17,22,47,9,23,0.53,53
7,2014-07-08,优,50,30,24,52,10,23,0.55,51
8,2014-07-09,优,50,51,24,50,10,22,0.53,48
9,2014-07-10,优,42,32,20,41,8,18,0.49,56
10,2014-07-11,优,42,35,21,42,12,19,0.48,56
11,2014-07-12,优,36,24,17,32,10,17,0.49,58
12,2014-07-13,优,46,54,27,47,14,19,0.52,72
13,2014-07-14,优,41,42,20,40,9,21,0.47,37
14,2014-07-15,优,28,17,16,27,7,23,0.51,28
15,2014-07-16,优,24,10,14,21,5,24,0.55,35
16,2014-07-17,优,32,15,21,29,6,26,0.61,33
17,2014-07-18,优,33,27,20,32,7,21,0.51,37
18,2014-07-19,优,31,19,18,30,6,14,0.39,35
19,2014-07-20,优,23,5,13,22,5,15,0.37,34
20,2014-07-21,优,30,13,16,29,9,18,0.47,30
21,2014-07-22,优,49,52,23,52,12,20,0.55,37
22,2014-07-23,良,68,132,33,84,18,30,0.66,60
23,2014-07-24,良,70,133,40,89,16,34,0.81,55
24,2014-07-25,良,65,108,41,76,13,34,0.66,63
25,2014-07-26,优,43,27,24,42,6,28,0.46,48
26,2014-07-27,优,47,29,23,46,7,25,0.46,55
27,2014-07-28,优,43,19,23,42,10,20,0.43,59
28,2014-07-29,优,39,12,19,38,8,18,0.39,49
29,2014-07-30,优,40,22,17,39,7,18,0.39,46
30,2014-07-31,优,49,60,22,49,9,23,0.46,37
0,2014-06-01,良,54,65,31,56,6,21,0.6,56
1,2014-06-02,良,54,62,31,56,6,22,0.63,51
2,2014-06-03,优,44,28,27,43,7,19,0.62,43
3,2014-06-04,良,53,43,33,55,10,22,0.75,39
4,2014-06-05,优,37,18,23,36,6,19,0.78,47
5,2014-06-06,优,50,45,32,50,9,20,0.68,50
6,2014-06-07,良,62,85,43,66,13,22,0.62,66
7,2014-06-08,良,71,72,50,77,10,27,0.69,52
8,2014-06-09,良,60,80,40,56,6,22,0.73,44
9,2014-06-10,优,25,1,15,24,7,22,0.65,46
10,2014-06-11,良,69,90,50,68,10,21,0.61,70
11,2014-06-12,良,93,110,68,99,15,26,0.75,56
12,2014-06-13,良,91,93,67,105,17,34,0.83,55
13,2014-06-14,良,78,63,56,90,12,30,0.73,67
14,2014-06-15,良,88,76,64,106,11,29,0.8,63
15,2014-06-16,优,45,19,29,46,15,22,0.71,68
16,2014-06-17,良,72,101,47,80,26,32,0.81,80
17,2014-06-18,良,57,62,37,61,11,23,0.67,59
18,2014-06-19,优,43,37,24,42,7,21,0.62,42
19,2014-06-20,优,30,9,16,28,9,20,0.61,56
20,2014-06-21,优,39,33,20,37,20,21,0.51,66
21,2014-06-22,优,49,60,30,49,13,21,0.58,60
22,2014-06-23,良,55,57,37,57,7,18,0.58,76
23,2014-06-24,良,64,85,42,66,10,23,0.68,53
24,2014-06-25,优,43,39,21,42,9,22,0.59,49
25,2014-06-26,良,52,61,31,52,21,24,0.73,49
26,2014-06-27,良,67,114,48,66,15,24,0.74,43
27,2014-06-28,良,52,48,35,51,11,26,0.7,41
28,2014-06-29,优,36,20,23,35,7,22,0.64,39
29,2014-06-30,良,70,74,50,69,14,22,0.71,46
0,2014-05-01,良,89,63,49,127,19,42,0.73,62
1,2014-05-02,良,93,109,50,136,19,44,0.71,51
2,2014-05-03,良,76,88,49,100,16,33,0.68,57
3,2014-05-04,优,27,3,11,23,11,18,0.56,49
4,2014-05-05,良,55,59,25,62,12,16,0.44,78
5,2014-05-06,良,71,79,43,90,16,34,0.59,49
6,2014-05-07,良,73,64,53,80,26,43,0.8,35
7,2014-05-08,优,44,16,28,45,9,32,0.74,26
8,2014-05-09,优,47,35,29,49,8,26,0.75,48
9,2014-05-10,优,48,52,31,49,23,22,0.72,71
10,2014-05-11,优,48,65,27,47,16,19,0.56,71
11,2014-05-12,良,59,52,37,67,12,28,0.72,46
12,2014-05-13,良,60,37,40,63,14,23,0.73,65
13,2014-05-14,良,88,113,64,92,27,23,0.75,81
14,2014-05-15,良,67,68,46,71,19,22,0.66,73
15,2014-05-16,良,55,28,37,56,11,27,0.76,42
16,2014-05-17,良,65,41,46,72,23,22,0.62,69
17,2014-05-18,良,67,71,48,71,11,20,0.69,58
18,2014-05-19,良,66,58,47,65,15,24,0.76,59
19,2014-05-20,良,75,63,51,90,14,32,0.82,50
20,2014-05-21,优,49,25,33,49,10,18,0.74,60
21,2014-05-22,优,39,22,25,38,6,17,0.72,44
22,2014-05-23,优,49,41,28,52,9,22,0.77,44
23,2014-05-24,良,56,76,38,61,16,19,0.84,52
24,2014-05-25,良,61,58,43,61,7,23,0.85,54
25,2014-05-26,优,48,26,29,52,16,19,0.56,52
26,2014-05-27,良,87,58,57,113,25,27,0.61,59
27,2014-05-28,轻度污染,103,112,64,154,26,54,0.93,34
28,2014-05-29,轻度污染,121,118,91,140,27,43,0.84,39
29,2014-05-30,轻度污染,111,97,83,124,18,43,1.12,33
30,2014-05-31,良,83,80,57,87,10,26,0.97,43
0,2014-04-01,良,79,84,57,85,18,29,0.75,66
1,2014-04-02,良,91,111,67,95,15,28,0.8,48
2,2014-04-03,良,88,130,65,97,30,33,0.8,53
3,2014-04-04,良,79,87,57,91,19,43,0.8,58
4,2014-04-05,良,88,112,65,91,15,40,0.95,39
5,2014-04-06,优,40,4,25,40,15,23,0.81,52
6,2014-04-07,良,57,26,40,57,12,37,1.01,24
7,2014-04-08,优,38,2,22,35,16,28,0.99,25
8,2014-04-09,优,48,6,25,49,16,31,0.87,34
9,2014-04-10,良,54,16,32,60,15,33,0.93,37
10,2014-04-11,良,62,35,36,73,10,25,0.72,65
11,2014-04-12,良,77,99,53,100,23,28,0.81,83
12,2014-04-13,良,75,88,51,95,13,23,0.78,58
13,2014-04-14,良,76,62,51,96,12,20,0.83,74
14,2014-04-15,良,82,89,60,96,7,18,0.81,95
15,2014-04-16,良,70,76,49,80,6,16,0.72,91
16,2014-04-17,良,72,71,50,88,9,20,0.71,91
17,2014-04-18,良,74,87,53,90,8,17,0.73,101
18,2014-04-19,良,67,107,43,78,14,18,0.68,89
19,2014-04-20,良,56,46,32,63,9,19,0.7,50
20,2014-04-21,良,61,69,36,71,24,20,0.76,39
21,2014-04-22,优,40,15,17,41,8,17,0.6,52
22,2014-04-23,优,43,6,25,42,6,20,0.62,35
23,2014-04-24,优,49,19,31,55,12,22,0.68,29
24,2014-04-25,良,63,68,40,72,14,22,0.71,29
25,2014-04-26,优,47,42,28,48,10,24,0.72,30
26,2014-04-27,良,63,78,35,73,20,26,0.64,47
27,2014-04-28,良,52,16,31,57,6,19,0.63,57
28,2014-04-29,良,61,17,35,71,12,21,0.48,69
29,2014-04-30,良,83,64,46,114,19,45,0.74,47
0,2014-03-01,优,33,11,19,31,26,20,1.04,42
1,2014-03-02,优,35,11,21,29,14,17,0.93,48
2,2014-03-03,优,42,12,27,38,24,25,1.12,36
3,2014-03-04,良,62,55,44,62,42,31,1.07,42
4,2014-03-05,良,70,80,50,65,41,35,1.02,35
5,2014-03-06,优,34,1,21,31,23,21,0.99,40
6,2014-03-07,优,38,20,25,33,24,26,1.06,33
7,2014-03-08,良,55,52,36,57,39,30,1.01,44
8,2014-03-09,良,58,45,40,62,35,23,0.89,65
9,2014-03-10,良,77,58,56,77,35,32,0.94,48
10,2014-03-11,优,40,9,25,38,19,32,1.05,26
11,2014-03-12,良,79,93,58,89,37,35,1.2,39
12,2014-03-13,轻度污染,112,175,84,115,27,25,0.93,60
13,2014-03-14,良,85,81,63,90,27,27,0.86,54
14,2014-03-15,良,95,77,70,113,36,47,0.99,35
15,2014-03-16,轻度污染,120,122,89,147,61,51,1.2,41
16,2014-03-17,良,97,54,72,107,29,39,1.08,50
17,2014-03-18,良,75,36,54,83,13,27,0.98,76
18,2014-03-19,良,84,65,60,98,18,34,0.98,63
19,2014-03-20,良,53,20,32,45,10,17,0.78,77
20,2014-03-21,良,52,15,30,56,18,17,0.51,70
21,2014-03-22,良,65,31,45,72,20,31,0.68,35
22,2014-03-23,优,45,3,27,44,15,31,0.81,19
23,2014-03-25,良,71,29,50,80,30,30,0.94,38
24,2014-03-26,良,77,28,56,85,32,36,1.01,44
25,2014-03-27,良,69,35,47,76,17,35,0.95,44
26,2014-03-28,良,61,44,38,67,22,25,0.69,76
27,2014-03-29,良,60,41,37,68,33,32,0.73,68
28,2014-03-30,良,63,38,43,69,15,26,0.73,58
29,2014-03-31,优,43,17,23,37,11,21,0.66,64
0,2014-02-01,良,67,36,48,53,26,21,0.69,66
1,2014-02-02,良,87,51,64,74,36,27,0.92,46
2,2014-02-03,良,99,125,74,85,31,23,0.97,38
3,2014-02-04,良,86,149,63,64,20,16,0.7,64
4,2014-02-05,良,54,107,38,45,13,14,0.71,74
5,2014-02-06,优,43,78,29,40,14,12,0.94,23
6,2014-02-07,优,31,26,22,23,28,13,0.88,32
7,2014-02-08,优,30,15,20,22,19,14,0.77,30
8,2014-02-09,优,24,16,13,14,14,9,0.63,41
9,2014-02-10,良,91,154,67,67,35,12,0.97,75
10,2014-02-11,良,83,95,61,65,39,15,0.77,63
11,2014-02-12,良,90,86,67,71,50,18,0.79,55
12,2014-02-13,良,90,91,67,70,46,16,0.89,69
13,2014-02-14,良,94,65,70,76,56,20,0.79,70
14,2014-02-15,轻度污染,114,72,85,105,62,26,0.8,58
15,2014-02-16,轻度污染,105,115,78,67,34,30,0.99,27
16,2014-02-17,良,54,53,37,40,31,23,0.98,22
17,2014-02-18,优,43,41,30,27,32,27,1.2,24
18,2014-02-19,良,80,83,59,71,45,25,1.06,47
19,2014-02-20,轻度污染,101,101,60,106,41,29,1.0,43
20,2014-02-21,良,62,19,43,64,23,31,0.85,63
21,2014-02-22,良,53,6,38,45,29,33,0.91,33
22,2014-02-23,良,56,11,39,34,26,28,0.95,22
23,2014-02-24,优,43,6,30,29,37,29,1.22,13
24,2014-02-25,良,70,66,52,70,47,37,1.29,30
25,2014-02-26,良,85,72,63,88,49,36,1.29,19
26,2014-02-27,优,40,10,27,32,29,28,1.11,17
27,2014-02-28,优,45,24,32,42,26,24,1.2,13
0,2014-01-01,轻度污染,128,99,105,145,85,70,1.52,40
1,2014-01-02,轻度污染,143,94,107,138,78,58,1.36,52
2,2014-01-03,轻度污染,110,62,82,107,66,35,1.08,66
3,2014-01-04,轻度污染,121,91,91,121,114,65,1.25,47
4,2014-01-05,中度污染,153,97,116,162,88,65,1.5,48
5,2014-01-06,中度污染,187,118,142,176,63,52,1.37,31
6,2014-01-07,轻度污染,121,96,90,115,48,35,1.01,46
7,2014-01-08,轻度污染,109,142,82,89,39,33,1.08,38
8,2014-01-09,轻度污染,122,155,92,99,64,33,1.08,49
9,2014-01-10,良,75,34,54,45,23,35,1.36,22
10,2014-01-11,良,54,12,39,42,46,29,1.3,17
11,2014-01-12,良,58,25,41,42,40,28,1.24,21
12,2014-01-13,良,83,69,61,58,47,34,1.17,48
13,2014-01-14,轻度污染,131,110,99,134,71,53,1.83,23
14,2014-01-15,轻度污染,128,78,96,112,72,56,1.53,27
15,2014-01-16,中度污染,156,101,120,139,100,59,1.37,32
16,2014-01-17,轻度污染,148,73,112,126,107,45,1.29,42
17,2014-01-18,轻度污染,121,65,91,109,67,50,1.18,48
18,2014-01-19,轻度污染,115,46,86,107,59,41,1.04,61
19,2014-01-20,良,79,43,58,71,54,30,0.94,60
20,2014-01-21,轻度污染,134,166,101,126,83,60,1.46,35
21,2014-01-22,轻度污染,113,121,84,114,79,54,1.24,49
22,2014-01-24,轻度污染,107,73,80,104,47,37,0.94,107
23,2014-01-25,中度污染,182,144,139,166,87,51,1.3,87
24,2014-01-26,中度污染,159,157,120,132,51,36,1.07,58
25,2014-01-27,轻度污染,150,149,113,116,59,34,1.16,35
26,2014-01-28,轻度污染,149,142,113,110,55,39,1.52,21
27,2014-01-29,轻度污染,136,132,102,108,68,41,1.74,26
28,2014-01-30,轻度污染,136,79,102,92,50,26,1.32,38
29,2014-01-31,良,83,12,60,64,27,16,0.64,64
0,2013-12-01,轻度污染,136,84,98,144,88,50,1.17,26
1,2013-12-02,轻度污染,142,62,107,161,59,51,1.42,35
2,2013-12-03,轻度污染,141,51,127,177,67,52,1.28,26
3,2013-12-04,中度污染,164,57,106,140,71,49,1.07,45
4,2013-12-05,轻度污染,123,49,87,120,50,47,0.97,43
5,2013-12-06,轻度污染,143,67,122,160,73,54,1.25,35
6,2013-12-07,轻度污染,150,48,100,133,73,54,1.06,43
7,2013-12-08,轻度污染,124,24,80,96,29,31,0.79,50
8,2013-12-09,良,99,27,57,75,45,36,1.0,38
9,2013-12-10,良,81,22,59,70,43,37,1.22,16
10,2013-12-11,良,77,24,57,71,42,32,0.81,23
11,2013-12-12,良,93,35,80,103,60,37,0.92,23
12,2013-12-13,轻度污染,101,46,70,91,64,35,0.86,34
13,2013-12-14,良,95,32,73,92,42,33,0.9,34
14,2013-12-15,良,72,26,29,22,21,28,0.89,24
15,2013-12-16,优,36,21,29,32,29,25,0.82,28
16,2013-12-17,优,50,35,37,45,32,23,0.69,45
17,2013-12-18,良,66,52,52,71,37,32,0.87,40
18,2013-12-19,良,92,47,85,105,49,42,0.89,48
19,2013-12-20,轻度污染,108,48,77,95,39,30,0.78,58
20,2013-12-21,轻度污染,112,46,94,111,42,31,0.94,63
21,2013-12-22,轻度污染,140,66,125,148,85,40,1.1,49
22,2013-12-23,中度污染,193,71,149,172,87,40,1.3,53
23,2013-12-24,中度污染,170,50,112,130,69,36,1.05,60
24,2013-12-25,中度污染,152,40,124,146,80,46,1.13,53
25,2013-12-26,中度污染,169,50,123,138,67,42,1.13,37
26,2013-12-27,轻度污染,147,84,104,115,52,36,0.96,55
27,2013-12-28,轻度污染,132,80,94,117,66,41,0.97,62
28,2013-12-29,轻度污染,125,78,101,124,88,46,1.07,51
29,2013-12-30,轻度污染,133,77,95,136,113,52,1.02,45
30,2013-12-31,轻度污染,120,79,84,116,98,61,1.3,44
0,2013-11-01,优,50,9,34,48,13,26,1.51,26
1,2013-11-02,优,47,8,32,41,12,23,1.16,37
2,2013-11-03,优,46,9,31,45,10,18,0.82,53
3,2013-11-04,良,61,16,43,61,20,27,0.78,63
4,2013-11-05,良,98,56,72,94,24,32,0.9,47
5,2013-11-06,轻度污染,103,42,73,104,40,40,1.1,38
6,2013-11-07,良,91,44,55,77,20,32,0.37,39
7,2013-11-08,良,51,6,24,43,9,19,0.58,49
8,2013-11-09,优,45,3,30,50,10,22,0.55,52
9,2013-11-10,良,60,33,56,85,20,32,0.79,37
10,2013-11-11,良,59,52,19,27,6,20,1.06,39
11,2013-11-12,优,20,1,17,26,13,18,0.85,38
12,2013-11-13,优,34,17,29,41,12,22,0.78,36
13,2013-11-14,良,52,27,39,54,23,25,0.82,32
14,2013-11-15,良,56,21,42,64,34,34,0.88,45
15,2013-11-16,良,70,21,62,93,42,33,0.86,43
16,2013-11-17,轻度污染,102,61,79,115,52,50,1.15,23
17,2013-11-18,良,95,67,61,74,27,39,0.88,30
18,2013-11-19,良,78,32,53,72,26,37,0.78,31
19,2013-11-20,良,66,18,44,57,18,34,0.68,41
20,2013-11-21,良,62,13,43,57,19,31,0.72,34
21,2013-11-22,良,55,9,33,45,18,32,0.72,35
22,2013-11-23,良,51,3,34,56,20,32,0.69,40
23,2013-11-24,良,55,6,29,78,26,29,0.68,49
24,2013-11-25,良,81,53,49,123,39,48,0.88,33
25,2013-11-26,良,74,48,41,88,37,31,0.74,45
26,2013-11-27,良,59,16,31,46,19,24,0.67,39
27,2013-11-28,良,57,26,46,72,46,29,0.72,38
28,2013-11-29,良,73,56,53,85,55,45,0.84,27
29,2013-11-30,良,83,49,89,139,76,50,1.06,15
0,2013-10-28,轻度污染,131,49,99,134,23,50,1.05,59
1,2013-10-29,良,71,30,52,57,7,40,0.96,65
2,2013-10-30,优,38,3,25,32,8,29,0.85,44
3,2013-10-31,优,43,4,29,41,11,28,1.19,20
