0,2019-12-01,良,57,213,39,48,22,32,0.72,32
1,2019-12-02,优,42,125,27,36,17,25,0.62,35
2,2019-12-03,优,28,29,17,26,13,19,0.55,37
3,2019-12-04,优,39,64,25,36,17,23,0.68,31
4,2019-12-05,优,47,103,31,43,20,27,0.75,28
5,2019-12-06,良,63,203,42,67,21,34,0.83,24
6,2019-12-07,良,56,100,38,52,24,33,0.72,32
7,2019-12-08,良,85,192,62,76,30,44,0.97,23
8,2019-12-09,轻度污染,124,271,93,105,26,39,1.02,27
9,2019-12-10,中度污染,189,326,145,161,36,56,1.35,18
0,2019-11-01,优,26,24,12,25,12,26,0.48,31
1,2019-11-02,优,33,50,14,33,12,23,0.48,37
2,2019-11-03,优,31,41,18,30,14,28,0.6,28
3,2019-11-04,良,54,110,30,58,19,41,0.7,27
4,2019-11-05,优,38,57,15,39,11,25,0.5,36
5,2019-11-06,优,43,80,21,44,14,34,0.59,21
6,2019-11-07,优,29,40,15,29,12,24,0.5,30
7,2019-11-08,优,37,54,18,37,11,26,0.54,36
8,2019-11-09,良,61,133,38,70,20,47,0.83,20
9,2019-11-10,轻度污染,105,333,79,99,19,41,0.93,35
10,2019-11-11,良,53,101,33,46,14,26,0.64,34
11,2019-11-12,优,32,45,16,30,13,33,0.6,32
12,2019-11-13,优,20,10,12,19,12,19,0.48,38
13,2019-11-14,优,31,39,17,28,12,24,0.52,40
14,2019-11-15,优,41,61,27,38,15,30,0.6,34
15,2019-11-16,优,39,57,23,37,15,27,0.58,33
16,2019-11-17,良,60,126,39,62,22,45,0.77,19
17,2019-11-18,优,50,117,20,50,14,22,0.51,37
18,2019-11-19,优,33,51,18,28,13,23,0.53,40
19,2019-11-20,良,82,271,60,73,27,50,0.92,23
20,2019-11-21,良,84,287,62,88,29,49,1.02,25
21,2019-11-22,良,55,118,34,59,16,27,0.6,48
22,2019-11-23,优,36,47,20,34,13,21,0.48,42
23,2019-11-24,优,24,26,12,23,11,18,0.49,38
24,2019-11-25,优,35,163,20,35,12,22,0.6,31
25,2019-11-26,优,46,166,24,48,13,27,0.66,27
26,2019-11-27,优,30,61,15,30,9,18,0.52,35
27,2019-11-28,优,46,196,28,44,18,29,0.71,27
28,2019-11-29,良,53,190,33,52,21,34,0.74,27
29,2019-11-30,良,68,254,46,67,19,33,0.76,29
0,2019-10-01,良,74,284,44,93,10,18,0.79,156
1,2019-10-02,良,64,236,40,78,11,18,0.74,116
2,2019-10-03,优,26,32,5,27,8,12,0.73,36
3,2019-10-04,优,21,29,6,20,8,16,0.46,37
4,2019-10-05,优,34,201,12,34,7,29,0.51,34
5,2019-10-06,优,38,219,14,39,7,23,0.47,49
6,2019-10-07,优,48,232,16,53,9,22,0.58,60
7,2019-10-08,优,20,27,7,18,7,15,0.42,35
8,2019-10-09,优,48,188,15,52,9,26,0.52,44
9,2019-10-10,优,37,104,15,38,9,20,0.49,56
10,2019-10-11,优,28,45,9,29,7,23,0.45,31
11,2019-10-12,优,36,88,12,36,7,26,0.48,29
12,2019-10-13,优,32,68,12,32,7,25,0.46,28
13,2019-10-14,优,42,190,15,42,8,30,0.54,28
14,2019-10-15,良,56,315,19,66,10,30,0.49,35
15,2019-10-16,良,70,324,36,88,14,56,0.85,22
16,2019-10-17,良,67,277,34,82,17,58,0.88,27
17,2019-10-18,良,89,302,54,112,16,67,1.19,27
18,2019-10-19,良,99,308,72,136,23,70,1.13,44
19,2019-10-20,良,95,305,52,121,17,38,0.88,52
20,2019-10-21,优,39,66,11,40,15,27,0.45,35
21,2019-10-22,良,70,218,38,87,26,62,0.86,20
22,2019-10-23,良,85,273,50,120,23,66,1.02,27
23,2019-10-24,轻度污染,104,320,72,136,24,68,1.1,41
24,2019-10-25,优,33,114,20,35,10,18,0.56,30
25,2019-10-26,优,28,86,16,28,13,26,0.55,33
26,2019-10-27,优,50,155,32,50,19,37,0.8,35
27,2019-10-28,良,68,200,47,78,17,40,0.87,43
28,2019-10-29,优,31,54,18,28,11,22,0.53,36
29,2019-10-30,优,44,60,24,46,17,35,0.63,30
30,2019-10-31,优,39,48,14,41,9,19,0.44,42
31,2019-10-31,优,39,48,14,41,9,19,0.44,42
0,2019-09-01,优,33,139,13,33,7,18,0.46,74
1,2019-09-02,优,28,106,12,28,7,26,0.46,32
2,2019-09-03,优,49,249,21,52,8,32,0.65,48
3,2019-09-04,良,63,327,36,70,8,29,0.87,101
4,2019-09-05,优,49,230,21,53,9,34,0.69,51
5,2019-09-06,优,35,128,12,33,9,27,0.55,53
6,2019-09-07,优,38,107,12,39,10,29,0.67,34
7,2019-09-08,优,23,35,7,17,7,12,0.45,63
8,2019-09-09,优,26,60,5,26,7,21,0.42,38
9,2019-09-10,优,22,68,7,22,7,20,0.48,26
10,2019-09-11,优,39,212,14,40,8,32,0.65,33
11,2019-09-12,优,46,245,17,50,10,34,0.7,39
12,2019-09-13,优,24,60,11,23,7,18,0.6,40
13,2019-09-14,优,21,50,8,20,7,25,0.6,33
14,2019-09-15,优,27,78,9,27,7,18,0.52,57
15,2019-09-16,优,19,21,7,18,8,19,0.53,36
16,2019-09-17,优,35,105,10,34,8,22,0.52,44
17,2019-09-18,优,17,14,6,16,6,16,0.5,34
18,2019-09-19,优,27,52,12,28,6,26,0.57,26
19,2019-09-20,优,45,174,20,48,9,34,0.83,36
20,2019-09-21,优,29,53,16,29,9,27,0.6,30
21,2019-09-22,优,49,203,21,54,11,38,0.75,30
22,2019-09-23,优,44,99,17,46,11,34,0.63,44
23,2019-09-24,优,33,37,10,33,9,29,0.56,35
24,2019-09-25,良,54,146,20,61,11,41,0.76,34
25,2019-09-26,良,65,229,31,80,14,49,1.0,52
26,2019-09-27,良,59,194,30,68,11,38,0.84,71
27,2019-09-28,良,59,150,29,69,11,24,0.72,115
28,2019-09-29,优,33,33,10,34,9,23,0.49,50
29,2019-09-30,良,67,202,34,83,13,34,0.92,81
0,2019-08-06,优,45,206,22,45,8,28,0.65,43
1,2019-08-07,优,33,71,16,31,7,23,0.64,31
2,2019-08-08,优,19,6,9,18,6,18,0.55,21
3,2019-08-09,优,20,10,4,11,5,10,0.43,40
4,2019-08-10,优,28,76,11,27,6,26,0.6,12
5,2019-08-11,优,21,39,9,20,6,19,0.6,14
6,2019-08-21,优,22,22,10,19,7,15,0.53,54
7,2019-08-22,优,22,23,11,22,7,21,0.56,27
8,2019-08-23,优,21,27,10,21,7,20,0.58,35
9,2019-08-24,优,30,75,11,30,8,27,0.63,23
10,2019-08-25,优,42,151,19,46,9,35,0.78,27
11,2019-08-26,优,29,75,12,28,8,21,0.68,54
12,2019-08-27,优,28,99,9,18,6,18,0.51,70
13,2019-08-28,优,25,50,9,23,7,27,0.52,44
0,2019-07-01,优,23,6,6,18,7,19,0.48,41
1,2019-07-02,优,35,61,15,34,8,34,0.55,40
2,2019-07-03,优,39,92,17,36,8,31,0.55,48
3,2019-07-04,优,45,146,16,37,8,31,0.54,65
4,2019-07-05,优,48,162,24,48,7,25,0.66,87
5,2019-07-06,良,62,261,20,41,6,25,0.68,100
6,2019-07-07,良,53,213,24,52,6,28,0.7,64
7,2019-07-12,优,47,250,18,48,8,32,0.46,74
8,2019-07-13,优,44,237,17,45,8,31,0.48,71
9,2019-07-14,优,33,109,14,33,6,27,0.4,53
10,2019-07-15,优,35,121,14,35,7,34,0.58,48
11,2019-07-16,优,43,205,22,43,7,32,0.61,69
12,2019-07-17,优,42,190,24,41,6,18,0.6,87
13,2019-07-18,优,41,219,22,39,7,28,0.59,63
14,2019-07-19,优,43,248,23,46,8,36,0.7,63
15,2019-07-20,良,52,282,29,56,8,27,0.76,76
16,2019-07-21,优,23,35,10,22,8,20,0.45,27
17,2019-07-22,优,27,78,9,22,8,25,0.51,60
18,2019-07-23,优,31,123,12,30,9,29,0.57,57
19,2019-07-24,优,30,109,12,24,8,18,0.55,74
20,2019-07-25,优,21,41,8,19,7,19,0.46,34
21,2019-07-26,优,28,70,13,25,8,23,0.67,56
0,2019-06-01,优,33,48,8,24,7,21,0.47,64
1,2019-06-02,优,45,77,10,27,7,17,0.47,87
2,2019-06-03,优,34,36,9,28,7,22,0.48,65
3,2019-06-04,优,41,47,11,34,7,28,0.5,65
4,2019-06-05,优,45,118,16,35,8,31,0.68,75
5,2019-06-06,优,41,119,10,26,7,25,0.49,78
6,2019-06-07,优,39,95,11,32,9,34,0.52,62
7,2019-06-08,优,37,90,12,28,8,32,0.57,70
8,2019-06-09,优,38,110,13,30,9,31,0.62,64
9,2019-06-10,优,34,76,11,30,8,33,0.57,54
10,2019-06-11,优,39,110,24,38,7,36,0.55,44
11,2019-06-14,优,19,15,8,18,7,27,0.41,61
12,2019-06-15,优,20,31,4,18,6,15,0.4,40
13,2019-06-17,优,34,114,11,30,7,29,0.45,65
14,2019-06-18,优,29,119,11,26,7,24,0.44,61
15,2019-06-19,优,40,222,14,41,8,29,0.48,71
16,2019-06-20,优,27,104,8,26,7,19,0.4,45
17,2019-06-25,良,80,303,20,56,9,25,0.68,139
18,2019-06-26,良,67,278,19,53,8,19,0.6,117
19,2019-06-27,良,52,192,17,36,7,19,0.54,90
20,2019-06-28,优,27,22,11,25,7,21,0.52,20
21,2019-06-29,优,17,4,5,14,7,14,0.43,29
22,2019-06-30,优,18,5,7,16,7,17,0.46,25
0,2019-05-01,良,52,125,10,53,10,16,0.48,73
1,2019-05-02,优,49,78,18,49,9,36,0.55,54
2,2019-05-03,良,60,126,25,65,11,43,0.64,65
3,2019-05-04,良,78,261,29,105,12,27,0.63,98
4,2019-05-05,优,44,88,20,40,10,15,0.55,65
5,2019-05-06,优,33,55,14,27,8,23,0.5,60
6,2019-05-07,优,46,113,19,43,9,36,0.58,62
7,2019-05-08,良,54,176,18,56,9,25,0.54,71
8,2019-05-09,良,53,139,18,52,8,35,0.56,66
9,2019-05-10,良,75,228,34,98,12,35,0.74,90
10,2019-05-11,良,90,279,41,108,11,30,0.63,108
11,2019-05-12,良,69,131,28,67,11,24,0.55,109
12,2019-05-13,良,63,159,32,76,10,21,0.57,76
13,2019-05-14,良,54,107,19,57,9,23,0.61,69
14,2019-05-15,良,82,258,33,105,13,31,0.7,100
15,2019-05-16,中度污染,200,351,71,319,9,17,0.54,90
16,2019-05-17,良,67,255,37,79,12,26,0.61,74
17,2019-05-18,良,57,226,18,72,9,26,0.57,56
18,2019-05-19,优,30,9,12,25,9,26,0.56,49
19,2019-05-20,优,38,39,4,13,8,10,0.5,71
20,2019-05-21,优,26,5,4,11,8,10,0.48,51
21,2019-05-22,优,30,9,8,19,8,19,0.51,50
22,2019-05-23,优,43,39,16,40,11,33,0.78,53
23,2019-05-24,良,76,200,26,79,13,21,0.59,134
24,2019-05-25,轻度污染,102,304,40,117,13,18,0.6,146
25,2019-05-26,优,31,48,11,24,11,15,0.43,56
26,2019-05-27,优,34,56,4,12,8,13,0.49,63
27,2019-05-28,优,34,48,6,23,7,11,0.41,61
28,2019-05-29,优,34,54,10,27,7,22,0.44,60
29,2019-05-30,优,41,85,12,35,8,22,0.48,64
30,2019-05-31,优,30,27,6,17,6,14,0.44,59
0,2019-04-01,良,60,214,39,60,12,33,0.68,51
1,2019-04-02,良,60,206,36,60,14,29,0.65,57
2,2019-04-03,良,70,248,34,87,13,22,0.57,72
3,2019-04-04,良,62,178,39,62,15,34,0.68,51
4,2019-04-05,良,60,162,41,45,12,24,0.69,53
5,2019-04-06,优,43,42,24,37,14,26,0.59,59
6,2019-04-07,优,33,15,16,29,14,26,0.52,51
7,2019-04-08,优,35,22,18,32,16,27,0.53,50
8,2019-04-09,优,46,134,23,44,15,38,0.66,50
9,2019-04-10,良,61,273,36,69,17,53,0.87,45
10,2019-04-11,良,62,265,38,68,16,44,0.76,52
11,2019-04-12,良,56,173,28,61,13,26,0.65,75
12,2019-04-13,良,62,202,21,74,11,18,0.62,76
13,2019-04-14,优,48,107,19,48,12,25,0.62,70
14,2019-04-15,良,67,221,30,82,12,32,0.69,72
15,2019-04-16,严重污染,302,362,74,518,10,23,0.72,95
16,2019-04-17,中度污染,157,349,49,216,11,17,0.66,109
17,2019-04-18,优,39,23,14,26,9,15,0.53,70
18,2019-04-19,优,39,37,16,35,9,27,0.5,59
19,2019-04-20,良,85,328,26,117,8,21,0.52,70
20,2019-04-21,轻度污染,140,356,56,204,7,27,0.56,73
21,2019-04-22,良,79,275,31,106,7,21,0.5,84
22,2019-04-23,中度污染,172,359,53,268,9,21,0.61,82
23,2019-04-24,轻度污染,145,345,37,186,6,14,0.38,74
24,2019-04-25,优,42,65,16,41,7,22,0.42,59
25,2019-04-26,优,44,75,18,41,8,27,0.46,62
26,2019-04-27,良,57,216,23,63,10,35,0.51,65
27,2019-04-28,良,78,330,29,104,10,17,0.54,93
28,2019-04-29,良,61,251,34,63,10,26,0.59,92
29,2019-04-30,良,70,251,37,76,11,23,0.62,87
0,2019-03-01,重度污染,210,350,166,187,28,66,1.36,49
1,2019-03-02,中度污染,172,328,104,202,25,50,1.15,58
2,2019-03-03,轻度污染,103,256,75,105,20,50,0.9,52
3,2019-03-04,良,78,198,54,79,21,58,1.08,47
4,2019-03-05,中度污染,155,325,113,156,26,55,1.34,48
5,2019-03-06,优,38,83,15,34,14,19,0.57,62
6,2019-03-07,良,54,139,33,54,18,37,0.72,48
7,2019-03-08,良,91,326,52,119,20,39,0.87,53
8,2019-03-09,轻度污染,124,359,35,170,12,21,0.61,61
9,2019-03-10,良,71,209,48,74,23,51,1.02,40
10,2019-03-11,良,69,211,45,73,19,37,0.75,55
11,2019-03-12,优,40,20,12,39,12,13,0.58,60
12,2019-03-13,优,37,11,21,31,14,25,0.63,54
13,2019-03-14,良,62,211,42,59,21,43,0.78,46
14,2019-03-15,良,72,306,48,70,20,50,1.0,43
15,2019-03-16,良,62,185,40,67,22,49,0.98,42
16,2019-03-17,良,65,181,30,76,18,33,0.78,55
17,2019-03-18,良,83,271,37,109,18,35,0.9,60
18,2019-03-19,轻度污染,111,340,82,141,25,40,1.12,80
19,2019-03-20,良,72,235,47,77,14,23,0.86,55
20,2019-03-21,良,88,317,56,67,11,24,0.82,56
21,2019-03-22,良,55,250,37,49,13,32,0.82,61
22,2019-03-23,良,55,234,34,52,11,25,0.71,62
23,2019-03-24,良,54,149,30,51,13,30,0.69,55
24,2019-03-25,良,78,263,34,96,14,33,0.66,56
25,2019-03-26,优,45,59,29,41,10,19,0.56,62
26,2019-03-27,优,48,63,31,45,11,26,0.62,55
27,2019-03-28,良,53,121,32,54,12,28,0.65,54
28,2019-03-29,良,95,322,67,104,16,52,0.95,50
29,2019-03-30,良,71,228,44,75,12,28,0.72,56
30,2019-03-31,良,53,162,35,53,13,28,0.66,56
0,2019-02-01,轻度污染,148,360,111,133,33,47,1.21,31
1,2019-02-02,轻度污染,134,321,101,142,39,52,1.39,29
2,2019-02-03,轻度污染,101,231,68,105,27,25,0.87,40
3,2019-02-04,优,41,30,23,36,18,14,0.68,54
4,2019-02-05,良,59,61,39,54,19,18,0.79,52
5,2019-02-06,优,42,58,27,37,21,17,0.75,50
6,2019-02-07,良,59,189,35,54,15,15,0.81,50
7,2019-02-08,良,62,265,43,55,20,21,0.82,47
8,2019-02-09,轻度污染,128,326,97,100,28,35,1.11,41
9,2019-02-10,良,94,303,70,77,27,31,0.96,44
10,2019-02-11,轻度污染,136,339,105,103,30,39,1.16,41
11,2019-02-12,良,65,211,46,58,26,29,0.78,46
12,2019-02-13,良,74,250,53,66,32,33,0.92,44
13,2019-02-14,良,89,279,65,89,33,41,1.05,44
14,2019-02-15,中度污染,176,362,140,138,32,52,1.39,38
15,2019-02-16,良,69,253,48,65,23,32,0.86,45
16,2019-02-17,良,60,242,39,59,23,31,0.78,46
17,2019-02-18,良,69,246,47,73,26,37,0.86,43
18,2019-02-19,重度污染,202,358,156,176,41,65,1.55,35
19,2019-02-20,严重污染,268,353,220,241,37,63,1.49,45
20,2019-02-21,轻度污染,131,279,98,121,28,50,1.0,44
21,2019-02-22,良,98,242,69,96,26,43,0.96,45
22,2019-02-23,良,89,200,62,105,21,39,0.9,56
23,2019-02-24,轻度污染,137,272,97,125,19,36,0.96,51
24,2019-02-25,中度污染,163,315,125,140,21,41,1.03,57
25,2019-02-26,中度污染,183,338,166,97,23,50,1.1,55
26,2019-02-27,严重污染,358,365,372,202,32,79,1.73,57
27,2019-02-28,重度污染,222,351,176,177,21,53,1.23,52
0,2019-01-01,优,46,98,28,42,25,28,0.62,34
1,2019-01-02,良,69,151,48,65,33,37,0.9,31
2,2019-01-03,轻度污染,115,235,86,107,43,54,1.24,27
3,2019-01-04,良,53,119,33,54,28,31,0.89,35
4,2019-01-05,良,53,133,34,46,29,32,0.69,36
5,2019-01-06,轻度污染,118,273,88,102,40,53,1.21,28
6,2019-01-07,中度污染,175,300,133,151,41,61,1.65,26
7,2019-01-08,良,67,172,47,65,30,37,0.78,30
8,2019-01-09,良,81,275,26,113,17,26,0.58,42
9,2019-01-10,良,85,232,55,102,34,47,1.14,30
10,2019-01-11,中度污染,174,306,134,165,43,67,1.97,28
11,2019-01-12,中度污染,172,284,135,165,41,69,1.65,31
12,2019-01-13,严重污染,263,331,212,243,32,69,2.18,26
13,2019-01-14,重度污染,217,313,167,195,31,60,1.5,35
14,2019-01-15,良,92,229,66,91,24,34,0.94,40
15,2019-01-16,优,44,85,19,43,21,23,0.67,41
16,2019-01-17,优,49,77,31,43,26,30,0.88,40
17,2019-01-18,轻度污染,127,286,95,122,41,61,1.57,23
18,2019-01-19,轻度污染,139,292,105,134,43,62,1.68,25
19,2019-01-20,良,57,147,37,53,30,34,0.92,35
20,2019-01-21,良,91,260,65,92,43,54,1.32,25
21,2019-01-22,良,78,156,53,81,30,41,0.9,33
22,2019-01-23,良,52,61,33,49,24,32,0.79,35
23,2019-01-24,良,81,143,58,85,36,48,1.21,30
24,2019-01-25,良,62,108,40,58,28,34,0.89,31
25,2019-01-26,良,81,216,59,78,32,44,1.13,33
26,2019-01-27,良,95,238,65,114,24,40,1.04,40
27,2019-01-28,良,53,77,33,51,21,27,0.83,41
28,2019-01-29,良,82,178,55,100,30,39,0.98,37
29,2019-01-30,良,94,218,31,137,17,17,0.65,49
30,2019-01-31,良,52,155,32,49,23,26,0.77,41
0,2018-12-01,优,48,58,27,50,20,28,0.64,34
1,2018-12-02,良,63,115,38,70,16,27,0.7,51
2,2018-12-03,良,57,87,23,69,13,18,0.63,42
3,2018-12-04,优,26,9,13,24,13,17,0.62,37
4,2018-12-05,优,39,63,23,36,18,27,0.72,30
5,2018-12-06,优,40,124,24,39,20,26,0.66,33
6,2018-12-07,优,32,98,15,31,13,20,0.69,39
7,2018-12-08,优,33,112,16,32,15,21,0.67,40
8,2018-12-09,优,47,153,29,39,25,32,0.79,35
9,2018-12-10,良,88,266,63,87,32,47,1.24,26
10,2018-12-11,轻度污染,146,345,110,120,49,66,1.65,18
11,2018-12-12,严重污染,260,365,226,193,29,54,1.57,30
12,2018-12-13,重度污染,223,363,185,202,26,41,1.07,31
13,2018-12-14,良,71,152,49,68,31,38,0.75,31
14,2018-12-15,良,78,191,53,89,29,43,0.86,31
15,2018-12-16,良,77,165,55,79,32,44,0.84,29
16,2018-12-17,良,51,78,33,52,25,35,0.69,35
17,2018-12-18,优,37,21,22,35,23,29,0.63,39
18,2018-12-19,良,53,64,34,51,32,39,0.81,31
19,2018-12-20,良,81,182,58,82,33,45,0.94,28
20,2018-12-21,轻度污染,103,269,77,93,31,51,0.96,24
21,2018-12-28,优,42,136,25,34,24,25,0.71,36
22,2018-12-29,优,48,143,31,44,29,31,0.74,34
23,2018-12-30,良,80,292,58,70,38,42,1.01,31
24,2018-12-31,良,97,301,72,79,38,44,1.14,30
0,2018-11-01,优,48,70,28,50,18,43,0.76,24
1,2018-11-02,良,60,141,39,64,20,44,0.76,39
2,2018-11-03,良,84,285,61,79,16,35,0.95,56
3,2018-11-04,优,23,4,8,20,9,16,0.5,39
4,2018-11-05,优,37,76,16,36,16,34,0.7,27
5,2018-11-06,优,47,238,26,47,17,35,0.72,26
6,2018-11-07,良,61,288,39,68,20,44,0.77,26
7,2018-11-08,良,64,282,40,71,23,51,0.82,25
8,2018-11-09,优,28,17,18,23,9,24,0.57,19
9,2018-11-10,优,39,55,26,36,11,23,0.63,34
10,2018-11-11,良,61,183,41,65,18,41,0.87,23
11,2018-11-12,良,52,153,34,51,17,37,0.76,25
12,2018-11-13,良,61,199,41,60,18,46,0.9,24
13,2018-11-14,优,43,73,23,43,17,38,0.61,27
14,2018-11-15,优,33,60,19,33,14,25,0.47,32
15,2018-11-16,优,30,73,12,28,11,20,0.54,40
16,2018-11-17,优,42,175,23,42,14,30,0.59,31
17,2018-11-18,良,69,275,46,81,24,51,0.88,20
18,2018-11-19,优,48,156,28,51,17,38,0.66,31
19,2018-11-20,良,54,158,32,59,20,39,0.8,27
20,2018-11-21,优,47,152,22,47,17,29,0.66,31
21,2018-11-22,优,36,60,19,34,16,25,0.6,34
22,2018-11-23,优,50,85,27,52,22,32,0.68,32
23,2018-11-24,良,80,197,58,80,29,44,1.0,22
24,2018-11-25,良,94,204,68,92,28,43,0.97,25
25,2018-11-26,轻度污染,105,195,51,158,17,28,0.82,51
26,2018-11-27,良,65,96,9,81,8,11,0.43,52
27,2018-11-28,优,32,12,16,27,12,20,0.51,40
28,2018-11-29,优,43,34,26,41,20,31,0.71,30
29,2018-11-30,良,51,53,29,53,23,32,0.67,27
0,2018-10-01,优,30,34,9,27,7,18,0.5,47
1,2018-10-02,优,36,48,15,35,8,28,0.55,41
2,2018-10-03,良,57,139,27,66,8,40,0.75,29
3,2018-10-04,良,57,131,24,64,9,42,0.67,49
4,2018-10-05,良,56,126,26,60,10,43,0.75,67
5,2018-10-06,优,46,78,18,47,8,31,0.6,45
6,2018-10-07,优,42,74,8,42,6,21,0.47,40
7,2018-10-08,优,29,27,9,28,6,20,0.49,32
8,2018-10-09,优,34,61,11,34,6,26,0.56,25
9,2018-10-10,优,37,94,13,36,6,27,0.44,25
10,2018-10-11,优,29,31,10,28,7,25,0.42,29
11,2018-10-12,优,42,67,14,42,7,32,0.45,38
12,2018-10-13,良,54,131,27,55,11,32,0.62,64
13,2018-10-14,优,39,68,20,38,7,24,0.5,51
14,2018-10-15,优,29,57,10,28,7,24,0.44,28
15,2018-10-16,优,29,56,12,29,8,25,0.52,25
16,2018-10-17,优,46,151,18,46,12,38,0.61,22
17,2018-10-18,良,51,193,22,55,11,44,0.68,31
18,2018-10-19,良,58,249,27,64,13,47,0.59,35
19,2018-10-20,良,72,287,42,89,15,57,0.85,40
20,2018-10-21,良,83,291,59,106,19,64,1.04,47
21,2018-10-22,良,71,248,49,87,18,43,0.83,78
22,2018-10-23,优,49,151,23,48,9,30,0.62,49
23,2018-10-24,优,48,117,21,50,13,36,0.65,30
24,2018-10-25,良,55,128,27,61,12,43,0.74,30
25,2018-10-26,优,35,29,13,33,8,18,0.48,47
26,2018-10-27,优,19,1,7,14,8,15,0.53,34
27,2018-10-28,优,18,1,8,17,8,18,0.52,28
28,2018-10-29,优,21,6,11,18,8,20,0.53,28
29,2018-10-30,优,27,25,16,25,11,25,0.57,26
30,2018-10-31,优,33,31,17,32,13,29,0.57,25
0,2018-09-02,优,33,96,8,31,6,14,0.51,40
1,2018-09-03,优,38,107,9,21,6,17,0.55,75
2,2018-09-04,优,26,41,8,17,6,21,0.59,39
3,2018-09-05,优,22,22,4,11,5,11,0.42,40
4,2018-09-06,优,18,4,5,16,5,14,0.42,27
5,2018-09-07,优,23,11,5,20,5,19,0.53,34
6,2018-09-08,优,23,17,5,18,5,15,0.46,34
7,2018-09-09,优,39,75,11,39,6,25,0.5,32
8,2018-09-10,优,44,101,15,44,8,32,0.58,34
9,2018-09-11,优,45,113,15,40,7,21,0.55,72
10,2018-09-12,优,34,53,12,29,6,17,0.54,61
11,2018-09-13,优,34,70,16,28,6,24,0.63,62
12,2018-09-14,优,44,136,24,46,6,30,0.71,55
13,2018-09-15,优,32,60,11,24,6,16,0.5,54
14,2018-09-16,优,29,66,7,28,5,21,0.48,47
15,2018-09-17,优,31,119,9,30,5,31,0.52,31
16,2018-09-18,优,38,172,12,39,6,31,0.49,44
17,2018-09-19,良,64,308,27,82,9,46,0.81,29
18,2018-09-20,良,54,265,18,61,8,37,0.63,36
19,2018-09-21,优,40,113,18,40,7,33,0.65,44
20,2018-09-22,优,25,14,8,24,5,17,0.51,31
21,2018-09-23,优,26,37,9,24,5,23,0.56,25
22,2018-09-24,优,20,12,10,19,5,16,0.51,30
23,2018-09-25,优,38,105,15,37,8,32,0.66,37
24,2018-09-26,良,60,312,28,72,9,52,0.85,28
25,2018-09-27,良,64,296,32,79,10,55,0.85,32
26,2018-09-28,良,55,229,21,62,9,41,0.66,39
27,2018-09-29,优,33,52,14,32,7,31,0.6,40
28,2018-09-30,优,29,33,16,28,7,31,0.62,24
0,2018-08-01,优,34,58,10,27,5,19,0.59,61
1,2018-08-02,良,52,202,17,47,6,30,0.63,70
2,2018-08-03,良,63,271,18,55,7,33,0.63,82
3,2018-08-04,优,25,17,8,19,5,18,0.48,39
4,2018-08-05,优,30,28,10,26,5,20,0.56,44
5,2018-08-06,优,45,122,14,47,7,32,0.71,38
6,2018-08-07,优,43,117,14,43,7,30,0.57,42
7,2018-08-08,优,43,110,15,43,7,35,0.61,40
8,2018-08-09,优,47,101,15,46,7,34,0.61,53
9,2018-08-10,优,30,24,8,23,6,20,0.54,50
10,2018-08-11,优,33,44,10,32,7,26,0.57,33
11,2018-08-12,优,38,67,10,37,8,24,0.63,47
12,2018-08-13,优,41,125,14,40,7,31,0.71,38
13,2018-08-14,优,29,60,11,26,5,22,0.59,50
14,2018-08-15,优,36,101,10,34,6,17,0.51,55
15,2018-08-16,优,33,57,7,32,6,18,0.46,42
16,2018-08-17,优,39,116,8,37,6,23,0.49,45
17,2018-08-18,优,40,121,12,34,6,26,0.51,56
18,2018-08-19,优,47,203,16,42,6,25,0.6,73
19,2018-08-20,良,53,229,19,47,7,27,0.61,82
20,2018-08-21,优,42,77,12,31,6,21,0.46,72
21,2018-08-22,优,39,66,9,26,5,22,0.49,58
22,2018-08-23,优,47,98,17,51,7,30,0.63,42
23,2018-08-25,优,24,17,8,14,5,21,0.52,32
24,2018-08-27,优,22,3,8,20,6,22,0.54,36
25,2018-08-29,优,22,8,12,21,6,33,0.65,34
26,2018-08-31,优,32,83,9,32,5,19,0.59,38
0,2018-07-01,良,88,323,22,51,8,29,0.83,143
1,2018-07-02,良,70,296,23,58,7,44,0.86,97
2,2018-07-03,优,42,145,12,35,7,37,0.59,70
3,2018-07-04,优,28,39,7,24,6,25,0.51,40
4,2018-07-05,优,27,26,5,26,6,20,0.52,39
5,2018-07-06,优,27,28,7,24,5,21,0.55,47
6,2018-07-07,优,32,99,8,27,5,25,0.58,53
7,2018-07-08,优,22,7,9,19,4,23,0.57,36
8,2018-07-09,优,26,38,12,24,4,25,0.6,41
9,2018-07-10,优,48,226,22,40,5,26,0.57,79
10,2018-07-11,良,58,268,19,50,5,35,0.58,75
11,2018-07-12,优,39,143,11,23,4,18,0.62,76
12,2018-07-13,优,50,231,27,51,3,15,0.59,79
13,2018-07-14,优,43,172,19,38,4,22,0.57,67
14,2018-07-15,优,48,196,19,35,4,17,0.54,84
15,2018-07-16,优,46,189,19,46,4,35,0.73,39
16,2018-07-17,优,49,195,25,49,4,22,0.64,58
17,2018-07-18,优,41,125,19,36,5,19,0.52,67
18,2018-07-19,良,57,239,22,49,4,20,0.68,85
19,2018-07-20,优,50,168,27,47,5,26,0.62,51
20,2018-07-21,良,52,150,29,53,6,26,0.58,71
21,2018-07-22,良,62,234,40,65,5,19,0.53,106
22,2018-07-23,良,66,279,39,74,5,24,0.61,94
23,2018-07-24,良,59,243,29,62,6,31,0.62,79
24,2018-07-25,优,33,50,13,29,5,19,0.56,40
25,2018-07-26,优,26,23,8,21,5,17,0.69,46
26,2018-07-27,优,41,115,13,34,6,26,0.7,55
27,2018-07-28,良,66,271,19,59,8,35,0.8,80
28,2018-07-29,良,71,268,22,64,7,40,0.82,83
29,2018-07-30,良,62,238,22,57,6,34,0.75,81
30,2018-07-31,优,41,103,15,32,5,21,0.67,62
0,2018-06-01,良,98,271,47,114,8,49,0.8,111
1,2018-06-02,轻度污染,120,329,37,90,9,24,0.72,181
2,2018-06-03,轻度污染,110,298,37,100,9,22,0.65,168
3,2018-06-04,良,76,241,38,89,6,21,0.6,120
4,2018-06-05,良,69,195,30,56,6,25,0.57,120
5,2018-06-06,优,50,90,17,39,6,26,0.52,83
6,2018-06-07,良,55,120,13,26,6,25,0.58,103
7,2018-06-08,优,37,67,11,26,5,22,0.53,69
8,2018-06-09,优,34,45,8,30,6,29,0.63,58
9,2018-06-10,优,42,62,13,36,6,33,0.58,68
10,2018-06-11,良,55,111,17,32,5,34,0.59,97
11,2018-06-12,良,53,107,15,34,6,33,0.63,87
12,2018-06-13,良,57,159,15,40,6,36,0.63,87
13,2018-06-14,优,45,85,14,30,5,26,0.65,86
14,2018-06-15,优,33,21,8,17,4,22,0.64,66
15,2018-06-16,优,41,42,13,36,5,25,0.66,78
16,2018-06-17,优,45,73,11,27,5,23,0.61,85
17,2018-06-18,良,59,164,35,58,5,24,0.79,78
18,2018-06-19,优,40,87,6,15,4,25,0.59,73
19,2018-06-20,优,28,13,7,17,3,23,0.55,51
20,2018-06-21,优,30,29,7,22,4,24,0.53,54
21,2018-06-22,优,47,148,15,45,6,46,0.62,69
22,2018-06-23,优,46,141,9,30,5,26,0.51,80
23,2018-06-24,优,38,110,6,28,5,28,0.53,60
24,2018-06-25,优,40,122,20,36,4,35,0.66,77
25,2018-06-26,良,62,277,20,37,4,26,0.64,104
26,2018-06-27,优,40,118,7,14,3,25,0.56,75
27,2018-06-28,优,29,36,6,20,5,24,0.54,52
28,2018-06-29,优,42,99,14,35,6,42,0.67,65
29,2018-06-30,良,75,276,22,48,8,36,0.8,112
0,2018-05-01,良,54,119,21,47,5,30,0.59,79
1,2018-05-02,良,51,84,20,45,5,27,0.61,89
2,2018-05-03,良,54,88,27,54,4,28,0.58,81
3,2018-05-04,良,56,89,32,57,5,32,0.6,70
4,2018-05-05,良,63,200,26,76,6,25,0.58,83
5,2018-05-06,良,59,202,19,66,4,21,0.56,83
6,2018-05-07,良,51,141,21,52,6,27,0.63,79
7,2018-05-08,良,52,111,22,51,6,35,0.63,64
8,2018-05-09,良,60,140,26,60,10,44,0.58,69
9,2018-05-10,良,71,201,28,75,9,31,0.57,103
10,2018-05-11,良,65,193,26,59,8,38,0.62,88
11,2018-05-12,良,86,279,46,69,8,21,0.65,111
12,2018-05-13,良,88,269,52,86,10,32,0.7,108
13,2018-05-14,良,95,288,52,125,11,27,0.8,137
14,2018-05-15,良,95,302,58,128,10,34,0.9,106
15,2018-05-16,良,52,123,21,56,6,19,0.62,78
16,2018-05-17,优,47,76,13,46,5,31,0.67,64
17,2018-05-18,良,54,103,18,40,5,25,0.56,94
18,2018-05-19,良,60,207,20,44,6,30,0.6,95
19,2018-05-20,良,72,331,27,87,7,31,0.66,99
20,2018-05-21,良,69,322,27,64,7,30,0.63,113
21,2018-05-22,良,81,314,26,102,5,24,0.62,95
22,2018-05-23,良,55,105,21,58,4,20,0.5,75
23,2018-05-24,良,73,176,32,92,6,30,0.54,66
24,2018-05-25,优,43,64,19,36,7,29,0.54,60
25,2018-05-26,良,57,171,23,52,9,31,0.63,69
26,2018-05-27,优,34,23,20,31,6,32,0.62,38
27,2018-05-28,优,47,58,19,33,7,31,0.63,70
28,2018-05-29,优,50,82,14,28,6,29,0.55,87
29,2018-05-30,良,61,152,19,42,6,37,0.6,92
30,2018-05-31,良,77,243,37,57,6,40,0.72,108
0,2018-04-01,良,79,151,57,88,25,43,0.86,82
1,2018-04-02,良,77,131,36,99,16,25,0.68,92
2,2018-04-03,优,50,36,26,44,8,21,0.73,81
3,2018-04-04,良,71,214,46,66,14,28,0.93,75
4,2018-04-05,严重污染,263,349,231,94,29,67,1.59,71
5,2018-04-05,严重污染,263,349,231,94,29,67,1.59,71
6,2018-04-06,良,78,184,52,75,17,30,0.86,68
7,2018-04-07,轻度污染,101,340,71,89,16,34,0.96,73
8,2018-04-08,良,81,225,58,72,16,31,0.84,67
9,2018-04-09,中度污染,187,347,149,143,21,56,1.22,77
10,2018-04-10,轻度污染,138,297,109,126,21,52,1.05,61
11,2018-04-11,良,56,59,28,38,11,19,0.56,77
12,2018-04-12,优,44,32,26,29,13,28,0.61,62
13,2018-04-13,良,52,151,33,47,13,37,0.67,68
14,2018-04-14,优,46,104,27,41,10,28,0.66,61
15,2018-04-15,优,48,70,22,38,12,28,0.68,80
16,2018-04-16,良,57,65,31,62,13,37,0.65,84
17,2018-04-17,严重污染,251,364,73,398,11,30,0.65,120
18,2018-04-18,重度污染,227,364,119,295,16,43,0.95,127
19,2018-04-19,轻度污染,116,320,85,127,13,48,0.97,106
20,2018-04-20,轻度污染,111,314,72,150,16,55,1.05,85
21,2018-04-21,良,63,198,34,39,10,20,0.7,88
22,2018-04-22,良,51,162,21,42,8,35,0.66,76
23,2018-04-23,良,57,231,29,56,10,44,0.69,74
24,2018-04-24,良,83,337,51,80,13,57,0.82,78
25,2018-04-25,良,87,288,48,94,11,50,0.73,82
26,2018-04-26,良,64,126,23,73,8,20,0.58,88
27,2018-04-27,良,66,138,29,78,6,33,0.62,77
28,2018-04-28,良,84,201,55,105,11,46,0.82,94
29,2018-04-29,轻度污染,103,273,62,134,12,36,0.87,96
30,2018-04-30,优,43,35,16,35,7,30,0.61,71
0,2018-03-01,优,49,69,26,41,20,24,0.67,81
1,2018-03-02,良,96,305,70,88,44,43,0.97,62
2,2018-03-03,轻度污染,133,320,100,117,40,49,1.04,58
3,2018-03-04,良,58,172,38,51,29,33,0.82,77
4,2018-03-05,良,51,202,33,42,26,34,0.85,76
5,2018-03-06,良,55,221,36,43,27,36,0.93,70
6,2018-03-07,良,93,327,68,75,42,61,1.25,51
7,2018-03-08,轻度污染,112,342,82,84,44,56,1.27,71
8,2018-03-09,轻度污染,121,328,89,107,35,65,1.53,66
9,2018-03-10,良,54,36,32,42,29,32,0.72,91
10,2018-03-11,良,85,219,62,76,41,47,1.03,87
11,2018-03-12,良,95,243,69,86,44,55,0.99,78
12,2018-03-13,轻度污染,131,322,98,127,40,66,1.4,49
13,2018-03-14,良,56,90,39,48,34,51,0.95,54
14,2018-03-15,优,42,32,12,21,18,22,0.67,80
15,2018-03-16,优,48,105,30,44,28,40,0.88,62
16,2018-03-17,良,63,206,44,58,27,39,0.93,73
17,2018-03-18,良,68,217,44,51,22,28,0.98,73
18,2018-03-19,优,44,79,10,20,21,18,0.92,84
19,2018-03-20,优,47,120,25,44,25,41,0.85,67
20,2018-03-21,良,59,169,34,63,29,55,0.89,58
21,2018-03-22,良,96,268,69,86,26,46,0.93,81
22,2018-03-23,轻度污染,131,320,96,117,28,53,1.06,68
23,2018-03-24,轻度污染,142,331,104,131,25,56,1.19,64
24,2018-03-25,良,89,212,60,85,26,44,0.85,81
25,2018-03-26,中度污染,175,356,77,244,24,41,0.91,125
26,2018-03-27,严重污染,281,364,99,371,20,37,0.88,127
27,2018-03-28,轻度污染,112,306,28,181,9,21,0.57,84
28,2018-03-29,良,60,105,36,54,16,36,0.85,69
29,2018-03-30,中度污染,186,349,149,115,21,53,1.15,95
30,2018-03-31,轻度污染,144,341,112,134,22,53,1.1,71
0,2018-02-01,轻度污染,102,265,76,94,66,60,1.1,42
1,2018-02-02,中度污染,198,361,155,158,59,68,1.67,46
2,2018-02-03,中度污染,181,361,141,160,56,67,1.66,33
3,2018-02-04,轻度污染,136,358,102,107,48,58,1.39,36
4,2018-02-05,良,97,325,70,74,45,48,1.09,39
5,2018-02-06,中度污染,151,359,114,112,49,62,1.74,34
6,2018-02-07,中度污染,152,355,115,143,56,60,1.89,48
7,2018-02-08,良,75,106,51,80,47,37,0.97,70
8,2018-02-09,良,79,91,54,87,28,36,1.05,57
9,2018-02-10,良,58,68,35,57,25,30,0.93,55
10,2018-02-11,优,47,41,25,42,19,22,0.88,56
11,2018-02-12,良,71,172,49,65,33,40,1.16,49
12,2018-02-13,良,99,285,71,89,44,48,1.39,41
13,2018-02-14,良,89,227,64,84,42,46,1.35,44
14,2018-02-15,良,79,196,55,78,46,33,1.09,50
15,2018-02-16,良,78,81,54,76,31,19,0.78,63
16,2018-02-17,良,64,113,42,52,33,26,0.99,56
17,2018-02-18,良,73,224,51,66,43,34,1.06,56
18,2018-02-19,良,60,178,39,53,35,31,0.88,59
19,2018-02-20,良,63,185,40,56,32,32,0.98,55
20,2018-02-21,良,69,251,48,65,43,36,1.05,51
21,2018-02-22,良,59,187,39,54,35,32,0.91,56
22,2018-02-23,良,85,294,62,79,35,45,1.28,53
23,2018-02-24,良,85,298,60,78,32,43,1.21,54
24,2018-02-25,良,69,192,48,71,39,47,1.01,58
25,2018-02-26,良,60,119,39,58,37,43,0.86,62
26,2018-02-27,良,54,97,35,48,41,43,0.82,58
27,2018-02-28,良,67,191,45,66,42,55,1.1,47
0,2018-01-01,严重污染,290,366,239,280,85,95,2.43,23
1,2018-01-02,中度污染,157,306,121,149,51,50,1.37,35
2,2018-01-03,良,64,201,43,63,42,40,0.84,43
3,2018-01-04,轻度污染,120,351,90,111,57,56,1.28,39
4,2018-01-05,轻度污染,105,304,78,97,49,49,1.15,35
5,2018-01-06,轻度污染,105,262,78,98,51,53,1.19,36
6,2018-01-07,轻度污染,119,296,89,115,56,55,0.95,33
7,2018-01-08,轻度污染,141,345,106,125,50,55,1.0,32
8,2018-01-09,优,38,29,21,35,28,26,0.6,57
9,2018-01-10,优,38,37,24,35,31,28,0.81,50
10,2018-01-11,良,68,223,49,57,43,40,0.99,49
11,2018-01-12,良,94,288,69,83,70,55,1.18,38
12,2018-01-13,中度污染,178,340,138,165,78,74,1.9,29
13,2018-01-14,良,95,173,68,82,49,42,0.8,46
14,2018-01-15,中度污染,170,296,129,145,58,55,1.24,35
15,2018-01-16,中度污染,159,288,122,138,77,75,1.25,27
16,2018-01-17,中度污染,164,280,125,152,58,64,1.43,34
17,2018-01-18,轻度污染,118,197,89,100,47,55,1.15,39
18,2018-01-19,良,98,155,72,98,45,52,1.19,42
19,2018-01-20,优,50,39,32,45,29,30,0.87,47
20,2018-01-21,良,67,119,47,58,42,37,1.11,37
21,2018-01-22,良,80,202,58,65,41,40,1.17,35
22,2018-01-23,良,99,249,72,87,43,43,1.32,32
23,2018-01-24,轻度污染,101,312,74,80,45,45,1.32,34
24,2018-01-25,良,88,318,64,67,46,40,1.01,41
25,2018-01-26,良,59,213,40,52,43,34,0.82,44
26,2018-01-27,良,90,277,66,86,59,46,1.01,39
27,2018-01-28,良,57,144,35,53,44,33,0.86,43
28,2018-01-29,良,69,173,49,65,51,41,0.95,38
29,2018-01-30,良,86,181,62,72,61,50,1.09,38
30,2018-01-31,轻度污染,121,299,91,100,56,58,1.42,36
0,2017-12-01,良,73,237,51,73,43,39,1.03,39
1,2017-12-02,良,74,172,52,73,42,37,0.85,36
2,2017-12-03,良,56,101,38,47,39,38,0.88,45
3,2017-12-04,良,69,203,49,64,28,35,0.86,37
4,2017-12-05,良,70,187,49,60,34,38,1.04,42
5,2017-12-06,轻度污染,114,265,82,124,68,63,1.51,28
6,2017-12-07,轻度污染,115,242,85,106,55,51,1.33,31
7,2017-12-08,良,97,302,70,97,39,40,1.02,27
8,2017-12-09,轻度污染,104,298,77,106,47,44,1.27,23
9,2017-12-10,良,63,87,42,59,27,28,0.87,41
10,2017-12-11,优,41,47,24,34,22,24,0.85,52
11,2017-12-12,优,40,38,24,32,29,27,0.84,52
12,2017-12-13,良,80,200,58,72,53,44,1.14,41
13,2017-12-14,轻度污染,129,309,97,116,78,62,1.43,30
14,2017-12-15,轻度污染,134,305,100,114,61,55,1.2,34
15,2017-12-16,良,95,282,70,87,48,43,1.08,34
16,2017-12-17,良,79,260,57,75,53,44,0.82,33
17,2017-12-18,良,88,288,64,74,47,46,0.84,35
18,2017-12-19,良,87,265,63,77,43,44,0.96,35
19,2017-12-20,轻度污染,109,325,81,105,78,60,1.2,30
20,2017-12-21,良,77,141,55,70,51,48,0.91,38
21,2017-12-22,轻度污染,124,254,93,107,52,58,1.29,34
22,2017-12-23,轻度污染,134,228,101,120,65,65,1.37,33
23,2017-12-24,轻度污染,142,290,108,123,45,50,1.21,40
24,2017-12-25,良,89,208,65,87,55,45,0.93,38
25,2017-12-26,优,49,57,33,42,35,31,0.77,45
26,2017-12-27,良,66,84,47,62,45,41,1.04,44
27,2017-12-28,中度污染,158,268,124,135,62,66,1.87,32
28,2017-12-29,中度污染,154,233,117,123,62,62,1.48,31
29,2017-12-30,重度污染,206,298,161,189,87,78,1.95,24
30,2017-12-31,中度污染,161,266,121,135,66,59,1.3,40
0,2017-11-01,严重污染,329,365,362,255,30,75,1.8,69
1,2017-11-02,严重污染,256,363,300,226,22,54,1.39,62
2,2017-11-03,中度污染,186,358,163,127,18,46,1.2,51
3,2017-11-04,重度污染,249,366,236,186,24,59,1.36,45
4,2017-11-05,严重污染,266,365,204,299,28,55,1.19,55
5,2017-11-06,严重污染,263,363,291,112,23,65,1.38,59
6,2017-11-07,严重污染,348,366,424,187,22,69,1.66,29
7,2017-11-08,优,40,45,22,36,13,29,0.74,41
8,2017-11-09,良,79,195,57,74,26,41,0.94,43
9,2017-11-10,优,41,30,28,35,13,22,0.78,53
10,2017-11-11,良,59,172,42,47,23,33,0.95,50
11,2017-11-12,良,55,116,38,54,34,37,0.91,37
12,2017-11-13,良,59,139,39,60,17,30,0.78,42
13,2017-11-14,优,36,48,12,34,10,14,0.53,44
14,2017-11-15,优,34,28,15,29,14,21,0.58,53
15,2017-11-16,良,90,248,65,87,25,47,1.02,36
16,2017-11-17,良,61,176,41,59,25,35,0.69,44
17,2017-11-18,优,38,98,22,37,17,21,0.62,45
18,2017-11-19,优,46,122,28,42,22,29,0.65,42
19,2017-11-20,良,82,280,56,83,31,38,0.82,35
20,2017-11-21,良,99,282,68,131,31,41,0.67,38
21,2017-11-22,良,62,174,41,61,25,29,0.59,37
22,2017-11-23,优,38,49,22,36,22,22,0.78,39
23,2017-11-24,良,51,111,33,47,23,27,0.86,41
24,2017-11-25,轻度污染,113,328,84,103,47,47,1.17,30
25,2017-11-26,良,95,271,68,85,38,44,1.17,39
26,2017-11-27,良,99,269,41,141,21,27,0.71,51
27,2017-11-28,良,85,159,47,92,23,25,0.68,44
28,2017-11-29,优,38,34,15,36,16,17,0.85,51
29,2017-11-30,优,40,68,21,38,23,28,0.94,51
0,2017-10-01,良,63,268,19,75,5,15,0.45,71
1,2017-10-02,优,31,50,14,29,7,24,0.57,42
2,2017-10-03,优,35,127,14,32,6,28,0.55,43
3,2017-10-05,良,71,341,32,90,10,27,0.71,90
4,2017-10-06,良,70,315,39,74,10,24,0.62,109
5,2017-10-07,良,56,183,38,56,9,29,0.58,65
6,2017-10-08,良,62,223,36,59,9,35,0.48,36
7,2017-10-09,优,45,183,27,45,9,29,0.47,38
8,2017-10-10,良,77,327,52,81,15,43,0.63,35
9,2017-10-11,中度污染,152,363,114,141,15,48,0.79,41
10,2017-10-12,优,43,206,20,42,9,33,0.53,47
11,2017-10-13,良,78,313,53,78,11,45,0.63,45
12,2017-10-14,优,47,192,22,48,9,32,0.5,43
13,2017-10-15,良,67,277,43,75,11,42,0.61,38
14,2017-10-16,优,47,211,25,48,7,33,0.52,48
15,2017-10-17,良,63,275,40,64,10,37,0.7,43
16,2017-10-18,中度污染,188,365,169,181,25,70,1.16,54
17,2017-10-19,严重污染,401,364,470,331,26,128,2.28,57
18,2017-10-20,严重污染,311,363,289,335,26,98,1.52,67
19,2017-10-21,优,41,64,21,38,12,30,0.57,48
20,2017-10-22,良,75,221,48,87,21,60,0.89,32
21,2017-10-23,轻度污染,114,341,80,105,23,58,0.92,39
22,2017-10-24,良,97,296,66,118,19,51,0.73,62
23,2017-10-25,轻度污染,133,342,100,146,21,65,1.01,49
24,2017-10-26,中度污染,182,358,145,186,35,84,1.29,60
25,2017-10-27,严重污染,310,366,290,246,33,72,1.6,69
26,2017-10-28,中度污染,176,352,177,138,21,42,0.95,57
27,2017-10-29,中度污染,156,363,121,111,19,38,0.87,41
28,2017-10-30,良,70,214,45,70,19,41,0.79,36
29,2017-10-31,重度污染,206,363,201,167,26,60,1.3,47
0,2017-09-01,良,64,275,31,81,9,49,0.85,25
1,2017-09-02,良,62,235,35,73,11,48,0.9,32
2,2017-09-03,良,69,291,31,88,12,47,0.82,40
3,2017-09-04,良,54,226,26,56,10,26,0.58,81
4,2017-09-05,优,47,173,25,44,9,33,0.54,65
5,2017-09-06,优,34,66,13,31,7,35,0.51,44
6,2017-09-07,优,46,146,15,44,7,32,0.5,64
7,2017-09-08,优,27,31,8,20,7,14,0.39,45
8,2017-09-09,良,54,176,25,62,7,46,0.71,30
9,2017-09-10,良,60,268,24,69,9,40,0.64,23
10,2017-09-11,优,32,42,11,28,6,22,0.49,47
11,2017-09-12,优,35,36,13,35,7,26,0.54,29
12,2017-09-13,优,38,48,14,37,6,27,0.47,30
13,2017-09-14,优,36,35,18,40,7,26,0.57,27
14,2017-09-15,良,63,188,32,79,9,43,0.74,25
15,2017-09-16,良,60,178,35,63,8,38,0.66,49
16,2017-09-17,优,37,45,11,25,7,22,0.46,62
17,2017-09-18,优,37,40,21,40,8,35,0.63,27
18,2017-09-19,良,52,124,26,55,9,41,0.7,25
19,2017-09-20,优,38,78,14,37,6,30,0.62,36
20,2017-09-21,优,48,128,18,44,7,33,0.62,58
21,2017-09-22,优,45,72,14,36,7,23,0.61,84
22,2017-09-23,优,50,132,20,52,9,25,0.7,64
23,2017-09-24,优,48,152,14,48,7,25,0.56,63
24,2017-09-25,优,43,150,16,43,8,32,0.65,49
25,2017-09-26,优,44,133,21,44,7,27,0.57,55
26,2017-09-27,优,34,72,10,34,5,24,0.53,41
27,2017-09-28,优,34,58,10,34,5,24,0.52,38
28,2017-09-29,优,34,50,8,33,4,18,0.53,43
29,2017-09-30,优,37,75,13,36,5,26,0.57,37
0,2017-08-01,良,68,290,31,47,7,36,0.65,93
1,2017-08-02,良,51,232,15,28,5,25,0.51,93
2,2017-08-03,优,30,40,8,16,4,22,0.39,52
3,2017-08-04,优,27,25,5,12,4,13,0.42,53
4,2017-08-05,优,38,68,14,30,5,30,0.65,60
5,2017-08-06,优,50,142,15,34,6,40,0.59,74
6,2017-08-07,优,40,70,7,14,7,20,0.44,81
7,2017-08-08,优,33,59,7,19,7,22,0.51,53
8,2017-08-09,优,45,157,14,40,6,31,0.49,54
9,2017-08-10,优,33,46,9,32,5,23,0.44,37
10,2017-08-11,优,27,26,9,26,5,20,0.43,37
11,2017-08-12,优,40,120,16,33,6,25,0.57,68
12,2017-08-13,良,56,252,23,52,8,33,0.64,73
13,2017-08-14,优,44,157,13,42,8,32,0.52,46
14,2017-08-15,优,44,150,13,43,9,33,0.49,41
15,2017-08-16,优,40,116,14,39,7,28,0.45,30
16,2017-08-17,优,40,112,16,39,6,22,0.51,43
17,2017-08-18,优,45,146,13,44,7,32,0.55,43
18,2017-08-19,良,57,258,19,62,7,42,0.61,43
19,2017-08-20,良,54,236,17,55,8,37,0.64,56
20,2017-08-21,优,42,95,14,42,7,25,0.6,59
21,2017-08-22,优,50,162,24,51,7,22,0.6,72
22,2017-08-23,优,41,123,23,39,4,28,0.47,65
23,2017-08-24,优,42,154,18,43,4,24,0.52,60
24,2017-08-25,良,54,250,28,61,4,15,0.57,57
25,2017-08-26,优,38,108,18,36,4,16,0.55,51
26,2017-08-27,良,53,233,13,57,7,25,0.64,78
27,2017-08-28,优,41,163,9,33,4,14,0.56,63
28,2017-08-29,优,40,180,6,39,4,14,0.53,45
29,2017-08-30,优,28,53,8,23,5,19,0.52,40
30,2017-08-31,优,40,131,15,40,7,30,0.56,38
0,2017-07-01,良,77,266,41,66,5,37,0.71,75
1,2017-07-02,优,50,191,19,46,6,42,0.65,64
2,2017-07-03,良,56,210,21,53,7,40,0.63,64
3,2017-07-04,良,70,260,20,63,9,43,0.58,92
4,2017-07-05,良,92,329,36,103,11,63,0.82,85
5,2017-07-06,良,81,337,29,85,7,48,0.8,91
6,2017-07-07,良,73,313,26,74,8,44,0.88,89
7,2017-07-08,良,54,207,23,44,7,21,0.98,93
8,2017-07-09,良,77,316,20,40,7,17,0.92,131
9,2017-07-10,良,51,187,11,29,8,26,0.72,90
10,2017-07-11,优,49,142,15,35,7,21,0.63,99
11,2017-07-12,良,82,284,27,51,5,17,0.71,136
12,2017-07-13,良,82,295,36,67,5,18,0.77,131
13,2017-07-14,良,59,218,12,31,6,22,0.59,97
14,2017-07-15,优,50,186,12,39,7,32,0.63,81
15,2017-07-16,良,59,228,13,50,8,39,0.69,68
16,2017-07-17,良,53,174,26,51,6,39,0.78,57
17,2017-07-18,良,53,182,27,55,5,27,0.77,79
18,2017-07-19,优,37,102,11,32,6,37,0.63,59
19,2017-07-20,优,40,110,15,41,7,43,0.55,18
20,2017-07-21,优,42,113,14,37,6,36,0.55,55
21,2017-07-22,良,61,230,17,60,8,42,0.65,69
22,2017-07-23,优,45,102,12,37,7,36,0.54,69
23,2017-07-24,优,42,89,14,41,8,30,0.47,55
24,2017-07-25,优,46,103,17,46,6,29,0.39,54
25,2017-07-26,良,55,143,22,60,8,48,0.44,50
26,2017-07-27,优,47,100,20,47,7,47,0.49,46
27,2017-07-28,优,38,44,13,30,7,25,0.42,65
28,2017-07-29,良,60,213,19,51,8,42,0.54,75
29,2017-07-30,良,63,187,24,63,7,49,0.58,75
30,2017-07-31,良,80,287,28,54,8,31,0.63,122
0,2017-06-01,优,38,43,13,36,8,24,0.52,45
1,2017-06-02,优,33,32,15,31,9,25,0.57,46
2,2017-06-03,优,29,9,13,24,10,30,0.68,43
3,2017-06-04,优,33,28,18,32,12,41,0.73,47
4,2017-06-05,良,53,199,21,45,10,38,0.74,76
5,2017-06-06,良,85,357,28,100,13,36,0.69,98
6,2017-06-07,良,63,217,40,45,8,31,0.66,78
7,2017-06-08,良,55,150,24,38,8,33,0.65,64
8,2017-06-09,优,32,46,8,25,7,32,0.69,50
9,2017-06-10,优,27,31,13,24,7,25,0.68,26
10,2017-06-11,优,38,73,20,38,9,34,0.76,30
11,2017-06-12,优,49,174,21,49,10,47,0.78,47
12,2017-06-13,良,56,201,20,52,9,40,0.65,75
13,2017-06-14,良,54,174,22,58,9,39,0.51,72
14,2017-06-15,优,40,94,15,36,7,30,0.44,69
15,2017-06-16,良,55,156,22,50,9,41,0.55,77
16,2017-06-17,良,61,150,36,60,9,51,0.79,86
17,2017-06-18,良,77,233,33,48,9,38,0.78,105
18,2017-06-19,良,72,262,22,34,9,28,0.73,119
19,2017-06-20,优,45,97,29,28,9,37,0.74,75
20,2017-06-21,优,38,76,15,22,9,35,0.58,68
21,2017-06-22,优,39,101,17,32,7,32,0.53,55
22,2017-06-23,良,58,217,19,43,7,40,0.6,80
23,2017-06-24,良,64,260,21,50,8,38,0.58,90
24,2017-06-25,优,44,138,18,42,8,27,0.51,60
25,2017-06-26,良,53,170,19,55,9,39,0.59,56
26,2017-06-27,良,82,260,32,68,9,40,0.64,115
27,2017-06-28,良,98,300,37,71,7,31,0.65,149
28,2017-06-29,轻度污染,102,324,44,88,7,25,0.71,163
29,2017-06-30,良,80,272,51,72,5,29,0.68,92
0,2017-05-01,良,64,107,25,76,18,43,1.74,73
1,2017-05-02,轻度污染,102,304,44,152,16,33,1.23,119
2,2017-05-03,轻度污染,133,336,48,211,17,22,1.01,136
3,2017-05-04,重度污染,214,309,88,287,13,21,0.89,100
4,2017-05-05,严重污染,310,335,100,428,11,22,1.16,66
5,2017-05-06,良,62,91,14,75,10,11,0.89,65
6,2017-05-07,优,45,42,18,43,10,23,0.88,65
7,2017-05-08,优,50,86,23,45,11,39,1.05,69
8,2017-05-09,良,82,282,34,95,14,30,1.06,129
9,2017-05-10,良,76,241,34,87,11,32,1.05,116
10,2017-05-11,良,96,290,42,126,10,31,0.94,101
11,2017-05-12,良,65,189,24,80,6,19,0.72,80
12,2017-05-13,良,61,144,26,68,9,31,0.68,70
13,2017-05-14,优,39,27,11,15,9,21,0.62,73
14,2017-05-15,优,38,47,16,29,10,30,0.82,72
15,2017-05-16,良,55,131,22,40,9,30,0.97,92
16,2017-05-17,良,70,158,23,58,10,29,0.74,117
17,2017-05-18,轻度污染,110,303,50,124,11,27,0.74,174
18,2017-05-19,良,100,285,45,136,8,29,0.61,124
19,2017-05-20,良,74,206,36,96,9,46,0.7,60
20,2017-05-20,良,74,206,36,96,9,46,0.7,60
21,2017-05-21,优,36,36,17,30,6,32,0.69,62
22,2017-05-22,优,34,46,11,18,5,24,0.54,68
23,2017-05-23,优,44,114,14,32,6,28,0.61,86
24,2017-05-24,优,42,88,12,29,6,22,0.56,79
25,2017-05-25,优,41,45,17,35,7,26,0.57,64
26,2017-05-26,良,57,106,24,61,9,44,0.72,58
27,2017-05-27,良,66,97,23,58,10,44,0.77,86
28,2017-05-28,良,73,109,30,90,11,29,0.77,111
29,2017-05-29,良,80,178,26,107,8,21,0.75,78
30,2017-05-30,优,48,53,17,48,8,16,0.64,77
31,2017-05-31,良,56,98,24,62,8,43,0.59,50
0,2017-04-01,轻度污染,116,333,85,119,27,71,1.48,58
1,2017-04-02,轻度污染,138,360,92,149,24,52,1.37,80
2,2017-04-03,重度污染,239,366,190,243,35,85,2.02,86
3,2017-04-04,严重污染,259,365,171,318,38,63,1.73,124
4,2017-04-05,严重污染,275,364,139,362,29,45,1.54,116
5,2017-04-06,中度污染,169,357,134,159,25,47,1.78,71
6,2017-04-07,良,91,259,66,88,24,49,1.64,64
7,2017-04-08,良,62,171,34,59,17,28,1.3,83
8,2017-04-09,良,86,350,52,75,23,42,1.63,67
9,2017-04-10,轻度污染,140,363,90,197,28,40,1.63,96
10,2017-04-11,良,66,228,42,61,16,30,1.32,78
11,2017-04-12,良,79,264,44,87,20,39,1.27,65
12,2017-04-13,中度污染,159,364,72,218,27,44,1.32,67
13,2017-04-14,轻度污染,142,362,64,183,33,39,1.56,86
14,2017-04-15,轻度污染,108,317,43,162,30,39,1.79,72
15,2017-04-16,良,79,210,49,85,22,41,1.77,72
16,2017-04-17,轻度污染,141,330,107,142,24,60,2.09,61
17,2017-04-18,良,69,170,48,64,19,39,1.67,58
18,2017-04-19,优,44,45,25,42,19,35,0.97,60
19,2017-04-20,良,71,219,48,69,20,45,1.15,63
20,2017-04-21,良,69,229,44,76,21,47,1.46,61
21,2017-04-22,良,77,276,40,101,23,36,1.46,85
22,2017-04-23,良,62,134,30,65,17,25,1.81,75
23,2017-04-23,良,62,134,30,65,17,25,1.81,75
24,2017-04-24,优,50,68,30,47,16,39,1.63,57
25,2017-04-25,优,45,76,23,38,13,32,1.26,59
26,2017-04-26,优,34,17,15,30,11,32,1.04,61
27,2017-04-27,良,55,143,28,54,16,44,1.23,63
28,2017-04-28,良,73,224,39,93,20,56,1.6,58
29,2017-04-29,轻度污染,109,342,30,153,18,33,1.45,80
30,2017-04-30,优,47,22,12,47,13,24,1.51,67
0,2017-03-01,优,40,19,21,32,21,31,1.48,62
1,2017-03-02,良,66,162,45,70,38,56,1.89,46
2,2017-03-03,良,54,32,34,54,31,43,1.44,66
3,2017-03-04,良,54,39,34,53,33,45,1.59,58
4,2017-03-05,良,86,235,61,90,39,62,2.03,48
5,2017-03-06,良,68,232,45,71,34,52,1.63,55
6,2017-03-07,优,39,38,22,35,26,31,1.21,63
7,2017-03-08,优,40,38,21,36,27,36,1.42,59
8,2017-03-09,优,45,36,25,43,27,45,1.16,53
9,2017-03-10,良,64,122,42,67,31,62,1.74,58
10,2017-03-11,良,77,203,54,83,42,58,1.52,82
11,2017-03-12,良,81,259,59,74,24,43,1.3,57
12,2017-03-13,优,39,63,24,36,23,40,1.14,50
13,2017-03-14,优,44,93,22,43,26,45,1.32,60
14,2017-03-15,良,78,265,55,92,40,61,1.77,60
15,2017-03-16,轻度污染,148,360,113,149,46,80,2.03,65
16,2017-03-17,轻度污染,118,311,85,128,35,81,1.91,49
17,2017-03-18,良,69,159,44,83,39,70,1.42,48
18,2017-03-19,良,67,166,39,70,22,35,1.3,75
19,2017-03-20,良,68,196,45,72,26,47,1.29,56
20,2017-03-21,良,54,101,33,55,24,41,1.22,57
21,2017-03-22,优,45,87,22,43,20,40,1.21,59
22,2017-03-23,良,59,185,38,64,25,45,1.21,51
23,2017-03-24,良,67,206,44,76,25,49,1.27,60
24,2017-03-25,轻度污染,113,349,83,114,27,52,1.25,77
25,2017-03-26,良,89,291,61,100,25,59,1.47,65
26,2017-03-27,轻度污染,122,343,91,138,28,68,1.42,58
27,2017-03-28,中度污染,161,360,121,165,31,68,1.62,62
28,2017-03-29,中度污染,156,360,121,166,29,63,1.61,53
29,2017-03-30,良,82,237,57,82,22,55,1.15,56
30,2017-03-31,轻度污染,144,357,108,154,27,70,1.45,50
0,2017-02-01,优,44,60,28,42,31,26,1.21,57
1,2017-02-02,良,56,114,37,52,40,40,1.42,54
2,2017-02-03,中度污染,159,296,122,145,63,70,2.17,53
3,2017-02-04,严重污染,275,354,224,261,85,104,3.49,43
4,2017-02-05,中度污染,156,297,118,147,56,69,1.84,63
5,2017-02-06,优,47,75,29,43,34,41,1.72,56
6,2017-02-07,轻度污染,102,324,76,99,50,67,2.43,37
7,2017-02-08,中度污染,157,360,119,143,42,67,2.61,42
8,2017-02-09,良,63,192,44,59,32,44,1.43,54
9,2017-02-10,优,41,35,25,39,26,36,1.09,58
10,2017-02-11,良,80,212,57,76,37,43,1.19,49
11,2017-02-12,重度污染,216,352,170,176,55,72,1.99,39
12,2017-02-13,中度污染,190,341,148,164,50,90,2.26,39
13,2017-02-14,轻度污染,150,281,113,134,52,76,1.88,65
14,2017-02-15,轻度污染,111,192,83,103,47,58,1.47,84
15,2017-02-16,良,82,139,55,84,26,37,1.38,72
16,2017-02-17,优,41,22,18,36,20,33,1.69,62
17,2017-02-18,良,62,86,41,61,33,53,2.11,43
18,2017-02-19,良,76,112,36,98,35,50,1.79,51
19,2017-02-20,优,49,51,26,47,27,37,1.46,62
20,2017-02-21,良,80,298,58,79,58,58,1.66,66
21,2017-02-22,良,67,197,45,67,39,42,1.23,72
22,2017-02-23,良,54,154,35,51,38,45,1.59,67
23,2017-02-24,良,66,180,46,61,44,51,1.7,59
24,2017-02-25,良,65,172,46,57,35,50,1.42,66
25,2017-02-26,轻度污染,103,284,76,99,51,75,1.88,62
26,2017-02-27,良,85,210,62,79,54,52,1.31,95
27,2017-02-28,良,68,99,47,61,41,53,1.45,74
0,2017-01-01,重度污染,230,305,179,227,76,77,2.77,17
1,2017-01-02,重度污染,247,320,196,229,74,81,2.41,22
2,2017-01-03,轻度污染,123,142,92,118,62,62,1.43,34
3,2017-01-04,严重污染,269,334,218,250,70,85,3.21,26
4,2017-01-05,严重污染,277,347,229,304,105,114,3.76,18
5,2017-01-06,中度污染,187,318,143,173,90,97,2.41,23
6,2017-01-07,严重污染,289,355,238,274,107,120,3.17,20
7,2017-01-08,严重污染,340,364,293,344,93,128,3.45,20
8,2017-01-09,良,78,195,57,72,40,42,1.3,49
9,2017-01-10,优,39,39,26,34,29,35,1.32,42
10,2017-01-11,良,55,116,38,50,33,46,1.39,36
11,2017-01-12,良,69,186,49,66,39,46,1.55,35
12,2017-01-13,优,48,101,26,47,31,37,0.87,43
13,2017-01-14,优,44,78,29,41,40,39,0.9,43
14,2017-01-15,良,70,188,49,66,47,51,1.34,38
15,2017-01-16,重度污染,225,347,179,199,75,92,2.73,23
16,2017-01-17,严重污染,317,357,268,287,99,124,3.26,18
17,2017-01-18,重度污染,230,332,187,213,63,86,1.79,34
18,2017-01-19,中度污染,191,329,150,176,67,77,1.73,23
19,2017-01-20,中度污染,175,360,136,168,53,66,1.7,29
20,2017-01-21,轻度污染,119,332,89,110,66,62,1.41,30
21,2017-01-22,良,87,217,64,70,43,45,1.03,42
22,2017-01-23,轻度污染,103,241,77,89,47,53,1.27,37
23,2017-01-24,中度污染,168,298,127,149,68,71,1.8,36
24,2017-01-25,轻度污染,141,248,107,136,83,64,1.33,55
25,2017-01-26,良,87,116,61,91,46,38,1.2,68
26,2017-01-27,优,50,41,30,47,35,26,1.4,61
27,2017-01-28,严重污染,258,322,206,220,92,57,2.19,41
28,2017-01-29,轻度污染,105,242,78,92,52,41,1.63,56
29,2017-01-30,良,70,219,50,63,40,36,1.7,51
30,2017-01-31,良,72,205,52,68,46,38,1.53,52
0,2016-12-01,良,52,86,33,52,34,34,1.27,40
1,2016-12-02,良,66,97,44,66,50,48,1.29,35
2,2016-12-03,轻度污染,139,262,105,125,65,56,1.52,41
3,2016-12-04,良,71,83,51,64,35,45,1.12,41
4,2016-12-05,良,94,184,70,89,50,60,1.8,23
5,2016-12-06,轻度污染,143,336,107,138,67,71,2.05,17
6,2016-12-07,中度污染,163,316,125,154,64,73,2.15,19
7,2016-12-08,轻度污染,141,244,106,125,56,61,1.6,21
8,2016-12-09,中度污染,195,352,149,174,65,68,1.94,25
9,2016-12-10,中度污染,173,339,132,157,64,69,1.67,22
10,2016-12-11,轻度污染,145,295,109,136,71,67,1.6,24
11,2016-12-12,轻度污染,127,266,95,115,57,59,1.66,27
12,2016-12-13,良,67,137,48,58,35,39,1.26,30
13,2016-12-14,轻度污染,130,331,98,115,49,60,1.89,22
14,2016-12-15,轻度污染,102,255,76,94,48,52,1.5,27
15,2016-12-16,轻度污染,102,206,76,95,61,54,1.36,22
16,2016-12-17,中度污染,188,332,142,175,88,77,2.1,19
17,2016-12-18,重度污染,209,307,159,187,69,69,1.74,18
18,2016-12-19,轻度污染,143,196,108,135,51,54,1.38,38
19,2016-12-20,轻度污染,116,175,87,114,37,42,1.26,34
20,2016-12-21,轻度污染,105,213,78,100,36,46,1.4,37
21,2016-12-22,优,41,49,27,39,33,36,0.91,47
22,2016-12-23,良,51,78,33,43,37,48,1.05,40
23,2016-12-24,轻度污染,127,309,96,120,68,70,1.87,25
24,2016-12-25,轻度污染,116,309,87,105,74,64,1.43,26
25,2016-12-26,良,71,270,51,57,35,44,1.22,33
26,2016-12-27,轻度污染,146,347,111,132,54,64,2.22,21
27,2016-12-28,良,87,240,64,85,52,50,0.97,33
28,2016-12-29,良,98,233,73,89,49,50,0.96,31
29,2016-12-30,良,99,188,74,74,59,58,1.48,26
30,2016-12-31,重度污染,211,311,162,219,81,80,3.16,14
0,2016-11-01,轻度污染,111,349,82,100,30,48,1.34,30
1,2016-11-02,轻度污染,138,345,106,123,36,57,1.39,25
2,2016-11-03,轻度污染,142,333,112,126,27,53,1.47,39
3,2016-11-04,严重污染,454,364,663,412,63,133,3.26,23
4,2016-11-05,严重污染,261,355,239,270,26,61,1.48,32
5,2016-11-06,轻度污染,150,310,114,135,29,51,1.06,30
6,2016-11-07,良,89,221,65,84,22,41,0.96,36
7,2016-11-08,良,64,226,45,54,27,39,1.05,31
8,2016-11-09,良,67,239,47,66,33,46,1.11,28
9,2016-11-10,良,95,289,70,87,37,54,0.96,26
10,2016-11-11,良,70,214,51,57,27,38,0.91,38
11,2016-11-12,良,99,274,73,79,34,57,1.4,31
12,2016-11-13,轻度污染,118,272,88,109,56,73,1.61,26
13,2016-11-14,良,66,109,47,60,28,32,1.07,42
14,2016-11-15,良,60,106,43,52,34,47,1.4,30
15,2016-11-16,良,97,246,71,93,45,58,1.7,25
16,2016-11-17,轻度污染,120,276,90,107,53,65,1.34,28
17,2016-11-18,轻度污染,114,261,84,102,42,50,0.9,35
18,2016-11-19,良,73,151,49,73,43,46,0.89,38
19,2016-11-20,良,62,164,44,57,41,44,1.0,35
20,2016-11-21,良,59,211,42,57,45,43,1.06,35
21,2016-11-22,良,75,339,54,67,44,52,1.2,30
22,2016-11-23,轻度污染,101,347,75,93,56,60,1.14,26
23,2016-11-24,良,95,286,70,83,57,60,1.11,27
24,2016-11-25,中度污染,151,326,114,143,80,80,1.76,25
25,2016-11-26,轻度污染,123,266,92,112,67,62,1.11,25
26,2016-11-27,轻度污染,141,320,106,125,42,51,1.64,37
27,2016-11-28,良,77,144,55,72,52,53,1.37,32
28,2016-11-29,良,98,233,73,92,62,65,1.49,29
29,2016-11-30,良,59,69,39,56,47,42,0.79,35
0,2016-10-01,良,58,195,37,62,13,42,1.26,62
1,2016-10-02,优,38,79,20,37,12,36,0.98,35
2,2016-10-03,优,35,46,20,31,7,29,0.92,28
3,2016-10-04,优,42,71,27,38,7,30,1.05,23
4,2016-10-05,优,42,68,25,41,9,33,0.94,26
5,2016-10-06,优,37,52,21,35,7,32,0.82,28
6,2016-10-07,良,51,162,33,48,8,45,0.9,16
7,2016-10-08,优,22,8,14,18,7,29,0.74,26
8,2016-10-09,优,25,15,14,24,8,34,0.79,28
9,2016-10-10,优,29,28,16,27,11,32,0.7,33
10,2016-10-11,优,28,23,16,27,11,30,0.74,33
11,2016-10-12,优,39,68,21,39,13,40,0.84,28
12,2016-10-13,良,69,227,48,82,14,63,1.47,24
13,2016-10-14,轻度污染,124,347,93,124,15,65,1.68,32
14,2016-10-15,轻度污染,140,359,105,135,14,50,1.46,59
15,2016-10-16,良,78,283,53,73,12,29,1.09,80
16,2016-10-17,优,38,41,25,32,9,30,0.84,36
17,2016-10-18,良,58,152,40,55,15,46,0.84,27
18,2016-10-19,优,38,81,25,35,10,32,0.76,24
19,2016-10-20,优,36,66,19,35,13,35,0.91,32
20,2016-10-21,良,87,326,63,105,21,51,1.31,17
21,2016-10-22,优,50,232,35,46,16,38,0.96,32
22,2016-10-23,优,50,247,33,52,20,44,1.04,25
23,2016-10-24,良,79,329,56,92,28,55,1.31,25
24,2016-10-25,轻度污染,147,360,111,146,30,60,1.31,33
25,2016-10-26,优,43,127,29,40,15,30,0.72,38
26,2016-10-27,良,75,321,52,73,27,48,1.02,26
27,2016-10-28,良,94,355,68,87,24,45,0.93,29
28,2016-10-29,良,80,349,56,80,21,39,0.86,34
29,2016-10-30,良,78,317,56,76,25,44,0.89,32
30,2016-10-31,良,72,317,51,67,20,33,1.07,35
0,2016-09-01,优,21,20,9,14,7,20,0.93,33
1,2016-09-02,优,23,11,11,20,9,26,0.88,34
2,2016-09-03,优,42,51,26,41,12,31,0.89,59
3,2016-09-04,优,34,27,17,32,11,30,0.83,46
4,2016-09-05,优,34,29,19,33,9,38,0.98,39
5,2016-09-06,优,44,100,29,41,9,30,1.1,52
6,2016-09-07,优,47,117,28,43,10,33,1.12,47
7,2016-09-08,优,32,35,16,31,10,28,0.91,19
8,2016-09-09,优,20,6,10,19,9,21,0.72,18
9,2016-09-10,优,22,17,10,21,8,23,0.9,20
10,2016-09-11,优,25,26,13,24,8,27,1.08,12
11,2016-09-12,优,38,64,22,38,8,37,1.14,20
12,2016-09-13,优,44,62,27,46,8,39,1.05,27
13,2016-09-14,优,44,79,23,45,9,45,1.04,26
14,2016-09-15,优,28,42,13,22,8,24,0.94,49
15,2016-09-16,优,24,36,12,22,8,24,0.94,36
16,2016-09-17,优,27,24,12,26,7,23,1.04,19
17,2016-09-18,优,44,132,21,44,8,32,1.22,12
18,2016-09-19,优,44,85,26,43,10,39,1.0,35
19,2016-09-20,优,49,107,29,48,10,37,0.91,40
20,2016-09-21,良,55,111,35,57,12,40,1.13,56
21,2016-09-22,良,51,77,30,50,13,35,0.75,65
22,2016-09-23,良,58,129,39,60,13,33,0.94,73
23,2016-09-24,良,62,137,42,57,12,29,0.97,62
24,2016-09-25,优,45,58,29,36,10,26,1.01,45
25,2016-09-26,良,60,158,42,63,9,51,1.15,33
26,2016-09-27,优,23,10,13,19,6,19,0.89,29
27,2016-09-28,优,23,17,11,22,6,30,0.72,24
28,2016-09-29,优,36,100,19,35,9,44,0.84,31
29,2016-09-30,优,46,145,27,47,11,48,0.92,40
0,2016-08-01,优,46,140,26,45,5,39,0.99,39
1,2016-08-02,优,49,169,23,45,5,33,0.97,56
2,2016-08-03,优,49,213,26,45,4,28,1.08,66
3,2016-08-04,优,49,207,27,50,5,21,1.21,74
4,2016-08-05,优,43,148,22,42,6,28,1.03,35
5,2016-08-06,优,46,146,25,45,6,24,0.91,44
6,2016-08-07,优,27,24,10,21,6,18,0.71,50
7,2016-08-08,优,39,105,13,35,8,32,0.78,48
8,2016-08-09,优,38,88,15,36,10,35,0.79,53
9,2016-08-10,良,51,204,30,52,8,25,1.0,71
10,2016-08-11,良,73,316,53,78,6,19,1.01,76
11,2016-08-12,良,88,355,64,101,6,24,1.11,62
12,2016-08-13,良,51,207,29,52,6,32,0.82,65
13,2016-08-14,优,33,58,16,29,10,28,0.85,48
14,2016-08-15,优,33,70,11,30,8,26,0.76,43
15,2016-08-16,优,41,104,16,41,7,31,0.77,41
16,2016-08-17,良,57,182,25,62,8,40,0.85,49
17,2016-08-18,优,48,141,20,46,9,37,0.82,58
18,2016-08-19,优,46,158,17,39,8,35,0.8,70
19,2016-08-20,优,46,121,17,46,8,36,0.8,49
20,2016-08-21,优,44,88,19,42,7,39,0.9,42
21,2016-08-22,优,40,44,20,35,7,30,0.98,51
22,2016-08-23,优,48,89,25,49,11,40,1.05,49
23,2016-08-24,良,51,86,26,53,12,35,1.16,61
24,2016-08-25,优,24,4,10,21,8,22,0.93,36
25,2016-08-26,优,30,21,11,27,9,29,1.18,33
26,2016-08-27,优,39,63,16,37,11,37,1.07,39
27,2016-08-28,良,51,142,25,57,11,41,1.13,39
28,2016-08-29,优,33,18,13,32,11,20,0.94,31
29,2016-08-30,优,18,7,8,16,8,16,0.75,19
30,2016-08-31,优,16,10,7,15,6,15,0.77,23
0,2016-07-01,优,28,68,8,17,4,19,0.8,45
1,2016-07-02,优,45,169,19,43,7,39,1.0,46
2,2016-07-03,优,48,176,22,41,7,29,0.98,79
3,2016-07-04,良,54,204,26,46,8,32,0.99,84
4,2016-07-05,优,40,143,16,36,6,29,0.83,57
5,2016-07-06,优,34,83,12,27,7,23,0.83,69
6,2016-07-07,良,56,232,30,49,5,27,1.14,97
7,2016-07-08,良,59,242,39,57,4,29,1.25,88
8,2016-07-09,良,54,205,30,47,5,27,1.06,74
9,2016-07-10,优,47,145,17,42,5,35,0.94,62
10,2016-07-11,良,78,314,54,78,4,22,1.28,105
11,2016-07-12,优,42,118,25,39,4,25,0.73,65
12,2016-07-13,优,27,24,13,21,3,21,0.65,49
13,2016-07-14,优,24,9,8,21,4,22,0.64,45
14,2016-07-15,优,44,172,18,44,6,40,0.79,40
15,2016-07-16,优,33,50,13,32,6,33,0.73,34
16,2016-07-17,优,29,38,15,28,4,35,0.79,15
17,2016-07-18,优,43,123,21,39,5,40,0.92,44
18,2016-07-19,良,55,222,26,49,7,35,0.85,82
19,2016-07-20,良,60,283,38,63,6,42,0.95,65
20,2016-07-21,良,58,270,39,58,4,37,0.98,62
21,2016-07-22,优,43,117,26,47,3,29,0.87,32
22,2016-07-23,优,27,38,12,26,2,20,0.82,25
23,2016-07-24,优,41,74,20,36,3,18,0.86,56
24,2016-07-25,优,28,23,14,25,5,34,0.79,38
25,2016-07-26,优,33,42,11,19,5,23,0.72,67
26,2016-07-27,优,36,53,19,33,5,30,0.79,54
27,2016-07-28,优,42,67,22,40,6,37,0.88,44
28,2016-07-29,优,42,66,23,35,4,32,1.05,62
29,2016-07-30,优,46,92,25,41,5,28,1.02,62
30,2016-07-31,良,55,190,34,59,5,48,1.16,44
0,2016-06-01,优,49,133,25,49,8,40,1.18,54
1,2016-06-02,优,49,131,24,51,9,43,1.02,56
2,2016-06-03,优,48,148,25,46,9,32,0.89,80
3,2016-06-04,优,43,104,22,42,7,30,0.86,58
4,2016-06-05,良,66,214,35,70,11,37,0.97,95
5,2016-06-06,优,46,66,22,43,6,26,0.91,61
6,2016-06-07,优,40,42,12,37,5,24,1.0,68
7,2016-06-08,优,37,40,16,30,6,27,0.95,64
8,2016-06-09,优,44,84,21,39,6,38,1.01,53
9,2016-06-10,优,46,112,27,40,6,27,1.03,80
10,2016-06-11,优,37,85,15,22,5,18,0.82,65
11,2016-06-12,优,29,45,15,21,5,28,0.92,46
12,2016-06-13,优,35,50,20,31,6,38,1.01,49
13,2016-06-14,优,35,41,19,32,7,37,1.05,42
14,2016-06-15,良,51,163,25,50,8,50,1.15,51
15,2016-06-16,优,36,53,17,33,8,32,1.02,49
16,2016-06-17,优,44,81,24,43,8,34,1.07,57
17,2016-06-18,优,47,126,27,37,7,26,1.16,80
18,2016-06-19,优,46,150,22,30,6,24,1.15,83
19,2016-06-20,优,48,172,23,36,7,32,1.16,71
20,2016-06-21,良,63,249,41,58,6,31,1.25,75
21,2016-06-22,优,48,159,31,43,6,26,1.06,77
22,2016-06-23,优,36,78,12,17,5,26,0.62,64
23,2016-06-24,优,26,23,9,17,4,17,0.6,49
24,2016-06-25,优,30,35,15,26,5,27,0.75,40
25,2016-06-26,优,31,37,12,24,5,27,0.78,53
26,2016-06-27,优,47,144,21,37,7,28,0.86,86
27,2016-06-28,良,71,268,49,71,7,41,1.01,75
28,2016-06-29,良,53,190,34,48,6,28,0.91,92
29,2016-06-30,优,45,161,28,34,4,20,0.87,59
0,2016-05-01,良,67,138,41,79,9,41,0.84,48
1,2016-05-02,良,79,264,57,80,12,36,1.04,45
2,2016-05-03,优,50,86,26,33,6,23,0.82,71
3,2016-05-04,良,52,63,11,36,6,26,0.85,70
4,2016-05-05,优,49,75,20,50,10,41,1.03,47
5,2016-05-06,良,87,223,36,127,10,25,0.79,59
6,2016-05-07,优,37,34,24,33,9,23,0.8,55
7,2016-05-08,优,45,75,19,47,10,28,0.84,62
8,2016-05-09,良,77,292,27,102,12,32,0.99,70
9,2016-05-10,良,57,157,27,62,9,35,0.97,67
10,2016-05-11,良,62,105,25,73,9,30,1.03,86
11,2016-05-12,良,56,57,31,58,7,20,1.02,72
12,2016-05-13,优,33,7,14,28,8,23,0.9,57
13,2016-05-14,良,57,152,19,62,11,24,1.2,72
14,2016-05-15,优,43,64,29,38,6,25,1.06,59
15,2016-05-16,优,36,22,23,33,6,28,0.92,43
16,2016-05-17,优,46,31,24,49,12,36,1.08,71
17,2016-05-18,良,74,159,31,92,14,26,1.23,116
18,2016-05-19,良,76,169,40,79,12,27,1.17,123
19,2016-05-20,良,68,209,34,72,13,31,1.34,110
20,2016-05-21,优,49,162,21,52,7,25,1.1,57
21,2016-05-22,优,45,112,18,46,6,32,0.96,54
22,2016-05-23,良,70,258,33,87,10,54,1.01,54
23,2016-05-24,优,42,58,19,24,10,25,1.04,81
24,2016-05-25,优,40,41,18,30,6,22,1.05,78
25,2016-05-26,优,38,72,20,33,6,25,0.84,60
26,2016-05-27,优,48,129,20,49,8,30,0.85,64
27,2016-05-28,良,70,264,34,89,13,36,1.14,94
28,2016-05-29,优,49,121,19,51,7,18,0.89,67
29,2016-05-30,优,44,65,16,44,7,20,0.94,57
30,2016-05-31,优,35,41,14,29,6,21,0.9,62
0,2016-04-01,重度污染,202,363,76,295,24,32,1.1,73
1,2016-04-02,良,71,149,22,90,14,16,1.25,46
2,2016-04-03,优,49,96,25,49,16,24,1.28,39
3,2016-04-04,良,70,246,48,73,18,39,1.15,49
4,2016-04-05,良,60,159,40,59,19,34,1.35,44
5,2016-04-06,良,93,296,57,125,25,36,1.33,62
6,2016-04-07,良,96,305,32,140,15,25,0.84,57
7,2016-04-08,良,60,166,24,69,15,26,1.08,42
8,2016-04-09,优,47,102,30,43,14,27,1.06,39
9,2016-04-10,良,68,199,47,69,16,40,1.11,34
10,2016-04-11,良,79,233,57,87,20,44,1.25,44
11,2016-04-12,轻度污染,101,301,73,115,19,50,1.23,40
12,2016-04-13,良,87,220,63,86,18,50,1.25,39
13,2016-04-14,轻度污染,127,324,95,122,21,50,1.4,47
14,2016-04-15,良,84,246,60,87,25,46,1.22,52
15,2016-04-16,良,73,282,52,70,19,45,1.2,42
16,2016-04-17,优,35,10,22,27,13,32,0.97,53
17,2016-04-18,优,46,88,28,45,17,37,0.94,49
18,2016-04-19,良,58,132,27,67,17,34,1.04,52
19,2016-04-20,良,75,276,22,101,15,34,1.06,57
20,2016-04-21,良,90,276,33,128,16,30,1.06,68
21,2016-04-22,轻度污染,135,322,28,215,9,20,0.87,47
22,2016-04-23,优,36,26,18,35,10,23,0.94,41
23,2016-04-24,良,55,141,26,61,13,40,1.09,48
24,2016-04-25,优,46,84,22,48,10,24,0.97,54
25,2016-04-26,优,41,50,20,41,10,31,1.01,47
26,2016-04-27,良,56,134,32,62,11,43,1.05,45
27,2016-04-28,优,48,45,23,48,9,32,0.94,49
28,2016-04-29,良,51,37,24,54,9,36,1.07,55
29,2016-04-30,良,60,78,28,69,10,38,0.92,59
0,2016-03-01,良,59,77,36,62,44,46,1.44,34
1,2016-03-02,良,73,92,52,78,52,60,1.58,38
2,2016-03-03,轻度污染,105,213,77,108,52,72,2.02,34
3,2016-03-04,良,75,111,55,82,56,63,1.6,44
4,2016-03-05,重度污染,204,310,77,274,34,45,1.51,40
5,2016-03-06,良,76,106,37,98,32,27,1.12,50
6,2016-03-07,优,36,19,22,35,30,32,1.12,38
7,2016-03-08,优,48,92,29,46,30,34,1.15,33
8,2016-03-09,优,43,169,23,44,26,36,1.1,31
9,2016-03-10,良,53,216,33,54,34,40,1.25,28
10,2016-03-11,优,50,94,32,51,38,38,1.25,30
11,2016-03-12,良,66,109,42,80,42,38,1.37,39
12,2016-03-13,优,49,81,25,50,26,35,1.25,41
13,2016-03-14,良,56,79,38,57,36,46,1.4,37
14,2016-03-15,良,82,141,58,96,40,41,1.59,45
15,2016-03-16,轻度污染,115,247,82,147,39,41,1.59,53
16,2016-03-17,中度污染,151,287,111,171,44,44,1.57,65
17,2016-03-18,良,71,103,49,78,30,29,0.95,45
18,2016-03-19,优,41,28,22,42,27,40,0.85,40
19,2016-03-20,良,85,185,60,93,35,66,1.52,32
20,2016-03-21,良,79,193,56,81,35,55,1.41,30
21,2016-03-22,优,42,69,21,41,26,31,0.91,37
22,2016-03-23,优,37,50,16,36,19,26,0.8,43
23,2016-03-24,优,40,64,23,41,21,37,0.92,36
24,2016-03-25,良,100,329,73,107,30,61,1.66,32
25,2016-03-26,中度污染,164,365,127,185,33,71,2.06,42
26,2016-03-27,良,60,84,41,64,24,40,1.19,46
27,2016-03-28,中度污染,161,361,98,225,34,45,1.26,55
28,2016-03-29,良,95,270,58,113,20,35,1.21,42
29,2016-03-30,轻度污染,105,272,78,98,21,40,1.49,39
30,2016-03-31,轻度污染,142,329,107,181,36,57,1.34,70
0,2016-02-01,轻度污染,102,260,76,96,79,63,1.47,26
1,2016-02-02,轻度污染,145,324,110,137,89,75,1.65,27
2,2016-02-03,轻度污染,128,282,96,123,77,67,1.46,33
3,2016-02-04,良,85,188,61,80,49,52,1.39,29
4,2016-02-05,轻度污染,126,298,94,127,64,74,1.74,21
5,2016-02-06,轻度污染,145,358,110,140,53,59,1.77,28
6,2016-02-07,轻度污染,131,323,99,131,73,57,1.46,27
7,2016-02-08,中度污染,200,278,152,196,73,52,1.4,33
8,2016-02-09,轻度污染,135,302,101,117,61,52,1.32,31
9,2016-02-10,轻度污染,103,259,76,99,77,62,1.31,36
10,2016-02-11,良,64,162,45,62,79,58,1.2,43
11,2016-02-12,良,86,204,63,83,51,53,1.2,42
12,2016-02-13,优,36,63,24,33,29,33,1.1,45
13,2016-02-14,优,39,154,21,38,25,29,1.23,43
14,2016-02-15,优,45,193,27,44,37,35,1.23,34
15,2016-02-16,良,64,291,44,65,44,49,1.43,28
16,2016-02-17,良,71,246,49,71,50,55,1.53,26
17,2016-02-18,轻度污染,106,318,78,110,56,71,1.79,28
18,2016-02-19,良,53,61,35,50,28,40,1.13,37
19,2016-02-20,优,43,36,25,42,28,31,1.25,33
20,2016-02-21,优,48,40,31,48,32,33,1.38,34
21,2016-02-22,良,69,142,49,77,40,42,1.62,35
22,2016-02-23,良,85,232,62,78,41,44,1.7,31
23,2016-02-24,良,66,170,47,68,46,46,1.64,31
24,2016-02-25,良,73,193,52,72,46,51,1.6,31
25,2016-02-26,轻度污染,109,294,81,111,62,75,2.01,21
26,2016-02-27,轻度污染,111,295,82,109,57,72,1.8,29
27,2016-02-28,良,70,159,50,75,51,59,1.43,46
28,2016-02-29,良,51,86,32,50,38,44,1.39,46
0,2016-01-01,中度污染,161,270,121,152,79,65,1.22,23
1,2016-01-02,中度污染,179,268,135,161,66,65,1.65,21
2,2016-01-03,重度污染,231,303,180,223,91,82,2.16,17
3,2016-01-04,轻度污染,116,200,87,110,70,54,1.13,21
4,2016-01-05,良,68,176,48,67,64,43,0.94,23
5,2016-01-06,良,76,202,54,71,61,47,0.94,24
6,2016-01-07,良,90,219,66,83,72,52,1.21,20
7,2016-01-08,轻度污染,109,265,81,106,75,60,1.39,20
8,2016-01-09,良,64,111,44,61,58,44,1.02,28
9,2016-01-10,良,77,163,55,70,56,50,1.18,25
10,2016-01-11,良,72,221,51,71,60,49,1.03,25
11,2016-01-12,良,76,236,55,80,71,50,0.92,25
12,2016-01-13,良,88,216,64,92,64,54,0.93,23
13,2016-01-14,中度污染,170,327,129,162,100,82,1.8,21
14,2016-01-15,重度污染,232,354,184,222,85,91,2.14,15
15,2016-01-16,中度污染,178,317,138,154,69,78,1.52,16
16,2016-01-17,重度污染,218,350,173,190,79,86,2.05,19
17,2016-01-18,中度污染,179,330,137,175,84,79,1.81,19
18,2016-01-19,良,94,194,69,93,65,48,0.88,28
19,2016-01-20,轻度污染,114,304,85,105,65,56,1.23,22
20,2016-01-21,中度污染,180,348,140,160,70,70,1.95,21
21,2016-01-22,轻度污染,149,340,113,135,69,64,1.58,22
22,2016-01-23,中度污染,178,360,138,151,70,65,1.67,21
23,2016-01-24,良,93,351,69,91,73,52,0.95,24
24,2016-01-25,良,91,313,67,104,66,53,1.1,24
25,2016-01-26,良,67,146,46,64,53,41,1.09,24
26,2016-01-27,良,53,84,33,52,48,38,1.05,27
27,2016-01-28,良,80,179,58,79,58,51,1.47,20
28,2016-01-29,轻度污染,120,277,90,115,70,65,2.06,20
29,2016-01-30,轻度污染,146,324,110,137,71,66,1.95,21
30,2016-01-31,轻度污染,115,326,85,111,78,60,1.43,25
0,2015-12-01,轻度污染,103,231,76,111,46,51,0.84,22
1,2015-12-02,轻度污染,106,276,78,104,37,51,0.87,18
2,2015-12-03,良,92,319,58,100,37,36,0.95,23
3,2015-12-04,优,47,112,30,45,41,35,0.74,30
4,2015-12-05,优,50,132,33,47,38,37,0.79,24
5,2015-12-06,良,80,215,58,85,51,57,1.41,18
6,2015-12-07,严重污染,255,344,204,254,73,105,2.82,6
7,2015-12-08,轻度污染,122,259,92,139,85,71,1.2,26
8,2015-12-09,严重污染,260,337,211,274,78,83,2.08,8
9,2015-12-10,中度污染,165,296,127,190,47,65,1.52,20
10,2015-12-11,轻度污染,131,268,100,129,68,67,1.7,16
11,2015-12-12,严重污染,300,366,256,314,89,112,3.05,11
12,2015-12-13,严重污染,414,366,373,487,81,145,4.38,6
13,2015-12-14,严重污染,315,364,272,362,82,113,2.77,12
14,2015-12-15,重度污染,205,343,161,217,61,63,1.24,20
15,2015-12-16,良,97,345,72,101,51,53,1.22,16
16,2015-12-17,轻度污染,104,342,77,105,63,65,1.47,19
17,2015-12-18,轻度污染,138,339,103,141,70,70,1.31,20
18,2015-12-19,轻度污染,108,245,80,108,73,63,1.09,23
19,2015-12-20,轻度污染,103,191,76,105,82,71,1.1,25
20,2015-12-21,中度污染,183,261,142,203,63,70,1.63,18
21,2015-12-22,中度污染,170,244,129,183,64,70,1.29,22
22,2015-12-23,重度污染,221,275,172,225,63,73,1.63,24
23,2015-12-24,严重污染,252,310,201,270,82,89,2.02,20
24,2015-12-25,重度污染,243,330,193,270,77,89,1.84,18
25,2015-12-26,轻度污染,147,294,111,149,58,57,1.33,23
26,2015-12-27,良,92,229,68,86,60,46,0.93,22
27,2015-12-28,轻度污染,112,242,84,110,71,58,1.06,22
28,2015-12-29,重度污染,218,336,173,222,105,93,1.69,16
29,2015-12-30,严重污染,395,366,359,428,106,144,3.89,11
30,2015-12-31,严重污染,307,363,256,306,100,103,1.88,23
0,2015-11-01,严重污染,294,366,247,332,45,79,1.55,43
1,2015-11-02,严重污染,412,366,427,477,42,129,2.82,20
2,2015-11-03,严重污染,466,366,650,668,54,141,3.64,39
3,2015-11-04,重度污染,215,361,163,262,33,59,1.02,50
4,2015-11-05,轻度污染,126,306,91,143,22,45,1.03,32
5,2015-11-06,严重污染,425,366,418,443,41,96,2.72,16
6,2015-11-07,严重污染,306,356,255,321,32,70,1.53,26
7,2015-11-08,严重污染,297,350,246,313,32,60,1.24,22
8,2015-11-09,中度污染,197,344,157,212,17,47,0.99,18
9,2015-11-10,中度污染,171,342,131,161,27,62,1.14,20
10,2015-11-11,严重污染,276,365,225,291,57,102,2.29,13
11,2015-11-12,重度污染,213,347,165,225,44,85,2.14,15
12,2015-11-13,轻度污染,129,308,97,127,55,63,1.1,21
13,2015-11-14,良,67,180,47,64,39,45,0.84,31
14,2015-11-15,良,70,186,48,70,23,34,1.14,22
15,2015-11-16,良,55,137,33,58,19,30,1.13,21
16,2015-11-17,优,45,104,28,45,19,28,1.1,18
17,2015-11-18,良,82,316,59,84,20,45,1.39,14
18,2015-11-19,良,58,183,34,63,23,28,0.89,25
19,2015-11-20,轻度污染,114,335,85,119,29,54,1.47,18
20,2015-11-21,轻度污染,104,329,77,105,33,47,1.34,20
21,2015-11-22,良,93,338,69,97,35,47,1.27,19
22,2015-11-23,良,90,349,64,92,30,36,1.27,20
23,2015-11-24,良,74,335,52,81,38,40,1.26,21
24,2015-11-25,轻度污染,133,358,99,158,49,65,1.96,12
25,2015-11-26,轻度污染,121,343,91,135,47,54,1.4,16
26,2015-11-27,轻度污染,112,316,84,115,41,45,1.22,14
27,2015-11-28,轻度污染,129,299,98,133,41,55,1.15,16
28,2015-11-29,中度污染,179,322,135,189,80,72,1.39,11
29,2015-11-30,中度污染,170,292,130,169,45,56,1.22,15
0,2015-10-01,优,34,35,16,35,5,19,0.76,38
1,2015-10-02,优,28,13,10,27,4,13,0.75,40
2,2015-10-03,优,33,24,15,32,5,23,0.84,35
3,2015-10-04,良,55,132,29,62,8,46,1.17,24
4,2015-10-05,良,78,238,48,94,13,37,1.08,72
5,2015-10-06,轻度污染,114,309,85,132,11,49,1.32,71
6,2015-10-07,良,90,299,66,110,14,35,1.16,90
7,2015-10-08,优,46,152,25,50,8,25,0.8,42
8,2015-10-09,优,43,95,15,43,7,34,0.89,28
9,2015-10-10,优,40,111,21,39,7,31,0.85,23
10,2015-10-11,优,24,6,13,23,5,20,0.68,23
11,2015-10-12,优,26,10,11,25,5,20,0.73,30
12,2015-10-13,优,35,17,14,35,8,29,0.96,27
13,2015-10-14,良,77,137,51,93,12,56,1.53,22
14,2015-10-15,轻度污染,108,238,77,126,22,65,1.57,61
15,2015-10-16,中度污染,175,327,136,187,20,48,1.78,82
16,2015-10-17,轻度污染,139,308,106,136,17,41,1.42,49
17,2015-10-18,优,46,64,27,49,12,35,1.02,32
18,2015-10-19,良,76,150,52,88,25,52,1.2,21
19,2015-10-20,良,61,86,38,70,21,45,1.1,23
20,2015-10-21,良,69,129,45,81,28,51,1.2,25
21,2015-10-22,轻度污染,116,308,82,124,27,49,1.15,37
22,2015-10-23,轻度污染,114,280,82,128,25,45,1.1,47
23,2015-10-24,良,66,122,34,77,17,30,1.03,34
24,2015-10-25,轻度污染,125,332,94,148,32,63,1.41,22
25,2015-10-26,重度污染,214,359,174,230,32,62,1.42,35
26,2015-10-27,良,94,350,64,87,18,33,0.99,29
27,2015-10-28,良,60,167,40,60,22,32,0.98,23
28,2015-10-29,优,45,101,25,45,20,30,0.96,26
29,2015-10-30,良,69,267,47,71,26,39,1.13,22
30,2015-10-31,中度污染,168,360,132,169,42,60,1.32,25
0,2015-09-01,优,42,93,22,41,6,40,0.86,30
1,2015-09-02,优,45,118,20,47,5,37,0.81,33
2,2015-09-03,优,32,56,11,31,5,26,0.65,35
3,2015-09-04,优,36,74,12,34,6,28,0.66,36
4,2015-09-05,优,43,131,18,44,6,35,0.77,30
5,2015-09-06,优,50,192,20,55,8,40,0.88,39
6,2015-09-07,良,57,207,32,65,8,59,0.8,22
7,2015-09-08,优,50,119,22,54,7,49,0.76,38
8,2015-09-09,优,34,56,16,33,6,31,0.71,36
9,2015-09-10,优,35,67,13,34,5,34,0.72,30
10,2015-09-11,良,56,219,24,65,8,43,0.89,30
11,2015-09-12,优,37,87,14,36,5,26,0.79,26
12,2015-09-13,优,40,52,14,39,7,28,0.83,31
13,2015-09-14,优,49,69,19,50,9,30,0.87,55
14,2015-09-15,良,58,156,28,62,11,36,1.05,76
15,2015-09-16,良,63,186,31,75,10,52,1.02,52
16,2015-09-17,良,71,223,32,92,9,56,1.02,40
17,2015-09-18,良,57,126,29,65,6,43,0.85,45
18,2015-09-19,良,63,206,42,71,6,31,0.97,35
19,2015-09-20,良,55,150,18,62,7,60,0.83,25
20,2015-09-21,优,49,113,19,49,9,34,0.82,44
21,2015-09-22,良,56,180,30,62,8,37,0.94,65
22,2015-09-23,优,34,53,21,30,4,18,0.67,32
23,2015-09-24,优,37,78,16,39,6,31,0.92,21
24,2015-09-25,优,50,161,25,52,6,34,0.8,9
25,2015-09-26,优,29,22,14,29,5,25,0.58,24
26,2015-09-27,优,27,15,10,26,5,23,0.7,26
27,2015-09-28,优,32,38,10,31,5,27,0.71,25
28,2015-09-29,优,50,160,21,55,6,41,0.93,24
29,2015-09-30,良,56,219,24,61,9,37,0.75,29
0,2015-08-01,良,56,203,25,59,7,51,0.96,52
1,2015-08-02,优,48,131,22,49,5,27,0.88,62
2,2015-08-03,良,60,251,38,56,6,23,0.92,81
3,2015-08-04,良,57,231,34,59,5,28,0.82,75
4,2015-08-05,良,68,263,30,57,7,31,1.05,101
5,2015-08-06,优,50,136,23,48,6,33,0.83,74
6,2015-08-07,优,36,53,20,34,5,21,0.76,53
7,2015-08-08,优,46,149,26,43,5,23,0.8,64
8,2015-08-09,优,39,127,15,27,5,21,0.7,71
9,2015-08-10,优,28,50,16,26,4,24,0.71,36
10,2015-08-11,优,44,150,22,43,3,36,0.93,26
11,2015-08-12,优,39,62,19,36,4,37,0.93,40
12,2015-08-13,优,50,109,22,50,5,45,0.96,53
13,2015-08-14,优,44,100,18,43,3,36,0.87,50
14,2015-08-15,优,40,88,20,37,4,27,0.7,61
15,2015-08-16,优,40,77,25,36,4,25,0.75,53
16,2015-08-17,良,53,141,35,50,4,32,0.89,65
17,2015-08-18,良,51,126,29,49,4,26,0.91,79
18,2015-08-19,良,53,176,34,49,4,34,0.96,70
19,2015-08-20,良,52,202,35,47,5,33,0.95,64
20,2015-08-21,优,49,120,35,39,4,39,0.83,36
21,2015-08-22,优,30,16,19,24,4,30,0.62,25
22,2015-08-23,优,24,10,12,23,4,26,0.65,31
23,2015-08-24,优,29,18,11,28,4,27,0.66,24
24,2015-08-25,优,31,24,12,30,5,26,0.61,31
25,2015-08-26,优,37,39,14,36,5,31,0.6,35
26,2015-08-27,优,29,13,12,26,5,25,0.47,31
27,2015-08-28,优,21,7,14,15,5,20,0.5,39
28,2015-08-29,优,25,18,15,23,5,28,0.66,27
29,2015-08-30,优,36,61,18,35,5,35,0.8,25
30,2015-08-31,优,41,75,22,40,5,42,0.86,22
0,2015-07-01,优,37,62,16,34,5,29,0.61,50
1,2015-07-02,优,34,43,17,31,5,31,0.6,39
2,2015-07-03,优,35,40,15,32,5,30,0.66,42
3,2015-07-04,优,47,119,19,41,7,33,0.71,59
4,2015-07-05,优,50,158,18,41,7,34,0.66,75
5,2015-07-06,良,63,243,28,48,6,31,0.71,99
6,2015-07-07,良,70,258,30,49,6,28,0.68,121
7,2015-07-08,良,69,234,35,66,6,51,0.8,83
8,2015-07-09,良,77,253,35,68,6,50,0.8,97
9,2015-07-10,良,75,266,32,58,5,44,0.84,115
10,2015-07-11,良,55,175,35,52,3,26,1.04,91
11,2015-07-12,良,59,160,21,33,4,21,0.85,105
12,2015-07-13,优,39,25,17,28,3,20,0.78,73
13,2015-07-14,优,31,11,12,21,4,19,0.63,46
14,2015-07-15,优,29,8,13,27,5,29,0.62,39
15,2015-07-16,优,42,56,14,37,6,49,0.6,45
16,2015-07-17,良,52,157,19,55,8,59,0.73,32
17,2015-07-18,良,70,265,30,72,6,48,0.9,77
18,2015-07-19,良,90,333,45,90,6,69,1.0,88
19,2015-07-20,良,79,281,41,91,5,64,1.04,82
20,2015-07-21,优,50,114,33,43,4,34,0.98,71
21,2015-07-22,良,66,237,46,59,3,36,1.18,66
22,2015-07-23,轻度污染,101,345,75,83,3,41,1.29,69
23,2015-07-24,良,88,325,64,68,5,32,1.14,66
24,2015-07-25,轻度污染,106,348,79,85,5,32,1.27,65
25,2015-07-26,良,68,214,48,57,5,19,1.04,77
26,2015-07-27,优,39,62,22,32,5,19,0.95,62
27,2015-07-28,优,33,44,13,28,5,23,0.71,56
28,2015-07-29,优,40,85,17,39,6,34,0.85,41
29,2015-07-30,优,37,73,16,34,6,33,0.82,34
30,2015-07-31,优,39,90,15,40,6,40,0.91,43
0,2015-06-01,良,70,179,37,88,8,20,0.38,72
1,2015-06-02,优,44,89,26,40,7,40,0.52,32
2,2015-06-03,优,32,34,17,26,7,28,0.39,52
3,2015-06-04,良,71,270,24,84,10,36,0.42,65
4,2015-06-05,良,99,337,35,122,9,28,0.39,73
5,2015-06-06,优,39,46,24,34,7,26,0.48,56
6,2015-06-07,优,35,44,20,29,6,17,0.39,63
7,2015-06-08,优,40,97,23,35,8,26,0.55,65
8,2015-06-09,优,37,47,20,31,10,29,0.56,57
9,2015-06-10,良,58,166,34,59,9,46,0.67,46
10,2015-06-11,良,61,192,39,53,8,31,0.54,77
11,2015-06-12,优,47,86,28,41,7,30,0.45,65
12,2015-06-13,优,39,60,16,35,7,28,0.6,66
13,2015-06-14,优,48,125,18,43,7,36,0.56,60
14,2015-06-15,优,50,121,18,47,10,38,0.54,67
15,2015-06-16,良,59,171,23,51,8,33,0.64,102
16,2015-06-17,良,67,220,41,75,9,54,0.76,77
17,2015-06-18,良,56,194,25,49,5,36,0.58,74
18,2015-06-19,良,51,140,29,51,6,35,0.62,64
19,2015-06-20,良,64,230,35,73,5,52,0.75,49
20,2015-06-21,良,57,143,23,53,7,38,0.66,76
21,2015-06-22,良,80,275,34,69,8,21,0.88,139
22,2015-06-23,良,83,280,33,59,9,24,0.86,133
23,2015-06-24,良,91,332,62,89,11,27,1.12,137
24,2015-06-25,轻度污染,101,354,75,100,5,35,1.32,73
25,2015-06-26,轻度污染,102,342,75,81,4,32,1.15,76
26,2015-06-27,良,95,326,70,92,3,46,1.06,58
27,2015-06-28,良,82,300,58,68,3,26,0.87,66
28,2015-06-29,优,33,47,15,19,3,20,0.55,55
29,2015-06-30,优,34,50,13,27,5,26,0.65,53
0,2015-05-01,中度污染,160,357,51,214,12,35,0.48,63
1,2015-05-02,良,52,120,36,51,13,36,0.42,38
2,2015-05-03,良,74,225,31,89,9,32,0.58,42
3,2015-05-04,良,54,102,14,58,5,31,0.52,37
4,2015-05-05,中度污染,152,354,29,209,6,33,0.51,32
5,2015-05-06,优,35,22,19,33,5,28,0.43,32
6,2015-05-07,优,45,40,20,55,5,32,0.55,35
7,2015-05-08,优,27,8,18,23,4,30,0.37,27
8,2015-05-09,优,37,38,21,36,5,35,0.54,26
9,2015-05-10,优,40,30,19,41,6,38,0.55,37
10,2015-05-11,优,50,140,29,51,7,47,0.51,29
11,2015-05-12,优,26,3,17,22,6,35,0.52,37
12,2015-05-13,优,29,4,18,26,6,38,0.73,33
13,2015-05-14,良,54,95,37,52,8,47,0.81,25
14,2015-05-15,优,37,43,21,33,6,33,0.51,33
15,2015-05-16,优,32,30,16,33,9,34,0.62,29
16,2015-05-17,良,54,102,25,59,10,44,1.0,27
17,2015-05-18,优,36,32,23,32,8,40,0.77,48
18,2015-05-19,优,40,60,24,36,7,36,0.57,45
19,2015-05-20,优,39,55,20,40,9,39,0.59,45
20,2015-05-21,优,48,83,24,48,9,37,0.45,44
21,2015-05-22,良,57,129,25,67,14,37,0.56,41
22,2015-05-23,良,68,195,28,85,10,34,0.59,56
23,2015-05-24,良,76,204,38,101,13,32,0.48,76
24,2015-05-25,良,77,189,44,102,12,27,0.47,61
25,2015-05-26,优,50,77,29,50,10,31,0.53,43
26,2015-05-27,良,55,108,33,58,8,38,0.52,61
27,2015-05-28,良,72,206,51,72,13,34,0.6,77
28,2015-05-29,良,63,219,34,75,12,28,0.51,70
29,2015-05-30,优,37,34,14,36,7,23,0.37,45
30,2015-05-31,良,57,111,21,68,11,29,0.55,60
0,2015-04-01,良,86,292,62,106,27,56,0.98,41
1,2015-04-02,轻度污染,136,348,102,132,29,57,0.72,37
2,2015-04-03,良,60,137,42,54,17,37,0.56,49
3,2015-04-04,良,66,172,42,71,22,46,0.58,25
4,2015-04-05,良,51,113,35,47,16,33,0.5,31
5,2015-04-06,优,39,66,20,39,17,27,0.5,38
6,2015-04-07,优,45,142,24,46,23,36,0.52,35
7,2015-04-08,良,70,258,33,89,22,39,0.52,36
8,2015-04-09,轻度污染,105,324,76,104,26,50,0.79,38
9,2015-04-10,良,87,267,63,88,21,59,0.82,29
10,2015-04-11,良,91,274,67,89,25,59,0.88,29
11,2015-04-12,良,79,258,57,81,22,53,0.7,34
12,2015-04-13,轻度污染,123,351,82,154,20,61,0.9,42
13,2015-04-14,良,89,266,64,111,26,52,0.91,37
14,2015-04-15,轻度污染,119,297,85,154,32,58,1.08,52
15,2015-04-16,轻度污染,131,304,83,182,14,36,0.71,34
16,2015-04-17,良,100,210,44,146,17,44,0.67,29
17,2015-04-18,良,75,155,52,93,15,51,0.73,33
18,2015-04-19,良,79,273,44,104,14,44,0.79,39
19,2015-04-20,轻度污染,109,349,42,166,10,34,0.61,30
20,2015-04-21,优,47,72,27,48,10,38,0.61,29
21,2015-04-22,良,66,159,32,80,10,36,0.62,34
22,2015-04-23,良,98,280,32,124,8,29,0.45,38
23,2015-04-24,良,57,72,32,65,9,44,0.71,29
24,2015-04-25,良,71,121,31,90,13,42,0.82,35
25,2015-04-26,良,95,244,53,136,15,45,0.84,35
26,2015-04-27,轻度污染,103,296,70,150,20,47,0.74,57
27,2015-04-28,良,80,221,55,105,17,47,0.51,52
28,2015-04-29,良,73,170,45,91,19,45,0.53,62
29,2015-04-30,良,74,139,37,95,9,37,0.43,55
0,2015-03-01,良,95,298,70,87,49,57,1.18,40
1,2015-03-02,轻度污染,120,320,90,103,67,76,1.29,44
2,2015-03-03,重度污染,215,352,166,207,82,104,2.09,42
3,2015-03-04,良,76,287,55,75,40,55,1.1,55
4,2015-03-05,良,89,298,65,95,64,58,1.08,49
5,2015-03-06,良,69,175,49,71,51,40,0.88,57
6,2015-03-07,良,86,225,63,87,50,51,0.78,46
7,2015-03-08,轻度污染,101,279,75,102,65,71,1.27,28
8,2015-03-09,良,68,182,43,73,34,46,0.98,33
9,2015-03-10,良,52,113,35,51,37,40,0.91,38
10,2015-03-11,良,51,84,33,49,41,39,0.88,45
11,2015-03-12,良,52,89,32,49,33,38,0.62,45
12,2015-03-13,良,69,146,49,67,44,48,0.99,43
13,2015-03-14,良,86,164,63,85,54,57,1.3,48
14,2015-03-15,轻度污染,106,205,62,150,50,55,1.09,37
15,2015-03-16,良,93,196,59,126,43,56,1.07,39
16,2015-03-17,良,75,180,54,76,41,64,1.28,30
17,2015-03-18,良,58,133,38,63,50,59,1.0,39
18,2015-03-19,良,56,90,37,62,38,46,0.86,41
19,2015-03-20,优,45,56,23,46,30,38,0.83,46
20,2015-03-21,良,63,105,39,72,41,49,0.87,45
21,2015-03-22,良,54,44,18,58,19,23,0.75,49
22,2015-03-23,优,45,30,20,45,23,29,0.76,37
23,2015-03-24,良,70,206,48,77,34,51,0.99,41
24,2015-03-25,轻度污染,111,325,76,144,42,46,0.98,65
25,2015-03-26,中度污染,195,359,115,264,41,42,1.16,82
26,2015-03-27,中度污染,194,356,96,300,36,44,1.29,75
27,2015-03-28,中度污染,192,354,118,228,38,52,0.9,57
28,2015-03-29,轻度污染,127,279,95,155,30,55,1.12,40
29,2015-03-30,轻度污染,146,317,111,167,31,55,1.01,40
30,2015-03-31,良,55,100,33,59,19,42,0.72,40
0,2015-02-01,重度污染,209,356,162,212,212,98,1.46,27
1,2015-02-02,严重污染,280,361,231,281,222,121,2.01,25
2,2015-02-03,严重污染,372,364,330,397,185,142,3.07,19
3,2015-02-04,严重污染,297,363,259,312,141,115,2.27,24
4,2015-02-05,轻度污染,124,293,92,128,95,65,1.1,30
5,2015-02-06,轻度污染,122,279,91,120,118,68,1.01,34
6,2015-02-07,良,53,45,29,53,43,30,0.7,38
7,2015-02-08,良,59,93,40,59,76,39,0.73,28
8,2015-02-09,轻度污染,108,279,81,108,119,63,1.08,22
9,2015-02-10,轻度污染,135,285,101,127,104,75,1.42,26
10,2015-02-11,轻度污染,119,217,89,122,75,63,1.1,32
11,2015-02-12,良,89,147,64,86,63,60,0.87,39
12,2015-02-13,中度污染,189,341,145,179,111,97,1.62,44
13,2015-02-14,重度污染,224,344,177,216,109,106,1.91,33
14,2015-02-15,严重污染,265,351,222,265,98,112,2.48,25
15,2015-02-16,轻度污染,123,229,92,135,99,87,1.2,29
16,2015-02-17,良,63,85,44,56,52,46,0.81,41
17,2015-02-18,良,60,74,40,54,46,33,0.86,44
18,2015-02-19,严重污染,257,353,221,238,111,54,1.55,37
19,2015-02-20,良,63,186,44,64,69,40,0.87,54
20,2015-02-21,优,45,74,31,41,35,31,0.72,42
21,2015-02-22,严重污染,292,351,110,388,22,24,0.68,41
22,2015-02-23,轻度污染,104,280,47,132,32,34,0.65,55
23,2015-02-24,良,89,242,65,79,46,60,1.08,48
24,2015-02-25,中度污染,195,353,149,166,67,86,1.74,41
25,2015-02-26,轻度污染,114,317,85,107,58,60,1.07,53
26,2015-02-27,轻度污染,112,348,83,110,59,63,1.1,51
27,2015-02-28,良,74,275,52,80,66,60,0.93,47
0,2015-01-01,轻度污染,113,294,84,107,125,53,1.02,19
1,2015-01-02,轻度污染,107,436,79,103,135,51,0.86,16
2,2015-01-03,良,87,109,64,93,188,62,0.74,19
3,2015-01-04,重度污染,235,309,189,244,184,82,1.79,13
4,2015-01-05,轻度污染,132,178,97,133,163,62,1.07,23
5,2015-01-06,优,49,74,30,46,65,35,0.72,30
6,2015-01-07,良,79,189,57,78,100,52,0.82,20
7,2015-01-08,中度污染,188,337,146,182,186,88,1.53,13
8,2015-01-09,重度污染,223,331,174,220,180,90,1.52,14
9,2015-01-10,重度污染,232,338,184,226,195,99,1.83,9
10,2015-01-11,轻度污染,148,263,112,150,135,65,1.1,16
11,2015-01-12,中度污染,190,340,145,190,176,78,1.4,16
12,2015-01-13,轻度污染,130,270,97,132,180,74,1.04,17
13,2015-01-14,中度污染,172,302,130,184,211,82,1.41,16
14,2015-01-15,良,100,174,74,111,164,67,0.95,21
15,2015-01-16,轻度污染,101,173,75,100,111,62,0.98,22
16,2015-01-17,轻度污染,103,192,76,101,112,61,0.96,22
17,2015-01-18,轻度污染,138,293,104,146,217,82,1.11,17
18,2015-01-19,轻度污染,124,276,92,122,138,68,1.19,24
19,2015-01-20,中度污染,160,322,120,159,218,93,1.18,19
20,2015-01-21,严重污染,263,367,215,247,153,106,2.1,19
21,2015-01-22,严重污染,287,363,237,308,193,128,1.96,25
22,2015-01-23,重度污染,217,349,169,214,198,112,1.88,17
23,2015-01-24,重度污染,205,299,162,197,123,88,1.54,22
24,2015-01-25,严重污染,281,359,230,292,181,106,1.69,32
25,2015-01-26,轻度污染,126,181,95,124,83,55,0.99,36
26,2015-01-27,良,65,129,45,62,72,43,0.85,27
27,2015-01-28,中度污染,174,360,133,162,145,75,1.38,22
28,2015-01-29,轻度污染,127,332,95,131,166,78,1.0,30
29,2015-01-30,轻度污染,120,309,90,114,98,61,1.18,23
30,2015-01-31,轻度污染,150,344,114,144,130,74,1.19,22
0,2014-12-01,良,86,138,20,122,43,21,0.59,33
1,2014-12-02,良,74,124,14,97,44,17,0.51,42
2,2014-12-03,良,59,58,26,66,61,30,0.46,32
3,2014-12-04,良,66,97,32,80,63,31,0.56,33
4,2014-12-05,良,63,72,32,74,68,34,0.58,31
5,2014-12-06,良,85,100,59,84,103,50,0.83,27
6,2014-12-07,轻度污染,149,171,112,153,183,72,1.18,23
7,2014-12-08,重度污染,214,186,166,212,203,80,1.54,20
8,2014-12-09,中度污染,178,175,138,184,186,79,1.36,22
9,2014-12-10,轻度污染,116,139,65,172,137,59,0.84,25
10,2014-12-11,良,82,95,49,94,101,48,0.78,35
11,2014-12-12,轻度污染,115,167,86,109,129,58,0.87,28
12,2014-12-13,轻度污染,123,171,92,124,126,60,1.02,23
13,2014-12-14,中度污染,183,173,144,168,153,70,1.47,19
14,2014-12-15,重度污染,203,176,155,202,220,85,1.53,14
15,2014-12-16,中度污染,179,188,136,167,121,66,1.43,11
16,2014-12-17,轻度污染,132,180,99,127,121,57,1.01,12
17,2014-12-18,轻度污染,117,140,87,123,222,64,0.82,20
18,2014-12-19,轻度污染,115,137,84,112,155,61,0.8,19
19,2014-12-20,轻度污染,141,177,106,131,148,60,1.11,15
20,2014-12-21,重度污染,216,186,170,200,172,72,1.36,16
21,2014-12-22,轻度污染,134,171,101,125,146,62,1.05,17
22,2014-12-23,轻度污染,144,142,108,138,211,74,0.95,15
23,2014-12-24,中度污染,157,137,119,148,146,66,1.08,16
24,2014-12-25,轻度污染,102,94,75,99,114,61,0.95,18
25,2014-12-26,轻度污染,149,141,113,152,178,77,1.18,14
26,2014-12-27,中度污染,178,152,138,188,233,84,1.37,13
27,2014-12-28,中度污染,181,143,137,173,125,65,1.57,14
28,2014-12-29,重度污染,206,152,159,206,148,77,1.44,14
29,2014-12-30,中度污染,165,140,124,169,108,66,1.14,18
30,2014-12-31,中度污染,152,485,114,145,106,56,0.99,18
0,2014-11-01,严重污染,286,184,307,361,50,67,1.38,17
1,2014-11-02,良,78,149,54,86,45,43,0.65,20
2,2014-11-03,轻度污染,133,190,114,136,62,50,0.89,21
3,2014-11-04,严重污染,350,190,326,406,111,92,1.53,27
4,2014-11-05,中度污染,187,189,145,219,76,49,0.98,43
5,2014-11-06,轻度污染,107,125,89,111,35,30,0.66,37
6,2014-11-07,重度污染,202,190,159,208,76,56,0.93,22
7,2014-11-08,重度污染,240,190,193,230,102,69,1.05,22
8,2014-11-09,严重污染,336,190,325,369,141,100,1.56,25
9,2014-11-10,严重污染,331,190,289,351,119,92,1.52,31
10,2014-11-11,严重污染,338,190,291,341,82,76,1.55,25
11,2014-11-12,轻度污染,116,149,76,133,35,34,0.69,30
12,2014-11-13,优,45,23,21,47,53,27,0.55,35
13,2014-11-14,良,66,40,41,67,67,39,0.56,23
14,2014-11-15,中度污染,178,177,138,184,95,66,1.25,18
15,2014-11-16,严重污染,307,190,264,328,90,89,1.98,14
16,2014-11-17,重度污染,207,188,165,207,75,67,1.14,17
17,2014-11-18,中度污染,192,185,150,203,87,63,1.07,22
18,2014-11-19,中度污染,183,172,141,195,131,70,1.02,23
19,2014-11-20,轻度污染,139,133,105,145,104,54,1.0,32
20,2014-11-21,轻度污染,101,68,71,112,58,36,0.88,28
21,2014-11-22,良,69,30,46,75,75,43,0.64,33
22,2014-11-23,轻度污染,109,111,81,129,116,59,0.93,27
23,2014-11-24,轻度污染,143,163,111,141,62,57,1.07,23
24,2014-11-25,中度污染,183,177,144,207,105,73,1.19,25
25,2014-11-26,轻度污染,105,138,45,158,69,35,0.6,45
26,2014-11-27,良,78,107,49,87,65,41,0.74,28
27,2014-11-28,轻度污染,136,174,103,145,107,65,1.06,26
28,2014-11-29,中度污染,181,174,139,218,136,75,1.37,14
29,2014-11-30,中度污染,174,178,133,190,96,52,1.16,15
0,2014-10-01,优,47,33,27,47,17,38,0.53,25
1,2014-10-02,良,60,62,38,71,20,48,0.75,20
2,2014-10-03,良,58,54,35,68,18,45,0.74,23
3,2014-10-04,良,60,82,33,71,20,52,0.76,18
4,2014-10-05,良,66,80,44,79,19,51,0.82,24
5,2014-10-06,良,76,106,52,95,19,59,0.87,30
6,2014-10-07,良,79,72,54,83,23,47,0.66,38
7,2014-10-08,良,85,83,58,97,28,58,0.93,33
8,2014-10-09,良,99,113,68,120,18,45,0.86,15
9,2014-10-10,良,63,38,41,67,23,49,1.06,21
10,2014-10-11,良,79,92,54,94,26,38,1.06,57
11,2014-10-12,优,32,15,19,27,12,21,0.57,34
12,2014-10-13,优,43,23,25,46,19,34,0.6,24
13,2014-10-14,重度污染,212,188,176,219,40,79,1.03,42
14,2014-10-15,重度污染,205,187,182,227,45,66,0.96,54
15,2014-10-16,轻度污染,114,125,88,87,24,38,0.72,35
16,2014-10-17,轻度污染,148,167,113,180,71,86,1.19,20
17,2014-10-18,严重污染,318,190,270,313,61,75,1.72,59
18,2014-10-19,中度污染,180,174,133,234,50,40,0.95,92
19,2014-10-20,良,53,25,25,56,30,28,0.5,41
20,2014-10-21,良,77,91,53,83,45,46,0.64,31
21,2014-10-22,严重污染,346,189,375,374,99,110,1.55,41
22,2014-10-23,严重污染,307,189,293,376,85,85,1.37,43
23,2014-10-24,严重污染,411,188,418,486,66,98,2.08,15
24,2014-10-25,中度污染,164,172,126,154,84,56,0.99,16
25,2014-10-26,良,90,75,42,108,31,24,0.67,42
26,2014-10-27,良,61,33,35,63,38,28,0.48,39
27,2014-10-28,严重污染,278,189,281,314,87,87,1.21,32
28,2014-10-29,严重污染,412,190,518,554,137,129,2.1,46
29,2014-10-30,严重污染,286,186,338,395,111,108,2.27,14
30,2014-10-31,中度污染,155,157,124,163,103,64,0.86,10
0,2014-09-01,优,50,76,24,54,11,40,0.58,55
1,2014-09-02,优,41,40,20,40,10,30,0.54,54
2,2014-09-03,优,27,10,15,24,9,25,0.48,24
3,2014-09-04,优,40,15,16,40,13,35,0.52,38
4,2014-09-05,优,31,4,13,29,11,28,0.5,38
5,2014-09-06,优,33,4,13,30,11,33,0.56,42
6,2014-09-07,良,52,36,24,58,15,45,0.7,40
7,2014-09-08,优,28,12,14,23,9,19,0.44,47
8,2014-09-09,优,20,1,8,18,10,20,0.43,28
9,2014-09-10,优,23,1,10,22,10,22,0.42,33
10,2014-09-11,优,35,16,16,38,11,30,0.54,27
11,2014-09-12,良,71,160,42,96,18,43,0.88,21
12,2014-09-13,良,53,94,23,61,16,38,0.62,25
13,2014-09-14,优,37,26,15,36,16,24,0.45,41
14,2014-09-15,优,28,10,10,27,11,21,0.43,34
15,2014-09-16,优,37,43,17,37,14,29,0.58,30
16,2014-09-17,优,49,97,25,51,21,41,0.59,31
17,2014-09-18,良,52,87,27,62,18,39,0.72,22
18,2014-09-19,良,66,100,36,83,23,51,0.8,27
19,2014-09-20,良,64,91,34,83,21,50,0.73,23
20,2014-09-21,良,66,120,37,82,26,60,0.82,25
21,2014-09-22,良,64,101,38,78,20,53,0.7,39
22,2014-09-23,优,38,40,23,35,11,29,0.59,35
23,2014-09-24,优,38,20,17,38,13,33,0.61,27
24,2014-09-25,良,53,34,27,62,26,47,0.84,32
25,2014-09-26,优,47,9,19,46,25,35,0.48,50
26,2014-09-27,优,40,15,24,37,11,27,0.61,46
27,2014-09-28,优,37,17,18,36,12,29,0.61,40
28,2014-09-29,优,24,3,10,22,5,19,0.41,29
29,2014-09-30,优,39,29,17,38,15,31,0.47,28
0,2014-08-01,良,75,143,54,85,6,32,0.94,78
1,2014-08-02,良,72,135,47,91,6,47,0.94,29
2,2014-08-03,优,44,26,21,41,6,36,0.61,50
3,2014-08-04,优,48,28,23,51,10,39,0.57,41
4,2014-08-05,优,45,44,19,47,8,35,0.59,39
5,2014-08-06,优,37,27,19,37,7,29,0.65,41
6,2014-08-07,良,57,89,37,59,9,36,0.7,40
7,2014-08-09,良,59,111,39,63,9,40,0.76,55
8,2014-08-10,良,55,72,31,55,8,40,0.66,68
9,2014-08-11,良,55,65,32,59,10,54,0.75,51
10,2014-08-12,优,48,59,22,49,9,41,0.61,56
11,2014-08-13,优,46,60,22,43,9,40,0.63,49
12,2014-08-14,良,53,90,22,58,11,48,0.62,36
13,2014-08-15,良,52,53,27,54,9,49,0.71,38
14,2014-08-16,优,43,23,26,37,7,26,0.63,64
15,2014-08-17,优,43,44,25,41,10,28,0.65,63
16,2014-08-18,良,55,82,28,55,9,44,0.67,51
17,2014-08-19,良,62,92,30,69,11,51,0.71,52
18,2014-08-20,良,54,58,25,50,8,40,0.62,72
19,2014-08-21,良,55,37,33,55,7,38,0.79,70
20,2014-08-23,良,59,64,34,71,10,59,0.77,29
21,2014-08-24,良,58,100,33,59,9,38,0.76,58
22,2014-08-25,优,41,23,20,40,19,43,0.62,43
23,2014-08-26,优,23,5,9,20,9,33,0.54,33
24,2014-08-27,优,32,17,15,29,9,27,0.56,44
25,2014-08-28,良,55,70,32,60,13,48,0.76,39
26,2014-08-29,优,45,34,23,44,11,39,0.61,61
27,2014-08-30,优,49,56,28,49,11,42,0.69,49
28,2014-08-31,优,50,67,26,53,13,46,0.66,50
0,2014-07-01,良,65,70,37,61,9,40,0.73,86
1,2014-07-02,良,81,143,53,73,9,37,0.81,95
2,2014-07-03,良,57,53,32,54,10,36,0.72,83
3,2014-07-04,良,89,139,63,79,8,30,0.78,78
4,2014-07-05,良,93,157,65,106,10,45,0.89,79
5,2014-07-06,良,56,82,34,56,8,28,0.67,81
6,2014-07-07,优,39,4,18,34,10,37,0.6,51
7,2014-07-08,优,48,25,26,50,9,29,0.67,68
8,2014-07-09,优,32,6,13,27,8,20,0.5,58
9,2014-07-10,优,24,2,11,21,8,21,0.54,36
10,2014-07-11,优,21,3,11,20,7,20,0.52,36
11,2014-07-12,优,26,11,15,23,6,31,0.68,28
12,2014-07-13,优,40,39,21,39,7,45,0.69,23
13,2014-07-14,优,25,10,10,21,7,26,0.56,38
14,2014-07-15,优,41,43,22,39,7,58,0.77,47
15,2014-07-16,良,52,66,34,49,7,45,0.86,70
16,2014-07-17,优,49,51,33,39,8,30,0.69,70
17,2014-07-18,良,53,69,34,48,6,30,0.79,64
18,2014-07-19,良,58,82,39,59,6,37,0.79,56
19,2014-07-20,轻度污染,102,170,74,131,5,23,0.99,78
20,2014-07-21,良,70,126,43,83,8,18,0.73,66
21,2014-07-22,优,43,30,28,43,7,37,0.63,42
22,2014-07-23,优,40,28,21,37,7,33,0.5,45
23,2014-07-24,中度污染,166,187,130,153,8,39,1.04,52
24,2014-07-25,重度污染,250,190,199,253,10,61,1.35,69
25,2014-07-26,中度污染,165,184,124,176,8,61,1.1,39
26,2014-07-27,良,69,74,45,77,8,40,0.73,54
27,2014-07-28,轻度污染,112,142,84,117,9,34,1.02,108
28,2014-07-29,轻度污染,101,143,75,100,9,30,0.85,113
29,2014-07-30,良,80,140,57,79,10,30,0.79,99
30,2014-07-31,良,75,127,54,75,7,32,0.8,82
0,2014-06-01,轻度污染,108,164,78,154,28,52,1.04,108
1,2014-06-02,轻度污染,118,180,83,166,23,47,1.06,98
2,2014-06-03,良,79,141,41,105,16,32,0.78,96
3,2014-06-04,良,73,99,36,89,15,42,0.78,69
4,2014-06-05,良,73,87,46,89,16,42,0.9,80
5,2014-06-06,优,49,42,29,46,11,40,0.68,48
6,2014-06-07,良,59,74,28,70,13,55,0.77,24
7,2014-06-08,优,30,3,16,28,7,25,0.68,42
8,2014-06-09,优,27,1,11,26,8,25,0.82,38
9,2014-06-10,优,40,19,18,39,9,36,0.75,26
10,2014-06-11,优,41,12,23,40,9,37,0.7,31
11,2014-06-12,优,36,6,14,35,10,26,0.58,45
12,2014-06-13,优,46,16,17,46,13,36,0.7,48
13,2014-06-14,优,46,10,18,45,12,34,0.66,59
14,2014-06-15,优,45,14,20,45,11,35,0.65,51
15,2014-06-16,良,54,35,26,61,12,39,0.72,41
16,2014-06-17,优,35,10,16,34,12,23,0.62,37
17,2014-06-18,优,34,11,18,33,11,24,0.57,40
18,2014-06-19,优,38,23,18,37,12,28,0.56,47
19,2014-06-20,良,51,73,25,53,15,41,0.7,52
20,2014-06-21,良,55,87,23,60,13,46,0.69,44
21,2014-06-22,良,55,80,26,59,13,49,0.68,49
22,2014-06-23,良,73,109,35,96,15,49,0.77,55
23,2014-06-24,优,46,45,21,41,10,35,0.57,81
24,2014-06-25,良,84,145,43,79,12,32,0.79,118
25,2014-06-26,良,75,125,51,75,8,28,0.81,87
26,2014-06-27,优,40,27,25,34,7,29,0.7,67
27,2014-06-28,优,45,37,24,40,7,29,0.72,66
28,2014-06-29,良,51,52,23,49,10,43,0.66,59
29,2014-06-30,良,56,49,28,52,10,44,0.66,62
0,2014-05-01,良,91,67,51,132,22,38,0.72,98
1,2014-05-02,良,72,62,35,90,7,31,0.58,61
2,2014-05-03,良,51,19,34,49,11,34,0.52,57
3,2014-05-04,优,40,12,24,41,9,39,0.57,44
4,2014-05-05,优,20,1,12,15,7,22,0.46,35
5,2014-05-06,优,31,5,19,31,11,32,0.54,31
6,2014-05-07,优,35,8,19,33,13,37,0.56,47
7,2014-05-08,优,36,9,20,38,11,41,0.65,41
8,2014-05-09,良,51,39,24,51,16,46,0.6,56
9,2014-05-10,良,63,113,34,75,23,53,0.65,52
10,2014-05-11,良,66,147,41,76,23,46,0.71,68
11,2014-05-12,优,38,11,25,33,10,38,0.65,58
12,2014-05-13,优,41,13,18,27,10,34,0.67,67
13,2014-05-14,优,35,16,20,33,11,40,0.71,42
14,2014-05-15,优,37,14,23,34,10,44,0.67,27
15,2014-05-16,优,37,12,22,37,13,38,0.63,31
16,2014-05-17,优,44,21,24,44,13,39,0.78,40
17,2014-05-18,良,61,60,38,68,17,57,0.88,38
18,2014-05-19,良,59,39,41,61,17,50,0.77,53
19,2014-05-20,优,50,31,35,41,13,39,0.69,56
20,2014-05-21,优,45,21,28,41,10,39,0.73,61
21,2014-05-22,优,47,30,22,46,14,39,0.58,68
22,2014-05-23,良,61,71,31,64,20,38,0.57,76
23,2014-05-24,良,64,103,25,76,17,54,0.67,42
24,2014-05-25,优,45,29,28,44,15,26,0.75,65
25,2014-05-26,良,59,43,26,67,15,33,0.62,45
26,2014-05-27,优,42,9,20,44,13,31,0.61,49
27,2014-05-28,良,63,46,25,79,15,42,0.64,49
28,2014-05-29,良,53,25,17,59,14,33,0.51,49
29,2014-05-30,良,52,30,19,54,15,37,0.56,48
30,2014-05-31,良,87,82,48,104,28,42,0.89,120
0,2014-04-01,良,64,47,41,75,43,48,0.65,50
1,2014-04-02,良,53,26,22,57,30,32,0.76,53
2,2014-04-03,优,49,21,22,49,29,36,0.57,40
3,2014-04-04,良,64,28,38,76,38,46,0.67,40
4,2014-04-05,良,51,12,20,55,28,34,0.71,43
5,2014-04-06,良,65,58,39,78,44,50,0.6,45
6,2014-04-07,良,91,112,64,117,38,74,0.98,45
7,2014-04-08,轻度污染,137,138,102,167,47,77,0.98,54
8,2014-04-09,良,70,35,37,86,27,45,0.7,55
9,2014-04-10,良,67,42,43,79,28,56,0.74,50
10,2014-04-11,良,92,116,60,129,35,78,0.87,43
11,2014-04-12,轻度污染,117,150,83,166,47,101,1.03,43
12,2014-04-13,轻度污染,140,159,102,198,38,95,1.16,62
13,2014-04-14,中度污染,158,165,59,243,33,45,0.82,96
14,2014-04-15,良,54,22,22,60,20,38,0.62,51
15,2014-04-16,良,63,55,35,75,27,50,0.69,48
16,2014-04-17,良,57,41,28,67,29,50,0.6,45
17,2014-04-18,良,61,51,33,69,25,48,0.57,53
18,2014-04-19,轻度污染,101,181,66,146,39,86,0.81,43
19,2014-04-20,良,73,104,48,85,21,45,0.6,55
20,2014-04-21,良,71,96,51,72,19,53,0.69,63
21,2014-04-22,良,75,93,51,89,21,64,0.7,58
22,2014-04-23,良,78,71,45,105,27,59,0.59,61
23,2014-04-24,良,79,82,52,100,28,32,0.59,103
24,2014-04-25,良,85,127,50,117,25,36,0.65,107
25,2014-04-26,轻度污染,112,171,43,173,14,32,0.62,53
26,2014-04-27,良,63,80,24,78,13,38,0.63,42
27,2014-04-28,良,78,122,50,103,19,76,0.75,46
28,2014-04-29,良,93,126,61,132,21,77,0.9,49
29,2014-04-30,良,81,58,45,109,21,63,0.63,69
0,2014-03-01,良,72,109,50,87,102,48,0.86,42
1,2014-03-02,良,64,56,43,72,83,40,0.79,42
2,2014-03-03,良,66,54,45,77,77,43,0.83,41
3,2014-03-04,良,69,79,47,80,73,48,0.88,37
4,2014-03-05,良,61,58,35,68,57,43,0.7,37
5,2014-03-06,良,58,78,34,65,64,47,0.71,34
6,2014-03-07,良,75,117,47,88,63,51,0.91,32
7,2014-03-08,良,55,51,28,60,60,45,0.66,42
8,2014-03-09,优,49,33,25,50,58,42,0.67,37
9,2014-03-10,良,55,26,33,62,71,52,0.81,36
10,2014-03-11,良,74,36,49,90,99,67,0.75,42
11,2014-03-12,良,81,96,57,94,77,71,1.02,31
12,2014-03-13,良,64,58,43,72,73,67,0.94,30
13,2014-03-14,良,87,86,63,112,80,70,1.05,41
14,2014-03-15,良,87,47,63,103,87,60,0.7,48
15,2014-03-16,良,66,9,46,76,71,56,0.74,41
16,2014-03-17,良,74,18,51,82,76,76,0.8,32
17,2014-03-18,良,51,6,30,52,59,53,0.84,39
18,2014-03-19,良,82,57,56,104,76,75,1.22,21
19,2014-03-20,优,42,7,21,42,47,49,0.69,38
20,2014-03-21,良,55,20,33,60,58,60,0.8,34
21,2014-03-22,良,69,45,47,85,63,77,0.96,32
22,2014-03-23,良,89,82,66,108,71,84,1.12,37
23,2014-03-25,中度污染,190,162,146,235,87,103,1.62,41
24,2014-03-26,中度污染,177,151,136,225,76,101,1.75,42
25,2014-03-27,轻度污染,149,139,113,166,61,85,1.14,43
26,2014-03-28,轻度污染,115,137,81,120,50,55,0.87,49
27,2014-03-29,良,58,39,27,67,42,57,0.71,47
28,2014-03-30,良,72,49,44,92,39,56,0.73,47
29,2014-03-31,良,79,74,52,102,36,59,0.87,46
0,2014-02-01,中度污染,154,118,117,167,135,66,1.21,40
1,2014-02-02,良,88,53,54,104,66,36,0.91,49
2,2014-02-03,优,47,28,27,45,54,30,0.74,48
3,2014-02-04,良,77,140,54,78,79,42,1.01,36
4,2014-02-05,轻度污染,127,184,95,134,89,59,1.54,31
5,2014-02-06,轻度污染,140,182,105,148,101,61,1.31,40
6,2014-02-07,中度污染,174,185,133,182,130,78,1.54,32
7,2014-02-08,轻度污染,147,174,111,148,133,74,1.56,31
8,2014-02-09,良,75,131,53,84,99,51,1.01,38
9,2014-02-10,轻度污染,137,186,103,155,127,71,1.61,30
10,2014-02-11,中度污染,153,177,115,174,173,88,1.62,28
11,2014-02-12,轻度污染,150,152,113,166,121,83,1.57,26
12,2014-02-13,轻度污染,130,138,97,144,121,77,1.51,30
13,2014-02-14,轻度污染,129,113,97,149,125,72,1.35,33
14,2014-02-15,中度污染,196,145,151,190,104,68,1.64,35
15,2014-02-16,重度污染,201,162,157,201,119,89,1.54,33
16,2014-02-17,中度污染,192,176,152,202,98,83,1.83,31
17,2014-02-18,中度污染,152,185,116,172,98,78,1.69,37
18,2014-02-19,中度污染,166,177,128,176,106,89,1.62,30
19,2014-02-20,中度污染,195,167,151,223,137,94,2.23,23
20,2014-02-21,轻度污染,119,76,88,138,165,101,1.19,36
21,2014-02-22,中度污染,184,150,144,194,118,104,1.7,36
22,2014-02-23,重度污染,215,155,171,238,131,100,2.12,41
23,2014-02-24,中度污染,187,138,146,200,144,85,1.56,50
24,2014-02-25,严重污染,305,177,254,331,147,97,2.32,36
25,2014-02-26,重度污染,211,169,162,235,138,64,1.31,64
26,2014-02-27,良,80,77,53,79,47,39,1.06,49
27,2014-02-28,优,48,38,25,49,55,31,0.84,43
0,2014-01-01,轻度污染,121,85,107,140,102,55,1.32,22
1,2014-01-02,轻度污染,133,83,100,139,123,66,1.4,17
2,2014-01-03,中度污染,188,126,143,196,137,73,1.65,15
3,2014-01-04,重度污染,240,178,193,242,145,90,2.19,12
4,2014-01-05,严重污染,407,190,369,451,184,123,3.17,13
5,2014-01-06,中度污染,197,128,159,206,170,84,1.34,19
6,2014-01-07,中度污染,151,122,114,148,102,62,1.39,18
7,2014-01-08,良,78,97,57,72,83,47,1.05,24
8,2014-01-09,良,90,128,66,88,93,53,0.99,23
9,2014-01-10,轻度污染,120,114,90,127,124,61,1.16,20
10,2014-01-11,轻度污染,120,103,90,128,111,61,1.16,18
11,2014-01-12,良,79,61,57,79,87,43,0.89,26
12,2014-01-13,中度污染,185,174,146,162,140,69,1.45,15
13,2014-01-14,重度污染,202,156,155,207,182,86,1.58,14
14,2014-01-15,重度污染,205,127,160,209,163,81,1.51,19
15,2014-01-16,中度污染,152,98,116,164,128,67,1.38,19
16,2014-01-17,重度污染,212,136,166,201,155,83,1.67,15
17,2014-01-18,重度污染,221,126,173,232,155,88,1.92,16
18,2014-01-19,中度污染,172,94,131,179,163,77,1.4,16
19,2014-01-20,轻度污染,134,101,101,134,136,70,1.27,19
20,2014-01-21,中度污染,195,190,148,195,111,75,1.65,24
21,2014-01-22,重度污染,212,185,164,223,201,92,1.57,24
22,2014-01-24,中度污染,163,123,123,165,98,68,1.72,30
23,2014-01-25,中度污染,188,151,144,201,92,83,1.75,24
24,2014-01-26,轻度污染,111,126,83,124,94,59,1.13,35
25,2014-01-27,良,71,54,45,82,79,46,0.78,40
26,2014-01-28,良,58,37,38,60,61,38,0.79,43
27,2014-01-29,良,81,66,56,100,97,53,0.99,39
28,2014-01-30,良,73,25,52,69,63,33,0.94,44
29,2014-01-31,重度污染,217,97,170,205,118,53,1.32,36
0,2013-12-01,良,76,32,66,93,83,55,1.13,30
1,2013-12-02,轻度污染,137,58,159,205,139,97,2.01,20
2,2013-12-03,严重污染,297,96,320,373,106,119,2.85,15
3,2013-12-04,严重污染,281,88,96,124,89,63,1.22,20
4,2013-12-05,良,85,24,60,88,80,50,1.23,18
5,2013-12-06,轻度污染,118,51,117,160,74,65,1.75,19
6,2013-12-07,重度污染,225,73,270,340,92,101,2.68,17
7,2013-12-08,严重污染,341,96,192,257,122,88,1.83,12
8,2013-12-09,中度污染,166,49,97,124,91,60,1.14,18
9,2013-12-10,中度污染,196,110,218,262,85,83,2.1,17
10,2013-12-11,重度污染,249,114,123,150,87,60,1.29,15
11,2013-12-12,中度污染,153,103,172,210,147,74,1.56,14
12,2013-12-13,重度污染,202,102,99,126,87,49,1.21,17
13,2013-12-14,轻度污染,117,45,90,122,117,54,1.14,18
14,2013-12-15,轻度污染,126,60,146,172,133,73,1.56,18
15,2013-12-16,严重污染,263,104,194,243,151,92,1.95,13
16,2013-12-17,中度污染,196,90,168,215,131,88,1.91,15
17,2013-12-18,严重污染,287,110,234,308,132,93,2.24,14
18,2013-12-19,重度污染,239,103,147,179,126,77,1.39,19
19,2013-12-20,轻度污染,135,59,89,117,120,66,1.43,20
20,2013-12-21,中度污染,172,76,178,246,119,83,2.12,18
21,2013-12-22,重度污染,237,96,179,251,165,91,1.84,20
22,2013-12-23,重度污染,237,87,198,233,151,92,1.99,18
23,2013-12-24,严重污染,276,83,233,316,174,103,2.45,18
24,2013-12-25,重度污染,221,64,144,186,182,95,1.53,18
25,2013-12-26,中度污染,164,48,71,101,104,59,1.2,22
26,2013-12-27,轻度污染,149,87,168,173,101,76,1.77,16
27,2013-12-28,严重污染,266,114,209,265,121,81,1.92,22
28,2013-12-29,中度污染,187,111,87,115,125,59,1.07,21
29,2013-12-30,轻度污染,118,55,99,136,133,69,1.31,21
30,2013-12-31,轻度污染,115,73,66,96,110,55,0.93,25
0,2013-11-01,重度污染,212,100,166,229,58,72,1.56,22
1,2013-11-02,严重污染,265,109,214,276,76,79,1.75,22
2,2013-11-03,严重污染,257,113,211,268,61,69,2.27,15
3,2013-11-04,轻度污染,130,94,98,147,46,62,1.09,24
4,2013-11-05,轻度污染,138,96,104,144,64,62,1.08,25
5,2013-11-06,轻度污染,133,67,87,127,48,37,0.94,35
6,2013-11-07,良,72,13,34,48,34,27,0.28,37
7,2013-11-08,良,69,19,60,92,51,48,0.83,25
8,2013-11-09,良,87,43,58,81,34,29,0.84,29
9,2013-11-10,良,64,44,26,61,34,20,0.72,38
10,2013-11-11,良,51,25,29,42,37,24,0.6,37
11,2013-11-12,良,52,35,41,66,50,37,0.87,25
12,2013-11-13,良,70,49,64,103,56,43,0.95,25
13,2013-11-14,良,90,54,65,106,52,42,0.92,22
14,2013-11-15,轻度污染,118,57,142,198,81,72,1.49,15
15,2013-11-16,重度污染,205,101,129,161,84,60,1.26,14
16,2013-11-17,轻度污染,118,74,40,122,42,30,0.94,28
17,2013-11-18,轻度污染,102,77,25,145,51,27,0.87,34
18,2013-11-19,良,67,24,26,52,47,29,0.77,33
19,2013-11-20,优,42,4,29,39,47,34,0.77,30
20,2013-11-21,良,65,17,90,113,75,64,1.24,28
21,2013-11-22,中度污染,166,75,140,175,130,88,1.55,29
22,2013-11-23,重度污染,243,86,266,321,129,123,2.92,15
23,2013-11-24,严重污染,270,101,167,204,134,107,2.09,22
24,2013-11-25,中度污染,198,113,95,122,79,49,1.26,33
25,2013-11-26,良,63,22,39,45,54,35,0.82,32
26,2013-11-27,良,64,23,45,55,71,34,0.91,26
27,2013-11-28,良,56,24,38,53,56,37,0.89,30
28,2013-11-29,良,84,79,75,98,83,58,1.16,24
29,2013-11-30,良,79,45,46,70,78,45,0.9,31
0,2013-10-28,中度污染,171,78,129,161,55,47,1.11,23
1,2013-10-29,良,51,12,32,53,41,37,0.83,19
2,2013-10-30,良,93,54,68,111,47,47,0.95,22
3,2013-10-31,轻度污染,135,81,104,147,60,59,1.49,19
