0,2019-12-01,优,43,123,24,39,4,10,0.63,105
1,2019-12-02,优,44,138,24,46,7,12,0.9,73
2,2019-12-03,优,48,98,30,48,7,10,0.78,99
3,2019-12-04,优,48,92,26,49,9,11,0.63,117
4,2019-12-05,优,47,104,21,47,8,12,0.49,95
5,2019-12-06,优,47,109,25,49,9,12,0.51,106
6,2019-12-07,优,46,57,24,47,9,10,0.53,113
7,2019-12-08,优,44,42,23,44,7,11,0.53,118
8,2019-12-09,优,43,34,22,41,6,13,0.58,131
9,2019-12-10,良,64,84,36,54,7,17,0.69,143
0,2019-11-01,优,44,89,20,46,4,7,0.78,86
1,2019-11-02,优,36,58,18,36,4,7,0.71,81
2,2019-11-03,良,60,194,36,59,7,15,0.86,130
3,2019-11-04,良,66,219,41,68,7,10,0.9,147
4,2019-11-05,良,66,188,41,74,8,12,0.89,149
5,2019-11-06,良,68,199,44,73,6,19,0.81,151
6,2019-11-07,良,61,181,40,63,8,12,0.66,147
7,2019-11-08,良,57,150,38,59,7,16,0.67,124
8,2019-11-09,良,51,81,31,50,6,11,0.6,143
9,2019-11-10,良,55,87,33,50,6,10,0.62,158
10,2019-11-11,优,46,69,26,44,4,10,0.64,139
11,2019-11-12,优,30,37,12,29,3,9,0.5,70
12,2019-11-13,优,32,41,13,32,4,9,0.42,71
13,2019-11-14,良,52,152,34,51,5,9,0.64,115
14,2019-11-15,良,58,122,40,60,4,10,0.62,130
15,2019-11-16,优,45,72,20,46,3,14,0.52,86
16,2019-11-17,优,32,32,14,32,3,12,0.45,65
17,2019-11-18,优,28,27,13,28,3,10,0.42,59
18,2019-11-19,优,48,119,28,48,5,10,0.83,86
19,2019-11-20,优,49,80,29,48,5,8,0.75,139
20,2019-11-21,良,54,115,31,52,5,9,0.73,144
21,2019-11-22,良,71,217,39,65,6,26,0.76,138
22,2019-11-23,优,40,66,21,40,4,21,0.56,84
23,2019-11-24,优,28,39,14,24,3,13,0.51,85
24,2019-11-25,优,44,224,24,37,4,9,0.59,121
25,2019-11-26,优,33,67,13,32,3,5,0.52,73
26,2019-11-27,优,33,96,13,31,3,6,0.53,73
27,2019-11-28,良,54,233,30,48,6,9,0.8,92
28,2019-11-29,优,39,90,17,35,4,11,0.77,78
29,2019-11-30,优,35,56,11,28,3,6,0.55,80
0,2019-10-01,良,63,191,45,62,6,13,0.7,114
1,2019-10-02,良,58,186,41,55,5,11,0.65,83
2,2019-10-03,优,36,66,22,33,4,9,0.51,59
3,2019-10-04,优,32,110,19,31,4,9,0.5,45
4,2019-10-05,优,25,87,16,24,4,7,0.47,42
5,2019-10-06,优,24,60,14,23,4,8,0.47,61
6,2019-10-07,优,13,4,5,9,4,5,0.42,37
7,2019-10-08,优,25,49,10,25,4,7,0.46,38
8,2019-10-09,优,30,66,15,30,5,6,0.55,58
9,2019-10-10,优,31,60,15,31,4,9,0.6,54
10,2019-10-11,优,31,59,17,31,4,12,0.61,58
11,2019-10-12,优,30,52,16,29,4,11,0.6,60
12,2019-10-13,优,34,76,20,32,4,9,0.63,86
13,2019-10-14,优,32,91,15,25,4,7,0.67,99
14,2019-10-15,优,33,111,10,30,4,5,0.6,83
15,2019-10-16,优,35,100,13,34,4,5,0.6,91
16,2019-10-17,优,40,105,21,36,5,10,0.73,122
17,2019-10-18,优,49,148,29,48,6,9,0.8,147
18,2019-10-19,良,71,242,38,56,7,8,0.83,171
19,2019-10-20,优,46,67,29,43,4,9,0.79,133
20,2019-10-21,优,44,80,25,44,5,12,0.75,120
21,2019-10-22,优,44,95,24,43,5,13,0.69,121
22,2019-10-23,优,34,59,17,34,4,11,0.64,89
23,2019-10-24,优,30,58,16,30,4,8,0.6,81
24,2019-10-25,优,39,146,22,38,4,7,0.66,106
25,2019-10-26,优,28,88,13,26,4,7,0.61,72
26,2019-10-27,优,39,110,21,38,4,9,0.68,98
27,2019-10-28,优,39,101,25,37,4,12,0.83,84
28,2019-10-29,优,28,31,8,21,6,12,0.93,72
29,2019-10-30,优,47,74,20,43,7,8,0.85,134
30,2019-10-31,良,58,90,33,67,6,10,0.9,116
31,2019-10-31,良,58,90,33,67,6,10,0.9,116
0,2019-09-01,优,14,2,4,11,4,7,0.51,42
1,2019-09-02,优,15,8,6,15,4,6,0.51,38
2,2019-09-03,优,21,19,6,20,4,4,0.5,43
3,2019-09-04,优,14,2,3,9,4,5,0.5,42
4,2019-09-05,优,16,4,5,16,4,7,0.5,41
5,2019-09-06,优,23,41,9,21,5,15,0.58,59
6,2019-09-07,优,30,54,13,29,5,26,0.6,48
7,2019-09-08,优,33,72,16,33,5,16,0.57,57
8,2019-09-09,优,24,43,11,24,4,13,0.54,51
9,2019-09-10,优,21,47,9,19,3,13,0.56,48
10,2019-09-11,优,18,25,6,17,4,18,0.63,39
11,2019-09-12,优,25,57,10,24,4,18,0.65,44
12,2019-09-13,优,22,43,12,22,4,9,0.59,62
13,2019-09-14,优,27,92,15,26,5,7,0.6,71
14,2019-09-15,优,29,92,15,28,4,11,0.6,57
15,2019-09-16,优,31,98,18,29,4,13,0.58,67
16,2019-09-17,优,35,107,16,30,4,11,0.66,91
17,2019-09-18,优,31,101,13,29,4,7,0.66,89
18,2019-09-19,优,38,141,18,35,4,13,0.81,102
19,2019-09-20,优,44,169,25,43,5,25,0.88,97
20,2019-09-21,良,58,282,37,65,8,33,0.95,106
21,2019-09-22,良,54,250,28,53,7,11,0.85,131
22,2019-09-23,良,51,162,25,52,7,20,0.77,119
23,2019-09-24,优,50,128,25,38,5,11,0.69,139
24,2019-09-25,良,51,130,27,45,5,14,0.58,130
25,2019-09-26,良,57,166,34,51,6,15,0.6,138
26,2019-09-27,良,58,187,37,55,6,17,0.62,134
27,2019-09-28,良,77,258,46,69,9,20,0.69,147
28,2019-09-29,良,75,236,52,77,8,25,0.77,140
29,2019-09-30,良,73,239,52,76,7,26,0.78,126
0,2019-08-06,优,26,40,10,24,3,11,0.55,44
1,2019-08-07,优,28,36,11,26,3,19,0.54,37
2,2019-08-08,优,33,68,13,27,3,18,0.54,52
3,2019-08-09,优,35,115,15,30,4,17,0.59,58
4,2019-08-10,优,31,112,14,27,4,14,0.53,49
5,2019-08-11,优,30,119,9,23,5,13,0.51,51
6,2019-08-21,优,17,6,9,16,4,22,0.64,35
7,2019-08-22,优,21,16,8,18,4,28,0.65,32
8,2019-08-23,优,20,26,8,18,4,21,0.67,39
9,2019-08-24,优,26,53,12,26,5,18,0.63,51
10,2019-08-25,优,28,55,15,27,4,15,0.64,56
11,2019-08-26,优,30,86,14,30,6,22,0.64,39
12,2019-08-27,优,29,106,18,25,4,13,0.5,35
13,2019-08-28,优,19,17,7,19,4,9,0.42,38
0,2019-07-01,优,26,19,6,13,3,11,0.58,54
1,2019-07-02,优,24,10,5,15,3,6,0.5,47
2,2019-07-03,优,23,16,3,12,3,5,0.47,45
3,2019-07-04,优,24,20,5,21,3,6,0.51,41
4,2019-07-05,优,26,31,4,17,4,8,0.5,52
5,2019-07-06,优,30,68,10,24,4,12,0.53,54
6,2019-07-07,优,25,23,9,21,3,10,0.51,47
7,2019-07-12,优,28,72,13,28,4,12,0.4,42
8,2019-07-13,优,36,165,18,36,4,10,0.39,51
9,2019-07-14,优,34,118,18,34,4,11,0.43,56
10,2019-07-15,优,34,116,19,34,4,12,0.43,54
11,2019-07-16,优,28,75,15,28,4,7,0.44,55
12,2019-07-17,优,28,78,14,27,4,11,0.47,53
13,2019-07-18,优,27,87,14,27,4,14,0.48,47
14,2019-07-19,优,37,191,19,36,5,18,0.55,66
15,2019-07-20,优,34,141,16,34,4,17,0.53,55
16,2019-07-21,优,28,71,12,28,4,15,0.5,51
17,2019-07-22,优,22,43,9,20,4,14,0.47,48
18,2019-07-23,优,19,22,7,18,4,15,0.5,43
19,2019-07-24,优,20,29,8,19,4,12,0.51,45
20,2019-07-25,优,18,26,8,18,4,11,0.49,37
21,2019-07-26,优,21,39,8,19,4,11,0.51,54
0,2019-06-01,优,22,3,6,18,3,18,0.44,41
1,2019-06-02,优,23,6,8,22,3,20,0.48,31
2,2019-06-03,优,29,16,10,27,4,23,0.53,39
3,2019-06-04,优,26,7,10,24,3,17,0.47,38
4,2019-06-05,优,17,3,6,16,3,9,0.38,32
5,2019-06-06,优,23,9,7,17,3,8,0.39,44
6,2019-06-07,优,22,9,5,14,3,8,0.35,43
7,2019-06-08,优,23,13,6,15,3,10,0.34,46
8,2019-06-09,优,24,13,7,17,4,11,0.36,48
9,2019-06-10,优,28,33,11,23,4,11,0.42,56
10,2019-06-11,优,31,52,16,30,4,18,0.49,42
11,2019-06-14,优,24,41,10,24,4,36,0.61,20
12,2019-06-15,优,26,75,13,25,4,16,0.52,38
13,2019-06-17,优,22,26,9,22,4,12,0.54,43
14,2019-06-18,优,24,70,10,23,4,10,0.47,46
15,2019-06-19,优,20,39,9,19,4,10,0.46,41
16,2019-06-20,优,20,30,7,19,4,9,0.5,48
17,2019-06-25,优,33,69,10,29,3,16,0.53,49
18,2019-06-26,优,30,46,9,24,3,15,0.54,52
19,2019-06-27,优,26,22,9,22,3,11,0.54,50
20,2019-06-28,优,28,30,8,21,4,11,0.52,55
21,2019-06-29,优,30,44,10,23,4,13,0.54,55
22,2019-06-30,优,29,34,9,22,4,16,0.56,47
0,2019-05-01,优,44,77,27,40,7,18,0.79,75
1,2019-05-02,优,45,57,20,33,4,12,0.8,90
2,2019-05-03,优,45,42,19,38,3,9,0.82,89
3,2019-05-04,优,43,39,17,33,3,11,0.74,77
4,2019-05-05,优,28,21,12,25,3,16,0.7,45
5,2019-05-06,优,34,58,17,31,3,10,0.65,51
6,2019-05-07,优,41,70,6,19,3,7,0.64,82
7,2019-05-08,优,37,56,6,18,4,10,0.63,73
8,2019-05-09,优,35,44,6,18,4,11,0.67,74
9,2019-05-10,优,46,60,9,19,4,10,0.57,90
10,2019-05-11,优,39,11,7,18,4,8,0.51,76
11,2019-05-12,优,31,3,11,26,5,9,0.51,60
12,2019-05-13,优,28,5,12,26,4,12,0.48,48
13,2019-05-14,优,22,1,8,20,4,16,0.45,34
14,2019-05-15,优,32,25,14,29,4,16,0.49,46
15,2019-05-16,优,33,20,14,32,4,15,0.49,47
16,2019-05-17,优,35,38,16,33,4,15,0.47,59
17,2019-05-18,优,36,21,15,33,4,16,0.46,60
18,2019-05-19,优,35,23,16,33,4,14,0.45,61
19,2019-05-20,优,43,73,18,36,4,14,0.49,71
20,2019-05-21,优,34,23,13,25,3,14,0.52,61
21,2019-05-22,优,37,24,9,19,4,18,0.57,74
22,2019-05-23,优,41,30,14,29,4,19,0.58,80
23,2019-05-24,优,35,6,12,26,4,14,0.52,63
24,2019-05-25,优,24,2,9,18,3,14,0.46,46
25,2019-05-26,优,26,10,10,21,3,13,0.47,50
26,2019-05-27,优,29,25,12,23,3,15,0.49,53
27,2019-05-28,优,29,19,7,20,3,18,0.43,54
28,2019-05-29,优,27,22,7,19,4,27,0.48,44
29,2019-05-30,优,24,4,8,18,4,21,0.48,40
30,2019-05-31,优,25,8,7,22,3,18,0.46,42
0,2019-04-01,优,34,22,10,26,3,8,0.43,65
1,2019-04-02,优,41,34,13,32,3,8,0.46,77
2,2019-04-03,优,35,43,12,33,4,8,0.47,65
3,2019-04-04,优,29,26,12,28,3,8,0.48,53
4,2019-04-05,优,30,7,11,24,3,8,0.46,55
5,2019-04-06,优,27,3,11,24,4,13,0.48,45
6,2019-04-07,优,25,3,11,23,3,14,0.45,39
7,2019-04-08,优,25,6,11,24,4,14,0.41,33
8,2019-04-09,优,29,11,15,28,4,13,0.43,42
9,2019-04-10,优,31,21,14,30,4,15,0.43,43
10,2019-04-11,优,29,22,13,28,4,14,0.44,39
11,2019-04-12,优,25,16,13,24,3,10,0.4,31
12,2019-04-13,优,20,2,9,17,3,10,0.41,29
13,2019-04-14,优,21,3,8,19,3,12,0.45,30
14,2019-04-15,优,41,64,10,25,4,8,0.63,80
15,2019-04-16,优,27,11,10,21,3,11,0.56,48
16,2019-04-17,优,33,9,5,15,3,10,0.59,63
17,2019-04-18,优,26,2,10,23,3,10,0.46,35
18,2019-04-19,优,28,1,13,27,3,12,0.42,40
19,2019-04-20,优,36,26,20,35,3,12,0.48,51
20,2019-04-21,优,33,16,17,32,3,12,0.46,53
21,2019-04-22,优,36,42,17,34,4,13,0.48,54
22,2019-04-23,优,25,6,9,23,3,11,0.45,41
23,2019-04-24,优,30,9,14,29,4,14,0.49,43
24,2019-04-25,优,33,11,15,31,4,14,0.48,56
25,2019-04-26,优,26,2,11,23,3,12,0.47,49
26,2019-04-27,优,25,1,9,20,3,12,0.46,49
27,2019-04-28,优,26,6,13,23,3,11,0.48,46
28,2019-04-29,优,31,42,15,29,3,13,0.51,56
29,2019-04-30,优,37,71,15,32,4,15,0.56,73
0,2019-03-01,优,24,8,10,23,4,9,0.49,34
1,2019-03-02,优,26,27,12,25,4,9,0.46,34
2,2019-03-03,优,31,28,15,29,5,14,0.51,41
3,2019-03-04,优,22,1,10,21,4,9,0.48,33
4,2019-03-05,优,24,2,9,21,4,8,0.41,36
5,2019-03-06,优,33,51,18,32,5,14,0.47,33
6,2019-03-07,优,25,28,10,24,3,14,0.75,27
7,2019-03-08,优,30,33,10,27,4,10,0.65,47
8,2019-03-09,优,33,51,18,32,4,15,0.56,25
9,2019-03-10,优,26,15,13,25,4,15,0.87,20
10,2019-03-11,优,29,2,15,28,4,10,0.85,37
11,2019-03-12,优,36,9,18,31,5,10,0.77,68
12,2019-03-13,优,40,21,20,39,4,9,0.69,66
13,2019-03-14,优,38,19,21,35,4,10,0.67,61
14,2019-03-15,良,51,122,29,52,4,11,0.75,53
15,2019-03-16,优,38,20,15,37,4,8,0.64,61
16,2019-03-17,优,43,33,17,42,4,8,0.58,61
17,2019-03-18,优,39,25,17,38,4,10,0.53,47
18,2019-03-19,优,38,18,19,37,3,10,0.49,48
19,2019-03-20,优,32,8,14,31,3,11,0.45,42
20,2019-03-21,优,32,10,12,31,4,17,0.43,37
21,2019-03-22,优,33,34,14,32,4,15,0.43,33
22,2019-03-23,优,26,21,12,25,3,10,0.45,34
23,2019-03-24,优,23,12,6,20,3,16,0.62,37
24,2019-03-25,优,39,43,16,39,3,15,0.66,41
25,2019-03-26,优,35,8,13,32,7,9,0.54,59
26,2019-03-27,优,30,3,13,28,3,8,0.51,54
27,2019-03-28,优,29,4,13,28,3,11,0.45,48
28,2019-03-29,优,38,23,22,37,4,16,0.46,49
29,2019-03-30,优,27,1,14,26,3,14,0.44,36
30,2019-03-31,优,22,1,10,20,3,9,0.4,38
0,2019-02-01,优,36,29,19,34,5,12,0.66,59
1,2019-02-02,优,39,24,14,37,4,8,0.59,58
2,2019-02-03,优,23,3,10,20,4,10,0.44,37
3,2019-02-04,优,26,3,12,24,4,5,0.41,37
4,2019-02-05,优,38,7,25,37,6,6,0.37,30
5,2019-02-06,优,21,2,10,20,4,5,0.36,33
6,2019-02-07,优,20,1,10,19,4,6,0.36,33
7,2019-02-08,优,24,14,13,23,4,5,0.38,38
8,2019-02-09,优,21,18,11,20,4,5,0.36,38
9,2019-02-10,优,25,37,13,23,4,5,0.37,42
10,2019-02-11,优,32,62,15,32,4,6,0.47,45
11,2019-02-12,优,31,37,10,28,4,7,0.46,45
12,2019-02-13,优,27,39,9,25,4,6,0.39,45
13,2019-02-14,优,25,26,10,23,4,8,0.39,47
14,2019-02-15,优,26,44,10,24,3,9,0.42,31
15,2019-02-16,优,21,25,8,20,3,7,0.41,29
16,2019-02-17,优,21,26,7,19,3,6,0.4,33
17,2019-02-18,优,22,25,9,18,4,8,0.44,40
18,2019-02-19,优,28,29,12,28,4,7,0.45,32
19,2019-02-20,优,21,7,8,20,4,7,0.35,25
20,2019-02-21,优,22,20,9,20,4,11,0.37,33
21,2019-02-22,优,32,49,15,31,4,11,0.61,28
22,2019-02-23,优,27,27,11,26,4,10,0.43,33
23,2019-02-24,优,20,14,8,17,4,12,0.85,28
24,2019-02-25,优,40,62,19,38,4,14,0.93,33
25,2019-02-26,优,33,24,13,32,4,12,0.7,44
26,2019-02-27,优,31,26,15,30,4,10,0.58,50
27,2019-02-28,优,27,12,11,26,4,9,0.53,41
0,2019-01-01,优,41,80,28,35,8,12,0.9,32
1,2019-01-02,良,52,118,36,44,8,12,0.85,35
2,2019-01-03,优,34,32,23,23,4,16,0.85,32
3,2019-01-04,优,23,12,12,17,4,17,0.79,40
4,2019-01-05,优,38,68,25,34,5,19,0.89,49
5,2019-01-06,优,37,66,20,35,5,19,0.93,38
6,2019-01-07,优,41,61,13,42,4,13,0.8,47
7,2019-01-08,优,46,102,25,48,4,24,0.88,55
8,2019-01-09,优,42,102,17,42,4,19,0.75,38
9,2019-01-10,优,46,120,15,46,4,11,0.69,50
10,2019-01-11,优,45,104,19,44,4,13,0.66,52
11,2019-01-12,优,30,19,15,29,4,13,0.55,45
12,2019-01-13,优,43,59,23,38,4,13,0.69,68
13,2019-01-14,优,34,15,13,31,4,8,0.63,65
14,2019-01-15,优,42,57,21,37,4,8,0.6,76
15,2019-01-16,良,53,118,33,50,7,14,1.14,42
16,2019-01-17,优,43,58,26,41,6,13,1.06,46
17,2019-01-18,优,50,60,27,42,5,9,0.97,89
18,2019-01-19,优,47,58,22,44,4,8,0.66,80
19,2019-01-20,优,44,84,20,40,4,10,0.56,78
20,2019-01-21,优,45,63,28,43,6,11,0.89,56
21,2019-01-22,优,49,40,33,45,8,13,0.96,50
22,2019-01-23,良,69,116,47,64,7,31,0.92,91
23,2019-01-24,良,63,80,38,51,5,9,0.7,109
24,2019-01-25,良,51,55,29,48,4,14,0.57,86
25,2019-01-26,良,68,162,37,55,6,11,0.59,116
26,2019-01-27,良,57,84,26,54,5,6,0.49,98
27,2019-01-28,优,45,46,18,45,4,7,0.41,70
28,2019-01-29,优,30,7,10,29,4,8,0.36,54
29,2019-01-30,优,32,7,13,29,4,9,0.39,61
30,2019-01-31,优,31,7,15,27,4,8,0.4,58
0,2018-12-01,优,36,15,14,35,4,9,0.51,51
1,2018-12-02,优,37,18,13,36,3,9,0.49,47
2,2018-12-03,优,30,4,11,29,3,11,0.48,40
3,2018-12-04,优,27,14,10,26,4,9,0.46,43
4,2018-12-05,优,27,17,14,26,4,10,0.48,48
5,2018-12-06,优,29,55,12,28,3,10,0.51,37
6,2018-12-07,优,32,99,13,31,3,12,0.62,36
7,2018-12-08,优,22,62,8,21,3,22,0.73,19
8,2018-12-09,优,28,73,11,27,3,19,0.71,21
9,2018-12-10,优,24,45,13,23,4,22,0.71,15
10,2018-12-11,优,31,62,16,30,6,15,0.67,17
11,2018-12-12,优,25,28,11,24,6,13,0.7,21
12,2018-12-13,优,36,36,23,35,7,14,0.79,24
13,2018-12-14,优,45,70,30,42,7,16,0.83,31
14,2018-12-15,优,43,57,26,41,5,16,0.81,37
15,2018-12-16,优,48,80,30,48,9,17,0.94,40
16,2018-12-17,优,40,27,22,37,7,15,0.88,60
17,2018-12-18,优,45,46,20,42,6,18,0.68,70
18,2018-12-19,优,47,48,18,46,4,16,0.6,57
19,2018-12-20,优,38,27,16,37,4,16,0.62,38
20,2018-12-21,优,30,10,12,29,4,11,0.56,37
21,2018-12-28,优,40,118,13,36,4,6,0.61,69
22,2018-12-29,优,40,111,18,39,5,15,0.79,31
23,2018-12-30,优,43,84,24,43,6,15,0.8,29
24,2018-12-31,优,36,50,21,35,7,14,0.9,28
0,2018-11-01,良,58,132,26,55,9,17,0.56,93
1,2018-11-02,良,63,164,33,55,7,11,0.6,102
2,2018-11-03,优,41,59,20,28,3,10,0.53,77
3,2018-11-04,优,47,124,24,34,4,13,0.6,91
4,2018-11-05,优,34,43,14,26,3,9,0.5,61
5,2018-11-06,优,28,52,11,27,3,7,0.47,51
6,2018-11-07,优,32,100,11,29,3,7,0.47,59
7,2018-11-08,良,60,265,32,50,6,9,0.69,106
8,2018-11-09,良,58,209,31,51,5,10,0.84,100
9,2018-11-10,优,36,37,14,31,3,7,0.62,60
10,2018-11-11,优,34,26,12,33,3,7,0.59,58
11,2018-11-12,优,32,33,12,29,4,7,0.59,60
12,2018-11-13,优,42,98,18,34,5,8,0.66,79
13,2018-11-14,优,34,30,13,30,4,7,0.63,64
14,2018-11-15,优,26,21,7,20,3,11,0.55,33
15,2018-11-16,优,24,36,9,23,3,12,0.49,29
16,2018-11-17,优,24,56,8,23,3,10,0.46,30
17,2018-11-18,优,21,27,7,20,3,11,0.5,33
18,2018-11-19,优,29,55,14,26,4,10,0.69,58
19,2018-11-20,优,33,34,10,23,3,7,0.65,59
20,2018-11-21,优,24,17,7,21,3,9,0.55,43
21,2018-11-22,优,26,12,8,23,5,11,0.85,43
22,2018-11-23,优,43,39,21,38,4,10,0.75,75
23,2018-11-24,优,46,57,24,37,4,10,0.7,87
24,2018-11-25,优,50,56,30,45,5,9,0.67,89
25,2018-11-26,优,35,15,16,25,3,9,0.6,73
26,2018-11-27,优,41,25,24,33,4,11,0.68,67
27,2018-11-28,优,28,6,11,17,3,11,0.66,55
28,2018-11-29,优,45,40,26,42,4,20,0.74,43
29,2018-11-30,优,37,13,15,35,3,8,0.51,66
0,2018-10-01,良,89,361,32,51,6,8,0.68,145
1,2018-10-02,良,84,350,27,51,5,6,0.65,140
2,2018-10-03,良,89,350,28,57,4,5,0.63,142
3,2018-10-04,良,84,312,30,57,6,8,0.66,143
4,2018-10-05,良,78,269,40,69,10,21,0.76,121
5,2018-10-06,良,83,270,41,64,8,13,0.75,141
6,2018-10-07,良,90,296,33,51,6,14,0.68,141
7,2018-10-08,优,49,113,27,42,4,13,0.61,87
8,2018-10-09,优,36,65,17,31,3,7,0.55,67
9,2018-10-10,优,40,107,21,37,4,8,0.65,77
10,2018-10-11,优,44,138,23,35,3,7,0.86,89
11,2018-10-12,优,49,116,24,40,4,7,0.78,94
12,2018-10-13,优,43,62,13,30,3,5,0.54,80
13,2018-10-14,优,31,43,11,28,3,9,0.54,50
14,2018-10-15,优,26,40,11,25,3,11,0.57,39
15,2018-10-16,优,24,27,9,22,4,9,0.57,39
16,2018-10-17,优,25,19,11,22,3,8,0.62,44
17,2018-10-18,优,31,31,8,18,3,7,0.71,65
18,2018-10-19,优,43,96,14,32,2,5,0.59,83
19,2018-10-20,优,36,59,11,24,3,6,0.53,68
20,2018-10-21,优,32,54,9,30,3,6,0.54,59
21,2018-10-22,优,27,18,9,25,3,8,0.53,47
22,2018-10-23,优,25,19,9,22,3,8,0.54,50
23,2018-10-24,优,39,59,20,32,3,7,0.63,75
24,2018-10-25,优,30,19,13,26,4,8,0.61,57
25,2018-10-26,优,30,12,12,26,3,9,0.6,58
26,2018-10-27,优,45,94,18,36,5,7,0.78,91
27,2018-10-28,良,76,327,23,52,6,6,0.72,131
28,2018-10-29,良,65,251,22,48,7,11,0.64,114
29,2018-10-30,良,59,180,22,53,6,13,0.62,108
30,2018-10-31,良,61,173,23,52,8,13,0.58,108
0,2018-09-02,优,24,21,10,22,3,12,0.48,31
1,2018-09-03,优,22,10,9,19,3,17,0.49,23
2,2018-09-04,优,26,42,9,22,3,14,0.49,31
3,2018-09-05,优,25,36,8,22,3,16,0.48,34
4,2018-09-06,优,30,44,10,25,4,14,0.5,42
5,2018-09-07,优,27,32,12,23,3,11,0.51,43
6,2018-09-08,优,23,18,7,16,3,9,0.51,49
7,2018-09-09,优,48,158,22,43,5,8,0.68,93
8,2018-09-10,良,51,175,20,29,3,9,0.63,94
9,2018-09-11,优,48,137,13,31,4,10,0.58,97
10,2018-09-12,良,65,276,32,51,6,14,0.68,113
11,2018-09-13,良,51,208,32,48,4,14,0.67,80
12,2018-09-14,优,23,9,12,20,3,6,0.44,40
13,2018-09-15,优,37,111,19,36,4,13,0.57,69
14,2018-09-16,优,50,247,32,50,5,6,0.67,76
15,2018-09-17,优,26,47,11,20,3,9,0.54,42
16,2018-09-18,优,21,20,7,19,2,6,0.49,27
17,2018-09-19,优,20,12,7,19,3,5,0.45,31
18,2018-09-20,优,27,32,10,24,3,11,0.5,43
19,2018-09-21,优,31,38,13,27,3,10,0.52,54
20,2018-09-22,优,21,5,10,19,3,9,0.48,30
21,2018-09-23,优,19,7,9,17,3,8,0.49,31
22,2018-09-24,优,21,16,8,18,3,8,0.49,29
23,2018-09-25,优,18,5,7,16,3,8,0.46,25
24,2018-09-26,优,23,13,7,21,3,8,0.5,41
25,2018-09-27,优,33,70,13,32,3,8,0.53,54
26,2018-09-28,优,37,81,16,28,3,9,0.59,66
27,2018-09-29,优,36,65,16,28,5,8,0.68,74
28,2018-09-30,良,53,176,26,45,5,16,0.7,90
0,2018-08-01,优,31,39,11,27,3,12,0.55,42
1,2018-08-02,优,29,31,11,27,3,11,0.52,43
2,2018-08-03,优,27,20,9,25,3,12,0.5,36
3,2018-08-04,优,31,45,11,29,3,12,0.53,46
4,2018-08-05,优,25,16,11,24,3,12,0.51,35
5,2018-08-06,优,25,12,10,24,3,11,0.51,30
6,2018-08-07,优,20,3,9,19,3,6,0.47,29
7,2018-08-08,优,28,20,10,23,4,6,0.5,59
8,2018-08-09,优,25,7,8,22,3,6,0.48,37
9,2018-08-10,优,21,4,8,15,3,9,0.54,42
10,2018-08-11,优,28,27,9,17,3,12,0.6,52
11,2018-08-12,优,26,13,8,19,3,13,0.61,46
12,2018-08-13,优,26,14,7,16,3,13,0.63,50
13,2018-08-14,优,25,36,7,14,3,11,0.61,47
14,2018-08-15,优,27,29,6,11,3,10,0.62,59
15,2018-08-16,优,28,14,8,18,3,11,0.62,50
16,2018-08-17,优,26,18,7,18,3,17,0.59,46
17,2018-08-18,优,25,9,7,17,3,19,0.54,43
18,2018-08-19,优,28,40,10,23,4,15,0.53,47
19,2018-08-20,优,28,16,12,26,4,19,0.54,40
20,2018-08-21,优,31,14,12,29,4,18,0.54,41
21,2018-08-22,优,32,19,12,28,4,19,0.53,39
22,2018-08-23,优,31,11,12,25,3,19,0.55,43
23,2018-08-25,优,26,19,8,20,3,11,0.54,45
24,2018-08-27,优,38,59,16,32,3,14,0.69,77
25,2018-08-29,优,25,14,11,23,3,19,0.59,27
26,2018-08-31,优,43,187,16,42,3,10,0.5,42
0,2018-07-01,优,32,48,16,30,4,14,0.58,43
1,2018-07-02,优,26,17,11,25,3,15,0.57,38
2,2018-07-03,优,27,27,9,25,3,14,0.54,42
3,2018-07-04,优,27,28,9,24,3,11,0.53,46
4,2018-07-05,优,32,56,12,29,4,15,0.53,46
5,2018-07-06,优,30,65,10,27,4,17,0.55,42
6,2018-07-07,优,30,75,10,25,3,17,0.54,44
7,2018-07-08,优,21,6,8,20,4,11,0.53,34
8,2018-07-09,优,18,2,6,16,3,9,0.52,30
9,2018-07-10,优,17,3,4,14,3,5,0.5,29
10,2018-07-11,优,21,7,6,20,3,4,0.48,29
11,2018-07-12,优,16,3,5,14,3,5,0.48,27
12,2018-07-13,优,16,4,4,13,3,6,0.49,29
13,2018-07-14,优,17,5,4,11,2,5,0.48,33
14,2018-07-15,优,18,6,4,14,3,4,0.49,33
15,2018-07-16,优,18,8,3,10,2,3,0.5,35
16,2018-07-17,优,25,22,6,21,3,4,0.48,45
17,2018-07-18,优,18,5,7,16,2,4,0.47,28
18,2018-07-19,优,17,1,4,14,3,7,0.53,27
19,2018-07-20,优,21,6,5,18,4,14,0.58,28
20,2018-07-21,优,20,5,7,19,3,11,0.58,26
21,2018-07-22,优,17,1,7,15,2,6,0.53,26
22,2018-07-23,优,16,1,5,11,2,8,0.55,28
23,2018-07-24,优,22,6,7,19,3,12,0.61,35
24,2018-07-25,优,24,7,9,22,3,11,0.57,29
25,2018-07-26,优,22,3,8,20,3,13,0.55,27
26,2018-07-27,优,20,5,6,18,2,8,0.49,25
27,2018-07-28,优,18,4,6,16,3,9,0.49,22
28,2018-07-29,优,18,4,7,17,3,9,0.49,24
29,2018-07-30,优,23,8,8,22,3,9,0.49,25
30,2018-07-31,优,27,21,9,25,3,10,0.51,30
0,2018-06-01,优,28,8,13,24,4,13,0.54,38
1,2018-06-02,优,22,1,10,20,3,9,0.53,33
2,2018-06-03,优,27,3,9,22,3,7,0.53,50
3,2018-06-04,优,23,2,4,14,3,7,0.5,44
4,2018-06-05,优,22,1,4,10,3,7,0.52,44
5,2018-06-06,优,21,9,3,9,3,7,0.62,44
6,2018-06-07,优,26,18,10,20,4,10,0.68,56
7,2018-06-08,优,31,44,10,19,4,15,0.64,58
8,2018-06-09,优,40,69,17,36,6,19,0.68,55
9,2018-06-10,优,28,13,12,25,6,17,0.61,46
10,2018-06-11,优,28,19,9,25,4,18,0.6,38
11,2018-06-12,优,30,22,11,29,5,16,0.6,31
12,2018-06-13,优,31,24,7,30,3,13,0.51,28
13,2018-06-14,优,22,1,9,21,4,16,0.53,23
14,2018-06-15,优,33,22,16,30,5,14,0.65,58
15,2018-06-16,优,46,78,20,31,4,11,0.71,77
16,2018-06-17,优,41,48,15,37,3,13,0.59,58
17,2018-06-18,优,27,7,10,23,4,17,0.63,39
18,2018-06-19,优,27,1,10,25,3,13,0.55,36
19,2018-06-20,优,38,69,14,37,4,14,0.53,44
20,2018-06-21,优,39,86,17,37,4,15,0.53,42
21,2018-06-22,优,33,38,15,32,4,15,0.56,35
22,2018-06-23,优,27,30,10,26,4,11,0.52,35
23,2018-06-24,优,32,73,13,30,4,10,0.52,40
24,2018-06-25,优,28,49,9,27,4,9,0.51,34
25,2018-06-26,优,28,52,9,26,3,12,0.52,32
26,2018-06-27,优,31,59,13,30,3,18,0.58,27
27,2018-06-28,优,34,67,13,31,4,21,0.56,36
28,2018-06-29,优,36,59,15,32,4,17,0.57,39
29,2018-06-30,优,31,37,14,29,4,14,0.57,40
0,2018-05-01,优,25,3,12,24,4,13,0.51,23
1,2018-05-02,优,30,6,14,29,3,13,0.54,16
2,2018-05-03,优,27,2,13,26,3,10,0.52,11
3,2018-05-04,优,27,4,13,26,4,12,0.55,15
4,2018-05-05,优,28,3,11,27,3,10,0.55,22
5,2018-05-06,优,22,2,8,20,3,13,0.54,26
6,2018-05-07,优,29,10,11,28,4,14,0.6,44
7,2018-05-08,优,36,28,15,32,4,18,0.66,41
8,2018-05-09,优,36,23,15,32,3,23,0.65,46
9,2018-05-10,优,27,5,10,23,3,16,0.58,38
10,2018-05-11,优,21,1,8,20,3,11,0.5,22
11,2018-05-12,优,24,2,9,21,3,13,0.53,34
12,2018-05-13,优,26,2,9,22,3,12,0.55,36
13,2018-05-14,优,29,7,12,26,4,13,0.55,41
14,2018-05-15,优,28,8,10,25,4,11,0.49,40
15,2018-05-16,优,27,9,11,26,4,11,0.5,34
16,2018-05-17,优,31,13,15,30,4,13,0.51,41
17,2018-05-18,优,35,10,15,33,4,12,0.54,49
18,2018-05-19,优,30,8,16,28,4,15,0.54,34
19,2018-05-20,优,28,7,13,26,4,12,0.54,33
20,2018-05-21,优,25,11,14,24,4,13,0.55,29
21,2018-05-22,优,22,2,10,21,3,14,0.55,32
22,2018-05-23,优,29,4,11,26,4,16,0.55,42
23,2018-05-24,优,26,4,10,25,3,18,0.53,40
24,2018-05-25,优,28,8,10,23,4,19,0.55,43
25,2018-05-26,优,24,2,10,21,3,12,0.52,37
26,2018-05-27,优,31,12,12,25,4,13,0.55,49
27,2018-05-28,优,30,3,10,26,4,20,0.57,41
28,2018-05-29,优,33,16,15,32,5,21,0.61,38
29,2018-05-30,优,31,21,13,30,4,16,0.54,36
30,2018-05-31,优,26,9,10,21,4,12,0.49,39
0,2018-04-01,优,42,7,19,41,3,10,0.54,48
1,2018-04-02,优,49,21,26,49,4,13,0.59,74
2,2018-04-03,优,49,28,27,49,3,13,0.6,51
3,2018-04-04,优,40,16,17,39,3,11,0.57,32
4,2018-04-05,优,38,19,17,37,4,10,0.53,32
5,2018-04-05,优,38,19,17,37,4,10,0.53,32
6,2018-04-06,优,34,6,19,35,4,9,0.58,27
7,2018-04-07,良,59,94,18,77,5,8,0.58,60
8,2018-04-08,良,85,262,38,118,8,12,0.62,92
9,2018-04-09,良,67,84,34,82,4,11,0.66,87
10,2018-04-10,优,47,14,23,48,3,10,0.62,52
11,2018-04-11,优,36,5,18,35,3,9,0.56,31
12,2018-04-12,优,33,6,16,32,3,8,0.49,26
13,2018-04-13,优,34,25,16,33,3,9,0.5,23
14,2018-04-14,优,31,18,14,30,4,11,0.46,17
15,2018-04-15,优,20,1,8,19,3,9,0.66,21
16,2018-04-16,优,26,1,14,25,3,10,0.84,34
17,2018-04-17,优,48,13,22,51,4,9,0.77,67
18,2018-04-18,优,45,6,24,41,3,10,0.77,70
19,2018-04-19,优,36,6,16,32,3,8,0.65,52
20,2018-04-20,优,34,3,15,33,3,8,0.59,36
21,2018-04-21,优,33,4,13,32,3,7,0.55,27
22,2018-04-22,优,30,3,13,29,3,8,0.51,25
23,2018-04-23,优,42,74,22,41,4,14,0.58,31
24,2018-04-24,优,38,62,21,37,5,14,0.57,22
25,2018-04-25,优,27,9,15,25,3,13,0.62,24
26,2018-04-26,优,29,5,12,27,3,14,0.68,40
27,2018-04-27,优,30,3,15,29,3,11,0.64,42
28,2018-04-28,优,34,2,17,32,3,9,0.63,44
29,2018-04-29,优,32,4,14,31,3,13,0.63,28
30,2018-04-30,优,26,2,14,24,3,16,0.59,17
0,2018-03-01,优,32,2,15,31,3,12,0.54,25
1,2018-03-02,优,28,2,14,27,3,8,0.48,15
2,2018-03-03,优,30,3,17,28,3,8,0.48,19
3,2018-03-04,优,27,2,12,26,3,11,0.45,14
4,2018-03-05,优,31,20,14,30,4,14,0.48,21
5,2018-03-06,优,23,3,11,22,3,7,0.46,15
6,2018-03-07,优,31,36,14,30,3,8,0.53,25
7,2018-03-08,优,20,7,9,19,3,12,0.71,20
8,2018-03-09,优,41,16,15,37,5,8,0.56,69
9,2018-03-10,优,45,13,18,35,4,9,0.51,89
10,2018-03-11,优,42,7,19,40,3,10,0.48,77
11,2018-03-12,优,39,5,17,38,4,10,0.45,64
12,2018-03-13,优,36,14,17,35,4,15,0.54,45
13,2018-03-14,优,28,5,14,27,3,20,0.57,26
14,2018-03-15,优,34,8,19,33,4,19,0.58,46
15,2018-03-16,优,33,6,19,31,3,11,0.55,42
16,2018-03-17,优,29,2,14,28,3,10,0.52,42
17,2018-03-18,优,33,27,15,32,3,9,0.54,47
18,2018-03-19,优,38,51,19,36,3,16,0.59,41
19,2018-03-20,优,33,34,14,27,5,11,0.72,60
20,2018-03-21,优,37,4,12,27,4,8,0.78,76
21,2018-03-22,良,59,75,29,48,6,18,0.77,97
22,2018-03-23,良,54,28,19,54,4,9,0.56,91
23,2018-03-24,良,58,43,23,64,4,11,0.54,69
24,2018-03-25,良,54,45,19,56,4,9,0.51,59
25,2018-03-26,良,53,32,26,55,4,9,0.57,71
26,2018-03-27,良,52,29,26,53,4,10,0.58,65
27,2018-03-28,良,53,44,31,55,4,14,0.66,71
28,2018-03-29,优,43,16,27,41,3,11,0.68,58
29,2018-03-30,优,36,6,18,35,3,9,0.57,48
30,2018-03-31,优,43,18,20,42,4,10,0.56,62
0,2018-02-01,良,65,65,46,51,8,9,0.72,72
1,2018-02-02,良,65,130,46,57,9,13,0.75,64
2,2018-02-03,良,56,95,36,55,9,9,0.64,78
3,2018-02-04,良,62,136,42,65,9,9,0.57,101
4,2018-02-05,良,68,164,48,76,11,12,0.67,81
5,2018-02-06,良,56,82,34,54,8,11,0.53,89
6,2018-02-07,良,58,61,40,56,7,20,0.61,75
7,2018-02-08,良,61,56,41,58,9,14,0.57,68
8,2018-02-09,良,68,62,47,62,5,27,0.65,57
9,2018-02-10,良,74,141,47,66,4,17,0.64,63
10,2018-02-11,良,72,133,52,65,5,10,0.75,58
11,2018-02-12,良,74,185,53,71,5,10,0.75,81
12,2018-02-13,良,66,122,42,71,6,18,0.68,88
13,2018-02-14,良,61,95,33,69,4,20,0.58,59
14,2018-02-15,优,49,43,28,49,4,12,0.49,42
15,2018-02-16,良,77,79,55,79,9,8,0.42,32
16,2018-02-17,优,40,15,25,39,4,8,0.42,34
17,2018-02-18,良,55,125,29,61,3,8,0.49,40
18,2018-02-19,优,46,84,23,46,3,7,0.5,41
19,2018-02-20,优,29,15,17,28,3,10,0.52,28
20,2018-02-21,优,28,10,17,26,2,10,0.48,21
21,2018-02-22,优,28,38,14,27,3,11,0.64,24
22,2018-02-23,优,10,1,3,8,3,11,0.87,17
23,2018-02-24,优,35,14,17,35,3,16,0.77,39
24,2018-02-25,良,55,103,35,52,4,12,0.75,64
25,2018-02-26,优,36,30,17,33,4,10,0.79,49
26,2018-02-27,优,37,14,12,35,3,9,0.58,50
27,2018-02-28,良,51,101,23,53,3,12,0.58,43
0,2018-01-01,良,69,63,49,69,6,11,0.83,81
1,2018-01-02,良,58,81,35,63,4,8,0.71,79
2,2018-01-03,良,56,160,23,60,4,9,0.56,70
3,2018-01-04,优,44,153,18,44,4,12,0.51,54
4,2018-01-05,优,22,11,10,18,3,13,0.53,39
5,2018-01-06,优,18,3,6,13,3,18,0.62,30
6,2018-01-07,优,19,11,6,17,3,28,0.78,20
7,2018-01-08,优,26,32,14,24,3,16,0.66,14
8,2018-01-09,优,27,4,14,23,4,10,0.85,39
9,2018-01-10,优,42,74,26,41,7,12,0.7,50
10,2018-01-11,优,39,35,17,35,7,11,0.46,71
11,2018-01-12,优,46,40,17,42,7,11,0.39,81
12,2018-01-13,优,49,31,20,47,5,8,0.46,87
13,2018-01-14,优,47,24,20,46,4,8,0.45,77
14,2018-01-15,优,40,10,18,39,4,11,0.44,72
15,2018-01-16,优,42,8,22,40,5,16,0.51,69
16,2018-01-17,良,54,22,36,50,7,19,0.59,76
17,2018-01-18,良,67,61,44,56,6,24,0.59,73
18,2018-01-19,优,50,24,32,48,5,12,0.56,70
19,2018-01-20,优,42,21,22,43,4,13,0.54,45
20,2018-01-21,优,47,55,23,46,3,10,0.54,49
21,2018-01-22,良,52,79,35,50,4,11,0.65,65
22,2018-01-23,良,61,142,38,54,5,10,0.74,90
23,2018-01-24,优,50,108,21,49,3,8,0.6,80
24,2018-01-25,良,53,194,22,55,4,10,0.6,54
25,2018-01-26,优,43,110,17,42,3,9,0.52,61
26,2018-01-27,优,30,21,11,27,3,10,0.51,46
27,2018-01-28,优,31,36,17,22,3,17,0.64,36
28,2018-01-29,优,15,2,8,14,3,13,0.86,23
29,2018-01-30,优,21,1,14,16,3,12,0.81,22
30,2018-01-31,优,22,7,14,18,5,11,0.82,31
0,2017-12-01,优,45,99,23,43,6,10,0.87,67
1,2017-12-02,优,42,50,21,40,7,10,0.83,70
2,2017-12-03,优,47,67,25,46,8,10,0.74,77
3,2017-12-04,良,56,127,31,50,9,9,0.76,91
4,2017-12-05,优,49,61,31,48,7,8,0.73,72
5,2017-12-06,良,52,41,25,49,5,7,0.55,99
6,2017-12-07,良,53,60,27,50,5,6,0.58,102
7,2017-12-08,良,69,173,47,68,9,7,0.73,110
8,2017-12-09,良,78,154,50,73,11,8,0.76,123
9,2017-12-10,良,76,139,49,68,8,19,0.81,125
10,2017-12-11,良,96,248,64,92,15,11,0.92,121
11,2017-12-12,良,60,131,35,61,6,9,0.74,111
12,2017-12-13,优,38,32,15,30,4,9,0.59,68
13,2017-12-14,优,33,26,12,31,4,9,0.49,57
14,2017-12-15,优,44,104,19,43,4,9,0.5,68
15,2017-12-16,优,34,44,19,34,7,14,0.93,29
16,2017-12-17,优,36,13,23,34,7,8,0.78,62
17,2017-12-18,良,56,64,38,55,10,10,0.7,83
18,2017-12-19,优,45,37,24,43,10,10,0.48,85
19,2017-12-20,良,51,44,28,50,12,11,0.49,88
20,2017-12-21,良,54,35,26,56,10,12,0.43,87
21,2017-12-22,良,56,26,32,59,7,12,0.53,92
22,2017-12-23,优,48,17,27,47,5,11,0.51,72
23,2017-12-24,良,80,120,58,79,11,24,0.71,75
24,2017-12-25,良,79,151,54,84,11,17,0.68,98
25,2017-12-26,良,71,101,48,84,7,10,0.7,114
26,2017-12-27,良,61,69,34,65,5,8,0.59,103
27,2017-12-28,良,52,50,26,54,4,10,0.5,73
28,2017-12-29,良,55,49,29,58,5,12,0.55,73
29,2017-12-30,优,41,17,19,39,4,11,0.45,72
30,2017-12-31,优,48,23,30,44,7,13,0.83,59
0,2017-11-01,良,90,203,37,65,7,7,0.71,146
1,2017-11-02,良,97,206,47,71,9,11,0.71,160
2,2017-11-03,良,97,223,53,88,12,14,0.77,155
3,2017-11-04,良,72,181,40,73,10,8,0.64,121
4,2017-11-05,良,90,246,61,93,9,8,0.77,122
5,2017-11-06,良,88,186,62,90,9,9,0.84,123
6,2017-11-07,优,48,26,30,46,5,9,0.74,62
7,2017-11-08,优,39,42,21,38,4,11,0.62,48
8,2017-11-09,优,48,44,24,47,5,8,0.62,70
9,2017-11-10,良,55,101,29,55,5,8,0.66,101
10,2017-11-11,良,71,266,41,62,8,12,0.77,106
11,2017-11-12,优,44,52,16,36,4,5,0.64,75
12,2017-11-13,优,31,9,5,14,3,6,0.58,60
13,2017-11-14,优,22,3,7,17,3,10,0.6,38
14,2017-11-15,优,30,14,13,29,4,10,0.58,42
15,2017-11-16,优,30,3,11,28,4,11,0.54,44
16,2017-11-17,优,28,7,13,27,4,12,0.55,37
17,2017-11-18,优,27,11,12,26,4,10,0.61,37
18,2017-11-19,优,28,28,9,23,5,11,0.86,43
19,2017-11-20,优,26,38,11,21,4,16,0.77,38
20,2017-11-21,优,25,21,14,24,4,18,0.79,30
21,2017-11-22,优,33,36,19,32,6,13,0.82,30
22,2017-11-23,优,39,50,23,39,8,11,0.73,44
23,2017-11-24,良,54,130,37,52,9,12,0.72,56
24,2017-11-25,优,48,71,33,43,8,15,0.79,43
25,2017-11-26,优,43,56,28,41,7,16,0.76,48
26,2017-11-27,优,48,57,28,47,7,19,0.75,42
27,2017-11-28,良,52,44,27,53,5,13,0.73,83
28,2017-11-29,良,61,134,36,61,7,14,0.81,88
29,2017-11-30,优,42,86,18,36,5,9,0.59,76
0,2017-10-01,优,18,3,6,16,4,9,0.54,26
1,2017-10-02,优,17,2,5,15,4,6,0.52,22
2,2017-10-03,优,16,1,5,15,4,5,0.51,26
3,2017-10-05,优,23,26,3,13,4,6,0.53,46
4,2017-10-06,优,26,15,4,17,3,6,0.52,51
5,2017-10-07,优,26,10,8,23,4,7,0.58,41
6,2017-10-08,优,41,92,19,38,5,6,0.66,75
7,2017-10-09,优,32,73,9,26,4,3,0.57,48
8,2017-10-10,优,19,5,5,17,3,3,0.53,24
9,2017-10-11,优,27,46,7,25,3,5,0.52,32
10,2017-10-12,优,35,135,12,34,4,6,0.51,56
11,2017-10-13,优,46,193,24,41,7,7,0.81,85
12,2017-10-14,优,41,150,18,35,7,7,0.78,79
13,2017-10-15,优,28,57,11,24,6,5,0.67,55
14,2017-10-16,优,27,59,5,11,4,8,0.68,52
15,2017-10-17,优,17,3,7,12,4,12,0.72,27
16,2017-10-18,优,41,126,18,34,5,10,0.67,72
17,2017-10-19,优,43,119,22,36,8,8,0.75,80
18,2017-10-20,优,33,37,15,28,6,15,0.69,55
19,2017-10-21,优,33,29,18,30,5,10,0.67,57
20,2017-10-22,优,41,63,24,39,6,10,0.71,70
21,2017-10-23,良,63,173,39,61,8,22,0.79,93
22,2017-10-24,良,92,274,45,70,7,7,0.79,149
23,2017-10-25,良,76,182,33,62,5,7,0.69,126
24,2017-10-26,良,99,260,58,83,8,9,0.83,164
25,2017-10-27,轻度污染,105,259,75,109,11,25,1.06,131
26,2017-10-28,轻度污染,112,293,71,101,11,24,1.04,139
27,2017-10-29,良,87,284,50,78,10,18,0.94,133
28,2017-10-30,良,86,314,38,71,10,6,0.81,144
29,2017-10-31,良,96,296,52,85,9,8,0.85,145
0,2017-09-01,优,28,35,11,26,5,14,0.53,30
1,2017-09-02,优,30,43,11,27,4,12,0.55,47
2,2017-09-03,优,33,44,14,30,4,11,0.6,46
3,2017-09-04,优,31,50,15,30,4,10,0.59,37
4,2017-09-05,优,30,44,14,28,4,11,0.59,36
5,2017-09-06,优,26,9,8,21,4,14,0.54,38
6,2017-09-07,优,27,13,7,24,4,19,0.54,30
7,2017-09-08,优,22,14,9,21,4,14,0.54,15
8,2017-09-09,优,30,33,11,27,4,15,0.53,39
9,2017-09-10,优,25,14,12,23,4,10,0.5,28
10,2017-09-11,优,25,13,10,22,4,9,0.5,31
11,2017-09-12,优,28,11,12,25,5,11,0.53,47
12,2017-09-13,优,39,53,21,37,6,12,0.62,58
13,2017-09-14,优,44,70,15,41,4,3,0.56,70
14,2017-09-15,优,31,15,10,28,3,3,0.5,48
15,2017-09-16,优,28,6,11,27,4,5,0.53,35
16,2017-09-17,优,31,23,14,29,4,10,0.55,37
17,2017-09-18,优,35,35,17,34,5,14,0.6,42
18,2017-09-19,优,32,38,18,31,4,9,0.62,43
19,2017-09-20,优,38,80,20,36,4,7,0.63,59
20,2017-09-21,优,25,8,14,24,4,8,0.57,42
21,2017-09-22,优,24,6,12,23,3,7,0.57,34
22,2017-09-23,优,27,11,14,25,4,10,0.59,35
23,2017-09-24,优,17,1,6,15,4,5,0.51,28
24,2017-09-25,优,18,2,4,14,3,5,0.52,32
25,2017-09-26,优,19,5,6,17,4,8,0.54,34
26,2017-09-27,优,20,6,6,18,4,10,0.53,32
27,2017-09-28,优,17,1,8,15,4,13,0.54,24
28,2017-09-29,优,17,2,6,16,4,9,0.53,23
29,2017-09-30,优,16,2,6,15,4,8,0.51,22
0,2017-08-01,优,41,100,16,39,6,16,0.66,51
1,2017-08-02,优,36,70,13,33,5,13,0.64,44
2,2017-08-03,优,28,28,9,25,5,15,0.64,32
3,2017-08-04,优,28,26,10,26,5,18,0.65,28
4,2017-08-05,优,26,16,10,24,5,19,0.66,31
5,2017-08-06,优,28,17,10,24,6,14,0.63,40
6,2017-08-07,优,30,32,11,29,5,18,0.67,37
7,2017-08-08,优,29,28,11,28,5,12,0.69,35
8,2017-08-09,优,29,32,11,27,4,12,0.65,34
9,2017-08-10,优,29,26,12,27,4,14,0.57,35
10,2017-08-11,优,30,36,13,29,4,11,0.56,36
11,2017-08-12,优,30,44,14,29,8,6,0.54,47
12,2017-08-13,优,30,46,13,29,4,7,0.53,48
13,2017-08-14,优,31,51,12,30,6,8,0.54,48
14,2017-08-15,优,26,36,9,24,4,7,0.55,35
15,2017-08-16,优,21,11,8,20,4,7,0.54,25
16,2017-08-17,优,20,12,8,19,4,7,0.54,24
17,2017-08-18,优,18,4,8,17,4,8,0.54,24
18,2017-08-19,优,18,3,8,17,4,7,0.54,24
19,2017-08-20,优,21,3,9,20,4,9,0.58,25
20,2017-08-21,优,25,12,10,23,4,11,0.57,32
21,2017-08-22,优,22,5,7,20,4,10,0.52,31
22,2017-08-23,优,25,16,4,16,4,19,0.57,46
23,2017-08-24,优,27,20,9,25,3,11,0.56,41
24,2017-08-25,优,26,19,9,25,3,6,0.53,34
25,2017-08-26,优,29,43,9,21,5,7,0.56,57
26,2017-08-27,优,36,90,15,28,6,10,0.67,63
27,2017-08-28,优,20,12,7,19,4,11,0.62,23
28,2017-08-29,优,17,2,5,16,3,7,0.58,22
29,2017-08-30,优,19,11,7,17,4,8,0.54,28
30,2017-08-31,优,29,55,11,26,5,13,0.57,40
0,2017-07-01,优,26,45,9,23,5,13,0.53,30
1,2017-07-02,优,27,42,12,26,5,12,0.54,37
2,2017-07-03,优,31,82,13,30,5,14,0.56,32
3,2017-07-04,优,27,33,9,24,6,13,0.53,33
4,2017-07-05,优,24,24,9,22,4,12,0.54,31
5,2017-07-06,优,25,31,9,23,6,12,0.52,33
6,2017-07-07,优,23,27,7,21,5,14,0.51,28
7,2017-07-08,优,24,23,8,22,5,9,0.52,34
8,2017-07-09,优,24,21,9,22,5,9,0.5,35
9,2017-07-10,优,24,8,9,23,4,11,0.52,34
10,2017-07-11,优,19,4,6,18,4,6,0.46,29
11,2017-07-12,优,19,6,6,17,5,10,0.5,28
12,2017-07-13,优,17,2,5,16,5,7,0.5,24
13,2017-07-14,优,15,1,4,14,4,10,0.48,24
14,2017-07-15,优,18,5,6,16,4,4,0.49,34
15,2017-07-16,优,18,5,4,14,4,3,0.47,33
16,2017-07-17,优,22,13,6,19,4,6,0.51,38
17,2017-07-18,优,21,17,7,19,4,11,0.54,30
18,2017-07-19,优,21,11,8,20,4,13,0.59,27
19,2017-07-20,优,25,24,10,24,4,9,0.54,27
20,2017-07-21,优,19,6,7,16,5,6,0.49,33
21,2017-07-22,优,17,1,4,15,4,11,0.53,28
22,2017-07-23,优,20,5,7,18,5,7,0.53,37
23,2017-07-24,优,24,10,7,15,4,4,0.52,42
24,2017-07-25,优,19,1,4,15,4,4,0.52,35
25,2017-07-26,优,20,3,7,17,4,5,0.51,37
26,2017-07-27,优,27,6,10,24,5,13,0.54,37
27,2017-07-28,优,31,15,14,29,6,23,0.64,34
28,2017-07-29,优,36,39,17,34,6,17,0.65,44
29,2017-07-30,优,31,27,13,30,5,12,0.61,48
30,2017-07-31,优,34,45,12,33,7,17,0.61,40
0,2017-06-01,优,38,41,15,37,6,16,0.56,45
1,2017-06-02,优,35,39,14,33,7,12,0.49,47
2,2017-06-03,优,37,49,16,36,6,12,0.51,53
3,2017-06-04,优,33,29,14,31,5,12,0.49,56
4,2017-06-05,优,34,20,12,32,5,13,0.53,49
5,2017-06-06,优,27,3,9,23,5,6,0.52,50
6,2017-06-07,优,22,7,6,17,4,5,0.51,43
7,2017-06-08,优,20,6,5,14,4,7,0.53,38
8,2017-06-09,优,21,11,5,16,4,12,0.58,35
9,2017-06-10,优,22,15,8,18,5,8,0.59,43
10,2017-06-11,优,25,14,9,21,5,9,0.59,47
11,2017-06-12,优,30,31,11,26,6,12,0.62,49
12,2017-06-13,优,39,99,15,36,6,16,0.67,42
13,2017-06-14,优,39,106,15,38,5,10,0.59,49
14,2017-06-15,优,37,79,13,33,5,14,0.55,48
15,2017-06-16,优,31,42,10,30,5,13,0.55,43
16,2017-06-17,优,31,30,12,30,6,19,0.57,38
17,2017-06-18,优,33,27,14,31,7,15,0.59,37
18,2017-06-19,优,33,32,14,31,6,16,0.61,36
19,2017-06-20,优,31,32,11,29,5,15,0.59,31
20,2017-06-21,优,29,29,11,27,5,13,0.51,32
21,2017-06-22,优,31,39,13,30,5,8,0.5,45
22,2017-06-23,优,24,17,9,22,5,5,0.48,41
23,2017-06-24,优,26,31,9,24,5,6,0.48,43
24,2017-06-25,优,28,38,10,26,6,8,0.49,44
25,2017-06-26,优,26,17,10,25,6,8,0.47,38
26,2017-06-27,优,26,14,8,25,5,7,0.48,33
27,2017-06-28,优,24,11,7,23,5,6,0.45,30
28,2017-06-29,优,20,7,5,19,5,6,0.46,28
29,2017-06-30,优,21,16,7,19,5,10,0.47,30
0,2017-05-01,优,35,5,15,32,4,7,0.65,65
1,2017-05-02,优,34,4,16,33,5,9,0.64,49
2,2017-05-03,优,36,14,16,35,7,8,0.56,41
3,2017-05-04,优,31,6,11,25,5,8,0.56,60
4,2017-05-05,优,46,32,11,20,4,13,0.59,81
5,2017-05-06,优,29,4,11,27,4,17,0.61,32
6,2017-05-07,优,24,1,10,22,5,12,0.53,25
7,2017-05-08,优,31,7,14,30,6,10,0.53,35
8,2017-05-09,优,24,2,10,22,5,12,0.52,33
9,2017-05-10,优,24,2,8,21,5,10,0.48,38
10,2017-05-11,优,25,4,13,24,5,10,0.47,37
11,2017-05-12,优,28,4,12,26,5,10,0.49,45
12,2017-05-13,优,31,3,17,29,6,16,0.61,47
13,2017-05-14,优,31,4,15,28,5,16,0.6,36
14,2017-05-15,优,24,8,8,20,5,12,0.52,40
15,2017-05-16,优,32,5,10,23,6,18,0.64,60
16,2017-05-17,良,71,171,20,36,7,6,0.66,125
17,2017-05-18,良,53,48,19,38,5,5,0.62,100
18,2017-05-19,优,44,33,17,39,5,5,0.58,81
19,2017-05-20,优,37,18,9,18,4,6,0.57,71
20,2017-05-20,优,37,18,9,18,4,6,0.57,71
21,2017-05-21,优,28,13,10,18,5,14,0.71,51
22,2017-05-22,优,30,25,11,28,10,13,0.66,50
23,2017-05-23,优,33,30,12,31,5,13,0.59,49
24,2017-05-24,优,37,70,15,29,7,12,0.57,63
25,2017-05-25,优,38,35,15,27,6,7,0.68,73
26,2017-05-26,优,50,53,30,45,10,11,0.77,91
27,2017-05-27,良,70,123,24,46,7,5,0.66,130
28,2017-05-28,良,71,94,18,43,6,5,0.56,119
29,2017-05-29,优,45,21,18,39,5,3,0.54,85
30,2017-05-30,优,30,6,12,25,5,3,0.5,57
31,2017-05-31,优,28,9,11,22,5,10,0.55,51
0,2017-04-01,优,44,21,13,29,5,6,0.69,93
1,2017-04-02,良,82,226,26,45,6,5,0.58,133
2,2017-04-03,良,58,64,25,47,4,5,0.51,106
3,2017-04-04,优,46,27,17,45,5,9,0.46,75
4,2017-04-05,优,47,35,20,47,5,11,0.47,55
5,2017-04-06,优,34,3,16,33,4,12,0.57,39
6,2017-04-07,优,32,3,14,31,5,10,0.51,37
7,2017-04-08,优,33,8,15,32,5,8,0.49,34
8,2017-04-09,优,34,38,14,33,4,9,0.47,35
9,2017-04-10,优,40,75,19,41,5,14,0.56,45
10,2017-04-11,优,49,123,25,53,6,26,0.72,41
11,2017-04-12,优,32,19,14,31,4,17,0.85,28
12,2017-04-13,优,38,10,20,37,5,14,0.9,45
13,2017-04-14,良,51,30,19,46,5,10,0.75,87
14,2017-04-15,优,28,2,11,26,4,10,0.63,48
15,2017-04-16,优,22,1,9,20,4,7,0.48,34
16,2017-04-17,优,33,6,17,32,5,16,0.53,48
17,2017-04-18,优,47,54,21,48,6,30,0.56,45
18,2017-04-19,优,42,35,21,41,6,14,0.54,57
19,2017-04-20,优,45,48,22,44,5,15,0.59,52
20,2017-04-21,优,45,71,22,44,6,12,0.61,59
21,2017-04-22,优,38,15,17,36,6,9,0.69,58
22,2017-04-23,优,50,57,33,47,5,11,0.71,66
23,2017-04-23,优,50,57,33,47,5,11,0.71,66
24,2017-04-24,优,47,61,20,44,4,17,0.71,61
25,2017-04-25,优,31,10,13,28,5,14,0.58,48
26,2017-04-26,优,39,63,19,38,6,16,0.62,50
27,2017-04-27,良,53,136,29,48,7,22,0.74,48
28,2017-04-28,优,45,26,14,30,7,6,0.71,91
29,2017-04-29,良,66,99,25,41,6,9,0.7,124
30,2017-04-30,优,50,26,19,37,4,11,0.7,88
0,2017-03-01,良,77,177,55,79,9,14,0.79,112
1,2017-03-02,良,75,249,44,74,8,12,0.74,101
2,2017-03-03,良,64,70,38,73,4,12,0.66,107
3,2017-03-04,良,56,43,32,61,4,17,0.64,74
4,2017-03-05,良,54,83,30,56,4,19,0.6,57
5,2017-03-06,优,50,101,32,51,4,20,0.6,42
6,2017-03-07,良,55,148,31,58,4,13,0.73,75
7,2017-03-08,优,42,43,27,39,3,17,0.85,55
8,2017-03-09,优,43,31,27,38,4,14,0.83,64
9,2017-03-10,优,43,37,24,42,5,24,0.67,48
10,2017-03-11,优,43,43,25,42,4,25,0.65,33
11,2017-03-12,优,37,22,21,35,5,9,0.53,42
12,2017-03-13,优,46,114,24,46,5,18,0.58,53
13,2017-03-14,优,40,59,20,40,5,15,0.58,44
14,2017-03-15,优,41,48,12,36,3,9,0.58,77
15,2017-03-16,优,41,33,12,36,4,10,0.56,76
16,2017-03-17,优,42,37,16,40,4,13,0.61,63
17,2017-03-18,优,37,35,17,36,3,14,0.59,50
18,2017-03-19,优,31,12,10,22,3,10,0.57,58
19,2017-03-20,优,36,26,15,34,3,11,0.6,54
20,2017-03-21,优,34,15,15,33,3,10,0.57,44
21,2017-03-22,优,33,23,14,32,4,10,0.61,45
22,2017-03-23,优,33,13,15,32,4,9,0.55,39
23,2017-03-24,优,27,15,12,26,4,7,0.51,38
24,2017-03-25,优,32,30,16,30,4,12,0.66,32
25,2017-03-26,优,33,5,11,30,4,8,0.78,55
26,2017-03-27,良,52,40,21,55,6,11,0.73,75
27,2017-03-28,良,55,46,26,59,5,13,0.72,83
28,2017-03-29,良,54,49,25,57,4,12,0.69,53
29,2017-03-30,优,41,27,18,40,4,10,0.6,40
30,2017-03-31,优,36,19,17,32,5,14,0.66,42
0,2017-02-01,优,48,89,30,46,4,6,0.84,72
1,2017-02-02,优,42,52,21,38,4,5,0.68,76
2,2017-02-03,优,43,60,20,41,4,5,0.57,74
3,2017-02-04,优,38,12,13,30,3,9,0.58,66
4,2017-02-05,优,35,12,20,27,5,14,0.72,68
5,2017-02-06,优,37,22,21,33,5,15,0.68,64
6,2017-02-07,优,42,62,25,40,3,9,0.77,73
7,2017-02-08,优,50,149,26,52,4,9,0.66,71
8,2017-02-09,优,29,2,12,23,4,6,0.84,64
9,2017-02-10,良,70,205,50,65,10,6,0.81,88
10,2017-02-11,良,69,138,49,67,10,6,0.75,93
11,2017-02-12,良,77,131,51,65,9,8,0.72,125
12,2017-02-13,良,75,110,42,62,7,9,0.69,127
13,2017-02-14,良,55,43,21,46,6,7,0.52,102
14,2017-02-15,良,52,27,23,47,4,11,0.56,99
15,2017-02-16,优,41,7,20,39,3,14,0.53,74
16,2017-02-17,优,36,7,22,32,4,18,0.54,64
17,2017-02-18,优,41,21,22,36,5,20,0.56,63
18,2017-02-19,优,45,10,26,42,4,17,0.57,57
19,2017-02-20,优,36,9,20,34,3,13,0.55,50
20,2017-02-21,优,26,2,13,25,3,9,0.5,34
21,2017-02-22,优,25,3,12,23,3,10,0.5,42
22,2017-02-23,优,28,14,17,25,3,13,0.6,26
23,2017-02-24,优,22,6,13,20,3,12,0.78,34
24,2017-02-25,优,21,7,11,17,3,12,0.82,37
25,2017-02-26,优,28,5,15,23,4,11,0.69,50
26,2017-02-27,优,48,32,28,46,6,12,0.7,75
27,2017-02-28,良,63,81,29,57,5,9,0.67,112
0,2017-01-01,优,50,25,21,48,5,7,0.57,85
1,2017-01-02,优,39,10,17,35,4,9,0.5,73
2,2017-01-03,良,59,43,35,53,9,16,0.65,96
3,2017-01-04,优,41,22,19,38,4,7,0.48,75
4,2017-01-05,优,43,37,22,40,5,11,0.55,73
5,2017-01-06,优,47,90,28,44,5,9,0.62,89
6,2017-01-07,良,51,128,27,50,4,13,0.58,72
7,2017-01-08,优,43,39,22,42,4,10,0.58,72
8,2017-01-09,良,70,163,44,59,6,10,0.93,108
9,2017-01-10,良,56,131,27,53,4,6,0.81,99
10,2017-01-11,良,55,117,35,59,4,5,0.76,84
11,2017-01-12,良,51,109,31,53,3,9,0.87,64
12,2017-01-13,优,21,21,14,18,4,15,1.15,21
13,2017-01-14,优,17,2,10,14,3,15,1.14,28
14,2017-01-15,优,27,7,17,23,3,16,1.01,42
15,2017-01-16,优,23,2,12,21,3,14,0.94,38
16,2017-01-17,优,47,51,17,50,3,12,0.56,60
17,2017-01-18,良,55,81,27,58,4,13,0.61,69
18,2017-01-19,良,54,86,35,53,4,22,0.7,60
19,2017-01-20,优,40,47,20,36,4,9,0.83,62
20,2017-01-21,良,53,59,33,45,4,7,0.8,80
21,2017-01-22,良,61,108,42,56,6,6,0.8,103
22,2017-01-23,良,68,129,40,60,6,7,0.71,120
23,2017-01-24,良,58,92,26,59,4,4,0.57,100
24,2017-01-25,优,47,35,20,43,4,4,0.48,89
25,2017-01-26,优,50,34,28,47,4,6,0.57,95
26,2017-01-27,良,53,47,29,49,5,4,0.56,104
27,2017-01-28,良,93,107,67,84,12,7,0.51,82
28,2017-01-29,优,42,24,27,40,4,5,0.46,73
29,2017-01-30,优,34,7,18,26,4,5,0.46,67
30,2017-01-31,优,41,59,23,36,4,5,0.71,65
0,2016-12-01,良,72,134,51,78,11,9,0.72,88
1,2016-12-02,良,70,116,50,78,9,10,0.76,90
2,2016-12-03,良,71,94,49,80,8,13,0.78,76
3,2016-12-04,良,76,95,55,81,11,13,0.86,97
4,2016-12-05,良,80,136,56,89,10,35,0.96,79
5,2016-12-06,良,66,92,42,69,9,10,0.69,88
6,2016-12-07,良,76,83,54,84,11,11,0.71,100
7,2016-12-08,良,74,68,50,79,11,11,0.73,115
8,2016-12-09,良,87,138,60,87,10,24,0.77,120
9,2016-12-10,良,67,101,40,64,7,10,0.64,116
10,2016-12-11,良,56,63,24,52,4,5,0.51,93
11,2016-12-12,优,46,23,17,46,4,9,0.48,54
12,2016-12-13,良,51,69,23,52,5,7,0.51,74
13,2016-12-14,良,60,170,40,55,7,9,0.82,87
14,2016-12-15,优,50,76,30,50,7,9,0.9,70
15,2016-12-16,优,49,41,29,48,7,9,0.83,74
16,2016-12-17,良,55,37,35,56,6,9,0.66,86
17,2016-12-18,良,56,43,34,56,4,9,0.64,74
18,2016-12-19,优,40,9,15,39,3,9,0.52,64
19,2016-12-20,优,45,28,18,44,4,9,0.52,79
20,2016-12-21,优,43,33,19,41,4,10,0.51,68
21,2016-12-22,优,43,56,28,41,6,12,0.68,60
22,2016-12-23,优,48,67,24,44,6,10,1.11,83
23,2016-12-24,优,44,25,19,37,3,7,0.75,79
24,2016-12-25,优,44,70,17,44,3,8,0.65,61
25,2016-12-26,良,53,164,23,55,4,8,0.57,71
26,2016-12-27,优,35,40,16,34,6,9,0.86,57
27,2016-12-28,良,51,55,32,50,8,10,0.75,75
28,2016-12-29,良,53,62,30,53,9,8,0.65,91
29,2016-12-30,良,54,37,33,54,8,12,0.66,81
30,2016-12-31,良,65,53,45,69,8,15,0.76,88
0,2016-11-01,良,56,207,32,50,7,7,0.71,86
1,2016-11-02,优,43,86,23,41,7,6,0.63,76
2,2016-11-03,优,38,34,21,36,6,9,0.6,63
3,2016-11-04,良,53,50,32,47,8,9,0.59,97
4,2016-11-05,良,51,43,30,47,5,18,0.54,71
5,2016-11-06,优,34,11,18,33,4,11,0.42,50
6,2016-11-07,优,31,22,15,30,5,8,0.39,43
7,2016-11-08,优,29,39,12,28,4,7,0.4,46
8,2016-11-09,良,55,205,35,52,7,10,0.96,63
9,2016-11-10,优,15,7,7,12,3,12,0.83,29
10,2016-11-11,优,28,9,19,26,3,14,0.77,32
11,2016-11-12,优,35,18,14,33,3,11,0.58,51
12,2016-11-13,优,33,15,10,32,3,14,0.51,44
13,2016-11-14,优,33,6,10,32,3,11,0.47,42
14,2016-11-15,优,38,14,20,33,4,10,0.49,77
15,2016-11-16,优,39,15,21,37,4,10,0.57,62
16,2016-11-17,优,45,45,21,44,4,7,0.52,78
17,2016-11-18,优,41,22,19,40,3,7,0.52,62
18,2016-11-19,优,32,6,13,31,4,9,0.52,35
19,2016-11-20,优,29,12,10,28,3,8,0.49,27
20,2016-11-21,优,24,8,8,23,4,9,0.42,26
21,2016-11-22,优,13,1,4,11,3,8,0.4,18
22,2016-11-23,优,18,23,4,13,3,8,0.48,35
23,2016-11-24,优,16,6,5,11,4,11,0.67,30
24,2016-11-25,优,15,4,7,13,4,15,0.74,23
25,2016-11-26,优,14,4,4,10,4,11,0.7,28
26,2016-11-27,优,27,15,10,22,6,12,0.65,58
27,2016-11-28,优,40,21,22,38,7,13,0.64,70
28,2016-11-29,良,53,53,29,51,8,11,0.64,86
29,2016-11-30,良,56,59,33,58,10,9,0.63,82
0,2016-10-01,优,38,61,19,29,6,9,0.61,76
1,2016-10-02,优,36,65,21,30,6,9,0.76,64
2,2016-10-03,优,41,78,25,38,7,16,0.65,66
3,2016-10-04,良,54,154,35,53,8,23,0.68,63
4,2016-10-05,优,32,21,16,27,6,9,0.47,53
5,2016-10-06,优,31,16,15,28,5,8,0.46,59
6,2016-10-07,良,54,190,35,54,8,24,0.69,65
7,2016-10-08,良,68,286,48,74,10,23,0.74,67
8,2016-10-09,优,42,116,27,41,7,11,0.6,67
9,2016-10-10,良,51,155,33,47,8,9,0.65,83
10,2016-10-11,优,48,139,24,43,8,10,0.56,91
11,2016-10-12,优,44,96,27,43,7,9,0.54,66
12,2016-10-13,优,41,57,19,39,5,7,0.46,53
13,2016-10-14,优,37,39,15,34,5,4,0.42,61
14,2016-10-15,优,49,113,23,47,6,4,0.45,87
15,2016-10-16,良,53,107,30,48,8,8,0.57,94
16,2016-10-17,良,51,100,33,50,9,13,0.59,70
17,2016-10-18,优,36,41,15,35,4,3,0.52,48
18,2016-10-19,优,24,19,8,20,4,13,0.58,41
19,2016-10-20,优,34,57,18,31,6,16,0.55,47
20,2016-10-21,优,32,71,15,30,6,17,0.67,53
21,2016-10-22,优,38,140,20,36,7,19,0.7,51
22,2016-10-23,优,37,133,23,35,4,11,0.62,45
23,2016-10-24,优,26,18,14,24,4,9,0.49,27
24,2016-10-25,优,21,9,9,20,4,9,0.41,20
25,2016-10-26,优,24,17,11,23,4,9,0.41,28
26,2016-10-27,优,21,8,8,20,4,7,0.4,28
27,2016-10-28,优,23,16,9,22,4,8,0.42,35
28,2016-10-29,优,44,166,24,39,5,6,0.5,75
29,2016-10-30,优,46,139,25,43,5,8,0.73,59
30,2016-10-31,优,46,176,26,43,5,7,0.71,77
0,2016-09-01,优,28,52,10,27,4,18,0.34,24
1,2016-09-02,优,26,15,9,24,5,17,0.53,28
2,2016-09-03,优,29,14,11,26,6,20,0.46,37
3,2016-09-04,优,30,21,13,28,5,18,0.57,36
4,2016-09-05,优,38,46,20,36,4,18,0.48,48
5,2016-09-06,优,38,53,22,36,5,18,0.71,49
6,2016-09-07,优,35,41,13,33,5,21,0.49,31
7,2016-09-08,优,35,44,12,33,6,25,0.63,25
8,2016-09-09,优,30,38,12,29,5,17,0.45,26
9,2016-09-10,优,28,38,11,26,4,12,0.56,27
10,2016-09-11,优,21,8,7,20,4,12,0.36,19
11,2016-09-12,优,29,17,11,22,4,9,0.51,47
12,2016-09-13,优,20,3,9,18,3,7,0.28,22
13,2016-09-14,优,33,26,14,31,5,11,0.56,50
14,2016-09-15,良,51,157,33,51,6,15,0.55,76
15,2016-09-16,良,58,212,40,56,10,12,0.7,84
16,2016-09-17,良,58,219,40,56,7,16,0.54,78
17,2016-09-18,良,56,217,36,55,8,27,0.86,55
18,2016-09-19,优,48,126,28,47,11,17,0.49,69
19,2016-09-20,良,52,127,33,50,8,7,0.67,92
20,2016-09-21,优,48,63,25,45,6,5,0.48,84
21,2016-09-22,优,39,22,16,32,5,7,0.61,66
22,2016-09-23,优,13,1,4,12,4,10,0.45,17
23,2016-09-24,优,17,2,5,15,5,13,0.56,14
24,2016-09-25,优,26,7,13,25,5,11,0.45,33
25,2016-09-26,优,41,45,19,40,8,17,0.64,42
26,2016-09-27,优,43,89,22,43,5,18,0.54,39
27,2016-09-28,良,64,307,38,57,7,17,0.71,53
28,2016-09-29,良,52,223,32,51,8,12,0.78,72
29,2016-09-30,优,34,70,14,26,7,9,0.73,67
0,2016-08-01,优,33,57,12,33,5,18,0.57,23
1,2016-08-02,优,26,11,8,23,5,18,0.45,37
2,2016-08-03,优,25,16,11,23,4,12,0.59,36
3,2016-08-04,优,21,5,8,20,4,11,0.39,32
4,2016-08-05,优,25,22,7,22,3,16,0.56,28
5,2016-08-06,优,28,28,12,26,4,14,0.43,33
6,2016-08-07,优,35,80,13,34,6,21,0.59,29
7,2016-08-08,优,39,103,15,37,6,16,0.45,41
8,2016-08-09,优,37,85,13,34,5,17,0.58,43
9,2016-08-10,优,38,95,15,37,6,18,0.47,48
10,2016-08-11,优,34,44,14,31,5,17,0.65,40
11,2016-08-12,优,32,41,11,29,5,19,0.5,36
12,2016-08-13,优,25,15,9,22,4,15,0.57,26
13,2016-08-14,优,21,5,7,18,4,15,0.45,28
14,2016-08-15,优,23,12,6,21,5,17,0.55,21
15,2016-08-16,优,19,3,7,15,4,12,0.39,32
16,2016-08-17,优,20,4,6,13,3,16,0.61,33
17,2016-08-18,优,17,1,3,8,3,7,0.38,32
18,2016-08-19,优,28,19,8,25,3,9,0.5,27
19,2016-08-20,优,35,47,14,34,3,13,0.36,29
20,2016-08-21,优,35,37,15,33,5,14,0.53,38
21,2016-08-22,优,27,6,10,20,3,12,0.37,49
22,2016-08-23,优,27,4,15,23,3,8,0.51,27
23,2016-08-24,优,32,8,15,31,4,14,0.39,34
24,2016-08-25,优,44,105,23,41,6,16,0.64,55
25,2016-08-26,良,52,241,33,49,6,19,0.51,48
26,2016-08-27,优,36,32,19,29,4,15,0.69,64
27,2016-08-28,优,36,29,16,21,4,15,0.62,66
28,2016-08-29,优,36,26,18,29,4,16,0.86,66
29,2016-08-30,优,43,76,22,36,4,19,0.58,63
30,2016-08-31,优,34,63,14,31,5,21,0.59,38
0,2016-07-01,优,30,84,11,29,4,10,0.34,41
1,2016-07-02,优,32,90,12,31,3,15,0.51,40
2,2016-07-03,优,26,49,10,23,3,15,0.37,36
3,2016-07-04,优,27,50,10,26,4,18,0.57,28
4,2016-07-05,优,29,54,11,28,3,12,0.39,38
5,2016-07-06,优,26,32,10,23,2,9,0.48,40
6,2016-07-07,优,21,13,7,18,2,8,0.27,40
7,2016-07-08,优,30,56,10,26,4,16,0.47,37
8,2016-07-09,优,32,66,12,31,5,16,0.36,37
9,2016-07-10,优,44,116,18,41,6,21,0.57,54
10,2016-07-11,优,39,90,16,37,4,18,0.39,52
11,2016-07-12,优,34,60,12,32,4,19,0.59,41
12,2016-07-13,优,28,35,11,26,4,17,0.45,38
13,2016-07-14,优,29,37,11,27,3,16,0.56,35
14,2016-07-15,优,35,68,14,34,3,13,0.42,37
15,2016-07-16,优,35,66,14,34,3,16,0.58,31
16,2016-07-17,优,37,76,15,36,4,13,0.42,38
17,2016-07-18,优,31,52,13,30,4,9,0.54,33
18,2016-07-19,优,33,61,13,32,4,9,0.37,31
19,2016-07-20,优,28,33,11,27,3,9,0.51,26
20,2016-07-21,优,23,23,9,22,4,11,0.36,21
21,2016-07-22,优,27,33,10,25,4,13,0.53,30
22,2016-07-23,优,33,57,13,31,5,14,0.39,36
23,2016-07-24,优,32,43,13,28,6,13,0.55,36
24,2016-07-25,优,24,9,9,22,4,12,0.34,25
25,2016-07-26,优,21,5,8,19,4,9,0.52,25
26,2016-07-27,优,19,1,6,16,3,9,0.37,33
27,2016-07-28,优,22,7,7,20,3,10,0.52,23
28,2016-07-29,优,21,3,7,20,4,11,0.34,28
29,2016-07-30,优,31,29,10,29,5,14,0.55,38
30,2016-07-31,优,33,39,13,32,4,18,0.43,34
0,2016-06-01,优,32,21,11,30,5,15,0.37,45
1,2016-06-02,优,39,68,15,37,5,17,0.56,52
2,2016-06-03,优,43,103,17,42,6,15,0.4,49
3,2016-06-04,优,44,106,17,42,7,18,0.57,53
4,2016-06-05,优,38,43,13,33,5,21,0.44,48
5,2016-06-06,优,33,12,12,27,5,18,0.64,50
6,2016-06-07,优,35,23,13,30,6,20,0.54,47
7,2016-06-08,优,35,30,15,31,4,20,0.68,44
8,2016-06-09,优,31,23,13,27,6,18,0.44,42
9,2016-06-10,优,26,18,9,23,3,14,0.57,37
10,2016-06-11,优,30,41,11,29,3,19,0.47,33
11,2016-06-12,优,32,59,12,30,3,16,0.57,43
12,2016-06-13,优,34,45,12,32,4,15,0.43,51
13,2016-06-14,优,36,43,14,33,4,15,0.58,53
14,2016-06-15,优,30,18,10,25,3,15,0.4,51
15,2016-06-16,优,36,52,13,31,4,17,0.59,51
16,2016-06-17,优,36,45,13,32,5,23,0.47,52
17,2016-06-18,优,30,47,10,26,3,17,0.51,55
18,2016-06-19,优,24,24,9,19,4,12,0.34,47
19,2016-06-20,优,28,47,10,24,4,11,0.49,48
20,2016-06-21,优,23,13,8,19,6,11,0.34,44
21,2016-06-22,优,23,14,6,17,3,11,0.48,43
22,2016-06-23,优,21,8,6,17,3,13,0.37,37
23,2016-06-24,优,23,11,6,18,4,14,0.54,36
24,2016-06-25,优,17,2,5,14,3,14,0.39,31
25,2016-06-26,优,18,2,5,13,3,10,0.52,32
26,2016-06-27,优,19,3,5,15,3,10,0.36,33
27,2016-06-28,优,19,4,5,15,3,12,0.62,28
28,2016-06-29,优,20,6,5,16,2,12,0.4,37
29,2016-06-30,优,29,54,9,27,3,10,0.49,38
0,2016-05-01,优,35,7,16,34,6,15,0.55,46
1,2016-05-02,优,35,7,17,34,4,12,0.44,46
2,2016-05-03,优,40,29,18,35,6,18,0.64,63
3,2016-05-04,优,34,10,17,32,6,16,0.47,43
4,2016-05-05,优,32,12,16,31,6,12,0.57,34
5,2016-05-06,优,33,16,16,32,5,12,0.4,37
6,2016-05-07,优,28,8,12,26,5,10,0.51,40
7,2016-05-08,优,27,9,11,25,5,10,0.36,38
8,2016-05-09,优,32,18,13,31,6,11,0.47,42
9,2016-05-10,优,39,52,15,39,6,19,0.49,50
10,2016-05-11,良,52,57,25,46,8,23,0.87,84
11,2016-05-12,良,59,69,38,40,4,14,0.62,81
12,2016-05-13,优,39,12,11,19,5,17,0.66,82
13,2016-05-14,优,32,9,14,26,4,14,0.49,53
14,2016-05-15,优,29,7,13,25,4,10,0.49,41
15,2016-05-16,优,38,29,14,35,7,11,0.48,70
16,2016-05-17,良,68,130,30,67,7,16,0.73,112
17,2016-05-18,良,53,38,25,40,5,13,0.56,78
18,2016-05-19,优,32,8,16,30,4,13,0.65,46
19,2016-05-20,优,34,28,18,34,5,14,0.47,34
20,2016-05-21,优,38,67,17,35,6,17,0.73,69
21,2016-05-22,优,47,129,17,36,8,14,0.74,87
22,2016-05-23,良,61,205,23,38,6,11,0.99,122
23,2016-05-24,优,35,22,16,27,4,15,0.61,62
24,2016-05-25,优,27,9,10,24,4,11,0.71,35
25,2016-05-26,优,20,2,5,15,4,7,0.32,39
26,2016-05-27,优,27,17,10,24,5,18,0.59,35
27,2016-05-28,优,34,49,13,33,5,16,0.44,42
28,2016-05-29,优,36,41,12,34,6,22,0.61,37
29,2016-05-30,优,33,25,12,32,5,18,0.42,37
30,2016-05-31,优,31,23,11,27,5,16,0.51,43
0,2016-04-01,优,45,19,23,44,3,15,0.66,47
1,2016-04-02,优,32,6,14,31,5,11,0.44,52
2,2016-04-03,优,37,21,19,36,5,14,0.57,43
3,2016-04-04,优,39,33,19,38,6,16,0.42,47
4,2016-04-05,优,37,24,13,35,5,10,0.53,54
5,2016-04-06,优,38,60,13,36,5,9,0.38,58
6,2016-04-07,优,37,46,17,37,5,16,0.54,59
7,2016-04-08,优,42,55,24,42,6,19,0.47,56
8,2016-04-09,优,38,46,17,38,5,14,0.59,45
9,2016-04-10,优,43,77,21,45,6,18,0.48,48
10,2016-04-11,优,45,55,22,39,4,17,0.82,86
11,2016-04-12,良,51,66,26,49,4,16,0.65,72
12,2016-04-13,良,60,118,41,59,5,23,0.77,60
13,2016-04-14,良,62,116,40,69,6,21,0.65,71
14,2016-04-15,良,59,119,38,63,6,15,0.7,68
15,2016-04-16,良,61,211,40,65,6,17,0.59,68
16,2016-04-17,良,54,156,28,55,5,14,0.61,58
17,2016-04-18,优,38,25,17,35,6,15,0.61,64
18,2016-04-19,优,43,24,20,42,4,12,0.74,67
19,2016-04-20,优,34,13,15,31,4,14,0.45,57
20,2016-04-21,优,38,25,18,37,6,15,0.57,51
21,2016-04-22,优,37,20,12,27,5,14,0.42,65
22,2016-04-23,优,39,47,12,28,5,19,0.66,74
23,2016-04-24,优,42,71,24,41,8,21,0.6,65
24,2016-04-25,良,51,101,28,50,7,21,0.71,63
25,2016-04-26,优,46,80,25,48,6,19,0.53,53
26,2016-04-27,优,40,25,18,39,6,24,0.65,49
27,2016-04-28,优,45,33,22,36,6,28,0.61,63
28,2016-04-29,优,44,26,20,35,5,9,0.68,84
29,2016-04-30,优,42,19,18,37,5,13,0.53,72
0,2016-03-01,良,66,115,39,77,4,17,0.61,95
1,2016-03-02,良,62,58,33,73,4,10,0.67,98
2,2016-03-03,良,54,34,28,56,3,12,0.51,76
3,2016-03-04,优,43,16,22,42,3,12,0.58,64
4,2016-03-05,优,35,9,19,33,3,13,0.44,55
5,2016-03-06,优,36,6,19,34,3,14,0.61,48
6,2016-03-07,优,31,5,15,29,3,11,0.44,47
7,2016-03-08,优,37,23,15,34,4,12,0.59,58
8,2016-03-09,优,47,212,22,49,6,23,0.48,47
9,2016-03-10,优,24,26,10,20,3,13,0.51,27
10,2016-03-11,优,23,3,10,18,3,9,0.57,43
11,2016-03-12,优,29,2,20,26,3,22,0.77,35
12,2016-03-13,优,34,23,18,27,6,17,0.76,50
13,2016-03-14,优,30,6,15,29,6,11,0.75,47
14,2016-03-15,优,35,9,14,22,3,12,0.65,67
15,2016-03-16,优,39,16,15,28,6,17,0.78,61
16,2016-03-17,优,40,26,21,38,5,17,0.56,46
17,2016-03-18,优,47,32,30,46,5,20,0.68,49
18,2016-03-19,优,43,32,19,42,4,22,0.49,31
19,2016-03-20,优,39,20,17,37,6,15,0.59,44
20,2016-03-21,优,34,18,15,33,4,10,0.44,48
21,2016-03-22,优,38,55,19,37,4,9,0.61,54
22,2016-03-23,优,46,112,29,45,5,22,0.61,48
23,2016-03-24,优,28,16,9,20,4,11,0.99,54
24,2016-03-25,优,33,5,17,26,5,10,1.09,61
25,2016-03-26,良,64,135,35,53,7,12,0.74,114
26,2016-03-27,良,83,237,36,56,8,11,0.49,136
27,2016-03-28,良,70,117,30,54,6,15,0.66,118
28,2016-03-29,良,61,60,33,60,4,12,0.51,107
29,2016-03-30,良,61,77,37,70,4,15,0.68,94
30,2016-03-31,良,62,79,41,69,4,18,0.6,72
0,2016-02-01,优,22,28,6,15,3,12,0.97,37
1,2016-02-02,优,23,12,13,18,3,9,1.03,39
2,2016-02-03,优,41,22,25,40,4,10,1.02,53
3,2016-02-04,良,54,70,37,53,4,14,0.86,63
4,2016-02-05,优,40,43,26,37,5,11,1.06,59
5,2016-02-06,良,55,95,34,55,7,8,0.66,92
6,2016-02-07,良,63,79,35,63,9,7,0.65,100
7,2016-02-08,中度污染,158,202,125,136,22,11,0.55,91
8,2016-02-09,良,60,74,33,53,4,5,0.64,105
9,2016-02-10,良,60,107,31,69,4,10,0.52,75
10,2016-02-11,优,36,7,17,34,3,11,0.6,52
11,2016-02-12,优,33,12,17,31,3,7,0.46,57
12,2016-02-13,优,43,116,27,44,3,15,0.72,63
13,2016-02-14,优,44,231,28,39,3,13,0.61,51
14,2016-02-15,优,43,163,24,43,4,7,0.91,51
15,2016-02-16,优,45,124,28,44,3,7,0.63,57
16,2016-02-17,优,42,30,27,38,3,8,0.73,61
17,2016-02-18,优,44,24,29,41,3,10,0.62,62
18,2016-02-19,良,53,62,34,56,3,14,0.86,51
19,2016-02-20,良,52,85,32,49,5,8,0.65,89
20,2016-02-21,良,53,58,31,50,3,14,0.72,77
21,2016-02-22,优,46,36,28,47,4,14,0.62,63
22,2016-02-23,优,48,103,31,48,4,16,0.89,45
23,2016-02-24,优,24,13,7,12,3,8,0.78,48
24,2016-02-25,优,38,28,21,36,3,10,0.83,51
25,2016-02-26,优,42,46,26,40,3,12,0.68,47
26,2016-02-27,优,43,52,28,40,4,15,0.88,54
27,2016-02-28,优,49,55,28,41,5,19,0.76,78
28,2016-02-29,良,60,127,31,56,7,27,0.88,91
0,2016-01-01,良,62,52,42,64,8,13,0.8,89
1,2016-01-02,良,59,50,38,57,7,13,0.85,84
2,2016-01-03,良,58,44,40,53,5,17,0.75,63
3,2016-01-04,优,30,5,19,27,4,27,0.9,43
4,2016-01-05,优,28,4,17,26,4,25,0.66,37
5,2016-01-06,优,42,56,27,39,4,21,0.8,52
6,2016-01-07,优,50,103,26,44,4,11,0.68,82
7,2016-01-08,优,43,51,16,38,3,10,0.66,84
8,2016-01-09,优,46,47,24,43,3,9,0.55,86
9,2016-01-10,优,40,39,20,39,3,14,0.68,67
10,2016-01-11,优,30,39,12,24,4,19,0.66,44
11,2016-01-12,优,37,56,18,34,4,14,0.97,49
12,2016-01-13,优,46,67,23,43,4,17,0.85,53
13,2016-01-14,优,43,30,16,33,3,12,0.66,74
14,2016-01-15,优,37,39,16,36,3,27,0.76,41
15,2016-01-16,优,40,38,14,41,3,23,0.92,39
16,2016-01-17,优,30,15,18,26,6,19,0.84,49
17,2016-01-18,优,37,26,21,35,5,10,1.08,62
18,2016-01-19,优,44,40,26,43,4,10,0.84,72
19,2016-01-20,优,36,17,15,22,3,11,0.93,67
20,2016-01-21,优,41,85,23,36,5,17,0.8,53
21,2016-01-22,优,30,48,18,28,3,36,1.24,23
22,2016-01-23,优,19,5,5,13,3,7,0.86,38
23,2016-01-24,优,34,13,17,30,4,5,0.72,59
24,2016-01-25,优,45,39,20,45,6,9,0.46,82
25,2016-01-26,优,46,42,20,44,5,13,0.62,77
26,2016-01-27,优,34,24,16,27,3,18,0.62,52
27,2016-01-28,优,27,5,13,23,3,24,0.73,34
28,2016-01-29,优,22,3,8,18,3,32,0.62,32
29,2016-01-30,优,34,28,20,30,4,23,0.78,42
30,2016-01-31,优,32,21,9,27,3,10,0.51,53
0,2015-12-01,优,50,52,23,46,4,17,0.57,73
1,2015-12-02,优,33,13,12,31,3,12,0.5,60
2,2015-12-03,优,36,60,17,35,4,14,0.72,53
3,2015-12-04,优,34,51,14,29,3,14,0.74,46
4,2015-12-05,优,27,24,8,16,5,16,0.68,44
5,2015-12-06,优,26,37,11,23,7,13,0.68,51
6,2015-12-07,优,30,19,16,27,6,11,0.54,55
7,2015-12-08,优,37,33,23,34,6,16,0.57,44
8,2015-12-09,优,19,7,11,16,4,16,0.64,33
9,2015-12-10,优,27,20,16,25,7,17,0.67,39
10,2015-12-11,优,48,97,28,47,7,22,1.04,57
11,2015-12-12,优,33,20,12,27,4,16,0.55,60
12,2015-12-13,优,36,31,12,31,4,15,0.97,59
13,2015-12-14,优,33,29,18,31,5,26,0.87,47
14,2015-12-15,优,35,42,19,33,6,10,1.25,55
15,2015-12-16,优,45,118,28,44,8,8,0.9,59
16,2015-12-17,优,50,119,21,49,10,7,0.65,85
17,2015-12-18,良,54,85,28,56,9,13,0.5,85
18,2015-12-19,良,54,69,27,54,6,10,0.83,92
19,2015-12-20,良,64,65,37,62,8,15,0.6,103
20,2015-12-21,优,49,30,31,45,4,15,0.8,59
21,2015-12-22,优,42,16,20,41,4,15,0.53,49
22,2015-12-23,优,32,9,12,31,4,17,0.69,40
23,2015-12-24,优,34,19,15,33,4,19,0.54,40
24,2015-12-25,优,35,34,19,33,5,13,0.95,44
25,2015-12-26,优,47,60,29,47,6,15,0.99,55
26,2015-12-27,优,40,53,26,37,5,13,1.11,44
27,2015-12-28,优,40,32,21,35,4,13,1.31,49
28,2015-12-29,优,45,32,21,44,3,7,0.72,84
29,2015-12-30,良,60,83,40,57,5,12,0.73,67
30,2015-12-31,优,49,39,31,48,6,11,0.99,58
0,2015-11-01,优,41,94,21,38,4,8,0.8,78
1,2015-11-02,优,37,28,14,27,4,10,0.79,76
2,2015-11-03,良,65,105,30,50,5,9,0.65,120
3,2015-11-04,良,53,60,30,48,3,7,0.77,97
4,2015-11-05,优,39,44,18,33,3,8,0.64,69
5,2015-11-06,优,31,47,13,29,2,9,0.42,49
6,2015-11-07,优,26,11,11,25,2,10,0.38,45
7,2015-11-08,优,24,7,9,22,2,10,0.37,40
8,2015-11-09,优,23,5,7,20,3,9,0.52,39
9,2015-11-10,优,30,11,12,29,4,6,0.47,52
10,2015-11-11,优,33,33,11,30,2,6,0.74,52
11,2015-11-12,优,32,65,11,31,3,8,0.48,46
12,2015-11-13,优,28,35,10,27,4,10,0.46,41
13,2015-11-14,优,23,7,9,21,3,11,0.45,36
14,2015-11-15,优,23,3,8,21,3,9,0.42,38
15,2015-11-16,优,21,1,9,20,3,8,0.43,38
16,2015-11-17,优,25,21,9,21,4,8,0.63,41
17,2015-11-18,优,22,7,10,18,5,9,0.4,38
18,2015-11-19,优,22,6,7,19,3,11,0.42,41
19,2015-11-20,优,30,10,11,28,3,6,0.44,53
20,2015-11-21,优,35,37,13,31,3,5,0.65,68
21,2015-11-22,优,38,91,12,26,3,5,0.48,75
22,2015-11-23,优,42,146,13,32,3,5,0.51,87
23,2015-11-24,优,45,204,15,34,4,8,0.51,86
24,2015-11-25,良,62,250,30,50,6,8,0.62,119
25,2015-11-26,优,37,57,16,34,6,10,0.83,68
26,2015-11-27,优,50,92,19,49,7,9,0.76,75
27,2015-11-28,优,40,26,16,37,3,6,0.45,75
28,2015-11-29,优,43,29,18,40,4,10,0.52,75
29,2015-11-30,良,64,122,40,61,7,9,0.66,116
0,2015-10-01,优,33,29,17,29,2,12,0.56,54
1,2015-10-02,优,38,38,22,35,5,13,0.77,77
2,2015-10-03,优,48,93,23,36,4,6,0.61,84
3,2015-10-04,优,31,29,15,28,3,5,0.65,50
4,2015-10-05,优,27,22,11,20,2,9,0.53,48
5,2015-10-06,优,21,5,7,17,3,16,0.65,33
6,2015-10-07,优,26,9,12,23,3,15,0.58,37
7,2015-10-08,优,37,69,13,29,5,19,0.76,57
8,2015-10-09,优,42,92,19,34,5,15,0.7,77
9,2015-10-10,良,52,172,20,30,4,9,0.86,90
10,2015-10-11,优,35,59,6,14,3,7,0.5,67
11,2015-10-12,优,39,56,13,28,5,7,0.62,78
12,2015-10-13,良,63,117,34,56,7,10,0.61,122
13,2015-10-14,良,86,170,37,62,5,8,0.72,140
14,2015-10-15,良,91,178,55,81,7,18,0.78,145
15,2015-10-16,轻度污染,109,224,74,108,10,32,1.08,122
16,2015-10-17,轻度污染,120,273,75,106,11,28,0.96,140
17,2015-10-18,轻度污染,109,288,69,101,11,28,0.92,137
18,2015-10-19,良,86,208,60,87,10,27,0.77,106
19,2015-10-20,良,93,216,66,97,12,32,0.94,107
20,2015-10-21,轻度污染,102,261,69,99,11,27,0.81,106
21,2015-10-22,良,80,180,47,70,10,23,0.81,120
22,2015-10-23,良,89,206,55,81,9,35,0.75,103
23,2015-10-24,良,69,132,40,60,5,17,0.7,105
24,2015-10-25,优,43,54,18,30,2,13,0.46,70
25,2015-10-26,优,28,7,9,21,3,9,0.59,56
26,2015-10-27,优,37,49,17,34,4,21,0.52,44
27,2015-10-28,优,30,16,13,28,3,11,0.41,49
28,2015-10-29,优,33,31,16,31,2,11,0.43,53
29,2015-10-30,优,34,39,16,33,2,12,0.55,52
30,2015-10-31,优,38,83,17,37,3,7,0.42,67
0,2015-09-01,优,26,25,10,20,5,16,0.48,43
1,2015-09-02,优,23,20,8,20,3,15,0.59,38
2,2015-09-03,优,25,23,7,21,3,12,0.52,45
3,2015-09-04,优,27,16,11,25,3,12,0.61,44
4,2015-09-05,优,32,43,14,27,4,12,0.52,48
5,2015-09-06,优,37,76,15,31,5,14,0.59,53
6,2015-09-07,优,44,105,16,37,8,20,0.53,61
7,2015-09-08,优,30,18,12,27,8,10,0.61,49
8,2015-09-09,优,29,20,8,20,2,8,0.42,64
9,2015-09-10,优,43,127,12,29,3,7,0.55,86
10,2015-09-11,优,40,101,12,29,3,7,0.4,78
11,2015-09-12,优,43,142,16,32,3,6,0.56,85
12,2015-09-13,良,61,231,31,49,4,7,0.48,117
13,2015-09-14,良,57,137,25,45,3,5,0.64,96
14,2015-09-15,优,29,8,6,13,2,6,0.41,53
15,2015-09-16,优,23,2,4,12,2,8,0.62,42
16,2015-09-17,优,22,1,9,18,2,12,0.6,39
17,2015-09-18,优,21,3,7,16,2,14,0.72,35
18,2015-09-19,优,27,24,10,26,5,26,0.69,25
19,2015-09-20,优,31,30,13,27,3,17,0.49,39
20,2015-09-21,优,29,32,12,26,4,16,0.48,36
21,2015-09-22,优,25,14,11,23,2,11,0.62,39
22,2015-09-23,优,28,24,15,26,3,10,0.49,36
23,2015-09-24,优,33,52,15,28,4,12,0.62,44
24,2015-09-25,优,39,86,18,36,6,19,0.57,48
25,2015-09-26,优,35,52,15,30,4,15,0.61,54
26,2015-09-27,优,34,43,15,25,4,10,0.49,62
27,2015-09-28,优,48,129,23,33,4,12,0.79,92
28,2015-09-29,良,56,205,36,58,7,20,0.75,80
29,2015-09-30,良,63,250,41,65,7,20,0.87,88
0,2015-08-01,优,22,15,7,19,4,11,0.56,32
1,2015-08-02,优,21,8,7,19,3,10,0.38,34
2,2015-08-03,优,22,14,9,21,3,10,0.5,27
3,2015-08-04,优,25,15,12,22,3,10,0.38,35
4,2015-08-05,优,28,21,11,24,3,12,0.49,39
5,2015-08-06,优,26,9,9,22,3,10,0.35,38
6,2015-08-07,优,30,23,12,28,5,13,0.58,40
7,2015-08-08,优,37,95,16,36,4,13,0.44,48
8,2015-08-09,优,43,157,21,42,7,15,0.61,54
9,2015-08-10,优,47,193,25,46,7,21,0.59,54
10,2015-08-11,优,37,102,18,34,8,12,0.64,53
11,2015-08-12,优,33,32,13,30,10,17,0.48,45
12,2015-08-13,优,30,19,9,27,9,15,0.53,43
13,2015-08-14,优,34,40,11,31,6,18,0.49,40
14,2015-08-15,优,31,29,10,29,4,13,0.59,33
15,2015-08-16,优,28,20,9,25,4,13,0.43,41
16,2015-08-17,优,31,33,13,30,4,14,0.72,40
17,2015-08-18,优,31,36,12,28,3,10,0.54,52
18,2015-08-19,优,28,14,10,23,4,8,0.57,51
19,2015-08-20,优,29,14,11,26,5,11,0.46,45
20,2015-08-21,优,35,24,12,29,4,13,0.69,61
21,2015-08-22,优,43,70,21,42,6,15,0.69,76
22,2015-08-23,优,50,115,31,50,7,15,0.77,80
23,2015-08-24,良,66,239,44,61,8,16,0.69,85
24,2015-08-25,良,69,253,48,68,8,14,0.79,90
25,2015-08-26,优,44,72,25,40,4,17,0.58,59
26,2015-08-27,优,34,36,14,29,7,14,0.6,49
27,2015-08-28,优,28,23,11,24,4,17,0.49,41
28,2015-08-29,优,30,36,15,25,7,20,0.67,39
29,2015-08-30,优,32,43,15,27,6,21,0.55,41
30,2015-08-31,优,27,25,13,20,4,15,0.67,45
0,2015-07-01,优,41,96,17,40,8,19,0.54,48
1,2015-07-02,优,44,103,20,43,8,19,0.75,50
2,2015-07-03,优,50,168,19,50,7,18,0.55,62
3,2015-07-04,优,50,143,20,50,6,17,0.71,59
4,2015-07-05,优,41,85,18,40,6,16,0.58,51
5,2015-07-06,优,34,33,20,30,5,11,0.78,58
6,2015-07-07,优,38,33,21,35,7,10,0.62,61
7,2015-07-08,优,43,52,22,36,6,8,0.74,78
8,2015-07-09,优,48,101,29,46,7,8,0.63,66
9,2015-07-10,良,55,163,39,53,5,8,0.84,54
10,2015-07-11,优,39,81,24,37,5,10,0.68,46
11,2015-07-12,优,33,41,20,30,4,8,0.77,48
12,2015-07-13,优,24,2,13,21,5,7,0.63,35
13,2015-07-14,优,28,6,12,26,7,14,0.73,34
14,2015-07-15,优,32,20,14,29,11,14,0.54,37
15,2015-07-16,优,35,21,11,34,6,16,0.67,43
16,2015-07-17,优,30,14,8,28,8,15,0.44,40
17,2015-07-18,优,25,9,9,23,6,15,0.55,37
18,2015-07-19,优,26,6,10,19,4,12,0.4,56
19,2015-07-20,优,23,13,10,17,4,15,0.59,40
20,2015-07-21,优,27,34,8,26,5,16,0.45,28
21,2015-07-22,优,26,16,10,25,3,12,0.54,33
22,2015-07-23,优,26,23,9,25,5,14,0.39,32
23,2015-07-24,优,31,47,10,29,4,14,0.52,35
24,2015-07-25,优,27,15,9,26,5,15,0.38,33
25,2015-07-26,优,24,14,9,22,5,13,0.52,31
26,2015-07-27,优,23,11,7,21,4,12,0.38,31
27,2015-07-28,优,24,20,6,22,4,12,0.53,30
28,2015-07-29,优,23,22,7,21,4,13,0.42,29
29,2015-07-30,优,25,25,7,20,4,16,0.57,35
30,2015-07-31,优,23,16,8,20,5,17,0.46,31
0,2015-06-01,优,34,17,13,33,4,12,0.48,49
1,2015-06-02,优,30,12,9,28,3,9,0.53,44
2,2015-06-03,优,29,17,11,28,3,13,0.41,35
3,2015-06-04,优,31,21,14,30,4,14,0.57,36
4,2015-06-05,优,31,19,14,30,4,16,0.4,32
5,2015-06-06,优,31,7,11,27,3,15,0.61,33
6,2015-06-07,优,29,20,7,28,3,11,0.4,25
7,2015-06-08,优,21,4,6,18,3,13,0.55,26
8,2015-06-09,优,25,8,9,24,3,14,0.47,36
9,2015-06-10,优,27,7,10,26,3,12,0.63,35
10,2015-06-11,优,27,7,11,25,6,12,0.46,36
11,2015-06-12,优,30,13,10,28,3,17,0.66,39
12,2015-06-13,优,26,13,10,25,3,14,0.47,22
13,2015-06-14,优,21,6,7,19,3,9,0.56,18
14,2015-06-15,优,20,7,6,19,3,8,0.38,20
15,2015-06-16,优,19,6,7,17,4,9,0.57,20
16,2015-06-17,优,18,2,6,17,3,10,0.42,21
17,2015-06-18,优,22,6,7,19,4,11,0.59,27
18,2015-06-19,优,17,1,7,16,4,9,0.39,26
19,2015-06-20,优,19,1,7,16,3,10,0.6,24
20,2015-06-21,优,17,1,3,13,2,8,0.31,32
21,2015-06-22,优,22,8,4,18,2,7,0.49,38
22,2015-06-23,优,21,4,4,15,2,8,0.38,35
23,2015-06-24,优,21,4,6,20,4,9,0.52,25
24,2015-06-25,优,28,29,10,27,4,11,0.41,42
25,2015-06-26,优,32,46,10,29,5,17,0.57,55
26,2015-06-27,优,30,41,12,27,5,16,0.44,48
27,2015-06-28,优,32,44,12,29,5,15,0.59,48
28,2015-06-29,优,36,71,13,33,7,15,0.46,53
29,2015-06-30,优,41,111,16,38,9,17,0.73,50
0,2015-05-01,优,27,8,10,25,2,10,0.62,22
1,2015-05-02,优,26,10,12,25,2,11,0.47,24
2,2015-05-03,优,34,9,15,32,3,13,0.79,26
3,2015-05-04,优,33,17,15,32,4,12,0.49,34
4,2015-05-05,优,37,27,16,35,4,12,0.69,28
5,2015-05-06,优,32,17,15,31,2,10,0.43,23
6,2015-05-07,优,35,23,15,33,3,9,0.6,27
7,2015-05-08,优,41,45,16,43,2,17,0.5,22
8,2015-05-09,优,31,20,15,30,3,9,0.67,32
9,2015-05-10,优,28,3,12,27,3,12,0.54,31
10,2015-05-11,优,27,8,12,25,3,12,0.62,24
11,2015-05-12,优,28,6,15,27,2,9,0.47,31
12,2015-05-13,优,21,2,9,20,2,9,0.56,17
13,2015-05-14,优,22,5,11,21,2,8,0.38,15
14,2015-05-15,优,25,9,12,23,2,10,0.55,20
15,2015-05-16,优,25,4,10,23,2,12,0.4,34
16,2015-05-17,优,31,14,11,29,3,20,0.74,32
17,2015-05-18,优,29,14,11,28,2,12,0.46,27
18,2015-05-19,优,29,13,12,26,3,13,0.59,35
19,2015-05-20,优,30,20,11,29,3,16,0.49,35
20,2015-05-21,优,39,48,16,38,4,19,0.67,37
21,2015-05-22,优,27,10,9,25,3,16,0.45,34
22,2015-05-23,优,34,26,13,33,4,15,0.62,37
23,2015-05-24,优,38,29,16,36,5,25,0.58,35
24,2015-05-25,优,33,10,12,32,4,20,0.67,30
25,2015-05-26,优,32,14,12,30,3,13,0.47,33
26,2015-05-27,优,33,10,13,31,3,14,0.7,34
27,2015-05-28,优,33,8,14,32,4,15,0.49,35
28,2015-05-29,优,33,8,15,32,3,15,0.59,39
29,2015-05-30,优,33,15,14,31,3,13,0.45,41
30,2015-05-31,优,37,26,12,32,4,13,0.63,55
0,2015-04-01,优,35,21,14,32,4,9,0.64,23
1,2015-04-02,优,36,30,14,35,4,11,0.43,28
2,2015-04-03,优,40,41,18,39,3,11,0.67,30
3,2015-04-04,优,40,33,20,40,3,7,0.45,29
4,2015-04-05,优,26,4,11,24,3,6,0.62,22
5,2015-04-06,优,25,6,11,24,2,7,0.4,21
6,2015-04-07,优,24,5,11,21,3,7,0.63,19
7,2015-04-08,优,35,39,22,33,4,11,0.83,24
8,2015-04-09,优,25,5,13,22,2,12,0.91,28
9,2015-04-10,优,29,26,19,25,2,19,0.78,15
10,2015-04-11,优,17,1,8,13,2,14,1.05,20
11,2015-04-12,优,26,1,14,24,3,13,0.76,39
12,2015-04-13,良,56,92,36,56,7,33,1.17,66
13,2015-04-14,良,73,162,46,78,10,18,0.76,102
14,2015-04-15,良,56,25,28,62,5,19,0.78,72
15,2015-04-16,优,41,3,19,40,5,15,0.56,61
16,2015-04-17,优,41,9,17,39,3,13,0.73,40
17,2015-04-18,优,48,34,26,51,3,14,0.58,39
18,2015-04-19,良,58,153,33,66,4,17,0.68,59
19,2015-04-20,良,51,111,33,54,4,18,0.62,38
20,2015-04-21,优,46,67,27,45,5,11,1.25,45
21,2015-04-22,优,35,9,14,29,2,8,0.77,67
22,2015-04-23,优,41,19,12,28,1,9,0.77,76
23,2015-04-24,优,45,27,16,43,2,9,0.52,81
24,2015-04-25,优,46,18,20,41,3,9,0.8,87
25,2015-04-26,优,50,24,29,50,2,8,0.61,84
26,2015-04-27,优,40,12,20,39,2,9,0.74,51
27,2015-04-28,优,35,7,16,34,3,12,0.54,31
28,2015-04-29,优,39,12,18,36,4,15,0.83,29
29,2015-04-30,优,32,6,13,31,3,15,0.53,26
0,2015-03-01,优,31,37,16,30,3,7,0.56,26
1,2015-03-02,优,33,12,15,30,3,9,0.85,31
2,2015-03-03,优,32,7,15,32,4,10,0.51,23
3,2015-03-04,优,45,80,24,44,4,11,0.92,15
4,2015-03-05,优,27,20,12,26,4,6,0.4,20
5,2015-03-06,优,32,40,18,30,4,10,0.72,20
6,2015-03-07,优,34,25,16,35,3,12,0.54,25
7,2015-03-08,优,27,4,12,24,3,8,0.69,26
8,2015-03-09,优,30,9,15,29,3,8,0.49,31
9,2015-03-10,优,37,23,16,35,3,7,0.75,36
10,2015-03-11,优,36,31,15,34,3,8,0.54,44
11,2015-03-12,优,19,1,9,17,5,17,0.76,20
12,2015-03-13,优,31,7,13,30,3,13,0.57,36
13,2015-03-14,优,37,7,17,35,3,10,0.74,32
14,2015-03-15,优,35,10,16,34,7,10,0.51,25
15,2015-03-16,优,37,14,15,35,3,10,0.77,23
16,2015-03-17,优,36,16,15,35,3,9,0.5,28
17,2015-03-18,优,39,46,15,36,3,10,0.75,31
18,2015-03-19,优,38,32,17,37,4,12,0.49,31
19,2015-03-20,优,31,6,12,28,5,10,0.66,25
20,2015-03-21,优,27,1,14,26,3,9,0.41,20
21,2015-03-22,优,45,14,28,44,4,11,0.8,44
22,2015-03-23,优,49,41,27,51,3,8,0.67,65
23,2015-03-24,优,50,82,26,52,3,7,0.87,73
24,2015-03-25,优,43,39,18,42,3,7,0.48,67
25,2015-03-26,优,33,10,12,27,3,7,0.69,54
26,2015-03-27,优,48,63,30,45,3,10,0.57,64
27,2015-03-28,优,32,4,19,30,3,8,0.8,49
28,2015-03-29,优,29,3,14,28,4,14,0.54,36
29,2015-03-30,优,29,5,11,26,3,9,0.73,21
30,2015-03-31,优,32,8,13,31,4,8,0.46,22
0,2015-02-01,良,61,108,42,65,6,15,0.81,37
1,2015-02-02,良,61,64,40,67,5,10,0.98,50
2,2015-02-03,优,46,27,25,45,4,6,0.55,49
3,2015-02-04,良,70,121,47,65,7,8,0.99,68
4,2015-02-05,良,73,152,53,66,6,10,1.16,23
5,2015-02-06,良,91,182,67,72,5,7,1.19,34
6,2015-02-07,良,96,173,71,89,7,9,0.97,53
7,2015-02-08,良,85,229,62,83,8,7,1.17,63
8,2015-02-09,良,78,163,57,83,8,7,0.79,81
9,2015-02-10,良,67,77,47,73,5,7,0.91,73
10,2015-02-11,良,56,39,37,57,5,8,0.61,63
11,2015-02-12,轻度污染,149,261,112,128,8,8,1.29,55
12,2015-02-13,良,90,163,66,80,5,6,0.91,84
13,2015-02-14,良,52,39,26,53,4,8,0.71,50
14,2015-02-15,优,44,17,26,43,4,8,0.6,36
15,2015-02-16,优,43,15,28,41,4,7,0.81,30
16,2015-02-17,优,50,47,34,47,4,7,0.63,36
17,2015-02-18,良,54,58,36,55,4,4,0.84,46
18,2015-02-19,良,73,88,48,93,6,3,0.7,49
19,2015-02-20,良,54,137,29,56,4,4,0.79,37
20,2015-02-21,优,41,50,23,40,4,5,0.5,21
21,2015-02-22,优,29,7,15,27,3,8,0.72,23
22,2015-02-23,优,23,7,12,22,4,5,0.42,24
23,2015-02-24,优,25,6,11,23,3,5,0.62,21
24,2015-02-25,优,26,8,13,25,3,4,0.45,29
25,2015-02-26,优,24,7,11,22,4,5,0.61,22
26,2015-02-27,优,24,15,12,23,3,5,0.41,21
27,2015-02-28,优,25,29,12,22,3,6,0.61,21
0,2015-01-01,良,84,212,57,72,10,21,0.72,87
1,2015-01-02,良,67,156,45,79,8,8,0.71,88
2,2015-01-03,良,51,17,23,51,3,5,0.75,70
3,2015-01-04,优,50,15,22,50,3,21,0.61,38
4,2015-01-05,优,35,4,16,33,3,14,0.79,25
5,2015-01-06,优,31,10,12,30,3,11,0.47,24
6,2015-01-07,良,56,68,38,53,6,12,1.02,39
7,2015-01-08,良,61,68,43,61,9,10,1.41,43
8,2015-01-09,良,68,74,48,73,11,9,1.2,82
9,2015-01-10,良,79,93,57,86,12,9,0.89,88
10,2015-01-11,良,75,104,53,76,9,12,0.99,61
11,2015-01-12,优,40,36,26,27,4,8,0.72,34
12,2015-01-13,优,28,22,14,24,5,8,1.0,41
13,2015-01-14,优,40,45,23,40,5,17,0.75,47
14,2015-01-15,良,58,70,37,61,9,30,1.07,53
15,2015-01-16,优,49,24,33,48,8,14,0.65,77
16,2015-01-17,良,72,87,51,73,10,22,0.95,70
17,2015-01-18,良,76,89,54,79,8,6,0.68,90
18,2015-01-19,良,91,165,67,92,12,11,1.06,89
19,2015-01-20,良,84,122,59,92,6,23,0.9,72
20,2015-01-21,良,63,63,41,72,6,14,0.93,73
21,2015-01-22,轻度污染,113,217,84,111,12,28,1.04,67
22,2015-01-23,良,71,37,46,67,5,15,0.69,58
23,2015-01-24,良,51,16,26,53,3,14,0.57,46
24,2015-01-25,优,48,14,28,47,3,10,0.82,36
25,2015-01-26,优,47,20,27,46,3,8,0.56,27
26,2015-01-27,优,43,49,25,41,3,8,0.78,36
27,2015-01-28,优,40,85,22,39,3,10,0.58,28
28,2015-01-29,优,42,73,18,40,3,7,0.78,36
29,2015-01-30,优,46,71,28,46,5,9,0.61,55
30,2015-01-31,良,65,159,44,64,7,10,1.08,47
0,2014-12-01,优,32,10,13,32,4,14,0.94,26
1,2014-12-02,优,25,2,13,20,4,12,1.47,20
2,2014-12-03,优,25,2,12,24,2,19,0.61,32
3,2014-12-04,优,17,1,6,10,2,12,1.01,27
4,2014-12-05,优,21,1,10,19,4,15,0.6,32
5,2014-12-06,优,44,12,22,42,6,21,0.9,35
6,2014-12-07,优,33,3,20,30,4,16,0.73,30
7,2014-12-08,优,33,5,18,29,3,10,0.83,37
8,2014-12-09,良,55,25,33,60,6,9,0.67,55
9,2014-12-10,良,75,49,53,79,17,13,0.77,92
10,2014-12-11,良,93,120,69,93,12,11,0.92,67
11,2014-12-12,良,62,55,43,62,10,9,1.0,42
12,2014-12-13,良,67,38,45,80,12,8,0.77,64
13,2014-12-14,良,72,21,46,91,10,11,0.96,75
14,2014-12-15,良,61,10,34,69,5,13,0.68,63
15,2014-12-16,良,90,139,65,102,14,9,1.08,59
16,2014-12-17,良,67,66,38,82,16,8,0.59,77
17,2014-12-18,良,60,20,35,68,9,16,0.65,53
18,2014-12-19,优,41,2,27,37,5,11,0.59,49
19,2014-12-20,良,65,64,45,70,15,14,0.82,74
20,2014-12-21,良,62,47,42,65,10,12,0.59,85
21,2014-12-22,良,71,35,51,81,14,8,0.87,84
22,2014-12-23,良,70,15,50,79,7,10,0.7,76
23,2014-12-24,良,65,20,45,66,6,14,0.94,41
24,2014-12-25,良,63,25,41,61,6,16,0.72,35
25,2014-12-26,优,26,1,15,21,2,7,0.95,37
26,2014-12-27,优,32,2,19,30,3,9,0.58,32
27,2014-12-28,优,46,11,31,39,4,12,1.35,31
28,2014-12-29,良,59,13,41,54,8,9,0.81,63
29,2014-12-30,良,59,15,40,58,6,23,0.97,73
30,2014-12-31,良,60,126,40,57,8,11,0.65,94
0,2014-11-01,优,35,12,15,34,3,15,0.46,34
1,2014-11-02,优,50,62,29,50,5,17,0.84,53
2,2014-11-03,优,45,16,29,45,7,16,0.97,45
3,2014-11-04,良,58,18,39,62,7,17,1.18,60
4,2014-11-05,优,45,10,23,44,3,18,0.65,51
5,2014-11-06,优,34,7,13,31,3,16,0.83,45
6,2014-11-07,优,33,7,13,32,3,16,0.54,43
7,2014-11-08,优,27,9,11,23,3,15,0.91,40
8,2014-11-09,优,31,10,14,30,3,18,0.71,39
9,2014-11-10,优,33,9,12,30,3,17,0.81,44
10,2014-11-11,优,34,7,13,33,4,14,0.52,51
11,2014-11-12,优,42,33,24,38,5,19,1.13,39
12,2014-11-13,优,35,9,19,34,6,15,0.89,42
13,2014-11-14,良,65,39,45,69,10,15,1.12,72
14,2014-11-15,优,39,6,20,34,5,12,0.61,68
15,2014-11-16,良,62,30,35,59,8,12,0.87,103
16,2014-11-17,良,68,33,47,70,8,12,0.78,79
17,2014-11-18,良,68,22,48,68,8,12,1.02,66
18,2014-11-19,良,70,31,50,75,9,15,0.7,79
19,2014-11-20,良,72,37,50,77,8,15,0.94,85
20,2014-11-21,优,40,4,21,40,4,25,0.61,40
21,2014-11-22,优,37,4,16,36,4,12,0.48,50
22,2014-11-23,优,31,2,13,29,3,16,0.48,38
23,2014-11-24,优,33,3,11,31,3,13,0.73,33
24,2014-11-25,优,28,3,12,27,4,13,0.53,28
25,2014-11-26,优,27,1,11,24,3,15,0.76,30
26,2014-11-27,优,32,2,14,31,2,12,0.48,37
27,2014-11-28,优,36,6,14,34,3,12,0.78,27
28,2014-11-29,优,33,3,13,32,3,13,0.49,25
29,2014-11-30,优,27,2,8,25,3,10,0.58,21
0,2014-10-01,优,39,6,19,36,5,17,0.82,44
1,2014-10-02,优,38,8,19,32,4,14,0.51,65
2,2014-10-03,优,45,23,25,43,4,17,0.85,54
3,2014-10-04,优,50,28,31,48,6,20,0.69,59
4,2014-10-05,良,51,22,27,49,4,11,0.85,83
5,2014-10-06,良,66,65,37,73,9,13,0.57,111
6,2014-10-07,良,78,68,48,89,7,11,0.83,123
7,2014-10-08,良,81,70,59,93,9,12,0.65,121
8,2014-10-09,良,96,108,71,105,10,23,1.05,109
9,2014-10-10,良,84,94,59,89,8,24,0.75,92
10,2014-10-11,良,71,66,48,84,10,33,1.02,80
11,2014-10-12,良,79,144,57,88,12,19,0.7,106
12,2014-10-13,良,74,140,53,79,8,17,0.91,93
13,2014-10-14,良,84,98,62,95,9,16,0.7,107
14,2014-10-15,轻度污染,111,96,81,113,10,17,1.12,132
15,2014-10-16,良,68,47,45,72,4,14,0.64,103
16,2014-10-17,良,54,17,28,55,4,12,0.8,95
17,2014-10-18,良,54,21,31,54,4,12,0.51,91
18,2014-10-19,优,45,17,25,44,4,18,0.88,58
19,2014-10-20,优,35,5,15,34,4,21,0.54,31
20,2014-10-21,优,36,4,16,33,5,22,0.79,34
21,2014-10-22,优,49,8,28,49,7,19,0.61,68
22,2014-10-23,良,63,25,36,53,5,12,1.03,99
23,2014-10-24,优,35,2,15,33,3,14,0.53,59
24,2014-10-25,优,34,2,11,24,3,11,0.75,61
25,2014-10-26,优,22,1,8,15,3,17,0.49,37
26,2014-10-27,优,44,6,21,42,4,17,0.88,71
27,2014-10-28,优,41,10,19,38,3,11,0.45,58
28,2014-10-29,优,39,12,16,38,3,12,0.42,49
29,2014-10-30,优,37,12,16,36,3,16,0.44,37
30,2014-10-31,优,39,13,16,37,3,13,0.74,37
0,2014-09-01,优,17,1,5,14,2,9,0.63,14
1,2014-09-02,优,17,1,6,16,3,10,0.37,18
2,2014-09-03,优,23,3,8,20,3,13,0.65,18
3,2014-09-04,优,29,3,12,28,4,18,0.46,19
4,2014-09-05,优,31,5,13,29,5,13,0.68,29
5,2014-09-06,优,27,1,13,26,4,11,0.48,28
6,2014-09-07,优,30,2,13,27,4,18,0.77,28
7,2014-09-08,优,23,1,9,16,4,11,0.45,35
8,2014-09-09,优,29,7,12,26,4,12,0.72,27
9,2014-09-10,优,23,2,9,22,4,12,0.44,15
10,2014-09-11,优,27,4,11,24,5,14,0.75,15
11,2014-09-12,优,29,13,12,28,5,16,0.46,26
12,2014-09-13,优,34,26,15,31,6,18,0.75,30
13,2014-09-14,优,27,7,12,26,5,14,0.48,29
14,2014-09-15,优,28,11,12,24,4,13,0.71,29
15,2014-09-16,优,29,30,12,24,2,6,0.52,24
16,2014-09-17,优,28,16,12,22,2,12,0.75,21
17,2014-09-18,优,29,14,9,28,2,11,0.46,22
18,2014-09-19,优,33,17,16,30,4,13,0.89,22
19,2014-09-20,优,27,4,13,26,3,13,0.51,34
20,2014-09-21,优,39,12,20,35,6,11,1.1,48
21,2014-09-22,优,45,33,28,43,5,11,0.72,68
22,2014-09-23,良,62,108,40,65,7,19,0.95,76
23,2014-09-24,良,69,133,48,75,8,20,0.74,81
24,2014-09-25,良,57,44,37,58,4,18,0.95,79
25,2014-09-26,优,40,2,23,38,5,16,0.56,43
26,2014-09-27,优,29,4,12,26,3,16,0.69,30
27,2014-09-28,优,24,3,10,23,3,13,0.39,28
28,2014-09-29,优,23,2,9,20,3,13,0.68,26
29,2014-09-30,优,25,2,8,23,5,18,0.47,21
0,2014-08-01,优,29,31,12,28,5,14,0.46,20
1,2014-08-02,优,32,16,12,29,5,18,0.77,19
2,2014-08-03,优,36,12,13,35,6,17,0.53,28
3,2014-08-04,优,39,13,15,37,5,23,0.82,24
4,2014-08-05,优,32,10,11,31,5,21,0.53,24
5,2014-08-06,优,32,18,9,30,5,21,0.73,15
6,2014-08-07,优,24,1,10,23,4,16,0.46,15
7,2014-08-09,优,27,5,13,26,5,14,0.44,15
8,2014-08-10,优,28,9,10,26,4,12,0.67,18
9,2014-08-11,优,29,5,12,28,3,14,0.43,16
10,2014-08-12,优,37,26,12,35,4,16,0.74,15
11,2014-08-13,优,30,13,11,29,3,16,0.42,12
12,2014-08-14,优,32,25,10,29,6,20,0.77,10
13,2014-08-15,优,27,4,11,25,5,14,0.46,22
14,2014-08-16,优,31,4,11,29,5,12,0.71,23
15,2014-08-17,优,34,10,14,33,5,12,0.46,23
16,2014-08-18,优,34,17,15,32,4,12,0.72,25
17,2014-08-19,优,31,19,14,29,5,12,0.45,20
18,2014-08-20,优,22,9,9,19,3,13,0.68,22
19,2014-08-21,优,22,4,9,21,4,12,0.45,23
20,2014-08-23,优,22,2,9,20,4,13,0.43,19
21,2014-08-24,优,25,8,12,21,3,9,0.68,14
22,2014-08-25,优,19,2,11,17,3,9,0.36,12
23,2014-08-26,优,18,2,8,14,3,10,0.79,11
24,2014-08-27,优,13,1,7,12,3,8,0.39,10
25,2014-08-28,优,16,1,6,12,2,8,0.62,13
26,2014-08-29,优,16,2,5,15,3,8,0.38,13
27,2014-08-30,优,20,2,7,16,3,9,0.64,16
28,2014-08-31,优,14,1,6,13,3,8,0.38,15
0,2014-07-01,优,22,3,8,21,3,12,0.43,17
1,2014-07-02,优,29,6,9,28,3,13,0.44,19
2,2014-07-03,优,28,6,10,26,3,10,0.63,23
3,2014-07-04,优,26,5,10,24,3,8,0.39,24
4,2014-07-05,优,29,8,11,26,3,11,0.68,22
5,2014-07-06,优,29,5,11,27,4,9,0.43,28
6,2014-07-07,优,37,2,16,34,6,17,0.76,31
7,2014-07-08,优,35,2,14,33,8,19,0.5,28
8,2014-07-09,优,29,4,11,25,5,13,0.75,30
9,2014-07-10,优,26,6,9,26,6,13,0.48,24
10,2014-07-11,优,25,9,9,22,4,17,0.66,21
11,2014-07-12,优,20,2,7,19,3,13,0.42,19
12,2014-07-13,优,24,7,8,21,3,10,0.57,17
13,2014-07-14,优,19,1,7,18,3,9,0.33,15
14,2014-07-15,优,20,2,6,19,3,9,0.35,18
15,2014-07-16,优,21,6,8,20,4,13,0.41,14
16,2014-07-17,优,22,3,8,20,3,9,0.59,15
17,2014-07-18,优,26,15,7,25,4,5,0.41,17
18,2014-07-19,优,34,29,16,16,2,14,0.8,15
19,2014-07-20,优,26,14,6,24,2,21,0.55,13
20,2014-07-21,优,29,11,10,26,4,15,0.71,27
21,2014-07-22,优,33,11,13,30,6,18,0.41,33
22,2014-07-23,优,31,6,12,29,5,13,0.74,26
23,2014-07-24,优,31,11,10,30,8,18,0.44,30
24,2014-07-25,优,39,29,15,37,7,20,0.88,30
25,2014-07-26,优,31,14,13,30,5,17,0.52,30
26,2014-07-27,优,25,7,9,19,5,14,0.77,38
27,2014-07-28,优,22,1,9,18,5,14,0.49,35
28,2014-07-29,优,24,2,9,21,5,13,0.76,30
29,2014-07-30,优,21,2,9,18,5,10,0.39,28
30,2014-07-31,优,27,3,10,23,7,15,0.75,24
0,2014-06-01,优,24,8,11,24,4,9,0.44,33
1,2014-06-02,优,28,9,13,26,5,10,0.47,30
2,2014-06-03,优,28,5,12,26,3,10,0.44,35
3,2014-06-04,优,29,6,12,28,4,13,0.46,37
4,2014-06-05,优,33,10,12,30,4,12,0.78,40
5,2014-06-06,优,29,2,12,25,3,12,0.48,36
6,2014-06-07,优,32,8,10,26,4,15,0.87,36
7,2014-06-08,优,28,2,13,26,5,16,0.52,34
8,2014-06-09,优,34,6,12,31,7,21,0.86,34
9,2014-06-10,优,32,8,15,30,4,17,0.55,38
10,2014-06-11,优,24,1,9,22,4,17,0.52,21
11,2014-06-12,优,35,3,14,34,3,7,0.45,51
12,2014-06-13,良,53,31,25,54,5,14,0.81,85
13,2014-06-14,良,63,32,37,62,9,19,0.64,78
14,2014-06-15,优,41,9,25,43,4,15,0.5,43
15,2014-06-16,优,36,3,14,34,8,20,0.51,38
16,2014-06-17,优,30,6,10,27,4,19,0.76,33
17,2014-06-18,优,27,3,9,25,6,17,0.49,31
18,2014-06-19,优,36,20,13,34,5,20,0.76,25
19,2014-06-20,优,35,30,14,34,6,18,0.47,22
20,2014-06-21,优,45,52,17,43,5,16,0.76,25
21,2014-06-22,优,27,7,12,26,4,17,0.48,24
22,2014-06-23,优,26,9,9,20,6,15,0.78,26
23,2014-06-24,优,26,7,10,24,4,21,0.62,25
24,2014-06-25,优,32,10,11,30,4,17,0.71,18
25,2014-06-26,优,35,18,14,31,5,13,0.43,32
26,2014-06-27,优,28,1,9,25,3,12,0.68,25
27,2014-06-28,优,26,3,10,25,3,8,0.37,25
28,2014-06-29,优,21,3,9,18,2,7,0.61,19
29,2014-06-30,优,15,1,5,14,3,8,0.36,15
0,2014-05-01,优,30,2,15,27,3,15,0.65,49
1,2014-05-02,优,29,2,10,21,3,8,0.88,50
2,2014-05-03,优,31,2,12,25,3,7,0.55,57
3,2014-05-04,优,24,2,9,21,4,12,0.8,32
4,2014-05-05,优,34,17,16,30,5,15,0.71,46
5,2014-05-06,优,39,12,16,32,3,8,0.86,58
6,2014-05-07,优,30,2,12,27,2,8,0.55,44
7,2014-05-08,优,33,4,12,30,4,16,0.8,22
8,2014-05-09,优,33,10,13,33,4,14,0.51,22
9,2014-05-10,优,32,10,13,30,3,11,0.72,33
10,2014-05-11,优,40,34,16,39,4,15,0.58,38
11,2014-05-12,优,42,17,17,40,5,17,0.8,41
12,2014-05-13,优,32,5,15,31,3,13,0.5,26
13,2014-05-14,优,33,11,14,31,3,11,0.66,36
14,2014-05-15,优,34,7,15,33,3,14,0.47,34
15,2014-05-16,优,37,13,15,35,3,18,0.83,26
16,2014-05-17,优,26,6,12,25,3,11,0.47,28
17,2014-05-18,优,25,7,9,22,3,9,0.63,27
18,2014-05-19,优,30,9,14,30,4,14,0.46,38
19,2014-05-20,优,32,5,12,30,4,13,0.68,32
20,2014-05-21,优,27,4,12,26,3,13,0.44,22
21,2014-05-22,优,31,10,12,29,3,10,0.67,29
22,2014-05-23,优,28,8,12,28,3,10,0.43,24
23,2014-05-24,优,30,9,11,29,4,12,0.68,26
24,2014-05-25,优,18,5,7,17,3,9,0.39,25
25,2014-05-26,优,27,6,9,24,4,11,0.75,27
26,2014-05-27,优,29,3,15,28,6,15,0.48,27
27,2014-05-28,优,41,12,18,39,7,17,0.79,35
28,2014-05-29,优,30,5,15,29,4,21,0.54,24
29,2014-05-30,优,27,6,11,25,3,12,0.76,30
30,2014-05-31,优,25,4,11,24,3,11,0.45,33
0,2014-04-01,优,42,8,20,43,4,19,0.62,17
1,2014-04-02,优,45,12,16,44,4,17,0.98,25
2,2014-04-03,优,31,5,15,30,4,20,0.74,15
3,2014-04-04,优,36,1,15,25,4,9,0.92,73
4,2014-04-05,优,43,3,21,42,4,8,0.61,66
5,2014-04-06,优,36,1,16,30,4,11,0.85,49
6,2014-04-07,优,50,9,20,53,4,9,0.53,58
7,2014-04-08,良,53,10,21,56,4,14,0.79,38
8,2014-04-09,优,38,2,15,37,4,11,0.55,25
9,2014-04-10,优,32,2,14,29,3,8,0.77,16
10,2014-04-11,优,34,2,16,33,3,8,0.49,17
11,2014-04-12,优,35,2,16,32,3,8,0.84,11
12,2014-04-13,优,33,3,15,33,3,7,0.49,11
13,2014-04-14,优,36,3,17,35,3,9,0.5,12
14,2014-04-15,优,36,2,16,35,3,8,0.53,24
15,2014-04-16,优,35,2,14,33,2,10,0.78,36
16,2014-04-17,优,34,2,13,33,2,10,0.52,34
17,2014-04-18,优,37,6,16,34,3,10,0.77,26
18,2014-04-19,优,30,1,13,29,3,9,0.49,21
19,2014-04-20,优,30,4,13,27,3,10,0.72,21
20,2014-04-21,优,29,3,13,28,2,9,0.47,14
21,2014-04-22,优,32,4,13,30,2,9,0.65,13
22,2014-04-23,优,27,1,12,26,2,7,0.41,8
23,2014-04-24,优,29,4,12,26,3,7,0.64,11
24,2014-04-25,优,28,3,13,27,3,8,0.42,18
25,2014-04-26,优,28,4,13,26,3,7,0.65,20
26,2014-04-27,优,34,6,18,32,4,8,0.48,46
27,2014-04-28,优,37,2,17,31,6,8,0.96,67
28,2014-04-29,良,55,5,33,49,5,10,0.9,96
29,2014-04-30,优,37,1,21,35,4,14,1.0,56
0,2014-03-01,优,34,13,12,34,4,18,0.47,22
1,2014-03-02,优,33,9,16,32,4,16,0.46,15
2,2014-03-03,优,34,5,14,31,3,12,0.72,13
3,2014-03-04,优,29,4,12,28,3,15,0.46,13
4,2014-03-05,良,51,32,32,53,4,35,1.08,17
5,2014-03-06,优,38,8,17,37,3,11,0.6,34
6,2014-03-07,优,38,23,14,35,3,11,0.84,38
7,2014-03-08,优,48,34,20,48,3,14,0.57,41
8,2014-03-09,优,28,9,17,25,4,21,0.87,16
9,2014-03-10,优,16,1,7,15,4,15,0.71,32
10,2014-03-11,优,38,6,13,36,3,13,0.84,40
11,2014-03-12,优,49,16,23,50,4,20,0.62,40
12,2014-03-13,优,42,4,25,39,4,22,1.06,17
13,2014-03-14,良,56,6,37,55,7,19,0.95,32
14,2014-03-15,良,58,3,36,63,6,16,1.13,39
15,2014-03-16,优,50,3,23,52,3,16,0.62,41
16,2014-03-17,良,53,3,25,54,4,12,0.83,36
17,2014-03-18,优,42,2,20,41,3,13,0.55,20
18,2014-03-19,优,41,3,19,39,4,12,0.78,21
19,2014-03-20,优,37,3,19,36,4,11,0.52,21
20,2014-03-21,良,58,28,37,61,8,16,1.01,24
21,2014-03-22,优,43,1,23,44,4,9,0.68,58
22,2014-03-23,优,42,1,16,38,3,8,0.69,61
23,2014-03-25,优,44,4,17,43,3,11,0.49,30
24,2014-03-26,优,37,1,18,36,3,8,0.47,27
25,2014-03-27,优,35,2,14,33,3,9,0.74,16
26,2014-03-28,优,32,4,11,32,3,7,0.44,11
27,2014-03-29,优,35,8,13,32,4,13,0.76,10
28,2014-03-30,优,36,8,12,36,3,9,0.47,10
29,2014-03-31,优,35,7,14,33,4,11,0.76,15
0,2014-02-01,优,39,5,25,37,4,7,0.45,44
1,2014-02-02,优,33,3,21,31,5,10,0.47,28
2,2014-02-03,优,33,5,20,31,4,15,0.44,25
3,2014-02-04,优,31,2,19,30,4,10,0.45,28
4,2014-02-05,优,32,14,16,29,3,7,0.81,46
5,2014-02-06,优,18,3,8,18,3,7,0.45,22
6,2014-02-07,优,23,9,9,20,3,8,0.67,15
7,2014-02-08,优,26,8,14,25,3,7,0.41,14
8,2014-02-09,优,35,40,22,30,4,13,0.86,11
9,2014-02-10,优,25,2,17,22,4,10,0.88,16
10,2014-02-11,良,55,28,39,45,4,12,1.21,24
11,2014-02-12,优,32,2,22,28,4,13,0.84,26
12,2014-02-13,优,30,6,19,22,5,12,1.07,21
13,2014-02-14,良,61,22,43,53,7,10,0.85,34
14,2014-02-15,良,57,18,38,50,5,17,1.14,36
15,2014-02-16,良,54,33,28,59,5,27,0.87,28
16,2014-02-17,优,36,9,19,34,5,21,0.98,29
17,2014-02-18,优,37,29,23,35,4,15,0.7,22
18,2014-02-19,优,23,15,14,17,5,13,1.22,24
19,2014-02-20,优,34,8,20,32,7,14,0.78,35
20,2014-02-21,良,53,8,18,55,4,15,0.5,56
21,2014-02-22,优,43,1,19,43,3,12,0.51,44
22,2014-02-23,优,47,3,22,47,4,13,0.74,45
23,2014-02-24,优,38,2,16,37,3,13,0.49,36
24,2014-02-25,优,33,5,12,30,3,12,0.71,27
25,2014-02-26,优,33,1,16,32,4,15,0.48,23
26,2014-02-27,优,37,4,16,34,4,13,0.75,23
27,2014-02-28,优,27,4,11,26,3,11,0.45,23
0,2014-01-01,轻度污染,140,119,113,147,17,62,1.38,70
1,2014-01-02,轻度污染,122,72,96,106,14,45,1.67,94
2,2014-01-03,良,69,20,48,70,6,27,0.89,54
3,2014-01-04,轻度污染,121,90,91,118,16,33,1.3,67
4,2014-01-05,中度污染,152,90,115,142,14,26,1.17,82
5,2014-01-06,良,94,31,70,108,6,16,1.19,80
6,2014-01-07,良,62,16,41,68,4,20,0.71,37
7,2014-01-08,优,44,13,24,44,4,13,0.75,29
8,2014-01-09,良,66,61,47,66,8,17,1.3,35
9,2014-01-10,良,56,12,33,57,5,15,1.1,45
10,2014-01-11,优,47,6,22,48,3,8,0.57,52
11,2014-01-12,良,70,46,47,69,8,8,0.94,79
12,2014-01-13,良,70,50,50,69,10,11,1.08,38
13,2014-01-14,良,87,60,64,79,13,16,1.19,38
14,2014-01-15,良,71,27,51,69,9,16,0.81,65
15,2014-01-16,良,53,7,29,56,5,9,0.73,79
16,2014-01-17,良,76,13,51,76,9,16,0.67,85
17,2014-01-18,轻度污染,110,54,83,110,13,30,1.14,84
18,2014-01-19,良,84,8,62,90,11,17,0.72,87
19,2014-01-20,良,91,56,67,98,11,16,0.97,111
20,2014-01-21,轻度污染,129,160,97,130,20,18,0.92,98
21,2014-01-22,良,75,30,51,93,13,14,0.85,98
22,2014-01-24,优,50,7,26,51,4,21,0.77,52
23,2014-01-25,优,42,6,22,41,5,19,0.54,46
24,2014-01-26,良,54,24,31,49,6,13,0.9,69
25,2014-01-27,良,58,36,36,57,6,12,0.64,68
26,2014-01-28,良,51,26,26,50,4,10,0.77,56
27,2014-01-29,优,47,14,28,47,4,10,0.49,63
28,2014-01-30,优,50,6,30,49,6,9,0.82,63
29,2014-01-31,良,81,11,59,80,10,6,0.5,57
0,2013-12-01,良,57,7,32,57,13,20,0.81,84
1,2013-12-02,良,57,3,39,69,16,22,0.63,82
2,2013-12-03,良,59,3,35,64,8,15,0.88,97
3,2013-12-04,良,67,5,55,82,12,13,0.65,114
4,2013-12-05,良,84,21,60,86,12,17,1.0,106
5,2013-12-06,良,69,14,52,82,16,21,0.63,96
6,2013-12-07,良,95,20,82,113,19,40,1.14,76
7,2013-12-08,轻度污染,108,15,71,95,9,32,0.83,65
8,2013-12-09,轻度污染,104,31,74,101,10,18,1.08,85
9,2013-12-10,轻度污染,134,73,131,166,17,27,1.21,69
10,2013-12-11,中度污染,170,102,127,166,19,18,1.54,72
11,2013-12-12,中度污染,157,106,91,121,15,22,1.12,36
12,2013-12-13,良,99,44,73,93,9,28,1.37,24
13,2013-12-14,轻度污染,101,35,60,83,7,20,0.98,33
14,2013-12-15,优,48,6,17,23,4,19,1.15,19
15,2013-12-16,优,17,1,6,7,4,12,0.92,29
16,2013-12-17,优,18,4,10,16,5,13,1.07,29
17,2013-12-18,优,31,16,28,36,10,14,0.74,39
18,2013-12-19,优,38,17,22,33,7,14,0.83,42
19,2013-12-20,优,39,4,29,44,9,14,0.52,48
20,2013-12-21,良,54,7,47,66,16,16,0.94,47
21,2013-12-22,良,85,13,74,97,18,14,0.83,66
22,2013-12-23,轻度污染,102,22,75,97,18,16,1.07,75
23,2013-12-24,良,93,15,62,86,16,17,0.77,80
24,2013-12-25,良,81,9,59,82,17,16,0.97,81
25,2013-12-26,良,82,15,64,89,17,21,0.81,81
26,2013-12-27,轻度污染,104,49,88,115,24,17,1.17,86
27,2013-12-28,轻度污染,145,86,121,150,31,19,1.21,90
28,2013-12-29,轻度污染,141,94,76,104,21,20,1.11,77
29,2013-12-30,良,83,19,57,85,18,28,0.76,77
30,2013-12-31,良,99,44,89,122,21,39,1.35,80
0,2013-11-01,良,62,24,38,67,9,22,0.9,70
1,2013-11-02,良,87,33,64,91,10,16,0.78,75
2,2013-11-03,良,83,40,61,87,13,16,1.2,58
3,2013-11-04,良,62,17,44,63,10,12,0.77,48
4,2013-11-05,优,47,2,30,46,5,10,0.99,48
5,2013-11-06,良,61,6,40,56,7,16,0.8,46
6,2013-11-07,良,54,3,34,54,6,10,0.57,59
7,2013-11-08,优,45,3,26,48,3,9,0.55,53
8,2013-11-09,良,55,10,37,60,6,10,0.87,73
9,2013-11-10,优,44,10,11,25,3,4,0.35,19
10,2013-11-11,优,22,1,7,20,2,8,0.59,11
11,2013-11-12,优,21,3,9,21,4,12,0.7,25
12,2013-11-13,优,26,5,15,25,6,14,1.24,19
13,2013-11-14,优,24,1,15,27,6,17,0.82,22
14,2013-11-15,优,33,2,18,33,6,13,1.02,38
15,2013-11-16,优,47,2,36,58,10,15,0.78,76
16,2013-11-17,良,60,12,41,67,10,23,1.13,55
17,2013-11-18,良,64,26,47,92,13,14,0.65,91
18,2013-11-19,良,71,28,39,93,8,10,0.77,96
19,2013-11-20,良,68,19,30,65,4,13,0.51,65
20,2013-11-21,良,60,8,39,73,6,11,0.81,73
21,2013-11-22,良,56,11,27,52,4,10,0.45,61
22,2013-11-23,优,47,1,19,45,3,10,0.67,45
23,2013-11-24,优,48,2,22,48,3,13,0.5,33
24,2013-11-25,优,48,1,23,48,8,10,1.09,61
25,2013-11-26,良,59,15,27,75,7,16,0.68,69
26,2013-11-27,良,62,20,27,70,4,13,0.85,44
27,2013-11-28,优,49,11,17,24,5,13,0.59,39
28,2013-11-29,优,49,7,23,57,12,12,0.72,65
29,2013-11-30,良,54,7,30,60,13,22,0.54,73
0,2013-10-28,优,50,7,28,50,4,8,0.73,77
1,2013-10-29,优,31,3,14,28,4,18,0.49,39
2,2013-10-30,优,43,7,19,41,3,9,0.68,51
3,2013-10-31,优,41,3,19,41,4,14,0.48,44
