0,2019-12-01,良,92,322,68,59,4,40,0.8,16
1,2019-12-02,轻度污染,121,348,91,90,8,55,0.92,30
2,2019-12-03,良,95,313,65,94,8,74,0.98,25
3,2019-12-04,良,70,221,48,82,9,70,0.99,23
4,2019-12-05,良,96,313,71,100,13,71,0.98,26
5,2019-12-06,优,48,117,29,47,5,42,0.53,35
6,2019-12-07,良,67,162,46,77,9,69,0.73,24
7,2019-12-08,良,83,179,61,82,9,71,0.74,33
8,2019-12-09,良,79,151,56,89,9,74,0.75,29
9,2019-12-10,良,93,200,67,109,10,83,0.99,22
0,2019-11-01,轻度污染,110,314,64,169,13,83,1.15,67
1,2019-11-02,良,97,291,58,142,12,69,0.9,83
2,2019-11-03,良,62,205,31,74,9,48,0.66,69
3,2019-11-04,良,54,109,25,60,7,38,0.59,65
4,2019-11-05,良,65,181,43,75,7,56,0.74,60
5,2019-11-06,良,64,185,39,76,8,60,0.76,49
6,2019-11-07,良,62,188,42,68,7,42,0.63,74
7,2019-11-08,良,75,263,54,85,7,54,0.81,55
8,2019-11-09,良,98,270,73,111,13,76,0.96,53
9,2019-11-10,良,80,231,46,92,7,53,0.64,66
10,2019-11-11,良,83,275,35,115,8,75,0.67,45
11,2019-11-12,良,72,217,34,96,9,68,0.64,34
12,2019-11-13,良,67,250,37,73,7,44,0.56,40
13,2019-11-14,良,62,232,20,74,7,49,0.45,36
14,2019-11-15,良,69,226,29,89,9,70,0.66,37
15,2019-11-16,良,85,260,51,120,12,91,0.87,31
16,2019-11-17,轻度污染,137,323,102,130,9,65,1.22,19
17,2019-11-18,良,77,240,28,102,5,29,0.42,41
18,2019-11-19,轻度污染,101,305,36,153,9,53,0.59,25
19,2019-11-20,良,79,259,35,107,11,57,0.73,31
20,2019-11-21,良,69,225,31,88,8,57,0.7,25
21,2019-11-22,良,66,182,37,81,11,71,0.81,25
22,2019-11-23,良,64,164,37,78,9,64,0.83,29
23,2019-11-24,轻度污染,138,344,105,118,8,54,1.0,18
24,2019-11-25,优,31,125,20,25,4,27,0.48,28
25,2019-11-26,优,36,94,21,35,5,39,0.5,16
26,2019-11-27,优,47,189,33,29,4,33,0.61,27
27,2019-11-28,优,49,214,29,43,5,33,0.49,28
28,2019-11-29,优,40,98,18,40,5,40,0.46,33
29,2019-11-30,良,55,169,36,47,5,46,0.71,6
0,2019-10-01,良,55,142,35,62,7,30,0.75,70
1,2019-10-02,优,43,111,25,43,5,23,0.56,38
2,2019-10-03,良,58,192,31,65,7,44,0.81,48
3,2019-10-04,良,69,302,40,78,8,36,0.77,98
4,2019-10-05,优,33,182,18,36,3,18,0.54,47
5,2019-10-06,优,38,218,11,39,6,31,0.52,41
6,2019-10-07,优,31,90,18,25,4,25,0.51,36
7,2019-10-08,优,49,238,34,43,5,41,0.67,34
8,2019-10-09,良,62,285,43,64,8,45,0.91,62
9,2019-10-10,良,76,339,55,70,6,36,0.95,59
10,2019-10-11,良,56,217,39,49,4,35,0.78,47
11,2019-10-12,良,76,337,55,54,4,43,0.86,24
12,2019-10-13,良,74,342,51,69,5,41,0.88,35
13,2019-10-14,良,52,268,29,55,3,29,0.53,54
14,2019-10-15,优,36,146,12,36,4,28,0.34,60
15,2019-10-16,优,46,203,14,47,6,41,0.39,51
16,2019-10-17,良,63,262,39,74,10,49,0.65,59
17,2019-10-18,良,66,264,41,81,9,64,0.74,57
18,2019-10-19,良,71,243,47,88,10,68,0.86,65
19,2019-10-20,良,82,264,54,94,11,74,0.92,89
20,2019-10-21,良,84,289,56,100,12,73,0.94,93
21,2019-10-22,良,65,195,42,74,10,52,0.87,65
22,2019-10-23,良,67,221,43,70,7,54,0.77,63
23,2019-10-24,良,94,305,64,130,10,88,1.08,56
24,2019-10-25,良,93,351,67,106,7,62,0.86,27
25,2019-10-26,良,63,301,37,74,9,49,0.63,21
26,2019-10-27,良,78,299,52,102,9,65,0.76,21
27,2019-10-28,轻度污染,101,267,64,130,7,63,0.85,40
28,2019-10-29,中度污染,179,343,70,301,7,59,0.63,44
29,2019-10-30,中度污染,156,337,71,259,8,74,0.72,43
30,2019-10-31,轻度污染,114,298,53,179,9,77,0.8,51
31,2019-10-31,轻度污染,114,298,53,179,9,77,0.8,51
0,2019-09-01,优,39,187,23,39,4,29,0.73,78
1,2019-09-02,优,36,160,20,33,4,28,0.74,62
2,2019-09-03,优,26,58,9,19,3,23,0.57,58
3,2019-09-04,优,29,69,8,25,3,23,0.46,64
4,2019-09-05,优,45,206,21,47,4,33,0.65,60
5,2019-09-06,优,39,150,20,39,4,25,0.65,60
6,2019-09-07,良,80,320,46,91,6,46,0.86,106
7,2019-09-08,轻度污染,104,359,66,130,6,64,1.08,103
8,2019-09-09,良,61,241,34,70,5,35,0.75,90
9,2019-09-10,良,53,243,26,56,5,26,0.67,77
10,2019-09-11,优,44,242,19,44,4,21,0.66,72
11,2019-09-12,良,67,333,30,66,5,27,0.86,101
12,2019-09-13,良,71,352,32,64,6,24,0.87,121
13,2019-09-14,良,70,355,50,74,5,19,1.1,58
14,2019-09-15,优,35,150,14,33,4,22,0.73,71
15,2019-09-16,优,45,235,15,46,6,26,0.63,84
16,2019-09-17,良,60,306,30,71,9,28,0.82,97
17,2019-09-18,良,63,324,35,73,6,24,0.78,99
18,2019-09-19,优,45,203,11,44,4,22,0.37,87
19,2019-09-20,优,43,164,9,41,4,28,0.35,83
20,2019-09-21,优,48,201,15,51,6,24,0.48,102
21,2019-09-22,优,49,201,15,53,6,29,0.45,92
22,2019-09-23,良,53,185,15,58,8,42,0.48,82
23,2019-09-24,良,80,322,34,100,8,78,0.8,76
24,2019-09-25,良,84,327,44,117,10,94,0.96,64
25,2019-09-26,良,77,311,40,93,8,58,0.78,68
26,2019-09-27,良,75,301,44,91,8,56,0.81,86
27,2019-09-28,良,91,316,57,105,9,76,0.98,89
28,2019-09-29,良,94,341,57,110,10,78,0.96,98
29,2019-09-30,良,71,227,43,82,8,46,0.79,106
0,2019-08-06,良,58,308,17,50,4,37,0.59,77
1,2019-08-07,良,65,323,24,51,4,30,0.59,89
2,2019-08-08,良,61,312,26,50,4,24,0.6,87
3,2019-08-09,优,38,149,14,35,4,18,0.52,47
4,2019-08-10,优,17,11,5,13,2,10,0.42,20
5,2019-08-11,优,22,48,8,17,2,10,0.48,44
6,2019-08-21,良,73,358,35,74,6,31,0.81,122
7,2019-08-22,良,57,252,30,60,5,23,0.74,116
8,2019-08-23,良,60,261,27,56,5,23,0.69,127
9,2019-08-24,良,73,319,28,65,7,29,0.82,137
10,2019-08-25,良,56,264,26,63,6,21,0.85,101
11,2019-08-26,优,46,224,23,47,4,24,0.71,59
12,2019-08-27,优,38,213,18,38,3,21,0.6,52
13,2019-08-28,优,25,51,7,20,3,25,0.6,49
0,2019-07-01,良,77,313,31,75,3,27,0.77,116
1,2019-07-02,良,72,276,30,48,3,23,0.66,120
2,2019-07-03,良,67,253,24,52,4,24,0.65,117
3,2019-07-04,良,82,304,44,71,4,33,0.83,125
4,2019-07-05,良,76,277,36,65,4,29,0.73,105
5,2019-07-06,优,50,187,23,43,2,15,0.61,92
6,2019-07-07,良,69,322,19,36,3,18,0.54,126
7,2019-07-12,优,47,249,28,49,3,40,0.65,59
8,2019-07-13,优,36,164,17,30,3,20,0.56,97
9,2019-07-14,良,51,250,27,45,3,28,0.6,104
10,2019-07-15,良,73,330,36,65,4,36,0.73,126
11,2019-07-16,良,61,298,41,67,5,32,0.8,109
12,2019-07-17,良,53,287,35,52,3,24,0.72,87
13,2019-07-18,优,40,213,26,37,3,17,0.58,60
14,2019-07-19,优,28,101,12,28,3,18,0.48,40
15,2019-07-20,优,32,103,10,30,3,22,0.54,53
16,2019-07-21,良,54,255,21,57,6,34,0.71,80
17,2019-07-22,良,67,315,38,72,5,30,0.89,115
18,2019-07-23,优,45,248,22,45,3,22,0.71,67
19,2019-07-24,优,47,258,21,47,3,24,0.63,68
20,2019-07-25,优,49,272,20,51,4,27,0.58,61
21,2019-07-26,良,51,266,22,54,4,24,0.59,84
0,2019-06-01,轻度污染,102,349,44,73,7,40,0.76,145
1,2019-06-02,良,95,313,42,76,3,27,0.75,129
2,2019-06-03,良,67,220,32,58,4,25,0.72,112
3,2019-06-04,良,81,262,30,74,4,29,0.68,124
4,2019-06-05,良,74,290,33,70,6,24,0.74,118
5,2019-06-06,优,50,200,10,21,2,15,0.55,95
6,2019-06-07,良,63,249,22,38,1,21,0.68,114
7,2019-06-08,良,81,318,30,50,5,23,0.73,137
8,2019-06-09,良,96,340,34,65,3,29,0.81,145
9,2019-06-10,良,77,298,20,47,3,22,0.54,128
10,2019-06-11,良,59,246,14,38,4,31,0.45,100
11,2019-06-14,良,59,286,24,54,3,35,0.6,162
12,2019-06-15,良,74,313,26,60,3,39,0.58,144
13,2019-06-17,优,41,177,21,40,3,30,0.63,80
14,2019-06-18,优,24,71,9,17,2,24,0.65,57
15,2019-06-19,优,27,77,14,26,2,33,0.73,40
16,2019-06-20,优,29,133,15,18,2,25,0.88,55
17,2019-06-25,良,65,263,27,54,4,24,0.64,110
18,2019-06-26,良,65,273,28,48,3,25,0.64,101
19,2019-06-27,良,79,304,40,61,4,29,0.92,112
20,2019-06-28,良,76,330,44,72,4,29,0.9,111
21,2019-06-29,优,45,187,12,18,2,17,0.75,86
22,2019-06-30,优,48,200,8,21,1,18,0.62,94
0,2019-05-01,良,63,203,24,65,4,32,0.62,79
1,2019-05-02,良,70,236,24,78,5,49,0.66,77
2,2019-05-03,良,71,203,26,76,8,49,0.63,89
3,2019-05-04,良,73,223,24,74,9,37,0.56,114
4,2019-05-05,良,81,268,34,85,11,42,0.71,114
5,2019-05-06,良,61,250,17,62,3,18,0.42,101
6,2019-05-07,良,58,223,15,64,6,34,0.53,79
7,2019-05-08,良,67,267,23,73,7,44,0.55,93
8,2019-05-09,良,75,262,30,85,4,50,0.58,92
9,2019-05-10,良,81,260,36,92,4,62,0.68,84
10,2019-05-11,良,86,260,38,84,4,59,0.7,99
11,2019-05-12,良,86,221,44,96,5,54,0.84,101
12,2019-05-13,良,80,229,56,99,4,28,0.85,102
13,2019-05-14,良,83,245,56,89,3,32,0.88,106
14,2019-05-15,良,60,183,41,52,3,39,0.81,51
15,2019-05-16,良,70,246,50,66,3,39,0.81,60
16,2019-05-17,良,77,307,56,68,3,39,1.01,67
17,2019-05-18,优,36,22,12,20,2,18,0.47,69
18,2019-05-19,优,41,72,11,32,3,19,0.45,81
19,2019-05-20,良,69,259,19,83,5,25,0.42,90
20,2019-05-21,良,74,258,23,82,4,46,0.48,84
21,2019-05-22,良,86,287,34,95,5,44,0.59,105
22,2019-05-23,良,94,283,44,99,5,57,0.67,106
23,2019-05-24,良,98,302,55,109,6,42,0.85,105
24,2019-05-25,优,46,88,21,42,3,18,0.75,68
25,2019-05-26,优,33,63,5,14,1,17,0.73,66
26,2019-05-27,良,57,270,17,53,2,21,0.76,90
27,2019-05-28,良,58,258,9,32,3,21,0.43,105
28,2019-05-29,良,67,273,14,44,5,32,0.46,115
29,2019-05-30,良,59,248,20,46,2,30,0.49,100
30,2019-05-31,良,59,221,29,41,2,27,0.56,98
0,2019-04-01,良,69,269,32,83,8,55,0.62,71
1,2019-04-02,良,75,285,39,97,14,73,0.73,38
2,2019-04-03,良,77,280,49,91,8,46,0.75,88
3,2019-04-04,良,88,272,64,92,11,60,0.85,68
4,2019-04-05,良,82,255,58,84,5,38,0.8,84
5,2019-04-06,良,66,189,38,72,6,31,0.8,91
6,2019-04-07,良,85,270,50,113,7,52,0.97,87
7,2019-04-08,轻度污染,114,325,74,116,10,38,1.18,91
8,2019-04-09,良,60,288,41,51,4,25,0.83,54
9,2019-04-10,良,67,307,48,51,2,23,0.63,47
10,2019-04-11,良,65,279,46,41,2,35,0.78,49
11,2019-04-12,良,75,248,54,72,5,49,0.97,66
12,2019-04-13,良,94,305,61,93,7,61,0.94,72
13,2019-04-14,良,72,298,40,84,5,52,0.74,67
14,2019-04-15,良,65,203,35,69,7,45,0.64,89
15,2019-04-16,良,69,236,33,81,6,49,0.69,79
16,2019-04-17,良,77,235,43,95,6,43,0.74,75
17,2019-04-18,良,65,168,24,71,5,31,0.65,96
18,2019-04-19,良,86,297,48,83,4,32,0.74,100
19,2019-04-20,良,65,223,45,67,3,28,0.72,69
20,2019-04-21,良,68,239,48,68,4,33,0.72,27
21,2019-04-22,优,40,69,26,38,2,27,0.67,29
22,2019-04-23,优,48,109,30,40,2,29,0.73,31
23,2019-04-24,良,52,111,30,51,3,34,0.8,66
24,2019-04-25,良,74,290,53,71,4,32,0.9,44
25,2019-04-26,优,45,84,24,44,2,23,0.51,49
26,2019-04-27,良,55,188,19,59,5,29,0.59,92
27,2019-04-28,良,52,173,31,52,4,30,0.6,56
28,2019-04-29,优,35,64,17,23,1,24,0.57,53
29,2019-04-30,优,39,83,19,37,2,29,0.63,58
0,2019-03-01,良,100,234,74,65,5,50,0.86,33
1,2019-03-02,轻度污染,148,303,112,62,4,40,1.01,63
2,2019-03-03,良,93,241,69,78,3,36,0.66,56
3,2019-03-04,良,83,207,60,74,4,46,0.94,44
4,2019-03-05,轻度污染,106,251,79,60,4,52,0.95,45
5,2019-03-06,轻度污染,131,333,98,92,6,50,1.04,55
6,2019-03-07,良,64,185,37,75,4,28,0.48,70
7,2019-03-08,良,62,176,40,72,6,45,0.61,49
8,2019-03-09,良,76,230,55,85,6,47,0.67,65
9,2019-03-10,轻度污染,124,329,93,118,8,58,0.85,82
10,2019-03-11,轻度污染,119,360,73,138,5,56,0.71,68
11,2019-03-12,良,80,274,36,108,7,49,0.63,59
12,2019-03-13,良,87,321,54,119,10,56,0.82,47
13,2019-03-14,良,66,240,38,76,6,45,0.61,75
14,2019-03-15,良,71,297,37,89,7,53,0.58,63
15,2019-03-16,良,77,299,44,103,11,72,0.7,52
16,2019-03-17,良,82,272,54,110,11,71,0.85,56
17,2019-03-18,良,75,242,51,77,7,42,0.72,86
18,2019-03-19,良,66,168,44,57,4,30,0.78,79
19,2019-03-20,良,54,108,34,54,5,25,0.81,64
20,2019-03-21,良,89,318,62,76,4,36,0.86,46
21,2019-03-22,优,43,134,23,41,3,26,0.46,63
22,2019-03-23,良,53,225,28,58,4,46,0.5,59
23,2019-03-24,良,78,268,55,94,11,69,0.82,47
24,2019-03-25,优,49,104,24,42,4,29,0.5,84
25,2019-03-26,良,61,171,38,67,5,47,0.66,63
26,2019-03-27,良,63,159,29,73,4,52,0.66,42
27,2019-03-28,良,76,255,53,79,5,49,0.95,36
28,2019-03-29,轻度污染,123,351,92,112,7,59,1.05,46
29,2019-03-30,轻度污染,114,352,79,115,7,43,0.88,59
30,2019-03-31,良,64,258,18,76,7,32,0.47,74
0,2019-02-01,良,81,224,59,43,3,24,0.91,65
1,2019-02-02,良,68,136,48,29,3,27,0.98,45
2,2019-02-03,轻度污染,123,289,91,64,2,22,1.27,39
3,2019-02-04,轻度污染,143,313,108,129,5,29,1.38,48
4,2019-02-05,中度污染,180,292,139,159,7,25,1.16,51
5,2019-02-06,轻度污染,103,253,77,70,3,18,1.09,39
6,2019-02-07,轻度污染,107,308,79,83,2,14,0.89,45
7,2019-02-08,优,31,51,19,18,2,10,0.37,58
8,2019-02-09,良,54,201,38,20,2,13,0.6,49
9,2019-02-10,良,61,212,43,38,3,15,0.68,57
10,2019-02-11,良,66,198,47,35,2,23,0.7,39
11,2019-02-12,良,72,238,51,5,3,34,0.95,24
12,2019-02-13,优,44,122,30,15,2,27,0.63,43
13,2019-02-14,优,38,82,25,15,2,27,0.8,49
14,2019-02-15,良,57,195,40,25,2,26,0.79,34
15,2019-02-16,轻度污染,118,335,89,86,4,29,0.99,38
16,2019-02-17,良,56,220,39,44,5,28,0.65,54
17,2019-02-18,优,48,158,34,15,3,36,0.78,32
18,2019-02-19,优,49,125,34,19,2,22,0.65,43
19,2019-02-20,轻度污染,101,232,75,13,2,29,0.81,44
20,2019-02-21,轻度污染,119,255,89,15,3,30,0.81,62
21,2019-02-22,良,62,147,44,25,2,41,0.69,39
22,2019-02-23,轻度污染,108,229,80,77,3,51,0.94,39
23,2019-02-24,轻度污染,137,271,103,109,6,68,1.38,47
24,2019-02-25,轻度污染,142,291,107,129,8,87,1.38,57
25,2019-02-26,轻度污染,144,306,108,69,6,58,1.15,46
26,2019-02-27,优,44,82,29,25,2,32,0.55,52
27,2019-02-28,良,80,215,58,51,2,44,0.66,34
0,2019-01-01,良,72,203,51,60,6,34,0.66,48
1,2019-01-02,轻度污染,108,246,80,89,11,52,0.97,26
2,2019-01-03,轻度污染,149,279,113,131,12,66,1.28,9
3,2019-01-04,轻度污染,134,277,101,11,4,49,1.12,9
4,2019-01-05,中度污染,151,301,113,29,4,43,1.51,13
5,2019-01-06,轻度污染,135,288,102,26,4,47,1.3,17
6,2019-01-07,良,81,197,59,24,3,40,0.93,8
7,2019-01-08,轻度污染,123,281,92,41,4,45,1.25,16
8,2019-01-09,良,62,195,44,2,4,41,0.82,23
9,2019-01-10,优,50,137,34,34,3,36,0.59,15
10,2019-01-11,优,47,112,32,17,3,35,0.65,7
11,2019-01-12,轻度污染,115,237,86,74,4,46,0.97,29
12,2019-01-13,轻度污染,144,257,109,122,9,66,1.35,22
13,2019-01-14,中度污染,186,292,140,67,6,51,1.54,22
14,2019-01-15,重度污染,202,358,156,68,7,50,1.45,21
15,2019-01-16,良,69,209,29,86,7,43,0.54,22
16,2019-01-17,良,91,238,59,126,9,63,0.93,23
17,2019-01-18,良,99,222,73,112,9,60,0.99,41
18,2019-01-19,轻度污染,143,301,108,109,4,38,1.2,33
19,2019-01-20,重度污染,210,356,164,131,11,59,1.46,24
20,2019-01-21,轻度污染,128,329,96,97,12,64,1.11,27
21,2019-01-22,良,92,218,66,97,10,65,0.88,39
22,2019-01-23,轻度污染,131,323,99,129,10,86,1.14,36
23,2019-01-24,轻度污染,120,244,90,122,15,88,1.11,43
24,2019-01-25,中度污染,163,330,123,125,13,64,1.12,48
25,2019-01-26,优,45,57,27,41,5,32,0.44,48
26,2019-01-27,良,71,156,50,77,9,57,0.66,27
27,2019-01-28,中度污染,168,334,127,96,7,54,0.91,20
28,2019-01-29,中度污染,152,314,115,20,6,47,1.09,24
29,2019-01-30,轻度污染,114,264,86,15,3,40,1.21,9
30,2019-01-31,优,50,139,31,21,2,22,0.82,46
0,2018-12-01,重度污染,224,325,176,182,5,51,1.45,26
1,2018-12-02,中度污染,191,295,144,130,5,48,1.41,24
2,2018-12-03,轻度污染,116,240,87,19,3,38,1.39,9
3,2018-12-04,良,51,154,29,51,4,32,0.9,24
4,2018-12-05,良,56,169,22,65,3,30,0.48,31
5,2018-12-06,优,32,66,17,24,3,23,0.47,35
6,2018-12-07,良,55,285,32,54,4,27,0.59,29
7,2018-12-08,优,45,195,22,45,6,25,0.57,36
8,2018-12-09,良,54,190,37,48,7,32,0.66,29
9,2018-12-10,优,44,153,30,7,3,39,0.64,11
10,2018-12-11,良,85,261,62,44,3,40,0.9,14
11,2018-12-12,中度污染,191,358,143,52,12,57,1.18,30
12,2018-12-13,中度污染,155,342,117,104,11,79,1.19,28
13,2018-12-14,轻度污染,106,263,79,99,9,65,0.95,20
14,2018-12-15,良,75,179,54,74,7,55,0.79,7
15,2018-12-16,轻度污染,110,237,79,107,7,54,0.89,26
16,2018-12-17,轻度污染,111,273,82,115,8,67,0.94,39
17,2018-12-18,轻度污染,112,280,84,110,9,66,1.05,30
18,2018-12-19,良,85,175,60,95,8,75,1.03,14
19,2018-12-20,良,65,109,45,61,5,59,0.93,21
20,2018-12-21,良,87,233,64,72,7,54,1.07,21
21,2018-12-28,良,55,238,35,50,4,23,0.54,37
22,2018-12-29,良,60,248,32,69,9,36,0.54,27
23,2018-12-30,良,58,188,40,46,6,38,0.63,26
24,2018-12-31,良,56,151,39,42,4,35,0.59,32
0,2018-11-01,良,66,187,44,74,10,54,0.79,66
1,2018-11-02,良,56,120,34,58,8,49,0.67,52
2,2018-11-03,良,57,150,37,60,7,50,0.67,44
3,2018-11-04,良,69,250,49,68,7,50,0.77,32
4,2018-11-05,良,68,302,48,64,5,44,0.79,29
5,2018-11-06,优,31,67,18,10,2,24,0.57,41
6,2018-11-07,优,16,8,8,10,2,27,0.56,22
7,2018-11-08,优,26,52,16,21,2,30,0.64,29
8,2018-11-09,优,48,142,29,47,5,46,0.69,35
9,2018-11-10,良,67,223,47,69,9,65,0.9,32
10,2018-11-11,良,82,290,60,29,4,38,0.84,41
11,2018-11-12,良,52,154,33,39,5,37,0.72,50
12,2018-11-13,良,59,190,41,55,7,47,0.84,52
13,2018-11-14,良,61,175,41,62,8,55,0.82,37
14,2018-11-15,良,59,212,41,50,5,41,0.8,31
15,2018-11-16,良,71,323,51,46,4,32,0.71,35
16,2018-11-17,优,36,114,20,29,4,29,0.48,34
17,2018-11-18,优,37,122,26,21,2,30,0.56,26
18,2018-11-19,良,70,241,50,55,4,39,0.93,45
19,2018-11-20,良,78,261,55,76,7,52,0.96,30
20,2018-11-21,中度污染,161,360,121,58,7,42,1.21,41
21,2018-11-22,轻度污染,118,348,88,90,8,60,0.93,34
22,2018-11-23,良,97,299,72,91,8,53,0.94,54
23,2018-11-24,良,92,253,67,99,7,69,1.16,44
24,2018-11-25,轻度污染,134,271,101,138,10,88,1.44,27
25,2018-11-26,轻度污染,141,246,106,135,13,91,1.66,39
26,2018-11-27,轻度污染,140,243,103,135,8,83,1.53,33
27,2018-11-28,轻度污染,138,255,105,139,10,92,1.58,32
28,2018-11-29,中度污染,164,293,125,157,12,83,1.61,27
29,2018-11-30,重度污染,218,335,169,173,4,55,1.61,25
0,2018-10-01,良,62,289,20,71,6,47,0.52,61
1,2018-10-02,良,64,254,22,67,6,51,0.55,66
2,2018-10-03,良,76,298,34,85,8,60,0.73,76
3,2018-10-04,良,68,209,28,65,7,37,0.67,100
4,2018-10-05,良,77,265,38,74,8,38,0.69,116
5,2018-10-06,良,95,312,55,99,9,55,0.84,102
6,2018-10-07,轻度污染,110,344,69,123,16,65,1.11,123
7,2018-10-08,良,82,264,55,92,9,39,0.94,92
8,2018-10-09,良,93,338,64,107,7,37,0.85,97
9,2018-10-10,良,53,213,21,56,4,31,0.49,58
10,2018-10-11,良,59,254,24,65,9,54,0.56,54
11,2018-10-12,良,64,230,35,70,11,57,0.66,71
12,2018-10-13,良,59,167,37,66,9,54,0.66,68
13,2018-10-14,良,69,259,48,71,8,60,0.84,30
14,2018-10-15,优,50,190,33,46,6,45,0.68,36
15,2018-10-16,良,52,191,35,50,5,48,0.64,60
16,2018-10-17,良,84,314,62,89,7,60,0.85,59
17,2018-10-18,优,44,133,20,37,3,28,0.42,75
18,2018-10-19,优,47,139,16,47,6,41,0.5,56
19,2018-10-20,良,56,214,28,61,7,52,0.69,36
20,2018-10-21,良,55,186,32,59,7,54,0.76,28
21,2018-10-22,优,50,153,34,41,3,38,0.63,44
22,2018-10-23,良,60,208,40,61,4,49,0.74,56
23,2018-10-24,良,78,250,53,77,8,50,0.79,70
24,2018-10-25,轻度污染,103,323,77,69,4,57,1.0,32
25,2018-10-26,良,72,290,36,70,4,36,0.57,42
26,2018-10-27,良,71,302,26,89,7,53,0.5,33
27,2018-10-28,良,59,176,21,67,5,54,0.49,47
28,2018-10-29,良,71,308,30,90,8,58,0.65,52
29,2018-10-30,良,86,341,57,116,12,72,0.82,49
30,2018-10-31,良,66,225,41,77,9,50,0.79,57
0,2018-09-02,优,50,231,25,40,4,24,0.73,87
1,2018-09-03,良,56,252,20,64,4,20,0.69,102
2,2018-09-04,良,81,353,32,78,7,30,0.75,112
3,2018-09-05,良,88,349,31,79,11,49,0.72,95
4,2018-09-06,良,60,241,31,67,6,45,0.69,71
5,2018-09-07,良,60,329,24,65,7,30,0.65,59
6,2018-09-08,良,64,331,23,63,6,44,0.63,78
7,2018-09-09,良,63,293,25,57,4,39,0.61,87
8,2018-09-10,优,49,159,18,50,5,33,0.59,69
9,2018-09-11,良,57,219,23,54,6,33,0.62,79
10,2018-09-12,良,57,237,30,61,5,39,0.76,63
11,2018-09-13,优,31,47,17,29,2,27,0.54,45
12,2018-09-14,优,49,186,27,46,3,30,0.66,56
13,2018-09-15,良,58,254,34,50,3,26,0.64,78
14,2018-09-16,良,55,278,38,48,3,18,0.67,59
15,2018-09-17,优,30,96,14,18,2,16,0.6,54
16,2018-09-18,优,50,251,32,49,3,29,0.75,48
17,2018-09-19,优,44,194,20,39,2,30,0.68,44
18,2018-09-20,优,29,41,19,25,2,21,0.98,39
19,2018-09-21,良,54,229,34,41,3,24,0.9,65
20,2018-09-22,良,63,287,38,73,4,45,0.95,49
21,2018-09-23,良,70,309,36,73,7,47,0.72,81
22,2018-09-24,良,83,347,42,79,10,46,0.95,97
23,2018-09-25,良,53,252,23,48,7,30,0.51,90
24,2018-09-26,优,37,98,14,32,4,22,0.38,68
25,2018-09-27,优,43,136,14,38,4,28,0.4,76
26,2018-09-28,良,57,252,25,63,5,46,0.58,62
27,2018-09-29,良,76,314,39,87,6,60,0.73,72
28,2018-09-30,良,80,338,34,98,7,51,0.65,86
0,2018-08-01,良,59,251,28,52,3,29,0.77,82
1,2018-08-02,良,64,260,26,51,5,26,0.71,87
2,2018-08-03,优,40,132,20,35,3,15,0.58,75
3,2018-08-04,优,34,55,17,29,2,16,0.61,60
4,2018-08-05,良,62,259,32,57,3,26,0.79,97
5,2018-08-06,良,64,257,36,58,4,24,0.77,91
6,2018-08-07,良,69,283,37,67,4,29,0.82,104
7,2018-08-08,轻度污染,111,365,44,73,6,30,0.86,161
8,2018-08-09,良,88,347,35,64,5,29,0.76,137
9,2018-08-10,轻度污染,117,360,46,77,6,32,0.92,171
10,2018-08-11,良,100,345,55,80,4,30,1.0,134
11,2018-08-12,良,61,227,30,53,5,21,0.83,98
12,2018-08-13,优,26,15,8,18,2,14,0.55,45
13,2018-08-14,良,54,266,22,44,5,24,0.72,84
14,2018-08-15,优,45,202,17,38,4,18,0.61,78
15,2018-08-16,优,40,139,20,31,3,20,0.7,63
16,2018-08-17,优,25,15,7,11,3,10,0.56,48
17,2018-08-18,优,32,39,9,20,3,14,0.77,69
18,2018-08-19,优,40,128,14,29,4,20,0.84,74
19,2018-08-20,优,25,5,9,21,3,16,0.67,45
20,2018-08-21,优,46,119,18,33,4,17,0.68,89
21,2018-08-22,优,40,69,16,35,3,17,0.7,79
22,2018-08-23,良,71,277,22,48,6,25,0.75,119
23,2018-08-25,良,71,238,29,56,5,21,0.69,119
24,2018-08-27,优,40,74,17,39,3,18,0.62,65
25,2018-08-29,良,66,268,22,56,7,28,0.69,111
26,2018-08-31,优,41,162,14,35,3,20,0.58,79
0,2018-07-01,良,71,286,45,56,3,27,0.81,82
1,2018-07-02,良,65,271,45,52,4,21,0.82,87
2,2018-07-03,良,58,258,39,50,3,23,0.72,76
3,2018-07-04,良,64,269,38,59,4,39,0.77,69
4,2018-07-05,优,33,62,17,25,3,25,0.69,51
5,2018-07-06,优,26,19,11,16,2,18,0.69,44
6,2018-07-07,优,41,201,26,34,2,18,0.6,40
7,2018-07-08,良,60,302,39,55,3,22,0.81,62
8,2018-07-09,良,65,328,40,50,3,27,0.9,65
9,2018-07-10,良,52,264,26,47,4,32,0.78,77
10,2018-07-11,优,43,158,22,41,5,17,0.57,66
11,2018-07-12,优,41,160,14,37,5,16,0.46,68
12,2018-07-13,良,54,257,21,47,5,22,0.56,82
13,2018-07-14,良,54,247,19,46,4,22,0.51,85
14,2018-07-15,良,59,260,22,53,4,24,0.53,88
15,2018-07-16,良,72,317,32,66,8,27,0.65,106
16,2018-07-17,良,59,267,22,48,8,25,0.58,85
17,2018-07-18,良,61,274,23,57,9,27,0.55,91
18,2018-07-19,良,70,314,26,61,9,25,0.59,110
19,2018-07-20,良,94,350,33,73,10,28,0.74,138
20,2018-07-21,良,70,276,37,69,8,23,0.61,101
21,2018-07-22,优,47,130,24,47,5,15,0.48,52
22,2018-07-23,优,47,137,18,50,6,20,0.52,60
23,2018-07-24,良,63,272,27,64,5,31,0.59,83
24,2018-07-25,良,54,203,26,57,4,34,0.6,57
25,2018-07-26,良,59,229,24,58,4,34,0.67,73
26,2018-07-27,优,28,26,7,18,2,21,0.53,48
27,2018-07-28,优,49,163,21,43,5,33,0.75,67
28,2018-07-29,良,59,209,22,51,4,33,0.72,77
29,2018-07-30,良,71,273,36,65,5,35,0.99,82
30,2018-07-31,良,73,315,31,54,5,30,0.84,97
0,2018-06-01,良,99,279,49,82,5,47,0.83,121
1,2018-06-02,轻度污染,127,342,69,107,11,52,0.92,162
2,2018-06-03,轻度污染,106,293,64,101,8,53,0.93,124
3,2018-06-04,良,99,308,58,91,10,49,0.94,129
4,2018-06-05,良,84,265,55,89,5,54,0.91,89
5,2018-06-06,良,80,229,39,63,5,34,0.74,111
6,2018-06-07,良,65,170,32,61,5,36,0.79,101
7,2018-06-08,良,99,322,47,78,10,36,0.88,140
8,2018-06-09,良,73,327,33,31,5,22,0.7,123
9,2018-06-10,良,61,193,26,36,3,25,0.69,108
10,2018-06-11,良,75,234,30,55,4,35,0.76,113
11,2018-06-12,良,96,312,42,74,5,36,0.83,129
12,2018-06-13,良,76,256,34,66,4,31,0.73,123
13,2018-06-14,良,93,308,40,74,4,29,0.71,137
14,2018-06-15,轻度污染,107,322,41,78,6,34,0.77,150
15,2018-06-16,良,91,296,34,64,7,24,0.64,139
16,2018-06-17,良,98,330,43,82,9,29,0.71,145
17,2018-06-18,轻度污染,101,344,52,87,7,28,0.83,147
18,2018-06-19,良,55,207,37,45,3,21,0.66,61
19,2018-06-20,优,39,80,20,30,3,16,0.54,77
20,2018-06-21,良,76,267,38,58,5,31,0.77,109
21,2018-06-22,良,59,211,35,44,5,32,0.67,91
22,2018-06-23,良,54,177,36,47,4,28,0.79,78
23,2018-06-24,良,79,261,54,71,7,32,0.87,89
24,2018-06-25,良,60,234,33,52,3,20,0.72,84
25,2018-06-26,优,49,212,18,44,4,16,0.54,84
26,2018-06-27,良,52,228,22,50,4,21,0.63,86
27,2018-06-28,优,40,127,17,35,3,26,0.65,67
28,2018-06-29,良,79,286,29,49,4,28,0.76,125
29,2018-06-30,良,70,260,50,64,5,32,0.85,83
0,2018-05-01,良,66,193,44,67,4,30,0.88,78
1,2018-05-02,良,81,304,49,72,4,15,0.73,110
2,2018-05-03,良,71,238,34,70,5,42,0.63,83
3,2018-05-04,良,79,248,31,82,7,52,0.64,95
4,2018-05-05,良,55,126,36,52,3,18,0.77,75
5,2018-05-06,优,31,15,11,13,2,21,0.78,56
6,2018-05-07,优,50,122,14,25,2,21,0.6,95
7,2018-05-08,良,57,137,27,58,5,34,0.68,96
8,2018-05-09,良,78,237,27,66,7,35,0.67,118
9,2018-05-10,良,81,252,37,70,6,35,0.68,120
10,2018-05-11,良,80,293,54,91,9,38,0.79,103
11,2018-05-12,良,60,140,39,34,3,25,0.86,82
12,2018-05-13,良,66,143,36,63,3,40,0.89,79
13,2018-05-14,良,74,185,48,78,4,28,0.87,96
14,2018-05-15,良,63,178,34,69,5,19,0.6,100
15,2018-05-16,良,70,255,32,72,5,16,0.58,109
16,2018-05-17,良,67,262,15,37,3,22,0.59,108
17,2018-05-18,良,71,252,38,56,4,33,0.81,88
18,2018-05-19,良,60,205,38,51,5,29,0.96,70
19,2018-05-20,良,58,245,41,49,5,29,0.84,38
20,2018-05-21,良,68,313,46,73,4,32,0.82,36
21,2018-05-22,优,40,55,25,30,3,25,0.74,48
22,2018-05-23,良,74,196,32,92,7,35,0.71,104
23,2018-05-24,良,74,187,44,86,7,41,0.87,87
24,2018-05-25,良,93,290,68,93,9,48,1.17,50
25,2018-05-26,优,47,93,32,40,4,23,0.73,46
26,2018-05-27,良,82,230,52,104,5,28,0.7,86
27,2018-05-28,轻度污染,122,329,65,191,8,56,0.84,74
28,2018-05-29,轻度污染,123,346,77,194,9,81,1.11,46
29,2018-05-30,良,91,282,53,130,6,58,0.76,54
30,2018-05-31,良,76,238,43,73,4,34,0.74,103
0,2018-04-01,轻度污染,119,277,84,144,9,69,1.21,73
1,2018-04-02,良,84,181,58,100,7,41,1.0,105
2,2018-04-03,良,82,199,54,93,6,37,1.01,84
3,2018-04-04,良,78,246,49,91,3,22,0.63,60
4,2018-04-05,优,43,37,26,36,2,24,0.62,58
5,2018-04-05,优,43,37,26,36,2,24,0.62,58
6,2018-04-06,良,75,178,35,100,3,17,0.63,65
7,2018-04-07,良,65,137,14,78,4,25,0.43,82
8,2018-04-08,良,87,273,29,121,7,44,0.61,76
9,2018-04-09,良,83,198,34,115,11,38,0.64,95
10,2018-04-10,良,92,227,43,129,13,53,0.84,106
11,2018-04-11,中度污染,161,334,82,258,16,71,1.25,87
12,2018-04-12,轻度污染,101,321,50,150,14,55,1.07,54
13,2018-04-13,良,52,150,30,53,5,37,0.79,46
14,2018-04-14,良,62,201,42,51,3,24,0.69,65
15,2018-04-15,轻度污染,115,312,32,178,5,33,0.63,78
16,2018-04-16,轻度污染,124,302,37,197,11,66,0.8,68
17,2018-04-17,轻度污染,116,289,50,179,11,59,0.73,90
18,2018-04-18,轻度污染,101,243,51,148,8,43,0.64,113
19,2018-04-19,良,92,201,45,121,10,44,0.61,116
20,2018-04-20,轻度污染,101,284,59,130,17,55,0.78,119
21,2018-04-21,良,60,156,39,66,5,22,0.61,88
22,2018-04-22,优,46,111,29,39,2,20,0.61,49
23,2018-04-23,良,60,265,43,50,1,24,0.79,20
24,2018-04-24,良,68,275,48,60,4,26,0.65,83
25,2018-04-25,良,91,309,56,82,8,37,0.74,112
26,2018-04-26,良,85,242,61,95,8,55,0.82,83
27,2018-04-27,轻度污染,103,301,65,116,7,74,1.07,89
28,2018-04-28,轻度污染,118,314,70,123,12,72,1.01,111
29,2018-04-29,良,96,241,70,113,8,40,0.87,104
30,2018-04-30,良,85,238,59,84,4,31,0.95,80
0,2018-03-01,良,90,282,66,71,3,40,1.03,53
1,2018-03-02,良,79,249,58,48,3,31,0.93,54
2,2018-03-03,良,81,217,59,56,4,33,1.04,47
3,2018-03-04,良,68,239,49,44,8,34,1.15,29
4,2018-03-05,优,40,65,20,33,3,20,0.66,68
5,2018-03-06,优,46,130,24,45,4,33,0.62,63
6,2018-03-07,优,35,52,20,22,2,25,0.61,59
7,2018-03-08,良,52,165,37,47,2,21,0.59,67
8,2018-03-09,良,92,279,68,81,3,40,0.76,61
9,2018-03-10,良,77,181,53,78,4,43,0.66,78
10,2018-03-11,良,66,100,43,74,10,55,0.76,63
11,2018-03-12,良,69,130,42,80,7,57,0.78,67
12,2018-03-13,良,77,166,48,96,10,55,0.79,85
13,2018-03-14,良,64,123,45,69,6,38,0.8,76
14,2018-03-15,良,56,129,38,52,4,32,0.82,67
15,2018-03-16,优,49,119,28,49,3,20,0.54,71
16,2018-03-17,良,63,207,44,61,7,33,0.76,64
17,2018-03-18,优,45,81,31,27,2,32,0.77,35
18,2018-03-19,优,43,76,28,23,3,23,0.64,54
19,2018-03-20,良,79,295,58,23,2,27,0.75,65
20,2018-03-21,良,64,215,43,58,6,30,0.65,69
21,2018-03-22,良,71,147,49,82,7,66,0.93,42
22,2018-03-23,良,89,200,62,101,8,64,1.04,64
23,2018-03-24,良,87,215,58,115,20,63,1.05,70
24,2018-03-25,良,97,239,66,120,8,57,0.93,60
25,2018-03-26,良,75,154,42,94,6,63,0.82,65
26,2018-03-27,良,76,172,49,98,7,48,0.78,80
27,2018-03-28,良,83,196,53,110,8,58,0.83,83
28,2018-03-29,轻度污染,103,281,66,151,15,83,1.07,74
29,2018-03-30,良,96,282,70,82,4,32,0.85,47
30,2018-03-31,良,91,219,66,104,8,55,1.0,50
0,2018-02-01,轻度污染,122,308,91,105,14,88,1.4,27
1,2018-02-02,轻度污染,134,328,95,120,13,73,1.25,33
2,2018-02-03,良,62,163,33,68,8,37,0.65,45
3,2018-02-04,良,78,251,57,87,9,66,0.9,29
4,2018-02-05,良,80,252,57,89,11,65,1.04,37
5,2018-02-06,轻度污染,104,311,78,105,14,68,1.23,26
6,2018-02-07,轻度污染,110,295,82,104,15,65,1.15,38
7,2018-02-08,良,98,223,70,111,15,53,0.99,43
8,2018-02-09,中度污染,177,301,134,170,19,85,1.57,21
9,2018-02-10,中度污染,152,320,100,130,10,50,1.05,34
10,2018-02-11,轻度污染,116,303,67,175,7,43,0.95,49
11,2018-02-12,良,76,199,24,100,6,32,0.57,59
12,2018-02-13,良,76,184,48,98,7,37,0.72,81
13,2018-02-14,良,90,231,65,118,9,44,0.84,71
14,2018-02-15,良,86,220,63,78,3,17,0.71,61
15,2018-02-16,轻度污染,112,172,84,89,3,20,0.76,40
16,2018-02-17,轻度污染,109,244,81,70,5,18,0.93,73
17,2018-02-18,良,67,205,48,38,3,18,0.74,56
18,2018-02-19,优,30,5,16,13,2,13,0.52,57
19,2018-02-20,良,79,246,57,37,2,20,0.83,59
20,2018-02-21,良,62,225,44,30,2,22,0.67,62
21,2018-02-22,良,79,244,56,53,3,29,0.75,58
22,2018-02-23,良,69,229,46,62,4,24,0.78,62
23,2018-02-24,良,69,237,44,68,9,36,0.82,55
24,2018-02-25,良,84,260,61,86,2,29,0.68,50
25,2018-02-26,良,89,245,65,74,4,35,0.86,56
26,2018-02-27,优,48,62,31,42,5,38,0.87,47
27,2018-02-28,良,66,190,47,36,2,36,0.97,48
0,2018-01-01,中度污染,172,308,131,187,14,51,1.39,76
1,2018-01-02,中度污染,154,303,117,122,13,61,1.38,31
2,2018-01-03,优,37,47,24,12,2,23,0.69,45
3,2018-01-04,优,29,63,18,13,3,22,0.67,43
4,2018-01-05,良,88,263,64,28,4,37,0.93,35
5,2018-01-06,轻度污染,139,313,105,8,9,44,1.17,73
6,2018-01-07,轻度污染,138,320,104,4,5,38,1.4,42
7,2018-01-08,轻度污染,113,305,79,23,8,26,0.91,73
8,2018-01-09,优,46,76,23,46,5,36,0.59,68
9,2018-01-10,良,53,152,24,57,8,35,0.65,63
10,2018-01-11,良,77,271,51,88,10,60,0.9,38
11,2018-01-12,良,67,165,46,74,12,63,0.83,23
12,2018-01-13,良,98,212,72,104,17,72,1.04,12
13,2018-01-14,轻度污染,101,199,73,106,17,79,1.13,19
14,2018-01-15,轻度污染,103,174,77,122,25,86,1.29,21
15,2018-01-16,中度污染,176,302,133,62,9,73,1.46,9
16,2018-01-17,轻度污染,150,252,113,60,6,62,1.33,22
17,2018-01-18,轻度污染,146,252,110,81,6,60,1.44,26
18,2018-01-19,重度污染,207,290,158,47,7,64,1.43,17
19,2018-01-20,重度污染,226,313,179,106,11,80,2.16,14
20,2018-01-21,中度污染,179,294,135,39,9,65,1.77,17
21,2018-01-22,轻度污染,135,307,102,67,5,50,1.48,34
22,2018-01-23,中度污染,157,341,119,74,4,36,1.28,31
23,2018-01-24,良,65,214,46,50,4,36,0.84,38
24,2018-01-25,优,40,112,26,8,2,17,0.66,59
25,2018-01-26,优,50,143,31,21,6,18,0.73,74
26,2018-01-27,优,43,113,29,19,4,21,0.67,57
27,2018-01-28,轻度污染,115,313,86,45,6,31,1.07,52
28,2018-01-29,中度污染,189,339,142,18,8,40,1.32,77
29,2018-01-30,中度污染,175,324,132,55,12,90,1.44,50
30,2018-01-31,中度污染,165,325,124,56,10,88,1.24,58
0,2017-12-01,良,70,220,47,78,9,53,0.82,31
1,2017-12-02,轻度污染,109,266,82,124,15,76,1.2,23
2,2017-12-03,轻度污染,116,270,87,117,10,67,1.29,24
3,2017-12-04,严重污染,263,360,213,203,9,67,1.68,15
4,2017-12-05,重度污染,208,360,161,83,8,60,1.41,33
5,2017-12-06,轻度污染,143,324,109,127,16,77,1.26,26
6,2017-12-07,轻度污染,144,310,109,128,16,72,1.32,36
7,2017-12-08,轻度污染,106,329,78,82,14,53,1.03,34
8,2017-12-09,良,89,224,65,103,14,67,0.96,30
9,2017-12-10,轻度污染,101,275,59,138,18,59,0.99,32
10,2017-12-11,轻度污染,107,294,73,155,18,78,1.46,25
11,2017-12-12,良,77,201,53,88,11,53,0.9,34
12,2017-12-13,良,58,129,35,61,10,50,0.84,26
13,2017-12-14,良,58,142,41,14,3,35,0.81,30
14,2017-12-15,优,38,66,26,15,3,31,0.62,21
15,2017-12-16,轻度污染,137,347,103,67,6,41,1.08,35
16,2017-12-17,良,73,216,47,76,10,57,0.85,34
17,2017-12-18,良,64,128,41,74,9,60,0.78,36
18,2017-12-19,良,96,302,70,112,16,72,1.04,27
19,2017-12-20,良,94,269,66,110,13,68,1.08,35
20,2017-12-21,轻度污染,129,335,97,144,21,91,1.44,27
21,2017-12-22,轻度污染,133,279,100,135,23,90,1.19,36
22,2017-12-23,中度污染,186,311,142,175,25,110,1.51,16
23,2017-12-24,中度污染,152,303,109,116,12,50,0.92,43
24,2017-12-25,良,98,260,64,136,17,75,1.05,30
25,2017-12-26,轻度污染,109,219,80,142,22,91,1.17,23
26,2017-12-27,轻度污染,118,215,89,128,20,90,1.23,30
27,2017-12-28,轻度污染,128,212,97,91,9,63,1.09,17
28,2017-12-29,中度污染,156,235,118,102,8,65,1.35,17
29,2017-12-30,严重污染,275,339,228,137,8,58,1.81,40
30,2017-12-31,中度污染,188,303,143,175,12,63,1.56,36
0,2017-11-01,良,96,227,67,124,13,104,1.13,43
1,2017-11-02,良,100,224,69,140,12,110,1.27,48
2,2017-11-03,轻度污染,137,320,103,141,13,72,1.17,57
3,2017-11-04,优,47,64,21,48,9,44,0.5,55
4,2017-11-05,良,64,118,30,77,11,64,0.65,41
5,2017-11-06,良,86,176,59,111,12,89,0.91,43
6,2017-11-07,轻度污染,115,225,81,156,12,108,1.17,35
7,2017-11-08,中度污染,156,326,117,184,18,101,1.55,64
8,2017-11-09,良,81,201,44,104,14,73,0.8,50
9,2017-11-10,轻度污染,115,332,79,145,17,70,0.95,41
10,2017-11-11,良,66,224,27,80,11,46,0.55,39
11,2017-11-12,良,75,254,51,95,14,70,0.93,19
12,2017-11-13,良,86,276,63,99,11,62,0.88,30
13,2017-11-14,轻度污染,147,351,110,141,12,79,1.09,30
14,2017-11-15,中度污染,171,358,130,146,12,86,1.37,42
15,2017-11-16,轻度污染,113,298,84,104,13,74,1.23,17
16,2017-11-17,良,72,230,52,49,9,42,0.88,21
17,2017-11-18,良,51,208,32,46,11,31,0.68,50
18,2017-11-19,良,59,198,40,57,11,45,0.71,32
19,2017-11-20,良,69,241,50,70,13,56,0.89,35
20,2017-11-21,良,91,271,67,88,15,75,1.08,25
21,2017-11-22,轻度污染,103,312,76,100,15,56,0.88,39
22,2017-11-23,良,79,283,49,100,16,67,0.87,36
23,2017-11-24,良,80,270,44,108,17,87,0.98,27
24,2017-11-25,良,78,216,45,104,16,79,0.83,38
25,2017-11-26,轻度污染,103,297,72,129,17,74,1.1,40
26,2017-11-27,良,97,263,71,107,17,61,1.09,53
27,2017-11-28,轻度污染,139,299,105,155,16,92,1.4,42
28,2017-11-29,轻度污染,117,301,82,112,11,46,1.04,41
29,2017-11-30,优,35,38,20,32,6,27,0.51,44
0,2017-10-01,良,56,222,39,50,10,28,0.98,39
1,2017-10-02,优,23,10,10,15,9,23,0.83,43
2,2017-10-03,优,34,108,11,27,8,17,0.55,62
3,2017-10-05,优,30,77,9,13,9,27,0.56,52
4,2017-10-06,优,38,91,25,36,8,36,0.69,39
5,2017-10-07,良,57,188,36,63,11,49,1.0,56
6,2017-10-08,轻度污染,117,351,80,105,12,54,1.33,111
7,2017-10-09,良,79,316,51,89,11,60,1.08,83
8,2017-10-10,良,80,330,58,67,8,50,1.15,19
9,2017-10-11,优,17,7,8,10,8,27,0.72,26
10,2017-10-12,优,25,55,8,11,9,28,0.6,46
11,2017-10-13,优,40,136,23,38,9,32,0.63,52
12,2017-10-14,优,44,169,22,39,10,34,0.69,58
13,2017-10-15,优,37,143,12,24,10,21,0.59,72
14,2017-10-16,优,33,119,13,30,9,29,0.65,56
15,2017-10-17,优,39,154,20,35,8,26,0.67,65
16,2017-10-18,优,36,94,16,34,9,26,0.6,60
17,2017-10-19,良,68,239,48,63,11,47,0.88,44
18,2017-10-20,良,71,229,45,72,10,62,0.86,48
19,2017-10-21,良,94,288,69,101,11,70,1.11,68
20,2017-10-22,轻度污染,150,353,113,136,16,79,1.34,67
21,2017-10-23,轻度污染,105,330,67,88,10,46,0.85,52
22,2017-10-24,良,74,199,45,96,13,72,0.99,45
23,2017-10-25,良,72,167,46,90,15,76,0.97,49
24,2017-10-26,良,80,185,54,99,13,80,1.05,66
25,2017-10-27,轻度污染,105,256,76,126,14,99,1.29,63
26,2017-10-28,良,84,192,58,90,11,77,0.89,59
27,2017-10-29,良,92,309,54,107,13,56,0.78,45
28,2017-10-30,良,72,233,34,92,16,65,0.76,39
29,2017-10-31,良,83,230,56,112,16,86,1.02,45
0,2017-09-01,优,46,124,28,47,7,35,0.9,70
1,2017-09-02,良,57,198,32,58,8,38,0.91,69
2,2017-09-03,良,52,193,36,41,7,33,0.95,45
3,2017-09-04,优,37,100,24,31,8,28,0.94,33
4,2017-09-05,优,40,118,25,37,8,22,0.81,53
5,2017-09-06,优,43,142,28,40,9,32,0.88,40
6,2017-09-07,优,46,148,25,42,7,35,0.92,73
7,2017-09-08,良,59,217,33,66,8,54,1.08,26
8,2017-09-09,良,85,305,61,101,7,42,1.17,89
9,2017-09-10,良,66,299,47,56,9,32,1.05,37
10,2017-09-11,优,35,61,19,35,7,30,0.92,54
11,2017-09-12,良,68,242,42,70,8,52,1.02,81
12,2017-09-13,良,98,342,64,93,9,47,1.06,103
13,2017-09-14,良,59,165,22,56,9,35,0.72,85
14,2017-09-15,良,61,178,28,60,7,31,0.69,97
15,2017-09-16,良,59,176,24,61,9,40,0.7,84
16,2017-09-17,良,84,268,37,94,8,61,0.81,88
17,2017-09-18,良,98,281,51,113,11,74,1.03,94
18,2017-09-19,良,87,259,60,109,9,59,1.01,76
19,2017-09-20,良,67,259,45,55,8,41,1.0,61
20,2017-09-21,良,53,169,35,48,9,40,0.88,64
21,2017-09-22,良,61,188,41,65,9,49,0.83,54
22,2017-09-23,良,64,209,43,53,8,43,0.92,51
23,2017-09-24,优,32,53,20,25,8,41,0.97,29
24,2017-09-25,良,51,197,35,46,9,48,1.29,11
25,2017-09-26,优,37,68,24,35,8,31,1.13,42
26,2017-09-27,优,37,102,23,27,7,24,0.95,49
27,2017-09-28,优,46,185,23,39,7,33,0.79,69
28,2017-09-29,良,64,259,40,71,12,61,1.1,42
29,2017-09-30,优,43,117,30,34,8,41,0.92,32
0,2017-08-01,优,46,143,13,36,8,21,0.64,83
1,2017-08-02,优,32,34,10,21,9,23,0.72,59
2,2017-08-03,优,35,68,15,31,10,25,0.82,58
3,2017-08-04,良,62,223,36,58,8,34,0.95,80
4,2017-08-05,良,77,289,52,84,9,38,0.89,76
5,2017-08-06,良,76,278,47,79,9,32,0.86,94
6,2017-08-07,良,57,204,30,60,8,33,0.69,70
7,2017-08-08,优,30,33,14,20,13,24,0.66,50
8,2017-08-09,优,46,161,22,33,9,20,0.68,84
9,2017-08-10,良,55,188,29,49,9,26,0.81,82
10,2017-08-11,良,63,223,36,70,7,36,0.7,76
11,2017-08-12,优,32,47,16,26,9,26,0.59,49
12,2017-08-13,优,33,58,18,31,9,25,0.68,54
13,2017-08-14,良,54,235,36,51,8,26,0.8,73
14,2017-08-15,良,57,227,31,52,8,26,0.68,77
15,2017-08-16,良,57,224,30,54,9,41,0.74,63
16,2017-08-17,优,41,121,15,36,9,27,0.6,70
17,2017-08-18,优,45,147,20,46,10,32,0.57,65
18,2017-08-19,优,48,172,23,42,11,33,0.7,57
19,2017-08-20,优,41,112,22,38,9,31,0.76,67
20,2017-08-21,良,60,217,31,52,7,32,0.8,88
21,2017-08-22,良,74,300,46,73,7,31,1.0,84
22,2017-08-23,良,63,275,20,52,7,30,0.71,112
23,2017-08-24,良,52,252,21,56,7,38,0.76,49
24,2017-08-25,良,62,299,33,65,8,40,0.88,62
25,2017-08-26,优,42,143,17,37,6,34,0.73,65
26,2017-08-27,良,66,313,28,64,8,42,0.97,83
27,2017-08-28,良,62,315,36,68,6,41,0.9,73
28,2017-08-29,优,44,228,20,32,6,19,0.8,76
29,2017-08-30,优,37,161,15,36,8,27,0.66,37
30,2017-08-31,优,29,54,18,25,7,33,0.73,36
0,2017-07-01,优,32,86,13,26,9,22,0.53,47
1,2017-07-02,优,33,95,13,23,9,24,0.56,58
2,2017-07-03,优,36,109,17,31,9,21,0.56,59
3,2017-07-04,优,45,134,22,44,9,33,0.62,59
4,2017-07-05,优,47,150,24,45,8,31,0.66,61
5,2017-07-06,良,51,190,28,46,9,24,0.61,72
6,2017-07-07,优,39,135,16,37,10,27,0.55,45
7,2017-07-08,优,36,96,19,35,9,19,0.5,59
8,2017-07-09,优,29,51,16,24,10,18,0.49,52
9,2017-07-10,优,37,109,11,24,8,18,0.48,75
10,2017-07-11,优,44,115,22,40,7,23,0.6,72
11,2017-07-12,优,50,121,29,50,8,23,0.64,77
12,2017-07-13,良,66,222,46,70,8,24,0.72,96
13,2017-07-14,良,70,275,47,72,8,36,0.76,83
14,2017-07-15,良,74,319,47,69,8,20,0.66,112
15,2017-07-16,良,75,307,44,73,8,32,0.7,101
16,2017-07-17,良,66,271,35,67,8,33,0.67,90
17,2017-07-18,良,54,183,28,50,8,22,0.57,87
18,2017-07-19,良,55,211,28,49,8,20,0.54,90
19,2017-07-20,良,57,224,27,52,7,21,0.55,99
20,2017-07-21,良,66,297,31,59,8,21,0.6,116
21,2017-07-22,良,73,299,32,69,9,31,0.58,117
22,2017-07-23,良,80,290,34,76,9,38,0.63,109
23,2017-07-24,良,79,290,34,81,10,37,0.65,102
24,2017-07-25,良,93,317,47,99,11,42,0.76,115
25,2017-07-26,轻度污染,112,357,59,108,11,41,0.92,132
26,2017-07-27,轻度污染,107,351,60,110,11,42,0.93,141
27,2017-07-28,轻度污染,115,358,54,100,12,43,0.92,147
28,2017-07-29,良,65,246,39,60,9,22,0.71,101
29,2017-07-30,良,58,156,29,54,9,26,0.73,82
30,2017-07-31,优,50,140,21,49,9,25,0.73,68
0,2017-06-01,轻度污染,102,297,61,101,8,42,0.79,129
1,2017-06-02,轻度污染,133,341,87,133,11,32,1.04,177
2,2017-06-03,轻度污染,146,363,76,107,11,29,0.9,185
3,2017-06-04,良,90,345,29,79,13,34,0.68,130
4,2017-06-05,良,53,200,24,39,10,32,0.65,83
5,2017-06-06,优,43,97,18,21,9,24,0.57,81
6,2017-06-07,良,64,224,25,44,9,40,0.69,103
7,2017-06-08,良,90,295,41,59,9,34,0.87,134
8,2017-06-09,良,69,233,44,71,10,36,0.86,99
9,2017-06-10,优,33,66,18,28,9,24,0.68,47
10,2017-06-11,优,48,165,19,35,9,21,0.65,94
11,2017-06-12,良,57,222,23,37,8,22,0.64,108
12,2017-06-13,良,52,188,30,44,9,30,0.76,84
13,2017-06-14,良,63,213,42,56,9,38,0.91,86
14,2017-06-15,轻度污染,108,299,59,83,11,48,0.88,145
15,2017-06-16,轻度污染,119,307,61,89,11,55,0.77,144
16,2017-06-17,良,95,252,41,68,11,40,0.57,136
17,2017-06-18,良,80,248,38,63,11,38,0.59,127
18,2017-06-19,良,57,192,31,56,10,33,0.57,87
19,2017-06-20,良,73,274,42,67,8,37,0.67,99
20,2017-06-21,轻度污染,104,338,66,93,11,42,0.84,117
21,2017-06-22,良,84,334,51,70,9,35,0.75,107
22,2017-06-23,良,64,252,40,59,9,35,0.7,70
23,2017-06-24,良,59,237,35,59,9,31,0.68,89
24,2017-06-25,良,89,324,48,76,11,33,0.82,127
25,2017-06-26,良,92,304,53,82,10,37,0.87,126
26,2017-06-27,良,86,269,53,80,9,38,0.79,110
27,2017-06-28,良,73,237,41,65,10,30,0.65,108
28,2017-06-29,良,78,252,46,70,9,28,0.72,121
29,2017-06-30,优,44,123,23,43,9,26,0.6,57
0,2017-05-01,良,86,238,57,111,18,69,0.98,82
1,2017-05-02,优,50,64,23,37,8,32,0.68,85
2,2017-05-03,优,50,105,32,49,7,28,0.69,77
3,2017-05-04,优,39,49,23,31,8,25,0.66,71
4,2017-05-05,良,95,213,52,136,9,42,0.79,85
5,2017-05-06,重度污染,203,311,98,326,10,60,0.92,72
6,2017-05-07,中度污染,178,339,93,275,11,59,0.98,94
7,2017-05-08,良,88,274,64,85,9,43,0.91,72
8,2017-05-09,良,54,101,20,45,7,30,0.56,100
9,2017-05-10,良,75,229,40,84,9,50,0.7,108
10,2017-05-11,良,81,233,55,104,9,61,0.81,80
11,2017-05-12,良,74,232,34,50,7,29,0.64,107
12,2017-05-13,良,68,199,24,63,7,33,0.56,117
13,2017-05-14,良,85,267,43,114,10,45,0.72,102
14,2017-05-15,良,78,307,43,101,14,67,0.93,56
15,2017-05-16,良,59,157,22,49,10,45,0.57,99
16,2017-05-17,良,90,283,38,72,11,55,0.71,127
17,2017-05-18,良,94,249,44,81,14,47,0.83,136
18,2017-05-19,良,92,258,61,107,20,57,0.92,133
19,2017-05-20,轻度污染,127,353,87,113,12,51,1.04,117
20,2017-05-20,轻度污染,127,353,87,113,12,51,1.04,117
21,2017-05-21,轻度污染,144,352,82,106,11,53,1.02,141
22,2017-05-22,良,92,302,57,79,13,36,0.86,133
23,2017-05-23,良,55,213,36,40,10,29,0.64,69
24,2017-05-24,良,63,236,36,51,9,31,0.56,105
25,2017-05-25,良,83,303,40,63,8,57,0.66,100
26,2017-05-26,良,91,295,37,76,8,57,0.66,122
27,2017-05-27,轻度污染,102,275,46,82,8,52,0.69,134
28,2017-05-28,良,99,248,44,79,9,51,0.71,140
29,2017-05-29,轻度污染,118,327,48,89,15,47,0.69,174
30,2017-05-30,良,93,287,51,91,11,40,0.78,136
31,2017-05-31,良,92,274,58,87,7,37,0.75,125
0,2017-04-01,轻度污染,127,347,96,87,10,51,1.07,72
1,2017-04-02,轻度污染,102,313,73,110,9,70,1.19,67
2,2017-04-03,良,77,158,51,90,23,56,0.97,93
3,2017-04-04,良,84,218,58,101,22,76,1.0,56
4,2017-04-05,轻度污染,118,324,88,75,14,51,1.18,42
5,2017-04-06,轻度污染,103,265,77,34,11,35,1.21,50
6,2017-04-07,轻度污染,121,308,91,78,8,44,1.46,40
7,2017-04-08,轻度污染,133,341,100,88,10,36,1.43,79
8,2017-04-09,良,55,213,24,26,9,25,0.72,94
9,2017-04-10,优,40,74,18,28,7,32,0.58,69
10,2017-04-11,良,66,224,47,51,8,39,0.81,68
11,2017-04-12,良,83,278,57,83,11,59,0.89,76
12,2017-04-13,良,71,186,40,79,16,48,0.78,93
13,2017-04-14,良,73,196,48,86,11,42,0.86,99
14,2017-04-15,良,86,219,48,116,9,77,1.0,71
15,2017-04-16,良,92,266,58,122,11,61,1.08,61
16,2017-04-17,良,84,237,35,104,8,32,0.68,75
17,2017-04-18,良,90,266,33,129,8,43,0.61,73
18,2017-04-19,良,90,277,34,128,14,55,0.83,72
19,2017-04-20,良,65,182,41,74,8,28,0.71,79
20,2017-04-21,良,89,329,33,127,10,42,0.65,62
21,2017-04-22,良,77,275,41,87,11,48,0.74,89
22,2017-04-23,良,75,236,37,86,9,57,0.69,103
23,2017-04-23,良,75,236,37,86,9,57,0.69,103
24,2017-04-24,良,77,220,39,93,10,42,0.73,110
25,2017-04-25,良,95,319,61,129,17,77,0.98,63
26,2017-04-26,良,71,281,48,61,9,26,0.68,92
27,2017-04-27,良,68,262,31,64,10,48,0.7,100
28,2017-04-28,良,76,250,35,81,10,62,0.65,104
29,2017-04-29,良,82,220,40,83,9,47,0.65,125
30,2017-04-30,良,80,186,39,86,9,53,0.7,112
0,2017-03-01,良,98,289,51,125,11,44,0.78,65
1,2017-03-02,良,63,120,41,71,11,56,0.79,54
2,2017-03-03,良,74,147,51,89,19,77,1.1,49
3,2017-03-04,良,97,228,72,118,14,97,1.29,37
4,2017-03-05,良,90,250,66,64,10,65,1.02,52
5,2017-03-06,良,88,302,62,62,10,52,0.84,60
6,2017-03-07,良,96,312,71,110,17,82,1.15,59
7,2017-03-08,良,84,294,60,91,14,64,0.89,60
8,2017-03-09,轻度污染,113,346,85,137,21,105,1.26,52
9,2017-03-10,轻度污染,141,348,107,178,28,132,1.42,31
10,2017-03-11,轻度污染,110,280,80,120,17,85,1.23,53
11,2017-03-12,轻度污染,119,318,89,67,13,57,1.02,45
12,2017-03-13,良,71,307,50,27,9,30,0.61,70
13,2017-03-14,良,61,229,37,65,13,52,0.67,55
14,2017-03-15,良,63,173,40,71,15,66,0.82,62
15,2017-03-16,良,68,188,48,69,13,55,0.72,79
16,2017-03-17,良,82,223,59,75,15,68,0.78,55
17,2017-03-18,轻度污染,114,294,85,88,22,64,0.93,52
18,2017-03-19,良,92,253,68,35,10,55,0.99,40
19,2017-03-20,良,65,183,46,22,8,34,0.75,61
20,2017-03-21,良,84,260,58,41,9,42,0.81,82
21,2017-03-22,良,99,303,73,43,10,53,0.96,51
22,2017-03-23,良,61,197,43,34,9,44,0.76,44
23,2017-03-24,良,75,242,54,24,9,47,0.81,42
24,2017-03-25,良,83,260,53,81,10,45,0.83,53
25,2017-03-26,良,73,210,37,93,11,56,0.85,61
26,2017-03-27,良,76,216,40,99,12,67,0.8,72
27,2017-03-28,良,86,259,49,113,14,50,0.76,89
28,2017-03-29,轻度污染,106,272,79,86,10,51,0.84,86
29,2017-03-30,轻度污染,129,327,97,90,13,68,1.14,49
30,2017-03-31,良,67,214,46,50,10,33,0.74,91
0,2017-02-01,优,50,107,35,37,13,19,0.58,67
1,2017-02-02,轻度污染,124,294,93,48,15,35,1.2,75
2,2017-02-03,轻度污染,105,231,78,39,12,48,1.2,35
3,2017-02-04,轻度污染,140,282,106,42,12,56,1.34,26
4,2017-02-05,轻度污染,117,239,88,75,16,57,1.46,32
5,2017-02-06,轻度污染,145,321,109,46,15,55,1.26,53
6,2017-02-07,优,50,112,35,40,13,35,0.65,53
7,2017-02-08,良,100,317,74,32,22,36,0.85,43
8,2017-02-09,中度污染,151,357,113,42,23,34,1.1,65
9,2017-02-10,中度污染,154,356,116,81,21,47,1.17,66
10,2017-02-11,轻度污染,125,331,94,86,18,72,1.1,57
11,2017-02-12,轻度污染,101,227,75,90,21,76,1.05,55
12,2017-02-13,轻度污染,103,217,77,102,23,95,1.37,50
13,2017-02-14,轻度污染,120,237,90,112,21,99,1.41,57
14,2017-02-15,轻度污染,102,167,76,96,20,89,1.14,63
15,2017-02-16,轻度污染,103,205,76,115,15,74,1.32,69
16,2017-02-17,轻度污染,138,319,102,101,13,52,1.08,41
17,2017-02-18,良,88,190,60,92,12,60,0.94,39
18,2017-02-19,轻度污染,132,240,100,100,14,45,1.26,64
19,2017-02-20,轻度污染,119,291,80,94,15,44,1.09,48
20,2017-02-21,优,50,97,27,43,10,34,0.73,55
21,2017-02-22,良,93,287,69,29,12,31,0.89,43
22,2017-02-23,中度污染,157,356,119,50,16,56,1.17,42
23,2017-02-24,轻度污染,117,337,88,101,12,83,1.14,51
24,2017-02-25,轻度污染,113,302,85,108,13,101,1.21,53
25,2017-02-26,轻度污染,108,298,80,116,15,98,1.25,60
26,2017-02-27,轻度污染,145,348,110,129,19,103,1.29,55
27,2017-02-28,轻度污染,145,341,109,124,20,96,1.1,70
0,2017-01-01,中度污染,199,266,150,180,30,113,2.49,22
1,2017-01-02,重度污染,226,302,177,89,15,84,2.01,22
2,2017-01-03,中度污染,165,210,127,147,18,93,2.36,21
3,2017-01-04,严重污染,254,323,203,185,15,120,2.9,15
4,2017-01-05,良,53,69,36,3,12,59,1.38,37
5,2017-01-06,优,28,9,15,10,11,42,0.78,41
6,2017-01-07,良,68,186,49,34,8,44,1.42,27
7,2017-01-08,轻度污染,141,304,106,50,8,35,1.46,50
8,2017-01-09,中度污染,153,316,116,113,12,64,1.65,39
9,2017-01-10,中度污染,154,321,116,90,15,56,1.54,40
10,2017-01-11,轻度污染,140,306,105,80,16,67,1.37,47
11,2017-01-12,轻度污染,137,315,103,109,13,66,1.31,45
12,2017-01-13,轻度污染,103,273,76,105,17,69,1.11,39
13,2017-01-14,轻度污染,103,293,74,82,14,52,0.9,46
14,2017-01-15,优,50,119,33,49,11,48,0.59,42
15,2017-01-16,良,65,138,46,65,13,61,0.81,30
16,2017-01-17,良,70,125,49,73,13,71,0.95,22
17,2017-01-18,轻度污染,113,230,84,62,12,60,1.08,21
18,2017-01-19,轻度污染,105,201,78,54,11,44,0.96,38
19,2017-01-20,良,85,253,52,99,18,51,0.76,46
20,2017-01-21,良,73,160,47,88,17,63,0.73,46
21,2017-01-22,轻度污染,125,300,94,132,26,84,1.16,31
22,2017-01-23,轻度污染,101,239,75,90,21,69,1.13,43
23,2017-01-24,良,74,144,53,65,16,54,0.92,48
24,2017-01-25,良,96,157,71,79,17,61,1.03,44
25,2017-01-26,轻度污染,120,209,90,58,16,43,1.04,61
26,2017-01-27,中度污染,166,312,126,156,22,29,1.16,68
27,2017-01-28,中度污染,160,222,122,156,26,29,0.98,57
28,2017-01-29,轻度污染,124,278,93,81,12,24,1.04,26
29,2017-01-30,良,74,240,53,51,12,17,0.79,61
30,2017-01-31,良,53,122,37,44,12,21,0.67,61
0,2016-12-01,轻度污染,116,250,84,153,14,80,1.25,28
1,2016-12-02,轻度污染,126,266,91,136,17,78,1.11,39
2,2016-12-03,轻度污染,108,199,79,152,21,103,1.36,18
3,2016-12-04,轻度污染,121,246,88,145,14,79,1.25,43
4,2016-12-05,中度污染,178,334,130,194,12,73,1.44,37
5,2016-12-06,轻度污染,133,317,101,122,12,60,0.96,41
6,2016-12-07,中度污染,153,292,115,167,15,97,1.41,36
7,2016-12-08,中度污染,164,286,123,191,17,116,1.67,34
8,2016-12-09,中度污染,153,314,115,146,17,71,1.35,43
9,2016-12-10,优,50,36,30,51,11,49,0.76,39
10,2016-12-11,良,61,78,42,64,12,59,0.9,27
11,2016-12-12,轻度污染,102,200,76,113,15,68,1.15,14
12,2016-12-13,良,91,229,67,24,11,48,1.26,12
13,2016-12-14,优,38,52,24,30,13,36,0.59,45
14,2016-12-15,良,87,211,64,91,15,68,1.03,30
15,2016-12-16,轻度污染,144,292,109,134,18,89,1.33,33
16,2016-12-17,轻度污染,123,220,92,97,23,65,1.1,42
17,2016-12-18,轻度污染,114,189,85,134,23,90,1.31,22
18,2016-12-19,中度污染,154,211,116,158,25,96,1.62,20
19,2016-12-20,中度污染,167,238,127,14,12,61,1.17,23
20,2016-12-21,良,59,105,42,10,10,40,1.16,26
21,2016-12-22,轻度污染,134,310,99,50,11,48,1.52,39
22,2016-12-23,轻度污染,103,250,76,109,16,72,1.36,31
23,2016-12-24,轻度污染,111,275,83,89,16,65,1.35,24
24,2016-12-25,良,59,135,42,36,10,55,0.94,13
25,2016-12-26,优,29,16,20,17,11,35,0.83,20
26,2016-12-27,轻度污染,124,331,94,69,18,60,1.58,30
27,2016-12-28,良,84,230,61,81,17,69,0.96,32
28,2016-12-29,轻度污染,103,245,77,105,20,74,1.21,37
29,2016-12-30,中度污染,174,309,131,150,22,78,1.54,32
30,2016-12-31,中度污染,175,273,131,147,24,90,1.92,31
0,2016-11-01,优,42,119,24,41,9,35,0.67,35
1,2016-11-02,良,61,180,41,67,13,56,0.93,37
2,2016-11-03,良,65,140,44,71,14,54,0.95,38
3,2016-11-04,良,72,135,50,81,13,54,0.93,51
4,2016-11-05,良,94,182,67,120,16,74,1.16,44
5,2016-11-06,轻度污染,128,267,96,145,25,71,1.38,68
6,2016-11-07,良,87,213,64,60,15,41,1.05,49
7,2016-11-08,良,60,200,41,41,14,25,0.75,57
8,2016-11-09,优,49,171,30,48,13,41,0.79,42
9,2016-11-10,优,46,109,26,48,12,38,0.84,51
10,2016-11-11,良,65,190,40,74,15,45,0.98,36
11,2016-11-12,良,76,190,47,99,16,56,1.06,39
12,2016-11-13,良,86,179,59,110,21,63,1.43,18
13,2016-11-14,轻度污染,110,242,81,137,20,70,1.58,40
14,2016-11-15,良,99,241,68,121,15,66,1.2,64
15,2016-11-16,良,73,176,41,91,16,65,1.17,21
16,2016-11-17,良,59,110,42,40,12,61,1.35,9
17,2016-11-18,优,48,41,32,44,12,58,1.59,9
18,2016-11-19,良,76,166,53,75,12,54,1.75,12
19,2016-11-20,良,66,187,47,51,10,41,1.58,14
20,2016-11-21,优,40,79,27,31,10,40,1.05,16
21,2016-11-22,优,25,21,13,17,12,28,0.7,36
22,2016-11-23,良,57,239,40,13,15,36,0.66,29
23,2016-11-24,良,84,247,61,56,15,42,0.85,36
24,2016-11-25,轻度污染,111,276,82,87,19,56,1.13,18
25,2016-11-26,轻度污染,102,232,75,83,16,54,1.2,31
26,2016-11-27,良,98,218,65,127,14,64,1.34,30
27,2016-11-28,轻度污染,117,283,85,162,18,72,1.37,32
28,2016-11-29,良,67,125,43,78,15,64,0.81,29
29,2016-11-30,良,70,123,47,77,12,58,0.73,30
0,2016-10-01,优,34,44,21,30,10,34,1.02,14
1,2016-10-02,优,35,59,22,30,10,30,1.02,24
2,2016-10-03,优,44,95,21,41,10,33,0.8,43
3,2016-10-04,良,55,160,33,57,11,46,0.73,43
4,2016-10-05,良,85,321,58,103,11,45,0.86,74
5,2016-10-06,轻度污染,104,354,75,102,9,34,0.95,87
6,2016-10-07,优,45,118,24,46,10,36,0.79,45
7,2016-10-08,良,68,287,47,75,11,33,0.76,71
8,2016-10-09,优,50,187,22,49,12,30,0.66,75
9,2016-10-10,优,44,114,15,44,10,33,0.59,56
10,2016-10-11,良,52,162,28,56,11,42,0.82,30
11,2016-10-12,良,54,157,33,59,11,53,0.83,30
12,2016-10-13,良,72,242,51,64,11,50,0.97,32
13,2016-10-14,优,43,66,20,43,10,56,0.82,23
14,2016-10-15,良,64,219,43,73,10,63,0.96,10
15,2016-10-16,良,54,117,37,48,9,34,0.77,28
16,2016-10-17,良,64,188,45,63,10,39,0.71,48
17,2016-10-18,良,84,249,61,91,12,53,1.04,30
18,2016-10-19,良,90,252,66,98,13,52,1.01,29
19,2016-10-20,良,58,195,41,42,10,49,1.12,11
20,2016-10-21,优,30,51,19,25,9,37,0.76,19
21,2016-10-22,优,19,3,8,11,11,20,0.59,40
22,2016-10-23,优,48,229,33,34,11,24,0.77,28
23,2016-10-24,优,37,87,23,35,10,31,0.73,19
24,2016-10-25,优,41,101,28,34,8,32,0.88,20
25,2016-10-26,优,32,56,20,22,8,41,1.21,13
26,2016-10-27,优,34,72,20,27,7,45,0.9,38
27,2016-10-28,优,41,151,26,29,9,33,0.79,37
28,2016-10-29,优,38,124,22,19,11,35,0.7,45
29,2016-10-30,良,55,196,37,53,14,54,1.02,21
30,2016-10-31,优,49,198,34,29,9,38,0.9,30
0,2016-09-01,良,85,312,52,114,12,45,0.81,108
1,2016-09-02,轻度污染,103,345,61,131,12,66,0.91,90
2,2016-09-03,轻度污染,112,337,63,157,17,85,1.04,78
3,2016-09-04,良,99,321,62,144,18,78,1.06,75
4,2016-09-05,良,99,312,67,125,16,62,1.14,97
5,2016-09-06,良,69,240,45,77,13,41,0.75,81
6,2016-09-07,良,64,256,38,68,10,36,0.87,97
7,2016-09-08,良,79,275,51,99,17,52,1.0,90
8,2016-09-09,轻度污染,107,330,67,132,15,68,1.08,109
9,2016-09-10,良,84,319,52,101,11,41,0.84,102
10,2016-09-11,良,82,310,52,90,15,41,0.83,84
11,2016-09-12,良,66,237,36,75,13,43,0.78,88
12,2016-09-13,良,84,308,55,102,14,49,0.85,117
13,2016-09-14,良,78,273,51,91,13,46,0.87,83
14,2016-09-15,优,38,93,20,31,10,30,0.77,42
15,2016-09-16,优,23,33,6,15,9,18,0.53,43
16,2016-09-17,优,38,103,16,36,11,24,0.59,67
17,2016-09-18,良,62,263,42,67,13,33,0.72,59
18,2016-09-19,良,56,225,22,60,13,35,0.56,75
19,2016-09-20,良,62,232,26,72,13,50,0.56,61
20,2016-09-21,良,70,221,36,88,15,60,0.78,63
21,2016-09-22,良,83,260,54,109,14,69,1.03,63
22,2016-09-23,良,97,297,67,128,15,78,1.06,62
23,2016-09-24,良,96,288,69,125,14,60,0.96,72
24,2016-09-25,良,91,276,67,108,14,47,1.04,99
25,2016-09-26,良,98,312,62,106,14,49,1.07,108
26,2016-09-27,良,78,282,52,94,12,46,0.91,77
27,2016-09-28,优,29,50,16,18,12,18,0.64,49
28,2016-09-29,优,31,59,21,27,12,28,0.7,27
29,2016-09-30,优,25,15,16,17,11,30,0.67,38
0,2016-08-01,良,66,278,25,63,11,29,0.69,94
1,2016-08-02,良,62,289,33,67,10,34,0.75,75
2,2016-08-03,优,41,158,18,38,9,31,0.66,59
3,2016-08-04,优,43,166,15,38,10,29,0.67,53
4,2016-08-05,优,49,191,22,49,13,32,0.7,61
5,2016-08-06,良,56,222,24,56,9,40,0.78,59
6,2016-08-07,良,58,282,35,63,11,34,0.84,62
7,2016-08-08,良,57,272,30,62,11,30,0.74,78
8,2016-08-09,良,52,203,24,52,11,26,0.73,73
9,2016-08-10,良,51,203,24,53,10,25,0.74,56
10,2016-08-11,良,56,240,26,57,11,29,0.76,69
11,2016-08-12,良,58,249,27,64,11,29,0.78,79
12,2016-08-13,良,70,311,26,68,10,35,0.85,94
13,2016-08-14,良,70,314,28,69,11,33,0.85,98
14,2016-08-15,良,95,360,49,96,12,33,0.95,122
15,2016-08-16,轻度污染,101,361,52,92,12,33,0.95,130
16,2016-08-17,良,81,322,41,80,12,31,0.88,104
17,2016-08-18,良,95,347,42,90,12,40,0.98,117
18,2016-08-19,良,92,359,55,120,13,48,1.03,108
19,2016-08-20,良,91,360,65,106,10,44,1.27,45
20,2016-08-21,良,81,328,58,80,8,26,1.19,72
21,2016-08-22,良,75,292,54,76,8,38,1.17,58
22,2016-08-23,良,65,221,42,69,10,35,0.92,74
23,2016-08-24,良,81,279,40,81,12,42,0.88,101
24,2016-08-25,良,90,330,41,92,14,42,0.93,111
25,2016-08-26,良,55,279,29,58,11,25,0.61,64
26,2016-08-27,良,66,312,33,68,14,31,0.69,85
27,2016-08-28,良,74,291,35,76,15,43,0.7,98
28,2016-08-29,良,78,319,36,89,11,47,0.68,84
29,2016-08-30,良,80,288,34,91,14,55,0.74,89
30,2016-08-31,良,88,294,44,114,12,66,0.82,82
0,2016-07-01,优,23,23,5,11,9,24,0.56,43
1,2016-07-02,优,23,15,11,18,10,34,0.7,38
2,2016-07-03,优,37,121,22,32,10,28,0.85,54
3,2016-07-04,优,32,97,10,15,10,21,0.61,65
4,2016-07-05,优,38,124,21,31,10,30,0.67,51
5,2016-07-06,优,37,114,22,35,10,36,0.8,27
6,2016-07-07,良,56,230,35,50,9,36,0.92,64
7,2016-07-08,良,68,294,46,65,10,31,0.88,76
8,2016-07-09,良,57,221,38,58,10,26,0.78,58
9,2016-07-10,良,74,304,52,70,10,30,0.77,38
10,2016-07-11,良,58,227,40,50,9,20,0.68,43
11,2016-07-12,良,60,249,37,69,10,30,0.72,66
12,2016-07-13,良,61,263,43,65,9,23,0.8,77
13,2016-07-14,轻度污染,102,353,75,103,9,39,1.01,42
14,2016-07-15,优,40,127,25,33,9,23,0.79,49
15,2016-07-16,优,48,159,26,38,8,23,0.74,85
16,2016-07-17,良,56,189,34,57,9,29,0.82,72
17,2016-07-18,优,45,129,22,44,9,21,0.63,76
18,2016-07-19,优,48,174,30,47,11,28,0.89,46
19,2016-07-20,优,50,226,25,50,10,16,0.63,65
20,2016-07-21,优,47,194,23,47,10,19,0.59,71
21,2016-07-22,良,64,275,41,73,10,20,0.72,96
22,2016-07-23,良,68,263,44,82,10,24,0.71,97
23,2016-07-24,良,67,254,39,78,9,25,0.69,91
24,2016-07-25,良,73,283,44,88,9,28,0.77,96
25,2016-07-26,良,76,301,46,91,9,33,0.88,87
26,2016-07-27,良,76,288,43,95,9,33,0.73,82
27,2016-07-28,良,78,276,47,89,10,26,0.75,114
28,2016-07-29,良,80,268,43,83,9,26,0.72,121
29,2016-07-30,良,77,275,36,91,10,37,0.75,95
30,2016-07-31,轻度污染,104,359,58,100,11,33,0.87,130
0,2016-06-01,良,60,218,32,41,8,25,0.99,85
1,2016-06-02,良,68,245,46,68,12,43,0.95,66
2,2016-06-03,良,68,255,49,40,9,37,0.98,56
3,2016-06-04,良,61,207,37,46,8,27,0.73,97
4,2016-06-05,良,64,199,37,65,13,39,0.97,93
5,2016-06-06,良,78,270,53,76,11,38,1.01,90
6,2016-06-07,良,92,319,68,86,10,34,0.98,90
7,2016-06-08,轻度污染,114,342,84,94,10,42,1.0,70
8,2016-06-09,良,72,237,50,63,9,30,0.97,98
9,2016-06-10,轻度污染,106,357,76,101,13,46,1.13,94
10,2016-06-11,轻度污染,101,344,72,121,11,62,1.29,81
11,2016-06-12,良,78,314,46,59,10,35,0.94,104
12,2016-06-13,良,70,260,40,66,10,33,0.89,105
13,2016-06-14,良,68,251,37,74,10,28,0.82,106
14,2016-06-15,良,68,291,39,81,9,31,0.84,90
15,2016-06-16,良,83,294,47,74,8,31,0.9,114
16,2016-06-17,良,83,278,52,97,9,35,0.84,108
17,2016-06-18,良,64,201,37,75,9,30,0.71,95
18,2016-06-19,优,40,121,19,41,8,31,0.61,55
19,2016-06-20,优,43,133,18,41,8,48,0.77,37
20,2016-06-21,良,59,218,40,56,8,40,1.01,44
21,2016-06-22,优,39,87,22,37,7,31,0.77,58
22,2016-06-23,良,56,242,35,59,8,27,0.9,75
23,2016-06-24,优,36,98,16,23,7,32,0.85,60
24,2016-06-25,优,40,108,17,26,7,28,0.67,81
25,2016-06-26,良,63,225,41,56,10,42,0.96,81
26,2016-06-27,优,43,112,22,23,8,31,0.76,74
27,2016-06-28,优,43,108,28,39,8,32,0.77,43
28,2016-06-29,优,49,162,30,51,9,30,0.82,56
29,2016-06-30,优,47,168,22,48,8,22,0.56,52
0,2016-05-01,良,73,164,43,91,9,27,0.78,96
1,2016-05-02,优,50,65,28,49,6,23,0.78,68
2,2016-05-03,良,70,242,26,88,8,33,0.56,78
3,2016-05-04,良,80,252,36,104,10,47,0.72,90
4,2016-05-05,良,63,164,27,74,9,32,0.71,82
5,2016-05-06,良,81,201,51,104,10,41,0.95,77
6,2016-05-07,重度污染,202,356,82,310,12,38,0.76,76
7,2016-05-08,良,75,302,46,98,10,44,0.86,46
8,2016-05-09,良,97,351,72,95,10,49,1.02,28
9,2016-05-10,良,93,313,68,80,10,34,0.94,73
10,2016-05-11,良,93,236,64,107,10,45,1.05,88
11,2016-05-12,良,93,245,50,115,11,26,0.77,113
12,2016-05-13,良,58,128,27,66,9,26,0.6,74
13,2016-05-14,轻度污染,105,338,78,101,13,31,1.06,98
14,2016-05-15,优,49,152,28,37,8,24,0.76,56
15,2016-05-16,良,67,205,33,78,9,36,0.71,73
16,2016-05-17,良,77,214,44,95,20,48,0.84,101
17,2016-05-18,良,82,222,51,103,17,56,0.79,104
18,2016-05-19,轻度污染,103,295,55,102,17,52,0.91,133
19,2016-05-20,良,63,182,37,55,12,34,0.72,85
20,2016-05-21,优,45,121,22,23,8,20,0.56,88
21,2016-05-22,良,53,177,33,43,8,25,0.66,100
22,2016-05-23,良,61,206,42,59,8,33,0.61,86
23,2016-05-24,良,74,244,44,79,10,39,0.72,98
24,2016-05-25,良,86,287,51,101,8,37,0.84,98
25,2016-05-26,良,93,337,68,100,11,43,0.99,60
26,2016-05-27,良,58,201,40,36,9,33,0.96,86
27,2016-05-28,优,40,84,25,27,7,25,0.85,61
28,2016-05-29,良,67,232,46,62,8,29,0.86,88
29,2016-05-30,良,94,282,64,95,12,36,1.1,121
30,2016-05-31,良,93,295,66,116,10,35,1.31,76
0,2016-04-01,良,76,131,55,75,12,29,0.93,82
1,2016-04-02,轻度污染,103,263,77,85,16,58,1.51,27
2,2016-04-03,良,57,184,39,10,11,22,0.68,73
3,2016-04-04,良,53,128,35,53,16,26,0.67,65
4,2016-04-05,良,86,289,62,90,23,43,1.17,38
5,2016-04-06,良,51,161,36,6,10,37,1.05,21
6,2016-04-07,优,48,115,30,47,13,34,0.73,46
7,2016-04-08,良,78,243,51,98,19,48,1.24,38
8,2016-04-09,良,84,260,53,109,21,60,1.36,57
9,2016-04-10,良,97,286,56,138,18,77,1.05,77
10,2016-04-11,轻度污染,104,310,67,150,22,71,1.1,68
11,2016-04-12,良,90,273,60,100,15,56,0.97,81
12,2016-04-13,良,98,258,65,141,18,83,1.23,74
13,2016-04-14,轻度污染,119,311,83,164,19,80,1.32,101
14,2016-04-15,良,91,265,54,126,19,46,0.9,96
15,2016-04-16,良,52,151,35,47,9,30,1.04,55
16,2016-04-17,良,70,256,38,87,10,44,0.89,46
17,2016-04-18,良,59,218,32,65,14,32,0.78,84
18,2016-04-19,良,66,212,32,77,17,37,0.94,95
19,2016-04-20,良,62,229,40,59,12,52,1.14,49
20,2016-04-21,良,71,205,48,69,5,29,0.92,92
21,2016-04-22,良,66,171,39,80,8,48,0.94,76
22,2016-04-23,良,65,209,43,55,7,45,0.85,85
23,2016-04-24,良,63,188,44,69,10,39,0.88,87
24,2016-04-25,良,65,184,39,66,12,35,0.76,87
25,2016-04-26,良,79,267,58,60,10,46,1.0,43
26,2016-04-27,优,50,95,29,51,7,33,0.67,85
27,2016-04-28,良,85,283,54,97,9,50,0.82,90
28,2016-04-29,轻度污染,104,297,68,139,11,67,1.14,91
29,2016-04-30,良,79,185,48,105,10,38,0.78,103
0,2016-03-01,轻度污染,112,306,83,105,23,38,1.03,61
1,2016-03-02,轻度污染,130,291,98,141,28,55,1.37,54
2,2016-03-03,中度污染,173,330,130,174,33,72,1.89,36
3,2016-03-04,中度污染,151,268,113,151,34,55,1.63,47
4,2016-03-05,中度污染,197,301,157,200,17,38,1.45,50
5,2016-03-06,中度污染,196,312,150,181,19,38,1.42,45
6,2016-03-07,重度污染,204,343,155,183,16,42,1.55,36
7,2016-03-08,良,55,159,32,28,9,20,0.44,67
8,2016-03-09,优,36,76,19,30,16,20,0.51,64
9,2016-03-10,良,57,241,38,56,18,33,0.77,59
10,2016-03-11,良,93,310,68,100,18,46,1.02,55
11,2016-03-12,良,96,251,71,105,30,47,1.04,64
12,2016-03-13,轻度污染,134,325,101,129,20,45,1.18,60
13,2016-03-14,中度污染,170,352,128,163,18,54,1.28,63
14,2016-03-15,轻度污染,143,323,108,133,23,50,1.13,67
15,2016-03-16,轻度污染,113,244,85,133,23,59,1.21,49
16,2016-03-17,中度污染,169,309,128,185,33,71,1.5,37
17,2016-03-18,中度污染,180,319,136,170,18,61,1.45,32
18,2016-03-19,中度污染,180,322,136,157,17,54,1.42,61
19,2016-03-20,轻度污染,128,303,94,86,17,36,1.05,70
20,2016-03-21,良,75,172,53,86,21,38,0.82,79
21,2016-03-22,轻度污染,121,319,91,125,22,40,1.12,74
22,2016-03-23,良,78,290,53,68,14,24,0.61,72
23,2016-03-24,优,48,122,17,47,13,22,0.49,73
24,2016-03-25,良,73,261,43,94,21,41,0.78,61
25,2016-03-26,轻度污染,107,338,80,111,19,45,0.97,58
26,2016-03-27,良,88,269,63,87,13,37,0.83,81
27,2016-03-28,良,90,244,62,101,19,38,0.84,99
28,2016-03-29,良,92,255,64,127,20,52,1.03,61
29,2016-03-30,良,90,219,66,98,14,46,0.98,45
30,2016-03-31,良,67,105,48,49,10,31,0.79,68
0,2016-02-01,中度污染,155,347,118,102,24,37,1.29,37
1,2016-02-02,轻度污染,140,315,106,109,22,50,1.24,44
2,2016-02-03,轻度污染,131,288,99,126,26,61,1.56,36
3,2016-02-04,中度污染,163,322,123,109,25,57,1.77,34
4,2016-02-05,中度污染,179,349,135,68,21,44,1.89,54
5,2016-02-06,轻度污染,103,312,75,88,21,26,1.04,58
6,2016-02-07,轻度污染,107,286,78,125,29,27,0.86,69
7,2016-02-08,严重污染,275,345,214,294,57,31,1.1,64
8,2016-02-09,轻度污染,125,287,94,111,18,25,0.92,80
9,2016-02-10,良,74,176,52,71,21,27,0.83,76
10,2016-02-11,良,73,197,53,67,18,39,1.03,34
11,2016-02-12,良,73,169,53,62,20,35,1.23,22
12,2016-02-13,良,100,346,74,49,9,25,1.61,29
13,2016-02-14,优,42,198,27,24,12,17,0.54,53
14,2016-02-15,优,36,82,20,30,14,23,0.54,55
15,2016-02-16,优,39,56,23,36,11,31,0.56,56
16,2016-02-17,良,54,120,36,54,13,42,0.76,52
17,2016-02-18,良,62,104,42,63,16,43,0.81,51
18,2016-02-19,轻度污染,111,250,83,113,19,50,1.05,34
19,2016-02-20,轻度污染,121,312,70,179,18,31,0.68,46
20,2016-02-21,良,94,213,55,137,18,44,0.84,37
21,2016-02-22,良,90,232,66,88,9,27,0.84,41
22,2016-02-23,轻度污染,103,272,76,99,11,27,0.82,48
23,2016-02-24,中度污染,160,352,121,138,15,38,1.23,50
24,2016-02-25,轻度污染,122,296,92,128,22,48,1.03,55
25,2016-02-26,轻度污染,102,281,76,124,17,44,1.02,55
26,2016-02-27,良,76,206,53,85,16,36,0.9,47
27,2016-02-28,轻度污染,122,314,91,122,22,30,1.16,66
28,2016-02-29,轻度污染,121,333,91,106,19,34,0.94,70
0,2016-01-01,重度污染,211,335,162,179,27,69,1.71,19
1,2016-01-02,中度污染,173,259,131,162,24,66,1.55,22
2,2016-01-03,轻度污染,132,194,100,129,18,62,1.47,21
3,2016-01-04,重度污染,229,320,180,165,19,52,1.79,22
4,2016-01-05,良,60,143,42,22,11,26,0.75,41
5,2016-01-06,良,60,129,42,62,14,32,0.64,26
6,2016-01-07,轻度污染,138,322,103,102,23,34,1.12,16
7,2016-01-08,轻度污染,121,294,91,104,26,42,1.2,30
8,2016-01-09,中度污染,157,283,119,148,26,62,1.59,12
9,2016-01-10,重度污染,204,309,156,147,31,60,1.84,13
10,2016-01-11,轻度污染,147,321,110,15,13,27,1.16,45
11,2016-01-12,良,57,160,40,31,11,24,0.62,33
12,2016-01-13,轻度污染,110,267,82,96,19,35,0.97,31
13,2016-01-14,轻度污染,115,252,86,109,17,48,1.31,26
14,2016-01-15,轻度污染,105,207,78,109,18,58,1.33,29
15,2016-01-16,轻度污染,106,208,79,109,35,62,1.28,22
16,2016-01-17,中度污染,183,328,143,157,23,45,1.68,42
17,2016-01-18,严重污染,257,359,206,212,24,40,2.08,22
18,2016-01-19,中度污染,161,328,121,144,27,50,1.23,26
19,2016-01-20,良,92,236,66,83,23,43,0.89,28
20,2016-01-21,良,54,146,37,22,9,26,0.47,35
21,2016-01-22,良,86,266,63,57,12,27,0.8,43
22,2016-01-23,轻度污染,105,349,76,30,18,26,0.8,40
23,2016-01-24,良,68,271,23,84,14,22,0.4,51
24,2016-01-25,良,58,126,23,66,10,38,0.48,46
25,2016-01-26,良,74,194,48,94,15,52,0.77,35
26,2016-01-27,良,72,144,46,91,31,52,0.98,23
27,2016-01-28,良,73,159,53,39,12,46,1.03,8
28,2016-01-29,良,75,195,54,22,9,29,0.85,39
29,2016-01-30,良,84,231,61,70,13,31,0.97,42
30,2016-01-31,良,83,253,60,49,14,28,0.83,35
0,2015-12-01,中度污染,159,305,119,139,16,49,2.17,10
1,2015-12-02,轻度污染,128,327,92,151,15,32,1.19,25
2,2015-12-03,良,100,337,56,143,16,38,0.86,30
3,2015-12-04,轻度污染,132,357,97,132,16,41,1.02,19
4,2015-12-05,轻度污染,144,324,108,152,19,60,1.39,12
5,2015-12-06,良,80,214,58,81,16,53,1.07,23
6,2015-12-07,轻度污染,128,251,96,139,25,70,1.85,14
7,2015-12-08,轻度污染,112,243,84,101,20,58,1.46,24
8,2015-12-09,轻度污染,133,279,100,138,18,51,1.44,9
9,2015-12-10,严重污染,295,344,255,237,16,40,1.71,16
10,2015-12-11,严重污染,285,359,236,222,17,44,2.11,11
11,2015-12-12,良,92,221,68,75,14,42,1.01,15
12,2015-12-13,轻度污染,111,266,83,106,14,35,0.84,27
13,2015-12-14,严重污染,261,350,210,231,23,49,1.73,20
14,2015-12-15,轻度污染,132,297,99,70,19,36,1.07,25
15,2015-12-16,良,80,314,54,79,15,30,0.69,25
16,2015-12-17,良,74,281,50,83,15,39,0.78,16
17,2015-12-18,轻度污染,104,286,77,114,24,52,1.16,19
18,2015-12-19,轻度污染,121,267,91,113,26,58,1.56,9
19,2015-12-20,轻度污染,129,242,97,107,14,54,1.27,13
20,2015-12-21,轻度污染,139,217,105,122,17,53,1.6,10
21,2015-12-22,严重污染,295,329,244,178,17,52,1.94,18
22,2015-12-23,严重污染,256,303,206,32,13,38,1.82,11
23,2015-12-24,良,97,192,72,45,11,36,1.66,8
24,2015-12-25,重度污染,206,307,166,163,19,43,1.98,32
25,2015-12-26,轻度污染,133,266,101,131,17,49,1.43,31
26,2015-12-27,轻度污染,116,296,87,100,13,35,1.12,23
27,2015-12-28,良,60,98,42,60,12,32,0.74,33
28,2015-12-29,轻度污染,106,188,79,118,20,53,1.25,23
29,2015-12-30,中度污染,171,269,130,177,21,59,1.73,20
30,2015-12-31,重度污染,213,328,165,201,28,72,1.73,24
0,2015-11-01,轻度污染,104,321,77,104,21,46,1.02,57
1,2015-11-02,良,77,192,53,89,17,58,0.98,39
2,2015-11-03,轻度污染,108,241,80,125,25,56,1.18,59
3,2015-11-04,轻度污染,122,284,92,123,19,53,1.25,30
4,2015-11-05,良,100,267,74,109,18,57,1.38,19
5,2015-11-06,轻度污染,108,325,81,83,12,39,1.34,21
6,2015-11-07,优,39,90,27,30,9,21,0.89,10
7,2015-11-08,良,89,270,65,50,13,29,1.13,16
8,2015-11-09,轻度污染,102,271,76,65,15,32,1.22,40
9,2015-11-10,良,93,252,69,72,13,36,1.21,58
10,2015-11-11,良,64,172,44,64,12,43,0.88,31
11,2015-11-12,优,49,116,33,39,12,30,0.89,29
12,2015-11-13,良,91,249,67,70,12,29,1.29,40
13,2015-11-14,中度污染,190,348,143,142,16,37,1.58,45
14,2015-11-15,轻度污染,134,307,101,115,22,47,1.79,24
15,2015-11-16,轻度污染,127,350,96,64,14,36,1.53,27
16,2015-11-17,良,94,321,70,45,10,27,1.41,33
17,2015-11-18,良,57,219,40,38,14,24,0.97,29
18,2015-11-19,良,73,278,52,63,8,31,1.05,8
19,2015-11-20,良,94,295,70,83,14,40,1.24,10
20,2015-11-21,良,99,320,74,90,17,43,1.49,13
21,2015-11-22,良,56,238,39,41,13,36,1.55,19
22,2015-11-23,优,27,20,19,21,9,24,0.89,11
23,2015-11-24,优,22,22,12,16,6,21,0.58,29
24,2015-11-25,良,73,287,52,54,12,23,0.76,30
25,2015-11-26,良,87,326,64,57,18,25,0.81,42
26,2015-11-27,良,75,246,54,74,26,43,1.05,28
27,2015-11-28,良,81,183,59,94,27,51,1.35,20
28,2015-11-29,良,87,180,63,104,14,51,1.24,25
29,2015-11-30,轻度污染,120,252,89,120,12,52,1.65,10
0,2015-10-01,良,97,327,49,139,5,23,0.66,51
1,2015-10-02,中度污染,164,358,119,225,7,55,0.96,56
2,2015-10-03,轻度污染,116,314,81,177,10,84,1.3,39
3,2015-10-04,轻度污染,102,299,75,126,13,52,1.28,68
4,2015-10-05,良,67,199,47,67,10,27,0.97,53
5,2015-10-06,良,64,202,45,57,9,34,1.02,27
6,2015-10-07,优,36,55,24,22,8,27,0.84,29
7,2015-10-08,优,31,30,18,27,5,21,0.53,44
8,2015-10-09,良,82,322,53,91,11,38,0.71,40
9,2015-10-10,良,86,334,56,114,12,41,0.81,54
10,2015-10-11,良,80,301,51,103,13,47,0.88,52
11,2015-10-12,轻度污染,104,320,75,137,14,60,1.11,56
12,2015-10-13,良,97,267,69,128,17,65,1.27,55
13,2015-10-14,轻度污染,106,233,76,134,20,66,1.44,57
14,2015-10-15,轻度污染,102,213,74,122,13,49,1.34,60
15,2015-10-16,中度污染,192,333,148,222,19,68,2.01,68
16,2015-10-17,中度污染,170,331,131,175,16,55,1.82,72
17,2015-10-18,良,78,194,55,91,14,43,1.18,63
18,2015-10-19,良,80,179,57,89,12,40,1.15,58
19,2015-10-20,良,90,206,66,102,12,45,1.3,60
20,2015-10-21,良,94,235,68,102,13,41,1.34,59
21,2015-10-22,良,96,242,71,98,14,31,1.26,67
22,2015-10-23,中度污染,154,337,116,161,13,36,1.5,64
23,2015-10-24,轻度污染,139,327,104,142,14,40,1.18,69
24,2015-10-25,轻度污染,123,327,93,118,12,25,1.04,59
25,2015-10-26,轻度污染,116,316,87,95,13,30,0.98,31
26,2015-10-27,良,72,269,42,59,10,26,0.53,45
27,2015-10-28,良,99,322,58,145,19,52,1.25,26
28,2015-10-29,良,84,288,61,92,17,40,1.32,32
29,2015-10-30,良,68,256,45,62,14,31,0.88,43
30,2015-10-31,优,48,160,28,47,20,33,0.77,47
0,2015-09-01,良,81,301,57,93,7,26,0.84,77
1,2015-09-02,良,55,202,29,58,8,20,0.66,76
2,2015-09-03,良,64,247,39,75,8,28,0.78,72
3,2015-09-04,良,69,281,47,82,10,25,0.91,65
4,2015-09-05,优,33,47,20,29,5,18,0.68,57
5,2015-09-06,良,61,274,41,67,7,18,0.84,75
6,2015-09-07,良,55,190,32,55,7,18,0.75,70
7,2015-09-08,优,48,104,23,49,6,24,0.8,65
8,2015-09-09,良,53,168,26,55,8,25,0.85,77
9,2015-09-10,良,56,202,28,57,8,27,0.79,79
10,2015-09-11,良,72,288,48,87,9,36,0.9,64
11,2015-09-12,良,71,322,48,66,9,20,0.73,62
12,2015-09-13,良,60,227,31,69,12,31,0.69,63
13,2015-09-14,良,75,293,47,96,14,33,0.97,65
14,2015-09-15,良,66,210,42,76,10,31,0.82,46
15,2015-09-16,良,57,143,32,64,9,34,0.79,44
16,2015-09-17,良,66,187,40,79,11,42,0.92,50
17,2015-09-18,良,81,255,56,102,13,48,0.98,62
18,2015-09-19,良,86,278,63,91,7,28,0.88,41
19,2015-09-20,良,63,197,32,73,10,39,0.77,68
20,2015-09-21,良,77,241,55,92,14,40,0.93,61
21,2015-09-22,良,67,255,44,76,12,33,0.84,67
22,2015-09-23,良,72,286,51,65,5,25,0.82,71
23,2015-09-24,良,76,294,52,75,7,35,1.04,53
24,2015-09-25,良,63,252,44,67,7,29,0.89,50
25,2015-09-26,良,80,317,56,91,9,39,1.07,64
26,2015-09-27,良,82,294,58,80,9,27,1.15,69
27,2015-09-28,良,52,156,27,54,9,25,0.83,70
28,2015-09-29,优,47,146,23,47,5,21,0.74,60
29,2015-09-30,优,30,23,15,25,5,21,0.72,44
0,2015-08-01,良,52,171,23,54,6,20,0.59,60
1,2015-08-02,良,59,224,30,66,8,21,0.68,72
2,2015-08-03,良,62,263,34,71,7,18,0.7,76
3,2015-08-04,良,62,266,33,72,7,21,0.61,76
4,2015-08-05,良,65,242,32,79,9,26,0.64,61
5,2015-08-06,良,51,142,20,55,8,20,0.76,57
6,2015-08-07,良,66,254,41,78,8,20,0.75,77
7,2015-08-08,优,45,148,18,45,7,17,0.59,44
8,2015-08-09,优,36,96,16,35,8,14,0.56,35
9,2015-08-10,优,25,30,8,14,8,17,0.45,46
10,2015-08-11,优,35,82,15,34,6,21,0.46,46
11,2015-08-12,良,61,218,37,70,6,36,0.8,65
12,2015-08-13,良,67,201,44,78,7,38,0.82,72
13,2015-08-14,良,83,273,60,99,14,34,1.04,74
14,2015-08-15,良,81,302,58,97,13,31,0.99,69
15,2015-08-16,良,70,226,49,73,6,22,0.84,62
16,2015-08-17,良,71,203,46,84,10,29,1.0,74
17,2015-08-18,良,77,239,55,95,10,29,1.06,75
18,2015-08-19,良,72,300,52,76,7,28,0.95,41
19,2015-08-20,优,32,23,13,26,4,20,0.67,48
20,2015-08-21,良,60,211,40,64,5,23,0.8,57
21,2015-08-22,良,65,215,43,74,6,29,0.98,60
22,2015-08-23,良,57,159,32,64,7,24,0.88,68
23,2015-08-24,良,53,154,29,55,4,19,0.69,67
24,2015-08-25,良,61,195,39,68,5,21,0.76,72
25,2015-08-26,良,78,248,53,84,5,26,0.77,73
26,2015-08-27,良,70,214,43,87,9,41,0.87,66
27,2015-08-28,良,85,282,58,114,8,46,0.95,71
28,2015-08-29,良,91,327,65,120,8,43,1.15,76
29,2015-08-30,良,78,264,53,96,8,58,0.94,76
30,2015-08-31,良,80,289,56,101,8,39,1.0,80
0,2015-07-01,良,59,237,41,60,16,27,0.77,63
1,2015-07-02,良,80,303,58,94,19,41,1.24,55
2,2015-07-03,轻度污染,132,358,99,135,19,36,1.39,91
3,2015-07-04,良,90,314,66,81,16,25,0.88,84
4,2015-07-05,良,56,194,37,54,17,24,0.74,73
5,2015-07-06,优,35,37,24,30,10,24,0.61,53
6,2015-07-07,良,53,155,36,52,5,20,0.68,63
7,2015-07-08,良,84,284,62,90,8,30,0.89,58
8,2015-07-09,优,39,49,25,31,5,21,0.64,51
9,2015-07-10,优,41,84,25,37,4,17,0.56,34
10,2015-07-11,优,36,67,21,33,4,13,0.42,38
11,2015-07-12,优,41,79,24,42,5,18,0.51,44
12,2015-07-13,良,57,93,34,61,5,28,0.73,55
13,2015-07-14,良,84,231,60,101,10,33,1.04,65
14,2015-07-15,轻度污染,104,327,77,121,8,35,1.11,72
15,2015-07-16,良,72,271,52,62,7,31,0.88,44
16,2015-07-17,优,25,6,15,17,5,19,0.61,38
17,2015-07-18,优,29,16,17,27,5,19,0.61,34
18,2015-07-19,良,52,137,33,53,7,28,0.84,26
19,2015-07-20,良,61,171,42,59,7,28,0.99,24
20,2015-07-21,良,88,313,65,90,8,29,1.01,71
21,2015-07-22,良,96,329,71,100,9,29,1.11,68
22,2015-07-23,良,86,327,63,77,9,33,1.09,48
23,2015-07-24,优,50,168,31,43,5,23,0.94,44
24,2015-07-25,优,34,53,19,32,4,22,0.81,37
25,2015-07-26,优,36,54,16,35,4,21,0.66,33
26,2015-07-27,优,46,102,23,45,5,20,0.6,45
27,2015-07-28,优,50,144,24,51,7,20,0.62,54
28,2015-07-29,良,52,174,25,53,7,22,0.6,57
29,2015-07-30,优,47,152,20,47,7,18,0.53,60
30,2015-07-31,优,50,190,24,52,7,18,0.59,60
0,2015-06-01,轻度污染,123,317,92,134,19,37,1.41,72
1,2015-06-02,良,73,255,48,77,15,29,1.06,45
2,2015-06-03,良,68,276,46,65,16,29,0.8,59
3,2015-06-04,优,42,81,19,42,18,41,0.84,49
4,2015-06-05,良,65,211,33,79,12,36,0.83,58
5,2015-06-06,良,83,255,50,107,14,35,0.88,61
6,2015-06-07,良,61,201,35,71,14,31,0.88,53
7,2015-06-08,良,78,299,51,87,15,30,1.17,58
8,2015-06-09,良,83,264,58,81,20,38,1.26,60
9,2015-06-10,良,52,130,31,54,13,29,1.04,47
10,2015-06-11,良,89,310,38,124,11,27,0.72,63
11,2015-06-12,良,69,232,25,85,9,33,0.59,68
12,2015-06-13,良,73,263,39,94,10,34,0.72,68
13,2015-06-14,良,82,286,48,106,11,37,0.9,75
14,2015-06-15,良,83,262,59,99,8,34,1.0,65
15,2015-06-16,良,65,188,47,50,6,30,1.21,44
16,2015-06-17,优,29,28,13,18,6,21,1.03,52
17,2015-06-18,优,49,142,28,47,5,24,0.71,79
18,2015-06-19,良,76,277,53,84,11,34,0.96,98
19,2015-06-20,良,88,327,65,94,9,21,1.0,86
20,2015-06-21,轻度污染,101,336,75,76,5,23,1.07,94
21,2015-06-22,良,75,265,53,66,6,21,0.85,86
22,2015-06-23,良,97,312,72,96,9,23,1.2,72
23,2015-06-24,轻度污染,112,351,83,112,7,27,1.17,44
24,2015-06-25,良,59,248,41,58,5,22,0.67,36
25,2015-06-26,优,38,87,26,33,5,24,0.82,40
26,2015-06-27,优,24,8,11,16,5,23,0.81,38
27,2015-06-28,优,28,21,17,24,5,23,0.8,37
28,2015-06-29,良,77,311,56,86,7,25,1.04,43
29,2015-06-30,优,46,151,26,52,14,18,0.67,40
0,2015-05-01,良,87,254,57,115,17,26,1.04,63
1,2015-05-02,优,45,78,29,47,7,18,0.71,41
2,2015-05-03,良,72,218,51,78,6,20,0.84,41
3,2015-05-04,良,90,288,64,107,9,24,0.97,35
4,2015-05-05,良,82,228,52,107,13,26,1.09,35
5,2015-05-06,良,80,190,57,91,8,32,0.94,32
6,2015-05-07,良,89,222,64,102,11,29,0.96,38
7,2015-05-08,轻度污染,146,360,111,152,11,41,1.32,32
8,2015-05-09,轻度污染,123,355,92,111,9,25,1.1,34
9,2015-05-10,良,81,274,58,82,13,23,0.94,49
10,2015-05-11,良,60,232,34,64,8,21,0.57,38
11,2015-05-12,良,70,234,27,88,9,21,0.39,45
12,2015-05-13,良,76,207,41,100,16,26,0.6,42
13,2015-05-14,良,70,166,43,84,11,25,0.69,33
14,2015-05-15,良,52,127,34,52,10,23,0.71,35
15,2015-05-16,良,69,177,42,85,11,25,0.8,55
16,2015-05-17,良,79,207,54,100,16,32,0.9,53
17,2015-05-18,良,76,206,55,77,9,31,0.82,37
18,2015-05-19,良,98,273,67,118,11,42,1.09,36
19,2015-05-20,良,87,292,52,106,12,34,0.93,46
20,2015-05-21,良,61,168,23,71,18,31,0.81,48
21,2015-05-22,良,79,236,46,106,23,33,0.92,63
22,2015-05-23,良,87,257,59,102,21,30,0.85,71
23,2015-05-24,轻度污染,115,304,82,147,23,42,1.08,71
24,2015-05-25,轻度污染,101,245,71,138,26,30,0.99,64
25,2015-05-26,轻度污染,143,332,108,166,24,31,1.34,58
26,2015-05-27,中度污染,154,331,116,144,19,48,1.63,28
27,2015-05-28,中度污染,157,345,118,120,14,32,1.48,38
28,2015-05-29,良,86,298,63,57,14,34,1.31,28
29,2015-05-30,良,85,314,62,89,13,27,1.03,53
30,2015-05-31,轻度污染,103,296,76,107,19,33,1.32,66
0,2015-04-01,良,96,308,70,106,29,23,1.18,38
1,2015-04-02,良,59,169,42,47,22,13,0.83,31
2,2015-04-03,良,92,297,68,82,19,15,0.9,33
3,2015-04-04,良,81,248,59,56,19,15,1.16,29
4,2015-04-05,良,92,273,67,54,18,13,0.82,33
5,2015-04-06,良,93,296,67,51,16,12,0.74,39
6,2015-04-07,优,49,174,29,51,16,11,0.48,33
7,2015-04-08,良,53,146,35,55,20,19,0.7,34
8,2015-04-09,良,100,317,74,110,31,32,1.05,36
9,2015-04-10,轻度污染,125,330,94,139,26,40,1.33,39
10,2015-04-11,轻度污染,132,344,99,136,38,39,1.42,47
11,2015-04-12,良,82,281,52,102,25,24,0.84,38
12,2015-04-13,良,54,74,29,57,17,14,0.57,40
13,2015-04-14,良,67,124,43,70,19,16,0.64,55
14,2015-04-15,良,83,167,52,113,25,30,0.78,40
15,2015-04-16,轻度污染,104,225,57,156,21,26,0.76,42
16,2015-04-17,轻度污染,112,253,62,170,29,31,1.01,39
17,2015-04-18,轻度污染,113,300,73,168,31,37,1.21,35
18,2015-04-19,良,75,252,55,57,18,19,0.98,29
19,2015-04-20,良,58,161,40,62,17,20,0.62,50
20,2015-04-21,良,85,285,55,115,22,37,0.98,45
21,2015-04-22,良,84,275,55,111,19,40,0.89,42
22,2015-04-23,良,77,192,44,101,27,38,0.97,40
23,2015-04-24,良,98,278,58,142,25,42,1.15,37
24,2015-04-25,轻度污染,119,301,81,178,26,45,1.33,50
25,2015-04-26,轻度污染,106,293,69,150,26,44,1.03,49
26,2015-04-27,良,84,201,45,112,17,25,0.74,46
27,2015-04-28,良,94,281,68,117,19,23,0.82,48
28,2015-04-29,良,58,84,38,64,13,19,0.59,52
29,2015-04-30,良,68,109,40,81,13,26,0.87,43
0,2015-03-01,良,74,239,53,62,20,20,0.7,45
1,2015-03-02,良,82,221,60,76,20,24,0.88,42
2,2015-03-03,良,89,238,57,116,19,18,0.79,43
3,2015-03-04,良,62,216,30,72,17,16,0.61,46
4,2015-03-05,良,59,178,37,64,18,19,0.73,36
5,2015-03-06,良,81,225,59,76,17,22,0.86,28
6,2015-03-07,良,92,249,68,75,21,22,0.94,30
7,2015-03-08,轻度污染,119,311,89,99,24,28,1.04,27
8,2015-03-09,轻度污染,124,327,93,95,17,22,0.9,36
9,2015-03-10,良,61,173,39,45,15,18,0.62,46
10,2015-03-11,良,77,212,54,92,26,31,0.96,38
11,2015-03-12,良,100,247,74,118,20,25,0.84,58
12,2015-03-13,轻度污染,104,258,77,132,24,41,1.68,37
13,2015-03-14,中度污染,184,348,139,154,21,41,1.75,35
14,2015-03-15,轻度污染,147,308,111,93,19,31,1.45,36
15,2015-03-16,轻度污染,103,227,77,67,22,28,1.21,37
16,2015-03-17,良,84,218,62,73,28,26,1.49,31
17,2015-03-18,优,23,3,14,15,10,12,0.63,35
18,2015-03-19,良,84,223,62,83,12,18,1.01,40
19,2015-03-20,轻度污染,111,271,83,80,15,19,1.06,36
20,2015-03-21,良,96,253,67,110,16,22,1.0,37
21,2015-03-22,良,91,209,65,113,22,26,1.31,40
22,2015-03-23,良,88,285,47,120,26,22,0.97,35
23,2015-03-24,良,60,151,31,69,23,23,0.83,30
24,2015-03-25,良,59,133,28,67,21,18,0.64,45
25,2015-03-26,良,69,189,44,79,25,23,0.8,32
26,2015-03-27,轻度污染,104,281,77,81,16,19,0.85,41
27,2015-03-28,良,95,222,68,94,24,26,0.93,38
28,2015-03-29,轻度污染,104,225,77,140,28,35,1.44,35
29,2015-03-30,良,79,188,56,83,21,18,0.91,37
30,2015-03-31,良,66,152,46,73,20,18,0.79,37
0,2015-02-01,良,68,135,48,57,21,24,0.76,21
1,2015-02-02,良,100,204,74,97,29,31,1.07,18
2,2015-02-03,轻度污染,148,262,112,120,20,28,1.04,19
3,2015-02-04,重度污染,214,346,167,144,33,26,1.23,31
4,2015-02-05,轻度污染,125,294,91,78,29,29,0.99,31
5,2015-02-06,良,85,143,58,108,28,34,1.07,29
6,2015-02-07,轻度污染,104,207,77,109,32,29,1.03,35
7,2015-02-08,良,76,187,52,78,21,18,0.74,34
8,2015-02-09,良,64,104,44,67,26,29,0.85,31
9,2015-02-10,良,71,89,51,75,30,34,0.88,31
10,2015-02-11,轻度污染,101,173,70,127,25,31,0.9,40
11,2015-02-12,轻度污染,124,223,90,190,32,43,1.25,31
12,2015-02-13,重度污染,239,360,190,252,41,48,1.87,30
13,2015-02-14,中度污染,164,275,124,148,38,33,1.39,34
14,2015-02-15,良,75,100,54,56,17,20,0.86,35
15,2015-02-16,中度污染,193,341,147,172,16,21,1.68,41
16,2015-02-17,重度污染,211,360,161,219,22,31,2.01,46
17,2015-02-18,轻度污染,140,316,106,140,30,17,1.2,43
18,2015-02-19,良,82,121,56,69,35,13,0.65,45
19,2015-02-20,优,40,43,27,28,22,14,0.73,34
20,2015-02-21,良,56,147,39,27,19,12,0.68,32
21,2015-02-22,轻度污染,133,269,98,121,25,19,1.03,35
22,2015-02-23,轻度污染,133,331,100,106,25,18,1.24,37
23,2015-02-24,良,96,265,71,86,23,20,1.04,31
24,2015-02-25,良,71,205,51,55,20,20,1.13,25
25,2015-02-26,轻度污染,121,330,90,115,19,22,1.13,33
26,2015-02-27,良,55,201,38,32,25,20,0.74,43
27,2015-02-28,优,33,82,20,20,19,15,0.47,46
0,2015-01-01,良,64,103,31,77,23,33,0.65,23
1,2015-01-02,良,83,283,59,99,27,37,0.92,24
2,2015-01-03,良,95,140,70,118,43,43,1.15,20
3,2015-01-04,轻度污染,130,154,98,160,46,47,1.16,29
4,2015-01-05,中度污染,186,270,146,194,39,44,1.44,17
5,2015-01-06,中度污染,175,385,139,92,31,30,1.16,20
6,2015-01-07,良,92,249,67,110,22,30,0.88,23
7,2015-01-08,轻度污染,145,293,110,149,24,41,1.35,26
8,2015-01-09,轻度污染,133,234,100,134,26,44,1.32,29
9,2015-01-10,中度污染,167,272,125,182,24,52,1.73,26
10,2015-01-11,轻度污染,143,252,108,145,25,47,1.52,26
11,2015-01-12,良,99,208,72,80,21,29,1.04,22
12,2015-01-13,良,76,161,55,62,20,30,0.99,16
13,2015-01-14,良,73,148,52,32,14,23,0.7,18
14,2015-01-15,良,87,142,63,80,14,31,0.7,18
15,2015-01-16,中度污染,177,298,138,166,24,33,0.95,26
16,2015-01-17,中度污染,162,317,122,144,29,33,1.12,27
17,2015-01-18,轻度污染,129,258,96,139,23,35,1.1,28
18,2015-01-19,轻度污染,113,256,83,137,21,45,1.16,25
19,2015-01-20,轻度污染,124,272,91,183,40,46,1.46,20
20,2015-01-21,中度污染,195,357,149,228,35,41,1.68,26
21,2015-01-22,轻度污染,142,286,107,136,33,36,1.35,25
22,2015-01-23,中度污染,155,256,117,152,38,43,1.62,18
23,2015-01-24,中度污染,183,272,139,187,43,52,1.81,19
24,2015-01-25,严重污染,258,351,207,161,21,34,1.86,19
25,2015-01-26,严重污染,264,335,213,213,26,35,1.95,23
26,2015-01-27,轻度污染,120,295,89,21,15,20,1.01,27
27,2015-01-28,良,54,174,37,9,14,22,0.62,30
28,2015-01-29,良,55,145,39,30,22,26,0.59,32
29,2015-01-30,轻度污染,143,336,108,84,25,26,0.88,34
30,2015-01-31,轻度污染,137,331,103,27,28,26,0.99,31
0,2014-12-01,良,95,163,49,122,22,19,0.6,23
1,2014-12-02,良,63,74,30,74,27,27,0.55,21
2,2014-12-03,良,78,113,54,95,23,34,1.02,15
3,2014-12-04,良,80,135,51,90,24,24,0.72,20
4,2014-12-05,良,83,118,57,103,23,31,1.09,21
5,2014-12-06,轻度污染,108,128,80,125,29,41,1.37,16
6,2014-12-07,轻度污染,131,161,98,152,47,39,1.38,16
7,2014-12-08,轻度污染,140,154,104,136,37,33,1.07,20
8,2014-12-09,良,88,88,63,82,21,27,0.94,20
9,2014-12-10,轻度污染,119,141,90,92,15,24,1.04,15
10,2014-12-11,轻度污染,144,173,101,172,35,25,0.94,16
11,2014-12-12,良,84,112,53,112,28,26,0.71,18
12,2014-12-13,良,78,74,52,102,23,31,1.06,20
13,2014-12-14,良,95,76,69,112,25,35,1.1,17
14,2014-12-15,轻度污染,133,120,100,139,27,37,1.32,15
15,2014-12-16,良,75,101,45,90,21,21,0.67,20
16,2014-12-17,良,56,28,31,60,22,31,0.71,21
17,2014-12-18,良,81,62,58,81,40,39,1.04,21
18,2014-12-19,良,81,65,58,80,29,37,1.06,21
19,2014-12-20,轻度污染,109,158,81,86,36,33,1.04,22
20,2014-12-21,良,79,94,57,59,34,29,0.89,25
21,2014-12-22,良,73,41,51,63,26,35,0.91,21
22,2014-12-23,良,99,59,74,91,35,42,1.27,19
23,2014-12-24,中度污染,152,131,114,131,28,46,1.66,26
24,2014-12-25,轻度污染,119,126,88,79,24,30,1.11,23
25,2014-12-26,良,68,51,47,71,23,33,0.86,20
26,2014-12-27,良,96,89,71,96,28,42,1.12,16
27,2014-12-28,轻度污染,106,74,78,92,22,40,1.04,24
28,2014-12-29,轻度污染,104,71,77,104,22,38,1.09,21
29,2014-12-30,良,95,64,70,104,20,44,1.26,19
30,2014-12-31,良,93,327,67,113,27,33,0.95,28
0,2014-11-01,中度污染,194,173,150,126,19,16,1.17,20
1,2014-11-02,轻度污染,108,185,74,74,16,15,0.84,21
2,2014-11-03,良,80,142,44,108,18,25,0.79,17
3,2014-11-04,良,94,130,62,134,29,35,1.11,15
4,2014-11-05,良,94,88,69,115,26,30,1.15,18
5,2014-11-06,良,100,117,73,101,19,23,0.95,22
6,2014-11-07,良,99,161,71,103,19,23,0.99,26
7,2014-11-08,良,52,66,35,46,14,16,0.61,26
8,2014-11-09,良,71,97,47,77,19,25,0.89,15
9,2014-11-10,轻度污染,110,94,81,126,26,34,1.28,16
10,2014-11-11,中度污染,157,148,118,160,25,37,1.54,18
11,2014-11-12,轻度污染,126,154,92,125,25,25,0.92,23
12,2014-11-13,良,92,155,55,118,28,30,0.81,18
13,2014-11-14,轻度污染,102,135,72,142,36,39,1.19,18
14,2014-11-15,轻度污染,146,164,110,160,33,40,1.35,19
15,2014-11-16,中度污染,197,180,152,155,17,29,1.11,27
16,2014-11-17,轻度污染,139,152,106,107,26,28,0.93,27
17,2014-11-18,轻度污染,108,113,80,119,28,40,1.1,21
18,2014-11-19,轻度污染,139,136,105,161,31,46,1.52,19
19,2014-11-20,中度污染,151,145,114,155,29,37,1.44,21
20,2014-11-21,中度污染,187,136,144,225,27,45,1.99,24
21,2014-11-22,严重污染,383,186,350,408,23,44,2.24,35
22,2014-11-23,重度污染,209,166,163,137,19,26,1.28,17
23,2014-11-24,优,36,7,21,18,15,14,0.6,29
24,2014-11-25,轻度污染,120,157,90,80,17,22,1.35,16
25,2014-11-26,良,87,101,63,64,14,23,1.22,14
26,2014-11-27,轻度污染,108,144,80,87,21,30,1.54,11
27,2014-11-28,轻度污染,118,162,88,69,18,24,1.74,16
28,2014-11-29,轻度污染,114,136,85,80,18,26,1.93,12
29,2014-11-30,良,76,126,55,42,13,16,1.23,17
0,2014-10-01,良,64,107,33,76,14,27,0.77,24
1,2014-10-02,良,72,95,46,88,14,24,0.86,34
2,2014-10-03,轻度污染,106,167,77,141,15,31,1.33,37
3,2014-10-04,良,78,131,45,93,18,30,0.9,30
4,2014-10-05,良,83,141,45,112,15,29,0.83,40
5,2014-10-06,轻度污染,114,177,85,125,19,22,1.02,51
6,2014-10-07,良,80,76,54,104,21,33,1.0,40
7,2014-10-08,良,87,89,61,112,17,37,1.06,37
8,2014-10-09,良,88,99,62,117,16,31,1.04,38
9,2014-10-10,良,75,78,50,84,14,25,0.77,40
10,2014-10-11,良,74,78,46,91,16,22,0.81,39
11,2014-10-12,良,94,158,65,127,12,20,0.84,38
12,2014-10-13,良,81,152,54,102,14,20,0.65,25
13,2014-10-14,中度污染,178,186,138,196,19,35,1.08,32
14,2014-10-15,轻度污染,125,120,90,158,14,38,1.05,31
15,2014-10-16,轻度污染,148,167,112,203,22,45,1.29,18
16,2014-10-17,中度污染,182,183,137,240,35,41,1.61,25
17,2014-10-18,中度污染,185,166,141,228,26,42,1.44,34
18,2014-10-19,轻度污染,113,138,82,160,19,38,1.03,32
19,2014-10-20,严重污染,273,190,219,335,14,44,1.74,35
20,2014-10-21,良,77,92,59,33,12,13,0.85,26
21,2014-10-22,良,88,97,64,93,11,20,0.84,26
22,2014-10-23,轻度污染,119,123,86,140,14,31,1.26,20
23,2014-10-24,轻度污染,103,108,72,139,16,32,1.13,26
24,2014-10-25,良,97,109,64,131,14,35,0.97,26
25,2014-10-26,轻度污染,112,132,78,150,15,37,1.13,29
26,2014-10-27,轻度污染,106,143,76,133,12,21,0.91,35
27,2014-10-28,良,81,114,40,110,15,24,0.8,20
28,2014-10-29,良,72,105,48,79,13,23,0.91,17
29,2014-10-30,良,74,104,44,92,13,18,0.91,13
30,2014-10-31,良,73,106,53,68,12,12,0.96,15
0,2014-09-01,优,43,43,27,39,8,8,0.54,27
1,2014-09-02,优,40,36,24,40,12,14,0.69,20
2,2014-09-03,良,52,114,36,53,8,12,0.67,34
3,2014-09-04,良,62,83,43,66,10,19,0.75,36
4,2014-09-05,轻度污染,116,163,85,150,16,30,1.19,36
5,2014-09-06,中度污染,161,188,121,159,15,22,1.27,49
6,2014-09-07,轻度污染,122,164,92,139,19,26,1.15,45
7,2014-09-08,轻度污染,109,163,81,116,14,22,1.07,29
8,2014-09-09,轻度污染,115,179,86,106,15,14,1.26,34
9,2014-09-10,良,81,139,59,69,14,17,0.94,23
10,2014-09-11,良,73,141,50,78,13,19,0.83,23
11,2014-09-12,优,43,60,27,42,13,15,0.59,25
12,2014-09-13,优,37,37,24,34,13,14,0.54,24
13,2014-09-14,良,54,109,35,60,11,17,0.75,26
14,2014-09-15,良,58,145,35,61,11,16,0.7,23
15,2014-09-16,良,64,146,43,72,13,17,0.75,31
16,2014-09-17,良,75,177,50,92,16,21,0.85,23
17,2014-09-18,优,28,13,17,26,14,15,0.51,26
18,2014-09-19,良,51,58,32,47,10,16,0.71,30
19,2014-09-20,良,68,114,45,81,14,27,0.89,31
20,2014-09-21,良,63,108,39,71,14,21,0.75,32
21,2014-09-22,优,48,44,22,49,14,16,0.46,38
22,2014-09-23,良,54,81,29,54,13,12,0.5,36
23,2014-09-24,良,87,157,63,110,16,20,0.88,36
24,2014-09-25,轻度污染,128,179,96,157,20,33,1.37,30
25,2014-09-26,轻度污染,125,165,94,150,23,28,1.35,35
26,2014-09-27,中度污染,154,177,117,173,24,31,1.66,23
27,2014-09-28,轻度污染,127,177,95,124,25,22,1.18,33
28,2014-09-29,优,34,13,21,30,14,13,0.78,27
29,2014-09-30,良,52,101,30,54,9,15,0.61,37
0,2014-08-01,优,49,89,24,50,7,14,0.62,33
1,2014-08-02,优,50,76,26,54,7,15,0.49,52
2,2014-08-03,良,67,88,41,78,7,16,0.58,58
3,2014-08-04,轻度污染,103,154,75,130,11,26,0.84,61
4,2014-08-05,轻度污染,122,183,91,163,14,25,1.16,55
5,2014-08-06,良,72,135,43,91,9,14,0.84,49
6,2014-08-07,良,58,93,37,64,9,10,0.77,35
7,2014-08-09,良,57,107,39,53,9,10,0.68,25
8,2014-08-10,良,81,146,59,75,10,12,0.79,24
9,2014-08-11,轻度污染,115,161,86,112,11,15,1.08,23
10,2014-08-12,轻度污染,120,180,89,118,14,15,1.19,28
11,2014-08-13,优,43,52,29,29,13,9,0.75,44
12,2014-08-14,良,57,110,40,55,13,13,0.74,38
13,2014-08-15,良,78,126,54,89,13,24,1.08,42
14,2014-08-16,良,91,136,66,99,15,24,1.19,41
15,2014-08-17,优,50,65,33,46,12,15,0.67,45
16,2014-08-18,良,64,122,42,66,14,21,0.95,37
17,2014-08-19,良,69,114,45,69,13,16,0.7,40
18,2014-08-20,良,71,102,49,78,15,17,0.83,37
19,2014-08-21,良,86,106,60,106,17,23,1.04,43
20,2014-08-23,良,97,154,71,121,14,21,1.1,48
21,2014-08-24,良,67,134,47,73,13,14,0.97,34
22,2014-08-25,良,74,136,53,75,12,15,0.9,38
23,2014-08-26,轻度污染,133,189,100,142,15,23,1.51,33
24,2014-08-27,良,74,131,53,58,11,14,1.02,37
25,2014-08-28,轻度污染,102,175,75,95,12,14,1.32,24
26,2014-08-29,良,75,139,52,60,10,14,1.03,25
27,2014-08-30,良,72,135,51,78,9,16,1.14,34
28,2014-08-31,良,66,135,46,70,12,13,1.02,27
0,2014-07-01,良,87,108,59,103,10,25,0.92,36
1,2014-07-02,良,76,128,52,88,9,19,0.99,30
2,2014-07-03,良,69,86,42,82,7,21,0.89,36
3,2014-07-04,轻度污染,131,179,96,122,11,21,1.3,39
4,2014-07-05,优,42,31,14,42,8,15,0.72,39
5,2014-07-06,良,51,54,31,49,6,18,0.65,35
6,2014-07-07,良,86,135,61,97,9,26,1.03,44
7,2014-07-08,轻度污染,111,150,83,119,11,23,1.03,51
8,2014-07-09,良,97,164,72,100,9,21,0.88,39
9,2014-07-10,轻度污染,109,171,79,143,9,30,1.02,48
10,2014-07-11,中度污染,160,176,121,190,29,32,1.26,49
11,2014-07-12,良,65,102,37,68,12,27,0.69,37
12,2014-07-13,良,57,80,38,47,10,28,0.6,36
13,2014-07-14,良,58,72,37,64,11,30,0.72,36
14,2014-07-15,良,62,94,42,69,11,27,0.62,37
15,2014-07-16,优,33,28,20,30,9,21,0.49,16
16,2014-07-17,优,44,37,20,47,9,22,0.57,14
17,2014-07-18,轻度污染,117,175,81,147,14,30,1.42,36
18,2014-07-19,轻度污染,146,187,110,155,11,24,1.54,45
19,2014-07-20,良,89,151,57,115,9,20,1.01,36
20,2014-07-21,良,93,171,64,123,9,20,0.96,42
21,2014-07-22,良,99,173,67,130,11,16,1.02,46
22,2014-07-23,良,94,169,65,121,13,16,1.13,45
23,2014-07-24,良,64,116,41,70,11,11,0.82,40
24,2014-07-25,良,92,163,67,83,9,10,0.8,32
25,2014-07-26,良,84,99,60,99,9,14,0.63,34
26,2014-07-27,良,98,119,70,104,10,15,1.06,36
27,2014-07-28,良,91,109,65,106,11,16,1.29,39
28,2014-07-29,轻度污染,113,156,83,128,13,19,1.2,47
29,2014-07-30,良,67,107,41,80,6,15,0.59,45
30,2014-07-31,优,50,62,19,51,6,12,0.66,46
0,2014-06-01,良,69,94,40,74,17,22,0.9,38
1,2014-06-02,良,66,113,46,46,13,16,0.58,56
2,2014-06-03,良,89,158,65,84,22,19,0.62,65
3,2014-06-04,轻度污染,103,169,76,117,18,26,0.83,70
4,2014-06-05,轻度污染,135,182,102,157,22,33,1.03,76
5,2014-06-06,中度污染,181,186,138,197,29,29,1.42,83
6,2014-06-07,重度污染,247,190,197,292,26,25,1.62,63
7,2014-06-08,重度污染,209,190,163,226,25,24,1.47,66
8,2014-06-09,轻度污染,140,178,104,158,26,21,1.08,59
9,2014-06-10,轻度污染,104,159,76,120,28,24,0.91,68
10,2014-06-11,轻度污染,111,171,83,117,26,26,0.99,66
11,2014-06-12,轻度污染,116,156,87,123,23,22,0.85,63
12,2014-06-13,轻度污染,131,157,98,157,33,33,1.0,68
13,2014-06-14,中度污染,154,170,116,207,35,38,1.27,55
14,2014-06-15,严重污染,302,190,265,253,18,23,1.73,47
15,2014-06-16,轻度污染,145,158,109,85,13,20,1.26,29
16,2014-06-17,轻度污染,103,152,77,74,8,14,0.84,45
17,2014-06-18,轻度污染,129,176,97,128,13,20,1.26,44
18,2014-06-19,中度污染,156,180,115,144,22,19,1.47,57
19,2014-06-20,轻度污染,130,185,98,107,22,20,1.22,55
20,2014-06-21,良,93,171,68,64,16,16,0.75,38
21,2014-06-22,良,86,153,63,88,11,20,1.0,39
22,2014-06-23,良,93,161,68,101,16,26,0.98,47
23,2014-06-24,良,78,107,53,92,22,21,0.8,50
24,2014-06-25,良,52,70,32,50,20,19,0.67,44
25,2014-06-26,良,52,62,34,43,22,20,1.27,27
26,2014-06-27,良,64,107,43,61,15,18,0.88,32
27,2014-06-28,良,96,153,70,102,8,24,1.0,43
28,2014-06-29,中度污染,162,178,123,169,11,30,1.44,38
29,2014-06-30,中度污染,160,178,120,157,12,21,1.19,48
0,2014-05-01,良,87,59,62,113,15,32,0.86,44
1,2014-05-02,轻度污染,128,175,62,205,17,27,0.62,28
2,2014-05-03,轻度污染,112,166,61,174,21,29,0.81,33
3,2014-05-04,轻度污染,109,188,79,134,15,23,0.86,31
4,2014-05-05,良,81,143,47,110,19,27,0.73,36
5,2014-05-06,良,86,118,56,110,22,34,0.89,49
6,2014-05-07,良,83,102,56,109,15,27,0.69,49
7,2014-05-08,轻度污染,132,179,100,175,20,36,1.12,50
8,2014-05-09,良,100,142,72,128,23,25,0.95,56
9,2014-05-10,良,85,167,62,87,13,21,0.75,29
10,2014-05-11,良,68,155,49,58,10,17,0.88,35
11,2014-05-12,良,83,129,52,93,11,28,0.76,36
12,2014-05-13,良,91,118,63,125,18,31,1.0,38
13,2014-05-14,良,87,109,64,94,10,20,0.82,35
14,2014-05-15,良,80,102,42,106,16,21,0.56,39
15,2014-05-16,轻度污染,107,131,67,159,20,37,0.94,38
16,2014-05-17,良,87,92,60,117,10,26,0.72,30
17,2014-05-18,轻度污染,144,177,109,159,17,29,1.1,39
18,2014-05-19,轻度污染,117,146,88,102,13,26,0.99,27
19,2014-05-20,轻度污染,126,147,95,137,15,27,0.97,43
20,2014-05-21,中度污染,194,184,151,214,27,35,1.32,52
21,2014-05-22,轻度污染,120,131,81,147,23,26,0.91,56
22,2014-05-23,良,67,82,41,78,19,21,0.62,40
23,2014-05-24,良,65,108,41,72,17,24,0.74,29
24,2014-05-25,良,81,83,54,97,11,24,0.82,46
25,2014-05-26,中度污染,200,184,107,308,16,29,0.68,49
26,2014-05-27,轻度污染,128,128,75,205,17,28,0.59,55
27,2014-05-28,轻度污染,149,173,98,231,25,39,0.92,58
28,2014-05-29,中度污染,196,184,127,288,27,39,1.04,42
29,2014-05-30,轻度污染,150,140,98,219,24,30,0.83,52
30,2014-05-31,中度污染,167,170,125,202,28,29,1.07,42
0,2014-04-01,轻度污染,117,151,88,111,31,36,1.05,42
1,2014-04-02,轻度污染,106,147,77,101,21,37,1.02,39
2,2014-04-03,良,98,149,72,97,16,22,0.81,44
3,2014-04-04,良,95,129,70,96,16,30,0.71,44
4,2014-04-05,良,99,144,72,113,15,32,0.78,47
5,2014-04-06,良,61,43,29,72,16,30,0.57,32
6,2014-04-07,良,89,108,60,101,24,36,0.79,28
7,2014-04-08,轻度污染,119,113,90,119,11,38,1.09,30
8,2014-04-09,轻度污染,116,108,87,126,17,42,1.21,38
9,2014-04-10,轻度污染,103,110,74,117,23,38,1.15,45
10,2014-04-11,轻度污染,138,179,104,99,15,50,1.46,24
11,2014-04-12,良,71,77,52,34,9,24,0.75,28
12,2014-04-13,优,46,18,32,27,6,17,0.45,38
13,2014-04-14,良,90,98,66,92,22,23,0.82,56
14,2014-04-15,轻度污染,119,147,90,96,16,30,0.81,41
15,2014-04-16,良,97,152,72,56,9,19,0.77,30
16,2014-04-17,良,96,119,71,60,7,17,0.77,32
17,2014-04-18,轻度污染,115,155,87,80,10,23,0.87,24
18,2014-04-19,良,55,67,39,30,8,16,0.5,41
19,2014-04-20,良,76,108,55,56,9,18,0.58,36
20,2014-04-21,轻度污染,105,149,78,60,14,27,0.93,21
21,2014-04-22,良,98,139,73,68,13,23,0.85,45
22,2014-04-23,良,86,89,63,80,18,33,0.92,37
23,2014-04-24,良,85,96,62,99,22,31,0.9,43
24,2014-04-25,良,66,75,47,56,12,23,0.77,23
25,2014-04-26,良,74,124,53,44,8,13,0.75,20
26,2014-04-27,良,69,95,50,50,8,14,0.62,25
27,2014-04-28,良,65,78,44,60,13,20,0.58,42
28,2014-04-29,良,80,72,57,99,18,31,0.83,39
29,2014-04-30,良,93,84,66,129,23,40,0.97,39
0,2014-03-01,良,67,93,48,46,12,21,0.63,28
1,2014-03-02,轻度污染,129,146,97,114,26,27,0.95,30
2,2014-03-03,轻度污染,116,135,85,108,28,28,0.94,34
3,2014-03-04,良,74,93,53,81,17,25,0.73,40
4,2014-03-05,轻度污染,105,154,78,87,18,27,0.81,35
5,2014-03-06,良,68,108,48,67,20,25,0.7,39
6,2014-03-07,良,86,134,63,80,26,32,0.9,34
7,2014-03-08,良,78,105,57,78,17,29,0.74,28
8,2014-03-09,轻度污染,115,137,86,112,19,34,0.96,31
9,2014-03-10,轻度污染,116,119,87,122,24,38,1.03,45
10,2014-03-11,轻度污染,125,125,92,127,27,32,0.97,42
11,2014-03-12,良,96,120,71,77,15,24,0.91,29
12,2014-03-13,良,89,130,63,88,22,25,0.69,33
13,2014-03-14,良,93,115,66,105,22,34,0.76,34
14,2014-03-15,轻度污染,101,101,74,122,21,39,0.82,35
15,2014-03-16,良,97,80,72,116,31,33,0.79,42
16,2014-03-17,良,90,39,65,106,24,28,0.93,37
17,2014-03-18,中度污染,176,130,113,232,24,42,1.45,46
18,2014-03-19,轻度污染,122,140,86,175,13,21,0.72,36
19,2014-03-20,轻度污染,118,184,89,116,23,28,0.92,33
20,2014-03-21,良,94,158,69,106,21,39,0.77,34
21,2014-03-22,良,98,128,73,110,23,42,0.89,35
22,2014-03-23,轻度污染,104,116,76,126,26,50,1.04,32
23,2014-03-25,良,80,48,59,52,8,28,1.07,28
24,2014-03-26,良,100,77,74,92,14,37,1.36,30
25,2014-03-27,轻度污染,127,123,94,126,19,34,1.2,36
26,2014-03-28,轻度污染,103,121,77,95,13,26,0.96,37
27,2014-03-29,中度污染,153,151,116,135,15,32,1.25,25
28,2014-03-30,中度污染,151,173,114,123,19,31,1.31,39
29,2014-03-31,良,67,53,47,61,20,30,0.73,27
0,2014-02-01,严重污染,318,179,261,329,17,20,2.35,33
1,2014-02-02,重度污染,250,154,199,265,14,30,2.78,31
2,2014-02-03,轻度污染,122,154,91,88,12,20,1.57,38
3,2014-02-04,优,40,27,27,36,16,15,0.38,35
4,2014-02-05,优,44,78,31,20,17,19,0.64,41
5,2014-02-06,优,27,29,12,14,16,16,0.45,45
6,2014-02-07,良,57,100,39,49,16,15,0.61,37
7,2014-02-08,轻度污染,108,158,81,87,20,15,0.8,28
8,2014-02-09,良,95,175,71,73,18,14,0.73,27
9,2014-02-10,良,60,113,42,44,17,14,0.41,35
10,2014-02-11,良,88,109,65,70,19,20,0.65,36
11,2014-02-12,良,77,64,56,57,16,19,0.57,39
12,2014-02-13,良,94,99,70,36,13,18,0.83,43
13,2014-02-14,中度污染,177,152,134,115,15,27,1.24,36
14,2014-02-15,中度污染,184,140,142,132,19,33,1.47,29
15,2014-02-16,轻度污染,116,126,87,73,15,28,1.07,19
16,2014-02-17,良,66,79,46,40,9,19,0.73,21
17,2014-02-18,良,64,90,44,43,12,18,0.59,39
18,2014-02-19,良,80,85,58,46,13,21,0.69,33
19,2014-02-20,良,99,94,73,80,17,30,0.98,28
20,2014-02-21,轻度污染,125,81,94,115,27,27,0.97,41
21,2014-02-22,重度污染,206,163,158,160,33,31,1.4,32
22,2014-02-23,轻度污染,136,109,103,117,27,31,1.2,30
23,2014-02-24,中度污染,163,121,124,116,28,29,1.34,25
24,2014-02-25,良,73,70,53,25,12,28,1.02,25
25,2014-02-26,良,68,43,49,48,14,24,0.85,29
26,2014-02-27,轻度污染,102,114,76,86,17,28,1.14,23
27,2014-02-28,优,49,42,34,22,14,19,0.98,27
0,2014-01-01,轻度污染,134,108,125,157,27,43,1.46,26
1,2014-01-02,重度污染,207,173,169,218,47,58,2.15,22
2,2014-01-03,中度污染,198,136,154,183,46,42,1.49,20
3,2014-01-04,严重污染,253,185,202,252,50,49,2.53,19
4,2014-01-05,重度污染,243,163,195,228,55,56,2.42,24
5,2014-01-06,重度污染,220,148,173,186,36,57,1.84,24
6,2014-01-07,轻度污染,145,118,110,70,19,37,1.32,25
7,2014-01-08,中度污染,192,181,152,96,21,30,1.64,31
8,2014-01-09,良,98,135,73,57,18,27,0.92,21
9,2014-01-10,轻度污染,120,115,91,104,18,36,1.27,22
10,2014-01-11,中度污染,152,129,115,118,22,42,1.38,16
11,2014-01-12,中度污染,196,171,149,134,21,34,1.32,28
12,2014-01-13,严重污染,268,187,217,180,30,35,1.98,22
13,2014-01-14,中度污染,166,135,126,102,24,39,1.53,21
14,2014-01-15,中度污染,161,111,122,131,32,44,1.27,23
15,2014-01-16,中度污染,158,103,120,131,32,46,1.32,29
16,2014-01-17,严重污染,264,162,213,207,29,41,1.73,28
17,2014-01-18,严重污染,397,188,353,375,50,49,2.51,25
18,2014-01-19,严重污染,342,181,292,257,37,45,2.4,31
19,2014-01-20,轻度污染,133,98,92,151,29,28,0.88,30
20,2014-01-21,良,99,123,74,117,28,36,0.93,27
21,2014-01-22,良,93,67,69,97,38,38,0.97,29
22,2014-01-24,中度污染,163,122,126,163,29,31,1.06,51
23,2014-01-25,严重污染,354,190,304,332,44,48,2.66,36
24,2014-01-26,轻度污染,114,128,86,30,22,25,0.86,36
25,2014-01-27,轻度污染,105,108,78,99,24,37,1.05,26
26,2014-01-28,重度污染,212,162,163,168,24,36,1.51,30
27,2014-01-29,中度污染,161,148,122,106,18,27,1.25,34
28,2014-01-30,重度污染,245,153,181,243,30,32,1.95,44
29,2014-01-31,严重污染,283,146,233,242,38,25,1.93,45
0,2013-12-01,轻度污染,127,81,114,153,53,43,1.46,30
1,2013-12-02,中度污染,178,77,155,194,38,46,1.47,32
2,2013-12-03,重度污染,208,73,174,208,34,43,1.55,33
3,2013-12-04,严重污染,309,97,353,378,46,61,3.07,34
4,2013-12-05,严重污染,415,112,362,340,44,48,2.66,36
5,2013-12-06,严重污染,355,108,354,359,47,61,2.99,27
6,2013-12-07,严重污染,387,107,327,309,35,60,3.3,37
7,2013-12-08,严重污染,343,98,212,171,28,47,2.53,32
8,2013-12-09,严重污染,284,99,191,125,30,34,1.99,23
9,2013-12-10,中度污染,180,103,112,129,31,46,1.5,21
10,2013-12-11,轻度污染,147,93,107,148,38,44,1.43,21
11,2013-12-12,中度污染,151,101,132,183,48,49,1.71,25
12,2013-12-13,重度污染,212,104,191,245,43,70,2.26,23
13,2013-12-14,重度污染,249,111,198,243,51,69,2.28,26
14,2013-12-15,重度污染,244,92,184,190,47,39,1.67,29
15,2013-12-16,中度污染,180,87,80,37,28,34,1.24,22
16,2013-12-17,良,80,53,65,38,19,26,0.86,23
17,2013-12-18,轻度污染,131,82,181,217,40,43,1.68,24
18,2013-12-19,严重污染,269,105,220,226,74,49,1.83,30
19,2013-12-20,严重污染,278,98,219,188,55,47,1.78,30
20,2013-12-21,重度污染,238,95,153,167,67,54,1.58,24
21,2013-12-22,中度污染,155,74,115,139,41,52,1.53,24
22,2013-12-23,中度污染,190,70,150,184,39,55,1.93,26
23,2013-12-24,重度污染,212,68,202,238,45,49,1.91,28
24,2013-12-25,严重污染,308,88,277,321,70,67,2.78,22
25,2013-12-26,严重污染,313,95,210,211,41,37,1.73,22
26,2013-12-27,轻度污染,141,79,51,83,20,26,0.79,26
27,2013-12-28,良,100,55,94,140,36,36,1.31,26
28,2013-12-29,轻度污染,147,98,112,142,39,40,1.57,28
29,2013-12-30,轻度污染,147,91,108,149,31,40,1.56,33
30,2013-12-31,轻度污染,137,118,95,129,22,37,1.25,31
0,2013-11-01,轻度污染,129,76,98,81,17,36,0.82,19
1,2013-11-02,良,98,47,73,49,10,34,0.94,20
2,2013-11-03,中度污染,165,100,125,107,21,36,1.23,34
3,2013-11-04,轻度污染,150,106,113,85,24,39,0.95,34
4,2013-11-05,轻度污染,108,70,81,119,25,49,1.1,30
5,2013-11-06,中度污染,173,93,128,153,16,45,1.35,36
6,2013-11-07,中度污染,178,103,135,172,22,43,0.95,33
7,2013-11-08,重度污染,219,113,199,252,28,52,1.78,28
8,2013-11-09,严重污染,257,114,210,212,20,43,1.62,28
9,2013-11-10,中度污染,187,108,70,36,15,23,0.79,33
10,2013-11-11,良,95,102,81,51,24,27,0.86,31
11,2013-11-12,良,92,85,65,85,23,35,0.85,26
12,2013-11-13,良,94,68,75,98,25,36,0.97,27
13,2013-11-14,轻度污染,127,76,113,159,24,38,1.07,29
14,2013-11-15,轻度污染,144,73,108,260,27,42,0.91,32
15,2013-11-16,轻度污染,141,63,89,200,20,36,0.8,34
16,2013-11-17,轻度污染,131,91,91,184,22,36,0.78,28
17,2013-11-18,轻度污染,111,91,95,149,30,44,1.09,31
18,2013-11-19,中度污染,153,105,134,181,40,53,1.29,26
19,2013-11-20,中度污染,186,102,142,192,31,57,1.39,29
20,2013-11-21,中度污染,197,91,177,251,49,70,1.92,25
21,2013-11-22,严重污染,259,95,225,264,35,53,1.93,26
22,2013-11-23,严重污染,252,89,194,187,31,45,1.7,22
23,2013-11-24,重度污染,212,89,96,47,16,24,1.05,33
24,2013-11-25,良,93,64,71,200,20,24,0.77,37
25,2013-11-26,轻度污染,144,104,98,238,22,38,1.32,26
26,2013-11-27,轻度污染,110,86,65,96,28,28,0.74,32
27,2013-11-28,良,74,73,49,82,27,28,0.67,34
28,2013-11-29,良,65,44,50,89,25,33,0.74,37
29,2013-11-30,良,88,58,84,124,31,39,0.94,34
0,2013-10-28,重度污染,204,88,157,200,37,44,1.35,42
1,2013-10-29,重度污染,232,97,184,247,38,55,1.58,46
2,2013-10-30,轻度污染,145,88,111,88,16,27,0.87,46
3,2013-10-31,轻度污染,140,84,107,55,15,35,1.08,25
