0,2019-12-01,良,56,208,36,56,13,34,1.14,37
1,2019-12-02,良,71,270,50,66,18,44,1.37,26
2,2019-12-03,轻度污染,109,331,80,105,24,60,2.08,17
3,2019-12-04,轻度污染,135,355,102,126,26,65,2.37,17
4,2019-12-05,良,95,309,70,86,24,64,2.05,20
5,2019-12-06,轻度污染,104,318,77,98,28,67,2.28,18
6,2019-12-07,轻度污染,131,295,98,127,32,72,2.44,16
7,2019-12-08,中度污染,196,335,150,184,31,79,2.84,11
8,2019-12-09,轻度污染,135,286,99,165,26,64,2.17,16
9,2019-12-10,良,79,148,55,86,19,45,1.63,26
0,2019-11-01,良,71,191,43,91,20,60,1.27,18
1,2019-11-02,优,50,115,35,44,11,43,1.1,28
2,2019-11-03,良,54,154,36,58,14,49,1.26,32
3,2019-11-04,良,87,301,64,96,17,55,1.56,26
4,2019-11-05,良,68,202,44,82,15,59,1.31,27
5,2019-11-06,良,68,202,45,82,18,49,1.28,29
6,2019-11-07,优,39,86,17,43,12,36,0.79,32
7,2019-11-08,良,86,290,58,93,21,57,1.46,22
8,2019-11-09,轻度污染,108,283,80,101,12,47,1.38,23
9,2019-11-10,轻度污染,122,355,65,193,12,36,0.97,32
10,2019-11-11,良,79,241,44,107,19,53,1.47,17
11,2019-11-12,良,84,276,52,118,21,53,1.49,15
12,2019-11-13,良,53,170,14,64,9,18,0.55,55
13,2019-11-14,良,80,327,42,108,20,51,1.4,17
14,2019-11-15,良,90,324,55,129,23,54,1.61,22
15,2019-11-16,良,96,294,60,134,26,61,1.7,17
16,2019-11-17,中度污染,154,339,52,229,10,16,0.68,57
17,2019-11-18,良,84,268,30,118,13,18,0.63,44
18,2019-11-19,良,63,185,32,78,21,45,1.2,24
19,2019-11-20,良,91,297,63,126,32,60,2.0,15
20,2019-11-21,良,96,309,70,126,30,62,1.96,15
21,2019-11-22,良,99,313,73,113,20,59,2.0,17
22,2019-11-23,良,89,280,55,101,14,39,1.45,37
23,2019-11-24,优,28,41,7,30,8,13,0.57,47
24,2019-11-25,优,48,250,25,53,20,42,1.17,17
25,2019-11-26,良,52,203,28,62,18,36,1.26,30
26,2019-11-27,优,32,80,14,33,13,30,0.78,38
27,2019-11-28,良,70,293,43,84,27,56,1.58,10
28,2019-11-29,良,93,323,68,89,23,56,1.63,7
29,2019-11-30,良,63,223,34,61,12,27,0.86,47
0,2019-10-01,良,65,208,35,79,10,46,0.76,74
1,2019-10-02,良,62,216,35,72,10,40,0.81,85
2,2019-10-03,良,55,174,26,67,7,41,0.68,50
3,2019-10-04,优,17,10,2,8,5,8,0.4,54
4,2019-10-05,优,26,104,9,23,6,26,0.5,47
5,2019-10-06,优,43,260,18,44,8,40,0.65,32
6,2019-10-07,优,47,221,19,48,8,32,0.58,33
7,2019-10-08,优,37,136,12,40,8,36,0.52,38
8,2019-10-09,良,60,266,30,70,12,49,0.75,44
9,2019-10-10,良,71,326,43,93,11,55,0.87,41
10,2019-10-11,良,67,280,31,84,13,51,0.78,32
11,2019-10-12,良,59,250,24,68,12,44,0.67,32
12,2019-10-13,优,34,77,6,33,7,13,0.41,54
13,2019-10-14,优,35,124,12,37,8,31,0.54,39
14,2019-10-15,优,43,220,16,46,11,40,0.67,41
15,2019-10-16,良,75,339,48,79,14,54,0.94,18
16,2019-10-17,轻度污染,110,354,82,100,11,46,1.2,33
17,2019-10-18,良,86,301,61,96,13,53,1.15,31
18,2019-10-19,良,89,291,59,107,14,55,1.03,41
19,2019-10-20,轻度污染,113,328,59,175,11,37,0.71,47
20,2019-10-21,轻度污染,119,339,85,169,19,67,1.17,32
21,2019-10-22,良,94,305,65,129,19,67,1.25,37
22,2019-10-23,轻度污染,103,313,77,109,13,64,1.41,24
23,2019-10-24,优,21,15,7,19,6,13,0.47,45
24,2019-10-25,优,34,130,21,33,9,23,0.68,42
25,2019-10-26,良,85,357,61,96,18,52,1.31,24
26,2019-10-27,轻度污染,122,354,73,162,18,46,1.2,42
27,2019-10-28,重度污染,246,361,123,300,12,30,0.9,65
28,2019-10-29,中度污染,184,347,138,241,22,60,1.51,32
29,2019-10-30,轻度污染,136,308,102,192,22,70,1.58,31
30,2019-10-31,轻度污染,101,281,70,136,22,65,1.43,24
31,2019-10-31,轻度污染,101,281,70,136,22,65,1.43,24
0,2019-09-01,良,52,287,20,54,11,44,0.67,68
1,2019-09-02,良,62,333,29,75,11,50,0.73,68
2,2019-09-03,良,56,300,23,59,10,45,0.62,79
3,2019-09-04,良,52,258,18,54,8,46,0.57,61
4,2019-09-05,良,58,287,22,65,11,51,0.63,69
5,2019-09-06,良,65,292,27,68,11,52,0.63,85
6,2019-09-07,良,66,271,29,74,11,46,0.68,89
7,2019-09-08,优,37,93,13,32,7,20,0.49,90
8,2019-09-09,优,25,50,8,18,7,22,0.58,64
9,2019-09-10,优,28,110,17,23,7,24,0.8,81
10,2019-09-11,优,28,102,14,20,6,21,0.85,79
11,2019-09-12,优,31,108,17,28,6,24,0.88,46
12,2019-09-13,优,41,213,16,39,8,15,0.51,73
13,2019-09-14,优,44,247,20,45,8,28,0.6,55
14,2019-09-15,优,50,282,19,55,10,40,0.65,45
15,2019-09-16,优,41,179,12,41,9,39,0.55,48
16,2019-09-17,优,47,199,16,54,9,40,0.57,48
17,2019-09-18,优,36,133,10,34,8,37,0.51,47
18,2019-09-19,良,56,290,22,63,10,48,0.69,45
19,2019-09-20,优,33,66,16,28,7,33,0.73,50
20,2019-09-21,优,38,117,14,35,8,39,0.68,46
21,2019-09-22,优,43,143,14,42,9,40,0.63,45
22,2019-09-23,优,48,136,14,49,8,43,0.6,41
23,2019-09-24,良,51,139,16,55,9,48,0.63,38
24,2019-09-25,良,53,145,17,58,10,45,0.6,49
25,2019-09-26,良,56,165,21,63,10,51,0.65,52
26,2019-09-27,良,57,172,25,64,10,52,0.69,57
27,2019-09-28,良,65,187,34,80,11,60,0.85,58
28,2019-09-29,良,66,199,33,83,12,61,0.88,57
29,2019-09-30,良,66,197,34,83,11,53,0.86,63
0,2019-08-06,良,54,278,14,27,7,31,0.71,95
1,2019-08-07,优,44,164,10,22,6,19,0.6,78
2,2019-08-08,优,48,211,14,32,7,23,0.71,85
3,2019-08-09,优,48,221,16,28,6,18,0.66,91
4,2019-08-10,优,42,194,10,24,6,28,0.61,72
5,2019-08-11,优,32,130,4,14,5,14,0.56,65
6,2019-08-21,优,29,66,13,26,7,23,0.6,64
7,2019-08-22,优,35,93,13,32,7,29,0.64,53
8,2019-08-23,优,48,172,17,50,8,41,0.7,42
9,2019-08-24,优,41,143,13,36,8,32,0.63,67
10,2019-08-25,优,49,205,19,48,10,33,0.76,71
11,2019-08-26,优,40,181,13,39,7,34,0.58,55
12,2019-08-27,优,29,123,7,25,7,25,0.48,46
13,2019-08-28,优,32,122,9,30,7,23,0.49,41
0,2019-07-01,优,47,158,11,33,7,33,0.6,61
1,2019-07-02,优,43,106,13,37,7,40,0.66,49
2,2019-07-03,良,58,210,12,40,6,35,0.56,75
3,2019-07-04,良,75,283,22,65,10,46,0.7,92
4,2019-07-05,良,61,218,7,21,5,13,0.5,103
5,2019-07-06,优,39,120,5,13,5,11,0.39,78
6,2019-07-07,优,46,161,11,27,6,25,0.47,72
7,2019-07-12,优,46,240,19,44,8,41,0.69,80
8,2019-07-13,优,44,236,16,40,9,33,0.65,87
9,2019-07-14,优,39,169,12,29,7,31,0.58,82
10,2019-07-15,良,64,302,24,53,10,32,0.68,121
11,2019-07-16,优,34,123,14,19,6,20,0.81,106
12,2019-07-17,优,41,177,24,40,7,29,0.87,89
13,2019-07-18,良,62,328,32,58,8,34,0.91,105
14,2019-07-19,优,42,237,26,43,7,30,0.95,83
15,2019-07-20,优,46,246,25,46,7,31,0.91,79
16,2019-07-21,良,55,259,23,58,8,40,0.82,81
17,2019-07-22,优,39,188,13,31,6,33,0.67,71
18,2019-07-23,优,43,227,24,44,8,22,0.75,97
19,2019-07-24,良,65,329,32,79,8,32,0.7,84
20,2019-07-25,良,70,353,30,86,9,44,0.77,67
21,2019-07-26,良,68,324,22,63,10,38,0.7,109
0,2019-06-01,良,71,255,27,68,10,23,0.6,111
1,2019-06-02,良,63,178,23,69,7,23,0.52,88
2,2019-06-03,良,55,140,17,52,8,32,0.54,72
3,2019-06-04,良,67,215,26,73,7,16,0.45,102
4,2019-06-05,优,46,133,13,34,7,18,0.48,93
5,2019-06-06,良,82,356,28,63,10,21,0.71,132
6,2019-06-07,良,58,212,15,53,6,21,0.6,77
7,2019-06-08,优,40,106,9,29,7,18,0.51,71
8,2019-06-09,良,51,188,6,14,6,11,0.51,98
9,2019-06-10,良,53,196,9,27,6,30,0.55,92
10,2019-06-11,良,61,256,26,69,7,84,0.63,27
11,2019-06-14,优,37,156,7,19,6,24,0.48,114
12,2019-06-15,良,59,257,20,55,8,23,0.66,123
13,2019-06-17,优,46,229,18,41,9,35,0.71,97
14,2019-06-18,良,61,298,19,44,9,31,0.7,116
15,2019-06-19,优,39,203,11,27,6,26,0.58,103
16,2019-06-20,良,55,314,21,41,8,26,0.71,127
17,2019-06-25,良,75,288,38,58,9,27,1.04,112
18,2019-06-26,良,60,253,24,51,9,30,0.83,96
19,2019-06-27,优,43,125,16,27,6,24,0.73,82
20,2019-06-28,优,50,208,23,43,7,17,0.75,86
21,2019-06-29,优,46,193,5,21,5,11,0.45,86
22,2019-06-30,优,41,131,12,34,7,30,0.54,58
0,2019-05-01,良,54,138,18,42,6,36,0.58,73
1,2019-05-02,良,73,270,32,84,10,49,0.68,79
2,2019-05-03,良,82,286,39,99,11,56,0.77,81
3,2019-05-04,轻度污染,140,360,58,217,9,42,0.78,67
4,2019-05-05,良,64,196,18,68,5,11,0.53,90
5,2019-05-06,优,44,124,11,30,6,24,0.56,80
6,2019-05-07,良,63,276,27,70,9,33,0.66,89
7,2019-05-08,良,56,189,19,40,7,19,0.63,96
8,2019-05-09,良,59,176,26,58,8,38,0.63,62
9,2019-05-10,良,63,171,28,64,8,42,0.59,66
10,2019-05-11,良,55,71,24,64,8,31,0.58,74
11,2019-05-12,中度污染,184,329,156,585,6,16,0.46,75
12,2019-05-13,良,65,176,34,76,9,36,0.58,57
13,2019-05-14,良,89,263,49,127,13,43,0.67,70
14,2019-05-15,轻度污染,124,332,66,190,9,31,0.58,79
15,2019-05-16,轻度污染,116,326,75,177,9,39,0.56,67
16,2019-05-17,良,98,345,64,134,8,21,0.57,114
17,2019-05-18,良,78,318,41,95,8,25,0.61,91
18,2019-05-19,良,80,299,31,106,6,11,0.46,79
19,2019-05-20,优,46,99,15,35,7,18,0.53,71
20,2019-05-21,良,52,97,17,46,7,32,0.53,60
21,2019-05-22,良,58,115,20,57,9,43,0.57,60
22,2019-05-23,良,78,213,29,77,12,48,0.64,86
23,2019-05-24,良,87,247,35,89,11,55,0.7,98
24,2019-05-25,良,81,248,45,109,10,46,0.66,83
25,2019-05-26,良,54,202,14,35,6,11,0.45,97
26,2019-05-27,优,44,135,6,16,6,14,0.45,84
27,2019-05-28,良,53,220,15,42,10,37,0.56,78
28,2019-05-29,良,74,299,26,63,11,40,0.64,93
29,2019-05-30,优,46,112,8,29,6,10,0.42,86
30,2019-05-31,优,45,126,14,39,8,31,0.47,66
0,2019-04-01,优,47,105,17,47,13,36,0.8,61
1,2019-04-02,优,43,49,13,34,9,25,0.64,76
2,2019-04-03,良,61,203,27,68,14,47,0.88,60
3,2019-04-04,良,82,260,43,112,16,53,1.07,51
4,2019-04-05,良,72,214,25,93,13,38,0.84,56
5,2019-04-06,优,43,41,9,33,8,21,0.62,75
6,2019-04-07,良,61,142,22,71,12,39,0.79,56
7,2019-04-08,良,56,129,16,62,12,23,0.79,74
8,2019-04-09,优,41,62,16,31,9,18,0.75,76
9,2019-04-10,优,42,93,19,33,9,27,0.83,72
10,2019-04-11,优,46,136,28,44,10,37,0.95,47
11,2019-04-12,良,62,208,32,73,14,48,1.01,46
12,2019-04-13,优,46,88,10,44,8,26,0.66,73
13,2019-04-14,良,59,214,23,64,12,44,0.87,59
14,2019-04-15,良,73,278,33,93,13,47,0.95,66
15,2019-04-16,良,94,329,44,136,13,43,0.91,66
16,2019-04-17,轻度污染,110,339,45,167,12,40,0.8,75
17,2019-04-18,良,70,199,17,87,7,21,0.62,88
18,2019-04-19,轻度污染,108,340,48,163,15,36,1.02,77
19,2019-04-20,严重污染,347,366,80,471,8,30,0.75,60
20,2019-04-21,中度污染,166,361,55,265,11,39,0.82,61
21,2019-04-22,良,94,319,40,129,13,41,0.84,80
22,2019-04-23,良,73,279,30,74,12,32,0.88,99
23,2019-04-24,优,47,78,14,41,6,20,0.63,70
24,2019-04-25,优,36,23,10,23,6,21,0.59,73
25,2019-04-26,良,54,199,10,20,6,14,0.56,102
26,2019-04-27,优,46,100,22,40,7,28,0.73,79
27,2019-04-28,良,62,259,35,61,9,35,0.87,63
28,2019-04-29,轻度污染,110,347,31,151,7,33,0.73,53
29,2019-04-30,轻度污染,114,338,20,131,5,13,0.51,90
0,2019-03-01,良,92,212,63,126,22,62,1.49,48
1,2019-03-02,轻度污染,123,266,93,149,25,73,1.91,48
2,2019-03-03,中度污染,181,333,136,196,29,77,2.08,52
3,2019-03-04,良,83,208,53,102,19,54,1.42,51
4,2019-03-05,优,49,119,14,49,13,30,0.8,60
5,2019-03-06,优,39,85,11,30,12,24,0.71,69
6,2019-03-07,良,56,144,30,62,18,51,1.14,50
7,2019-03-08,轻度污染,105,348,78,131,23,61,1.52,50
8,2019-03-09,轻度污染,138,363,105,120,12,44,1.42,45
9,2019-03-10,良,85,262,57,79,11,39,1.18,40
10,2019-03-11,优,44,44,16,40,11,29,0.88,50
11,2019-03-12,优,38,13,9,27,11,24,0.68,61
12,2019-03-13,优,50,70,21,50,15,40,0.97,41
13,2019-03-14,优,44,57,11,39,11,24,0.73,59
14,2019-03-15,良,52,128,21,57,14,26,0.81,56
15,2019-03-16,良,61,175,29,68,14,35,0.96,46
16,2019-03-17,良,61,160,29,70,16,50,1.08,46
17,2019-03-18,良,92,309,59,129,24,59,1.39,48
18,2019-03-19,轻度污染,106,334,70,155,24,75,1.48,42
19,2019-03-20,良,96,309,40,140,13,38,0.97,47
20,2019-03-21,优,37,27,8,19,9,15,0.58,74
21,2019-03-22,优,43,133,10,37,10,17,0.61,69
22,2019-03-23,优,46,160,21,47,14,30,0.77,65
23,2019-03-24,良,78,267,47,101,21,55,1.28,48
24,2019-03-25,良,73,235,38,93,20,52,1.26,45
25,2019-03-26,良,95,309,51,136,21,50,1.29,50
26,2019-03-27,良,52,84,15,55,11,26,0.74,65
27,2019-03-28,优,41,39,11,33,9,19,0.63,76
28,2019-03-29,优,49,85,12,47,8,18,0.6,72
29,2019-03-30,优,37,12,7,25,8,18,0.6,70
30,2019-03-31,良,51,134,17,49,13,31,0.76,59
0,2019-02-01,轻度污染,102,314,55,148,25,43,1.41,28
1,2019-02-02,轻度污染,126,302,88,158,33,52,2.18,23
2,2019-02-03,轻度污染,112,259,38,172,16,23,1.0,50
3,2019-02-04,中度污染,151,326,102,195,36,48,1.5,44
4,2019-02-05,重度污染,230,334,230,224,45,42,1.8,40
5,2019-02-06,轻度污染,117,284,59,160,19,20,0.98,49
6,2019-02-07,优,30,20,10,22,15,20,0.78,54
7,2019-02-08,优,46,195,21,45,16,20,0.99,50
8,2019-02-09,优,39,97,18,36,16,21,0.84,47
9,2019-02-10,良,64,227,41,71,23,34,1.35,33
10,2019-02-11,优,39,95,19,38,15,23,0.82,55
11,2019-02-12,优,44,107,23,46,18,25,0.95,51
12,2019-02-13,优,37,66,16,35,17,24,0.88,55
13,2019-02-14,良,66,228,31,72,14,23,0.94,50
14,2019-02-15,优,34,73,17,24,14,21,0.8,55
15,2019-02-16,良,55,183,39,48,20,46,1.43,43
16,2019-02-17,优,43,126,27,36,20,46,1.36,41
17,2019-02-18,良,62,220,44,55,22,54,1.49,23
18,2019-02-19,轻度污染,116,276,87,107,19,39,1.39,53
19,2019-02-20,轻度污染,101,233,75,93,26,58,1.81,37
20,2019-02-21,良,94,218,70,92,29,70,2.0,32
21,2019-02-22,良,97,239,71,100,31,73,2.07,29
22,2019-02-23,良,82,191,57,89,27,59,1.68,39
23,2019-02-24,优,42,84,17,39,17,42,1.2,44
24,2019-02-25,优,42,70,22,39,18,33,0.9,52
25,2019-02-26,良,92,242,64,88,16,39,1.13,44
26,2019-02-27,良,59,166,29,69,16,40,1.09,47
27,2019-02-28,良,84,226,54,113,21,56,1.41,40
0,2019-01-01,良,64,176,44,64,22,42,1.49,27
1,2019-01-02,轻度污染,104,233,77,114,34,66,2.12,14
2,2019-01-03,轻度污染,127,250,90,136,28,54,2.26,26
3,2019-01-04,优,49,108,23,52,21,39,1.15,35
4,2019-01-05,良,70,195,44,84,36,65,2.02,15
5,2019-01-06,轻度污染,109,251,78,130,42,61,2.24,18
6,2019-01-07,优,34,40,10,31,18,23,0.77,50
7,2019-01-08,优,46,104,23,47,25,38,1.11,35
8,2019-01-09,良,83,279,56,100,41,62,2.02,12
9,2019-01-10,中度污染,198,356,152,227,50,79,2.82,10
10,2019-01-11,中度污染,167,297,127,192,37,71,2.49,18
11,2019-01-12,轻度污染,148,265,111,182,35,74,2.31,12
12,2019-01-13,轻度污染,110,203,80,132,31,66,2.3,18
13,2019-01-14,良,85,150,43,105,19,41,1.7,32
14,2019-01-15,优,43,63,16,45,17,27,0.92,42
15,2019-01-16,良,79,259,54,97,37,61,1.87,15
16,2019-01-17,良,97,274,70,117,42,68,2.22,16
17,2019-01-18,良,81,180,52,97,30,51,1.96,29
18,2019-01-19,优,36,29,13,35,15,32,0.84,46
19,2019-01-20,优,45,88,19,45,17,32,0.93,43
20,2019-01-21,良,70,172,43,84,30,54,1.51,19
21,2019-01-22,良,96,243,68,127,37,65,2.09,16
22,2019-01-23,轻度污染,112,276,84,135,44,74,2.68,16
23,2019-01-24,良,75,122,38,85,21,43,1.56,33
24,2019-01-25,优,34,13,13,33,16,30,0.81,43
25,2019-01-26,良,72,182,45,83,34,54,1.65,24
26,2019-01-27,良,78,181,41,95,19,32,1.15,44
27,2019-01-28,良,63,121,39,72,28,53,1.52,27
28,2019-01-29,良,92,205,61,123,35,53,1.73,30
29,2019-01-30,优,50,74,8,55,9,12,0.59,60
30,2019-01-31,良,76,300,25,108,20,28,1.06,40
0,2018-12-01,轻度污染,119,232,85,170,39,71,2.48,12
1,2018-12-02,中度污染,167,278,80,244,29,53,1.75,25
2,2018-12-03,轻度污染,138,272,43,222,15,25,0.88,44
3,2018-12-04,良,83,252,29,114,16,28,0.99,41
4,2018-12-05,良,83,275,37,115,26,45,1.29,23
5,2018-12-06,优,32,67,7,30,12,13,0.69,48
6,2018-12-07,优,29,80,7,28,12,11,0.71,50
7,2018-12-08,优,48,215,26,52,20,33,1.19,30
8,2018-12-09,良,70,265,46,84,28,54,1.72,15
9,2018-12-10,良,98,286,61,125,25,46,1.75,17
10,2018-12-11,良,51,144,21,56,19,27,1.02,35
11,2018-12-12,良,94,243,66,121,35,60,2.08,10
12,2018-12-13,轻度污染,126,297,94,163,42,70,2.84,11
13,2018-12-14,轻度污染,102,253,74,127,41,73,2.83,12
14,2018-12-15,轻度污染,150,331,114,201,51,78,3.17,7
15,2018-12-16,轻度污染,123,271,78,179,29,59,2.24,17
16,2018-12-17,轻度污染,101,249,71,138,37,63,2.1,15
17,2018-12-18,轻度污染,111,276,78,147,36,66,2.47,14
18,2018-12-19,轻度污染,119,260,77,172,31,62,2.27,15
19,2018-12-20,良,86,202,58,116,31,65,1.97,9
20,2018-12-21,良,97,259,57,133,27,48,1.63,18
21,2018-12-28,良,52,222,26,58,22,30,1.13,31
22,2018-12-29,良,78,323,53,98,33,51,1.72,13
23,2018-12-30,良,74,274,50,87,30,60,2.0,17
24,2018-12-31,良,81,263,55,93,32,55,2.01,13
0,2018-11-01,轻度污染,101,333,61,148,20,70,1.54,24
1,2018-11-02,轻度污染,117,342,84,168,26,84,1.75,35
2,2018-11-03,轻度污染,103,333,65,150,19,64,1.35,29
3,2018-11-04,优,28,18,14,25,11,24,0.76,31
4,2018-11-05,良,58,246,35,63,14,37,1.04,25
5,2018-11-06,优,50,255,23,54,17,49,1.17,24
6,2018-11-07,良,76,336,49,98,25,56,1.54,17
7,2018-11-08,轻度污染,119,358,87,141,28,68,1.82,17
8,2018-11-09,良,76,296,48,97,18,43,1.18,32
9,2018-11-10,良,79,274,50,103,23,63,1.6,12
10,2018-11-11,轻度污染,106,352,79,133,23,62,1.83,13
11,2018-11-12,轻度污染,125,329,94,156,26,67,1.94,17
12,2018-11-13,轻度污染,107,288,76,146,27,76,2.11,22
13,2018-11-14,良,91,267,57,124,23,56,1.72,20
14,2018-11-15,优,27,24,5,20,10,14,0.61,51
15,2018-11-16,优,50,258,23,55,18,40,1.03,24
16,2018-11-17,良,75,335,43,98,26,51,1.47,16
17,2018-11-18,良,82,309,41,112,22,46,1.34,26
18,2018-11-19,良,96,317,60,138,30,65,1.73,13
19,2018-11-20,良,73,246,41,97,19,43,1.28,28
20,2018-11-21,良,56,203,26,68,20,39,1.15,27
21,2018-11-22,良,76,263,46,97,28,56,1.45,18
22,2018-11-23,良,68,190,39,86,24,54,1.42,22
23,2018-11-24,良,88,235,57,117,34,65,1.8,11
24,2018-11-25,轻度污染,106,228,75,148,37,72,2.27,13
25,2018-11-26,严重污染,301,341,135,521,29,56,1.75,18
26,2018-11-27,轻度污染,118,221,52,184,20,37,1.06,35
27,2018-11-28,轻度污染,113,223,59,174,29,55,1.74,19
28,2018-11-29,良,88,202,48,123,29,55,1.74,20
29,2018-11-30,轻度污染,125,245,91,188,40,70,2.62,12
0,2018-10-01,优,33,60,9,28,10,25,0.82,44
1,2018-10-02,良,55,172,19,61,10,42,0.9,30
2,2018-10-03,良,67,223,31,83,12,49,0.99,41
3,2018-10-04,良,77,280,41,102,14,63,1.08,37
4,2018-10-05,良,63,182,27,82,9,47,0.81,31
5,2018-10-06,优,29,13,8,26,7,22,0.64,39
6,2018-10-07,良,58,156,23,67,11,34,0.9,30
7,2018-10-08,优,42,75,11,42,8,27,0.7,41
8,2018-10-09,优,31,39,9,26,8,20,0.68,43
9,2018-10-10,优,42,121,13,40,8,28,0.8,37
10,2018-10-11,优,48,163,19,52,10,42,0.86,29
11,2018-10-12,良,70,279,34,91,14,54,0.97,32
12,2018-10-13,良,91,336,59,121,17,69,1.2,38
13,2018-10-14,良,86,318,60,110,13,60,1.06,42
14,2018-10-15,良,63,254,40,74,11,50,1.04,38
15,2018-10-16,优,47,158,14,50,11,43,0.91,30
16,2018-10-17,优,48,163,14,48,12,40,0.88,33
17,2018-10-18,良,62,256,33,65,15,40,0.98,52
18,2018-10-19,良,100,353,74,97,13,59,1.39,28
19,2018-10-20,轻度污染,105,352,78,114,18,60,1.41,28
20,2018-10-21,轻度污染,113,342,84,120,16,49,1.29,21
21,2018-10-22,良,80,270,35,107,13,32,0.88,29
22,2018-10-23,良,81,317,50,103,20,52,1.3,26
23,2018-10-24,良,94,309,64,131,23,64,1.56,32
24,2018-10-25,良,90,304,43,124,15,44,1.11,31
25,2018-10-26,优,31,15,5,28,9,15,0.61,47
26,2018-10-27,良,66,266,36,79,17,37,1.07,34
27,2018-10-28,优,45,99,6,41,11,14,0.61,65
28,2018-10-29,优,33,68,9,26,11,25,0.75,52
29,2018-10-30,良,70,256,40,87,19,57,1.29,26
30,2018-10-31,良,89,322,50,126,19,61,1.37,22
0,2018-09-02,优,49,229,19,49,9,24,0.9,81
1,2018-09-03,优,37,103,4,17,7,14,0.64,62
2,2018-09-04,优,44,164,13,44,11,32,0.82,36
3,2018-09-05,良,56,220,18,62,11,34,0.85,49
4,2018-09-06,优,37,86,4,29,7,9,0.62,58
5,2018-09-07,优,28,44,6,20,8,18,0.68,42
6,2018-09-08,优,41,131,11,38,9,34,0.82,34
7,2018-09-09,良,53,218,17,55,11,38,0.86,49
8,2018-09-10,良,55,218,28,63,10,46,1.03,40
9,2018-09-11,良,52,176,33,54,8,39,1.1,44
10,2018-09-12,良,53,215,23,56,10,40,0.91,50
11,2018-09-13,良,64,298,27,68,10,39,0.94,71
12,2018-09-14,优,48,180,19,43,9,28,0.87,61
13,2018-09-15,优,30,42,3,11,7,12,0.6,58
14,2018-09-16,优,40,182,10,39,9,34,0.74,38
15,2018-09-17,良,63,314,22,75,10,54,0.94,19
16,2018-09-18,良,72,340,32,92,15,54,0.99,29
17,2018-09-19,良,76,341,35,99,12,56,1.07,38
18,2018-09-20,良,82,347,29,112,9,37,0.76,45
19,2018-09-21,优,40,114,7,39,7,21,0.57,38
20,2018-09-22,优,45,157,10,42,8,21,0.63,42
21,2018-09-23,优,33,81,8,28,8,23,0.7,41
22,2018-09-24,优,39,137,10,33,8,27,0.82,46
23,2018-09-25,良,62,319,37,71,9,40,1.09,40
24,2018-09-26,良,63,322,36,75,10,43,1.13,36
25,2018-09-27,优,43,134,19,42,8,38,0.89,33
26,2018-09-28,优,46,152,15,47,8,34,0.8,23
27,2018-09-29,优,30,33,4,15,6,11,0.59,55
28,2018-09-30,优,23,12,4,14,7,10,0.65,46
0,2018-08-01,良,64,280,25,54,8,26,0.91,95
1,2018-08-02,良,67,279,35,62,8,20,1.02,107
2,2018-08-03,良,78,307,48,75,9,23,1.1,114
3,2018-08-04,良,75,310,36,68,8,25,1.03,103
4,2018-08-05,良,64,279,27,56,8,21,1.01,107
5,2018-08-06,良,70,286,31,46,8,19,1.02,111
6,2018-08-07,优,35,57,7,15,8,22,0.9,69
7,2018-08-08,优,46,132,10,27,7,24,0.87,80
8,2018-08-09,良,60,209,15,40,8,30,0.91,89
9,2018-08-10,良,61,184,17,49,8,26,0.9,95
10,2018-08-11,良,58,162,16,32,7,19,0.91,104
11,2018-08-12,良,56,204,22,48,8,32,0.91,79
12,2018-08-13,良,60,266,15,45,8,30,0.87,84
13,2018-08-14,良,54,263,11,38,9,24,0.87,88
14,2018-08-15,良,52,253,10,35,8,25,0.82,82
15,2018-08-16,良,60,321,15,47,9,24,0.84,95
16,2018-08-17,良,55,267,6,20,7,22,0.76,91
17,2018-08-18,良,51,256,10,32,8,29,0.77,81
18,2018-08-19,良,65,323,17,47,8,34,0.87,95
19,2018-08-20,良,62,288,18,56,8,29,0.84,83
20,2018-08-21,优,45,105,17,39,8,19,0.83,79
21,2018-08-22,良,62,258,25,65,10,33,0.9,71
22,2018-08-23,良,58,180,23,58,11,35,0.94,80
23,2018-08-25,良,67,219,26,60,10,26,1.01,104
24,2018-08-27,良,85,302,39,82,12,30,1.17,128
25,2018-08-29,良,51,206,9,29,9,17,0.78,97
26,2018-08-31,优,46,210,11,27,10,17,0.97,96
0,2018-07-01,良,88,325,30,63,13,27,0.94,141
1,2018-07-02,良,68,289,38,56,9,23,1.05,116
2,2018-07-03,良,86,328,52,68,8,26,1.08,104
3,2018-07-04,良,68,286,18,49,9,42,0.93,86
4,2018-07-05,良,78,308,17,62,10,48,0.91,94
5,2018-07-06,良,92,327,28,78,12,38,0.97,117
6,2018-07-07,良,54,273,23,31,8,26,0.99,95
7,2018-07-08,优,48,244,19,40,9,38,0.89,75
8,2018-07-09,良,66,330,20,52,10,38,0.92,87
9,2018-07-10,优,49,238,14,29,9,29,0.91,84
10,2018-07-11,优,35,91,10,18,7,18,0.95,70
11,2018-07-12,良,61,296,30,61,10,33,1.08,80
12,2018-07-13,良,71,339,30,68,10,34,1.06,90
13,2018-07-14,良,59,274,14,36,9,32,0.89,98
14,2018-07-15,良,54,232,25,49,9,33,1.06,75
15,2018-07-16,优,44,178,28,43,8,27,1.04,50
16,2018-07-17,优,35,97,8,16,8,19,0.92,65
17,2018-07-18,良,58,250,26,59,9,31,1.0,68
18,2018-07-19,良,55,230,31,51,8,27,0.98,64
19,2018-07-20,优,45,137,27,38,7,16,0.9,82
20,2018-07-21,优,45,98,21,30,7,17,0.84,80
21,2018-07-22,良,58,204,19,48,8,31,0.86,76
22,2018-07-23,良,58,232,24,46,8,25,1.06,91
23,2018-07-24,良,53,195,12,22,7,26,0.87,89
24,2018-07-25,优,40,106,7,17,7,21,0.84,78
25,2018-07-26,良,53,193,9,34,8,29,0.84,84
26,2018-07-27,良,78,342,36,75,9,39,1.03,101
27,2018-07-28,良,73,299,38,70,8,28,1.02,107
28,2018-07-29,良,78,296,42,75,9,29,1.12,111
29,2018-07-30,良,85,342,48,82,9,35,1.12,106
30,2018-07-31,良,67,285,30,60,9,32,1.0,91
0,2018-06-01,轻度污染,106,296,29,101,14,47,0.95,133
1,2018-06-02,轻度污染,113,314,53,159,14,37,1.05,127
2,2018-06-03,中度污染,155,357,41,215,8,11,0.66,88
3,2018-06-04,良,86,282,27,119,14,33,0.78,70
4,2018-06-05,良,86,270,25,114,15,36,0.79,82
5,2018-06-06,良,68,175,16,81,9,19,0.73,83
6,2018-06-07,良,66,176,14,73,8,10,0.65,83
7,2018-06-08,优,50,138,8,38,9,26,0.72,78
8,2018-06-09,良,66,288,22,72,12,22,0.88,92
9,2018-06-10,良,65,241,19,77,13,36,0.86,74
10,2018-06-11,良,76,239,20,91,12,41,0.87,68
11,2018-06-12,良,71,203,16,89,11,37,0.8,70
12,2018-06-13,良,51,130,6,28,8,13,0.72,99
13,2018-06-14,良,65,206,12,53,10,36,0.8,88
14,2018-06-15,良,86,268,20,75,13,36,0.89,117
15,2018-06-16,良,94,307,33,102,14,40,1.0,114
16,2018-06-17,良,74,245,20,40,9,20,0.87,132
17,2018-06-18,良,78,278,35,82,10,19,0.95,110
18,2018-06-19,良,56,225,6,25,8,12,0.64,105
19,2018-06-20,良,60,242,10,47,9,35,0.69,82
20,2018-06-21,良,83,288,23,82,11,34,0.87,108
21,2018-06-22,良,80,278,38,69,11,32,0.92,124
22,2018-06-23,良,98,308,39,96,12,43,0.95,116
23,2018-06-24,良,80,264,33,100,10,34,0.87,93
24,2018-06-25,良,62,251,19,49,10,35,0.83,97
25,2018-06-26,良,72,317,17,62,10,40,0.83,86
26,2018-06-27,优,47,176,7,42,8,15,0.68,67
27,2018-06-28,优,39,119,6,25,8,17,0.68,72
28,2018-06-29,良,58,192,14,56,10,43,0.83,67
29,2018-06-30,良,79,292,19,62,11,39,0.86,104
0,2018-05-01,轻度污染,149,354,30,211,7,12,0.68,85
1,2018-05-02,良,55,126,12,54,11,29,0.71,74
2,2018-05-03,良,63,159,16,68,12,43,0.74,68
3,2018-05-04,轻度污染,134,359,43,187,16,48,0.85,87
4,2018-05-05,重度污染,223,364,51,323,8,15,0.65,99
5,2018-05-06,良,84,327,25,115,13,42,0.73,67
6,2018-05-07,良,94,329,34,128,16,51,0.83,86
7,2018-05-08,轻度污染,105,337,42,148,17,46,0.87,96
8,2018-05-09,轻度污染,105,317,47,154,17,38,0.92,115
9,2018-05-10,良,83,263,51,105,14,27,0.99,113
10,2018-05-11,良,72,256,33,62,10,22,0.84,123
11,2018-05-12,良,88,287,42,124,14,49,0.91,65
12,2018-05-13,轻度污染,113,339,48,174,16,58,0.89,68
13,2018-05-14,轻度污染,133,357,58,203,17,56,0.9,92
14,2018-05-15,轻度污染,117,353,49,145,18,49,0.91,129
15,2018-05-16,良,96,318,33,139,9,24,0.61,82
16,2018-05-17,良,71,282,21,91,11,15,0.67,92
17,2018-05-18,良,69,241,13,49,9,19,0.67,121
18,2018-05-19,良,70,287,36,77,10,26,1.01,97
19,2018-05-20,良,54,202,29,50,9,21,1.09,83
20,2018-05-21,良,69,321,32,89,9,19,1.0,77
21,2018-05-22,中度污染,160,358,39,219,8,17,0.63,87
22,2018-05-23,良,79,220,26,101,18,40,0.88,76
23,2018-05-24,良,85,227,26,88,15,48,0.89,97
24,2018-05-25,良,100,305,35,116,15,61,0.96,100
25,2018-05-26,重度污染,218,352,121,540,10,20,0.71,90
26,2018-05-27,良,88,252,39,124,13,33,0.83,67
27,2018-05-28,良,78,171,17,91,8,12,0.7,87
28,2018-05-29,优,47,66,9,38,8,24,0.69,73
29,2018-05-30,良,63,169,14,62,9,41,0.8,72
30,2018-05-31,良,76,239,16,73,10,40,0.78,92
0,2018-04-01,轻度污染,112,264,46,172,21,46,1.05,59
1,2018-04-02,严重污染,355,363,141,968,16,33,0.96,53
2,2018-04-03,良,68,120,15,85,10,21,0.8,78
3,2018-04-04,良,52,85,27,52,13,34,1.13,46
4,2018-04-05,良,90,290,33,122,10,18,0.88,55
5,2018-04-05,良,90,290,33,122,10,18,0.88,55
6,2018-04-06,良,55,86,9,57,9,9,0.72,88
7,2018-04-07,良,90,302,28,128,22,30,1.06,61
8,2018-04-08,良,96,322,40,140,22,39,1.14,51
9,2018-04-09,中度污染,193,349,74,291,24,53,1.31,40
10,2018-04-10,轻度污染,146,300,37,210,10,12,0.68,79
11,2018-04-11,良,60,93,21,69,18,42,0.93,56
12,2018-04-12,良,82,257,31,111,17,44,0.87,68
13,2018-04-13,中度污染,171,358,72,451,11,16,0.69,92
14,2018-04-14,轻度污染,108,313,17,206,9,15,0.66,91
15,2018-04-15,良,63,149,22,72,15,46,1.0,54
16,2018-04-16,良,88,205,44,125,19,58,1.12,63
17,2018-04-17,轻度污染,113,275,56,174,21,64,1.03,70
18,2018-04-18,轻度污染,121,310,56,189,19,65,1.08,57
19,2018-04-19,轻度污染,113,309,37,173,16,35,0.91,100
20,2018-04-20,轻度污染,110,311,66,148,17,32,1.07,110
21,2018-04-21,良,51,71,8,22,10,16,0.78,99
22,2018-04-22,优,44,88,14,37,10,23,1.04,81
23,2018-04-23,良,53,188,10,41,8,13,0.67,100
24,2018-04-24,良,52,163,20,48,10,30,0.77,88
25,2018-04-25,良,84,273,49,112,17,55,1.1,76
26,2018-04-26,良,83,230,35,109,12,50,0.91,64
27,2018-04-27,良,72,182,20,92,13,44,0.95,73
28,2018-04-28,轻度污染,104,270,36,151,19,59,1.07,84
29,2018-04-29,重度污染,231,358,74,586,10,30,0.79,80
30,2018-04-30,轻度污染,117,324,31,183,11,33,0.82,69
0,2018-03-01,良,51,88,21,49,26,35,1.0,63
1,2018-03-02,轻度污染,131,354,99,157,66,66,2.04,35
2,2018-03-03,重度污染,238,360,110,374,37,50,1.67,46
3,2018-03-04,良,80,284,22,108,19,37,1.08,57
4,2018-03-05,良,59,255,21,69,25,40,1.11,59
5,2018-03-06,良,74,297,37,96,31,53,1.39,43
6,2018-03-07,良,71,266,24,89,14,21,0.79,65
7,2018-03-08,优,46,114,21,47,24,40,1.08,52
8,2018-03-09,良,90,272,58,126,39,66,1.61,36
9,2018-03-10,良,69,128,31,86,26,58,1.41,47
10,2018-03-11,轻度污染,106,274,70,150,42,76,1.96,46
11,2018-03-12,轻度污染,147,317,110,223,45,85,2.12,47
12,2018-03-13,中度污染,181,346,114,304,36,72,1.82,41
13,2018-03-14,重度污染,228,357,78,363,26,55,1.5,41
14,2018-03-15,良,78,227,15,94,12,21,0.82,82
15,2018-03-16,良,80,287,38,110,22,43,1.26,68
16,2018-03-17,轻度污染,116,339,86,129,21,49,1.62,40
17,2018-03-18,良,100,278,62,107,20,40,1.68,47
18,2018-03-19,良,51,135,16,50,17,40,1.13,58
19,2018-03-20,良,85,307,52,100,29,44,1.45,63
20,2018-03-21,良,90,327,66,95,20,38,1.33,57
21,2018-03-22,良,84,223,59,92,20,54,1.52,40
22,2018-03-23,良,66,62,32,80,19,40,1.21,49
23,2018-03-24,良,57,41,25,63,20,48,1.13,50
24,2018-03-25,良,86,205,54,120,28,60,1.46,61
25,2018-03-26,轻度污染,115,282,71,177,32,61,1.47,54
26,2018-03-27,中度污染,196,358,84,326,34,60,1.44,32
27,2018-03-28,严重污染,473,366,129,1040,14,37,0.91,57
28,2018-03-29,严重污染,260,359,62,366,17,28,0.94,94
29,2018-03-30,中度污染,170,343,74,266,21,33,1.06,94
30,2018-03-31,轻度污染,150,346,56,242,19,41,0.99,54
0,2018-02-01,良,88,202,43,125,33,43,1.66,42
1,2018-02-02,优,42,25,16,38,20,31,1.03,57
2,2018-02-03,良,55,92,27,59,30,41,1.33,41
3,2018-02-04,良,60,111,32,67,31,43,1.4,40
4,2018-02-05,优,47,45,21,49,37,40,1.2,46
5,2018-02-06,良,66,141,34,74,34,44,1.5,43
6,2018-02-07,良,57,60,14,64,21,28,0.88,70
7,2018-02-08,良,93,194,51,134,45,62,1.62,29
8,2018-02-09,轻度污染,148,269,39,240,18,21,0.8,72
9,2018-02-10,优,46,23,11,45,14,17,0.8,70
10,2018-02-11,良,69,123,9,89,13,14,0.77,73
11,2018-02-12,良,83,239,25,115,31,31,1.25,51
12,2018-02-13,良,91,256,50,132,41,45,1.71,39
13,2018-02-14,优,34,3,8,24,22,22,0.82,67
14,2018-02-15,良,89,231,64,88,48,47,1.79,46
15,2018-02-16,轻度污染,103,147,83,111,45,36,1.21,62
16,2018-02-17,重度污染,241,357,195,255,80,67,2.53,32
17,2018-02-18,轻度污染,136,323,84,193,38,47,1.69,48
18,2018-02-19,良,71,247,31,94,21,30,1.13,61
19,2018-02-20,优,44,71,16,36,24,24,0.86,73
20,2018-02-21,良,58,207,28,63,29,35,1.3,53
21,2018-02-22,良,62,200,27,72,31,36,1.24,50
22,2018-02-23,良,60,180,31,70,32,40,1.37,49
23,2018-02-24,优,49,115,23,55,30,41,1.37,54
24,2018-02-25,良,83,252,52,109,42,60,1.88,37
25,2018-02-26,良,97,266,59,135,42,58,2.03,40
26,2018-02-27,良,65,159,28,80,37,50,1.38,46
27,2018-02-28,轻度污染,114,287,60,152,31,42,1.52,50
0,2018-01-01,良,89,117,62,117,52,61,2.2,23
1,2018-01-02,优,39,28,12,39,18,25,0.9,53
2,2018-01-03,优,43,87,20,45,28,40,1.08,37
3,2018-01-04,优,45,158,19,47,30,44,1.18,34
4,2018-01-05,良,73,209,47,92,44,61,2.06,19
5,2018-01-06,良,66,180,38,73,34,57,1.64,23
6,2018-01-07,良,56,169,32,62,24,31,1.07,47
7,2018-01-08,良,59,151,17,68,19,27,0.98,51
8,2018-01-09,优,50,113,17,52,16,25,1.0,57
9,2018-01-10,优,42,71,12,36,19,22,0.86,68
10,2018-01-11,良,60,163,35,62,28,42,1.33,43
11,2018-01-12,良,90,278,66,107,47,69,2.12,17
12,2018-01-13,轻度污染,127,282,96,144,55,72,2.66,22
13,2018-01-14,中度污染,158,310,119,174,46,77,2.35,16
14,2018-01-15,轻度污染,109,185,57,155,43,63,2.17,30
15,2018-01-16,轻度污染,145,266,52,238,33,52,1.57,36
16,2018-01-17,良,85,114,33,117,30,39,1.17,49
17,2018-01-18,良,91,131,57,127,45,58,2.01,22
18,2018-01-19,良,85,119,56,113,43,59,2.03,23
19,2018-01-20,良,71,108,43,88,42,60,1.68,27
20,2018-01-21,良,77,146,39,102,41,57,1.55,26
21,2018-01-22,优,45,54,6,44,20,19,0.81,63
22,2018-01-23,优,50,88,23,52,25,30,1.17,47
23,2018-01-24,良,59,165,35,65,37,50,1.62,35
24,2018-01-25,优,34,70,12,30,26,40,1.08,52
25,2018-01-26,良,71,265,44,80,46,55,1.79,24
26,2018-01-27,良,97,293,52,116,33,41,1.51,37
27,2018-01-28,良,57,142,13,64,21,24,0.92,64
28,2018-01-29,良,65,157,30,76,31,37,1.33,41
29,2018-01-30,良,84,175,57,109,42,54,1.85,26
30,2018-01-31,良,98,250,51,145,44,52,1.54,25
0,2017-12-01,良,90,279,57,126,45,61,2.18,19
1,2017-12-02,轻度污染,107,260,77,148,52,66,2.21,20
2,2017-12-03,优,33,8,8,30,20,27,0.73,51
3,2017-12-04,良,51,104,22,57,26,38,1.07,33
4,2017-12-05,良,73,195,43,93,36,47,1.45,28
5,2017-12-06,良,87,167,59,114,41,57,1.86,22
6,2017-12-07,优,37,13,9,36,17,25,0.75,48
7,2017-12-08,良,90,276,61,110,41,54,1.79,17
8,2017-12-09,轻度污染,104,300,75,143,47,62,2.17,18
9,2017-12-10,良,55,55,17,61,22,32,1.09,56
10,2017-12-11,良,66,125,36,81,33,49,1.51,31
11,2017-12-12,良,73,185,43,94,42,65,1.9,22
12,2017-12-13,良,79,196,49,99,42,61,1.88,24
13,2017-12-14,轻度污染,129,310,92,157,45,56,2.27,14
14,2017-12-15,优,39,77,8,39,14,16,0.62,57
15,2017-12-16,良,51,132,18,55,19,25,0.92,51
16,2017-12-17,良,90,304,61,114,46,54,1.83,16
17,2017-12-18,良,78,238,39,101,30,37,1.37,37
18,2017-12-19,良,84,253,57,108,42,52,1.83,18
19,2017-12-20,良,77,189,48,95,35,46,1.57,27
20,2017-12-21,轻度污染,112,293,82,145,53,70,2.64,12
21,2017-12-22,轻度污染,132,274,98,167,57,72,2.76,15
22,2017-12-23,轻度污染,128,212,95,166,46,63,2.24,17
23,2017-12-24,优,48,27,18,49,21,29,0.89,60
24,2017-12-25,轻度污染,105,284,74,137,55,70,2.28,14
25,2017-12-26,轻度污染,116,250,86,151,49,66,2.34,17
26,2017-12-27,轻度污染,126,247,93,176,63,80,2.83,15
27,2017-12-28,中度污染,157,265,119,217,73,90,3.73,13
28,2017-12-29,中度污染,174,250,119,276,51,69,2.55,13
29,2017-12-30,良,96,155,45,139,30,44,1.44,29
30,2017-12-31,良,83,111,49,108,47,56,1.8,20
0,2017-11-01,轻度污染,131,332,94,175,36,77,1.97,20
1,2017-11-02,良,61,67,29,71,16,30,0.88,55
2,2017-11-03,优,50,64,21,55,24,49,1.1,36
3,2017-11-04,良,87,273,55,117,34,72,1.65,24
4,2017-11-05,轻度污染,147,345,111,206,45,86,2.36,28
5,2017-11-06,中度污染,197,353,147,243,37,80,2.17,25
6,2017-11-07,中度污染,155,316,65,250,30,54,1.27,32
7,2017-11-08,良,91,194,47,128,36,68,1.7,19
8,2017-11-09,轻度污染,118,299,66,177,37,60,1.79,24
9,2017-11-10,优,50,70,17,56,20,27,0.87,50
10,2017-11-11,良,91,333,60,125,40,59,1.79,17
11,2017-11-12,轻度污染,131,362,77,204,41,57,2.07,27
12,2017-11-13,良,66,182,13,83,15,22,0.85,55
13,2017-11-14,良,52,143,19,59,29,36,1.18,43
14,2017-11-15,良,70,213,38,87,35,55,1.67,26
15,2017-11-16,轻度污染,108,293,73,153,47,65,2.12,21
16,2017-11-17,优,35,42,8,33,12,19,0.63,57
17,2017-11-18,轻度污染,111,363,79,111,39,53,1.47,31
18,2017-11-19,中度污染,193,366,149,215,57,76,2.39,18
19,2017-11-20,中度污染,158,353,120,189,52,71,2.63,17
20,2017-11-21,轻度污染,113,310,73,141,37,54,1.98,31
21,2017-11-22,优,46,101,13,50,15,26,0.84,49
22,2017-11-23,良,56,163,17,66,22,33,1.1,35
23,2017-11-24,良,80,271,51,105,44,59,1.97,10
24,2017-11-25,良,89,263,54,121,39,49,1.68,31
25,2017-11-26,良,62,147,34,68,32,51,1.49,38
26,2017-11-27,轻度污染,109,288,72,159,47,69,2.3,19
27,2017-11-28,良,69,99,29,91,22,37,1.13,42
28,2017-11-29,良,73,183,32,95,32,51,1.43,26
29,2017-11-30,良,59,217,31,70,30,43,1.28,35
0,2017-10-01,良,63,264,15,74,9,25,0.65,68
1,2017-10-02,优,35,90,6,32,9,19,0.58,55
2,2017-10-03,良,55,320,20,63,12,43,0.71,41
3,2017-10-05,优,50,251,30,54,11,25,0.99,64
4,2017-10-06,良,78,336,56,89,13,39,1.12,50
5,2017-10-07,轻度污染,104,345,73,132,17,61,1.36,46
6,2017-10-08,良,84,294,45,96,11,34,0.88,40
7,2017-10-09,优,40,140,4,29,8,14,0.61,61
8,2017-10-10,优,30,112,11,22,9,20,0.69,45
9,2017-10-11,优,36,165,10,27,10,21,0.59,56
10,2017-10-12,优,49,244,27,51,12,40,0.84,36
11,2017-10-13,良,73,300,46,91,16,55,1.03,37
12,2017-10-14,轻度污染,117,343,77,134,22,67,1.26,47
13,2017-10-15,良,80,300,49,95,18,54,0.92,52
14,2017-10-16,轻度污染,139,350,93,158,26,71,1.37,43
15,2017-10-17,轻度污染,144,357,109,160,22,68,1.2,18
16,2017-10-18,优,49,202,33,46,14,33,0.89,40
17,2017-10-19,良,96,302,71,102,20,48,1.29,41
18,2017-10-20,轻度污染,124,326,93,149,24,70,1.65,31
19,2017-10-21,轻度污染,133,340,97,169,26,74,1.73,15
20,2017-10-22,良,93,285,60,116,22,49,1.33,29
21,2017-10-23,良,72,227,38,86,22,58,1.12,41
22,2017-10-24,中度污染,152,364,114,183,33,80,1.7,41
23,2017-10-25,轻度污染,149,356,113,169,25,73,1.77,18
24,2017-10-26,轻度污染,107,280,79,109,16,46,1.57,28
25,2017-10-27,轻度污染,105,258,73,142,24,57,1.54,32
26,2017-10-28,优,43,14,7,42,10,16,0.58,64
27,2017-10-29,良,63,143,35,70,27,44,1.06,36
28,2017-10-30,轻度污染,117,354,87,152,36,69,1.63,26
29,2017-10-31,中度污染,157,355,119,210,41,83,1.99,27
0,2017-09-01,良,69,294,27,80,15,47,0.97,74
1,2017-09-02,良,80,324,45,96,19,51,1.07,75
2,2017-09-03,良,78,320,41,89,14,45,0.99,71
3,2017-09-04,良,58,257,30,54,14,45,0.96,66
4,2017-09-05,优,40,121,10,34,13,34,0.68,66
5,2017-09-06,良,60,281,21,72,17,56,0.91,56
6,2017-09-07,良,79,316,32,105,19,60,1.02,57
7,2017-09-08,良,95,340,38,139,20,85,1.1,14
8,2017-09-09,良,83,300,25,81,14,27,0.84,130
9,2017-09-10,优,50,188,21,45,13,28,0.81,76
10,2017-09-11,优,42,131,9,41,11,35,0.76,55
11,2017-09-12,良,73,275,24,90,14,55,0.8,66
12,2017-09-13,轻度污染,101,347,51,140,21,66,1.14,82
13,2017-09-14,良,80,304,52,105,18,37,0.99,99
14,2017-09-15,良,74,258,52,79,12,28,0.92,105
15,2017-09-16,良,61,184,27,56,9,24,0.66,71
16,2017-09-17,良,52,124,13,57,13,44,0.76,53
17,2017-09-18,良,68,166,28,83,13,43,0.88,56
18,2017-09-19,优,48,106,8,42,10,37,0.69,60
19,2017-09-20,良,67,258,19,82,17,51,0.9,62
20,2017-09-21,中度污染,169,363,41,223,18,42,0.84,76
21,2017-09-22,良,87,313,20,120,13,27,0.74,65
22,2017-09-23,轻度污染,102,333,41,151,20,53,0.98,61
23,2017-09-24,良,75,292,26,95,17,45,0.87,73
24,2017-09-25,良,72,293,35,83,15,49,0.97,81
25,2017-09-26,优,44,142,16,44,10,27,0.7,63
26,2017-09-27,良,52,232,15,57,10,31,0.63,44
27,2017-09-28,良,52,225,16,56,14,39,0.72,41
28,2017-09-29,良,79,303,36,105,21,61,0.96,37
29,2017-09-30,良,87,326,46,121,21,62,1.08,60
0,2017-08-01,良,91,334,38,98,16,37,0.83,116
1,2017-08-02,良,71,337,32,51,9,23,0.83,117
2,2017-08-03,良,58,246,16,38,9,25,0.7,103
3,2017-08-04,良,71,271,21,51,10,33,0.82,100
4,2017-08-05,良,78,290,14,37,11,23,0.71,128
5,2017-08-06,良,55,177,9,32,8,24,0.69,88
6,2017-08-07,优,45,110,13,40,10,31,0.83,68
7,2017-08-08,优,46,151,27,42,10,32,0.85,58
8,2017-08-09,良,56,232,30,52,11,30,0.89,73
9,2017-08-10,良,81,298,41,111,15,37,0.89,86
10,2017-08-11,良,78,283,25,95,14,39,0.75,87
11,2017-08-12,良,60,256,13,57,14,35,0.68,81
12,2017-08-13,良,78,348,29,74,16,31,0.83,114
13,2017-08-14,良,75,336,29,79,14,41,0.83,87
14,2017-08-15,良,71,293,17,68,12,39,0.72,86
15,2017-08-16,良,53,202,6,39,8,30,0.58,81
16,2017-08-17,良,62,263,13,56,11,36,0.74,93
17,2017-08-18,良,76,334,32,67,11,31,0.87,112
18,2017-08-19,良,74,335,42,77,12,38,1.02,104
19,2017-08-20,良,86,354,61,112,15,43,1.12,76
20,2017-08-21,良,74,294,41,93,14,39,1.04,74
21,2017-08-22,良,61,237,21,70,10,48,0.92,52
22,2017-08-23,良,52,214,18,51,11,28,0.79,86
23,2017-08-24,优,49,236,12,47,9,28,0.68,60
24,2017-08-25,良,52,234,10,53,10,34,0.7,49
25,2017-08-26,良,55,263,13,58,13,38,0.86,61
26,2017-08-27,优,41,127,19,34,8,28,0.93,60
27,2017-08-28,优,40,159,12,33,8,25,0.76,53
28,2017-08-29,良,58,326,19,61,13,34,0.87,67
29,2017-08-30,良,67,346,40,76,13,31,1.02,73
30,2017-08-31,良,71,332,32,86,12,48,1.0,64
0,2017-07-01,轻度污染,109,330,47,108,13,41,0.84,131
1,2017-07-02,轻度污染,111,329,53,113,12,42,0.84,138
2,2017-07-03,良,98,321,46,117,12,33,0.82,133
3,2017-07-04,良,79,290,30,59,11,26,0.7,131
4,2017-07-05,轻度污染,102,350,40,103,12,41,0.79,119
5,2017-07-06,良,69,296,19,34,7,25,0.77,109
6,2017-07-07,良,70,302,19,67,13,39,0.71,88
7,2017-07-08,良,67,268,14,56,12,35,0.65,98
8,2017-07-09,良,65,282,13,64,14,35,0.64,84
9,2017-07-10,良,69,261,17,75,15,45,0.97,78
10,2017-07-11,良,88,283,26,94,14,48,0.92,109
11,2017-07-12,轻度污染,115,353,39,131,17,58,0.92,128
12,2017-07-13,轻度污染,116,355,42,140,17,51,0.89,125
13,2017-07-14,良,76,304,17,53,10,26,0.65,129
14,2017-07-15,良,88,352,25,72,11,34,0.83,126
15,2017-07-16,良,87,348,28,77,13,33,0.86,120
16,2017-07-17,良,91,353,31,97,13,41,0.78,113
17,2017-07-18,良,91,352,40,110,15,44,0.82,103
18,2017-07-19,轻度污染,106,361,51,140,16,50,0.97,102
19,2017-07-20,良,89,336,35,122,10,40,0.74,76
20,2017-07-21,良,60,257,16,58,9,21,0.69,92
21,2017-07-22,优,45,112,11,35,8,22,0.7,81
22,2017-07-23,良,52,145,13,41,8,29,0.75,78
23,2017-07-24,优,48,119,8,31,8,29,0.61,90
24,2017-07-25,优,48,117,17,44,9,32,0.76,69
25,2017-07-26,良,53,129,22,47,9,29,0.8,81
26,2017-07-27,良,63,209,16,72,10,46,0.78,64
27,2017-07-28,良,67,244,18,64,13,31,0.86,85
28,2017-07-29,良,68,269,30,75,16,31,0.92,90
29,2017-07-30,良,78,277,31,83,13,44,0.87,86
30,2017-07-31,良,90,316,32,95,14,47,0.88,100
0,2017-06-01,良,69,214,17,75,12,33,0.55,92
1,2017-06-02,重度污染,219,360,64,353,7,12,0.55,97
2,2017-06-03,良,57,176,12,48,8,19,0.54,88
3,2017-06-04,良,78,313,24,75,12,31,0.69,105
4,2017-06-05,良,75,338,39,76,12,25,0.75,110
5,2017-06-06,良,52,209,32,41,9,29,0.81,74
6,2017-06-07,优,49,99,21,48,13,40,0.7,67
7,2017-06-08,良,71,232,19,74,14,46,0.69,79
8,2017-06-09,良,77,258,21,79,17,46,0.72,98
9,2017-06-10,轻度污染,102,346,38,138,15,47,0.71,88
10,2017-06-11,良,75,287,23,65,12,34,0.65,114
11,2017-06-12,良,88,323,28,91,14,33,0.69,122
12,2017-06-13,良,74,279,15,43,9,23,0.63,128
13,2017-06-14,良,83,278,25,65,11,35,0.8,131
14,2017-06-15,良,100,287,29,95,14,46,0.77,133
15,2017-06-16,良,88,250,29,104,19,44,0.79,106
16,2017-06-17,良,82,221,27,66,13,33,0.79,136
17,2017-06-18,良,58,152,19,62,10,45,0.75,73
18,2017-06-19,良,57,194,18,52,10,38,0.67,67
19,2017-06-20,良,66,245,17,67,12,38,0.66,81
20,2017-06-21,良,89,315,25,98,16,35,0.69,111
21,2017-06-22,良,73,306,19,33,9,25,0.77,119
22,2017-06-23,优,48,151,18,38,9,34,0.75,84
23,2017-06-24,优,50,174,11,33,10,38,0.76,82
24,2017-06-25,良,66,249,27,73,15,50,0.82,68
25,2017-06-26,良,77,258,22,77,16,46,0.77,85
26,2017-06-27,良,90,280,32,110,21,57,0.85,88
27,2017-06-28,良,93,295,27,98,14,44,0.72,117
28,2017-06-29,良,89,288,28,91,12,40,0.73,119
29,2017-06-30,轻度污染,108,331,38,104,15,43,0.88,129
0,2017-05-01,良,98,289,42,139,17,60,1.01,71
1,2017-05-02,良,95,294,53,125,21,57,1.11,98
2,2017-05-03,轻度污染,136,337,67,305,13,18,0.67,111
3,2017-05-04,严重污染,484,364,309,1477,9,21,0.58,90
4,2017-05-05,中度污染,169,269,53,264,9,15,0.55,96
5,2017-05-06,良,91,190,34,124,16,34,0.69,73
6,2017-05-07,良,75,152,27,90,15,52,0.79,73
7,2017-05-08,良,91,285,41,126,18,58,0.81,75
8,2017-05-09,轻度污染,109,350,41,167,16,48,0.73,70
9,2017-05-10,良,65,144,24,77,12,38,0.66,64
10,2017-05-11,轻度污染,107,315,21,143,9,28,0.61,76
11,2017-05-12,良,83,267,23,114,15,36,0.66,62
12,2017-05-13,良,52,79,11,43,8,16,0.54,92
13,2017-05-14,良,54,90,10,42,9,30,0.58,74
14,2017-05-15,良,58,181,14,59,11,37,0.62,68
15,2017-05-16,良,68,238,26,83,14,47,0.73,62
16,2017-05-17,良,74,192,23,83,15,48,0.66,72
17,2017-05-18,良,95,258,30,119,16,54,0.7,96
18,2017-05-19,轻度污染,122,327,50,185,16,42,0.73,110
19,2017-05-20,良,98,291,37,118,14,54,0.81,97
20,2017-05-20,良,98,291,37,118,14,54,0.81,97
21,2017-05-21,轻度污染,125,344,44,173,13,43,0.77,86
22,2017-05-22,优,37,61,8,24,8,15,0.54,78
23,2017-05-23,良,58,242,14,48,13,31,0.62,96
24,2017-05-24,良,62,235,17,70,15,45,0.65,60
25,2017-05-25,良,65,197,15,62,12,44,0.62,79
26,2017-05-26,良,80,242,25,89,16,56,0.7,86
27,2017-05-27,良,92,234,38,131,19,59,0.74,77
28,2017-05-28,良,80,144,27,108,11,29,0.61,81
29,2017-05-29,良,65,97,20,78,12,25,0.66,101
30,2017-05-30,良,74,192,29,64,11,21,0.7,125
31,2017-05-31,良,71,177,22,75,15,31,0.58,91
0,2017-04-01,良,77,223,41,101,46,55,1.45,52
1,2017-04-02,良,79,201,44,103,41,65,1.47,58
2,2017-04-03,良,86,227,49,118,43,68,1.4,69
3,2017-04-04,良,96,288,65,121,42,55,1.25,62
4,2017-04-05,良,98,280,71,108,35,53,1.35,72
5,2017-04-06,良,72,168,28,89,23,37,0.86,90
6,2017-04-07,良,76,212,37,100,32,55,1.08,69
7,2017-04-08,良,64,185,10,70,16,22,0.65,89
8,2017-04-09,优,44,112,14,41,20,35,0.92,58
9,2017-04-10,良,65,252,41,70,20,29,1.08,60
10,2017-04-11,良,52,142,10,51,16,24,0.68,89
11,2017-04-12,良,73,242,31,94,25,55,0.99,55
12,2017-04-13,良,88,295,36,124,25,56,1.06,50
13,2017-04-14,良,76,217,28,100,25,51,1.02,60
14,2017-04-15,良,77,161,31,102,24,57,1.09,60
15,2017-04-16,轻度污染,120,332,43,186,21,46,1.07,59
16,2017-04-17,中度污染,155,338,47,231,16,33,0.85,63
17,2017-04-18,良,59,114,14,64,12,24,0.66,97
18,2017-04-19,良,87,257,16,104,10,19,0.59,91
19,2017-04-20,良,54,114,12,51,10,30,0.67,66
20,2017-04-21,优,48,101,14,42,12,28,0.73,81
21,2017-04-22,良,81,302,27,110,15,43,0.83,68
22,2017-04-23,良,51,59,9,46,10,29,0.62,84
23,2017-04-23,良,51,59,9,46,10,29,0.62,84
24,2017-04-24,良,53,83,6,36,8,16,0.6,101
25,2017-04-25,优,43,65,5,25,8,18,0.57,86
26,2017-04-26,良,53,170,9,44,9,35,0.61,73
27,2017-04-27,良,65,235,18,70,14,44,0.73,67
28,2017-04-28,良,67,182,22,81,15,40,0.76,58
29,2017-04-29,良,87,259,31,121,18,46,0.89,67
30,2017-04-30,良,77,159,27,97,13,53,0.87,68
0,2017-03-01,优,49,49,16,38,28,27,1.04,79
1,2017-03-02,良,69,187,44,77,63,61,1.85,36
2,2017-03-03,良,88,258,61,110,65,67,2.26,34
3,2017-03-04,良,67,87,40,73,48,46,1.8,46
4,2017-03-05,优,43,28,8,30,24,21,0.8,77
5,2017-03-06,优,41,38,14,32,30,28,1.04,60
6,2017-03-07,优,37,27,8,21,22,20,0.87,70
7,2017-03-08,优,47,62,23,48,41,37,1.24,52
8,2017-03-09,良,70,167,46,82,51,51,1.66,43
9,2017-03-10,良,83,224,58,101,62,63,1.9,43
10,2017-03-11,良,67,154,36,76,42,43,1.45,55
11,2017-03-12,优,40,38,9,24,29,25,0.86,78
12,2017-03-13,优,41,76,15,37,36,37,1.04,61
13,2017-03-14,良,59,219,26,68,42,49,1.4,54
14,2017-03-15,良,88,307,57,118,66,64,1.55,54
15,2017-03-16,轻度污染,119,342,89,153,66,62,1.81,57
16,2017-03-17,良,78,217,51,83,41,46,1.29,59
17,2017-03-18,良,78,194,47,103,43,55,1.65,50
18,2017-03-19,轻度污染,123,313,87,163,62,68,1.74,64
19,2017-03-20,中度污染,153,361,114,157,42,44,1.38,76
20,2017-03-21,良,95,290,62,93,43,54,1.36,51
21,2017-03-22,中度污染,152,350,114,151,48,64,1.86,53
22,2017-03-23,良,89,299,64,80,27,37,1.36,67
23,2017-03-24,良,61,166,28,70,24,21,0.74,86
24,2017-03-25,优,42,69,11,24,27,19,0.66,85
25,2017-03-26,优,47,52,12,32,29,26,0.73,84
26,2017-03-27,优,50,33,18,51,36,41,1.13,63
27,2017-03-28,良,55,45,24,58,32,31,0.91,84
28,2017-03-29,良,67,114,28,78,39,51,1.38,58
29,2017-03-30,优,48,58,6,34,22,18,0.75,85
30,2017-03-31,优,48,89,14,47,34,41,1.05,65
0,2017-02-01,良,53,123,30,54,60,36,1.53,51
1,2017-02-02,轻度污染,105,257,77,115,85,56,2.7,35
2,2017-02-03,中度污染,176,313,134,188,85,65,3.24,25
3,2017-02-04,轻度污染,141,283,105,154,57,43,2.65,42
4,2017-02-05,良,61,118,40,67,59,41,1.69,45
5,2017-02-06,良,54,121,28,59,55,42,1.73,42
6,2017-02-07,良,92,302,62,91,44,39,1.77,36
7,2017-02-08,优,42,82,7,14,19,15,0.82,81
8,2017-02-09,良,51,127,28,45,34,28,1.19,61
9,2017-02-10,良,58,130,35,54,44,40,1.46,49
10,2017-02-11,轻度污染,129,335,100,131,68,60,2.37,29
11,2017-02-12,轻度污染,123,277,92,128,70,67,2.67,27
12,2017-02-13,良,99,205,71,118,64,68,2.6,27
13,2017-02-14,轻度污染,101,183,74,122,72,71,2.9,28
14,2017-02-15,中度污染,158,290,120,175,82,77,2.82,35
15,2017-02-16,良,60,56,14,65,24,19,0.77,81
16,2017-02-17,良,54,82,26,54,45,38,1.21,58
17,2017-02-18,轻度污染,109,247,77,135,70,63,2.35,32
18,2017-02-19,良,82,136,41,92,38,35,1.63,66
19,2017-02-20,优,41,25,11,31,30,28,0.95,72
20,2017-02-21,良,64,211,41,63,38,40,1.37,51
21,2017-02-22,优,48,86,17,34,28,23,0.99,80
22,2017-02-23,良,71,222,51,69,47,54,1.8,53
23,2017-02-24,轻度污染,127,354,95,119,53,70,2.18,51
24,2017-02-25,轻度污染,131,335,98,129,52,69,2.32,45
25,2017-02-26,轻度污染,125,328,94,120,58,75,2.42,45
26,2017-02-27,中度污染,172,360,131,172,62,78,2.61,41
27,2017-02-28,良,74,136,50,72,44,47,1.71,49
0,2017-01-01,轻度污染,144,194,107,161,75,72,3.62,14
1,2017-01-02,轻度污染,120,150,90,139,85,74,3.02,18
2,2017-01-03,中度污染,164,205,124,176,84,76,3.54,16
3,2017-01-04,轻度污染,125,160,94,155,94,88,3.75,15
4,2017-01-05,轻度污染,134,237,100,156,104,89,3.65,13
5,2017-01-06,轻度污染,115,255,84,112,59,53,2.35,24
6,2017-01-07,优,41,81,21,30,44,32,1.15,55
7,2017-01-08,良,93,224,67,89,44,48,2.1,33
8,2017-01-09,良,69,161,44,62,42,45,1.58,41
9,2017-01-10,良,73,183,48,67,49,47,1.8,38
10,2017-01-11,轻度污染,120,296,90,120,60,68,2.94,17
11,2017-01-12,轻度污染,135,311,102,146,59,66,2.87,19
12,2017-01-13,良,74,197,52,82,52,53,1.83,37
13,2017-01-14,良,76,211,54,82,70,73,2.53,24
14,2017-01-15,轻度污染,119,315,88,133,88,76,3.41,16
15,2017-01-16,轻度污染,142,304,106,153,66,65,3.12,23
16,2017-01-17,良,96,208,64,113,50,55,2.5,29
17,2017-01-18,良,76,143,50,92,67,64,2.4,27
18,2017-01-19,优,49,70,11,46,30,20,1.1,76
19,2017-01-20,良,72,203,48,79,50,54,2.13,35
20,2017-01-21,优,47,27,22,43,40,33,1.34,64
21,2017-01-22,良,73,157,51,81,63,62,2.32,28
22,2017-01-23,良,99,234,73,117,83,76,3.04,24
23,2017-01-24,良,92,198,66,106,78,76,3.21,28
24,2017-01-25,轻度污染,131,241,98,146,90,79,3.55,29
25,2017-01-26,轻度污染,101,159,45,121,42,31,1.63,63
26,2017-01-27,良,86,153,61,91,62,48,2.13,37
27,2017-01-28,严重污染,276,334,241,545,146,57,3.44,43
28,2017-01-29,良,53,73,11,53,23,13,1.23,72
29,2017-01-30,优,42,61,26,41,48,35,1.87,47
30,2017-01-31,良,69,192,46,72,65,41,1.9,38
0,2016-12-01,良,74,139,52,84,56,69,1.89,30
1,2016-12-02,轻度污染,104,210,77,123,76,87,2.95,18
2,2016-12-03,轻度污染,150,284,113,191,81,83,3.54,14
3,2016-12-04,轻度污染,139,279,103,190,72,70,2.8,19
4,2016-12-05,优,48,41,19,51,31,27,0.99,59
5,2016-12-06,良,95,216,67,121,75,65,2.35,19
6,2016-12-07,良,78,96,51,94,51,48,1.7,39
7,2016-12-08,良,61,42,33,62,43,38,1.39,51
8,2016-12-09,良,67,80,43,80,73,63,2.06,23
9,2016-12-10,良,85,160,60,104,73,69,2.56,22
10,2016-12-11,轻度污染,142,294,108,173,116,85,3.44,9
11,2016-12-12,轻度污染,109,214,75,112,60,44,2.0,38
12,2016-12-13,优,33,9,16,31,35,32,1.2,49
13,2016-12-14,良,59,166,39,69,57,52,1.68,33
14,2016-12-15,良,55,104,27,57,44,39,1.46,49
15,2016-12-16,良,99,201,73,118,81,77,2.69,15
16,2016-12-17,轻度污染,141,272,107,174,81,86,3.57,13
17,2016-12-18,中度污染,166,260,127,191,94,92,3.66,15
18,2016-12-19,中度污染,163,224,123,191,92,93,3.65,18
19,2016-12-20,轻度污染,101,155,74,130,84,79,2.94,20
20,2016-12-21,良,86,183,61,85,27,41,1.6,33
21,2016-12-22,优,50,79,26,41,33,35,1.4,52
22,2016-12-23,良,97,227,71,103,56,62,2.25,20
23,2016-12-24,轻度污染,111,276,83,127,72,71,2.79,20
24,2016-12-25,良,85,238,60,96,69,53,2.19,26
25,2016-12-26,优,41,96,18,34,36,28,1.07,60
26,2016-12-27,优,50,127,29,47,35,35,1.37,44
27,2016-12-28,优,44,32,21,40,36,33,1.1,51
28,2016-12-29,良,65,130,43,69,54,63,1.96,19
29,2016-12-30,轻度污染,106,198,78,126,77,71,3.03,16
30,2016-12-31,轻度污染,140,220,105,156,82,74,3.17,15
0,2016-11-01,中度污染,180,361,137,196,48,84,1.56,21
1,2016-11-02,中度污染,160,354,121,195,38,68,2.22,20
2,2016-11-03,轻度污染,137,329,103,191,59,80,2.52,18
3,2016-11-04,中度污染,158,327,119,228,65,88,3.11,19
4,2016-11-05,中度污染,154,302,116,218,62,85,2.7,20
5,2016-11-06,轻度污染,104,184,70,153,47,64,1.89,14
6,2016-11-07,优,31,19,8,24,17,21,0.57,51
7,2016-11-08,良,80,282,50,102,46,57,1.66,19
8,2016-11-09,轻度污染,107,325,79,145,53,61,2.11,11
9,2016-11-10,良,88,276,31,124,31,41,1.01,44
10,2016-11-11,良,99,296,43,146,57,48,1.29,29
11,2016-11-12,良,93,254,57,130,49,54,1.85,25
12,2016-11-13,轻度污染,120,275,81,184,64,59,1.99,24
13,2016-11-14,良,91,192,33,129,40,41,0.95,50
14,2016-11-15,轻度污染,127,305,89,200,85,85,2.32,22
15,2016-11-16,中度污染,163,331,123,238,73,85,3.04,17
16,2016-11-17,中度污染,166,322,126,224,73,82,3.11,20
17,2016-11-18,中度污染,173,316,131,220,50,70,2.5,12
18,2016-11-19,良,81,184,36,110,35,37,1.1,40
19,2016-11-20,良,70,206,23,88,42,41,1.02,35
20,2016-11-21,优,44,118,9,43,21,14,0.68,75
21,2016-11-22,优,42,207,14,36,39,30,0.93,59
22,2016-11-23,良,67,278,44,82,44,54,1.68,24
23,2016-11-24,良,85,249,59,110,69,64,2.04,20
24,2016-11-25,轻度污染,130,309,97,187,94,78,2.77,13
25,2016-11-26,重度污染,211,355,79,320,60,57,1.91,32
26,2016-11-27,良,86,176,49,119,51,58,1.77,36
27,2016-11-28,轻度污染,116,281,84,157,77,81,2.87,17
28,2016-11-29,轻度污染,132,300,97,169,66,84,2.85,9
29,2016-11-30,良,83,188,48,112,43,55,1.4,37
0,2016-10-01,良,77,272,47,101,11,62,0.97,47
1,2016-10-02,良,84,294,39,117,14,69,0.95,44
2,2016-10-03,良,78,276,28,104,11,58,0.75,48
3,2016-10-04,良,55,161,20,63,10,35,0.6,54
4,2016-10-05,良,71,252,24,89,12,40,0.68,34
5,2016-10-06,良,68,232,29,85,12,53,0.83,26
6,2016-10-07,优,40,79,19,33,6,21,0.6,51
7,2016-10-08,优,37,103,13,36,9,31,0.6,41
8,2016-10-09,良,58,231,22,68,14,49,0.86,39
9,2016-10-10,良,62,230,31,71,10,34,0.78,52
10,2016-10-11,良,56,190,18,67,13,44,0.75,47
11,2016-10-12,良,82,281,38,111,17,64,1.02,39
12,2016-10-13,良,88,288,54,125,17,70,1.24,34
13,2016-10-14,良,90,303,49,127,18,71,1.25,39
14,2016-10-15,良,97,330,62,130,22,77,1.3,15
15,2016-10-16,良,78,284,47,86,19,45,1.08,31
16,2016-10-17,良,89,305,40,126,31,71,1.29,27
17,2016-10-18,轻度污染,104,306,60,155,34,73,1.53,46
18,2016-10-19,良,99,270,63,146,31,77,1.48,47
19,2016-10-20,良,100,310,65,124,24,62,1.36,46
20,2016-10-21,优,33,87,19,28,13,36,0.95,36
21,2016-10-22,优,33,89,13,25,19,35,0.85,47
22,2016-10-23,良,62,307,34,72,21,48,1.15,30
23,2016-10-24,良,99,350,71,135,30,65,1.72,8
24,2016-10-25,良,85,307,56,109,24,46,1.23,29
25,2016-10-26,良,69,282,31,86,29,56,1.11,32
26,2016-10-27,优,44,156,23,46,19,38,0.8,43
27,2016-10-28,优,45,196,18,45,17,34,0.8,38
28,2016-10-29,良,64,301,31,76,30,46,1.01,23
29,2016-10-30,良,51,179,24,57,16,29,0.87,43
30,2016-10-31,良,83,344,51,97,33,47,0.88,47
0,2016-09-01,优,38,90,6,31,6,25,0.56,62
1,2016-09-02,良,55,167,13,57,11,39,0.74,58
2,2016-09-03,优,49,90,12,42,8,34,0.67,65
3,2016-09-04,优,42,51,14,38,8,41,0.69,52
4,2016-09-05,优,46,84,13,46,13,37,0.63,41
5,2016-09-06,优,50,143,12,49,12,41,0.77,41
6,2016-09-07,优,40,66,22,39,8,41,0.71,44
7,2016-09-08,优,46,94,17,43,10,40,0.72,40
8,2016-09-09,良,55,159,16,63,13,49,0.83,27
9,2016-09-10,优,42,117,14,39,9,40,0.75,51
10,2016-09-11,优,45,118,19,47,8,42,0.84,29
11,2016-09-12,优,47,110,14,46,12,37,0.83,42
12,2016-09-13,良,53,126,20,56,10,45,0.82,45
13,2016-09-14,良,59,168,28,65,13,61,0.83,45
14,2016-09-15,良,67,245,31,70,13,47,0.79,63
15,2016-09-16,良,63,247,30,68,11,47,0.75,68
16,2016-09-17,良,67,278,29,81,11,55,0.81,31
17,2016-09-18,良,71,302,39,92,9,52,0.82,18
18,2016-09-19,优,44,84,10,45,9,41,0.68,45
19,2016-09-20,良,63,242,22,75,13,54,0.75,34
20,2016-09-21,优,49,68,33,52,8,46,0.76,55
21,2016-09-22,优,40,23,22,34,5,40,0.65,63
22,2016-09-23,优,45,43,23,45,8,45,0.77,54
23,2016-09-24,优,48,58,19,48,10,52,0.86,51
24,2016-09-25,良,63,165,22,73,10,50,0.78,52
25,2016-09-26,良,63,175,33,72,8,37,0.73,62
26,2016-09-27,优,35,43,17,29,5,15,0.54,61
27,2016-09-28,优,47,197,17,50,11,42,0.62,39
28,2016-09-29,良,94,358,56,133,16,69,1.11,44
29,2016-09-30,轻度污染,111,344,82,155,13,71,1.28,47
0,2016-08-01,良,70,300,28,73,5,37,1.02,80
1,2016-08-02,良,62,287,13,39,6,25,0.69,106
2,2016-08-03,良,67,300,12,45,8,30,0.71,106
3,2016-08-04,良,74,320,16,58,9,34,0.77,106
4,2016-08-05,良,78,324,27,74,9,41,0.77,108
5,2016-08-06,良,78,328,35,78,10,31,0.95,102
6,2016-08-07,良,51,237,9,33,6,19,0.62,93
7,2016-08-08,良,62,303,27,60,8,30,0.83,101
8,2016-08-09,良,74,324,28,72,12,32,0.75,104
9,2016-08-10,良,64,295,31,70,9,22,0.88,98
10,2016-08-11,良,72,312,30,76,8,28,0.82,91
11,2016-08-12,优,38,84,11,27,6,29,0.64,64
12,2016-08-13,优,37,94,9,30,6,39,0.7,55
13,2016-08-14,优,47,174,9,44,7,36,0.7,52
14,2016-08-15,优,45,161,11,33,7,28,0.67,68
15,2016-08-16,良,54,201,11,38,7,31,0.75,83
16,2016-08-17,优,48,118,18,42,7,33,0.79,61
17,2016-08-18,优,34,63,9,18,5,18,0.74,65
18,2016-08-19,优,46,163,10,34,7,29,0.66,75
19,2016-08-20,良,54,201,13,49,8,39,0.74,65
20,2016-08-21,良,53,145,11,45,7,29,0.6,70
21,2016-08-22,良,57,168,20,55,8,27,0.78,84
22,2016-08-23,良,64,211,43,61,7,23,1.02,64
23,2016-08-24,良,51,85,22,40,6,22,0.76,70
24,2016-08-25,优,38,61,5,13,6,10,0.46,73
25,2016-08-26,优,38,69,6,29,6,28,0.54,66
26,2016-08-27,优,50,170,12,48,8,39,0.61,44
27,2016-08-28,良,51,140,11,53,9,43,0.64,47
28,2016-08-29,良,58,150,14,65,9,50,0.77,48
29,2016-08-30,良,59,164,19,56,10,34,0.78,83
30,2016-08-31,良,51,110,14,46,6,29,0.73,64
0,2016-07-01,优,44,192,7,24,6,24,0.66,78
1,2016-07-02,良,58,231,11,44,8,36,0.51,78
2,2016-07-03,良,82,305,23,79,9,48,0.71,102
3,2016-07-04,良,88,319,33,87,15,37,0.74,121
4,2016-07-05,良,91,327,47,97,9,37,0.84,106
5,2016-07-06,良,80,292,47,102,12,41,0.84,77
6,2016-07-07,轻度污染,109,348,63,112,13,28,0.93,159
7,2016-07-08,轻度污染,104,349,61,117,11,29,0.95,140
8,2016-07-09,良,75,310,32,73,8,26,0.79,104
9,2016-07-10,良,62,263,18,54,10,23,0.77,100
10,2016-07-11,优,47,157,22,47,6,28,0.84,56
11,2016-07-12,优,47,155,7,19,4,20,0.56,89
12,2016-07-13,良,60,261,13,47,7,38,0.69,81
13,2016-07-14,良,55,228,15,28,4,20,0.65,106
14,2016-07-15,良,59,292,19,33,6,26,0.67,105
15,2016-07-16,优,48,160,23,36,8,26,0.73,81
16,2016-07-17,良,52,164,8,27,5,28,0.65,95
17,2016-07-18,良,71,266,22,64,7,38,0.78,88
18,2016-07-19,良,53,208,12,25,4,23,0.8,100
19,2016-07-20,良,58,272,9,28,4,18,0.79,102
20,2016-07-21,优,39,113,8,35,6,28,0.72,67
21,2016-07-22,良,69,302,21,74,8,32,0.78,87
22,2016-07-23,良,86,330,31,101,8,37,0.82,106
23,2016-07-24,优,36,57,5,27,5,24,0.6,61
24,2016-07-25,优,47,113,5,14,5,21,0.63,90
25,2016-07-26,良,56,176,15,46,7,37,0.8,76
26,2016-07-27,良,72,270,28,68,7,35,0.79,89
27,2016-07-28,良,70,238,15,43,6,31,0.71,117
28,2016-07-29,良,73,238,19,52,9,29,0.73,119
29,2016-07-30,良,70,240,18,52,6,35,0.76,122
30,2016-07-31,良,79,327,44,103,6,48,0.98,72
0,2016-06-01,轻度污染,109,358,55,143,21,34,1.12,129
1,2016-06-02,良,81,304,47,99,17,35,1.15,105
2,2016-06-03,良,55,195,28,38,10,19,1.05,101
3,2016-06-04,良,63,213,33,56,12,30,0.97,95
4,2016-06-05,良,81,305,40,70,13,34,1.02,111
5,2016-06-06,良,66,188,38,68,13,41,1.01,68
6,2016-06-07,优,49,96,8,26,9,23,0.61,95
7,2016-06-08,良,61,173,13,54,13,37,0.73,87
8,2016-06-09,良,70,222,26,75,15,44,0.87,79
9,2016-06-10,优,48,128,14,42,10,28,0.71,59
10,2016-06-11,优,46,145,11,42,10,30,0.68,63
11,2016-06-12,良,63,247,21,68,19,38,0.79,68
12,2016-06-13,良,60,186,20,55,12,36,0.76,76
13,2016-06-14,优,49,116,18,28,9,19,0.68,92
14,2016-06-15,优,47,137,13,36,9,32,0.76,65
15,2016-06-16,良,65,214,26,74,18,42,0.85,71
16,2016-06-17,良,60,161,15,50,13,30,0.7,88
17,2016-06-18,良,55,158,13,44,9,29,0.64,83
18,2016-06-19,良,74,282,17,62,13,32,0.77,106
19,2016-06-20,良,73,279,41,79,17,40,1.02,80
20,2016-06-21,良,89,340,52,107,16,40,1.01,79
21,2016-06-22,良,74,301,28,92,18,41,0.83,79
22,2016-06-23,优,43,127,5,23,10,12,0.52,85
23,2016-06-24,优,49,209,10,47,9,26,0.54,64
24,2016-06-25,良,56,241,13,48,9,33,0.58,72
25,2016-06-26,良,71,267,22,77,14,39,0.68,84
26,2016-06-27,良,57,194,22,53,7,30,0.65,79
27,2016-06-28,优,40,86,18,36,6,41,0.83,32
28,2016-06-29,良,51,176,14,31,12,28,0.77,76
29,2016-06-30,优,43,144,5,17,5,24,0.58,83
0,2016-05-01,轻度污染,114,314,35,175,13,25,0.6,71
1,2016-05-02,轻度污染,121,344,23,155,7,15,0.5,84
2,2016-05-03,良,70,244,21,89,13,36,0.67,57
3,2016-05-04,良,73,200,22,94,14,46,0.86,51
4,2016-05-05,重度污染,237,362,63,364,7,17,0.51,83
5,2016-05-06,良,92,240,21,103,9,16,0.49,88
6,2016-05-07,良,76,241,21,100,17,35,0.77,83
7,2016-05-08,良,84,329,44,116,15,31,0.94,96
8,2016-05-09,良,63,206,20,75,10,27,0.73,78
9,2016-05-10,良,74,244,25,97,14,39,0.79,77
10,2016-05-11,轻度污染,113,297,35,174,15,27,0.73,86
11,2016-05-12,良,55,47,17,53,10,13,0.58,84
12,2016-05-13,良,79,268,27,102,18,31,0.67,72
13,2016-05-14,良,51,100,27,54,11,17,0.67,70
14,2016-05-15,优,49,162,13,47,9,24,0.5,66
15,2016-05-16,良,68,230,20,79,15,49,0.73,57
16,2016-05-17,良,85,284,34,112,17,50,0.82,81
17,2016-05-18,轻度污染,101,305,42,128,23,49,0.82,106
18,2016-05-19,良,90,238,44,120,22,39,0.88,111
19,2016-05-20,轻度污染,106,320,60,134,24,37,1.4,124
20,2016-05-21,重度污染,218,359,89,401,12,22,0.83,106
21,2016-05-22,良,96,331,65,134,15,29,0.93,52
22,2016-05-23,优,35,44,5,12,9,17,0.53,75
23,2016-05-24,良,52,103,20,41,13,30,0.7,76
24,2016-05-25,良,60,175,22,64,12,31,0.67,89
25,2016-05-26,良,55,163,12,46,12,26,0.52,92
26,2016-05-27,良,82,298,28,92,15,49,0.74,88
27,2016-05-28,良,80,296,27,90,17,27,0.68,111
28,2016-05-29,良,60,182,16,65,12,29,0.66,93
29,2016-05-30,轻度污染,111,328,38,120,19,49,0.9,116
30,2016-05-31,良,99,310,46,142,25,60,1.04,90
0,2016-04-01,轻度污染,126,326,27,186,15,12,0.54,73
1,2016-04-02,优,37,20,9,28,14,14,0.56,71
2,2016-04-03,良,52,129,20,57,26,35,0.93,53
3,2016-04-04,良,84,305,50,114,34,46,1.24,55
4,2016-04-05,良,84,283,37,116,30,45,1.17,54
5,2016-04-06,轻度污染,138,344,40,200,28,41,1.04,48
6,2016-04-07,良,59,175,12,67,14,18,0.59,68
7,2016-04-08,良,77,240,26,104,29,40,1.03,55
8,2016-04-09,良,84,257,39,116,33,45,1.14,57
9,2016-04-10,良,80,244,35,108,28,50,1.12,51
10,2016-04-11,良,89,270,42,126,34,57,1.26,50
11,2016-04-12,良,83,258,30,113,22,32,0.85,61
12,2016-04-13,轻度污染,102,272,29,152,15,23,0.73,74
13,2016-04-14,良,79,194,27,106,24,46,0.99,65
14,2016-04-15,良,78,218,33,104,16,39,0.85,59
15,2016-04-16,良,76,293,16,99,7,11,0.61,80
16,2016-04-17,优,44,71,14,40,8,22,0.71,68
17,2016-04-18,良,56,181,22,61,12,39,0.95,59
18,2016-04-19,良,93,333,34,134,18,40,1.05,68
19,2016-04-20,良,71,266,30,90,14,40,0.95,68
20,2016-04-21,轻度污染,133,325,44,199,14,39,0.97,61
21,2016-04-22,良,64,160,16,75,8,17,0.68,88
22,2016-04-23,良,59,182,17,60,10,36,0.88,83
23,2016-04-24,轻度污染,107,314,35,161,16,49,1.01,82
24,2016-04-25,良,96,296,39,132,16,47,1.01,86
25,2016-04-26,良,64,200,20,74,9,24,0.78,91
26,2016-04-27,良,57,145,18,60,9,25,0.76,74
27,2016-04-28,良,71,203,26,89,16,32,0.75,78
28,2016-04-29,良,75,179,19,97,18,26,0.6,85
29,2016-04-30,良,100,290,26,147,14,37,0.72,63
0,2016-03-01,轻度污染,112,307,83,123,54,56,2.44,33
1,2016-03-02,轻度污染,103,214,73,129,49,53,2.11,36
2,2016-03-03,轻度污染,119,242,84,175,64,63,2.41,31
3,2016-03-04,严重污染,289,358,92,486,37,50,1.7,38
4,2016-03-05,中度污染,177,283,58,280,35,32,1.19,48
5,2016-03-06,良,74,98,35,95,35,38,1.25,48
6,2016-03-07,优,38,23,8,30,18,14,0.71,71
7,2016-03-08,优,38,31,8,25,16,11,0.71,75
8,2016-03-09,优,42,148,8,38,19,12,0.68,67
9,2016-03-10,优,48,170,11,48,23,15,0.67,66
10,2016-03-11,良,51,95,27,56,34,35,1.09,43
11,2016-03-12,良,77,168,35,99,37,36,1.2,44
12,2016-03-13,良,67,159,31,83,34,33,1.01,51
13,2016-03-14,良,84,196,58,111,50,52,1.5,37
14,2016-03-15,轻度污染,113,246,80,163,64,62,1.77,44
15,2016-03-16,轻度污染,142,293,107,203,65,72,2.04,39
16,2016-03-17,重度污染,210,340,127,304,58,66,1.88,37
17,2016-03-18,中度污染,193,331,92,314,40,56,1.53,46
18,2016-03-19,轻度污染,118,252,54,183,34,44,1.17,51
19,2016-03-20,良,67,93,30,82,22,32,0.91,70
20,2016-03-21,轻度污染,137,338,103,181,44,65,1.61,47
21,2016-03-22,良,68,172,44,67,23,32,0.9,55
22,2016-03-23,优,35,46,10,24,17,18,0.64,68
23,2016-03-24,优,35,41,12,29,20,26,0.74,58
24,2016-03-25,优,39,20,13,34,20,27,0.69,59
25,2016-03-26,优,43,23,15,36,22,28,0.72,57
26,2016-03-27,良,68,143,35,83,29,47,1.08,42
27,2016-03-28,良,94,266,41,135,32,44,1.08,41
28,2016-03-29,良,61,62,26,72,24,36,0.91,46
29,2016-03-30,良,73,146,30,93,28,49,1.11,50
30,2016-03-31,中度污染,160,338,50,249,27,35,0.92,74
0,2016-02-01,良,88,222,62,106,47,46,1.82,27
1,2016-02-02,良,87,161,61,99,54,53,2.02,24
2,2016-02-03,良,95,171,68,109,55,46,1.83,28
3,2016-02-04,优,39,21,14,36,30,18,0.73,61
4,2016-02-05,优,42,56,14,39,29,18,0.79,61
5,2016-02-06,良,70,204,38,85,39,30,1.39,37
6,2016-02-07,轻度污染,116,304,80,160,52,39,1.82,34
7,2016-02-08,重度污染,236,314,213,367,103,49,2.75,32
8,2016-02-09,轻度污染,131,297,98,145,62,41,2.05,35
9,2016-02-10,良,100,254,74,119,74,50,2.29,33
10,2016-02-11,轻度污染,148,295,112,153,69,52,2.54,44
11,2016-02-12,良,86,203,34,115,28,14,0.74,55
12,2016-02-13,优,34,46,13,20,15,8,0.58,68
13,2016-02-14,优,38,136,12,30,22,11,0.75,64
14,2016-02-15,优,44,172,18,44,25,15,0.87,59
15,2016-02-16,良,51,188,25,53,35,25,1.18,45
16,2016-02-17,良,70,241,48,77,45,40,1.72,28
17,2016-02-18,良,84,246,37,115,33,24,1.17,50
18,2016-02-19,良,65,101,16,82,19,10,0.66,72
19,2016-02-20,优,45,47,20,41,26,22,1.04,54
20,2016-02-21,良,70,105,40,88,51,42,1.48,36
21,2016-02-22,良,74,181,42,93,30,30,1.35,50
22,2016-02-23,优,38,51,15,31,27,20,0.82,62
23,2016-02-24,良,58,135,33,60,33,34,1.35,38
24,2016-02-25,良,56,95,28,62,35,34,1.32,39
25,2016-02-26,良,62,154,37,73,62,46,1.54,26
26,2016-02-27,优,49,72,31,49,45,38,1.28,37
27,2016-02-28,优,36,8,16,26,23,24,1.02,60
28,2016-02-29,良,66,157,45,68,48,51,1.73,31
0,2016-01-01,轻度污染,143,241,107,166,79,68,2.99,9
1,2016-01-02,中度污染,178,267,137,200,70,71,3.36,12
2,2016-01-03,重度污染,202,283,151,225,58,59,2.9,18
3,2016-01-04,优,40,26,9,40,28,16,0.86,56
4,2016-01-05,良,58,137,36,64,38,34,1.57,31
5,2016-01-06,良,88,234,60,103,50,40,2.21,23
6,2016-01-07,良,66,159,45,73,40,38,1.73,27
7,2016-01-08,轻度污染,133,307,100,154,58,51,2.5,13
8,2016-01-09,轻度污染,148,265,112,169,78,61,2.86,11
9,2016-01-10,良,83,182,52,90,41,36,1.86,32
10,2016-01-11,优,40,82,18,38,45,31,1.22,43
11,2016-01-12,良,60,174,40,71,50,44,1.59,29
12,2016-01-13,轻度污染,105,253,78,122,56,53,2.25,14
13,2016-01-14,轻度污染,109,245,78,140,71,55,2.41,15
14,2016-01-15,轻度污染,125,258,90,167,71,60,2.77,13
15,2016-01-16,轻度污染,139,265,96,185,60,51,2.75,21
16,2016-01-17,优,45,76,16,43,27,17,1.0,60
17,2016-01-18,良,56,115,26,64,28,28,1.29,45
18,2016-01-19,良,81,171,57,103,62,56,2.11,15
19,2016-01-20,良,86,213,62,102,58,55,2.2,20
20,2016-01-21,优,48,111,16,53,23,19,1.0,56
21,2016-01-22,优,38,92,9,32,24,12,0.94,66
22,2016-01-23,优,38,69,8,31,17,7,0.88,65
23,2016-01-24,良,56,186,35,55,33,28,1.47,40
24,2016-01-25,良,98,328,71,115,54,50,2.34,17
25,2016-01-26,轻度污染,116,322,85,143,65,55,2.46,16
26,2016-01-27,轻度污染,104,253,77,126,67,59,2.17,16
27,2016-01-28,良,84,188,60,96,54,54,1.75,29
28,2016-01-29,良,75,196,44,90,57,46,1.55,36
29,2016-01-30,优,34,27,12,31,38,21,0.65,57
30,2016-01-31,良,54,135,29,59,33,30,1.07,43
0,2015-12-01,重度污染,205,332,165,243,42,63,2.58,26
1,2015-12-02,优,34,14,7,29,17,16,0.56,52
2,2015-12-03,优,28,25,9,24,21,17,0.67,47
3,2015-12-04,良,87,321,63,94,46,51,1.89,14
4,2015-12-05,轻度污染,114,286,85,137,61,70,2.78,11
5,2015-12-06,良,91,236,64,116,62,67,2.47,13
6,2015-12-07,轻度污染,133,258,100,148,58,69,2.56,5
7,2015-12-08,中度污染,162,296,123,184,65,86,3.58,14
8,2015-12-09,严重污染,272,341,221,315,54,79,4.24,4
9,2015-12-10,中度污染,168,297,131,183,39,59,2.86,18
10,2015-12-11,良,86,199,61,109,57,69,2.85,14
11,2015-12-12,中度污染,189,336,145,222,65,82,3.91,8
12,2015-12-13,中度污染,191,326,148,211,47,59,2.73,8
13,2015-12-14,良,59,135,31,64,31,33,1.21,30
14,2015-12-15,优,30,18,11,27,24,14,0.73,52
15,2015-12-16,良,51,157,31,48,33,30,1.36,31
16,2015-12-17,良,93,329,68,96,54,57,2.57,11
17,2015-12-18,轻度污染,145,345,110,158,75,66,3.21,12
18,2015-12-19,轻度污染,121,266,90,132,63,68,3.13,10
19,2015-12-20,中度污染,174,297,132,187,83,72,3.05,8
20,2015-12-21,中度污染,200,276,152,212,62,72,3.12,20
21,2015-12-22,重度污染,217,287,168,236,44,76,3.47,10
22,2015-12-23,重度污染,241,288,193,289,49,65,2.71,13
23,2015-12-24,严重污染,264,316,213,317,46,63,2.4,10
24,2015-12-25,中度污染,193,301,139,262,69,60,3.01,15
25,2015-12-26,轻度污染,122,249,62,192,52,48,2.01,22
26,2015-12-27,良,72,168,46,83,48,47,1.86,23
27,2015-12-28,轻度污染,118,260,88,145,66,58,2.89,10
28,2015-12-29,中度污染,177,296,134,209,62,61,3.16,9
29,2015-12-30,良,77,119,55,88,48,47,1.68,23
30,2015-12-31,轻度污染,104,155,76,126,70,63,2.99,12
0,2015-11-01,中度污染,161,354,122,192,38,60,1.93,45
1,2015-11-02,轻度污染,135,312,102,180,52,70,2.11,24
2,2015-11-03,轻度污染,115,258,81,165,56,69,2.65,15
3,2015-11-04,轻度污染,123,286,68,185,44,45,1.74,24
4,2015-11-05,优,43,61,15,44,22,26,0.98,31
5,2015-11-06,优,33,60,18,32,19,29,1.4,39
6,2015-11-07,良,76,288,55,74,20,31,1.36,20
7,2015-11-08,良,82,245,56,99,16,23,1.01,16
8,2015-11-09,轻度污染,106,280,79,137,28,44,1.68,20
9,2015-11-10,轻度污染,133,315,101,172,37,51,2.21,18
10,2015-11-11,轻度污染,117,277,87,157,36,51,2.12,12
11,2015-11-12,轻度污染,129,286,97,150,41,47,2.03,13
12,2015-11-13,良,86,244,63,89,35,29,1.44,23
13,2015-11-14,良,85,226,63,96,22,32,1.49,24
14,2015-11-15,良,84,230,58,104,25,33,1.54,31
15,2015-11-16,良,100,317,71,122,34,37,1.54,26
16,2015-11-17,优,48,120,23,56,26,31,1.09,32
17,2015-11-18,良,80,312,58,93,25,32,1.49,29
18,2015-11-19,优,35,45,20,34,24,23,0.89,36
19,2015-11-20,良,76,243,50,88,34,36,1.27,29
20,2015-11-21,良,53,131,26,58,26,33,1.16,31
21,2015-11-22,良,61,275,38,65,27,32,1.63,25
22,2015-11-23,优,35,83,11,28,16,12,0.64,66
23,2015-11-24,良,66,309,45,62,29,33,1.22,40
24,2015-11-25,优,46,139,22,41,24,22,0.75,48
25,2015-11-26,良,73,290,52,75,63,46,1.68,28
26,2015-11-27,轻度污染,124,330,92,118,61,57,1.84,11
27,2015-11-28,重度污染,216,350,166,232,41,60,2.49,12
28,2015-11-29,严重污染,257,345,205,317,48,74,3.18,8
29,2015-11-30,严重污染,313,348,262,362,61,105,5.77,11
0,2015-10-01,优,50,157,13,50,8,18,0.5,59
1,2015-10-02,良,81,266,30,110,11,39,0.69,33
2,2015-10-03,良,75,209,28,99,12,43,0.82,36
3,2015-10-04,良,94,276,39,136,17,53,0.9,38
4,2015-10-05,轻度污染,111,318,49,171,18,55,0.9,38
5,2015-10-06,轻度污染,113,303,47,174,19,63,1.07,43
6,2015-10-07,良,81,280,28,110,10,30,0.58,43
7,2015-10-08,优,41,104,5,41,7,14,0.57,50
8,2015-10-09,良,51,148,12,52,9,18,0.44,53
9,2015-10-10,优,30,33,5,20,6,9,0.35,56
10,2015-10-11,优,42,109,13,40,8,24,0.55,50
11,2015-10-12,良,72,218,30,92,17,46,0.99,33
12,2015-10-13,良,93,254,47,133,24,61,1.22,42
13,2015-10-14,良,92,191,56,132,26,52,1.07,46
14,2015-10-15,轻度污染,109,240,75,158,30,61,1.25,42
15,2015-10-16,轻度污染,110,228,66,167,40,80,1.29,46
16,2015-10-17,良,81,138,32,111,19,43,0.77,44
17,2015-10-18,良,70,156,27,93,30,46,0.87,43
18,2015-10-19,轻度污染,118,309,63,185,48,72,1.36,39
19,2015-10-20,轻度污染,117,295,70,176,46,60,1.25,56
20,2015-10-21,优,43,30,14,44,23,27,0.58,50
21,2015-10-22,优,38,22,21,39,21,33,0.92,29
22,2015-10-23,良,99,237,72,120,21,42,1.2,21
23,2015-10-24,良,80,197,48,104,27,42,1.12,33
24,2015-10-25,良,61,151,33,71,27,40,0.96,34
25,2015-10-26,良,81,247,24,113,18,15,0.41,58
26,2015-10-27,良,56,175,21,63,21,23,0.63,42
27,2015-10-28,优,49,106,20,53,34,35,0.82,33
28,2015-10-29,优,33,32,7,22,13,13,0.48,64
29,2015-10-30,良,89,335,58,106,31,45,1.23,36
30,2015-10-31,轻度污染,139,352,105,173,39,56,1.65,30
0,2015-09-01,优,46,118,10,33,6,18,0.55,78
1,2015-09-02,良,54,188,12,50,7,31,0.74,57
2,2015-09-03,良,58,212,13,49,7,29,0.68,71
3,2015-09-04,优,41,117,19,34,6,20,0.64,69
4,2015-09-05,优,36,69,20,29,5,23,0.63,67
5,2015-09-06,优,35,56,8,20,5,21,0.54,67
6,2015-09-07,良,59,226,19,58,8,37,0.86,65
7,2015-09-08,良,58,186,26,66,9,42,0.82,38
8,2015-09-09,优,35,60,6,19,7,16,0.43,68
9,2015-09-10,优,36,77,9,33,7,28,0.61,41
10,2015-09-11,优,33,51,5,16,5,13,0.43,68
11,2015-09-12,优,44,144,12,42,10,28,0.49,52
12,2015-09-13,良,67,280,25,80,17,43,0.74,53
13,2015-09-14,良,81,322,33,108,19,53,0.83,55
14,2015-09-15,良,92,328,46,125,23,47,0.85,79
15,2015-09-16,良,97,330,64,137,24,46,0.88,76
16,2015-09-17,良,77,251,47,94,9,43,0.76,38
17,2015-09-18,良,69,193,38,84,10,39,0.6,57
18,2015-09-19,良,65,211,15,78,10,50,0.65,22
19,2015-09-20,轻度污染,104,346,63,154,16,62,1.08,80
20,2015-09-21,良,99,302,62,144,16,44,0.84,79
21,2015-09-22,良,57,183,24,60,10,25,0.53,75
22,2015-09-23,良,78,304,30,104,16,46,0.77,32
23,2015-09-24,良,70,278,25,88,12,36,0.57,50
24,2015-09-25,良,69,283,19,87,13,33,0.54,45
25,2015-09-26,良,92,337,33,132,18,49,0.77,40
26,2015-09-27,良,60,188,25,68,14,30,0.62,69
27,2015-09-28,优,43,96,16,41,8,18,0.47,62
28,2015-09-29,优,31,44,16,27,6,22,0.72,59
29,2015-09-30,优,47,160,30,42,9,17,0.67,57
0,2015-08-01,良,80,324,41,101,11,30,0.98,80
1,2015-08-02,良,55,188,12,46,9,25,0.54,69
2,2015-08-03,良,55,210,8,48,10,27,0.61,81
3,2015-08-04,良,69,308,21,77,13,30,0.7,80
4,2015-08-05,良,71,272,18,75,18,32,0.57,85
5,2015-08-06,良,58,213,9,51,13,28,0.49,75
6,2015-08-07,良,70,280,16,73,9,36,0.6,85
7,2015-08-08,良,79,318,22,77,12,35,0.73,96
8,2015-08-09,良,86,332,26,95,12,41,0.67,92
9,2015-08-10,良,73,320,18,77,10,33,0.64,84
10,2015-08-11,良,78,322,20,92,12,39,0.7,82
11,2015-08-12,良,92,323,35,101,15,36,0.68,113
12,2015-08-13,良,85,274,36,105,14,31,0.66,97
13,2015-08-14,良,64,210,29,63,9,24,0.55,83
14,2015-08-15,良,71,270,19,73,10,35,0.62,89
15,2015-08-16,良,96,299,26,110,14,43,0.69,96
16,2015-08-17,轻度污染,139,349,43,207,10,21,0.46,96
17,2015-08-18,良,91,299,27,124,14,34,0.54,83
18,2015-08-19,良,58,210,11,65,12,24,0.49,65
19,2015-08-20,良,61,276,15,68,10,27,0.49,65
20,2015-08-21,良,65,235,16,78,11,36,0.55,58
21,2015-08-22,良,66,222,23,80,12,42,0.72,44
22,2015-08-23,良,56,156,15,58,8,33,0.59,59
23,2015-08-24,良,57,168,13,53,9,33,0.66,75
24,2015-08-25,优,47,112,14,41,8,36,0.69,61
25,2015-08-26,良,54,121,12,46,9,35,0.68,59
26,2015-08-27,良,59,168,15,62,9,41,0.65,50
27,2015-08-28,良,59,164,18,61,7,39,0.64,58
28,2015-08-29,良,54,153,15,52,10,35,0.62,60
29,2015-08-30,优,43,91,11,38,7,26,0.56,70
30,2015-08-31,优,44,91,14,36,5,19,0.57,72
0,2015-07-01,优,46,138,7,45,8,19,0.52,55
1,2015-07-02,优,40,83,6,34,8,17,0.54,66
2,2015-07-03,良,58,210,10,59,11,33,0.72,71
3,2015-07-04,良,82,295,22,106,17,40,0.83,85
4,2015-07-05,良,76,283,28,95,14,31,0.91,98
5,2015-07-06,良,71,277,32,75,13,23,0.88,115
6,2015-07-07,良,95,316,46,122,18,40,0.96,104
7,2015-07-08,良,100,312,48,130,24,44,1.01,110
8,2015-07-09,良,89,291,42,126,26,31,1.03,108
9,2015-07-10,良,70,251,38,75,14,30,0.87,109
10,2015-07-11,轻度污染,103,334,63,136,26,41,1.05,109
11,2015-07-12,轻度污染,114,331,65,159,17,44,1.06,115
12,2015-07-13,良,99,293,32,147,14,32,0.72,97
13,2015-07-14,轻度污染,103,302,29,151,18,43,0.92,80
14,2015-07-15,良,61,177,14,55,10,21,0.65,105
15,2015-07-16,良,64,221,24,65,15,25,0.77,99
16,2015-07-17,良,58,207,18,45,12,18,0.69,109
17,2015-07-18,良,61,214,25,62,13,29,0.72,88
18,2015-07-19,良,65,236,21,63,12,33,0.81,84
19,2015-07-20,良,78,276,29,84,15,33,0.88,94
20,2015-07-21,良,72,257,22,66,14,26,0.74,110
21,2015-07-22,良,55,174,9,35,10,22,0.56,97
22,2015-07-23,良,61,250,13,57,10,23,0.63,88
23,2015-07-24,良,65,256,11,46,9,24,0.61,109
24,2015-07-25,良,74,271,22,91,12,46,0.84,74
25,2015-07-26,良,68,213,17,76,11,43,0.74,70
26,2015-07-27,良,93,316,30,98,15,33,0.79,113
27,2015-07-28,良,75,296,23,48,6,20,0.62,132
28,2015-07-29,良,73,295,30,64,11,30,0.82,110
29,2015-07-30,良,58,239,14,43,8,27,0.62,90
30,2015-07-31,良,73,326,25,79,8,31,0.82,91
0,2015-06-01,中度污染,154,348,43,226,8,19,0.42,78
1,2015-06-02,优,48,110,8,47,10,13,0.4,77
2,2015-06-03,良,63,249,13,75,11,29,0.52,60
3,2015-06-04,优,47,135,21,44,11,22,0.61,70
4,2015-06-05,良,70,237,23,88,18,31,0.79,53
5,2015-06-06,优,39,45,6,32,9,19,0.38,57
6,2015-06-07,优,50,132,11,51,10,28,0.54,44
7,2015-06-08,良,67,267,23,82,15,38,0.71,53
8,2015-06-09,良,91,278,26,130,15,36,0.71,60
9,2015-06-10,轻度污染,111,311,22,149,11,25,0.51,60
10,2015-06-11,优,39,53,7,25,7,16,0.48,73
11,2015-06-12,优,38,38,5,22,5,14,0.45,78
12,2015-06-13,优,49,127,6,16,7,15,0.55,94
13,2015-06-14,良,53,153,11,40,7,28,0.66,83
14,2015-06-15,良,74,232,27,84,13,34,0.79,94
15,2015-06-16,良,67,206,35,62,13,28,0.78,110
16,2015-06-17,良,71,237,26,73,7,24,0.6,93
17,2015-06-18,优,46,120,7,38,11,20,0.55,73
18,2015-06-19,优,36,44,4,27,8,9,0.42,73
19,2015-06-20,良,51,119,10,49,7,27,0.6,68
20,2015-06-21,良,62,160,22,70,12,31,0.77,88
21,2015-06-22,良,68,230,34,73,11,34,0.89,92
22,2015-06-23,良,85,285,46,108,13,35,0.94,101
23,2015-06-24,良,60,249,37,65,13,23,0.85,88
24,2015-06-25,良,62,267,23,67,13,35,0.76,72
25,2015-06-26,良,69,277,16,70,11,37,0.79,91
26,2015-06-27,良,92,319,31,118,16,47,0.92,96
27,2015-06-28,轻度污染,101,328,51,140,16,35,1.01,105
28,2015-06-29,良,60,255,23,64,10,18,0.8,89
29,2015-06-30,优,43,126,7,23,7,13,0.55,82
0,2015-05-01,轻度污染,105,309,55,159,12,18,0.66,70
1,2015-05-02,良,72,268,26,95,11,28,0.6,65
2,2015-05-03,良,91,293,20,116,6,7,0.38,82
3,2015-05-04,良,60,145,16,68,16,32,0.63,57
4,2015-05-05,良,71,163,13,90,8,18,0.53,66
5,2015-05-06,良,60,92,16,71,14,37,0.75,45
6,2015-05-07,良,84,197,19,115,10,16,0.51,65
7,2015-05-08,优,48,86,9,50,7,13,0.51,69
8,2015-05-09,良,63,198,16,75,16,18,0.72,67
9,2015-05-10,良,89,294,27,116,13,13,0.72,61
10,2015-05-11,优,42,70,10,37,13,12,0.57,64
11,2015-05-12,良,60,168,17,69,14,22,0.68,63
12,2015-05-13,良,94,308,28,136,19,31,0.78,48
13,2015-05-14,良,64,140,15,76,15,23,0.61,57
14,2015-05-15,优,43,74,8,29,9,13,0.51,76
15,2015-05-16,良,69,182,20,85,20,35,0.85,55
16,2015-05-17,轻度污染,108,299,34,160,16,35,0.86,47
17,2015-05-18,良,65,144,15,79,7,8,0.43,82
18,2015-05-19,优,45,83,11,42,5,7,0.37,76
19,2015-05-20,优,47,95,15,47,9,21,0.69,64
20,2015-05-21,良,81,291,32,109,18,36,0.86,57
21,2015-05-22,良,82,256,33,112,17,32,0.74,64
22,2015-05-23,良,93,274,36,134,17,42,0.93,67
23,2015-05-24,轻度污染,101,267,41,148,13,44,0.74,75
24,2015-05-25,良,88,221,41,116,16,45,0.82,81
25,2015-05-26,轻度污染,108,266,51,151,21,49,0.87,92
26,2015-05-27,轻度污染,104,256,62,146,20,48,0.86,93
27,2015-05-28,良,78,230,27,103,10,22,0.52,83
28,2015-05-29,良,54,140,13,54,11,17,0.39,72
29,2015-05-30,良,58,173,12,66,13,21,0.6,75
30,2015-05-31,轻度污染,105,300,31,159,19,25,0.59,75
0,2015-04-01,良,69,211,35,82,22,24,1.02,51
1,2015-04-02,优,36,31,23,26,20,20,0.94,50
2,2015-04-03,优,39,37,19,38,29,32,1.03,51
3,2015-04-04,良,71,205,43,75,23,22,0.87,47
4,2015-04-05,良,65,168,23,83,15,12,0.56,63
5,2015-04-06,优,32,28,12,24,18,12,0.54,63
6,2015-04-07,优,42,99,17,39,33,26,0.79,53
7,2015-04-08,良,68,251,34,85,43,43,1.16,39
8,2015-04-09,良,61,167,24,72,34,39,1.03,36
9,2015-04-10,良,66,182,20,80,31,39,0.97,38
10,2015-04-11,良,71,170,19,95,29,28,0.87,46
11,2015-04-12,良,52,62,10,57,15,9,0.58,66
12,2015-04-13,良,53,59,25,56,30,30,0.91,60
13,2015-04-14,良,83,229,51,113,48,56,1.45,43
14,2015-04-15,重度污染,226,359,61,385,30,45,1.27,37
15,2015-04-16,轻度污染,108,243,28,150,17,25,0.77,50
16,2015-04-17,良,85,134,37,118,20,57,1.22,30
17,2015-04-18,良,62,88,22,78,12,34,0.74,46
18,2015-04-19,优,46,70,11,46,7,19,0.58,63
19,2015-04-20,良,62,191,21,72,13,35,0.81,48
20,2015-04-21,良,76,238,22,99,10,32,0.62,46
21,2015-04-22,良,64,146,18,76,17,44,0.73,42
22,2015-04-23,良,72,165,24,94,13,37,0.7,48
23,2015-04-24,良,59,80,17,69,12,40,0.75,48
24,2015-04-25,良,76,154,25,101,15,51,0.79,50
25,2015-04-26,良,93,232,34,134,19,53,0.79,54
26,2015-04-27,良,97,278,33,141,19,28,0.59,70
27,2015-04-28,良,60,89,21,68,10,22,0.58,85
28,2015-04-29,良,87,246,33,122,18,53,0.88,67
29,2015-04-30,轻度污染,120,310,45,187,21,50,0.87,82
0,2015-03-01,良,61,177,34,69,62,40,2.06,30
1,2015-03-02,良,79,209,40,105,53,36,2.17,35
2,2015-03-03,良,72,169,12,95,28,15,1.21,55
3,2015-03-04,良,53,139,24,58,58,39,1.95,33
4,2015-03-05,良,84,284,53,112,84,47,2.19,31
5,2015-03-06,轻度污染,116,310,84,157,68,47,2.05,32
6,2015-03-07,良,73,174,30,95,55,38,1.48,41
7,2015-03-08,良,75,195,18,98,24,15,0.8,56
8,2015-03-09,优,35,14,6,32,28,13,0.85,58
9,2015-03-10,优,47,69,18,52,55,32,1.28,41
10,2015-03-11,良,66,159,30,81,54,37,1.46,36
11,2015-03-12,良,73,160,26,95,58,25,0.91,55
12,2015-03-13,优,48,67,19,51,58,34,1.18,47
13,2015-03-14,轻度污染,142,299,45,222,42,37,1.46,39
14,2015-03-15,轻度污染,107,210,41,162,76,49,1.7,28
15,2015-03-16,轻度污染,124,273,55,196,63,49,2.01,37
16,2015-03-17,良,67,149,21,82,45,34,1.22,47
17,2015-03-18,良,96,290,55,140,53,52,1.9,34
18,2015-03-19,良,100,271,40,148,43,37,1.5,39
19,2015-03-20,中度污染,168,328,37,251,33,24,0.95,50
20,2015-03-21,良,66,125,20,80,37,26,0.79,50
21,2015-03-22,优,46,19,8,47,29,17,0.73,56
22,2015-03-23,优,50,54,18,55,44,38,1.21,41
23,2015-03-24,良,61,156,23,71,44,48,1.32,37
24,2015-03-25,良,92,290,50,133,54,55,1.56,48
25,2015-03-26,轻度污染,115,320,83,167,54,51,1.69,50
26,2015-03-27,轻度污染,114,302,69,161,41,46,1.35,49
27,2015-03-28,轻度污染,134,313,26,170,23,24,0.67,62
28,2015-03-29,轻度污染,123,266,50,188,63,63,1.57,25
29,2015-03-30,轻度污染,143,316,62,233,48,53,1.45,51
30,2015-03-31,轻度污染,121,310,25,173,18,12,0.59,66
0,2015-02-01,良,80,186,55,93,115,67,2.32,16
1,2015-02-02,轻度污染,131,262,99,151,143,64,2.16,21
2,2015-02-03,良,62,66,37,65,46,22,0.96,53
3,2015-02-04,优,40,24,17,38,42,25,1.06,43
4,2015-02-05,优,50,46,26,56,71,44,1.53,29
5,2015-02-06,良,74,93,49,94,85,53,1.96,21
6,2015-02-07,优,32,3,8,30,38,20,0.8,51
7,2015-02-08,优,49,54,24,56,86,47,1.57,25
8,2015-02-09,良,86,200,57,118,115,64,2.56,18
9,2015-02-10,轻度污染,111,225,80,161,120,74,3.11,17
10,2015-02-11,良,83,112,42,114,48,38,1.86,37
11,2015-02-12,良,55,52,20,59,59,43,1.77,32
12,2015-02-13,良,74,99,38,95,73,53,2.37,22
13,2015-02-14,良,94,123,58,134,103,66,2.9,23
14,2015-02-15,严重污染,256,348,65,382,51,29,1.57,45
15,2015-02-16,良,99,171,34,146,65,31,1.63,37
16,2015-02-17,优,50,45,22,53,54,28,1.69,39
17,2015-02-18,优,46,32,21,50,57,28,1.63,45
18,2015-02-19,重度污染,247,347,189,320,111,59,3.13,22
19,2015-02-20,重度污染,236,360,185,264,47,40,2.69,21
20,2015-02-21,中度污染,167,344,58,249,23,15,1.32,47
21,2015-02-22,轻度污染,126,251,25,196,39,18,1.32,46
22,2015-02-23,良,89,225,45,125,90,39,1.95,27
23,2015-02-24,良,90,246,50,129,82,41,2.31,27
24,2015-02-25,优,41,74,8,41,36,15,1.15,52
25,2015-02-26,优,43,78,16,42,46,24,1.41,46
26,2015-02-27,优,49,168,24,51,62,33,1.66,33
27,2015-02-28,良,88,315,55,96,46,31,1.84,33
0,2015-01-01,良,87,225,60,113,129,47,2.89,15
1,2015-01-02,轻度污染,117,488,85,159,160,61,4.05,11
2,2015-01-03,轻度污染,133,219,98,193,196,71,4.61,9
3,2015-01-04,轻度污染,144,187,103,227,188,82,4.08,12
4,2015-01-05,良,76,73,36,103,40,24,1.82,39
5,2015-01-06,良,65,151,41,80,73,45,2.75,21
6,2015-01-07,轻度污染,102,277,75,144,107,60,3.77,12
7,2015-01-08,轻度污染,125,267,86,184,114,60,3.73,15
8,2015-01-09,良,74,88,39,98,63,42,2.51,28
9,2015-01-10,轻度污染,117,189,81,177,166,73,4.06,10
10,2015-01-11,轻度污染,121,217,87,181,157,81,3.95,14
11,2015-01-12,轻度污染,108,234,75,160,125,79,3.68,16
12,2015-01-13,中度污染,156,302,116,215,156,86,3.34,10
13,2015-01-14,良,88,172,60,112,65,41,1.84,22
14,2015-01-15,轻度污染,142,254,105,174,82,56,2.78,16
15,2015-01-16,优,34,4,13,34,37,28,1.62,44
16,2015-01-17,良,68,73,42,85,95,62,2.72,15
17,2015-01-18,良,70,71,32,87,48,35,1.9,35
18,2015-01-19,良,73,94,44,91,98,63,2.44,16
19,2015-01-20,良,85,124,57,110,69,47,2.76,26
20,2015-01-21,优,44,26,22,47,67,39,1.33,29
21,2015-01-22,良,70,67,44,88,94,62,2.39,14
22,2015-01-23,良,100,110,67,143,132,71,3.32,11
23,2015-01-24,良,92,107,56,122,81,61,2.5,14
24,2015-01-25,中度污染,170,243,129,205,86,61,2.73,9
25,2015-01-26,良,71,62,29,79,28,19,0.94,46
26,2015-01-27,优,40,37,18,42,66,39,1.23,32
27,2015-01-28,良,56,183,28,62,87,47,1.51,18
28,2015-01-29,优,34,34,16,33,40,21,0.78,48
29,2015-01-30,良,57,121,36,59,56,40,1.38,30
30,2015-01-31,良,55,102,35,58,81,59,1.79,21
0,2014-12-01,良,63,61,34,72,70,29,1.47,32
1,2014-12-02,轻度污染,101,173,73,135,86,53,2.81,7
2,2014-12-03,良,51,36,11,55,28,13,1.13,61
3,2014-12-04,良,53,70,30,55,51,26,1.57,41
4,2014-12-05,良,99,141,71,114,72,50,2.7,18
5,2014-12-06,中度污染,155,165,117,184,151,67,3.48,7
6,2014-12-07,良,68,44,43,75,44,31,1.6,44
7,2014-12-08,良,88,75,63,100,119,65,2.81,17
8,2014-12-09,中度污染,153,161,87,209,88,56,2.86,11
9,2014-12-10,中度污染,171,164,56,253,37,20,1.16,44
10,2014-12-11,良,72,78,42,81,53,32,1.66,30
11,2014-12-12,良,64,60,34,81,55,31,1.61,29
12,2014-12-13,轻度污染,109,154,79,128,85,48,2.47,15
13,2014-12-14,轻度污染,150,156,113,165,126,61,3.03,11
14,2014-12-15,良,68,19,23,84,36,14,1.0,47
15,2014-12-16,优,43,19,15,44,39,18,1.18,46
16,2014-12-17,良,90,140,63,99,92,49,2.44,16
17,2014-12-18,轻度污染,141,161,104,174,115,57,2.53,20
18,2014-12-19,优,49,6,17,50,35,17,1.16,43
19,2014-12-20,良,69,72,43,73,51,31,1.91,26
20,2014-12-21,良,75,80,36,102,62,33,1.94,26
21,2014-12-22,良,99,123,59,146,102,55,2.86,13
22,2014-12-23,轻度污染,114,94,81,163,110,55,3.26,14
23,2014-12-24,良,58,17,35,67,66,37,1.83,31
24,2014-12-25,轻度污染,106,100,78,111,104,61,3.13,15
25,2014-12-26,轻度污染,149,142,113,148,122,66,3.46,8
26,2014-12-27,严重污染,257,178,206,255,112,61,3.93,8
27,2014-12-28,重度污染,225,159,177,260,114,60,3.5,12
28,2014-12-29,中度污染,198,148,154,261,138,64,3.99,11
29,2014-12-30,中度污染,174,148,90,225,59,36,3.09,27
30,2014-12-31,优,48,67,21,54,43,16,1.59,40
0,2014-11-01,优,47,32,16,49,23,27,0.92,36
1,2014-11-02,优,42,34,14,44,32,28,1.01,41
2,2014-11-03,良,74,122,37,97,48,50,1.65,24
3,2014-11-04,良,77,63,47,101,63,63,2.07,19
4,2014-11-05,良,66,32,37,83,38,47,1.42,27
5,2014-11-06,优,49,22,18,55,42,49,1.56,28
6,2014-11-07,优,35,9,13,35,40,33,0.95,37
7,2014-11-08,良,53,67,25,63,43,50,1.38,22
8,2014-11-09,良,87,113,53,121,57,61,1.82,22
9,2014-11-10,良,90,78,60,128,72,74,2.2,15
10,2014-11-11,优,37,13,6,37,18,13,0.57,48
11,2014-11-12,优,30,10,4,23,20,11,0.66,57
12,2014-11-13,良,66,74,36,82,56,48,1.66,22
13,2014-11-14,良,85,87,56,117,70,59,2.26,16
14,2014-11-15,良,80,67,53,108,73,52,1.96,18
15,2014-11-16,良,54,19,28,62,36,40,1.48,24
16,2014-11-17,良,78,52,45,103,65,58,2.02,16
17,2014-11-18,轻度污染,122,132,90,182,86,66,2.69,17
18,2014-11-19,轻度污染,145,146,104,225,87,76,3.36,18
19,2014-11-20,轻度污染,140,135,88,223,64,59,2.28,23
20,2014-11-21,良,100,67,54,149,60,57,2.15,20
21,2014-11-22,轻度污染,107,75,65,152,96,70,2.73,20
22,2014-11-23,轻度污染,137,132,95,183,75,62,2.23,24
23,2014-11-24,良,93,125,52,132,80,64,2.7,15
24,2014-11-25,轻度污染,112,148,80,165,87,64,2.43,11
25,2014-11-26,轻度污染,104,135,51,148,42,31,1.48,32
26,2014-11-27,轻度污染,112,148,45,172,72,52,2.15,17
27,2014-11-28,轻度污染,143,180,103,182,95,57,2.43,9
28,2014-11-29,轻度污染,142,155,103,156,84,56,2.99,19
29,2014-11-30,中度污染,158,171,42,228,20,9,0.96,60
0,2014-10-01,良,79,153,48,104,12,35,1.06,29
1,2014-10-02,良,54,37,19,61,11,28,0.82,39
2,2014-10-03,良,66,70,19,81,17,30,0.87,41
3,2014-10-04,优,48,20,11,50,11,14,0.63,55
4,2014-10-05,优,46,13,12,49,12,21,0.73,48
5,2014-10-06,良,84,132,28,116,23,40,1.06,28
6,2014-10-07,轻度污染,111,147,46,171,26,48,1.41,30
7,2014-10-08,轻度污染,127,144,61,200,27,57,1.48,35
8,2014-10-09,轻度污染,123,136,78,192,25,57,1.43,35
9,2014-10-10,轻度污染,127,143,93,190,25,50,1.5,49
10,2014-10-11,中度污染,153,166,72,223,10,21,0.79,39
11,2014-10-12,优,35,18,9,33,12,27,0.79,35
12,2014-10-13,良,77,145,26,102,26,47,1.23,24
13,2014-10-14,轻度污染,108,146,57,164,39,58,1.48,31
14,2014-10-15,良,82,33,27,116,29,33,0.95,43
15,2014-10-16,轻度污染,103,110,36,154,52,53,1.49,23
16,2014-10-17,轻度污染,135,153,64,213,66,67,2.06,20
17,2014-10-18,轻度污染,117,111,54,181,51,66,1.8,24
18,2014-10-19,轻度污染,116,140,55,180,48,59,1.47,34
19,2014-10-20,轻度污染,122,142,57,192,44,70,1.74,20
20,2014-10-21,轻度污染,132,171,67,207,51,69,1.86,27
21,2014-10-22,中度污染,157,180,90,240,60,77,1.74,29
22,2014-10-23,中度污染,185,176,102,281,56,88,2.04,22
23,2014-10-24,中度污染,173,172,113,266,66,89,2.1,27
24,2014-10-25,轻度污染,107,128,64,160,42,60,1.45,27
25,2014-10-26,优,40,5,7,39,24,25,0.72,46
26,2014-10-27,良,67,51,28,86,52,63,1.65,31
27,2014-10-28,良,98,145,64,131,41,79,1.95,11
28,2014-10-29,良,95,141,70,106,32,61,1.79,22
29,2014-10-30,良,66,88,47,66,22,35,1.38,19
30,2014-10-31,优,50,56,34,50,17,37,1.52,13
0,2014-09-01,优,50,75,15,50,12,30,0.7,64
1,2014-09-02,优,42,46,9,30,12,21,0.42,78
2,2014-09-03,良,64,163,15,79,24,44,0.71,43
3,2014-09-04,良,87,162,27,121,27,58,0.83,50
4,2014-09-05,良,96,134,36,136,29,60,0.92,68
5,2014-09-06,良,99,150,58,145,26,55,1.15,71
6,2014-09-07,良,67,82,38,70,13,23,0.7,67
7,2014-09-08,良,51,52,15,52,21,28,0.62,64
8,2014-09-09,良,70,116,31,88,23,45,0.92,50
9,2014-09-10,轻度污染,101,171,49,151,29,55,1.01,59
10,2014-09-11,良,79,152,43,108,18,53,0.98,48
11,2014-09-12,优,43,59,21,40,16,25,0.89,73
12,2014-09-13,良,58,113,28,65,19,24,0.82,54
13,2014-09-14,优,40,34,9,35,13,17,0.49,64
14,2014-09-15,良,58,144,13,69,15,37,0.63,40
15,2014-09-16,良,82,181,31,112,20,58,1.02,10
16,2014-09-17,良,72,173,35,92,18,40,0.87,39
17,2014-09-18,良,87,173,45,123,20,40,0.95,53
18,2014-09-19,良,64,95,36,72,15,41,0.95,57
19,2014-09-20,良,84,155,49,114,17,47,0.95,45
20,2014-09-21,良,88,157,29,123,24,58,0.95,39
21,2014-09-22,良,60,83,23,79,13,41,0.73,31
22,2014-09-23,优,35,30,17,34,11,30,1.02,29
23,2014-09-24,良,58,100,19,69,18,32,0.67,57
24,2014-09-25,良,94,141,38,137,20,46,1.0,39
25,2014-09-26,优,47,10,17,51,13,26,0.58,58
26,2014-09-27,良,67,70,18,83,18,40,0.72,38
27,2014-09-28,轻度污染,110,165,39,168,19,49,1.02,28
28,2014-09-29,优,35,14,9,34,11,15,0.49,46
29,2014-09-30,良,92,182,40,132,27,52,1.29,17
0,2014-08-01,良,62,118,26,66,10,29,0.87,92
1,2014-08-02,良,58,100,22,59,7,24,0.73,82
2,2014-08-03,良,55,47,20,60,9,32,0.76,56
3,2014-08-04,优,49,29,9,31,9,22,0.71,83
4,2014-08-05,良,59,97,11,66,11,37,0.69,52
5,2014-08-06,良,63,106,11,69,14,34,0.69,56
6,2014-08-07,良,74,160,19,92,18,39,0.78,62
7,2014-08-09,良,75,147,47,95,20,29,1.06,68
8,2014-08-10,良,52,58,19,52,14,35,0.75,52
9,2014-08-11,良,62,82,17,72,18,36,0.8,50
10,2014-08-12,优,50,70,8,52,12,19,0.63,73
11,2014-08-13,优,41,45,14,34,12,23,0.75,69
12,2014-08-14,良,69,150,16,86,21,42,0.76,47
13,2014-08-15,良,73,110,23,95,26,46,0.85,46
14,2014-08-16,良,73,99,22,91,21,43,0.83,62
15,2014-08-17,良,82,156,29,111,19,51,0.88,60
16,2014-08-18,良,95,177,33,137,23,62,0.98,35
17,2014-08-19,良,95,168,31,138,33,56,0.9,61
18,2014-08-20,轻度污染,107,154,35,161,25,62,0.99,59
19,2014-08-21,良,92,117,31,125,28,49,0.95,84
20,2014-08-23,优,47,33,18,47,15,27,0.91,51
21,2014-08-24,优,46,42,7,40,11,21,0.72,66
22,2014-08-25,良,70,117,18,90,21,41,0.97,45
23,2014-08-26,良,85,126,23,114,20,48,0.96,57
24,2014-08-27,良,86,154,28,120,25,51,0.9,57
25,2014-08-28,良,88,157,44,124,23,45,0.87,50
26,2014-08-29,良,85,150,42,115,19,50,0.9,58
27,2014-08-30,良,96,168,45,139,23,52,0.9,41
28,2014-08-31,良,65,131,29,78,24,41,0.76,60
0,2014-07-01,良,60,57,36,68,17,33,0.65,72
1,2014-07-02,良,75,123,40,97,25,43,0.75,70
2,2014-07-03,良,71,94,23,82,19,44,0.65,65
3,2014-07-04,良,95,147,16,68,13,32,0.48,115
4,2014-07-05,良,86,149,40,107,16,35,0.77,99
5,2014-07-06,轻度污染,108,167,61,158,20,43,0.84,98
6,2014-07-07,良,83,129,50,105,14,31,0.91,85
7,2014-07-08,优,48,24,14,52,12,26,0.5,59
8,2014-07-09,良,68,102,18,86,16,42,0.7,39
9,2014-07-10,良,75,102,31,99,18,44,0.82,48
10,2014-07-11,良,65,79,23,79,16,39,0.71,42
11,2014-07-12,良,62,90,14,72,10,28,0.54,63
12,2014-07-13,良,73,132,16,94,14,41,0.58,50
13,2014-07-14,良,77,104,19,101,16,43,0.62,66
14,2014-07-15,良,76,122,23,100,21,45,0.78,80
15,2014-07-16,良,76,132,23,98,22,48,0.76,71
16,2014-07-17,良,84,150,32,109,21,45,0.81,96
17,2014-07-18,轻度污染,106,169,48,149,23,44,0.89,99
18,2014-07-19,良,98,162,56,138,21,35,0.9,109
19,2014-07-20,良,71,116,38,89,15,19,0.68,74
20,2014-07-21,优,46,47,14,48,9,27,0.57,46
21,2014-07-22,良,58,80,23,67,18,39,0.72,28
22,2014-07-23,良,67,131,36,80,13,30,0.7,51
23,2014-07-24,良,75,140,31,97,18,39,0.78,58
24,2014-07-25,良,72,132,24,92,15,46,0.75,60
25,2014-07-26,良,82,90,30,109,15,49,0.78,69
26,2014-07-27,良,97,118,44,133,21,44,0.86,96
27,2014-07-28,轻度污染,108,137,59,150,21,44,0.98,112
28,2014-07-29,良,70,58,20,74,11,23,0.66,110
29,2014-07-30,良,75,128,22,97,21,43,0.82,70
30,2014-07-31,轻度污染,103,167,38,154,19,44,0.86,74
0,2014-06-01,轻度污染,101,153,59,151,50,33,2.03,77
1,2014-06-02,轻度污染,110,176,68,166,38,33,1.66,73
2,2014-06-03,良,59,75,24,66,28,19,1.42,62
3,2014-06-04,良,71,90,39,90,28,25,1.7,53
4,2014-06-05,良,74,89,43,95,24,36,1.66,44
5,2014-06-06,优,33,10,12,30,18,20,1.29,45
6,2014-06-07,良,54,56,16,59,25,32,1.25,42
7,2014-06-08,优,44,22,13,45,19,24,1.33,52
8,2014-06-09,优,47,30,12,51,15,23,1.2,38
9,2014-06-10,良,60,88,19,72,16,27,1.41,35
10,2014-06-11,优,48,21,12,50,15,24,1.39,46
11,2014-06-12,良,64,50,21,79,15,35,1.49,46
12,2014-06-13,良,79,74,23,106,12,41,1.63,37
13,2014-06-14,良,90,88,34,128,20,40,1.85,57
14,2014-06-15,良,80,60,39,108,17,30,1.88,80
15,2014-06-16,良,83,88,21,70,27,30,1.02,112
16,2014-06-17,良,61,70,15,69,16,27,0.82,77
17,2014-06-18,良,52,49,11,43,13,21,0.69,81
18,2014-06-19,良,80,125,22,108,16,36,0.78,59
19,2014-06-20,良,73,154,21,93,26,35,0.81,68
20,2014-06-21,良,65,121,18,71,32,30,0.71,75
21,2014-06-22,良,65,107,8,62,27,25,0.54,83
22,2014-06-23,良,79,126,17,88,15,39,0.65,81
23,2014-06-24,轻度污染,102,143,33,129,27,44,0.86,101
24,2014-06-25,良,80,136,39,95,21,36,0.84,101
25,2014-06-26,良,80,133,22,70,14,36,0.89,85
26,2014-06-27,良,68,116,12,65,14,29,0.88,87
27,2014-06-28,良,89,142,25,118,36,46,1.05,82
28,2014-06-29,良,86,129,40,104,20,44,0.91,90
29,2014-06-30,良,71,76,38,90,24,45,0.83,60
0,2014-05-01,轻度污染,134,158,37,198,14,36,1.19,27
1,2014-05-02,良,51,22,19,62,22,30,1.56,37
2,2014-05-03,轻度污染,109,164,28,163,14,38,1.45,30
3,2014-05-04,优,42,15,20,40,13,17,1.3,43
4,2014-05-05,良,77,128,29,103,30,46,1.79,31
5,2014-05-06,良,98,151,33,144,42,49,1.97,29
6,2014-05-07,轻度污染,102,155,29,153,19,29,1.44,45
7,2014-05-08,轻度污染,109,136,34,162,27,40,1.75,48
8,2014-05-09,优,43,27,24,45,10,26,1.34,40
9,2014-05-10,优,47,50,30,55,29,37,1.86,39
10,2014-05-11,良,59,111,29,70,21,34,1.73,34
11,2014-05-12,良,77,104,35,104,29,55,1.9,31
12,2014-05-13,良,96,134,34,140,19,28,1.35,47
13,2014-05-14,良,74,82,18,100,16,21,1.23,51
14,2014-05-15,中度污染,163,188,57,254,30,38,1.29,45
15,2014-05-16,良,60,31,27,69,17,30,1.56,43
16,2014-05-17,良,86,89,42,116,22,53,1.47,36
17,2014-05-18,良,92,123,50,132,28,46,1.64,44
18,2014-05-19,良,84,100,48,115,23,40,1.4,33
19,2014-05-20,良,76,66,30,101,29,42,1.18,35
20,2014-05-21,良,95,86,40,138,32,52,1.38,45
21,2014-05-22,良,96,90,48,141,37,54,1.59,66
22,2014-05-23,良,87,121,52,122,33,43,1.52,57
23,2014-05-24,良,63,97,31,77,19,25,1.27,50
24,2014-05-25,中度污染,183,174,49,240,15,19,1.13,57
25,2014-05-26,良,95,95,34,139,32,44,1.29,40
26,2014-05-27,中度污染,193,181,48,266,15,22,1.34,58
27,2014-05-28,良,94,100,31,138,34,52,1.62,37
28,2014-05-29,轻度污染,119,113,44,187,37,62,1.77,44
29,2014-05-30,轻度污染,109,93,47,167,35,51,1.39,62
30,2014-05-31,轻度污染,102,101,45,153,32,29,1.65,80
0,2014-04-01,良,88,101,35,126,52,40,2.53,37
1,2014-04-02,良,67,59,15,85,31,26,1.88,47
2,2014-04-03,良,51,27,10,55,24,23,1.76,44
3,2014-04-04,良,83,102,26,115,44,37,2.09,37
4,2014-04-05,良,65,37,20,80,38,32,2.04,48
5,2014-04-06,良,81,98,35,111,48,54,2.35,38
6,2014-04-07,轻度污染,116,165,55,180,60,72,2.56,39
7,2014-04-08,轻度污染,137,139,68,222,58,76,2.7,47
8,2014-04-09,轻度污染,102,86,34,152,20,31,2.12,52
9,2014-04-10,轻度污染,102,109,45,153,39,39,2.67,52
10,2014-04-11,良,99,132,60,147,46,51,2.87,41
11,2014-04-12,轻度污染,126,154,76,198,52,63,2.65,35
12,2014-04-13,轻度污染,104,136,55,158,39,47,2.33,42
13,2014-04-14,轻度污染,104,124,54,158,39,46,2.54,61
14,2014-04-15,轻度污染,121,149,51,189,24,37,2.22,44
15,2014-04-16,良,60,42,33,71,35,30,2.23,33
16,2014-04-17,良,98,121,68,120,19,34,2.08,23
17,2014-04-18,良,67,71,25,84,16,41,1.74,32
18,2014-04-19,良,53,63,14,58,12,17,1.39,46
19,2014-04-20,良,52,32,13,57,20,27,1.54,41
20,2014-04-21,良,60,66,15,70,14,34,1.77,39
21,2014-04-22,良,86,123,28,121,24,50,1.81,35
22,2014-04-23,轻度污染,105,135,40,160,28,53,1.9,35
23,2014-04-24,重度污染,212,182,102,371,26,45,2.21,36
24,2014-04-25,中度污染,158,174,55,232,15,25,1.89,37
25,2014-04-26,轻度污染,129,179,41,194,28,41,2.05,27
26,2014-04-27,良,76,115,24,101,21,46,1.94,30
27,2014-04-28,良,75,112,21,102,19,48,2.57,33
28,2014-04-29,良,92,122,29,133,27,55,2.02,33
29,2014-04-30,轻度污染,112,143,45,173,29,70,1.82,32
0,2014-03-01,良,69,103,31,87,86,42,2.25,32
1,2014-03-02,良,89,95,46,127,77,47,2.84,25
2,2014-03-03,良,84,88,41,118,102,50,2.96,22
3,2014-03-04,优,30,6,8,28,48,16,1.57,39
4,2014-03-05,优,48,23,17,50,63,30,2.05,31
5,2014-03-06,优,47,36,17,52,81,27,1.91,33
6,2014-03-07,优,44,37,16,47,80,35,2.05,29
7,2014-03-08,良,70,88,38,89,96,37,2.59,33
8,2014-03-09,良,72,74,36,92,92,53,2.89,24
9,2014-03-10,轻度污染,117,121,81,181,123,75,4.12,23
10,2014-03-11,良,96,77,44,139,56,41,2.53,28
11,2014-03-12,优,31,1,9,29,47,17,1.34,43
12,2014-03-13,良,81,113,24,111,61,40,2.03,26
13,2014-03-14,良,80,60,36,109,93,53,2.44,23
14,2014-03-15,轻度污染,122,146,78,193,124,72,3.36,21
15,2014-03-16,轻度污染,138,154,83,224,101,68,3.1,28
16,2014-03-17,中度污染,187,157,74,223,39,13,1.46,46
17,2014-03-18,良,75,37,33,100,68,47,2.27,28
18,2014-03-19,良,85,66,20,120,34,17,1.88,45
19,2014-03-20,良,59,39,26,74,70,37,2.04,34
20,2014-03-21,良,80,120,46,109,85,59,3.03,25
21,2014-03-22,轻度污染,102,139,62,154,106,73,3.29,26
22,2014-03-23,轻度污染,101,110,57,152,83,67,3.05,34
23,2014-03-25,轻度污染,120,118,61,189,95,66,2.76,35
24,2014-03-26,轻度污染,123,115,58,194,77,68,3.19,27
25,2014-03-27,重度污染,237,181,81,348,58,57,2.82,34
26,2014-03-28,中度污染,192,177,60,287,38,27,1.72,35
27,2014-03-29,轻度污染,125,133,40,200,52,41,1.75,29
28,2014-03-30,良,83,70,28,115,54,52,2.31,28
29,2014-03-31,良,94,122,32,137,47,43,2.25,34
0,2014-02-01,重度污染,226,156,175,277,157,76,5.4,21
1,2014-02-02,轻度污染,101,66,44,132,39,20,2.41,40
2,2014-02-03,优,33,6,15,26,33,13,1.88,43
3,2014-02-04,优,38,20,19,39,60,33,2.65,33
4,2014-02-05,良,64,126,40,73,95,53,3.63,20
5,2014-02-06,轻度污染,103,161,75,127,120,57,4.21,14
6,2014-02-07,轻度污染,103,149,77,114,57,38,3.18,19
7,2014-02-08,优,20,3,5,13,27,14,1.96,40
8,2014-02-09,优,26,22,11,19,51,31,2.43,34
9,2014-02-10,优,49,78,32,48,89,53,3.45,21
10,2014-02-11,良,77,87,56,80,109,66,4.16,16
11,2014-02-12,良,66,33,43,71,88,64,4.09,17
12,2014-02-13,良,82,74,60,94,86,61,4.05,16
13,2014-02-14,轻度污染,121,105,92,131,107,58,3.83,27
14,2014-02-15,轻度污染,107,61,79,121,110,71,4.89,20
15,2014-02-16,优,48,21,26,47,71,56,3.83,23
16,2014-02-17,优,50,39,26,48,77,49,3.7,25
17,2014-02-18,良,83,124,59,83,45,31,3.05,28
18,2014-02-19,优,41,34,21,34,56,40,3.21,28
19,2014-02-20,良,69,51,49,76,72,61,3.84,17
20,2014-02-21,轻度污染,143,101,108,185,101,83,4.51,24
21,2014-02-22,中度污染,164,129,124,185,81,76,4.59,17
22,2014-02-23,中度污染,169,126,128,180,89,76,4.32,13
23,2014-02-24,中度污染,155,114,118,165,78,70,4.12,12
24,2014-02-25,中度污染,183,132,139,198,70,64,4.19,14
25,2014-02-26,良,93,80,57,108,40,30,2.43,30
26,2014-02-27,优,41,11,17,42,70,34,1.96,35
27,2014-02-28,良,64,90,31,77,65,45,2.43,22
0,2014-01-01,轻度污染,146,136,61,175,95,65,6.35,15
1,2014-01-02,轻度污染,120,70,93,180,114,77,4.97,13
2,2014-01-03,轻度污染,103,57,68,152,79,61,4.36,18
3,2014-01-04,轻度污染,117,82,87,171,112,75,4.76,12
4,2014-01-05,良,82,14,55,109,77,67,4.24,16
5,2014-01-06,良,95,32,65,137,116,75,4.61,15
6,2014-01-07,优,49,4,15,53,51,27,2.64,38
7,2014-01-08,良,54,42,26,63,45,30,2.71,32
8,2014-01-09,良,67,64,38,83,77,57,3.74,19
9,2014-01-10,轻度污染,106,93,77,146,125,75,4.53,12
10,2014-01-11,轻度污染,117,97,83,160,145,70,4.73,16
11,2014-01-12,良,60,31,34,73,68,46,3.22,22
12,2014-01-13,良,88,76,62,118,113,72,4.57,18
13,2014-01-14,良,77,50,51,98,101,72,4.29,12
14,2014-01-15,良,99,55,72,137,145,82,4.59,10
15,2014-01-16,轻度污染,101,41,70,142,103,64,4.14,14
16,2014-01-17,良,71,10,27,89,63,36,2.39,28
17,2014-01-18,良,81,15,54,110,104,72,3.85,12
18,2014-01-19,轻度污染,139,76,59,201,83,47,3.18,23
19,2014-01-20,优,48,6,16,44,51,26,2.96,36
20,2014-01-21,良,66,32,37,69,99,62,5.35,15
21,2014-01-22,良,97,85,71,129,144,83,4.53,12
22,2014-01-24,良,77,45,42,93,84,43,2.8,29
23,2014-01-25,优,38,3,15,38,53,31,2.36,33
24,2014-01-26,良,81,90,54,102,104,64,4.26,18
25,2014-01-27,良,93,97,55,122,76,43,3.63,28
26,2014-01-28,良,60,43,35,72,90,51,3.43,24
27,2014-01-29,良,96,85,61,139,102,54,3.85,23
28,2014-01-30,良,88,37,57,106,102,52,3.14,30
29,2014-01-31,严重污染,266,137,252,316,198,96,6.99,15
0,2013-12-01,轻度污染,101,54,75,145,59,34,4.22,11
1,2013-12-02,轻度污染,112,42,93,201,68,37,4.5,29
2,2013-12-03,轻度污染,113,32,82,158,64,37,3.49,14
3,2013-12-04,轻度污染,133,44,103,183,83,54,4.27,13
4,2013-12-05,良,93,29,46,88,47,32,2.67,17
5,2013-12-06,轻度污染,102,39,121,192,103,70,4.19,12
6,2013-12-07,中度污染,179,57,139,209,109,93,4.63,13
7,2013-12-08,轻度污染,144,33,55,112,43,33,1.94,21
8,2013-12-09,良,61,6,45,88,68,48,2.21,18
9,2013-12-10,良,87,27,37,102,50,36,2.17,27
10,2013-12-11,良,73,22,46,99,85,51,2.2,18
11,2013-12-12,良,65,16,20,36,45,30,1.75,34
12,2013-12-13,良,63,17,60,112,88,61,2.89,17
13,2013-12-14,轻度污染,110,41,97,174,112,70,3.9,12
14,2013-12-15,轻度污染,141,65,102,192,114,71,4.08,13
15,2013-12-16,轻度污染,129,75,89,160,110,65,3.43,14
16,2013-12-17,良,77,50,23,45,44,32,1.91,32
17,2013-12-18,良,61,44,63,121,105,63,3.51,14
18,2013-12-19,轻度污染,109,57,84,158,96,69,3.91,13
19,2013-12-20,轻度污染,124,55,110,190,115,77,5.29,12
20,2013-12-21,轻度污染,136,59,98,181,158,84,8.86,11
21,2013-12-22,中度污染,152,73,127,225,194,90,10.22,11
22,2013-12-23,中度污染,166,62,126,225,180,91,9.97,11
23,2013-12-24,中度污染,166,48,134,244,162,92,10.68,12
24,2013-12-25,中度污染,177,46,94,189,62,50,4.54,24
25,2013-12-26,良,68,6,22,47,52,38,2.49,28
26,2013-12-27,良,63,19,53,93,101,57,3.15,12
27,2013-12-28,良,64,14,30,71,66,43,3.1,27
28,2013-12-29,良,81,25,71,138,127,71,4.91,13
29,2013-12-30,轻度污染,121,63,82,258,102,64,4.57,18
30,2013-12-31,中度污染,178,167,63,310,84,58,4.16,18
0,2013-11-01,重度污染,203,99,156,250,43,77,2.79,10
1,2013-11-02,轻度污染,129,72,95,146,41,47,1.75,17
2,2013-11-03,良,83,39,45,115,42,52,1.84,20
3,2013-11-04,轻度污染,125,89,77,187,46,59,2.52,16
4,2013-11-05,轻度污染,109,72,73,155,42,49,2.11,20
5,2013-11-06,轻度污染,113,54,47,133,28,41,2.11,24
6,2013-11-07,良,87,39,49,157,60,87,2.34,12
7,2013-11-08,轻度污染,143,79,111,289,79,68,3.7,11
8,2013-11-09,轻度污染,129,74,37,113,27,23,1.72,33
9,2013-11-10,良,61,34,30,64,56,34,1.84,34
10,2013-11-11,良,91,100,82,158,103,59,3.42,25
11,2013-11-12,良,84,76,37,92,84,48,4.3,10
12,2013-11-13,良,68,43,32,80,49,37,3.33,14
13,2013-11-14,良,59,33,18,64,37,25,2.01,21
14,2013-11-15,良,76,31,47,148,47,31,2.51,16
15,2013-11-16,中度污染,155,74,78,52,25,13,1.4,40
16,2013-11-17,重度污染,232,110,22,48,31,20,1.5,31
17,2013-11-18,良,60,24,49,104,46,31,2.77,13
18,2013-11-19,良,91,52,74,158,54,36,3.42,9
19,2013-11-20,轻度污染,118,55,92,189,62,36,3.62,10
20,2013-11-21,轻度污染,112,42,70,166,51,34,3.39,11
21,2013-11-22,轻度污染,114,46,97,195,70,41,4.05,8
22,2013-11-23,中度污染,152,66,124,240,61,35,3.77,8
23,2013-11-24,轻度污染,147,65,66,214,35,20,2.51,21
24,2013-11-25,良,90,61,31,84,35,18,1.77,28
25,2013-11-26,良,71,39,21,87,23,14,1.66,34
26,2013-11-27,良,72,35,11,79,21,7,1.53,46
27,2013-11-28,良,61,40,41,96,39,23,2.83,22
28,2013-11-29,良,92,90,80,167,61,34,4.04,10
29,2013-11-30,轻度污染,115,88,79,161,56,33,3.8,12
0,2013-10-28,轻度污染,146,59,92,219,38,51,2.0,32
1,2013-10-29,良,98,46,48,139,45,57,1.72,30
2,2013-10-30,中度污染,186,104,109,284,65,79,2.48,20
3,2013-10-31,重度污染,221,111,142,350,59,89,3.19,15
