0,2019-12-01,良,80,302,56,82,16,50,0.82,25
1,2019-12-02,良,55,205,31,64,16,43,0.74,32
2,2019-12-03,良,74,255,50,95,25,51,0.97,30
3,2019-12-04,良,84,282,59,111,33,61,1.2,23
4,2019-12-05,良,83,266,60,111,18,52,0.98,18
5,2019-12-06,良,86,282,63,100,15,46,0.81,20
6,2019-12-07,轻度污染,141,305,107,159,20,59,1.07,27
7,2019-12-08,中度污染,193,331,148,207,18,60,1.36,38
8,2019-12-09,严重污染,269,360,219,294,20,79,2.3,11
9,2019-12-10,重度污染,216,344,169,234,19,74,3.15,16
0,2019-11-01,轻度污染,130,343,95,207,19,88,1.6,30
1,2019-11-02,轻度污染,122,340,85,192,18,76,1.43,47
2,2019-11-03,良,95,328,66,113,9,33,0.9,50
3,2019-11-04,良,62,178,31,75,12,53,0.93,32
4,2019-11-05,良,85,285,60,116,12,66,1.25,35
5,2019-11-06,轻度污染,125,344,94,167,16,73,1.48,44
6,2019-11-07,轻度污染,106,324,69,134,10,58,1.0,26
7,2019-11-08,轻度污染,105,314,72,137,13,57,1.05,30
8,2019-11-09,中度污染,163,333,123,196,10,44,1.09,85
9,2019-11-10,轻度污染,102,324,57,133,7,34,0.64,59
10,2019-11-11,良,84,290,38,118,10,58,0.93,23
11,2019-11-12,轻度污染,107,343,64,164,16,69,1.05,41
12,2019-11-13,轻度污染,110,359,46,164,7,37,0.59,44
13,2019-11-14,良,86,342,34,122,11,37,0.59,46
14,2019-11-15,轻度污染,102,343,65,149,24,77,1.4,22
15,2019-11-16,中度污染,172,357,132,217,15,78,1.59,16
16,2019-11-17,轻度污染,120,290,87,134,8,51,1.11,20
17,2019-11-18,轻度污染,149,359,41,226,7,27,0.48,37
18,2019-11-19,轻度污染,122,346,57,193,20,56,1.01,16
19,2019-11-20,轻度污染,104,323,60,158,20,57,0.96,29
20,2019-11-21,良,75,259,41,99,12,38,0.6,50
21,2019-11-22,良,70,213,46,89,11,42,0.77,41
22,2019-11-23,良,92,286,67,112,11,63,1.04,11
23,2019-11-24,良,84,280,52,90,6,34,0.81,31
24,2019-11-25,优,47,245,20,51,12,37,0.75,29
25,2019-11-26,良,80,323,57,101,18,51,0.9,21
26,2019-11-27,良,87,324,56,107,20,50,0.85,25
27,2019-11-28,优,48,204,23,52,13,44,0.6,32
28,2019-11-29,良,90,316,64,125,23,64,1.04,14
29,2019-11-30,良,92,302,68,107,17,54,0.92,17
0,2019-10-01,良,62,184,32,63,8,35,0.67,112
1,2019-10-02,良,63,222,38,75,8,44,0.7,92
2,2019-10-03,良,77,299,37,84,12,58,0.9,103
3,2019-10-04,良,70,304,43,97,7,43,0.67,51
4,2019-10-05,优,27,107,11,27,7,20,0.35,57
5,2019-10-06,优,48,298,25,48,9,46,0.81,26
6,2019-10-07,良,58,294,41,59,6,31,0.65,44
7,2019-10-08,良,76,349,48,95,8,44,0.8,56
8,2019-10-09,良,84,356,60,106,10,50,0.95,54
9,2019-10-10,优,47,186,33,46,4,39,0.81,37
10,2019-10-11,良,63,259,42,67,6,39,0.76,35
11,2019-10-12,良,69,310,41,88,11,47,0.89,50
12,2019-10-13,良,66,319,32,82,9,45,0.68,59
13,2019-10-14,优,39,161,13,39,7,23,0.33,48
14,2019-10-15,良,55,310,24,61,11,49,0.89,32
15,2019-10-16,良,80,350,51,109,16,68,1.11,13
16,2019-10-17,良,92,331,68,126,17,65,1.16,30
17,2019-10-18,轻度污染,125,349,95,162,14,64,1.14,44
18,2019-10-19,轻度污染,120,329,90,146,13,55,0.95,74
19,2019-10-20,良,88,285,62,116,13,40,0.81,120
20,2019-10-21,轻度污染,136,349,88,185,17,61,1.04,57
21,2019-10-22,良,91,295,59,132,12,59,0.91,68
22,2019-10-23,良,81,263,57,100,10,53,0.84,60
23,2019-10-24,轻度污染,107,327,80,142,11,49,0.98,71
24,2019-10-25,优,37,141,11,39,5,29,0.37,40
25,2019-10-26,良,55,235,22,61,10,47,0.61,32
26,2019-10-27,良,75,285,47,100,13,39,0.68,65
27,2019-10-28,轻度污染,144,314,52,230,12,42,0.62,52
28,2019-10-29,轻度污染,115,301,42,179,12,54,0.84,32
29,2019-10-30,中度污染,157,341,71,263,16,45,0.77,77
30,2019-10-31,轻度污染,127,318,76,204,18,72,1.24,46
31,2019-10-31,轻度污染,127,318,76,204,18,72,1.24,46
0,2019-09-01,良,59,327,31,62,10,28,0.74,114
1,2019-09-02,良,70,347,38,70,8,33,0.78,110
2,2019-09-03,良,70,341,37,81,9,40,0.74,98
3,2019-09-04,良,68,336,34,78,11,39,0.68,94
4,2019-09-05,良,81,354,47,94,13,44,0.88,115
5,2019-09-06,良,94,356,59,114,11,50,0.88,128
6,2019-09-07,轻度污染,102,356,63,129,12,51,1.03,118
7,2019-09-08,良,91,329,51,100,12,43,0.95,141
8,2019-09-09,良,90,343,52,109,8,47,0.83,126
9,2019-09-10,良,84,352,47,114,12,46,0.81,73
10,2019-09-11,优,50,272,16,54,14,41,0.7,35
11,2019-09-12,优,37,163,23,40,6,46,0.82,34
12,2019-09-13,优,43,230,25,46,7,34,0.87,41
13,2019-09-14,优,47,265,26,50,8,38,0.92,59
14,2019-09-15,良,59,329,31,68,13,46,1.08,55
15,2019-09-16,良,55,302,25,60,8,34,0.66,84
16,2019-09-17,良,76,354,38,102,13,54,1.03,47
17,2019-09-18,良,79,358,37,104,9,38,0.7,55
18,2019-09-19,良,65,333,20,80,13,59,0.73,21
19,2019-09-20,良,75,349,31,100,15,62,0.89,32
20,2019-09-21,良,92,357,48,123,20,62,1.21,74
21,2019-09-22,良,70,330,37,89,11,45,0.65,72
22,2019-09-23,良,67,312,27,76,10,53,0.83,78
23,2019-09-24,良,84,336,44,98,14,58,0.96,108
24,2019-09-25,良,74,274,43,95,9,62,0.88,77
25,2019-09-26,良,72,276,38,82,12,53,0.89,98
26,2019-09-27,良,73,284,37,86,11,46,0.74,101
27,2019-09-28,良,81,280,48,100,11,38,0.73,129
28,2019-09-29,良,80,261,45,93,11,35,0.68,139
29,2019-09-30,良,75,255,43,82,9,33,0.67,146
0,2019-08-06,优,36,127,18,33,6,22,0.62,52
1,2019-08-07,优,37,102,22,35,5,32,0.86,31
2,2019-08-08,良,62,315,33,51,7,24,0.92,83
3,2019-08-09,良,56,278,32,54,6,28,0.73,73
4,2019-08-10,优,33,135,16,29,4,20,0.51,41
5,2019-08-11,优,22,51,3,5,5,7,0.38,47
6,2019-08-21,良,71,352,38,79,10,34,0.83,117
7,2019-08-22,良,66,302,33,71,7,39,0.75,106
8,2019-08-23,良,60,260,26,68,7,44,0.65,83
9,2019-08-24,良,81,357,41,110,14,62,1.17,88
10,2019-08-25,良,69,324,48,87,9,39,1.05,97
11,2019-08-26,良,68,325,40,86,9,55,1.22,47
12,2019-08-27,良,71,344,43,87,12,46,1.14,78
13,2019-08-28,良,81,352,55,96,12,36,1.1,87
0,2019-07-01,良,79,317,17,59,6,37,0.39,109
1,2019-07-02,轻度污染,108,347,28,78,11,33,0.55,161
2,2019-07-03,轻度污染,115,351,32,69,8,24,0.65,169
3,2019-07-04,轻度污染,110,340,37,83,12,27,0.62,166
4,2019-07-05,轻度污染,109,343,30,71,8,16,0.5,176
5,2019-07-06,良,80,351,23,45,4,18,0.56,130
6,2019-07-07,良,58,244,27,44,6,18,0.67,103
7,2019-07-12,良,68,331,46,77,9,40,0.79,104
8,2019-07-13,良,81,336,38,67,9,26,0.76,157
9,2019-07-14,良,82,357,48,94,11,37,0.86,140
10,2019-07-15,良,88,357,46,88,11,37,0.83,151
11,2019-07-16,良,89,362,49,100,13,48,0.96,132
12,2019-07-17,良,86,356,64,102,10,30,0.93,114
13,2019-07-18,良,70,342,37,72,10,27,0.75,115
14,2019-07-19,良,55,309,21,57,8,33,0.5,79
15,2019-07-20,良,58,319,27,56,11,20,0.53,104
16,2019-07-21,良,81,342,35,68,8,30,0.72,136
17,2019-07-22,良,78,342,49,90,8,32,0.78,135
18,2019-07-23,良,52,304,33,54,6,19,0.66,114
19,2019-07-24,良,77,355,35,62,7,25,0.9,135
20,2019-07-25,良,58,313,34,63,8,26,0.79,109
21,2019-07-26,良,82,349,39,72,9,28,0.86,153
0,2019-06-01,良,88,319,33,89,11,37,0.55,131
1,2019-06-02,轻度污染,117,353,34,83,10,17,0.51,182
2,2019-06-03,轻度污染,109,348,41,109,12,20,0.58,169
3,2019-06-04,轻度污染,121,357,45,130,14,30,0.7,169
4,2019-06-05,良,100,347,47,105,12,29,0.83,142
5,2019-06-06,良,69,320,29,56,8,21,0.53,109
6,2019-06-07,良,74,303,23,51,11,24,0.54,125
7,2019-06-08,良,100,357,35,76,11,21,0.59,158
8,2019-06-09,良,83,315,25,72,10,17,0.58,134
9,2019-06-10,良,74,282,18,50,7,30,0.47,116
10,2019-06-11,良,71,297,30,91,9,58,0.63,61
11,2019-06-14,轻度污染,101,350,34,87,8,30,0.62,203
12,2019-06-15,轻度污染,103,360,47,119,17,44,0.92,157
13,2019-06-17,良,90,358,38,97,16,36,0.73,141
14,2019-06-18,良,89,342,39,90,14,25,0.6,170
15,2019-06-19,良,83,348,37,83,13,24,0.64,171
16,2019-06-20,良,71,347,43,85,11,26,0.69,138
17,2019-06-25,良,96,336,30,67,9,18,0.44,151
18,2019-06-26,良,92,328,29,68,11,18,0.58,144
19,2019-06-27,良,99,342,38,82,14,25,0.63,142
20,2019-06-28,良,69,302,41,66,8,30,0.68,98
21,2019-06-29,良,92,350,48,79,8,26,0.68,136
22,2019-06-30,良,93,351,34,78,10,25,0.6,135
0,2019-05-01,良,66,224,26,73,7,52,0.57,63
1,2019-05-02,良,80,326,35,89,11,50,0.7,94
2,2019-05-03,良,93,340,41,96,13,39,0.6,132
3,2019-05-04,良,80,277,33,80,12,32,0.55,131
4,2019-05-05,轻度污染,108,326,40,154,11,56,0.64,77
5,2019-05-06,良,74,330,23,92,12,39,0.53,76
6,2019-05-07,良,82,346,34,99,14,46,0.58,97
7,2019-05-08,良,80,323,33,96,13,25,0.45,122
8,2019-05-09,良,90,318,44,100,17,38,0.76,130
9,2019-05-10,良,87,289,45,99,13,38,0.73,128
10,2019-05-11,良,86,261,44,82,11,44,0.87,115
11,2019-05-12,良,83,206,39,92,11,43,0.73,105
12,2019-05-13,中度污染,174,330,66,259,12,32,0.78,86
13,2019-05-14,轻度污染,147,354,66,242,14,33,0.74,119
14,2019-05-15,轻度污染,103,303,56,114,12,27,0.77,130
15,2019-05-16,良,77,262,44,84,12,24,0.77,110
16,2019-05-17,良,57,198,24,54,10,17,0.69,87
17,2019-05-18,优,50,153,19,43,8,21,0.55,86
18,2019-05-19,良,89,320,33,127,11,22,0.54,91
19,2019-05-20,良,68,253,19,85,7,22,0.41,82
20,2019-05-21,良,79,297,29,88,15,36,0.62,107
21,2019-05-22,良,90,301,33,90,18,37,0.7,138
22,2019-05-23,轻度污染,110,326,33,103,20,36,0.66,164
23,2019-05-24,良,92,276,31,86,11,28,0.54,146
24,2019-05-25,良,85,265,41,89,13,29,0.66,135
25,2019-05-26,良,66,273,39,67,7,21,0.71,107
26,2019-05-27,优,50,211,14,44,5,20,0.48,81
27,2019-05-28,良,68,325,18,60,13,35,0.52,98
28,2019-05-29,良,79,320,20,63,12,25,0.43,127
29,2019-05-30,良,82,343,23,56,10,22,0.48,140
30,2019-05-31,良,72,298,33,79,9,37,0.59,89
0,2019-04-01,良,85,331,45,118,19,53,0.71,68
1,2019-04-02,良,92,332,55,131,18,57,0.87,74
2,2019-04-03,良,85,305,48,114,12,51,0.66,87
3,2019-04-04,轻度污染,104,301,69,144,14,34,0.64,148
4,2019-04-05,轻度污染,122,315,82,167,16,40,0.83,148
5,2019-04-06,轻度污染,121,328,66,190,20,43,0.88,83
6,2019-04-07,轻度污染,127,347,79,202,24,69,1.24,78
7,2019-04-08,轻度污染,122,336,75,192,25,76,1.28,44
8,2019-04-09,优,43,84,20,39,6,29,0.49,72
9,2019-04-10,良,58,256,40,63,8,37,0.68,73
10,2019-04-11,轻度污染,103,343,76,117,11,63,0.88,46
11,2019-04-12,轻度污染,105,325,78,115,10,50,0.78,69
12,2019-04-13,轻度污染,101,315,75,121,14,35,0.72,104
13,2019-04-14,良,79,324,39,91,9,40,0.57,71
14,2019-04-15,良,76,302,31,90,13,34,0.48,108
15,2019-04-16,良,84,308,48,103,14,32,0.63,139
16,2019-04-17,良,95,304,45,137,11,25,0.54,126
17,2019-04-18,轻度污染,123,336,37,179,13,32,0.66,101
18,2019-04-19,良,82,285,34,111,20,51,0.9,67
19,2019-04-20,良,96,340,54,139,22,57,0.9,78
20,2019-04-21,轻度污染,109,338,80,160,30,56,1.27,78
21,2019-04-22,轻度污染,104,333,77,139,13,56,1.03,52
22,2019-04-23,优,49,121,31,53,8,36,0.74,35
23,2019-04-24,良,84,277,49,105,9,34,0.79,59
24,2019-04-25,良,56,193,26,65,5,26,0.52,65
25,2019-04-26,优,50,147,25,47,5,35,0.5,73
26,2019-04-27,良,58,242,33,63,8,52,0.77,54
27,2019-04-28,良,60,244,41,65,6,46,0.72,68
28,2019-04-29,良,95,325,71,119,13,44,0.91,96
29,2019-04-30,轻度污染,110,334,60,152,10,35,0.74,87
0,2019-03-01,中度污染,157,322,120,193,19,86,1.06,63
1,2019-03-02,中度污染,185,339,141,236,18,86,1.2,63
2,2019-03-03,轻度污染,134,295,102,172,12,50,0.8,85
3,2019-03-04,良,96,231,71,120,10,42,0.64,95
4,2019-03-05,轻度污染,121,276,91,144,12,57,0.85,85
5,2019-03-06,轻度污染,105,288,43,139,7,42,0.51,65
6,2019-03-07,良,84,295,46,116,14,66,0.85,39
7,2019-03-08,良,82,301,45,112,16,65,0.62,58
8,2019-03-09,良,80,243,53,108,13,55,0.51,74
9,2019-03-10,轻度污染,119,320,85,182,18,76,0.81,75
10,2019-03-11,良,88,301,54,107,8,42,0.61,70
11,2019-03-12,良,59,133,15,66,8,33,0.41,62
12,2019-03-13,良,65,179,25,78,14,46,0.6,58
13,2019-03-14,良,81,336,41,111,17,49,0.68,55
14,2019-03-15,良,77,324,28,102,12,53,0.59,48
15,2019-03-16,良,81,323,37,111,20,43,0.67,71
16,2019-03-17,良,97,317,48,142,16,61,0.81,65
17,2019-03-18,良,96,318,51,140,14,33,0.56,124
18,2019-03-19,良,81,263,44,94,10,28,0.55,126
19,2019-03-20,良,79,260,55,93,11,44,0.71,100
20,2019-03-21,良,70,228,28,86,7,27,0.47,70
21,2019-03-22,良,58,266,24,65,14,38,0.58,65
22,2019-03-23,良,58,260,23,66,9,31,0.45,69
23,2019-03-24,良,89,312,50,126,16,40,0.59,86
24,2019-03-25,良,86,306,55,120,16,38,0.62,98
25,2019-03-26,良,93,308,55,134,16,38,0.65,101
26,2019-03-27,轻度污染,101,316,51,149,16,39,0.71,107
27,2019-03-28,良,95,308,38,137,18,48,0.77,56
28,2019-03-29,良,96,325,59,138,18,58,1.01,31
29,2019-03-30,良,78,270,25,104,6,28,0.42,70
30,2019-03-31,良,74,321,26,95,12,51,0.56,55
0,2019-02-01,良,86,246,60,116,13,23,0.76,59
1,2019-02-02,良,91,206,65,97,10,22,0.92,73
2,2019-02-03,轻度污染,148,322,107,183,21,39,1.28,30
3,2019-02-04,轻度污染,113,252,69,173,18,24,0.86,74
4,2019-02-05,轻度污染,150,248,115,193,20,19,0.92,93
5,2019-02-06,中度污染,193,334,153,240,10,27,1.29,22
6,2019-02-07,良,55,174,26,60,11,14,0.59,61
7,2019-02-08,良,68,286,41,75,22,34,1.05,31
8,2019-02-09,良,74,276,50,80,20,28,0.88,50
9,2019-02-10,良,65,230,44,68,20,33,0.82,41
10,2019-02-11,轻度污染,106,299,79,102,11,30,0.8,69
11,2019-02-12,轻度污染,143,326,108,144,18,51,1.22,45
12,2019-02-13,良,100,293,74,107,10,39,0.86,28
13,2019-02-14,良,98,303,72,86,11,54,1.1,19
14,2019-02-15,轻度污染,126,338,94,119,11,37,0.99,49
15,2019-02-16,良,60,209,38,56,12,40,0.61,54
16,2019-02-17,良,57,225,36,62,18,56,0.75,39
17,2019-02-18,良,78,276,53,90,20,62,0.88,25
18,2019-02-19,中度污染,158,329,121,150,11,57,1.09,20
19,2019-02-20,重度污染,202,324,157,203,12,63,1.36,26
20,2019-02-21,中度污染,176,315,132,179,21,78,1.75,35
21,2019-02-22,中度污染,177,331,133,186,33,93,1.58,51
22,2019-02-23,中度污染,175,320,132,204,38,104,1.82,41
23,2019-02-24,中度污染,161,299,121,193,31,94,1.47,51
24,2019-02-25,重度污染,205,348,157,260,43,109,1.89,44
25,2019-02-26,中度污染,197,344,149,252,40,109,1.91,31
26,2019-02-27,轻度污染,114,282,85,134,19,59,0.85,72
27,2019-02-28,轻度污染,113,277,85,134,16,60,0.77,73
0,2019-01-01,轻度污染,134,316,99,181,48,77,1.53,18
1,2019-01-02,中度污染,176,325,133,234,51,90,1.79,14
2,2019-01-03,重度污染,216,335,166,257,47,91,1.75,29
3,2019-01-04,重度污染,223,325,177,275,48,103,2.02,18
4,2019-01-05,良,72,202,44,92,33,65,1.19,22
5,2019-01-06,轻度污染,141,296,103,173,33,78,1.48,23
6,2019-01-07,重度污染,236,336,185,282,37,96,1.84,15
7,2019-01-08,良,78,202,41,99,23,59,0.96,26
8,2019-01-09,良,74,248,36,95,22,57,0.83,20
9,2019-01-10,轻度污染,114,285,85,118,14,50,0.87,27
10,2019-01-11,轻度污染,130,258,98,128,14,55,1.03,21
11,2019-01-12,重度污染,205,310,157,200,20,60,1.31,33
12,2019-01-13,严重污染,294,351,243,329,18,84,1.95,10
13,2019-01-14,严重污染,327,359,276,383,20,92,2.79,7
14,2019-01-15,中度污染,152,313,73,204,8,38,0.83,37
15,2019-01-16,良,64,185,22,77,16,49,0.59,26
16,2019-01-17,良,89,224,54,125,29,58,0.93,31
17,2019-01-18,轻度污染,115,264,83,170,36,77,1.41,27
18,2019-01-19,中度污染,162,323,121,199,45,95,1.77,13
19,2019-01-20,良,67,182,38,84,22,54,0.89,27
20,2019-01-21,良,98,286,68,131,27,64,1.09,32
21,2019-01-22,良,95,234,65,131,33,63,1.01,32
22,2019-01-23,良,97,225,60,141,34,80,1.25,23
23,2019-01-24,轻度污染,126,259,86,177,36,83,1.44,36
24,2019-01-25,轻度污染,107,243,72,135,29,54,1.12,33
25,2019-01-26,良,82,218,48,112,27,62,1.11,23
26,2019-01-27,良,81,195,47,107,19,42,0.69,48
27,2019-01-28,良,86,204,48,119,27,59,0.98,27
28,2019-01-29,轻度污染,103,236,69,151,23,48,1.0,50
29,2019-01-30,轻度污染,142,301,93,202,22,55,1.19,32
30,2019-01-31,良,61,227,23,71,12,20,0.51,49
0,2018-12-01,严重污染,312,358,236,428,23,107,2.78,8
1,2018-12-02,重度污染,228,318,178,262,16,87,2.26,5
2,2018-12-03,中度污染,187,314,126,249,6,48,1.5,16
3,2018-12-04,轻度污染,120,307,48,188,15,50,0.69,15
4,2018-12-05,良,77,259,38,102,12,43,0.61,19
5,2018-12-06,良,73,299,41,86,6,36,0.52,26
6,2018-12-07,优,50,252,14,50,12,38,0.5,29
7,2018-12-08,良,63,305,29,74,18,42,0.6,28
8,2018-12-09,良,83,315,46,112,24,61,0.84,15
9,2018-12-10,轻度污染,125,326,91,176,38,73,1.45,13
10,2018-12-11,轻度污染,118,315,82,151,29,61,0.97,21
11,2018-12-12,良,75,186,33,96,16,49,0.61,26
12,2018-12-13,轻度污染,104,240,72,135,20,61,0.9,27
13,2018-12-14,良,100,245,65,133,31,73,1.14,16
14,2018-12-15,良,92,228,63,110,17,46,0.7,43
15,2018-12-16,轻度污染,131,289,99,166,28,70,1.11,27
16,2018-12-17,轻度污染,110,271,76,158,30,69,1.11,30
17,2018-12-18,良,100,249,67,145,31,69,1.09,31
18,2018-12-19,中度污染,184,324,140,246,49,104,2.07,14
19,2018-12-20,中度污染,151,312,113,208,36,95,1.41,18
20,2018-12-21,中度污染,185,339,142,219,22,62,1.22,30
21,2018-12-28,良,52,220,13,55,11,26,0.39,40
22,2018-12-29,良,75,314,38,97,28,54,0.86,22
23,2018-12-30,良,82,303,48,112,30,56,1.12,21
24,2018-12-31,良,94,295,59,134,32,64,1.14,19
0,2018-11-01,良,98,322,59,142,14,81,0.95,31
1,2018-11-02,轻度污染,111,337,81,162,15,87,1.17,56
2,2018-11-03,良,92,305,63,124,8,71,0.68,52
3,2018-11-04,良,90,309,60,122,10,53,0.67,62
4,2018-11-05,良,59,253,37,67,3,26,0.41,27
5,2018-11-06,优,49,248,28,53,8,41,0.64,22
6,2018-11-07,良,72,326,44,90,15,57,1.18,17
7,2018-11-08,良,58,253,40,56,5,41,0.66,25
8,2018-11-09,良,82,316,59,96,8,43,0.78,50
9,2018-11-10,轻度污染,112,352,77,148,16,68,1.45,24
10,2018-11-11,良,96,336,69,120,11,64,1.43,14
11,2018-11-12,轻度污染,125,328,94,154,10,67,1.59,26
12,2018-11-13,轻度污染,138,328,105,173,10,75,1.4,32
13,2018-11-14,轻度污染,116,297,87,146,8,67,0.99,42
14,2018-11-15,良,97,303,70,114,6,55,0.78,41
15,2018-11-16,优,44,229,20,45,5,27,0.37,37
16,2018-11-17,良,69,318,39,86,10,51,0.61,16
17,2018-11-18,轻度污染,105,344,78,131,14,52,0.95,15
18,2018-11-19,良,85,292,56,116,11,42,0.73,43
19,2018-11-20,轻度污染,109,323,81,124,10,40,0.73,55
20,2018-11-21,轻度污染,118,331,83,138,12,49,0.88,24
21,2018-11-22,良,86,293,53,112,10,57,0.73,28
22,2018-11-23,轻度污染,104,311,75,135,12,48,0.7,61
23,2018-11-24,中度污染,179,343,135,221,17,81,1.5,18
24,2018-11-25,中度污染,154,301,117,201,22,84,1.44,30
25,2018-11-26,中度污染,158,262,119,183,11,44,0.97,89
26,2018-11-27,严重污染,300,337,179,371,16,74,1.63,25
27,2018-11-28,严重污染,258,326,133,381,19,75,1.64,20
28,2018-11-29,严重污染,271,357,135,383,22,69,1.59,15
29,2018-11-30,重度污染,205,321,146,334,20,75,1.57,9
0,2018-10-01,良,57,248,14,65,6,46,0.41,45
1,2018-10-02,良,69,296,25,87,9,63,0.47,46
2,2018-10-03,良,71,255,26,86,7,69,0.59,58
3,2018-10-04,良,98,350,44,125,11,83,0.94,80
4,2018-10-05,轻度污染,109,350,51,135,14,84,1.01,97
5,2018-10-06,良,96,322,46,139,10,75,0.83,50
6,2018-10-07,良,69,205,22,88,19,60,0.87,35
7,2018-10-08,良,99,318,56,144,9,70,0.89,47
8,2018-10-09,良,67,253,31,72,5,32,0.55,54
9,2018-10-10,优,50,191,14,54,6,41,0.39,32
10,2018-10-11,良,69,323,27,87,7,59,0.59,27
11,2018-10-12,良,86,336,44,119,11,69,0.7,49
12,2018-10-13,良,82,315,49,111,12,52,0.54,94
13,2018-10-14,良,78,296,48,102,9,62,0.56,80
14,2018-10-15,良,77,300,46,102,8,66,0.55,61
15,2018-10-16,轻度污染,114,346,81,145,10,59,0.84,51
16,2018-10-17,良,65,246,35,77,10,50,0.67,44
17,2018-10-18,良,65,279,24,78,10,57,0.61,44
18,2018-10-19,良,73,315,29,95,13,67,0.86,39
19,2018-10-20,良,86,326,45,120,14,75,0.91,39
20,2018-10-21,良,81,289,40,109,10,70,0.64,27
21,2018-10-22,良,82,277,52,109,12,47,0.54,71
22,2018-10-23,良,81,316,30,109,7,50,0.47,40
23,2018-10-24,良,82,266,40,112,11,39,0.42,97
24,2018-10-25,轻度污染,112,330,80,153,9,42,0.71,107
25,2018-10-26,轻度污染,109,363,58,144,6,48,0.65,26
26,2018-10-27,良,77,330,22,102,10,43,0.49,35
27,2018-10-28,良,74,317,28,95,16,48,0.61,38
28,2018-10-29,良,64,240,20,78,13,50,0.65,28
29,2018-10-30,良,69,255,26,88,7,59,0.59,29
30,2018-10-31,良,77,284,36,102,8,66,0.78,29
0,2018-09-02,良,55,280,20,44,5,20,0.37,103
1,2018-09-03,良,81,342,26,69,6,23,0.41,130
2,2018-09-04,优,50,210,10,43,7,37,0.33,61
3,2018-09-05,良,67,278,22,70,12,45,0.44,86
4,2018-09-06,良,68,282,19,79,8,19,0.38,108
5,2018-09-07,优,46,217,7,43,5,29,0.32,52
6,2018-09-08,良,64,329,15,66,9,46,0.42,60
7,2018-09-09,良,67,307,18,77,6,49,0.48,67
8,2018-09-10,良,59,247,18,60,7,40,0.42,82
9,2018-09-11,良,74,338,26,76,10,43,0.46,95
10,2018-09-12,良,73,318,32,81,8,52,0.48,83
11,2018-09-13,良,84,351,45,110,9,53,0.57,89
12,2018-09-14,良,78,340,53,102,9,46,0.64,71
13,2018-09-15,良,84,357,57,111,9,52,0.73,42
14,2018-09-16,良,56,287,28,61,8,43,0.65,37
15,2018-09-17,良,76,352,44,97,11,61,0.92,34
16,2018-09-18,良,98,361,68,115,6,76,1.22,20
17,2018-09-19,良,86,353,63,75,4,47,2.12,38
18,2018-09-20,良,53,248,36,51,3,32,0.82,46
19,2018-09-21,良,69,313,37,86,8,50,0.97,59
20,2018-09-22,良,77,334,34,102,10,58,0.7,46
21,2018-09-23,良,65,281,19,76,8,53,0.47,52
22,2018-09-24,良,56,225,16,63,7,44,0.51,47
23,2018-09-25,良,73,356,38,93,10,63,0.91,30
24,2018-09-26,良,79,357,50,102,11,56,0.69,58
25,2018-09-27,良,87,349,47,110,9,64,0.77,82
26,2018-09-28,良,81,348,45,100,11,43,0.55,94
27,2018-09-29,良,79,326,31,105,15,33,0.54,107
28,2018-09-30,良,60,227,10,70,11,40,0.47,46
0,2018-08-01,良,91,354,44,81,9,43,0.76,106
1,2018-08-02,轻度污染,101,355,43,94,10,46,0.8,122
2,2018-08-03,轻度污染,115,365,52,113,10,51,0.9,130
3,2018-08-04,良,75,309,31,75,10,31,0.69,107
4,2018-08-05,良,61,253,29,60,5,37,0.65,80
5,2018-08-06,良,71,293,40,68,5,35,0.59,104
6,2018-08-07,良,83,332,46,71,6,25,0.53,136
7,2018-08-08,良,85,336,37,66,6,28,0.46,135
8,2018-08-09,良,96,354,62,94,7,30,0.84,91
9,2018-08-10,轻度污染,141,365,66,116,18,43,1.39,170
10,2018-08-11,轻度污染,103,350,26,72,9,35,0.48,151
11,2018-08-12,轻度污染,112,360,29,73,12,27,0.61,174
12,2018-08-13,良,59,258,29,61,8,31,0.61,62
13,2018-08-14,优,29,59,9,18,6,23,0.63,47
14,2018-08-15,优,35,89,8,22,5,16,0.41,65
15,2018-08-16,优,42,170,18,37,6,17,0.49,71
16,2018-08-17,良,72,333,27,64,15,28,0.63,116
17,2018-08-18,良,58,306,39,64,8,36,1.12,29
18,2018-08-19,优,17,3,8,11,4,20,0.56,24
19,2018-08-20,优,30,25,9,19,4,19,0.36,54
20,2018-08-21,良,87,337,36,66,8,27,0.68,134
21,2018-08-22,轻度污染,114,364,72,112,10,36,1.08,92
22,2018-08-23,良,83,332,31,69,11,33,0.82,118
23,2018-08-25,良,88,298,21,69,7,42,0.67,127
24,2018-08-27,良,94,319,24,87,9,44,0.64,128
25,2018-08-29,良,99,337,45,91,12,32,0.94,137
26,2018-08-31,良,64,316,20,49,10,34,0.76,116
0,2018-07-01,良,100,339,34,82,9,37,0.69,129
1,2018-07-02,良,93,344,34,76,8,27,0.62,130
2,2018-07-03,轻度污染,102,349,36,80,8,30,0.48,144
3,2018-07-04,轻度污染,107,356,49,106,9,51,0.88,130
4,2018-07-05,轻度污染,124,361,55,112,10,41,0.78,163
5,2018-07-06,轻度污染,134,363,64,137,16,50,1.19,141
6,2018-07-07,良,92,347,32,79,9,33,0.49,107
7,2018-07-08,良,53,267,27,55,5,23,0.42,58
8,2018-07-09,良,56,290,25,61,7,34,0.69,44
9,2018-07-10,良,62,326,39,66,7,32,0.83,54
10,2018-07-11,良,80,348,47,93,5,40,0.65,73
11,2018-07-12,良,59,288,29,62,4,23,0.3,73
12,2018-07-13,良,64,316,31,63,6,22,0.4,105
13,2018-07-14,优,50,214,23,42,4,31,0.41,66
14,2018-07-15,良,53,231,30,52,4,36,0.49,65
15,2018-07-16,良,85,344,36,62,6,18,0.52,147
16,2018-07-17,良,97,363,36,64,7,17,0.38,154
17,2018-07-18,良,85,357,28,56,7,15,0.37,141
18,2018-07-19,良,88,349,31,59,7,17,0.37,151
19,2018-07-20,轻度污染,103,360,34,67,8,17,0.41,165
20,2018-07-21,轻度污染,110,363,38,75,8,18,0.5,173
21,2018-07-22,良,97,357,38,78,13,22,0.58,136
22,2018-07-23,良,54,196,19,60,11,26,0.58,45
23,2018-07-24,优,45,144,20,38,4,17,0.37,83
24,2018-07-25,轻度污染,107,365,34,70,7,19,0.52,167
25,2018-07-26,良,72,301,33,62,4,37,0.69,98
26,2018-07-27,良,67,307,34,67,6,56,1.16,55
27,2018-07-28,良,61,245,35,58,4,44,1.11,58
28,2018-07-29,良,56,186,23,39,4,28,0.55,88
29,2018-07-30,良,83,334,48,76,5,39,0.85,95
30,2018-07-31,良,76,327,34,63,4,35,0.56,96
0,2018-06-01,轻度污染,125,346,35,111,14,68,0.68,144
1,2018-06-02,轻度污染,124,340,37,101,10,25,0.5,188
2,2018-06-03,轻度污染,146,355,47,120,10,20,0.51,215
3,2018-06-04,轻度污染,150,361,50,131,14,29,0.58,210
4,2018-06-05,轻度污染,145,363,49,154,10,23,0.42,209
5,2018-06-06,轻度污染,129,348,42,144,6,19,0.36,197
6,2018-06-07,轻度污染,135,352,42,129,10,22,0.51,199
7,2018-06-08,轻度污染,117,343,45,119,16,32,0.79,165
8,2018-06-09,良,62,261,31,47,3,27,0.58,89
9,2018-06-10,优,49,96,25,39,2,19,0.61,90
10,2018-06-11,良,98,331,36,63,5,32,0.69,142
11,2018-06-12,轻度污染,124,356,43,87,8,39,0.66,182
12,2018-06-13,良,87,299,30,82,5,28,0.51,133
13,2018-06-14,良,81,262,34,59,6,21,0.56,133
14,2018-06-15,良,98,300,27,58,8,37,0.62,143
15,2018-06-16,良,84,272,34,76,7,32,0.54,134
16,2018-06-17,良,88,294,43,91,10,23,0.57,139
17,2018-06-18,良,94,335,39,89,9,27,0.51,141
18,2018-06-19,良,96,349,43,85,7,27,0.51,150
19,2018-06-20,轻度污染,120,361,50,110,7,49,0.69,143
20,2018-06-21,轻度污染,114,351,43,97,8,30,0.51,170
21,2018-06-22,良,92,316,18,62,7,25,0.31,149
22,2018-06-23,良,99,310,14,50,6,18,0.28,165
23,2018-06-24,轻度污染,109,330,21,59,8,20,0.32,175
24,2018-06-25,良,73,302,22,43,4,23,0.49,102
25,2018-06-26,优,46,181,15,29,2,25,0.5,88
26,2018-06-27,良,72,313,31,52,3,18,0.51,126
27,2018-06-28,良,94,358,16,47,5,25,0.56,144
28,2018-06-29,良,75,279,18,49,7,38,0.47,123
29,2018-06-30,轻度污染,122,365,35,77,14,31,0.7,180
0,2018-05-01,中度污染,164,356,123,187,11,38,1.43,67
1,2018-05-02,良,60,170,22,49,10,21,0.55,106
2,2018-05-03,良,61,140,18,60,11,29,0.52,95
3,2018-05-04,良,89,302,24,100,14,18,0.52,152
4,2018-05-05,良,70,238,26,61,10,24,0.62,104
5,2018-05-06,良,82,319,54,98,15,28,0.92,112
6,2018-05-07,轻度污染,126,361,65,163,26,44,1.25,158
7,2018-05-08,轻度污染,117,351,59,167,28,69,1.29,91
8,2018-05-09,良,98,308,41,125,17,71,0.77,91
9,2018-05-10,轻度污染,101,327,37,101,19,30,0.65,158
10,2018-05-11,良,83,306,52,104,14,30,0.72,122
11,2018-05-12,良,86,278,55,99,13,33,0.76,117
12,2018-05-13,轻度污染,102,308,50,125,14,35,0.79,132
13,2018-05-14,良,99,309,33,111,13,17,0.64,157
14,2018-05-15,良,64,179,27,64,13,25,0.78,100
15,2018-05-16,优,40,35,17,38,10,38,0.75,50
16,2018-05-17,良,64,223,38,77,9,28,0.79,50
17,2018-05-18,轻度污染,105,356,42,108,21,38,1.07,142
18,2018-05-19,良,97,351,40,110,16,57,0.92,109
19,2018-05-20,良,57,230,31,54,3,27,0.62,92
20,2018-05-21,优,49,151,28,50,4,40,0.66,47
21,2018-05-22,优,50,162,23,55,3,32,0.63,64
22,2018-05-23,轻度污染,109,340,43,159,9,24,0.54,137
23,2018-05-24,良,100,294,39,126,8,17,0.41,144
24,2018-05-25,良,91,282,39,96,9,34,0.73,143
25,2018-05-26,轻度污染,134,301,87,167,11,50,1.05,145
26,2018-05-27,轻度污染,126,343,78,195,12,36,0.72,129
27,2018-05-28,轻度污染,147,350,57,209,17,32,0.62,173
28,2018-05-29,轻度污染,119,341,35,158,23,56,0.74,110
29,2018-05-30,轻度污染,110,323,31,110,12,62,0.66,117
30,2018-05-31,轻度污染,113,337,32,103,11,65,0.63,128
0,2018-04-01,轻度污染,119,278,85,168,17,36,0.84,134
1,2018-04-02,轻度污染,125,301,74,188,20,18,0.8,173
2,2018-04-03,中度污染,157,320,48,256,21,27,0.78,79
3,2018-04-04,良,52,84,22,53,18,25,0.72,63
4,2018-04-05,良,76,260,52,77,11,40,0.85,40
5,2018-04-05,良,76,260,52,77,11,40,0.85,40
6,2018-04-06,良,87,237,30,116,9,24,0.54,69
7,2018-04-07,良,64,127,16,76,14,25,0.5,80
8,2018-04-08,良,98,333,41,144,20,39,0.71,82
9,2018-04-09,轻度污染,109,318,49,165,21,28,0.65,119
10,2018-04-10,重度污染,230,334,100,365,25,45,0.81,81
11,2018-04-11,良,82,201,34,111,20,48,0.84,67
12,2018-04-12,轻度污染,135,355,64,218,34,70,1.13,54
13,2018-04-13,良,56,193,27,60,18,44,0.9,62
14,2018-04-14,良,81,272,34,109,19,39,0.78,60
15,2018-04-15,良,91,253,33,131,15,54,0.63,57
16,2018-04-16,轻度污染,122,296,45,192,18,43,0.71,97
17,2018-04-17,轻度污染,123,317,47,195,16,22,0.58,145
18,2018-04-18,轻度污染,117,296,50,177,15,19,0.57,160
19,2018-04-19,轻度污染,105,280,40,120,17,20,0.57,165
20,2018-04-20,轻度污染,126,340,42,108,19,23,0.6,191
21,2018-04-21,轻度污染,113,361,54,122,22,21,0.78,160
22,2018-04-22,优,46,112,31,44,9,20,0.7,55
23,2018-04-23,良,62,282,43,67,10,22,0.68,96
24,2018-04-24,良,77,320,39,79,13,41,0.67,93
25,2018-04-25,良,78,240,34,83,12,61,0.74,92
26,2018-04-26,良,85,241,57,109,18,40,0.77,112
27,2018-04-27,轻度污染,110,325,60,162,21,62,1.1,98
28,2018-04-28,轻度污染,107,283,51,132,19,38,0.78,138
29,2018-04-29,轻度污染,109,285,45,103,16,21,0.71,169
30,2018-04-30,轻度污染,120,332,82,163,27,41,1.16,151
0,2018-03-01,良,83,256,35,105,20,31,0.69,71
1,2018-03-02,良,71,202,38,91,19,24,0.66,82
2,2018-03-03,良,71,176,50,71,14,24,0.84,68
3,2018-03-04,良,91,304,65,93,21,28,1.01,44
4,2018-03-05,良,58,249,28,66,29,31,0.72,61
5,2018-03-06,良,89,337,54,123,32,65,1.47,28
6,2018-03-07,良,79,292,49,106,32,53,1.1,39
7,2018-03-08,良,80,285,54,89,20,35,0.83,59
8,2018-03-09,良,91,274,59,127,22,47,0.89,70
9,2018-03-10,轻度污染,126,316,94,174,28,46,1.08,96
10,2018-03-11,重度污染,227,346,176,288,46,92,2.23,35
11,2018-03-12,轻度污染,106,274,71,140,27,37,0.86,118
12,2018-03-13,良,86,221,43,88,20,21,0.65,143
13,2018-03-14,良,93,259,46,82,20,20,0.7,148
14,2018-03-15,良,97,268,48,132,17,22,0.74,76
15,2018-03-16,良,55,188,21,60,25,33,0.72,75
16,2018-03-17,轻度污染,116,340,67,166,29,76,1.22,26
17,2018-03-18,轻度污染,119,316,89,109,12,41,1.0,33
18,2018-03-19,轻度污染,123,312,91,133,26,35,1.11,76
19,2018-03-20,良,59,202,21,66,17,20,0.52,82
20,2018-03-21,良,71,268,40,90,28,53,0.92,59
21,2018-03-22,轻度污染,103,296,68,145,27,70,1.04,48
22,2018-03-23,轻度污染,111,286,80,145,18,33,0.78,116
23,2018-03-24,良,68,104,38,73,13,44,0.73,91
24,2018-03-25,轻度污染,112,280,67,117,18,32,0.77,167
25,2018-03-26,良,99,244,59,121,15,28,0.7,153
26,2018-03-27,良,89,225,50,116,16,19,0.68,140
27,2018-03-28,轻度污染,103,275,66,150,25,32,1.01,121
28,2018-03-29,轻度污染,146,330,78,222,37,53,1.27,64
29,2018-03-30,轻度污染,118,325,60,184,30,77,1.33,48
30,2018-03-31,良,93,224,61,128,16,28,0.72,122
0,2018-02-01,良,90,217,51,128,45,67,1.35,28
1,2018-02-02,良,71,162,24,89,22,34,0.75,45
2,2018-02-03,良,67,223,31,83,33,52,0.95,30
3,2018-02-04,良,78,250,46,105,40,64,1.23,25
4,2018-02-05,良,64,143,32,77,31,43,1.04,38
5,2018-02-06,良,61,113,28,71,30,48,1.05,34
6,2018-02-07,良,89,203,48,117,24,35,0.9,52
7,2018-02-08,良,72,97,36,93,24,49,0.96,51
8,2018-02-09,轻度污染,128,224,80,195,33,41,1.16,64
9,2018-02-10,良,78,155,21,107,25,28,0.8,56
10,2018-02-11,良,93,235,34,134,32,43,1.0,39
11,2018-02-12,良,69,160,22,85,26,30,0.81,56
12,2018-02-13,良,86,239,43,121,21,20,0.78,92
13,2018-02-14,轻度污染,101,272,66,145,39,34,1.28,70
14,2018-02-15,良,64,117,43,73,36,33,1.25,60
15,2018-02-16,轻度污染,107,158,80,116,34,21,1.0,85
16,2018-02-17,中度污染,159,314,120,164,46,44,1.68,65
17,2018-02-18,良,84,254,60,93,30,33,1.11,84
18,2018-02-19,轻度污染,109,315,81,124,36,44,1.26,65
19,2018-02-20,中度污染,190,356,144,188,40,41,1.76,29
20,2018-02-21,轻度污染,136,332,102,134,23,35,1.33,59
21,2018-02-22,轻度污染,122,324,84,130,21,33,1.12,71
22,2018-02-23,良,80,270,52,104,24,30,0.87,87
23,2018-02-24,良,89,308,34,127,23,28,0.94,62
24,2018-02-25,良,96,296,64,125,28,50,1.21,46
25,2018-02-26,轻度污染,121,299,91,153,19,40,0.97,84
26,2018-02-27,中度污染,188,341,144,237,42,80,1.87,36
27,2018-02-28,中度污染,183,337,138,189,16,39,1.29,59
0,2018-01-01,中度污染,174,311,130,274,56,93,2.02,22
1,2018-01-02,中度污染,176,324,133,241,55,65,2.03,14
2,2018-01-03,良,59,182,30,68,32,43,0.98,26
3,2018-01-04,良,65,247,35,79,39,55,1.11,15
4,2018-01-05,良,82,242,57,108,38,67,1.38,20
5,2018-01-06,轻度污染,113,273,81,160,44,80,1.49,24
6,2018-01-07,中度污染,163,345,122,159,29,69,1.62,19
7,2018-01-08,轻度污染,114,307,59,134,19,40,0.91,43
8,2018-01-09,良,73,279,23,95,27,41,0.81,39
9,2018-01-10,良,56,177,18,63,24,47,0.81,29
10,2018-01-11,优,46,93,13,49,20,33,0.69,36
11,2018-01-12,良,65,157,31,79,23,44,0.82,37
12,2018-01-13,良,70,90,44,88,23,34,0.74,79
13,2018-01-14,轻度污染,102,202,64,126,34,55,1.11,57
14,2018-01-15,中度污染,185,312,140,231,56,105,2.38,7
15,2018-01-16,重度污染,201,319,152,263,65,92,2.29,15
16,2018-01-17,严重污染,255,348,206,298,39,82,2.13,27
17,2018-01-18,严重污染,257,341,206,334,70,111,3.06,8
18,2018-01-19,严重污染,261,334,210,292,30,63,1.81,54
19,2018-01-20,重度污染,202,285,154,224,35,86,1.74,37
20,2018-01-21,重度污染,231,333,186,285,47,86,2.21,10
21,2018-01-22,良,74,186,48,84,18,39,0.84,23
22,2018-01-23,良,58,127,31,62,25,37,0.84,41
23,2018-01-24,良,64,210,32,76,32,49,0.99,38
24,2018-01-25,良,73,277,46,91,40,52,1.11,34
25,2018-01-26,良,69,260,45,84,27,49,1.05,31
26,2018-01-27,轻度污染,115,324,81,147,33,70,1.34,19
27,2018-01-28,轻度污染,102,297,72,97,27,48,1.12,35
28,2018-01-29,轻度污染,145,310,110,157,30,55,1.51,35
29,2018-01-30,良,90,196,66,113,38,62,1.29,30
30,2018-01-31,轻度污染,104,268,76,128,53,73,1.67,19
0,2017-12-01,轻度污染,112,320,79,160,31,72,1.28,16
1,2017-12-02,轻度污染,135,305,100,176,24,42,0.9,69
2,2017-12-03,中度污染,167,319,126,203,28,66,1.33,24
3,2017-12-04,良,56,134,23,62,22,42,0.77,31
4,2017-12-05,良,76,209,44,99,26,48,0.89,36
5,2017-12-06,轻度污染,120,282,89,144,29,60,1.1,48
6,2017-12-07,轻度污染,142,305,100,183,36,74,1.58,23
7,2017-12-08,良,65,144,26,77,19,41,0.68,28
8,2017-12-09,良,87,215,51,121,26,52,0.85,39
9,2017-12-10,轻度污染,122,345,85,158,39,69,1.47,23
10,2017-12-11,良,88,218,38,124,37,56,1.12,27
11,2017-12-12,良,69,172,35,87,42,59,1.22,23
12,2017-12-13,轻度污染,127,342,92,187,64,79,2.03,9
13,2017-12-14,中度污染,161,348,122,173,30,68,1.74,4
14,2017-12-15,中度污染,183,338,138,185,25,60,1.58,7
15,2017-12-16,良,96,283,60,112,28,52,1.24,26
16,2017-12-17,良,67,181,30,81,25,43,0.78,38
17,2017-12-18,良,84,271,53,113,43,56,1.21,31
18,2017-12-19,良,78,231,41,103,33,52,1.05,27
19,2017-12-20,良,96,286,65,131,37,59,1.24,26
20,2017-12-21,良,74,127,39,96,24,45,0.79,48
21,2017-12-22,轻度污染,116,227,85,147,36,60,1.05,54
22,2017-12-23,中度污染,176,304,134,219,68,102,2.32,9
23,2017-12-24,轻度污染,122,254,73,157,33,58,1.31,34
24,2017-12-25,良,80,154,38,109,32,57,1.09,34
25,2017-12-26,轻度污染,128,290,86,199,52,83,1.72,18
26,2017-12-27,轻度污染,124,241,92,186,38,70,1.58,34
27,2017-12-28,中度污染,188,300,145,245,42,97,2.13,20
28,2017-12-29,严重污染,328,339,272,371,31,84,3.17,4
29,2017-12-30,严重污染,333,360,228,418,29,70,2.31,12
30,2017-12-31,轻度污染,150,246,111,200,27,58,1.57,27
0,2017-11-01,良,100,253,63,147,20,56,0.88,66
1,2017-11-02,中度污染,153,327,117,218,28,68,1.33,65
2,2017-11-03,良,91,205,49,112,17,34,0.82,57
3,2017-11-04,良,62,121,23,72,12,42,0.67,48
4,2017-11-05,良,69,154,34,85,17,35,0.57,72
5,2017-11-06,良,73,118,40,95,17,44,0.68,82
6,2017-11-07,轻度污染,121,242,88,182,22,57,1.03,82
7,2017-11-08,轻度污染,145,315,88,239,23,95,1.44,30
8,2017-11-09,良,88,235,31,124,15,34,0.59,80
9,2017-11-10,良,76,226,31,99,13,33,0.62,46
10,2017-11-11,良,67,235,23,81,16,53,0.76,21
11,2017-11-12,良,82,277,45,112,22,41,0.67,51
12,2017-11-13,良,92,294,61,131,21,50,0.79,47
13,2017-11-14,良,77,263,30,102,33,54,1.16,24
14,2017-11-15,良,91,277,48,129,27,59,1.21,24
15,2017-11-16,轻度污染,126,323,86,195,28,87,1.75,8
16,2017-11-17,轻度污染,133,332,80,198,26,62,1.49,25
17,2017-11-18,优,40,119,12,40,8,30,0.45,36
18,2017-11-19,良,74,264,40,96,20,64,0.74,17
19,2017-11-20,轻度污染,129,336,97,168,18,63,1.03,18
20,2017-11-21,轻度污染,109,300,81,143,20,42,0.85,62
21,2017-11-22,良,95,294,48,130,16,48,0.74,37
22,2017-11-23,良,77,273,32,101,29,55,0.96,25
23,2017-11-24,良,66,194,22,81,17,38,0.61,35
24,2017-11-25,轻度污染,112,327,70,170,29,53,0.81,51
25,2017-11-26,轻度污染,105,304,61,148,35,61,1.11,31
26,2017-11-27,良,96,260,59,140,27,61,1.16,45
27,2017-11-28,轻度污染,127,283,84,181,21,49,1.02,51
28,2017-11-29,良,78,208,33,103,35,53,1.05,22
29,2017-11-30,良,93,332,54,135,29,54,1.13,23
0,2017-10-01,良,64,270,41,72,12,36,0.78,61
1,2017-10-02,良,58,271,19,66,17,27,0.65,62
2,2017-10-03,良,57,329,21,62,19,50,1.02,17
3,2017-10-05,良,57,297,27,63,14,41,0.71,52
4,2017-10-06,良,85,349,50,117,17,59,0.9,57
5,2017-10-07,轻度污染,113,351,82,148,14,78,1.36,22
6,2017-10-08,轻度污染,128,360,96,145,12,62,2.07,10
7,2017-10-09,良,64,283,44,75,11,42,1.87,13
8,2017-10-10,优,24,48,7,14,5,22,0.54,42
9,2017-10-11,优,44,240,23,44,9,37,0.8,34
10,2017-10-12,良,70,336,42,85,16,48,1.12,38
11,2017-10-13,良,86,329,61,108,9,50,0.83,53
12,2017-10-14,轻度污染,139,357,105,194,19,77,1.45,35
13,2017-10-15,轻度污染,128,349,95,170,14,80,1.41,40
14,2017-10-16,中度污染,156,357,118,206,29,76,1.67,47
15,2017-10-17,轻度污染,118,345,88,167,17,80,1.61,20
16,2017-10-18,良,83,319,59,103,13,52,1.06,36
17,2017-10-19,良,98,308,72,123,10,51,1.14,45
18,2017-10-20,良,99,286,73,125,11,56,1.22,63
19,2017-10-21,轻度污染,104,309,74,130,13,58,1.06,90
20,2017-10-22,轻度污染,103,308,64,133,17,42,1.05,49
21,2017-10-23,良,62,167,26,73,20,53,1.07,40
22,2017-10-24,良,71,189,30,89,13,63,0.95,33
23,2017-10-25,良,99,267,60,147,19,78,1.15,28
24,2017-10-26,良,96,245,63,139,24,65,0.95,44
25,2017-10-27,轻度污染,108,271,80,154,18,62,0.95,81
26,2017-10-28,轻度污染,129,318,89,178,15,39,0.97,102
27,2017-10-29,优,48,76,7,51,5,25,0.42,45
28,2017-10-30,良,69,197,22,86,11,51,0.63,33
29,2017-10-31,良,82,221,41,111,17,41,0.63,63
0,2017-09-01,良,69,293,38,75,9,42,0.64,81
1,2017-09-02,良,79,323,38,85,11,57,0.76,88
2,2017-09-03,良,78,323,43,89,12,50,0.86,84
3,2017-09-04,良,57,252,26,57,10,36,0.64,76
4,2017-09-05,良,53,222,27,52,9,41,0.72,61
5,2017-09-06,良,58,268,35,59,9,32,0.63,74
6,2017-09-07,良,71,291,30,58,10,21,0.55,129
7,2017-09-08,良,75,301,35,66,9,16,0.6,123
8,2017-09-09,轻度污染,116,353,44,90,13,33,0.79,162
9,2017-09-10,良,63,288,32,70,10,40,0.68,74
10,2017-09-11,良,76,320,37,87,11,50,0.8,77
11,2017-09-12,良,94,347,37,100,12,56,0.89,99
12,2017-09-13,良,95,335,31,87,11,42,0.76,127
13,2017-09-14,良,77,283,28,84,10,59,0.66,92
14,2017-09-15,轻度污染,111,361,42,121,14,68,0.89,117
15,2017-09-16,良,91,321,57,128,16,50,0.97,107
16,2017-09-17,良,97,312,57,124,14,64,0.99,92
17,2017-09-18,轻度污染,121,351,74,154,21,54,1.03,146
18,2017-09-19,良,90,276,43,111,19,47,0.86,122
19,2017-09-20,良,85,317,25,107,19,70,0.92,85
20,2017-09-21,良,94,325,41,103,19,37,0.8,141
21,2017-09-22,良,95,334,42,130,13,35,0.67,114
22,2017-09-23,轻度污染,114,350,51,145,16,50,0.88,121
23,2017-09-24,良,80,310,41,81,12,23,0.65,128
24,2017-09-25,良,65,277,36,75,10,33,0.69,83
25,2017-09-26,良,67,293,39,83,15,42,0.93,63
26,2017-09-27,良,58,274,18,66,19,35,0.69,66
27,2017-09-28,良,65,286,17,79,13,53,0.53,42
28,2017-09-29,良,88,328,43,119,14,48,0.7,96
29,2017-09-30,良,80,304,35,81,15,29,0.62,132
0,2017-08-01,良,64,271,36,78,14,38,1.04,58
1,2017-08-02,良,65,319,32,83,12,51,1.29,15
2,2017-08-03,良,55,224,26,55,12,36,0.8,52
3,2017-08-04,良,79,310,32,69,14,39,0.78,91
4,2017-08-05,良,99,338,52,102,13,41,0.95,117
5,2017-08-06,良,94,321,59,101,13,31,0.9,143
6,2017-08-07,良,89,319,43,85,14,44,0.87,108
7,2017-08-08,轻度污染,102,357,47,107,16,46,0.91,106
8,2017-08-09,良,86,345,44,89,15,29,0.77,131
9,2017-08-10,轻度污染,101,348,45,101,12,49,0.87,128
10,2017-08-11,良,88,307,49,91,12,34,0.72,132
11,2017-08-12,良,82,336,52,89,10,26,0.75,118
12,2017-08-13,良,69,326,33,68,15,29,0.86,107
13,2017-08-14,优,37,105,12,30,8,20,0.37,68
14,2017-08-15,良,55,211,23,48,11,27,0.53,84
15,2017-08-16,良,81,327,44,82,11,40,0.74,103
16,2017-08-17,良,73,312,23,56,7,33,0.61,118
17,2017-08-18,良,73,320,40,84,8,56,0.91,69
18,2017-08-19,良,77,345,42,86,11,47,1.16,71
19,2017-08-20,良,80,339,49,86,12,31,0.91,79
20,2017-08-21,良,84,335,36,75,11,42,0.71,105
21,2017-08-22,良,78,316,46,81,10,34,0.75,112
22,2017-08-23,良,59,255,35,62,9,31,0.67,88
23,2017-08-24,良,65,313,29,57,11,25,0.72,93
24,2017-08-25,良,71,334,33,88,20,58,1.15,80
25,2017-08-26,良,65,309,25,78,13,66,0.77,39
26,2017-08-27,良,80,351,38,103,15,57,0.87,69
27,2017-08-28,优,46,204,19,39,8,25,0.68,71
28,2017-08-29,良,61,341,36,68,12,39,1.11,46
29,2017-08-30,优,40,187,18,33,7,25,0.59,70
30,2017-08-31,良,55,260,26,53,8,29,0.52,83
0,2017-07-01,轻度污染,127,352,72,124,15,42,0.95,165
1,2017-07-02,轻度污染,116,336,64,118,18,35,0.88,146
2,2017-07-03,轻度污染,139,357,72,147,23,53,1.24,161
3,2017-07-04,轻度污染,103,342,63,119,18,48,0.99,127
4,2017-07-05,良,89,322,58,107,13,42,1.09,109
5,2017-07-06,良,63,260,38,72,11,36,0.71,67
6,2017-07-07,良,56,231,31,53,10,25,0.6,83
7,2017-07-08,良,76,305,28,60,10,15,0.46,131
8,2017-07-09,良,52,217,28,51,9,16,0.42,68
9,2017-07-10,良,90,324,32,84,14,31,0.58,122
10,2017-07-11,良,89,286,31,72,11,21,0.53,148
11,2017-07-12,良,71,231,26,60,13,17,0.49,121
12,2017-07-13,良,64,208,23,56,12,18,0.47,108
13,2017-07-14,良,57,207,23,54,12,24,0.48,88
14,2017-07-15,良,53,211,26,57,11,41,0.59,49
15,2017-07-16,良,54,199,30,60,9,41,0.95,35
16,2017-07-17,良,72,302,46,89,9,36,0.92,61
17,2017-07-18,良,51,171,28,56,9,33,0.65,57
18,2017-07-19,优,48,158,23,40,9,24,0.58,85
19,2017-07-20,良,52,186,25,51,10,18,0.51,92
20,2017-07-21,良,54,207,28,56,8,20,0.52,83
21,2017-07-22,轻度污染,118,361,80,170,9,37,0.94,43
22,2017-07-23,轻度污染,109,346,78,163,9,38,1.08,76
23,2017-07-24,轻度污染,129,363,94,186,11,43,1.5,49
24,2017-07-25,轻度污染,124,359,86,164,25,42,1.96,114
25,2017-07-26,良,79,277,41,105,15,57,1.07,51
26,2017-07-27,良,62,208,40,72,9,30,0.97,51
27,2017-07-28,轻度污染,108,355,80,147,17,29,1.73,76
28,2017-07-29,优,49,126,24,45,9,41,0.78,62
29,2017-07-30,轻度污染,122,365,92,160,15,69,2.12,38
30,2017-07-31,中度污染,172,363,130,224,16,54,2.22,64
0,2017-06-01,轻度污染,129,341,74,163,36,48,1.28,149
1,2017-06-02,良,98,283,45,133,23,34,0.84,124
2,2017-06-03,良,70,243,28,82,28,31,0.86,84
3,2017-06-04,轻度污染,103,359,46,112,22,45,0.78,122
4,2017-06-05,良,61,278,23,64,20,29,0.62,89
5,2017-06-06,优,50,178,29,48,10,25,0.71,78
6,2017-06-07,良,76,295,39,74,11,23,0.6,117
7,2017-06-08,轻度污染,102,321,42,101,15,20,0.62,155
8,2017-06-09,良,82,273,36,77,17,24,0.59,140
9,2017-06-10,轻度污染,109,352,70,151,20,50,1.12,104
10,2017-06-11,轻度污染,110,351,70,132,16,41,0.9,126
11,2017-06-12,轻度污染,104,341,52,129,30,41,1.01,131
12,2017-06-13,轻度污染,109,353,66,134,36,43,1.19,132
13,2017-06-14,中度污染,168,362,97,195,43,70,1.26,145
14,2017-06-15,轻度污染,142,339,85,154,17,41,0.89,204
15,2017-06-16,轻度污染,121,313,66,125,17,34,0.71,175
16,2017-06-17,轻度污染,123,313,49,104,23,27,0.62,191
17,2017-06-18,轻度污染,133,353,41,94,23,25,0.6,197
18,2017-06-19,轻度污染,123,353,41,82,19,22,0.57,188
19,2017-06-20,轻度污染,126,354,59,115,23,29,0.79,166
20,2017-06-21,轻度污染,106,344,57,96,15,39,0.74,146
21,2017-06-22,良,90,342,58,114,17,53,1.21,67
22,2017-06-23,良,80,324,56,101,13,45,0.98,56
23,2017-06-24,良,76,311,44,85,12,25,0.82,97
24,2017-06-25,良,74,285,34,68,20,27,0.69,112
25,2017-06-26,轻度污染,101,322,41,92,25,56,0.87,116
26,2017-06-27,轻度污染,118,335,52,94,24,38,0.76,174
27,2017-06-28,轻度污染,128,351,61,103,19,33,0.76,192
28,2017-06-29,轻度污染,115,343,57,95,21,29,0.82,168
29,2017-06-30,良,95,315,60,98,13,39,0.83,131
0,2017-05-01,重度污染,213,364,135,334,58,76,2.35,86
1,2017-05-02,轻度污染,103,308,69,126,26,34,0.78,140
2,2017-05-03,良,68,246,29,77,20,19,0.53,102
3,2017-05-04,良,100,275,58,142,11,24,0.71,81
4,2017-05-05,重度污染,244,309,111,358,11,41,0.67,69
5,2017-05-06,中度污染,178,300,91,292,17,36,0.56,98
6,2017-05-07,中度污染,170,329,119,279,21,29,0.64,136
7,2017-05-08,轻度污染,112,326,72,170,16,35,0.68,101
8,2017-05-09,良,76,266,44,84,14,39,0.79,100
9,2017-05-10,良,94,314,58,134,22,37,0.87,118
10,2017-05-11,良,95,282,54,135,23,30,0.83,131
11,2017-05-12,轻度污染,122,314,43,193,22,31,0.69,102
12,2017-05-13,轻度污染,105,330,38,157,14,20,0.54,97
13,2017-05-14,良,95,315,40,133,28,46,0.94,93
14,2017-05-15,良,96,353,49,139,27,41,0.86,110
15,2017-05-16,良,74,280,27,74,17,19,0.52,126
16,2017-05-17,良,86,262,32,93,15,17,0.49,145
17,2017-05-18,轻度污染,115,316,42,98,17,21,0.67,177
18,2017-05-19,良,95,271,40,88,17,24,0.64,153
19,2017-05-20,轻度污染,117,333,70,138,27,47,1.05,161
20,2017-05-20,轻度污染,117,333,70,138,27,47,1.05,161
21,2017-05-21,轻度污染,107,317,65,124,18,37,0.93,151
22,2017-05-22,轻度污染,112,336,81,140,16,26,0.74,146
23,2017-05-23,良,58,251,32,63,12,26,0.7,94
24,2017-05-24,良,80,328,37,87,15,51,0.72,90
25,2017-05-25,良,80,289,33,108,26,36,0.62,105
26,2017-05-26,良,89,281,37,105,21,51,0.73,98
27,2017-05-27,轻度污染,114,329,40,103,17,25,0.51,177
28,2017-05-28,轻度污染,114,314,35,108,14,19,0.45,176
29,2017-05-29,轻度污染,103,280,41,88,16,28,0.55,152
30,2017-05-30,轻度污染,116,337,79,175,31,36,1.05,112
31,2017-05-31,轻度污染,120,337,73,138,35,36,1.21,143
0,2017-04-01,良,95,282,63,126,22,42,0.94,69
1,2017-04-02,良,100,304,64,148,28,55,0.94,74
2,2017-04-03,良,95,282,61,133,23,54,0.89,86
3,2017-04-04,良,84,217,53,109,22,57,0.92,63
4,2017-04-05,轻度污染,110,304,83,119,17,45,1.23,42
5,2017-04-06,轻度污染,114,293,86,145,23,53,1.26,58
6,2017-04-07,重度污染,203,359,155,274,29,76,2.23,58
7,2017-04-08,中度污染,174,363,132,239,24,74,1.46,23
8,2017-04-09,良,78,333,33,104,33,46,1.19,43
9,2017-04-10,良,94,347,49,136,36,65,1.25,34
10,2017-04-11,良,91,335,55,129,26,57,1.12,54
11,2017-04-12,轻度污染,123,350,83,182,20,55,1.1,85
12,2017-04-13,良,81,255,50,109,14,26,0.92,95
13,2017-04-14,良,75,212,40,97,15,31,0.69,87
14,2017-04-15,良,96,280,64,138,20,43,0.98,88
15,2017-04-16,轻度污染,116,328,86,165,17,60,1.23,46
16,2017-04-17,轻度污染,146,332,59,215,16,28,0.84,74
17,2017-04-18,轻度污染,102,311,35,151,13,30,0.6,70
18,2017-04-19,良,84,237,34,115,12,49,0.73,54
19,2017-04-20,良,72,225,29,92,10,36,0.66,58
20,2017-04-21,良,82,309,48,111,10,37,0.76,60
21,2017-04-22,良,80,290,39,108,11,31,0.56,88
22,2017-04-23,良,80,266,36,106,14,21,0.47,123
23,2017-04-23,良,80,266,36,106,14,21,0.47,123
24,2017-04-24,良,97,334,52,142,19,36,0.78,105
25,2017-04-25,轻度污染,114,352,70,176,38,64,1.42,56
26,2017-04-26,良,96,359,59,139,18,55,0.97,54
27,2017-04-27,良,78,314,36,103,17,46,0.61,58
28,2017-04-28,良,85,311,47,117,23,37,0.74,96
29,2017-04-29,良,90,274,49,128,24,43,0.71,98
30,2017-04-30,轻度污染,115,334,68,178,34,39,0.97,132
0,2017-03-01,轻度污染,113,325,71,156,36,63,1.17,25
1,2017-03-02,良,75,246,32,99,25,44,0.81,53
2,2017-03-03,良,88,257,49,124,29,37,0.74,84
3,2017-03-04,中度污染,152,340,113,241,48,89,1.48,43
4,2017-03-05,中度污染,157,340,108,218,50,62,1.36,44
5,2017-03-06,良,93,311,47,134,35,53,1.01,51
6,2017-03-07,良,62,194,29,71,29,34,0.88,51
7,2017-03-08,良,71,227,33,91,30,45,0.84,48
8,2017-03-09,良,80,229,42,107,37,51,0.94,51
9,2017-03-10,良,97,265,52,141,35,70,1.16,37
10,2017-03-11,轻度污染,137,316,101,201,47,68,1.26,75
11,2017-03-12,轻度污染,147,341,79,209,38,50,1.05,53
12,2017-03-13,良,86,345,44,121,47,54,1.24,50
13,2017-03-14,良,92,331,51,133,32,65,1.05,41
14,2017-03-15,轻度污染,106,341,67,159,37,73,1.16,45
15,2017-03-16,良,94,292,60,134,31,47,0.79,67
16,2017-03-17,良,97,271,70,135,25,38,0.8,90
17,2017-03-18,轻度污染,136,321,102,189,38,62,1.26,94
18,2017-03-19,良,100,269,64,141,29,52,0.95,83
19,2017-03-20,良,93,291,59,125,23,35,0.86,77
20,2017-03-21,良,92,282,54,131,34,53,1.1,57
21,2017-03-22,轻度污染,106,315,76,153,30,49,0.97,67
22,2017-03-23,轻度污染,137,347,103,159,21,41,1.01,62
23,2017-03-24,轻度污染,107,316,80,113,15,42,0.86,40
24,2017-03-25,良,95,309,69,110,12,38,0.96,44
25,2017-03-26,良,73,211,41,92,17,42,0.74,44
26,2017-03-27,良,74,200,38,97,22,46,0.77,57
27,2017-03-28,轻度污染,109,330,78,129,25,63,1.4,28
28,2017-03-29,良,82,189,59,102,16,51,0.87,51
29,2017-03-30,轻度污染,145,348,110,204,28,66,1.25,41
30,2017-03-31,轻度污染,103,318,77,124,22,47,1.15,64
0,2017-02-01,轻度污染,113,307,81,127,53,39,1.43,42
1,2017-02-02,轻度污染,131,304,98,140,44,40,1.28,63
2,2017-02-03,轻度污染,144,287,108,145,34,30,1.1,73
3,2017-02-04,中度污染,182,316,139,192,42,50,1.53,23
4,2017-02-05,中度污染,161,301,123,178,40,54,1.66,31
5,2017-02-06,良,99,237,70,129,61,56,1.58,31
6,2017-02-07,良,80,260,54,103,49,52,1.19,27
7,2017-02-08,良,87,297,59,111,55,49,1.22,35
8,2017-02-09,良,56,150,23,60,26,35,0.74,49
9,2017-02-10,良,70,204,39,89,38,52,1.04,38
10,2017-02-11,良,98,282,65,118,54,55,1.15,40
11,2017-02-12,轻度污染,104,236,76,131,46,49,1.11,59
12,2017-02-13,中度污染,159,308,122,200,64,79,1.66,50
13,2017-02-14,重度污染,243,345,188,324,72,82,2.53,45
14,2017-02-15,轻度污染,132,255,98,172,39,34,1.03,110
15,2017-02-16,中度污染,163,315,92,208,38,35,1.09,85
16,2017-02-17,良,78,184,41,104,51,51,1.24,39
17,2017-02-18,轻度污染,107,241,68,162,42,48,1.04,46
18,2017-02-19,中度污染,180,323,131,244,38,36,1.23,81
19,2017-02-20,轻度污染,119,290,51,176,36,34,1.1,53
20,2017-02-21,良,74,274,40,89,33,51,1.0,35
21,2017-02-22,轻度污染,133,332,100,122,29,47,1.12,31
22,2017-02-23,轻度污染,103,296,71,104,30,51,1.2,39
23,2017-02-24,良,76,221,51,98,33,54,1.01,52
24,2017-02-25,良,92,261,64,127,43,66,1.27,39
25,2017-02-26,良,84,233,50,115,36,62,1.07,43
26,2017-02-27,轻度污染,111,294,82,150,43,42,0.98,82
27,2017-02-28,轻度污染,128,319,95,176,43,47,1.0,90
0,2017-01-01,重度污染,202,272,152,218,48,72,2.03,30
1,2017-01-02,严重污染,272,330,223,330,38,82,4.11,6
2,2017-01-03,重度污染,230,308,181,264,40,81,2.66,29
3,2017-01-04,严重污染,354,358,281,428,54,95,5.94,6
4,2017-01-05,严重污染,406,362,239,509,53,75,4.04,4
5,2017-01-06,严重污染,351,363,276,463,52,99,4.64,5
6,2017-01-07,重度污染,211,328,170,247,49,70,2.55,11
7,2017-01-08,轻度污染,145,309,109,138,36,48,1.79,23
8,2017-01-09,中度污染,195,346,148,217,40,69,2.51,10
9,2017-01-10,轻度污染,149,317,111,191,54,72,2.4,14
10,2017-01-11,中度污染,171,327,131,210,52,67,1.85,23
11,2017-01-12,严重污染,259,354,208,301,50,69,2.18,17
12,2017-01-13,轻度污染,140,324,100,164,38,55,1.9,26
13,2017-01-14,良,86,242,49,120,44,59,1.4,20
14,2017-01-15,轻度污染,102,284,72,142,38,61,1.32,16
15,2017-01-16,轻度污染,138,296,104,176,52,67,1.94,19
16,2017-01-17,中度污染,154,293,116,182,54,66,1.44,22
17,2017-01-18,严重污染,319,353,268,383,101,106,3.27,8
18,2017-01-19,重度污染,231,357,165,289,46,54,1.7,32
19,2017-01-20,良,58,140,20,67,27,36,0.79,42
20,2017-01-21,良,79,193,45,107,35,37,0.82,44
21,2017-01-22,良,63,117,33,76,41,46,1.03,32
22,2017-01-23,轻度污染,128,287,96,176,64,67,1.91,22
23,2017-01-24,中度污染,181,310,138,216,84,79,2.41,19
24,2017-01-25,轻度污染,141,249,106,161,49,53,1.45,46
25,2017-01-26,轻度污染,147,256,107,195,38,26,1.15,82
26,2017-01-27,良,89,156,58,101,41,26,0.94,60
27,2017-01-28,轻度污染,125,176,93,134,45,36,1.15,39
28,2017-01-29,轻度污染,148,308,104,157,39,31,1.59,30
29,2017-01-30,良,63,187,41,72,40,26,1.18,43
30,2017-01-31,良,73,214,53,78,40,27,0.94,51
0,2016-12-01,中度污染,164,333,124,228,55,89,1.88,20
1,2016-12-02,中度污染,163,310,124,221,52,68,1.57,45
2,2016-12-03,轻度污染,102,185,73,138,38,34,0.9,74
3,2016-12-04,中度污染,200,334,157,250,50,59,1.61,36
4,2016-12-05,重度污染,218,353,171,275,37,57,2.23,18
5,2016-12-06,良,93,209,57,133,30,37,1.0,44
6,2016-12-07,轻度污染,138,270,104,194,46,74,1.6,25
7,2016-12-08,中度污染,166,291,124,212,53,62,1.5,41
8,2016-12-09,良,80,117,47,107,52,57,1.38,19
9,2016-12-10,轻度污染,127,281,94,178,52,65,1.62,13
10,2016-12-11,轻度污染,125,261,92,165,47,64,1.59,23
11,2016-12-12,中度污染,165,315,126,192,54,72,2.16,8
12,2016-12-13,良,83,205,54,82,37,38,1.13,29
13,2016-12-14,良,84,259,56,107,41,57,1.42,22
14,2016-12-15,轻度污染,122,284,91,152,43,60,1.44,20
15,2016-12-16,良,100,202,66,131,36,47,1.06,40
16,2016-12-17,轻度污染,127,231,96,149,38,32,1.04,68
17,2016-12-18,重度污染,212,312,164,260,66,85,2.15,15
18,2016-12-19,严重污染,357,337,307,434,73,109,3.46,12
19,2016-12-20,严重污染,457,358,386,611,57,109,6.69,5
20,2016-12-21,严重污染,318,358,252,375,52,64,3.14,5
21,2016-12-22,中度污染,194,350,146,201,27,65,1.98,9
22,2016-12-23,良,100,241,69,115,31,54,1.43,23
23,2016-12-24,轻度污染,120,300,85,168,55,71,1.84,10
24,2016-12-25,中度污染,156,342,118,192,45,72,2.36,5
25,2016-12-26,轻度污染,146,350,110,133,30,54,1.72,12
26,2016-12-27,良,85,287,62,85,28,47,1.16,21
27,2016-12-28,中度污染,157,330,118,154,33,47,1.43,22
28,2016-12-29,中度污染,196,336,149,216,39,66,1.92,9
29,2016-12-30,轻度污染,139,274,105,166,43,56,1.83,28
30,2016-12-31,中度污染,198,298,149,213,43,60,1.77,39
0,2016-11-01,良,66,250,34,81,22,41,1.28,18
1,2016-11-02,良,93,280,65,121,20,42,0.92,29
2,2016-11-03,良,93,253,67,122,16,40,0.99,52
3,2016-11-04,良,84,191,59,111,23,43,1.01,59
4,2016-11-05,轻度污染,134,275,102,180,28,60,1.54,49
5,2016-11-06,轻度污染,149,309,113,175,34,50,1.46,27
6,2016-11-07,轻度污染,118,306,88,123,18,45,1.15,22
7,2016-11-08,轻度污染,112,346,82,130,22,51,1.74,18
8,2016-11-09,良,72,253,43,91,18,42,0.96,31
9,2016-11-10,良,89,277,63,125,21,37,0.84,48
10,2016-11-11,轻度污染,101,299,55,151,20,35,0.8,44
11,2016-11-12,中度污染,157,338,116,219,43,71,1.89,28
12,2016-11-13,重度污染,230,347,179,304,37,85,2.69,19
13,2016-11-14,中度污染,171,314,123,226,32,59,1.74,36
14,2016-11-15,轻度污染,107,259,61,162,38,74,1.54,28
15,2016-11-16,良,83,217,38,115,24,58,0.93,32
16,2016-11-17,轻度污染,142,302,101,211,42,81,1.6,16
17,2016-11-18,轻度污染,145,291,109,186,26,74,1.52,12
18,2016-11-19,轻度污染,143,317,107,151,22,66,1.81,8
19,2016-11-20,轻度污染,112,296,83,146,26,58,1.78,13
20,2016-11-21,良,71,256,51,86,20,38,1.15,20
21,2016-11-22,优,33,80,14,32,13,22,0.65,44
22,2016-11-23,良,61,247,32,70,22,46,0.89,22
23,2016-11-24,良,68,198,44,84,30,49,0.83,30
24,2016-11-25,良,73,170,48,93,34,60,0.82,36
25,2016-11-26,轻度污染,120,259,85,176,44,67,1.05,33
26,2016-11-27,轻度污染,123,291,86,189,44,66,1.31,30
27,2016-11-28,轻度污染,115,278,68,178,42,85,1.7,14
28,2016-11-29,中度污染,189,346,131,290,68,101,2.22,10
29,2016-11-30,中度污染,156,329,118,207,48,72,1.33,28
0,2016-10-01,良,90,313,53,127,26,64,1.15,56
1,2016-10-02,轻度污染,105,326,73,148,26,57,1.3,64
2,2016-10-03,良,92,303,66,117,23,32,0.92,103
3,2016-10-04,良,99,317,69,136,22,58,0.99,67
4,2016-10-05,良,78,297,44,103,23,37,0.96,62
5,2016-10-06,良,94,337,49,137,40,68,1.28,23
6,2016-10-07,良,82,319,47,108,18,60,1.2,21
7,2016-10-08,良,73,312,45,87,15,39,0.96,35
8,2016-10-09,良,69,303,32,87,23,53,1.02,26
9,2016-10-10,良,74,300,39,96,27,42,0.84,53
10,2016-10-11,良,71,271,37,90,17,48,0.72,51
11,2016-10-12,轻度污染,125,339,86,190,27,76,1.31,27
12,2016-10-13,良,97,305,64,139,21,48,0.72,58
13,2016-10-14,良,66,216,35,82,15,47,0.62,62
14,2016-10-15,良,72,246,47,87,15,59,1.28,41
15,2016-10-16,良,79,286,57,91,12,45,1.08,31
16,2016-10-17,轻度污染,135,352,102,179,24,66,1.75,56
17,2016-10-18,中度污染,162,354,123,214,20,68,1.51,57
18,2016-10-19,轻度污染,106,289,79,140,20,55,1.11,57
19,2016-10-20,轻度污染,121,334,85,183,27,74,1.57,27
20,2016-10-21,轻度污染,122,351,88,176,20,62,1.44,12
21,2016-10-22,良,59,295,40,58,12,38,1.4,21
22,2016-10-23,优,47,224,26,48,13,30,0.84,30
23,2016-10-24,良,77,324,52,98,36,55,1.72,17
24,2016-10-25,良,95,328,70,117,17,58,1.37,20
25,2016-10-26,轻度污染,137,359,100,181,28,60,1.98,19
26,2016-10-27,良,91,347,56,129,30,63,1.71,9
27,2016-10-28,良,51,242,26,52,13,33,0.9,31
28,2016-10-29,良,62,290,24,72,21,44,0.82,27
29,2016-10-30,良,66,272,32,80,16,34,0.63,52
30,2016-10-31,良,52,220,28,58,9,32,0.76,26
0,2016-09-01,良,83,307,40,111,31,46,0.83,78
1,2016-09-02,良,96,327,41,126,33,60,0.93,95
2,2016-09-03,轻度污染,128,356,74,203,36,89,1.6,82
3,2016-09-04,中度污染,159,362,112,253,31,84,1.78,69
4,2016-09-05,轻度污染,144,357,109,205,29,60,1.45,114
5,2016-09-06,轻度污染,135,358,97,192,22,62,1.37,74
6,2016-09-07,良,67,273,41,73,17,43,0.85,75
7,2016-09-08,良,92,320,55,106,22,56,0.84,102
8,2016-09-09,良,95,298,53,124,22,74,0.86,86
9,2016-09-10,良,84,320,45,108,18,61,0.73,85
10,2016-09-11,良,94,338,55,132,30,52,1.1,103
11,2016-09-12,良,100,352,59,131,21,54,1.16,83
12,2016-09-13,良,100,339,68,142,19,65,1.11,66
13,2016-09-14,良,95,315,57,120,21,66,1.21,88
14,2016-09-15,轻度污染,120,344,86,148,21,54,1.09,112
15,2016-09-16,轻度污染,130,356,91,159,33,48,1.41,126
16,2016-09-17,轻度污染,109,347,71,155,31,60,1.43,77
17,2016-09-18,良,73,305,34,94,39,46,1.37,36
18,2016-09-19,良,59,251,22,66,24,40,0.87,49
19,2016-09-20,良,75,310,34,99,26,59,1.22,52
20,2016-09-21,良,88,310,44,108,23,63,0.96,91
21,2016-09-22,轻度污染,102,329,57,119,31,41,0.88,147
22,2016-09-23,良,93,279,43,98,26,28,0.72,154
23,2016-09-24,轻度污染,103,308,51,101,22,28,0.7,160
24,2016-09-25,轻度污染,107,315,74,143,24,51,1.07,136
25,2016-09-26,良,76,230,50,96,19,36,0.71,89
26,2016-09-27,良,86,308,52,117,20,45,1.01,51
27,2016-09-28,良,61,284,18,71,18,23,0.7,51
28,2016-09-29,良,89,350,58,127,49,62,1.76,48
29,2016-09-30,轻度污染,136,356,95,217,41,91,1.69,65
0,2016-08-01,优,48,158,23,52,15,33,0.73,51
1,2016-08-02,良,95,355,64,121,21,36,1.37,63
2,2016-08-03,轻度污染,112,358,78,142,20,39,1.3,63
3,2016-08-04,轻度污染,109,356,77,146,22,48,1.44,82
4,2016-08-05,良,78,323,52,103,18,44,1.01,66
5,2016-08-06,良,67,290,43,81,20,44,1.11,35
6,2016-08-07,良,53,254,28,60,19,35,0.98,38
7,2016-08-08,良,53,257,25,56,17,29,0.86,44
8,2016-08-09,良,70,307,38,86,20,39,1.14,61
9,2016-08-10,良,58,251,28,67,20,31,0.72,65
10,2016-08-11,良,61,279,35,70,21,24,0.61,75
11,2016-08-12,良,59,251,34,63,20,20,0.51,86
12,2016-08-13,良,72,319,44,91,21,28,0.68,91
13,2016-08-14,良,94,357,61,133,24,39,1.16,53
14,2016-08-15,良,74,336,44,96,25,34,1.3,39
15,2016-08-16,良,52,178,26,57,21,34,1.46,17
16,2016-08-17,良,75,296,48,98,22,38,1.57,23
17,2016-08-18,良,72,282,50,87,23,26,1.12,77
18,2016-08-19,良,54,217,30,56,19,20,1.08,67
19,2016-08-20,优,47,138,24,47,15,18,0.75,63
20,2016-08-21,良,74,303,44,85,21,28,1.18,91
21,2016-08-22,轻度污染,124,366,81,167,34,40,1.83,102
22,2016-08-23,良,88,332,46,104,20,40,0.96,95
23,2016-08-24,良,81,281,41,88,23,29,0.79,123
24,2016-08-25,良,58,201,27,60,20,24,0.72,83
25,2016-08-26,良,54,265,19,54,21,30,0.89,63
26,2016-08-27,良,71,331,27,75,20,44,1.06,69
27,2016-08-28,良,77,303,32,88,24,42,0.85,85
28,2016-08-29,良,75,298,26,85,23,46,0.93,75
29,2016-08-30,良,78,277,28,86,26,42,0.68,90
30,2016-08-31,良,98,332,52,115,39,31,0.96,148
0,2016-07-01,良,70,311,36,69,16,30,0.9,110
1,2016-07-02,轻度污染,108,359,65,125,24,46,1.36,118
2,2016-07-03,良,97,344,68,110,15,38,0.86,98
3,2016-07-04,良,94,335,65,121,22,52,1.56,85
4,2016-07-05,中度污染,151,362,112,196,32,51,1.8,99
5,2016-07-06,轻度污染,140,361,102,175,24,46,1.17,141
6,2016-07-07,轻度污染,104,343,70,128,30,33,1.16,131
7,2016-07-08,良,77,323,52,97,22,30,0.92,95
8,2016-07-09,良,72,304,49,89,21,28,0.67,46
9,2016-07-10,轻度污染,115,359,84,149,26,35,1.18,88
10,2016-07-11,良,84,326,37,78,25,28,0.71,113
11,2016-07-12,良,77,321,54,96,22,26,0.89,74
12,2016-07-13,轻度污染,109,358,81,128,18,30,1.07,76
13,2016-07-14,良,99,350,69,143,24,57,1.47,67
14,2016-07-15,良,80,352,56,94,17,36,1.18,55
15,2016-07-16,良,96,355,70,122,15,36,1.01,77
16,2016-07-17,中度污染,157,363,122,207,17,47,1.38,111
17,2016-07-18,中度污染,163,361,125,202,14,54,1.49,66
18,2016-07-19,良,92,344,65,106,14,30,0.84,74
19,2016-07-20,优,33,70,16,32,13,19,0.64,51
20,2016-07-21,优,50,215,31,49,14,18,0.67,82
21,2016-07-22,良,55,211,35,58,14,22,0.7,77
22,2016-07-23,良,65,240,44,75,15,22,0.61,76
23,2016-07-24,良,60,200,31,59,19,21,0.54,101
24,2016-07-25,良,64,231,36,69,20,21,0.66,111
25,2016-07-26,良,72,282,45,88,20,24,0.85,76
26,2016-07-27,良,86,332,42,98,22,42,1.04,92
27,2016-07-28,良,72,249,43,79,18,27,0.78,111
28,2016-07-29,良,92,313,56,107,18,28,0.7,127
29,2016-07-30,良,87,308,55,112,15,40,0.74,88
30,2016-07-31,良,82,334,45,106,17,41,1.03,84
0,2016-06-01,良,96,349,49,127,54,41,1.3,97
1,2016-06-02,轻度污染,120,362,52,144,43,55,1.24,123
2,2016-06-03,良,93,328,56,130,32,36,0.85,104
3,2016-06-04,良,94,333,52,111,36,32,0.87,132
4,2016-06-05,良,86,325,54,120,23,44,0.82,72
5,2016-06-06,良,86,316,61,104,17,28,0.73,109
6,2016-06-07,轻度污染,103,341,75,135,20,39,1.08,92
7,2016-06-08,轻度污染,138,356,100,161,22,42,1.48,123
8,2016-06-09,轻度污染,134,356,93,162,19,23,0.93,170
9,2016-06-10,轻度污染,101,348,58,127,18,17,0.77,148
10,2016-06-11,良,87,319,33,100,17,21,0.74,128
11,2016-06-12,良,94,343,41,106,34,38,1.22,113
12,2016-06-13,良,95,334,62,108,20,23,0.97,140
13,2016-06-14,良,57,175,29,48,13,21,0.8,98
14,2016-06-15,良,70,302,38,70,13,24,0.8,89
15,2016-06-16,良,87,315,35,76,20,33,0.74,137
16,2016-06-17,良,95,314,27,80,19,21,0.54,152
17,2016-06-18,轻度污染,103,337,34,74,20,23,0.62,162
18,2016-06-19,轻度污染,129,360,73,148,37,50,1.57,127
19,2016-06-20,轻度污染,113,352,79,135,22,45,1.72,116
20,2016-06-21,良,88,335,53,104,21,34,0.99,105
21,2016-06-22,良,97,345,51,87,21,38,1.19,134
22,2016-06-23,良,64,294,35,58,15,35,1.03,93
23,2016-06-24,良,68,332,32,60,18,26,0.79,100
24,2016-06-25,良,71,302,28,67,23,32,0.74,105
25,2016-06-26,良,95,324,36,86,22,41,0.7,137
26,2016-06-27,良,96,330,41,78,20,18,0.73,152
27,2016-06-28,良,86,324,47,84,16,18,0.67,118
28,2016-06-29,良,79,307,48,82,14,19,0.7,127
29,2016-06-30,良,78,309,46,92,16,28,0.87,109
0,2016-05-01,良,90,246,57,116,27,17,0.66,117
1,2016-05-02,良,81,280,48,105,23,22,0.72,77
2,2016-05-03,良,79,317,40,105,24,21,0.58,73
3,2016-05-04,良,81,262,41,103,31,26,0.58,117
4,2016-05-05,良,94,293,61,128,28,27,0.82,103
5,2016-05-06,严重污染,253,362,100,409,23,27,0.73,74
6,2016-05-07,轻度污染,135,327,65,218,42,54,1.0,61
7,2016-05-08,轻度污染,111,358,67,163,43,54,1.07,53
8,2016-05-09,良,89,337,65,107,21,46,1.16,41
9,2016-05-10,轻度污染,103,335,77,136,23,46,1.29,76
10,2016-05-11,轻度污染,115,300,79,158,20,29,0.83,125
11,2016-05-12,良,74,151,35,96,14,23,0.66,84
12,2016-05-13,良,68,208,39,84,17,43,0.81,54
13,2016-05-14,良,72,255,40,86,16,46,0.96,37
14,2016-05-15,良,72,334,44,72,12,36,0.87,40
15,2016-05-16,良,67,209,28,81,18,28,0.51,95
16,2016-05-17,良,80,240,36,92,19,23,0.53,128
17,2016-05-18,轻度污染,107,324,50,103,23,34,0.69,155
18,2016-05-19,轻度污染,103,296,49,113,26,38,0.87,139
19,2016-05-20,良,93,302,54,118,31,48,0.92,108
20,2016-05-21,轻度污染,101,336,56,113,37,46,0.94,119
21,2016-05-22,良,95,330,53,105,43,34,1.06,134
22,2016-05-23,轻度污染,122,355,85,178,46,73,1.39,74
23,2016-05-24,良,76,257,40,84,26,29,0.71,112
24,2016-05-25,良,68,222,27,64,22,27,0.61,109
25,2016-05-26,良,89,329,47,126,40,52,0.98,79
26,2016-05-27,轻度污染,123,356,75,188,31,71,1.34,49
27,2016-05-28,良,70,262,47,84,17,29,0.94,81
28,2016-05-29,良,100,339,70,124,25,40,1.33,109
29,2016-05-30,轻度污染,113,330,68,134,25,28,1.02,147
30,2016-05-31,轻度污染,119,341,78,142,42,34,1.45,152
0,2016-04-01,轻度污染,115,296,62,178,34,29,0.85,100
1,2016-04-02,重度污染,204,356,74,305,55,41,1.25,53
2,2016-04-03,良,70,273,40,88,53,33,0.91,68
3,2016-04-04,良,93,328,55,135,42,40,0.82,66
4,2016-04-05,良,87,291,52,121,40,32,0.75,89
5,2016-04-06,轻度污染,110,319,78,163,48,46,1.06,63
6,2016-04-07,轻度污染,134,340,88,196,32,43,1.07,57
7,2016-04-08,重度污染,204,357,133,316,54,57,1.5,74
8,2016-04-09,重度污染,210,357,159,318,31,57,1.47,96
9,2016-04-10,重度污染,237,363,129,356,70,59,2.17,53
10,2016-04-11,中度污染,151,361,99,249,57,70,1.73,35
11,2016-04-12,轻度污染,137,333,97,209,34,37,1.09,87
12,2016-04-13,中度污染,166,348,111,253,33,49,1.15,77
13,2016-04-14,中度污染,177,363,88,282,63,59,1.54,67
14,2016-04-15,轻度污染,144,355,82,236,31,37,0.91,130
15,2016-04-16,良,95,335,58,123,17,27,0.8,59
16,2016-04-17,良,81,316,38,111,22,31,0.69,51
17,2016-04-18,良,80,330,37,109,20,27,0.61,65
18,2016-04-19,良,87,318,46,121,24,40,0.8,87
19,2016-04-20,轻度污染,140,348,97,206,36,65,1.17,79
20,2016-04-21,中度污染,175,354,127,257,32,46,1.25,105
21,2016-04-22,中度污染,182,342,87,282,44,43,1.15,89
22,2016-04-23,中度污染,193,348,111,315,59,74,1.5,44
23,2016-04-24,轻度污染,115,320,69,175,32,37,0.76,89
24,2016-04-25,轻度污染,102,315,61,150,37,28,0.74,122
25,2016-04-26,良,86,292,49,120,30,51,0.91,71
26,2016-04-27,轻度污染,128,358,89,199,50,64,1.24,54
27,2016-04-28,轻度污染,110,343,77,163,34,47,1.08,82
28,2016-04-29,轻度污染,115,318,76,175,28,25,0.9,135
29,2016-04-30,良,100,288,69,138,28,19,0.77,135
0,2016-03-01,轻度污染,103,272,71,145,49,39,1.1,70
1,2016-03-02,轻度污染,145,319,109,198,62,40,1.17,105
2,2016-03-03,轻度污染,128,257,85,196,48,33,1.02,107
3,2016-03-04,轻度污染,126,221,94,165,46,34,1.0,111
4,2016-03-05,重度污染,247,342,126,337,30,39,1.19,43
5,2016-03-06,中度污染,189,309,106,320,44,45,1.23,54
6,2016-03-07,中度污染,167,317,92,270,58,55,1.25,40
7,2016-03-08,良,86,300,40,120,56,33,0.99,45
8,2016-03-09,良,71,305,41,90,58,41,1.09,40
9,2016-03-10,良,82,333,43,111,39,50,0.77,38
10,2016-03-11,良,100,326,60,147,52,49,0.92,43
11,2016-03-12,轻度污染,108,294,71,163,48,43,0.92,63
12,2016-03-13,轻度污染,126,310,89,181,41,50,1.12,49
13,2016-03-14,良,82,188,42,112,34,47,0.78,56
14,2016-03-15,轻度污染,122,286,88,161,40,34,0.83,92
15,2016-03-16,轻度污染,115,248,84,158,47,56,0.99,67
16,2016-03-17,轻度污染,125,242,94,167,48,39,0.85,112
17,2016-03-18,中度污染,189,326,142,235,54,67,1.43,85
18,2016-03-19,严重污染,253,356,191,361,92,101,2.58,38
19,2016-03-20,轻度污染,139,324,96,221,109,71,2.14,45
20,2016-03-21,轻度污染,142,343,105,227,63,84,1.6,51
21,2016-03-22,中度污染,162,356,98,247,73,61,1.36,62
22,2016-03-23,良,79,294,37,105,51,34,0.95,54
23,2016-03-24,良,93,341,52,133,38,47,0.98,51
24,2016-03-25,良,94,322,52,135,31,46,0.91,56
25,2016-03-26,轻度污染,109,339,70,164,35,58,0.92,46
26,2016-03-27,良,86,256,43,121,34,35,0.68,73
27,2016-03-28,轻度污染,112,328,45,172,33,21,0.56,99
28,2016-03-29,轻度污染,103,304,47,155,43,43,1.02,62
29,2016-03-30,轻度污染,124,328,66,195,48,57,1.11,64
30,2016-03-31,轻度污染,127,308,76,192,41,23,0.76,107
0,2016-02-01,轻度污染,135,332,101,157,67,62,1.5,29
1,2016-02-02,轻度污染,119,262,89,148,63,66,1.57,35
2,2016-02-03,轻度污染,149,313,112,163,59,54,1.39,60
3,2016-02-04,中度污染,169,332,128,197,93,72,2.13,35
4,2016-02-05,良,83,201,57,98,69,41,1.45,46
5,2016-02-06,良,84,263,58,101,49,38,1.26,49
6,2016-02-07,良,93,227,65,124,62,28,1.0,76
7,2016-02-08,轻度污染,126,134,94,172,74,27,1.06,86
8,2016-02-09,轻度污染,137,305,102,166,71,46,1.69,57
9,2016-02-10,轻度污染,148,320,112,173,79,69,2.2,50
10,2016-02-11,重度污染,239,355,189,266,96,68,2.33,24
11,2016-02-12,重度污染,236,346,186,265,65,45,2.57,8
12,2016-02-13,优,39,83,26,37,24,19,0.79,40
13,2016-02-14,优,41,180,19,40,24,16,0.63,58
14,2016-02-15,良,60,313,33,67,35,25,0.89,52
15,2016-02-16,良,65,300,35,77,43,36,0.95,44
16,2016-02-17,良,75,267,47,95,58,41,1.08,48
17,2016-02-18,良,83,240,55,108,51,38,1.08,53
18,2016-02-19,良,92,190,56,130,55,48,1.33,38
19,2016-02-20,良,53,94,25,58,31,26,0.83,50
20,2016-02-21,良,79,141,50,104,37,35,0.93,50
21,2016-02-22,轻度污染,138,303,100,199,41,33,1.02,58
22,2016-02-23,轻度污染,101,267,68,129,41,29,1.19,49
23,2016-02-24,良,86,251,57,109,39,43,1.13,40
24,2016-02-25,轻度污染,138,320,104,179,55,48,1.31,55
25,2016-02-26,中度污染,168,350,129,217,72,63,1.89,43
26,2016-02-27,重度污染,212,355,162,295,100,77,2.27,45
27,2016-02-28,良,89,234,62,106,43,34,1.12,49
28,2016-02-29,良,60,128,26,69,36,32,1.06,52
0,2016-01-01,轻度污染,139,236,106,169,47,39,1.14,71
1,2016-01-02,重度污染,236,324,189,275,87,97,2.73,25
2,2016-01-03,严重污染,416,359,371,519,101,113,5.23,7
3,2016-01-04,重度污染,247,332,191,289,112,78,2.69,12
4,2016-01-05,中度污染,156,314,117,171,131,71,2.26,7
5,2016-01-06,重度污染,202,347,152,192,88,69,2.53,9
6,2016-01-07,轻度污染,136,320,102,146,57,67,1.95,10
7,2016-01-08,重度污染,216,341,171,229,74,83,2.38,12
8,2016-01-09,重度污染,228,333,179,241,78,80,2.4,17
9,2016-01-10,严重污染,268,342,219,316,130,95,3.1,9
10,2016-01-11,良,82,245,60,98,67,47,1.43,24
11,2016-01-12,良,92,281,67,108,49,53,1.27,24
12,2016-01-13,轻度污染,136,313,103,150,57,62,1.27,27
13,2016-01-14,中度污染,165,320,125,191,78,75,1.48,24
14,2016-01-15,轻度污染,140,288,105,180,84,89,1.75,23
15,2016-01-16,重度污染,219,335,172,255,129,116,3.1,15
16,2016-01-17,中度污染,176,324,138,186,55,48,1.61,22
17,2016-01-18,轻度污染,138,299,104,139,54,55,1.69,26
18,2016-01-19,轻度污染,134,285,98,169,69,64,1.97,20
19,2016-01-20,轻度污染,144,337,109,204,89,71,2.19,13
20,2016-01-21,中度污染,188,351,143,229,96,68,1.93,18
21,2016-01-22,轻度污染,145,336,104,173,75,44,1.79,25
22,2016-01-23,良,62,215,33,73,30,21,0.8,45
23,2016-01-24,良,67,256,30,81,31,22,0.73,45
24,2016-01-25,良,80,286,52,107,62,39,1.18,28
25,2016-01-26,轻度污染,150,355,110,185,71,61,1.58,23
26,2016-01-27,中度污染,195,359,149,230,89,87,2.9,16
27,2016-01-28,重度污染,201,345,155,262,132,111,2.78,13
28,2016-01-29,轻度污染,146,309,108,183,91,61,1.65,19
29,2016-01-30,良,79,217,55,103,75,50,1.23,20
30,2016-01-31,良,80,236,57,97,58,43,1.19,32
0,2015-12-01,严重污染,254,350,211,280,58,63,2.89,12
1,2015-12-02,中度污染,157,348,110,178,44,43,1.66,25
2,2015-12-03,良,73,250,34,93,41,37,0.87,23
3,2015-12-04,良,79,294,55,102,54,49,1.21,17
4,2015-12-05,轻度污染,138,316,102,188,90,72,1.86,12
5,2015-12-06,轻度污染,136,313,102,166,92,73,1.87,16
6,2015-12-07,重度污染,212,332,163,272,98,87,2.37,10
7,2015-12-08,中度污染,196,315,152,235,74,76,2.01,32
8,2015-12-09,中度污染,164,300,124,188,57,69,1.7,13
9,2015-12-10,严重污染,318,349,272,339,53,86,2.95,11
10,2015-12-11,轻度污染,149,296,114,169,58,55,1.95,21
11,2015-12-12,轻度污染,143,294,108,173,92,72,1.87,14
12,2015-12-13,严重污染,251,352,200,267,113,89,2.77,16
13,2015-12-14,严重污染,254,347,203,272,90,85,2.43,13
14,2015-12-15,轻度污染,138,302,94,158,54,52,1.39,21
15,2015-12-16,良,55,185,28,60,29,35,0.82,23
16,2015-12-17,良,69,259,44,84,43,44,1.05,19
17,2015-12-18,轻度污染,102,283,75,128,62,55,1.11,30
18,2015-12-19,重度污染,243,356,192,295,112,98,2.97,7
19,2015-12-20,严重污染,269,346,218,292,104,95,2.04,17
20,2015-12-21,严重污染,287,329,236,314,100,95,2.28,28
21,2015-12-22,严重污染,305,334,254,337,96,96,2.57,8
22,2015-12-23,严重污染,434,355,419,505,84,95,3.69,9
23,2015-12-24,严重污染,475,361,415,596,61,106,5.85,7
24,2015-12-25,严重污染,340,358,272,405,62,84,3.69,26
25,2015-12-26,中度污染,174,321,129,221,72,60,1.78,23
26,2015-12-27,良,79,191,54,95,59,41,1.2,29
27,2015-12-28,中度污染,162,325,123,188,76,65,1.73,16
28,2015-12-29,中度污染,167,286,126,178,43,45,1.14,40
29,2015-12-30,重度污染,230,332,181,239,50,74,1.94,21
30,2015-12-31,中度污染,168,259,128,181,49,65,1.75,29
0,2015-11-01,良,69,222,46,82,30,49,0.79,46
1,2015-11-02,轻度污染,118,289,88,137,42,59,1.02,51
2,2015-11-03,轻度污染,119,272,90,147,42,68,1.19,68
3,2015-11-04,轻度污染,147,321,111,180,31,82,1.6,51
4,2015-11-05,轻度污染,144,323,104,175,29,65,1.63,22
5,2015-11-06,优,47,145,32,39,10,30,1.04,29
6,2015-11-07,优,47,165,32,37,9,32,1.16,27
7,2015-11-08,轻度污染,119,311,88,103,13,47,1.54,17
8,2015-11-09,中度污染,172,338,130,162,20,50,1.89,23
9,2015-11-10,重度污染,207,351,161,235,33,73,2.3,6
10,2015-11-11,重度污染,241,361,190,262,65,76,3.21,19
11,2015-11-12,严重污染,293,364,243,331,71,96,3.84,22
12,2015-11-13,中度污染,164,335,129,159,36,74,2.67,10
13,2015-11-14,轻度污染,119,285,89,117,37,62,2.68,25
14,2015-11-15,中度污染,174,344,133,184,44,72,2.19,17
15,2015-11-16,中度污染,161,362,123,185,32,58,2.41,9
16,2015-11-17,轻度污染,128,356,95,148,71,60,2.19,15
17,2015-11-18,良,72,291,52,79,37,45,1.18,25
18,2015-11-19,轻度污染,120,348,90,132,39,58,1.61,7
19,2015-11-20,重度污染,240,365,189,290,61,77,2.8,5
20,2015-11-21,重度污染,239,365,189,239,56,74,3.31,5
21,2015-11-22,优,44,136,30,37,22,34,1.14,25
22,2015-11-23,优,46,173,32,40,19,23,0.87,40
23,2015-11-24,优,44,198,29,37,18,24,0.76,44
24,2015-11-25,良,91,323,67,69,36,36,1.18,30
25,2015-11-26,优,46,129,31,38,28,31,0.79,50
26,2015-11-27,良,68,206,49,59,37,41,0.94,42
27,2015-11-28,中度污染,197,341,153,192,79,79,2.29,12
28,2015-11-29,严重污染,298,357,247,299,82,80,2.6,8
29,2015-11-30,严重污染,339,355,288,371,97,93,3.35,7
0,2015-10-01,良,69,251,32,82,15,37,0.69,47
1,2015-10-02,轻度污染,107,329,55,162,25,36,0.59,86
2,2015-10-03,中度污染,189,358,133,278,46,75,1.37,76
3,2015-10-04,重度污染,229,359,174,319,37,71,1.48,94
4,2015-10-05,轻度污染,118,326,86,165,24,32,0.72,118
5,2015-10-06,轻度污染,106,294,79,135,24,44,0.84,102
6,2015-10-07,轻度污染,103,323,75,119,20,49,0.86,44
7,2015-10-08,良,75,322,34,97,16,41,0.66,30
8,2015-10-09,良,87,331,42,122,29,40,0.76,52
9,2015-10-10,良,63,226,21,77,17,33,0.63,42
10,2015-10-11,良,93,332,53,127,33,57,0.84,36
11,2015-10-12,良,79,251,39,109,22,59,0.97,40
12,2015-10-13,良,94,258,58,130,35,51,0.94,83
13,2015-10-14,轻度污染,115,259,84,162,29,38,0.86,139
14,2015-10-15,重度污染,218,357,175,294,41,95,1.71,78
15,2015-10-16,重度污染,249,357,198,332,42,112,2.2,86
16,2015-10-17,中度污染,174,337,131,216,41,66,1.46,145
17,2015-10-18,中度污染,184,354,129,256,52,81,1.98,52
18,2015-10-19,轻度污染,138,334,97,178,38,60,1.43,50
19,2015-10-20,重度污染,207,355,158,258,34,88,1.71,59
20,2015-10-21,重度污染,205,358,159,259,38,75,1.65,48
21,2015-10-22,轻度污染,126,320,93,176,33,53,1.66,16
22,2015-10-23,中度污染,164,348,123,218,26,64,2.15,11
23,2015-10-24,中度污染,190,355,143,256,49,66,2.55,32
24,2015-10-25,良,97,273,61,138,75,73,1.6,18
25,2015-10-26,轻度污染,118,319,88,123,28,56,1.69,13
26,2015-10-27,良,83,324,51,107,25,49,1.02,24
27,2015-10-28,轻度污染,101,328,69,145,47,68,1.8,28
28,2015-10-29,良,82,282,49,110,42,55,1.36,30
29,2015-10-30,良,80,311,49,109,29,57,1.43,24
30,2015-10-31,良,95,311,63,127,38,71,1.16,21
0,2015-09-01,优,49,146,33,50,12,26,0.86,61
1,2015-09-02,良,59,226,39,60,13,32,0.93,62
2,2015-09-03,良,72,281,41,72,15,40,1.09,78
3,2015-09-04,良,83,318,60,92,16,46,0.9,73
4,2015-09-05,良,100,362,74,119,28,39,1.48,71
5,2015-09-06,良,73,334,41,88,24,34,0.99,64
6,2015-09-07,良,86,352,47,104,36,50,1.25,91
7,2015-09-08,轻度污染,107,363,78,151,27,67,1.27,81
8,2015-09-09,良,95,350,64,131,23,63,1.16,42
9,2015-09-10,轻度污染,117,357,87,143,24,48,1.41,50
10,2015-09-11,良,52,199,33,53,16,37,0.92,36
11,2015-09-12,良,58,231,30,64,14,35,0.61,42
12,2015-09-13,良,56,185,23,62,23,43,0.5,66
13,2015-09-14,良,79,318,47,103,26,55,0.79,76
14,2015-09-15,良,83,300,51,111,25,53,1.09,64
15,2015-09-16,轻度污染,104,341,75,154,31,68,1.24,66
16,2015-09-17,轻度污染,109,340,81,150,26,66,1.25,79
17,2015-09-18,良,82,268,57,106,20,51,0.76,91
18,2015-09-19,轻度污染,127,338,93,194,25,85,1.33,33
19,2015-09-20,良,86,304,51,108,37,56,1.14,118
20,2015-09-21,轻度污染,132,350,99,182,30,65,1.3,95
21,2015-09-22,轻度污染,112,338,84,133,21,34,0.86,96
22,2015-09-23,良,100,338,74,128,27,44,0.94,92
23,2015-09-24,中度污染,156,353,118,217,31,81,1.66,62
24,2015-09-25,轻度污染,118,346,83,144,26,50,1.19,70
25,2015-09-26,轻度污染,110,355,72,143,32,67,1.28,67
26,2015-09-27,轻度污染,116,348,82,156,30,62,1.13,105
27,2015-09-28,中度污染,152,362,115,185,42,42,1.59,94
28,2015-09-29,中度污染,158,364,113,208,46,53,1.56,57
29,2015-09-30,轻度污染,146,352,106,208,51,69,1.62,55
0,2015-08-01,良,100,352,74,128,19,49,1.24,74
1,2015-08-02,良,66,277,42,73,13,20,0.61,94
2,2015-08-03,良,59,246,27,61,16,28,0.85,79
3,2015-08-04,良,60,248,38,66,14,32,1.08,66
4,2015-08-05,良,73,283,48,86,14,30,0.82,80
5,2015-08-06,优,38,53,21,37,12,30,0.57,44
6,2015-08-07,良,74,297,47,85,21,47,1.26,54
7,2015-08-08,良,68,289,41,76,20,40,1.0,63
8,2015-08-09,良,57,247,32,62,19,35,0.82,54
9,2015-08-10,良,87,345,59,109,32,43,1.33,78
10,2015-08-11,轻度污染,109,349,76,137,27,49,1.11,70
11,2015-08-12,轻度污染,116,338,78,136,26,42,1.01,115
12,2015-08-13,轻度污染,109,326,79,131,24,30,0.78,136
13,2015-08-14,轻度污染,103,322,76,122,22,22,0.71,119
14,2015-08-15,良,88,323,64,103,22,29,0.82,85
15,2015-08-16,轻度污染,114,329,78,119,22,33,0.85,132
16,2015-08-17,轻度污染,116,320,87,134,27,30,0.9,118
17,2015-08-18,轻度污染,111,336,83,137,24,42,0.93,91
18,2015-08-19,良,91,339,67,113,22,33,0.82,79
19,2015-08-20,良,83,342,59,105,32,42,0.79,77
20,2015-08-21,良,100,338,66,120,29,37,0.9,116
21,2015-08-22,轻度污染,114,349,72,135,17,43,0.82,104
22,2015-08-23,良,73,263,45,75,33,42,1.09,96
23,2015-08-24,良,77,287,51,85,21,36,1.09,66
24,2015-08-25,良,60,183,38,64,15,33,0.95,59
25,2015-08-26,良,59,151,35,62,15,36,0.76,67
26,2015-08-27,良,58,156,30,56,18,50,0.97,64
27,2015-08-28,良,80,257,49,87,20,54,1.02,77
28,2015-08-29,良,73,265,41,73,21,37,0.86,104
29,2015-08-30,良,97,331,65,102,24,48,1.1,110
30,2015-08-31,轻度污染,110,357,82,122,20,53,1.25,55
0,2015-07-01,良,90,345,57,105,27,35,1.04,100
1,2015-07-02,良,88,326,38,108,43,52,1.13,75
2,2015-07-03,轻度污染,107,338,44,121,49,50,0.97,122
3,2015-07-04,轻度污染,116,355,52,133,42,50,0.94,123
4,2015-07-05,轻度污染,120,361,78,150,33,32,0.99,148
5,2015-07-06,轻度污染,141,360,106,190,48,42,1.21,127
6,2015-07-07,中度污染,170,363,129,206,32,28,1.17,140
7,2015-07-08,中度污染,193,362,138,222,32,31,1.39,151
8,2015-07-09,轻度污染,139,354,96,175,27,46,1.08,133
9,2015-07-10,中度污染,161,365,121,200,38,34,1.14,170
10,2015-07-11,良,73,267,48,88,24,38,1.12,53
11,2015-07-12,轻度污染,114,332,85,143,30,43,1.39,68
12,2015-07-13,轻度污染,130,351,85,151,29,35,1.01,159
13,2015-07-14,轻度污染,111,318,72,136,29,38,1.08,130
14,2015-07-15,轻度污染,106,330,79,131,38,52,1.54,98
15,2015-07-16,轻度污染,140,363,105,177,20,47,1.21,69
16,2015-07-17,中度污染,160,364,120,210,22,50,1.2,69
17,2015-07-18,轻度污染,117,353,87,128,17,42,1.22,55
18,2015-07-19,良,94,341,67,114,27,39,1.28,60
19,2015-07-20,良,93,327,66,110,18,38,0.98,58
20,2015-07-21,轻度污染,114,348,84,132,18,42,0.98,93
21,2015-07-22,轻度污染,124,356,93,150,21,43,1.24,77
22,2015-07-23,良,93,334,69,119,21,50,1.05,57
23,2015-07-24,良,81,314,54,90,20,31,0.71,105
24,2015-07-25,良,99,337,56,100,31,31,0.86,133
25,2015-07-26,轻度污染,103,329,73,119,23,25,0.74,139
26,2015-07-27,轻度污染,101,330,65,118,19,26,0.77,133
27,2015-07-28,良,72,284,44,74,18,19,0.73,90
28,2015-07-29,良,65,258,33,68,17,18,0.56,102
29,2015-07-30,良,68,297,39,76,15,26,0.73,92
30,2015-07-31,良,70,314,35,56,16,28,0.88,111
0,2015-06-01,轻度污染,107,286,80,146,20,21,1.12,128
1,2015-06-02,轻度污染,121,342,83,162,31,31,1.18,115
2,2015-06-03,良,99,351,61,136,42,55,1.49,90
3,2015-06-04,良,87,319,40,123,24,29,0.75,105
4,2015-06-05,良,95,326,43,137,23,24,0.62,111
5,2015-06-06,轻度污染,143,360,60,233,22,21,0.56,121
6,2015-06-07,轻度污染,143,356,90,207,51,42,1.48,142
7,2015-06-08,良,95,332,58,92,19,35,1.05,96
8,2015-06-09,良,94,286,49,112,29,35,0.82,152
9,2015-06-10,轻度污染,137,342,90,190,20,21,0.99,162
10,2015-06-11,良,73,245,33,90,19,26,0.62,87
11,2015-06-12,良,89,300,39,120,32,32,0.71,115
12,2015-06-13,良,75,272,33,92,27,31,0.78,109
13,2015-06-14,轻度污染,119,353,84,134,44,33,1.54,126
14,2015-06-15,轻度污染,120,337,84,174,31,51,1.27,118
15,2015-06-16,中度污染,172,362,129,201,30,27,1.16,167
16,2015-06-17,中度污染,169,351,122,197,31,35,1.24,153
17,2015-06-18,轻度污染,128,347,82,148,33,35,1.03,113
18,2015-06-19,良,91,320,65,115,29,33,1.15,116
19,2015-06-20,良,87,323,63,98,40,41,1.56,76
20,2015-06-21,轻度污染,120,352,70,131,32,43,1.21,147
21,2015-06-22,轻度污染,135,353,98,151,26,24,0.93,172
22,2015-06-23,轻度污染,119,336,89,147,22,27,0.92,142
23,2015-06-24,良,97,338,72,101,14,30,0.92,77
24,2015-06-25,良,83,334,60,86,17,36,1.3,50
25,2015-06-26,轻度污染,120,351,90,134,26,38,1.51,79
26,2015-06-27,中度污染,165,363,124,181,24,38,1.45,133
27,2015-06-28,轻度污染,134,350,97,153,16,27,1.01,114
28,2015-06-29,良,78,314,52,86,14,36,0.82,61
29,2015-06-30,良,71,314,49,82,16,26,0.84,74
0,2015-05-01,轻度污染,116,334,81,144,30,29,0.97,119
1,2015-05-02,良,79,306,53,89,18,25,1.16,48
2,2015-05-03,轻度污染,115,332,79,150,22,40,1.35,55
3,2015-05-04,良,94,304,48,135,46,34,1.24,70
4,2015-05-05,轻度污染,111,319,68,153,29,22,0.83,119
5,2015-05-06,轻度污染,115,312,83,143,36,60,1.71,54
6,2015-05-07,轻度污染,124,331,90,152,34,49,1.38,59
7,2015-05-08,良,81,278,56,94,20,28,0.81,106
8,2015-05-09,轻度污染,129,358,97,145,38,49,1.7,26
9,2015-05-10,轻度污染,130,336,97,171,22,36,1.2,35
10,2015-05-11,良,56,186,36,55,28,32,1.21,37
11,2015-05-12,良,78,296,30,105,59,29,0.8,79
12,2015-05-13,良,93,303,43,133,27,19,0.77,111
13,2015-05-14,轻度污染,120,334,57,189,28,39,1.02,70
14,2015-05-15,轻度污染,145,360,88,236,84,68,1.9,58
15,2015-05-16,轻度污染,128,357,85,202,36,47,1.17,114
16,2015-05-17,轻度污染,111,307,54,168,28,19,0.83,142
17,2015-05-18,轻度污染,111,325,79,157,37,36,1.13,105
18,2015-05-19,轻度污染,139,352,80,221,69,57,1.88,72
19,2015-05-20,良,73,224,35,88,32,43,0.98,72
20,2015-05-21,轻度污染,103,356,62,154,37,57,1.04,83
21,2015-05-22,轻度污染,106,338,69,146,37,47,0.98,115
22,2015-05-23,轻度污染,134,345,87,164,39,43,1.21,163
23,2015-05-24,中度污染,183,365,128,245,67,72,1.49,132
24,2015-05-25,中度污染,154,347,114,209,40,50,1.35,152
25,2015-05-26,轻度污染,121,290,90,167,33,31,1.14,140
26,2015-05-27,轻度污染,120,288,78,159,28,39,1.19,126
27,2015-05-28,良,96,273,51,139,32,48,1.13,87
28,2015-05-29,良,100,320,72,122,21,29,1.06,65
29,2015-05-30,轻度污染,140,355,106,186,38,49,2.01,80
30,2015-05-31,轻度污染,133,341,92,189,21,21,1.04,126
0,2015-04-01,良,83,274,61,80,46,56,1.7,31
1,2015-04-02,良,82,302,60,75,22,38,1.19,46
2,2015-04-03,轻度污染,110,331,82,117,40,50,1.62,52
3,2015-04-04,中度污染,191,343,147,215,86,74,2.1,38
4,2015-04-05,重度污染,215,342,164,235,46,72,1.93,63
5,2015-04-06,良,92,294,55,126,48,34,1.2,57
6,2015-04-07,良,90,328,63,114,72,58,1.3,56
7,2015-04-08,良,90,310,61,126,29,44,0.88,57
8,2015-04-09,良,93,309,68,120,31,34,0.85,84
9,2015-04-10,轻度污染,107,315,79,144,32,33,0.89,105
10,2015-04-11,轻度污染,108,310,75,158,35,24,0.88,122
11,2015-04-12,良,84,287,49,103,18,20,0.95,69
12,2015-04-13,良,72,253,52,74,16,38,1.13,38
13,2015-04-14,良,86,250,61,109,34,34,1.0,90
14,2015-04-15,良,95,219,53,138,40,25,0.71,105
15,2015-04-16,中度污染,199,355,45,261,21,24,0.67,66
16,2015-04-17,中度污染,155,348,62,257,30,49,0.85,67
17,2015-04-18,中度污染,178,357,102,302,85,70,1.57,69
18,2015-04-19,良,60,173,39,68,21,32,0.97,57
19,2015-04-20,良,99,339,60,145,37,48,1.31,55
20,2015-04-21,良,95,310,53,138,27,21,0.85,100
21,2015-04-22,轻度污染,108,341,73,163,35,49,1.26,60
22,2015-04-23,良,98,278,59,144,31,29,0.87,123
23,2015-04-24,中度污染,183,365,121,270,81,93,2.14,61
24,2015-04-25,轻度污染,127,317,88,188,44,36,0.97,110
25,2015-04-26,良,98,258,56,132,33,15,0.72,157
26,2015-04-27,良,87,219,53,121,35,23,0.81,128
27,2015-04-28,轻度污染,121,339,84,156,31,57,1.29,44
28,2015-04-29,中度污染,190,360,145,233,32,46,1.91,58
29,2015-04-30,中度污染,155,339,116,202,25,43,1.23,107
0,2015-03-01,轻度污染,117,333,81,140,63,43,1.33,48
1,2015-03-02,良,89,249,54,126,47,34,0.96,67
2,2015-03-03,轻度污染,109,294,43,159,34,29,0.86,54
3,2015-03-04,良,64,226,28,76,49,42,0.99,44
4,2015-03-05,良,92,300,57,126,69,53,1.19,42
5,2015-03-06,良,98,272,69,138,51,37,0.98,65
6,2015-03-07,良,100,272,74,136,42,41,0.88,71
7,2015-03-08,轻度污染,140,331,106,180,61,54,1.31,46
8,2015-03-09,轻度污染,101,292,56,131,54,40,1.12,43
9,2015-03-10,良,83,262,35,115,51,51,0.93,50
10,2015-03-11,良,92,280,58,133,54,46,0.98,57
11,2015-03-12,轻度污染,147,338,108,222,86,67,1.42,69
12,2015-03-13,中度污染,189,353,143,276,148,88,2.84,39
13,2015-03-14,轻度污染,118,251,74,183,65,72,1.51,57
14,2015-03-15,轻度污染,150,314,108,233,58,58,1.28,73
15,2015-03-16,轻度污染,111,253,81,151,37,38,1.09,75
16,2015-03-17,中度污染,181,344,134,233,62,63,1.76,24
17,2015-03-18,轻度污染,138,348,104,191,116,82,2.27,28
18,2015-03-19,中度污染,189,359,143,272,137,104,2.26,26
19,2015-03-20,中度污染,186,340,134,283,96,77,1.68,43
20,2015-03-21,轻度污染,145,334,81,221,45,43,1.13,57
21,2015-03-22,重度污染,215,356,56,330,67,62,1.36,35
22,2015-03-23,轻度污染,116,332,64,180,99,68,1.86,36
23,2015-03-24,轻度污染,135,350,75,218,60,55,1.35,56
24,2015-03-25,良,90,287,48,128,32,44,0.9,73
25,2015-03-26,良,98,283,62,144,33,59,1.0,86
26,2015-03-27,良,99,268,67,141,39,36,0.88,91
27,2015-03-28,轻度污染,149,336,87,225,38,46,1.16,79
28,2015-03-29,严重污染,420,363,112,609,46,60,1.39,59
29,2015-03-30,中度污染,179,336,90,269,37,39,1.14,128
30,2015-03-31,轻度污染,127,317,96,165,35,52,1.37,60
0,2015-02-01,轻度污染,107,257,77,149,89,72,1.68,19
1,2015-02-02,中度污染,163,314,123,204,144,89,2.07,13
2,2015-02-03,重度污染,239,340,188,292,131,94,2.45,16
3,2015-02-04,轻度污染,150,266,104,178,66,54,1.52,30
4,2015-02-05,良,60,98,34,72,52,50,1.06,30
5,2015-02-06,良,90,175,62,113,82,57,1.13,37
6,2015-02-07,轻度污染,141,293,90,194,77,64,1.58,27
7,2015-02-08,良,68,144,33,84,56,49,1.28,28
8,2015-02-09,良,85,195,50,118,56,45,1.05,44
9,2015-02-10,轻度污染,102,194,73,140,60,43,1.11,63
10,2015-02-11,中度污染,200,348,155,262,130,96,2.39,26
11,2015-02-12,中度污染,157,280,116,195,109,79,2.26,23
12,2015-02-13,中度污染,167,301,126,217,99,73,2.11,39
13,2015-02-14,轻度污染,136,232,98,200,53,33,1.15,90
14,2015-02-15,中度污染,186,307,143,201,46,52,2.1,27
15,2015-02-16,中度污染,173,321,118,229,40,38,1.64,38
16,2015-02-17,轻度污染,114,241,71,171,77,53,1.8,41
17,2015-02-18,轻度污染,123,288,93,161,99,41,1.71,52
18,2015-02-19,重度污染,210,333,165,231,117,42,1.81,46
19,2015-02-20,良,80,252,57,85,54,31,1.51,42
20,2015-02-21,中度污染,161,340,123,159,64,37,1.55,31
21,2015-02-22,轻度污染,133,268,49,198,32,17,0.93,59
22,2015-02-23,良,92,242,50,132,85,43,1.22,40
23,2015-02-24,轻度污染,126,316,89,190,50,25,1.14,66
24,2015-02-25,中度污染,183,348,140,237,60,39,2.07,54
25,2015-02-26,轻度污染,143,345,108,178,111,54,2.17,45
26,2015-02-27,良,76,295,45,95,66,40,1.24,46
27,2015-02-28,良,95,329,68,120,72,49,1.53,36
0,2015-01-01,良,100,267,55,148,90,55,1.18,27
1,2015-01-02,轻度污染,126,528,86,199,118,76,1.91,21
2,2015-01-03,中度污染,151,265,102,239,85,66,1.42,35
3,2015-01-04,重度污染,242,313,188,350,182,156,3.62,22
4,2015-01-05,严重污染,339,349,266,427,186,133,4.08,6
5,2015-01-06,良,72,180,40,88,45,46,1.3,25
6,2015-01-07,良,100,272,61,146,89,75,1.95,13
7,2015-01-08,轻度污染,141,288,101,207,110,79,2.01,15
8,2015-01-09,严重污染,257,346,203,350,131,104,2.95,10
9,2015-01-10,重度污染,201,306,157,276,114,93,2.25,25
10,2015-01-11,中度污染,177,305,130,253,109,84,2.15,18
11,2015-01-12,轻度污染,121,261,85,186,105,78,2.07,13
12,2015-01-13,轻度污染,133,278,95,202,114,89,2.21,12
13,2015-01-14,中度污染,165,300,125,227,116,81,2.11,16
14,2015-01-15,严重污染,324,358,271,399,110,97,2.89,8
15,2015-01-16,严重污染,312,362,258,382,76,71,2.36,23
16,2015-01-17,良,84,135,39,116,59,58,1.39,27
17,2015-01-18,轻度污染,139,295,73,216,66,42,1.28,43
18,2015-01-19,轻度污染,108,245,50,165,70,65,1.52,27
19,2015-01-20,轻度污染,111,239,62,168,60,56,1.33,45
20,2015-01-21,中度污染,162,322,121,209,77,63,2.37,17
21,2015-01-22,良,79,93,49,107,57,53,1.45,25
22,2015-01-23,轻度污染,126,191,94,165,79,58,1.52,41
23,2015-01-24,重度污染,250,345,198,326,138,109,3.18,9
24,2015-01-25,轻度污染,125,174,94,131,33,41,1.42,13
25,2015-01-26,中度污染,174,242,132,185,63,55,1.93,11
26,2015-01-27,良,61,114,32,69,49,40,1.0,29
27,2015-01-28,良,85,304,59,108,75,55,1.33,20
28,2015-01-29,中度污染,154,348,117,177,99,59,1.53,17
29,2015-01-30,轻度污染,117,304,80,128,51,50,1.23,27
30,2015-01-31,良,93,264,60,134,76,71,1.61,22
0,2014-12-01,良,94,161,26,134,24,25,0.43,39
1,2014-12-02,良,77,135,38,101,42,50,0.75,18
2,2014-12-03,轻度污染,115,173,86,171,81,67,0.99,22
3,2014-12-04,良,99,157,58,139,64,57,0.89,24
4,2014-12-05,轻度污染,122,170,85,191,108,88,1.4,16
5,2014-12-06,轻度污染,114,137,78,172,125,108,1.28,17
6,2014-12-07,重度污染,222,181,178,287,116,92,1.64,21
7,2014-12-08,轻度污染,125,140,86,196,122,76,1.91,17
8,2014-12-09,中度污染,152,160,108,232,108,74,1.95,15
9,2014-12-10,重度污染,220,182,124,351,71,80,1.34,9
10,2014-12-11,良,97,127,38,143,62,61,1.01,23
11,2014-12-12,轻度污染,107,153,72,156,91,72,1.2,10
12,2014-12-13,良,72,51,39,91,136,60,0.9,24
13,2014-12-16,良,83,127,21,114,43,30,0.58,40
14,2014-12-17,良,98,159,56,144,119,62,0.99,17
15,2014-12-18,轻度污染,108,129,59,165,70,43,0.88,52
16,2014-12-19,轻度污染,123,148,86,172,81,59,1.32,30
17,2014-12-20,良,63,56,32,74,58,40,1.02,22
18,2014-12-21,良,83,102,50,107,82,44,1.04,23
19,2014-12-22,良,93,97,56,135,109,57,1.19,21
20,2014-12-23,轻度污染,105,70,71,151,82,60,1.09,38
21,2014-12-24,中度污染,171,145,130,244,125,86,2.21,16
22,2014-12-25,轻度污染,108,103,72,163,97,74,1.82,19
23,2014-12-26,轻度污染,145,137,108,213,138,82,2.11,13
24,2014-12-27,中度污染,175,150,132,222,121,71,1.57,27
25,2014-12-28,重度污染,203,150,158,262,136,81,1.89,25
26,2014-12-29,轻度污染,143,108,106,222,125,76,1.65,28
27,2014-12-30,中度污染,182,155,139,262,161,99,1.99,21
28,2014-12-31,轻度污染,116,420,51,170,34,31,0.9,30
0,2014-11-01,轻度污染,118,152,87,154,23,56,0.72,16
1,2014-11-02,良,85,167,43,109,21,47,0.53,30
2,2014-11-03,良,87,157,41,121,37,55,0.56,37
3,2014-11-04,良,92,121,54,133,41,39,0.48,63
4,2014-11-05,轻度污染,124,148,88,181,58,63,0.83,44
5,2014-11-06,轻度污染,135,152,91,194,54,61,0.97,21
6,2014-11-07,良,66,84,34,82,64,50,0.48,27
7,2014-11-08,轻度污染,124,175,90,179,103,74,0.95,10
8,2014-11-09,中度污染,177,174,134,222,115,78,0.89,23
9,2014-11-10,轻度污染,142,130,107,176,45,52,0.63,51
10,2014-11-11,轻度污染,127,115,95,160,52,43,0.6,44
11,2014-11-12,良,76,114,26,100,27,37,0.49,31
12,2014-11-13,良,94,158,44,137,68,59,0.78,24
13,2014-11-14,轻度污染,130,168,85,205,80,78,1.24,25
14,2014-11-15,中度污染,182,180,132,279,95,85,1.6,12
15,2014-11-16,中度污染,175,174,133,222,54,63,1.47,16
16,2014-11-17,轻度污染,107,105,69,161,43,57,1.21,27
17,2014-11-18,轻度污染,108,112,65,161,86,63,1.1,28
18,2014-11-19,轻度污染,130,133,97,192,75,59,1.2,53
19,2014-11-20,轻度污染,126,115,94,178,51,45,1.05,79
20,2014-11-21,重度污染,206,144,160,290,93,106,1.85,29
21,2014-11-22,严重污染,374,185,302,478,204,135,3.87,20
22,2014-11-23,重度污染,248,175,195,289,84,91,2.67,12
23,2014-11-24,重度污染,243,184,193,298,104,87,2.89,13
24,2014-11-25,轻度污染,117,153,84,163,71,67,1.2,18
25,2014-11-26,轻度污染,116,149,87,154,64,47,0.99,34
26,2014-11-27,中度污染,157,167,120,176,47,65,1.64,11
27,2014-11-28,良,77,99,56,85,35,42,1.03,19
28,2014-11-29,轻度污染,139,154,105,157,47,68,1.86,11
29,2014-11-30,中度污染,165,174,109,187,56,57,1.6,17
0,2014-10-01,轻度污染,106,179,77,152,47,60,1.13,44
1,2014-10-02,轻度污染,144,183,109,181,50,51,1.23,54
2,2014-10-03,轻度污染,122,177,86,163,45,52,1.43,60
3,2014-10-04,轻度污染,148,183,107,194,67,53,1.41,70
4,2014-10-05,轻度污染,130,175,95,170,54,45,1.62,66
5,2014-10-06,良,64,58,29,77,33,52,1.08,51
6,2014-10-07,轻度污染,102,135,68,146,44,59,0.93,96
7,2014-10-08,轻度污染,113,130,81,161,34,65,1.0,104
8,2014-10-09,中度污染,155,158,115,231,66,93,1.46,82
9,2014-10-10,中度污染,165,164,124,239,73,92,1.83,65
10,2014-10-11,轻度污染,105,138,67,157,28,81,1.11,63
11,2014-10-12,轻度污染,106,165,61,141,27,54,0.96,28
12,2014-10-13,良,63,90,29,74,25,39,0.7,39
13,2014-10-14,良,95,121,53,137,60,58,0.92,49
14,2014-10-15,轻度污染,125,119,73,195,54,56,0.84,74
15,2014-10-16,良,78,66,27,105,50,50,0.87,45
16,2014-10-17,中度污染,158,172,109,234,39,45,0.89,121
17,2014-10-18,中度污染,153,149,111,221,37,55,0.93,145
18,2014-10-19,轻度污染,106,132,72,144,30,44,0.81,76
19,2014-10-20,中度污染,154,166,115,204,72,67,1.22,28
20,2014-10-21,良,79,98,50,105,38,41,0.65,63
21,2014-10-22,轻度污染,105,127,72,151,45,75,0.94,35
22,2014-10-23,轻度污染,140,152,105,177,27,34,0.73,105
23,2014-10-24,良,84,73,57,116,22,21,0.5,120
24,2014-10-25,良,82,67,51,108,26,24,0.49,133
25,2014-10-26,轻度污染,121,148,70,180,55,46,0.85,73
26,2014-10-27,良,82,95,30,112,54,49,0.6,44
27,2014-10-28,轻度污染,130,175,80,205,71,93,1.18,20
28,2014-10-29,中度污染,183,176,135,301,67,107,1.41,18
29,2014-10-30,重度污染,204,175,155,282,94,104,1.85,16
30,2014-10-31,轻度污染,104,139,76,139,52,53,0.65,21
0,2014-09-01,轻度污染,146,184,108,202,44,55,1.49,75
1,2014-09-02,良,93,182,67,126,43,53,1.05,42
2,2014-09-03,良,60,153,36,63,24,33,0.9,64
3,2014-09-04,良,62,82,26,65,36,43,0.82,86
4,2014-09-05,良,98,142,53,104,44,47,0.88,135
5,2014-09-06,轻度污染,117,170,88,156,29,59,1.01,101
6,2014-09-07,轻度污染,134,173,102,173,34,46,1.07,94
7,2014-09-08,轻度污染,135,181,99,171,33,39,1.22,98
8,2014-09-09,轻度污染,118,182,83,176,99,73,1.99,69
9,2014-09-10,轻度污染,128,186,85,192,59,75,1.38,86
10,2014-09-11,良,79,153,40,105,35,62,0.83,64
11,2014-09-12,良,73,165,52,83,28,39,0.73,56
12,2014-09-13,轻度污染,104,181,77,130,85,55,1.22,76
13,2014-09-14,良,86,168,61,106,33,52,1.01,48
14,2014-09-15,良,80,181,57,95,30,41,1.1,29
15,2014-09-16,良,78,177,57,86,26,47,1.23,27
16,2014-09-17,良,67,160,48,64,57,56,1.27,27
17,2014-09-18,轻度污染,147,189,110,180,71,67,1.47,34
18,2014-09-19,良,100,173,74,129,20,44,1.17,53
19,2014-09-20,良,66,105,38,69,18,31,0.74,99
20,2014-09-21,良,100,165,69,131,31,49,1.11,109
21,2014-09-22,轻度污染,146,181,110,194,33,61,1.34,95
22,2014-09-23,中度污染,166,184,124,234,69,61,1.4,86
23,2014-09-24,轻度污染,148,183,111,208,85,55,1.75,41
24,2014-09-25,轻度污染,144,185,108,205,62,67,1.75,52
25,2014-09-26,轻度污染,134,168,100,177,26,39,1.07,96
26,2014-09-27,轻度污染,140,168,105,189,33,48,1.27,73
27,2014-09-28,重度污染,222,190,175,283,40,67,1.97,27
28,2014-09-29,轻度污染,102,183,71,130,77,42,1.33,51
29,2014-09-30,良,93,183,58,111,62,48,1.16,52
0,2014-08-01,良,78,148,52,101,28,42,0.89,47
1,2014-08-02,良,79,145,51,95,54,33,0.84,81
2,2014-08-03,轻度污染,103,166,59,124,45,43,0.86,108
3,2014-08-04,中度污染,169,187,120,228,65,51,1.23,119
4,2014-08-05,良,83,152,55,101,79,54,1.26,33
5,2014-08-06,良,92,180,67,123,81,52,1.51,57
6,2014-08-07,良,87,176,61,104,54,37,1.03,100
7,2014-08-09,良,79,156,56,99,33,47,0.96,75
8,2014-08-10,轻度污染,104,172,75,135,45,39,0.99,107
9,2014-08-11,轻度污染,126,167,92,161,41,39,1.07,126
10,2014-08-12,轻度污染,142,188,94,190,88,61,1.45,109
11,2014-08-13,良,89,177,60,97,45,26,0.74,133
12,2014-08-14,良,97,184,60,100,29,33,0.94,117
13,2014-08-15,轻度污染,121,183,78,133,26,37,0.82,139
14,2014-08-16,良,92,137,57,106,18,30,0.72,136
15,2014-08-17,良,74,127,52,91,26,64,1.21,53
16,2014-08-18,轻度污染,113,185,84,135,57,53,1.32,60
17,2014-08-19,中度污染,158,190,119,209,133,79,2.23,70
18,2014-08-20,轻度污染,118,172,85,147,32,51,0.98,112
19,2014-08-21,轻度污染,116,156,75,130,28,35,0.78,143
20,2014-08-23,良,90,141,63,112,35,31,0.78,128
21,2014-08-24,良,91,174,63,113,36,38,0.81,84
22,2014-08-25,良,88,171,48,114,30,59,0.9,77
23,2014-08-26,良,94,141,46,123,33,87,1.06,56
24,2014-08-27,轻度污染,117,182,76,166,39,58,0.96,121
25,2014-08-28,轻度污染,105,178,78,135,51,43,0.89,91
26,2014-08-29,轻度污染,114,182,83,151,48,55,0.89,90
27,2014-08-30,轻度污染,149,185,108,207,46,59,1.27,89
28,2014-08-31,轻度污染,124,187,93,150,46,42,1.15,93
0,2014-07-01,轻度污染,107,145,77,125,29,31,0.68,127
1,2014-07-02,良,78,134,55,83,22,34,0.63,93
2,2014-07-03,良,76,110,47,83,18,39,0.6,110
3,2014-07-04,良,67,88,44,75,18,47,0.78,82
4,2014-07-05,轻度污染,117,177,87,152,39,55,1.22,81
5,2014-07-06,轻度污染,128,173,95,174,59,52,1.32,109
6,2014-07-07,轻度污染,122,171,90,168,36,44,0.98,122
7,2014-07-08,轻度污染,130,170,95,174,32,32,0.91,150
8,2014-07-09,中度污染,172,190,118,239,50,55,1.22,102
9,2014-07-10,良,86,138,53,105,48,56,0.74,44
10,2014-07-11,轻度污染,115,138,79,128,45,40,0.87,135
11,2014-07-12,轻度污染,112,155,82,144,27,47,0.85,109
12,2014-07-13,轻度污染,106,171,63,107,39,32,0.63,147
13,2014-07-14,轻度污染,107,147,54,109,24,27,0.57,157
14,2014-07-15,轻度污染,113,184,55,115,25,35,0.87,154
15,2014-07-16,良,95,160,63,100,20,32,0.55,116
16,2014-07-17,良,84,149,53,90,21,31,0.59,116
17,2014-07-18,良,67,105,40,72,24,25,0.5,96
18,2014-07-19,良,79,126,50,87,24,26,0.65,111
19,2014-07-20,良,79,134,54,84,19,28,0.66,101
20,2014-07-21,良,76,140,43,87,33,23,0.64,111
21,2014-07-22,良,83,148,59,98,50,36,1.15,67
22,2014-07-23,良,88,166,63,108,86,58,1.67,42
23,2014-07-24,中度污染,174,188,134,221,81,72,2.13,37
24,2014-07-25,良,57,80,39,60,23,25,0.63,75
25,2014-07-26,良,96,115,66,112,31,46,1.03,89
26,2014-07-27,轻度污染,120,145,73,135,37,46,0.88,123
27,2014-07-28,轻度污染,129,158,91,158,40,32,1.03,170
28,2014-07-29,轻度污染,107,149,72,121,23,22,0.74,138
29,2014-07-30,良,80,139,46,77,38,26,0.7,104
30,2014-07-31,中度污染,184,188,141,249,61,57,1.83,74
0,2014-06-01,良,95,145,64,132,67,38,1.03,93
1,2014-06-02,良,68,120,44,78,44,27,0.63,86
2,2014-06-03,良,95,166,59,113,43,39,0.73,111
3,2014-06-04,轻度污染,124,187,88,173,122,60,1.47,101
4,2014-06-05,轻度污染,127,177,87,179,89,55,1.35,122
5,2014-06-06,中度污染,156,175,97,194,47,44,1.02,146
6,2014-06-07,良,80,116,42,80,29,18,0.61,117
7,2014-06-08,轻度污染,102,140,49,104,47,25,0.72,159
8,2014-06-09,中度污染,158,185,112,204,53,46,1.4,107
9,2014-06-10,中度污染,167,184,115,204,62,54,1.74,125
10,2014-06-11,轻度污染,116,174,81,138,48,46,1.44,85
11,2014-06-12,轻度污染,108,144,56,113,42,41,1.1,123
12,2014-06-13,轻度污染,115,133,67,149,90,68,1.3,115
13,2014-06-14,轻度污染,144,161,94,191,66,56,1.3,143
14,2014-06-15,轻度污染,115,123,86,135,30,25,0.87,125
15,2014-06-16,轻度污染,123,133,92,128,20,23,1.0,107
16,2014-06-17,轻度污染,113,157,85,134,20,26,0.84,85
17,2014-06-18,良,95,142,67,106,21,29,0.92,124
18,2014-06-19,轻度污染,120,166,88,142,37,42,1.17,87
19,2014-06-20,良,72,153,51,73,31,34,0.97,63
20,2014-06-21,轻度污染,119,187,89,136,39,39,1.04,54
21,2014-06-22,中度污染,172,190,130,206,98,58,1.63,90
22,2014-06-23,轻度污染,107,179,69,111,33,45,1.23,83
23,2014-06-24,轻度污染,127,172,65,129,37,55,1.11,139
24,2014-06-25,轻度污染,112,174,84,129,29,36,0.84,108
25,2014-06-26,轻度污染,101,159,73,111,17,26,0.75,133
26,2014-06-27,轻度污染,124,185,78,129,36,33,0.85,136
27,2014-06-28,良,92,144,43,93,36,45,0.8,122
28,2014-06-29,良,96,138,61,127,60,57,0.88,114
29,2014-06-30,良,86,116,47,110,37,56,0.86,95
0,2014-05-01,轻度污染,110,105,74,158,35,26,0.65,137
1,2014-05-02,良,96,120,41,135,32,21,0.38,77
2,2014-05-03,良,98,145,38,146,38,27,0.44,104
3,2014-05-04,良,89,160,40,126,19,20,0.45,83
4,2014-05-05,良,84,154,43,117,42,39,0.48,84
5,2014-05-06,轻度污染,123,182,54,194,32,19,0.52,136
6,2014-05-07,轻度污染,118,176,69,182,43,28,0.82,139
7,2014-05-08,轻度污染,131,178,89,209,99,87,1.56,79
8,2014-05-09,轻度污染,115,159,67,159,42,51,1.1,108
9,2014-05-10,良,84,166,53,109,50,63,1.23,78
10,2014-05-11,良,60,116,37,61,27,38,0.94,64
11,2014-05-12,良,79,112,45,105,56,35,0.75,101
12,2014-05-13,良,82,89,40,104,35,26,0.52,132
13,2014-05-14,良,94,125,47,137,35,38,0.6,77
14,2014-05-15,轻度污染,108,165,51,165,49,42,0.68,81
15,2014-05-16,轻度污染,110,141,61,169,54,39,0.79,114
16,2014-05-17,中度污染,170,189,108,268,106,83,1.86,92
17,2014-05-18,轻度污染,117,162,68,165,48,54,0.91,135
18,2014-05-19,轻度污染,131,156,98,190,49,35,1.09,136
19,2014-05-20,轻度污染,141,160,105,219,46,38,1.08,133
20,2014-05-21,轻度污染,128,139,83,200,37,47,0.81,116
21,2014-05-22,轻度污染,128,142,77,168,36,42,0.81,156
22,2014-05-23,轻度污染,105,154,53,153,30,33,0.58,133
23,2014-05-24,良,81,146,51,100,18,23,0.61,84
24,2014-05-25,轻度污染,149,164,90,236,32,38,0.66,60
25,2014-05-26,轻度污染,131,138,62,211,51,45,0.64,91
26,2014-05-27,轻度污染,149,152,59,232,78,42,0.76,94
27,2014-05-28,轻度污染,122,134,59,176,48,54,0.81,93
28,2014-05-29,轻度污染,148,161,72,207,51,37,0.75,194
29,2014-05-30,轻度污染,137,124,85,207,54,43,0.87,176
30,2014-05-31,轻度污染,150,150,105,243,64,63,1.08,157
0,2014-04-01,轻度污染,112,144,70,173,42,49,0.84,112
1,2014-04-02,轻度污染,130,173,70,188,52,44,0.81,100
2,2014-04-03,轻度污染,122,171,63,191,77,51,1.1,58
3,2014-04-04,中度污染,173,187,72,280,62,56,0.89,77
4,2014-04-05,轻度污染,109,156,38,162,65,38,0.71,69
5,2014-04-06,轻度污染,105,161,51,159,52,49,0.68,69
6,2014-04-07,轻度污染,103,141,56,154,51,52,0.76,78
7,2014-04-08,轻度污染,126,123,89,201,38,61,1.01,91
8,2014-04-09,轻度污染,116,107,76,178,30,35,0.88,129
9,2014-04-10,中度污染,184,182,133,294,154,70,1.69,53
10,2014-04-11,中度污染,199,189,152,284,163,77,1.72,22
11,2014-04-12,中度污染,182,184,140,214,86,74,1.92,13
12,2014-04-13,重度污染,201,180,156,247,119,59,1.35,58
13,2014-04-14,良,93,104,66,130,29,23,0.61,133
14,2014-04-15,中度污染,155,179,112,241,130,63,1.42,76
15,2014-04-16,中度污染,179,189,129,277,148,73,1.88,66
16,2014-04-17,中度污染,175,177,132,214,49,53,1.25,40
17,2014-04-18,重度污染,226,185,178,283,125,62,1.88,34
18,2014-04-19,轻度污染,113,184,78,163,143,72,1.48,35
19,2014-04-20,中度污染,172,182,127,234,131,76,1.33,43
20,2014-04-21,重度污染,207,184,161,270,60,60,1.36,54
21,2014-04-22,轻度污染,130,166,97,176,49,38,0.82,85
22,2014-04-23,轻度污染,104,134,67,148,32,18,0.58,122
23,2014-04-24,轻度污染,108,153,63,128,41,35,0.74,160
24,2014-04-25,良,81,115,41,109,25,37,0.7,95
25,2014-04-26,良,73,121,50,83,30,34,0.97,49
26,2014-04-27,良,63,77,37,72,17,13,0.46,82
27,2014-04-28,良,74,111,45,97,31,31,0.68,82
28,2014-04-29,轻度污染,106,152,60,151,35,68,0.92,83
29,2014-04-30,轻度污染,110,137,71,156,35,57,0.75,116
0,2014-03-01,轻度污染,129,166,97,171,84,74,1.44,57
1,2014-03-02,中度污染,177,161,135,237,93,69,1.61,53
2,2014-03-03,轻度污染,134,148,90,182,68,50,1.21,75
3,2014-03-04,良,88,125,56,119,77,56,1.25,59
4,2014-03-05,轻度污染,113,163,82,161,128,86,1.79,34
5,2014-03-06,轻度污染,138,177,103,212,140,84,1.83,24
6,2014-03-07,轻度污染,137,173,103,184,106,63,1.43,41
7,2014-03-08,轻度污染,145,160,110,187,79,61,1.05,74
8,2014-03-09,重度污染,211,180,156,276,173,101,1.97,38
9,2014-03-10,中度污染,174,162,132,249,92,63,1.42,80
10,2014-03-11,轻度污染,115,110,83,171,59,55,0.89,111
11,2014-03-12,轻度污染,132,159,59,190,67,66,0.88,43
12,2014-03-13,良,90,132,49,129,68,65,1.04,29
13,2014-03-14,良,89,95,43,127,58,50,0.8,48
14,2014-03-15,轻度污染,110,121,49,170,47,34,0.54,88
15,2014-03-16,良,100,84,57,150,47,43,0.71,100
16,2014-03-17,中度污染,168,142,98,243,66,47,0.91,89
17,2014-03-18,严重污染,303,178,90,436,97,48,1.08,50
18,2014-03-19,良,91,88,55,128,86,44,0.96,55
19,2014-03-20,良,79,97,40,102,29,30,0.62,57
20,2014-03-21,良,87,138,39,123,42,31,0.59,81
21,2014-03-22,良,96,122,51,141,38,31,0.59,96
22,2014-03-23,轻度污染,116,135,74,182,48,66,0.96,69
23,2014-03-25,中度污染,197,166,150,292,108,84,1.56,56
24,2014-03-26,重度污染,204,164,155,297,46,57,1.31,65
25,2014-03-27,良,98,68,60,139,34,31,0.66,117
26,2014-03-28,轻度污染,131,156,90,190,46,48,0.97,88
27,2014-03-29,重度污染,231,186,171,316,72,59,1.41,42
28,2014-03-30,轻度污染,116,134,69,181,56,63,1.07,64
29,2014-03-31,轻度污染,141,170,86,231,68,74,1.04,64
0,2014-02-01,严重污染,309,178,239,400,67,37,3.84,7
1,2014-02-02,重度污染,248,150,197,325,100,47,3.05,13
2,2014-02-03,良,86,111,37,110,104,33,1.19,40
3,2014-02-04,良,70,132,43,88,130,42,1.4,34
4,2014-02-05,良,88,162,65,91,78,37,1.36,30
5,2014-02-06,轻度污染,121,171,91,118,143,47,1.61,29
6,2014-02-07,轻度污染,117,160,88,117,140,49,1.7,31
7,2014-02-08,轻度污染,109,159,82,111,123,46,1.62,34
8,2014-02-09,良,76,132,50,77,77,29,1.37,42
9,2014-02-10,良,64,124,43,71,90,38,1.37,39
10,2014-02-11,轻度污染,111,140,83,120,126,55,1.54,34
11,2014-02-12,重度污染,225,182,174,252,228,85,2.27,18
12,2014-02-13,中度污染,195,174,150,218,176,78,2.1,34
13,2014-02-14,中度污染,188,153,142,205,105,57,1.59,65
14,2014-02-15,轻度污染,149,118,113,163,64,42,1.34,71
15,2014-02-16,重度污染,216,166,169,259,182,75,2.09,46
16,2014-02-17,中度污染,168,166,126,196,149,63,1.93,25
17,2014-02-18,良,93,149,69,126,179,68,1.73,29
18,2014-02-19,中度污染,160,173,122,212,188,92,2.47,16
19,2014-02-20,中度污染,190,163,145,249,151,77,2.41,25
20,2014-02-21,中度污染,160,121,121,207,71,59,1.48,83
21,2014-02-22,中度污染,165,130,125,222,124,83,1.88,52
22,2014-02-23,中度污染,191,137,147,271,130,91,2.05,42
23,2014-02-24,严重污染,259,170,204,368,138,106,2.47,27
24,2014-02-25,重度污染,238,159,187,332,114,95,2.32,35
25,2014-02-26,轻度污染,121,106,88,169,77,61,1.53,49
26,2014-02-27,良,91,96,60,108,56,46,1.34,39
27,2014-02-28,良,90,145,56,129,130,86,1.56,33
0,2014-01-01,轻度污染,138,113,71,207,138,73,1.35,19
1,2014-01-02,轻度污染,144,95,100,241,149,83,2.1,18
2,2014-01-03,重度污染,212,150,158,312,173,93,2.28,14
3,2014-01-04,轻度污染,121,92,86,171,107,62,1.41,21
4,2014-01-05,重度污染,243,162,194,318,130,80,1.87,15
5,2014-01-06,严重污染,410,190,375,605,162,117,4.19,12
6,2014-01-07,严重污染,425,190,398,613,150,109,3.77,13
7,2014-01-08,轻度污染,125,156,93,154,120,55,1.56,19
8,2014-01-09,轻度污染,120,153,89,162,148,58,1.47,19
9,2014-01-10,中度污染,194,162,148,241,109,62,1.83,19
10,2014-01-11,重度污染,204,148,155,240,114,69,1.95,25
11,2014-01-12,重度污染,234,184,188,297,178,83,2.51,15
12,2014-01-13,轻度污染,135,148,102,179,125,64,1.66,17
13,2014-01-14,重度污染,231,170,181,294,130,73,2.07,15
14,2014-01-15,重度污染,247,145,196,303,117,70,1.9,32
15,2014-01-16,重度污染,220,140,177,286,105,65,1.64,38
16,2014-01-17,严重污染,344,179,281,425,128,77,3.02,10
17,2014-01-18,中度污染,189,109,144,227,105,75,2.01,20
18,2014-01-19,严重污染,256,145,202,341,142,87,2.28,25
19,2014-01-20,重度污染,201,161,89,273,66,52,1.25,32
20,2014-01-21,良,62,23,32,72,59,50,1.07,32
21,2014-01-22,良,100,94,59,149,70,48,0.98,52
22,2014-01-24,重度污染,219,156,171,305,176,106,3.43,14
23,2014-01-25,中度污染,152,119,109,197,124,63,2.38,26
24,2014-01-26,良,84,94,53,118,81,51,1.4,30
25,2014-01-27,轻度污染,117,122,67,166,67,44,1.17,49
26,2014-01-28,轻度污染,126,127,88,182,111,55,1.69,30
27,2014-01-29,轻度污染,126,128,86,162,61,28,1.16,76
28,2014-01-30,严重污染,316,181,264,391,131,59,2.55,31
29,2014-01-31,严重污染,489,190,444,614,167,67,4.14,10
0,2013-12-01,中度污染,174,101,100,167,78,60,1.43,30
1,2013-12-02,轻度污染,143,63,134,219,103,74,1.67,34
2,2013-12-03,重度污染,220,76,205,345,153,102,2.89,19
3,2013-12-04,重度污染,204,70,107,187,106,72,1.6,31
4,2013-12-05,中度污染,187,66,166,247,112,70,1.44,28
5,2013-12-06,轻度污染,135,62,96,172,93,67,1.33,23
6,2013-12-07,中度污染,197,63,203,309,106,85,1.87,30
7,2013-12-08,严重污染,328,90,286,398,72,85,2.34,11
8,2013-12-09,严重污染,259,91,96,160,62,44,1.05,29
9,2013-12-10,良,90,35,91,168,91,61,1.06,22
10,2013-12-11,轻度污染,104,50,46,108,80,45,0.71,28
11,2013-12-12,良,97,44,67,166,101,55,0.98,27
12,2013-12-13,轻度污染,102,47,72,182,150,82,1.21,18
13,2013-12-14,中度污染,185,91,201,376,213,115,2.59,15
14,2013-12-15,严重污染,327,108,279,500,212,132,3.43,14
15,2013-12-16,严重污染,393,110,275,468,203,134,3.17,14
16,2013-12-17,严重污染,287,105,215,372,175,105,2.31,13
17,2013-12-18,中度污染,178,92,67,117,79,45,0.82,25
18,2013-12-19,中度污染,151,88,142,226,132,75,1.33,14
19,2013-12-20,重度污染,205,81,149,237,114,87,1.54,18
20,2013-12-21,中度污染,151,63,86,165,125,81,1.47,20
21,2013-12-22,轻度污染,132,59,117,197,131,83,1.53,15
22,2013-12-23,重度污染,202,75,199,330,141,100,1.75,16
23,2013-12-24,严重污染,315,93,303,464,199,129,2.69,15
24,2013-12-25,严重污染,354,94,321,483,176,120,2.14,18
25,2013-12-26,严重污染,325,99,131,240,57,52,0.87,30
26,2013-12-27,良,97,45,70,135,107,64,1.04,19
27,2013-12-28,轻度污染,119,69,100,187,127,74,1.33,18
28,2013-12-29,轻度污染,114,63,73,153,106,60,0.87,27
29,2013-12-30,轻度污染,111,44,82,188,138,76,1.14,20
30,2013-12-31,轻度污染,135,116,75,237,130,69,1.06,23
0,2013-11-01,中度污染,178,95,135,196,74,79,2.36,17
1,2013-11-02,重度污染,209,96,162,238,121,74,2.37,16
2,2013-11-03,轻度污染,134,77,100,174,58,47,1.57,32
3,2013-11-04,良,93,59,63,133,53,55,1.73,34
4,2013-11-05,轻度污染,105,67,77,146,65,50,1.16,57
5,2013-11-06,轻度污染,148,77,123,202,65,50,1.25,64
6,2013-11-07,轻度污染,122,72,53,139,63,60,0.84,35
7,2013-11-08,轻度污染,107,60,84,185,65,79,1.51,37
8,2013-11-09,中度污染,164,88,154,248,62,73,2.31,22
9,2013-11-10,中度污染,178,106,82,135,46,48,1.41,34
10,2013-11-11,良,78,89,58,123,70,60,1.4,26
11,2013-11-12,良,95,87,71,146,73,70,1.63,28
12,2013-11-13,轻度污染,118,85,108,187,105,77,1.63,26
13,2013-11-14,中度污染,164,88,129,221,101,71,1.62,33
14,2013-11-15,轻度污染,146,76,95,221,93,56,1.16,43
15,2013-11-16,中度污染,151,70,86,239,83,51,1.08,41
16,2013-11-17,良,98,56,43,91,80,50,1.04,31
17,2013-11-18,良,77,40,51,103,66,55,1.2,27
18,2013-11-19,良,82,41,71,142,114,65,1.72,25
19,2013-11-20,中度污染,151,83,159,297,200,101,2.66,20
20,2013-11-21,严重污染,253,108,237,407,202,127,4.12,17
21,2013-11-22,严重污染,287,103,203,335,111,105,3.04,27
22,2013-11-23,重度污染,201,73,118,190,65,56,1.39,42
23,2013-11-24,轻度污染,139,62,101,137,37,45,1.29,24
24,2013-11-25,轻度污染,102,82,45,83,42,32,1.0,33
25,2013-11-26,良,63,20,55,109,93,44,1.12,25
26,2013-11-27,良,76,39,21,71,33,26,0.63,41
27,2013-11-28,良,64,51,39,83,70,41,0.94,25
28,2013-11-29,良,73,57,52,110,100,46,1.09,29
29,2013-11-30,良,95,64,112,195,101,66,1.56,28
0,2013-10-28,中度污染,191,84,147,252,59,70,1.86,95
1,2013-10-29,严重污染,274,102,226,339,101,79,2.53,38
2,2013-10-30,轻度污染,122,81,92,173,86,68,1.77,38
3,2013-10-31,中度污染,198,104,152,274,69,93,2.56,16
