0,2019-12-01,良,60,230,34,55,11,30,0.88,32
1,2019-12-02,优,50,180,34,42,6,25,1.07,11
2,2019-12-03,优,48,93,33,43,6,33,1.08,9
3,2019-12-04,良,65,202,47,55,6,30,1.03,11
4,2019-12-05,优,28,27,17,27,7,23,0.78,31
5,2019-12-06,良,59,184,42,58,10,40,0.82,32
6,2019-12-07,良,80,220,56,93,14,49,1.08,32
7,2019-12-08,良,70,132,47,89,12,52,0.97,36
8,2019-12-09,良,69,117,47,85,14,56,0.98,39
9,2019-12-10,良,81,154,57,104,19,63,1.2,30
0,2019-11-01,良,58,136,28,68,13,49,0.75,41
1,2019-11-02,良,53,130,31,63,13,41,0.87,33
2,2019-11-03,良,56,165,34,59,10,37,0.67,41
3,2019-11-04,优,50,91,33,48,8,33,0.68,35
4,2019-11-05,优,36,54,20,35,9,28,0.65,33
5,2019-11-06,优,35,58,18,34,13,32,0.63,35
6,2019-11-07,良,53,141,34,48,8,33,0.65,35
7,2019-11-08,优,50,104,30,51,9,36,0.65,39
8,2019-11-09,优,47,66,27,49,10,32,0.7,41
9,2019-11-10,优,41,41,26,40,8,32,0.82,21
10,2019-11-11,优,36,42,19,36,9,29,0.88,20
11,2019-11-12,优,42,70,23,43,12,33,0.85,24
12,2019-11-13,优,47,125,30,53,10,30,0.9,27
13,2019-11-14,良,57,184,40,61,10,34,0.95,27
14,2019-11-15,良,60,145,36,73,14,37,1.1,36
15,2019-11-16,优,49,86,24,52,15,40,0.94,39
16,2019-11-17,良,55,108,28,63,14,45,0.85,39
17,2019-11-18,良,52,130,35,48,9,30,0.75,37
18,2019-11-19,优,49,125,26,52,8,33,0.7,42
19,2019-11-20,优,44,59,19,46,11,36,0.68,41
20,2019-11-21,良,52,107,29,59,13,40,0.79,37
21,2019-11-22,优,49,87,26,54,13,40,0.75,37
22,2019-11-23,良,60,152,33,72,19,43,0.95,38
23,2019-11-24,优,48,159,23,51,11,41,0.79,43
24,2019-11-25,良,64,309,46,67,10,37,0.91,27
25,2019-11-26,优,46,168,24,48,13,33,0.83,37
26,2019-11-27,优,49,199,28,50,15,35,0.98,37
27,2019-11-28,优,50,219,31,48,10,30,0.92,38
28,2019-11-29,优,41,105,18,40,11,28,0.79,44
29,2019-11-30,优,40,78,19,39,12,27,0.8,44
0,2019-10-01,优,42,83,24,44,12,29,0.83,46
1,2019-10-02,优,40,99,22,40,11,28,0.73,34
2,2019-10-03,优,34,63,18,34,12,26,0.72,35
3,2019-10-04,优,39,145,18,40,11,27,0.71,41
4,2019-10-05,优,25,94,13,21,11,26,0.53,40
5,2019-10-06,优,32,132,18,27,10,29,0.6,47
6,2019-10-07,优,43,197,26,39,8,34,0.58,55
7,2019-10-08,优,42,179,26,41,7,38,0.57,52
8,2019-10-09,优,35,99,20,33,9,26,0.56,60
9,2019-10-10,优,33,71,17,32,10,27,0.6,51
10,2019-10-11,优,39,117,18,39,11,34,0.63,38
11,2019-10-12,优,41,111,21,41,9,34,0.75,35
12,2019-10-13,优,36,89,23,32,7,25,0.58,34
13,2019-10-14,优,22,30,12,21,8,27,0.6,29
14,2019-10-15,优,22,28,13,19,7,30,0.77,28
15,2019-10-16,优,28,54,15,25,8,29,0.71,48
16,2019-10-17,优,33,70,21,31,9,32,0.88,30
17,2019-10-18,优,24,22,10,19,8,26,0.78,47
18,2019-10-19,优,38,52,20,35,10,33,0.82,39
19,2019-10-20,优,40,54,19,39,9,32,0.75,38
20,2019-10-21,优,41,71,19,43,10,31,0.77,42
21,2019-10-22,优,26,31,12,25,11,24,0.58,47
22,2019-10-23,优,41,100,21,41,11,37,0.73,43
23,2019-10-24,优,45,122,27,47,11,35,0.65,38
24,2019-10-25,优,40,158,20,41,11,33,0.74,37
25,2019-10-26,优,38,133,19,37,11,30,0.77,45
26,2019-10-27,优,30,57,16,28,10,25,0.68,50
27,2019-10-28,优,40,106,20,38,12,27,0.62,46
28,2019-10-29,优,42,125,20,36,9,30,0.56,60
29,2019-10-30,良,59,120,28,69,12,53,0.78,36
30,2019-10-31,优,47,64,20,48,11,40,0.55,53
31,2019-10-31,优,47,64,20,48,11,40,0.55,53
0,2019-09-01,优,27,67,15,23,8,22,0.51,49
1,2019-09-02,优,33,145,21,29,8,23,0.47,41
2,2019-09-03,优,37,151,23,33,10,23,0.49,48
3,2019-09-04,优,28,61,12,26,10,27,0.44,35
4,2019-09-05,优,33,112,17,31,7,35,0.6,26
5,2019-09-06,优,34,118,22,30,7,37,0.72,19
6,2019-09-07,优,31,62,16,30,8,28,0.63,27
7,2019-09-08,优,28,58,11,28,9,27,0.59,23
8,2019-09-09,优,26,56,13,26,9,27,0.56,19
9,2019-09-10,优,21,55,12,16,7,28,0.59,27
10,2019-09-11,优,16,17,6,14,5,21,0.41,29
11,2019-09-12,优,20,40,9,17,5,25,0.55,27
12,2019-09-13,优,26,75,12,23,8,21,0.63,36
13,2019-09-14,优,27,95,13,23,6,18,0.48,54
14,2019-09-15,优,38,188,19,37,12,27,0.59,58
15,2019-09-16,优,41,174,22,39,9,30,0.63,52
16,2019-09-17,优,44,175,23,44,10,32,0.65,52
17,2019-09-18,优,41,169,22,40,8,32,0.57,49
18,2019-09-19,优,34,102,21,31,6,28,0.61,63
19,2019-09-20,优,37,99,19,36,11,34,0.73,41
20,2019-09-21,优,23,19,10,18,8,15,0.37,71
21,2019-09-22,优,35,65,14,32,9,22,0.33,85
22,2019-09-23,优,49,147,34,46,9,33,0.48,87
23,2019-09-24,优,47,112,30,46,9,25,0.53,114
24,2019-09-25,良,56,160,38,51,9,27,0.6,108
25,2019-09-26,良,73,282,53,56,9,37,0.77,75
26,2019-09-27,良,56,162,38,49,13,42,0.72,64
27,2019-09-28,优,45,58,28,45,20,42,0.68,76
28,2019-09-29,良,57,142,39,63,11,50,0.79,50
29,2019-09-30,优,50,92,30,54,11,39,0.87,55
0,2019-08-06,优,27,51,12,23,7,21,0.64,50
1,2019-08-07,优,29,46,14,27,10,23,0.85,32
2,2019-08-08,优,41,141,21,40,12,29,0.83,46
3,2019-08-09,优,40,162,21,30,8,23,0.76,64
4,2019-08-10,优,31,98,11,23,7,23,0.69,58
5,2019-08-11,良,55,297,18,36,15,31,0.72,83
6,2019-08-21,优,40,143,20,38,7,26,0.49,84
7,2019-08-22,优,43,147,27,41,9,30,0.57,71
8,2019-08-23,优,41,143,24,34,7,27,0.5,79
9,2019-08-24,优,48,175,26,47,17,38,0.6,78
10,2019-08-25,良,62,289,38,66,16,49,0.7,80
11,2019-08-26,良,63,311,41,71,15,50,0.74,82
12,2019-08-27,优,47,271,30,46,10,32,0.71,68
13,2019-08-28,优,32,128,16,25,6,23,0.6,59
0,2019-07-01,良,55,214,15,35,12,22,0.57,104
1,2019-07-02,良,58,201,27,45,9,24,0.69,106
2,2019-07-03,优,43,109,23,32,7,22,0.69,80
3,2019-07-04,优,41,123,20,31,9,18,0.69,80
4,2019-07-05,优,26,30,16,22,7,23,0.77,47
5,2019-07-06,优,23,23,12,20,8,23,0.77,33
6,2019-07-07,优,23,20,10,21,12,20,0.69,30
7,2019-07-12,优,21,31,10,21,9,20,0.55,25
8,2019-07-13,优,20,30,9,20,8,20,0.48,35
9,2019-07-14,优,22,37,11,20,6,25,0.55,33
10,2019-07-15,优,30,80,13,29,7,25,0.61,39
11,2019-07-16,优,28,72,12,27,7,23,0.63,40
12,2019-07-17,优,29,81,13,29,8,23,0.6,43
13,2019-07-18,优,36,174,16,36,9,27,0.64,48
14,2019-07-19,优,38,198,18,38,9,31,0.7,45
15,2019-07-20,优,24,41,12,19,6,23,0.55,49
16,2019-07-21,优,19,16,11,17,5,24,0.61,32
17,2019-07-22,优,24,54,11,24,8,25,0.7,25
18,2019-07-23,优,26,72,15,23,7,30,0.73,32
19,2019-07-24,优,27,79,13,24,9,22,0.51,48
20,2019-07-25,优,20,37,10,18,5,25,0.45,26
21,2019-07-26,优,22,42,10,21,7,24,0.51,25
0,2019-06-01,优,30,31,17,25,9,22,0.81,52
1,2019-06-02,优,46,84,21,35,12,30,0.77,81
2,2019-06-03,良,61,191,30,53,10,37,1.02,80
3,2019-06-04,优,46,79,22,36,9,24,0.89,82
4,2019-06-05,优,41,78,19,34,10,22,0.78,84
5,2019-06-06,优,43,145,19,33,8,20,0.72,77
6,2019-06-07,优,38,82,14,25,8,16,0.65,75
7,2019-06-08,优,36,88,10,20,9,14,0.62,69
8,2019-06-09,优,32,67,9,18,8,14,0.54,64
9,2019-06-10,优,32,58,9,21,10,18,0.6,64
10,2019-06-11,优,32,60,12,26,10,24,0.62,54
11,2019-06-14,优,28,63,10,28,6,21,0.46,52
12,2019-06-15,优,21,34,10,18,7,18,0.51,54
13,2019-06-17,优,29,72,14,28,8,24,0.58,61
14,2019-06-18,优,25,77,13,24,7,21,0.58,50
15,2019-06-19,优,24,55,11,24,8,22,0.6,41
16,2019-06-20,优,24,65,9,23,11,20,0.53,47
17,2019-06-25,优,22,8,13,21,7,25,0.88,32
18,2019-06-26,优,24,15,12,22,8,24,0.8,31
19,2019-06-27,优,26,25,9,20,9,19,0.7,49
20,2019-06-28,优,32,61,11,23,10,20,0.7,63
21,2019-06-29,优,34,69,16,30,10,22,0.73,61
22,2019-06-30,优,38,99,14,23,9,20,0.57,76
0,2019-05-01,良,51,115,29,50,11,20,0.8,89
1,2019-05-02,良,55,108,28,51,12,17,0.76,99
2,2019-05-03,良,58,110,31,61,13,26,0.84,84
3,2019-05-04,优,42,35,21,35,14,18,0.75,74
4,2019-05-05,优,43,83,23,38,14,20,0.73,77
5,2019-05-06,优,50,162,20,41,15,23,0.72,86
6,2019-05-07,良,61,255,23,47,14,26,0.73,104
7,2019-05-08,良,67,269,30,61,13,31,0.83,100
8,2019-05-09,良,59,173,28,52,9,21,0.8,92
9,2019-05-10,良,58,134,30,63,9,24,0.82,82
10,2019-05-11,良,74,198,41,87,13,32,0.88,98
11,2019-05-12,良,75,164,38,84,12,25,0.77,118
12,2019-05-13,良,69,193,38,77,14,31,0.87,97
13,2019-05-14,良,63,158,33,65,13,27,0.84,97
14,2019-05-15,良,67,218,36,62,13,26,0.89,99
15,2019-05-16,良,60,194,27,51,14,27,0.86,100
16,2019-05-17,良,59,212,31,50,11,22,0.82,102
17,2019-05-18,良,59,236,27,47,11,22,0.82,102
18,2019-05-19,良,59,201,27,48,10,23,0.8,103
19,2019-05-20,良,68,254,34,63,10,25,0.94,103
20,2019-05-21,良,64,165,34,54,8,22,0.89,91
21,2019-05-22,良,56,98,32,47,10,20,0.93,96
22,2019-05-23,良,57,83,32,39,7,22,0.87,98
23,2019-05-24,良,56,89,32,45,9,22,0.8,99
24,2019-05-25,良,51,121,21,34,11,20,0.71,96
25,2019-05-26,良,53,193,23,42,14,25,0.77,88
26,2019-05-27,优,43,122,21,33,8,21,0.75,82
27,2019-05-28,优,42,118,17,28,7,22,0.72,82
28,2019-05-29,优,44,123,21,33,7,19,0.73,84
29,2019-05-30,优,48,142,24,38,7,18,0.76,89
30,2019-05-31,优,30,24,17,22,7,19,0.72,55
0,2019-04-01,良,100,350,74,90,12,35,1.25,81
1,2019-04-02,良,74,282,49,69,14,36,1.18,75
2,2019-04-03,优,48,121,29,44,15,39,0.99,61
3,2019-04-04,优,47,107,21,37,12,35,0.84,68
4,2019-04-05,良,58,148,31,59,14,40,0.86,62
5,2019-04-06,优,47,55,24,37,14,33,0.83,65
6,2019-04-07,良,63,154,36,71,27,41,0.93,67
7,2019-04-08,良,53,105,32,49,16,26,0.83,83
8,2019-04-09,优,45,128,21,36,13,21,0.73,86
9,2019-04-10,优,49,174,25,44,19,31,0.84,74
10,2019-04-11,优,44,122,20,36,13,26,0.79,79
11,2019-04-12,良,54,149,25,51,12,34,0.81,69
12,2019-04-13,良,57,178,29,60,14,39,0.85,69
13,2019-04-14,良,64,248,36,67,13,36,0.9,78
14,2019-04-15,良,61,176,39,58,14,29,0.93,81
15,2019-04-16,良,63,188,41,63,14,32,0.93,72
16,2019-04-17,良,58,138,29,58,14,28,0.8,86
17,2019-04-18,良,57,119,22,41,9,14,0.62,106
18,2019-04-19,良,56,130,30,42,10,16,0.68,104
19,2019-04-20,良,57,161,28,37,10,18,0.89,100
20,2019-04-21,良,71,251,43,63,12,30,0.91,111
21,2019-04-22,良,84,294,47,66,18,32,0.97,117
22,2019-04-23,良,69,265,39,60,17,33,1.0,106
23,2019-04-24,良,74,234,40,56,14,26,0.91,116
24,2019-04-25,良,74,288,39,58,14,36,0.91,117
25,2019-04-26,良,71,304,37,58,14,33,0.89,111
26,2019-04-27,良,77,335,47,60,12,26,0.99,113
27,2019-04-28,良,83,341,55,71,12,21,1.09,119
28,2019-04-29,良,74,294,50,69,14,24,1.04,101
29,2019-04-30,良,61,218,38,66,14,25,0.91,90
0,2019-03-01,优,36,37,18,31,14,24,0.84,57
1,2019-03-02,优,35,56,15,27,13,19,0.8,67
2,2019-03-03,优,45,104,20,42,17,33,0.85,60
3,2019-03-04,优,45,57,21,44,14,23,0.82,69
4,2019-03-05,优,40,66,23,38,11,17,0.7,71
5,2019-03-06,优,35,60,22,31,15,23,0.86,56
6,2019-03-07,优,33,56,17,29,13,20,0.75,61
7,2019-03-08,优,42,70,23,39,14,22,0.73,66
8,2019-03-09,优,42,79,25,40,13,25,0.8,64
9,2019-03-10,优,45,85,26,39,12,25,0.78,70
10,2019-03-11,良,53,98,30,54,14,39,0.88,65
11,2019-03-12,良,54,93,33,56,14,33,0.94,69
12,2019-03-13,良,53,88,35,54,13,26,0.83,83
13,2019-03-14,良,68,260,48,69,11,35,1.03,61
14,2019-03-15,良,71,304,51,70,10,36,1.07,64
15,2019-03-16,良,64,199,43,68,12,32,1.01,71
16,2019-03-17,良,57,124,35,58,16,30,0.86,80
17,2019-03-18,良,57,114,34,60,15,34,0.89,74
18,2019-03-19,良,54,85,29,54,17,29,0.87,78
19,2019-03-20,优,49,55,28,48,13,30,0.82,74
20,2019-03-21,优,45,66,24,40,13,24,0.82,77
21,2019-03-22,优,46,167,24,41,12,25,0.8,80
22,2019-03-23,良,60,271,39,66,15,38,0.97,66
23,2019-03-24,良,63,193,42,59,11,30,0.98,66
24,2019-03-25,良,68,204,47,76,15,43,1.09,74
25,2019-03-26,良,65,195,45,69,17,35,1.07,87
26,2019-03-27,良,74,213,53,74,16,29,1.04,95
27,2019-03-28,良,56,148,33,46,13,22,0.9,95
28,2019-03-29,优,49,88,26,45,16,34,0.87,78
29,2019-03-30,良,52,94,26,53,13,32,0.82,70
30,2019-03-31,良,74,322,49,85,17,42,1.09,79
0,2019-02-01,优,38,49,21,31,12,26,0.97,56
1,2019-02-02,优,35,9,17,26,13,19,0.87,64
2,2019-02-03,优,35,16,18,26,13,23,0.87,58
3,2019-02-04,优,33,7,14,26,13,16,0.88,63
4,2019-02-05,优,40,11,21,31,17,13,0.74,71
5,2019-02-06,优,31,14,14,22,11,14,0.81,61
6,2019-02-07,优,32,31,15,24,13,17,0.88,61
7,2019-02-08,优,36,113,13,21,12,15,0.75,70
8,2019-02-09,优,32,57,17,28,16,19,0.9,57
9,2019-02-10,优,32,76,18,29,12,17,0.85,61
10,2019-02-11,优,50,143,32,46,12,19,0.94,72
11,2019-02-12,良,56,178,37,48,13,24,0.92,62
12,2019-02-13,良,72,239,50,67,16,28,1.08,58
13,2019-02-14,良,79,260,56,63,16,30,1.12,53
14,2019-02-15,优,44,132,27,40,15,26,0.95,59
15,2019-02-16,优,37,84,19,32,14,26,0.82,57
16,2019-02-17,优,41,112,21,37,13,27,0.94,56
17,2019-02-18,优,34,90,15,25,13,20,0.79,67
18,2019-02-19,优,38,66,20,32,13,20,0.84,70
19,2019-02-20,优,39,55,23,36,14,21,0.83,62
20,2019-02-21,优,43,89,23,40,11,21,0.76,72
21,2019-02-22,良,53,118,34,56,16,29,0.9,62
22,2019-02-23,优,47,93,31,46,14,28,0.82,62
23,2019-02-24,良,51,108,30,53,17,33,0.91,56
24,2019-02-25,良,51,110,31,54,18,34,0.98,56
25,2019-02-26,优,37,33,23,31,12,21,0.84,64
26,2019-02-27,优,32,30,15,27,13,22,0.88,55
27,2019-02-28,优,34,33,16,27,12,20,0.77,63
0,2019-01-01,优,28,19,17,26,12,24,1.26,30
1,2019-01-02,优,26,11,14,24,11,24,1.02,35
2,2019-01-03,优,25,9,13,23,10,23,0.89,39
3,2019-01-04,优,30,30,15,28,11,26,0.94,41
4,2019-01-05,优,47,112,22,47,15,38,1.15,41
5,2019-01-06,良,52,120,27,58,16,37,1.21,37
6,2019-01-07,优,45,79,23,48,15,35,1.14,34
7,2019-01-08,优,22,27,12,18,8,26,0.88,37
8,2019-01-09,优,26,35,9,17,8,21,0.87,47
9,2019-01-10,优,34,69,16,32,12,28,1.07,33
10,2019-01-11,优,40,91,19,38,20,30,1.0,36
11,2019-01-12,优,36,42,18,33,14,28,1.06,38
12,2019-01-13,优,37,32,17,35,16,31,1.12,37
13,2019-01-14,优,41,40,18,42,15,34,1.12,37
14,2019-01-15,优,40,51,18,39,9,31,1.03,36
15,2019-01-16,优,39,59,23,38,11,33,1.06,36
16,2019-01-17,良,51,84,27,56,17,38,1.15,40
17,2019-01-18,优,45,40,25,46,15,33,1.13,38
18,2019-01-19,优,44,48,26,45,16,31,1.1,42
19,2019-01-20,优,44,79,23,44,13,33,0.98,44
20,2019-01-21,优,45,60,29,44,11,34,1.16,30
21,2019-01-22,优,45,32,29,41,10,31,1.12,32
22,2019-01-23,优,41,32,22,39,14,31,1.11,49
23,2019-01-24,优,40,26,22,38,13,30,0.92,53
24,2019-01-25,优,47,48,26,48,14,39,0.97,56
25,2019-01-26,良,51,90,32,50,10,34,0.98,47
26,2019-01-27,优,37,11,22,33,14,26,0.94,51
27,2019-01-28,优,39,16,22,36,14,27,1.03,53
28,2019-01-29,优,38,20,24,34,12,23,1.02,59
29,2019-01-30,优,36,16,20,28,9,18,0.87,65
30,2019-01-31,优,38,54,21,34,17,32,0.89,53
0,2018-12-01,优,41,32,22,40,12,31,0.89,41
1,2018-12-02,优,34,11,17,32,17,27,0.92,48
2,2018-12-03,优,38,25,17,37,17,33,1.03,41
3,2018-12-04,优,43,103,20,43,18,35,1.07,41
4,2018-12-05,优,36,47,17,35,16,32,0.99,42
5,2018-12-06,优,37,101,17,36,12,32,0.94,38
6,2018-12-07,优,38,160,19,37,14,31,1.01,32
7,2018-12-08,优,29,90,15,27,10,28,0.89,37
8,2018-12-09,优,36,109,19,35,11,26,1.03,37
9,2018-12-10,优,35,106,18,34,17,31,1.11,34
10,2018-12-11,优,41,112,20,39,15,32,1.12,34
11,2018-12-12,优,31,47,20,29,10,27,1.11,27
12,2018-12-13,优,32,25,18,30,13,28,1.05,38
13,2018-12-14,优,39,44,21,38,15,34,1.24,22
14,2018-12-15,优,28,10,14,27,12,22,0.93,32
15,2018-12-16,优,39,38,20,39,14,33,1.18,21
16,2018-12-17,优,50,75,31,53,12,30,1.12,35
17,2018-12-18,优,41,35,24,41,13,27,1.12,32
18,2018-12-19,优,25,7,11,23,11,25,1.0,31
19,2018-12-20,优,29,6,12,24,13,24,0.94,51
20,2018-12-21,优,32,14,16,30,15,29,0.98,46
21,2018-12-28,优,39,109,19,38,10,30,0.88,40
22,2018-12-29,优,26,25,15,23,7,24,1.12,31
23,2018-12-30,优,33,31,21,33,8,24,1.44,12
24,2018-12-31,优,45,90,29,41,11,26,1.31,33
0,2018-11-01,优,43,49,20,42,19,39,0.81,48
1,2018-11-02,良,56,117,30,63,16,44,0.97,49
2,2018-11-03,良,53,118,29,60,14,37,1.07,46
3,2018-11-04,优,37,59,19,34,13,29,0.98,45
4,2018-11-05,优,41,103,20,40,12,30,1.02,49
5,2018-11-06,优,37,126,18,36,11,29,0.96,43
6,2018-11-07,优,35,116,19,33,10,27,0.91,41
7,2018-11-08,优,42,161,24,42,11,34,0.99,31
8,2018-11-09,优,41,92,23,41,12,29,1.01,39
9,2018-11-10,优,33,24,16,30,11,28,0.89,44
10,2018-11-11,优,45,87,22,46,12,33,1.04,32
11,2018-11-12,优,40,72,18,38,14,29,0.97,40
12,2018-11-13,优,39,86,16,36,13,30,0.95,45
13,2018-11-14,优,39,57,17,36,13,29,0.98,40
14,2018-11-15,优,38,78,18,37,13,29,0.94,35
15,2018-11-16,优,36,139,17,33,15,29,0.98,39
16,2018-11-17,优,37,126,17,35,14,29,0.87,41
17,2018-11-18,优,38,131,19,37,16,31,0.94,45
18,2018-11-19,优,42,117,21,41,15,32,0.92,39
19,2018-11-20,优,38,68,18,36,14,28,0.88,40
20,2018-11-21,优,38,84,19,37,13,27,0.83,44
21,2018-11-22,优,50,136,31,49,11,31,1.01,31
22,2018-11-23,优,50,83,28,55,17,32,1.03,40
23,2018-11-24,优,35,15,17,33,17,32,0.93,46
24,2018-11-25,优,50,54,31,50,14,32,0.97,49
25,2018-11-26,良,62,78,38,73,21,44,1.2,42
26,2018-11-27,良,51,54,27,54,16,41,1.2,39
27,2018-11-28,良,62,89,37,72,24,48,1.31,36
28,2018-11-29,良,58,75,37,66,17,39,1.23,44
29,2018-11-30,优,43,32,22,42,20,35,1.04,45
0,2018-10-01,优,36,86,23,32,6,22,0.64,56
1,2018-10-02,优,39,65,23,39,7,27,0.69,48
2,2018-10-03,优,38,47,23,37,6,29,0.74,49
3,2018-10-04,优,47,80,30,47,6,28,0.78,46
4,2018-10-05,良,59,161,39,60,8,29,1.02,42
5,2018-10-06,优,44,67,26,43,10,26,0.77,44
6,2018-10-07,优,41,69,22,39,8,29,0.81,36
7,2018-10-08,优,29,25,16,27,11,28,0.88,39
8,2018-10-09,优,32,44,19,30,11,31,1.06,30
9,2018-10-10,优,35,75,17,25,10,23,0.87,54
10,2018-10-11,优,37,73,24,34,10,29,1.04,34
11,2018-10-12,优,27,11,18,22,7,28,1.06,24
12,2018-10-13,优,22,6,14,16,8,20,0.89,24
13,2018-10-14,优,23,10,11,22,12,23,0.95,23
14,2018-10-15,优,27,46,14,26,11,25,0.93,26
15,2018-10-16,优,35,92,16,34,14,26,0.97,36
16,2018-10-17,优,48,158,20,53,12,29,0.93,37
17,2018-10-18,优,40,96,19,39,14,28,0.94,41
18,2018-10-19,优,40,72,20,39,13,26,0.87,41
19,2018-10-20,优,39,78,20,38,13,27,0.93,41
20,2018-10-21,优,43,101,20,42,14,28,0.99,34
21,2018-10-22,优,50,148,24,55,14,29,1.09,29
22,2018-10-23,优,29,36,17,27,9,27,1.08,26
23,2018-10-24,优,26,20,14,23,11,21,1.03,36
24,2018-10-25,优,32,30,15,29,14,23,1.17,36
25,2018-10-26,优,41,63,21,39,12,27,1.24,40
26,2018-10-27,优,44,90,24,46,11,27,0.98,32
27,2018-10-28,优,31,44,17,30,11,24,0.91,40
28,2018-10-29,优,29,40,17,26,13,23,1.28,45
29,2018-10-30,优,24,12,14,20,10,18,0.81,44
30,2018-10-31,优,34,41,14,28,15,24,0.7,59
0,2018-09-02,优,28,54,13,26,10,30,0.66,47
1,2018-09-03,优,26,32,10,18,6,19,0.47,47
2,2018-09-04,优,26,36,9,23,7,23,0.5,36
3,2018-09-05,优,40,109,19,38,14,26,0.76,35
4,2018-09-06,优,44,134,20,43,14,25,0.84,41
5,2018-09-07,优,33,75,15,22,7,19,0.49,58
6,2018-09-08,优,39,113,20,34,10,21,0.51,69
7,2018-09-09,优,46,132,26,45,10,27,0.61,62
8,2018-09-10,优,38,64,20,36,11,28,0.79,35
9,2018-09-11,优,28,15,13,26,9,25,0.64,30
10,2018-09-12,优,30,35,16,29,8,30,0.75,23
11,2018-09-13,优,29,30,15,28,6,27,0.76,21
12,2018-09-14,优,32,47,17,29,6,26,0.65,42
13,2018-09-15,优,32,63,14,28,7,27,0.63,49
14,2018-09-16,优,41,188,20,38,9,27,0.61,55
15,2018-09-17,优,28,72,13,23,9,17,0.51,49
16,2018-09-18,优,24,40,7,16,6,22,0.69,37
17,2018-09-19,优,24,36,10,22,5,24,0.54,35
18,2018-09-20,优,29,40,13,27,11,23,0.65,30
19,2018-09-21,优,46,153,21,46,13,26,0.83,36
20,2018-09-22,优,39,112,18,39,7,27,0.7,33
21,2018-09-23,优,36,101,17,32,6,24,0.65,40
22,2018-09-24,优,25,36,12,23,11,20,0.65,29
23,2018-09-25,优,24,22,9,22,8,17,0.58,34
24,2018-09-26,优,34,70,15,33,12,28,0.83,22
25,2018-09-27,优,44,154,20,43,11,30,0.85,37
26,2018-09-28,优,28,25,16,25,7,21,0.8,36
27,2018-09-29,优,34,59,17,33,8,32,0.93,30
28,2018-09-30,优,47,145,23,46,9,37,0.88,30
0,2018-08-01,优,41,106,22,39,13,30,0.84,25
1,2018-08-02,优,36,76,17,35,15,22,0.71,27
2,2018-08-03,优,38,115,19,35,13,29,0.84,24
3,2018-08-04,优,26,24,12,23,8,21,0.53,43
4,2018-08-05,优,25,14,12,21,7,21,0.52,40
5,2018-08-06,优,29,23,14,28,7,32,0.64,26
6,2018-08-07,优,48,164,29,47,13,32,0.87,41
7,2018-08-08,优,38,67,21,35,11,30,0.65,59
8,2018-08-09,优,38,44,18,37,11,28,0.66,37
9,2018-08-10,优,44,88,22,45,12,32,0.76,55
10,2018-08-11,良,55,142,34,58,12,39,0.99,40
11,2018-08-12,良,52,180,29,50,12,31,0.73,74
12,2018-08-13,良,57,240,32,58,9,33,0.64,86
13,2018-08-14,良,70,330,40,71,14,39,0.7,88
14,2018-08-15,良,66,325,42,70,22,40,0.75,83
15,2018-08-16,良,53,290,30,51,17,30,0.68,70
16,2018-08-17,优,47,206,16,31,9,23,0.6,86
17,2018-08-18,良,52,263,21,38,14,22,0.58,92
18,2018-08-19,良,61,308,28,59,14,34,0.67,85
19,2018-08-20,良,64,304,41,74,11,47,1.07,49
20,2018-08-21,良,57,215,35,56,11,29,0.82,64
21,2018-08-22,优,50,156,27,43,10,28,0.67,77
22,2018-08-23,优,48,109,17,40,10,28,0.63,82
23,2018-08-25,良,61,182,29,51,8,24,0.64,110
24,2018-08-27,良,78,286,45,70,19,38,0.82,114
25,2018-08-29,优,45,172,24,41,12,25,0.65,53
26,2018-08-31,优,37,123,18,30,6,22,0.53,56
0,2018-07-01,优,30,36,13,29,10,21,0.65,27
1,2018-07-02,优,27,23,9,26,9,19,0.52,31
2,2018-07-03,优,24,6,8,22,10,19,0.41,33
3,2018-07-04,优,24,14,8,22,10,19,0.43,37
4,2018-07-05,优,32,53,12,31,10,22,0.59,46
5,2018-07-06,优,43,186,18,43,11,28,0.76,40
6,2018-07-07,优,36,155,17,33,9,28,0.58,43
7,2018-07-08,优,47,241,20,44,12,27,0.77,47
8,2018-07-09,优,36,160,15,33,5,19,0.43,58
9,2018-07-10,优,29,65,13,26,5,19,0.49,49
10,2018-07-11,优,36,98,17,34,6,22,0.55,52
11,2018-07-12,优,46,205,21,44,10,28,0.61,51
12,2018-07-13,优,43,171,24,41,14,29,0.61,62
13,2018-07-14,优,45,182,24,43,9,34,0.57,51
14,2018-07-15,优,50,213,29,52,10,32,0.57,60
15,2018-07-16,优,30,66,13,28,7,20,0.41,43
16,2018-07-17,优,32,71,14,31,7,21,0.38,35
17,2018-07-18,优,39,116,16,39,9,23,0.41,48
18,2018-07-19,优,42,125,18,40,10,24,0.42,44
19,2018-07-20,优,30,45,13,28,7,20,0.38,50
20,2018-07-21,优,37,43,17,36,9,23,0.4,62
21,2018-07-22,良,52,157,25,53,16,32,0.51,63
22,2018-07-23,良,61,247,37,69,29,40,0.81,61
23,2018-07-24,良,67,296,44,71,21,36,0.88,58
24,2018-07-25,优,47,157,30,47,10,36,0.65,37
25,2018-07-26,优,28,29,13,23,6,22,0.48,54
26,2018-07-27,优,34,53,17,32,7,25,0.44,41
27,2018-07-28,优,29,35,13,27,7,18,0.41,41
28,2018-07-29,优,31,46,12,30,9,21,0.44,46
29,2018-07-30,优,32,43,13,29,9,21,0.47,47
30,2018-07-31,优,34,63,18,31,11,26,0.62,39
0,2018-06-01,优,43,56,22,43,11,31,0.74,50
1,2018-06-02,优,40,38,20,38,10,23,0.7,47
2,2018-06-03,优,29,8,14,27,7,23,0.71,30
3,2018-06-04,优,37,31,17,26,8,25,0.88,49
4,2018-06-05,优,47,79,16,35,10,28,0.79,83
5,2018-06-06,良,78,220,38,80,16,49,1.02,86
6,2018-06-07,良,73,214,38,73,10,39,0.72,100
7,2018-06-08,良,70,258,34,61,10,22,0.69,122
8,2018-06-09,优,50,152,18,28,6,22,0.65,85
9,2018-06-10,优,44,74,26,43,7,33,0.83,35
10,2018-06-11,优,22,11,12,19,6,26,0.69,22
11,2018-06-12,优,20,2,9,18,6,24,0.7,28
12,2018-06-13,优,23,5,8,21,8,20,0.65,32
13,2018-06-14,优,27,12,9,17,5,24,0.65,54
14,2018-06-15,优,38,43,17,34,6,29,0.76,51
15,2018-06-16,优,37,29,19,33,6,22,0.67,50
16,2018-06-17,优,40,41,18,40,6,19,0.67,49
17,2018-06-18,良,53,135,24,57,7,18,0.65,54
18,2018-06-19,良,64,278,30,76,8,21,0.75,53
19,2018-06-20,良,51,204,23,53,7,22,0.67,53
20,2018-06-21,优,45,136,19,45,7,23,0.67,48
21,2018-06-22,优,43,130,19,42,9,29,0.7,38
22,2018-06-23,优,42,122,21,40,8,32,0.81,33
23,2018-06-24,优,40,118,20,38,7,30,0.82,32
24,2018-06-25,优,29,61,15,28,6,25,0.64,29
25,2018-06-26,优,21,13,8,19,5,16,0.46,29
26,2018-06-27,优,21,10,7,19,5,16,0.5,33
27,2018-06-28,优,25,17,9,24,8,19,0.57,29
28,2018-06-29,优,31,27,11,29,9,22,0.64,28
29,2018-06-30,优,33,47,12,32,9,23,0.63,20
0,2018-05-01,良,66,191,37,72,15,37,0.9,83
1,2018-05-02,良,72,252,48,88,13,41,1.01,73
2,2018-05-03,优,37,9,20,29,6,31,0.75,64
3,2018-05-04,优,31,9,12,23,9,21,0.61,60
4,2018-05-05,优,40,31,15,30,8,20,0.6,74
5,2018-05-06,优,50,138,22,49,13,24,0.65,72
6,2018-05-07,良,51,137,17,36,9,20,0.53,98
7,2018-05-08,良,57,141,28,62,14,31,0.77,77
8,2018-05-09,良,63,159,32,69,14,34,0.77,84
9,2018-05-10,良,70,197,36,81,12,35,0.84,83
10,2018-05-11,良,69,223,34,79,12,32,0.65,96
11,2018-05-12,良,69,208,37,83,13,32,0.71,97
12,2018-05-13,良,51,70,29,49,9,33,0.7,77
13,2018-05-14,良,53,97,20,42,12,27,0.72,94
14,2018-05-15,良,55,117,22,49,10,23,0.64,96
15,2018-05-16,良,56,173,26,53,16,29,0.79,88
16,2018-05-17,良,61,214,36,69,15,25,0.7,91
17,2018-05-18,良,76,276,38,100,11,21,0.61,94
18,2018-05-19,良,65,258,36,75,10,21,0.65,89
19,2018-05-20,良,60,265,32,65,9,20,0.65,88
20,2018-05-21,良,57,239,30,60,9,21,0.63,84
21,2018-05-22,良,60,239,31,62,10,23,0.68,86
22,2018-05-23,优,45,53,24,41,7,29,0.76,54
23,2018-05-24,优,38,22,17,33,8,20,0.63,73
24,2018-05-25,优,39,44,16,36,9,19,0.6,73
25,2018-05-26,良,56,163,29,60,13,30,0.82,72
26,2018-05-27,优,41,47,18,28,7,20,0.61,78
27,2018-05-28,优,49,71,26,49,9,27,0.75,74
28,2018-05-29,优,31,11,16,29,9,29,0.81,41
29,2018-05-30,优,23,5,11,21,9,21,0.68,29
30,2018-05-31,优,23,4,10,21,7,20,0.68,42
0,2018-04-01,良,83,170,51,90,15,41,1.06,95
1,2018-04-02,良,86,199,52,103,14,41,0.99,111
2,2018-04-03,良,94,242,63,103,18,38,1.15,110
3,2018-04-04,良,93,293,59,92,15,33,1.09,109
4,2018-04-05,良,69,233,37,69,14,29,0.85,116
5,2018-04-05,良,69,233,37,69,14,29,0.85,116
6,2018-04-06,优,50,60,27,50,8,23,0.72,78
7,2018-04-07,良,61,108,24,73,6,19,0.64,80
8,2018-04-08,良,76,176,43,98,18,35,0.93,77
9,2018-04-09,良,66,81,39,76,16,36,1.03,77
10,2018-04-10,良,57,35,31,52,12,28,0.81,99
11,2018-04-11,良,64,116,32,60,13,27,0.8,107
12,2018-04-12,良,64,153,31,56,10,20,0.76,115
13,2018-04-13,良,65,272,33,60,11,23,0.75,113
14,2018-04-14,良,60,186,30,59,12,24,0.72,105
15,2018-04-15,良,67,184,40,69,11,32,0.9,78
16,2018-04-16,良,62,93,38,61,10,35,0.93,76
17,2018-04-17,良,66,76,41,66,11,40,0.95,82
18,2018-04-18,良,61,42,34,62,10,38,1.01,78
19,2018-04-19,优,49,17,28,46,13,30,0.96,85
20,2018-04-20,良,57,66,30,56,15,28,0.91,91
21,2018-04-21,良,63,195,31,70,15,32,0.87,89
22,2018-04-22,良,69,299,32,78,11,22,0.75,114
23,2018-04-23,良,69,315,32,73,12,22,0.73,116
24,2018-04-24,良,83,334,46,107,16,44,0.96,86
25,2018-04-25,良,80,258,47,99,16,36,0.96,105
26,2018-04-26,良,78,202,54,95,11,32,1.05,95
27,2018-04-27,优,45,41,29,42,7,30,0.89,48
28,2018-04-28,良,59,75,36,52,8,36,0.87,73
29,2018-04-29,良,61,85,37,60,15,37,0.99,82
30,2018-04-30,良,66,171,39,66,12,29,0.91,90
0,2018-03-01,良,54,113,26,55,13,32,0.9,76
1,2018-03-02,良,58,117,34,64,16,29,0.84,78
2,2018-03-03,良,65,148,39,68,14,29,0.86,84
3,2018-03-04,良,58,174,32,60,11,25,0.88,94
4,2018-03-05,良,68,298,40,81,15,37,0.94,75
5,2018-03-06,良,74,299,45,92,19,35,1.1,88
6,2018-03-07,良,77,285,52,85,15,37,1.07,95
7,2018-03-08,良,53,172,33,51,10,26,0.78,91
8,2018-03-09,良,55,111,32,57,11,26,0.69,96
9,2018-03-10,良,74,167,52,76,13,27,1.02,98
10,2018-03-11,良,69,135,45,71,13,33,0.96,90
11,2018-03-12,良,65,97,40,64,13,34,0.89,90
12,2018-03-13,良,69,121,44,77,18,40,1.01,88
13,2018-03-14,良,67,146,41,73,17,38,0.89,93
14,2018-03-15,良,75,218,50,89,20,47,1.0,82
15,2018-03-16,良,79,284,56,91,13,41,1.04,95
16,2018-03-17,良,98,322,72,112,16,46,1.12,95
17,2018-03-18,良,79,238,49,82,13,30,0.83,110
18,2018-03-19,良,61,194,29,55,11,27,0.69,104
19,2018-03-20,良,74,277,40,82,24,52,0.96,81
20,2018-03-21,良,81,309,54,93,13,41,0.99,97
21,2018-03-22,良,82,216,57,85,9,32,1.04,87
22,2018-03-23,良,90,207,64,89,10,28,1.16,107
23,2018-03-24,良,78,160,49,78,13,31,0.97,117
24,2018-03-25,良,95,231,61,104,16,43,1.05,103
25,2018-03-26,良,77,162,51,84,10,33,1.03,92
26,2018-03-27,良,79,185,57,82,10,42,1.18,69
27,2018-03-28,良,55,54,33,52,9,39,1.13,84
28,2018-03-29,良,70,161,42,73,20,42,1.11,70
29,2018-03-30,良,74,181,46,90,12,43,0.99,79
30,2018-03-31,良,83,194,56,103,13,48,1.05,79
0,2018-02-01,良,62,48,41,63,13,31,1.25,48
1,2018-02-02,优,50,53,32,51,9,26,1.03,53
2,2018-02-03,良,83,296,61,90,9,39,1.17,33
3,2018-02-04,良,62,129,43,60,7,37,1.19,15
4,2018-02-05,良,55,83,39,59,8,34,1.12,43
5,2018-02-06,良,86,254,63,91,10,43,1.4,28
6,2018-02-07,良,70,110,50,70,7,38,1.24,16
7,2018-02-08,良,54,22,31,54,9,32,0.96,46
8,2018-02-09,良,52,19,26,52,10,29,0.77,79
9,2018-02-10,良,52,42,28,51,11,24,0.64,92
10,2018-02-11,良,67,118,45,72,13,39,0.94,70
11,2018-02-12,良,87,256,62,86,10,35,1.01,71
12,2018-02-13,良,72,160,48,70,11,29,0.99,75
13,2018-02-14,良,52,52,29,51,11,19,0.82,79
14,2018-02-15,优,46,22,17,37,12,15,0.63,87
15,2018-02-16,良,71,66,44,65,25,24,0.76,87
16,2018-02-17,良,62,104,38,49,15,25,0.88,70
17,2018-02-18,优,48,80,22,37,11,19,0.8,88
18,2018-02-19,良,51,122,26,43,14,23,0.93,86
19,2018-02-20,良,56,139,30,48,13,25,1.1,89
20,2018-02-21,良,57,199,32,54,13,24,0.95,90
21,2018-02-22,良,58,183,34,54,12,27,0.86,86
22,2018-02-23,良,69,225,43,61,10,22,0.96,79
23,2018-02-24,良,63,201,41,64,12,31,0.84,87
24,2018-02-25,良,71,201,46,81,14,38,0.9,82
25,2018-02-26,良,65,138,42,72,12,30,0.94,85
26,2018-02-27,良,59,130,33,60,14,34,0.89,79
27,2018-02-28,良,60,159,32,65,16,44,1.02,69
0,2018-01-01,优,42,21,21,44,13,27,1.01,38
1,2018-01-02,优,36,24,17,35,18,29,0.9,30
2,2018-01-03,优,27,14,17,25,11,37,0.79,32
3,2018-01-04,优,28,58,12,24,12,27,0.73,44
4,2018-01-05,优,44,99,19,44,16,32,0.84,39
5,2018-01-06,优,49,138,20,53,18,31,0.81,43
6,2018-01-07,优,49,144,20,53,17,30,0.83,43
7,2018-01-08,良,63,173,32,79,24,39,0.93,39
8,2018-01-09,良,83,316,57,90,10,38,1.24,16
9,2018-01-10,良,53,153,36,48,8,32,1.32,21
10,2018-01-11,良,66,201,46,70,11,34,0.94,51
11,2018-01-12,良,56,100,36,57,11,32,0.87,51
12,2018-01-13,优,47,21,28,47,12,32,1.07,34
13,2018-01-14,优,40,13,21,39,12,28,0.87,40
14,2018-01-15,优,47,20,23,47,16,31,0.95,40
15,2018-01-16,良,60,56,36,69,15,41,1.1,43
16,2018-01-17,良,77,83,53,98,23,40,1.2,44
17,2018-01-18,良,63,49,40,73,18,34,0.95,45
18,2018-01-19,良,66,68,38,81,15,32,0.95,44
19,2018-01-20,优,48,34,24,49,12,29,0.78,49
20,2018-01-21,优,48,58,25,51,13,33,0.83,47
21,2018-01-22,良,72,170,42,92,22,39,1.02,41
22,2018-01-23,良,67,174,37,82,18,36,1.01,49
23,2018-01-24,良,57,157,26,64,17,33,0.89,57
24,2018-01-25,良,53,191,23,56,14,30,0.84,58
25,2018-01-26,良,58,209,28,68,13,30,0.88,53
26,2018-01-27,良,51,149,24,54,18,29,0.84,57
27,2018-01-28,良,58,150,33,67,17,39,0.96,56
28,2018-01-29,良,74,190,51,79,10,37,1.25,28
29,2018-01-30,良,63,105,38,62,10,32,1.1,48
30,2018-01-31,良,58,82,39,59,10,30,1.32,41
0,2017-12-01,优,44,90,22,44,12,29,0.77,36
1,2017-12-02,良,53,99,25,60,18,31,0.83,37
2,2017-12-03,良,56,104,26,65,20,35,0.92,37
3,2017-12-04,良,62,171,38,67,12,35,0.99,31
4,2017-12-05,良,60,128,39,63,13,31,0.89,39
5,2017-12-06,优,46,25,20,46,18,30,0.82,47
6,2017-12-07,良,57,69,28,64,16,36,0.96,39
7,2017-12-08,优,50,54,32,51,10,30,1.21,16
8,2017-12-09,良,68,87,46,76,13,38,1.25,19
9,2017-12-10,良,78,148,51,100,22,42,1.31,26
10,2017-12-11,良,57,101,34,64,13,29,1.05,31
11,2017-12-12,优,46,68,20,48,18,29,1.07,31
12,2017-12-13,优,40,43,15,39,15,30,0.86,39
13,2017-12-14,良,51,101,23,54,15,34,1.08,42
14,2017-12-15,良,56,159,27,62,15,38,1.02,41
15,2017-12-16,良,58,177,40,62,10,33,1.15,16
16,2017-12-17,良,69,190,48,77,12,40,1.2,20
17,2017-12-18,良,71,188,50,71,9,34,1.3,14
18,2017-12-19,优,45,36,25,44,14,26,0.98,58
19,2017-12-20,良,53,56,29,58,15,34,0.9,65
20,2017-12-21,良,66,99,40,80,17,54,0.88,51
21,2017-12-22,良,71,81,40,89,23,48,1.12,49
22,2017-12-23,良,72,58,40,91,15,49,1.07,41
23,2017-12-24,轻度污染,119,249,89,125,13,40,0.93,79
24,2017-12-25,轻度污染,138,342,102,172,24,66,1.49,43
25,2017-12-26,轻度污染,108,216,79,148,23,66,1.69,33
26,2017-12-27,轻度污染,108,189,81,118,17,50,1.31,39
27,2017-12-28,良,61,71,40,63,18,36,0.98,48
28,2017-12-29,良,58,56,37,63,16,39,1.03,41
29,2017-12-30,良,69,77,46,77,13,34,1.04,36
30,2017-12-31,良,71,89,50,76,12,35,1.27,25
0,2017-11-01,良,70,121,44,89,22,46,1.11,40
1,2017-11-02,良,86,169,60,95,16,40,1.04,33
2,2017-11-03,优,41,38,24,39,14,27,0.67,58
3,2017-11-04,良,55,96,30,58,13,30,0.72,77
4,2017-11-05,良,72,172,44,92,23,52,0.88,60
5,2017-11-06,良,92,210,66,128,33,62,1.28,43
6,2017-11-07,良,100,172,74,117,22,47,1.29,40
7,2017-11-08,良,73,148,51,81,13,41,0.96,51
8,2017-11-09,良,74,172,48,95,16,40,1.22,32
9,2017-11-10,良,59,124,34,68,16,34,1.08,34
10,2017-11-11,良,71,262,39,93,24,37,1.06,36
11,2017-11-12,良,65,196,36,82,24,37,1.05,42
12,2017-11-13,良,60,147,31,71,27,41,1.06,45
13,2017-11-14,良,64,199,34,78,23,40,1.06,42
14,2017-11-15,良,64,185,31,76,18,40,1.05,43
15,2017-11-16,良,54,132,24,61,20,34,0.98,41
16,2017-11-17,优,42,83,17,42,17,29,0.83,34
17,2017-11-18,良,68,303,44,78,14,36,1.15,20
18,2017-11-19,优,50,144,27,52,12,28,0.95,43
19,2017-11-20,良,68,236,40,82,13,38,1.19,20
20,2017-11-21,优,49,101,23,53,15,26,1.01,36
21,2017-11-22,良,62,173,35,72,12,31,1.3,14
22,2017-11-23,优,36,38,23,33,9,25,1.18,8
23,2017-11-24,优,43,66,30,40,9,29,1.15,14
24,2017-11-25,良,66,152,45,70,12,36,1.37,13
25,2017-11-26,优,40,43,21,39,13,29,1.03,33
26,2017-11-27,优,36,12,18,36,16,27,0.99,34
27,2017-11-28,优,35,11,15,34,16,27,0.91,41
28,2017-11-29,优,43,43,22,44,18,30,0.96,36
29,2017-11-30,良,57,201,30,63,13,35,0.99,34
0,2017-10-01,优,37,75,14,36,13,22,0.73,33
1,2017-10-02,优,42,149,19,42,11,26,0.89,27
2,2017-10-03,优,41,198,20,40,10,22,0.67,37
3,2017-10-05,优,36,124,16,33,11,17,0.7,50
4,2017-10-06,优,43,132,18,42,14,27,0.88,49
5,2017-10-07,优,45,108,21,44,9,22,0.67,59
6,2017-10-08,优,32,34,14,30,8,22,0.65,44
7,2017-10-09,优,40,137,19,42,12,26,0.73,44
8,2017-10-10,优,48,232,26,54,15,32,0.8,28
9,2017-10-11,优,22,18,10,21,7,26,0.72,30
10,2017-10-12,优,23,39,9,22,8,24,0.65,29
11,2017-10-13,优,29,53,12,24,8,25,0.76,27
12,2017-10-14,优,28,42,14,27,9,24,0.74,23
13,2017-10-15,优,22,9,12,19,8,19,0.83,30
14,2017-10-16,优,27,53,9,19,8,15,0.76,52
15,2017-10-17,优,25,32,11,23,8,23,0.81,32
16,2017-10-18,优,42,140,21,42,10,34,1.01,14
17,2017-10-19,优,42,113,22,41,11,31,0.92,30
18,2017-10-20,优,49,126,23,50,17,32,1.1,29
19,2017-10-21,优,45,89,22,45,12,34,1.22,22
20,2017-10-22,优,34,41,20,29,9,28,0.98,11
21,2017-10-23,优,21,2,13,17,7,27,0.86,30
22,2017-10-24,优,31,14,16,29,9,35,0.92,30
23,2017-10-25,优,37,20,18,36,12,29,1.13,27
24,2017-10-26,优,49,44,25,51,13,31,1.04,37
25,2017-10-27,良,64,92,38,76,13,37,1.14,37
26,2017-10-28,良,70,124,43,90,15,41,1.03,39
27,2017-10-29,良,69,177,46,85,21,42,1.0,38
28,2017-10-30,良,58,122,34,63,11,30,0.8,79
29,2017-10-31,良,63,108,38,74,14,43,0.89,64
0,2017-09-01,优,35,58,14,34,13,22,0.79,28
1,2017-09-02,优,34,53,14,34,13,20,0.75,25
2,2017-09-03,优,42,113,17,41,16,22,0.84,31
3,2017-09-04,优,39,120,14,39,12,20,0.83,28
4,2017-09-05,优,43,140,18,43,13,21,0.78,33
5,2017-09-06,优,27,13,12,24,9,17,0.65,47
6,2017-09-07,优,34,36,15,34,11,24,0.76,44
7,2017-09-08,优,35,72,19,33,10,28,0.72,23
8,2017-09-09,优,33,43,12,32,9,22,0.71,35
9,2017-09-10,优,34,59,16,27,10,21,0.71,41
10,2017-09-11,优,47,180,18,45,18,30,0.66,76
11,2017-09-12,良,69,250,41,85,31,42,0.9,64
12,2017-09-13,优,44,78,22,45,10,23,0.75,47
13,2017-09-14,优,47,88,27,48,10,24,0.69,53
14,2017-09-15,优,48,94,28,47,10,25,0.58,58
15,2017-09-16,优,41,44,21,40,10,24,0.59,47
16,2017-09-17,优,37,43,17,36,11,29,0.64,38
17,2017-09-18,优,38,46,17,37,18,27,0.8,30
18,2017-09-19,优,36,51,14,35,18,24,0.75,26
19,2017-09-20,优,47,155,21,47,18,24,0.85,33
20,2017-09-21,优,28,15,14,26,8,25,0.77,22
21,2017-09-22,优,32,18,16,31,8,25,0.76,22
22,2017-09-23,优,33,31,14,31,11,21,0.79,32
23,2017-09-24,优,42,118,18,40,15,25,0.89,35
24,2017-09-25,优,47,172,23,48,12,29,0.91,39
25,2017-09-26,优,43,130,22,42,10,22,0.62,41
26,2017-09-27,优,30,44,12,29,10,19,0.7,28
27,2017-09-28,良,55,244,25,60,17,30,0.98,29
28,2017-09-29,优,42,94,20,43,13,27,0.84,27
29,2017-09-30,优,40,99,18,39,12,27,0.86,31
0,2017-08-01,优,44,123,25,43,11,29,0.86,51
1,2017-08-02,良,61,292,38,68,23,33,0.83,59
2,2017-08-03,良,65,285,40,68,19,33,0.86,71
3,2017-08-04,优,49,135,29,47,19,28,0.77,67
4,2017-08-05,优,38,72,21,37,15,23,0.69,54
5,2017-08-06,优,32,37,12,30,8,18,0.59,54
6,2017-08-07,优,34,39,13,33,15,22,0.78,44
7,2017-08-08,优,30,35,13,29,13,20,0.72,26
8,2017-08-09,优,33,61,12,27,10,31,0.65,59
9,2017-08-10,优,41,114,21,39,16,34,0.85,31
10,2017-08-11,优,32,52,16,31,13,21,0.75,23
11,2017-08-12,优,33,57,13,32,13,19,0.67,27
12,2017-08-13,优,39,113,16,38,17,23,0.77,26
13,2017-08-14,优,41,131,18,40,15,27,0.79,19
14,2017-08-15,优,42,137,24,41,11,35,0.77,31
15,2017-08-16,优,45,153,22,42,16,27,0.69,51
16,2017-08-17,优,33,64,15,31,11,21,0.53,39
17,2017-08-18,优,25,27,11,23,9,17,0.6,34
18,2017-08-19,优,35,55,16,34,13,21,0.71,36
19,2017-08-20,优,35,51,14,34,14,20,0.72,30
20,2017-08-21,优,41,85,16,40,16,22,0.77,32
21,2017-08-22,优,48,149,21,50,18,23,0.86,37
22,2017-08-23,良,53,222,31,56,14,37,0.75,53
23,2017-08-24,优,43,163,27,43,25,25,0.69,36
24,2017-08-25,优,23,8,8,15,7,17,0.57,39
25,2017-08-26,优,26,26,10,24,8,19,0.55,37
26,2017-08-27,优,42,140,19,44,11,25,0.69,45
27,2017-08-28,优,46,206,27,47,11,30,0.92,39
28,2017-08-29,优,32,72,16,31,11,25,0.71,33
29,2017-08-30,优,27,43,15,26,9,20,0.59,38
30,2017-08-31,优,27,46,11,26,10,20,0.61,37
0,2017-07-01,优,27,54,13,26,10,22,0.8,18
1,2017-07-02,优,25,26,13,24,10,24,0.84,17
2,2017-07-03,优,25,41,14,23,9,26,0.78,30
3,2017-07-04,优,40,106,19,38,10,26,0.71,58
4,2017-07-05,优,32,54,15,31,9,21,0.68,47
5,2017-07-06,优,29,54,11,28,9,17,0.72,30
6,2017-07-07,优,35,101,15,31,11,26,0.87,16
7,2017-07-08,优,41,123,17,40,13,26,0.82,39
8,2017-07-09,优,37,117,18,32,16,28,0.75,44
9,2017-07-10,良,51,185,23,54,15,31,0.78,66
10,2017-07-11,良,67,220,36,82,24,42,0.85,63
11,2017-07-12,优,40,75,24,40,9,31,0.73,34
12,2017-07-13,优,26,20,13,25,8,23,0.72,23
13,2017-07-14,优,33,38,15,32,11,28,0.81,19
14,2017-07-15,优,32,51,16,31,11,28,0.75,20
15,2017-07-16,优,39,91,19,38,20,26,0.74,26
16,2017-07-17,优,27,28,13,25,9,19,0.54,38
17,2017-07-18,优,28,47,11,25,9,19,0.57,40
18,2017-07-19,优,36,90,16,35,13,21,0.79,35
19,2017-07-20,良,54,200,14,29,9,21,0.62,100
20,2017-07-21,优,25,16,12,22,8,16,0.59,35
21,2017-07-22,优,17,2,10,14,9,22,0.6,24
22,2017-07-23,优,28,27,14,27,11,23,0.62,29
23,2017-07-24,良,53,153,27,56,29,29,0.83,42
24,2017-07-25,良,51,145,29,52,13,31,0.77,39
25,2017-07-26,优,44,77,19,43,13,24,0.65,50
26,2017-07-27,良,58,175,35,65,19,30,0.86,54
27,2017-07-28,良,54,162,31,54,31,29,0.7,62
28,2017-07-29,良,55,174,27,51,25,24,0.64,78
29,2017-07-30,良,68,219,40,80,25,38,0.81,72
30,2017-07-31,良,57,176,34,61,15,31,0.77,57
0,2017-06-01,优,45,79,16,40,15,20,0.84,77
1,2017-06-02,优,46,110,16,41,14,21,0.8,82
2,2017-06-03,优,43,83,14,36,13,19,0.73,83
3,2017-06-04,优,45,98,13,35,12,15,0.68,89
4,2017-06-05,良,55,224,17,44,12,20,0.73,104
5,2017-06-06,良,55,241,22,53,11,24,0.81,88
6,2017-06-07,良,59,191,20,46,17,25,0.8,103
7,2017-06-08,良,58,169,23,50,15,20,0.87,98
8,2017-06-09,优,43,115,15,39,10,19,0.79,76
9,2017-06-10,优,41,141,12,36,9,15,0.75,76
10,2017-06-11,优,33,50,12,30,9,16,0.75,56
11,2017-06-12,优,38,73,12,35,12,18,0.78,62
12,2017-06-13,优,37,88,14,33,12,22,0.75,57
13,2017-06-14,优,39,102,16,36,9,19,0.71,58
14,2017-06-15,优,32,38,16,31,10,18,0.73,52
15,2017-06-16,优,35,66,17,34,11,22,0.76,43
16,2017-06-17,优,41,78,19,41,9,25,0.8,46
17,2017-06-18,优,42,67,18,41,12,23,0.72,53
18,2017-06-19,优,44,106,23,43,8,26,0.81,43
19,2017-06-20,优,43,87,17,35,8,21,0.71,86
20,2017-06-21,优,36,65,16,34,11,25,0.84,35
21,2017-06-22,优,43,137,17,42,18,26,0.89,36
22,2017-06-23,优,37,80,17,36,12,20,0.72,49
23,2017-06-24,优,36,95,14,35,10,19,0.67,42
24,2017-06-25,优,43,134,19,42,10,25,0.77,31
25,2017-06-26,优,40,91,18,36,8,23,0.71,54
26,2017-06-27,优,33,38,15,31,7,29,0.79,38
27,2017-06-28,优,32,32,14,31,8,24,0.79,34
28,2017-06-29,优,24,20,11,23,9,19,0.72,26
29,2017-06-30,优,24,25,10,23,10,20,0.81,19
0,2017-05-01,良,65,117,27,70,12,21,0.84,102
1,2017-05-02,良,59,125,24,64,12,17,0.82,105
2,2017-05-03,良,59,182,22,59,11,20,0.82,104
3,2017-05-04,良,56,173,20,58,13,23,0.79,107
4,2017-05-05,良,73,173,35,88,13,34,0.99,97
5,2017-05-06,良,76,142,39,94,14,35,0.99,93
6,2017-05-07,良,69,133,33,80,17,30,1.0,97
7,2017-05-08,良,65,164,30,68,18,35,1.07,93
8,2017-05-09,良,68,231,33,74,14,33,0.98,91
9,2017-05-10,良,67,159,33,75,14,31,1.07,91
10,2017-05-11,良,57,96,27,61,13,19,0.95,97
11,2017-05-12,良,53,112,19,47,15,20,0.82,94
12,2017-05-13,良,70,214,32,78,31,34,1.03,84
13,2017-05-14,良,56,104,25,55,12,19,1.01,92
14,2017-05-15,良,59,189,24,61,12,15,0.75,101
15,2017-05-16,优,50,97,24,49,10,22,0.83,84
16,2017-05-17,优,43,20,21,40,11,35,0.95,68
17,2017-05-18,良,52,42,28,54,10,32,1.01,53
18,2017-05-19,优,45,38,22,44,11,27,1.02,51
19,2017-05-20,良,51,80,20,52,13,28,0.99,54
20,2017-05-20,良,51,80,20,52,13,28,0.99,54
21,2017-05-21,良,60,181,25,61,13,27,0.99,78
22,2017-05-22,良,61,235,28,69,16,30,1.0,74
23,2017-05-23,良,59,259,25,61,10,20,0.8,103
24,2017-05-24,优,48,126,22,49,10,21,0.77,64
25,2017-05-25,优,40,42,13,30,9,19,0.68,73
26,2017-05-26,优,48,46,17,43,14,28,0.75,84
27,2017-05-27,良,74,147,34,73,14,43,0.87,105
28,2017-05-28,良,68,79,29,64,11,27,0.78,115
29,2017-05-29,良,68,112,31,64,13,23,0.95,112
30,2017-05-30,良,52,68,25,52,15,21,0.94,78
31,2017-05-31,优,36,32,15,34,12,16,0.87,64
0,2017-04-01,优,49,46,27,50,11,30,0.91,64
1,2017-04-02,优,37,5,19,36,9,26,1.01,63
2,2017-04-03,优,47,25,19,41,10,18,0.95,91
3,2017-04-04,优,50,36,19,40,13,20,0.93,94
4,2017-04-05,良,52,58,20,47,14,25,0.95,85
5,2017-04-06,良,52,74,19,49,15,30,0.96,79
6,2017-04-07,良,55,101,23,59,13,29,1.0,71
7,2017-04-08,良,55,128,24,59,13,21,0.87,86
8,2017-04-09,良,58,234,24,60,10,18,0.78,105
9,2017-04-10,良,74,292,31,84,11,21,0.83,124
10,2017-04-11,良,79,300,41,100,15,27,0.96,122
11,2017-04-12,良,92,310,54,119,20,39,1.11,101
12,2017-04-13,良,82,262,58,99,10,25,1.21,94
13,2017-04-14,良,78,244,54,95,11,25,1.21,114
14,2017-04-15,良,83,199,56,99,13,23,1.14,124
15,2017-04-16,良,76,192,54,96,14,29,1.17,84
16,2017-04-17,优,36,16,19,28,9,26,0.89,58
17,2017-04-18,优,42,33,21,41,14,25,0.91,55
18,2017-04-19,优,50,73,21,50,17,31,1.11,51
19,2017-04-20,良,61,161,28,67,13,32,1.12,65
20,2017-04-21,优,41,45,26,37,14,29,0.99,56
21,2017-04-22,优,45,41,25,46,10,28,1.02,50
22,2017-04-23,良,54,78,26,58,11,27,1.11,59
23,2017-04-23,良,54,78,26,58,11,27,1.11,59
24,2017-04-24,优,38,25,17,35,10,26,1.03,56
25,2017-04-25,良,55,147,24,59,13,32,1.08,49
26,2017-04-26,良,53,160,24,58,10,33,0.98,62
27,2017-04-27,良,54,140,33,63,10,35,0.99,37
28,2017-04-28,良,55,84,24,64,9,32,0.98,55
29,2017-04-29,良,70,119,34,88,10,30,0.94,73
30,2017-04-30,良,68,94,31,80,14,26,0.87,95
0,2017-03-01,良,85,225,59,92,10,35,1.05,35
1,2017-03-02,良,72,224,49,88,12,27,1.0,64
2,2017-03-03,良,65,78,35,77,12,28,1.03,76
3,2017-03-04,良,78,140,40,96,17,34,0.9,100
4,2017-03-05,良,73,187,40,90,19,31,0.82,101
5,2017-03-06,良,76,262,47,98,19,37,0.99,90
6,2017-03-07,良,77,268,48,97,21,42,1.09,84
7,2017-03-08,良,69,221,41,81,19,38,1.0,65
8,2017-03-09,良,53,69,33,60,19,40,1.06,61
9,2017-03-10,良,52,74,28,55,15,29,0.91,77
10,2017-03-11,良,63,130,36,75,19,37,0.99,68
11,2017-03-12,优,36,18,18,35,14,25,0.88,49
12,2017-03-13,优,39,64,15,35,11,20,0.77,75
13,2017-03-14,良,56,196,24,59,16,37,0.87,76
14,2017-03-15,良,64,179,27,75,18,34,0.85,73
15,2017-03-16,良,79,232,45,101,19,47,1.07,81
16,2017-03-17,良,75,207,42,91,20,40,1.02,93
17,2017-03-18,良,78,193,46,100,22,39,1.04,84
18,2017-03-19,良,78,216,40,100,19,40,1.07,86
19,2017-03-20,良,82,260,42,110,26,46,0.98,68
20,2017-03-21,良,59,136,32,66,12,28,0.94,84
21,2017-03-22,良,51,139,22,50,11,21,0.76,92
22,2017-03-23,良,66,230,33,79,18,39,1.06,74
23,2017-03-24,良,77,251,44,97,22,40,1.1,88
24,2017-03-25,良,79,237,53,104,14,38,1.2,56
25,2017-03-26,优,48,56,33,50,10,33,1.11,45
26,2017-03-27,良,61,85,39,65,10,35,1.19,47
27,2017-03-28,优,43,14,20,38,11,26,1.06,72
28,2017-03-29,良,68,123,39,83,13,36,1.22,65
29,2017-03-30,良,71,191,47,88,12,41,1.15,79
30,2017-03-31,优,47,83,21,38,9,22,0.83,82
0,2017-02-01,优,44,59,22,40,13,20,0.92,58
1,2017-02-02,优,44,61,20,40,13,19,0.84,64
2,2017-02-03,优,41,46,17,35,13,23,0.8,61
3,2017-02-04,优,47,53,21,45,24,33,0.67,60
4,2017-02-05,良,54,91,25,57,27,38,0.89,51
5,2017-02-06,良,52,101,24,54,20,32,0.82,68
6,2017-02-07,优,48,104,22,47,14,25,0.74,73
7,2017-02-08,良,62,236,38,71,16,30,0.92,66
8,2017-02-09,良,70,221,48,81,9,36,1.08,41
9,2017-02-10,良,62,156,41,68,8,31,1.08,29
10,2017-02-11,优,50,34,32,54,8,27,1.0,22
11,2017-02-12,良,58,59,37,63,10,25,0.87,49
12,2017-02-13,良,54,40,30,58,12,25,0.78,72
13,2017-02-14,良,53,37,30,54,12,22,0.69,79
14,2017-02-15,良,58,38,38,61,13,26,0.91,69
15,2017-02-16,良,52,32,28,52,15,28,0.78,69
16,2017-02-17,良,65,139,30,79,17,38,0.93,63
17,2017-02-18,良,63,89,32,75,12,35,0.87,63
18,2017-02-19,良,57,45,29,62,16,27,0.85,76
19,2017-02-20,良,59,94,31,67,22,31,0.87,73
20,2017-02-21,良,63,199,38,73,16,29,0.87,82
21,2017-02-22,良,63,181,35,74,13,29,0.85,88
22,2017-02-23,良,74,236,42,97,17,38,0.92,76
23,2017-02-24,良,74,215,52,82,12,34,1.01,25
24,2017-02-25,良,58,142,38,61,9,29,0.99,21
25,2017-02-26,良,58,113,35,64,9,29,0.92,31
26,2017-02-27,良,55,58,35,62,8,32,0.99,27
27,2017-02-28,良,72,123,43,84,11,34,1.09,63
0,2017-01-01,良,57,40,28,64,14,38,1.08,35
1,2017-01-02,良,69,66,34,88,17,38,1.23,27
2,2017-01-03,优,36,8,20,36,10,32,1.02,21
3,2017-01-04,优,30,9,12,25,11,30,0.78,45
4,2017-01-05,优,41,31,19,41,16,29,0.77,32
5,2017-01-06,优,50,106,22,56,14,32,1.04,21
6,2017-01-07,良,53,134,26,59,12,31,1.02,32
7,2017-01-08,良,56,109,25,63,14,35,0.89,39
8,2017-01-09,良,55,104,24,64,14,33,0.89,36
9,2017-01-10,良,53,119,21,60,12,32,0.87,38
10,2017-01-11,良,68,160,31,89,13,39,1.08,25
11,2017-01-12,良,55,127,24,65,13,32,1.02,34
12,2017-01-13,良,58,143,25,71,13,34,0.96,36
13,2017-01-14,优,47,94,17,49,14,32,0.84,47
14,2017-01-15,良,56,139,24,64,18,35,0.94,48
15,2017-01-16,优,46,53,21,47,15,31,0.9,52
16,2017-01-17,优,49,62,21,53,12,29,0.86,48
17,2017-01-18,优,48,56,20,49,17,31,0.91,49
18,2017-01-19,良,55,93,26,61,18,36,0.97,51
19,2017-01-20,良,53,112,22,57,13,38,0.91,48
20,2017-01-21,优,48,31,22,49,12,33,0.88,50
21,2017-01-22,良,52,69,29,57,12,27,0.94,46
22,2017-01-23,优,45,30,21,45,12,25,0.91,52
23,2017-01-24,优,38,12,17,35,14,20,0.85,54
24,2017-01-25,良,51,43,29,51,12,22,0.91,50
25,2017-01-26,优,45,21,24,43,15,22,0.91,52
26,2017-01-27,优,41,15,21,41,11,14,0.82,54
27,2017-01-28,优,48,11,27,47,15,11,0.74,58
28,2017-01-29,优,39,8,18,33,16,14,0.78,66
29,2017-01-30,优,47,105,25,42,11,16,0.83,65
30,2017-01-31,优,37,33,16,33,10,13,0.97,68
0,2016-12-01,优,46,51,28,47,9,34,1.13,13
1,2016-12-02,优,41,24,20,40,10,29,0.95,26
2,2016-12-03,优,40,17,17,40,12,27,0.83,33
3,2016-12-04,良,59,55,28,73,14,30,0.99,32
4,2016-12-05,良,77,124,39,104,22,43,1.06,35
5,2016-12-06,良,65,85,38,78,15,37,0.82,57
6,2016-12-07,良,89,127,55,125,20,51,1.36,27
7,2016-12-08,轻度污染,102,153,65,150,29,58,1.42,36
8,2016-12-09,轻度污染,107,203,70,160,26,57,1.49,28
9,2016-12-10,良,97,194,59,138,25,48,1.43,28
10,2016-12-11,良,70,115,36,90,18,34,1.2,43
11,2016-12-12,良,56,57,22,62,16,36,0.93,51
12,2016-12-13,良,69,145,40,85,15,42,0.94,39
13,2016-12-14,良,63,185,29,78,16,38,1.02,38
14,2016-12-15,良,64,149,40,75,9,36,1.26,23
15,2016-12-16,优,50,45,29,54,10,30,1.3,31
16,2016-12-17,优,43,11,17,42,13,25,0.94,45
17,2016-12-18,优,44,21,16,44,12,25,0.96,40
18,2016-12-19,优,45,20,17,46,14,29,0.97,40
19,2016-12-20,优,44,25,17,43,13,28,0.88,40
20,2016-12-21,良,67,127,32,83,18,39,1.03,28
21,2016-12-22,良,71,161,46,89,19,40,1.16,17
22,2016-12-23,良,61,118,34,72,20,37,1.15,35
23,2016-12-24,优,43,23,15,42,12,23,0.77,59
24,2016-12-25,优,44,66,16,43,13,24,0.8,57
25,2016-12-26,良,59,201,25,67,16,35,1.05,46
26,2016-12-27,优,45,106,26,47,9,27,1.11,26
27,2016-12-28,良,56,83,33,64,12,35,1.37,24
28,2016-12-29,良,67,141,37,84,19,40,1.31,27
29,2016-12-30,良,63,70,33,75,21,38,1.22,34
30,2016-12-31,良,61,45,30,70,17,37,1.18,40
0,2016-11-01,优,32,42,16,31,8,33,0.9,24
1,2016-11-02,优,42,79,21,41,9,29,0.99,17
2,2016-11-03,优,36,25,17,35,9,26,0.98,17
3,2016-11-04,优,39,13,15,38,11,23,0.86,30
4,2016-11-05,优,44,30,16,45,15,26,0.89,27
5,2016-11-06,优,49,39,20,53,15,25,0.92,24
6,2016-11-07,优,47,60,18,50,11,24,0.91,30
7,2016-11-08,优,43,119,19,48,8,25,0.8,15
8,2016-11-09,优,30,65,14,30,7,26,0.86,14
9,2016-11-10,良,57,177,29,64,10,36,1.01,38
10,2016-11-11,优,42,57,18,45,13,24,0.96,28
11,2016-11-12,优,39,22,13,38,17,22,0.75,39
12,2016-11-13,优,45,43,16,45,16,29,0.82,44
13,2016-11-14,良,54,64,21,59,17,33,0.89,46
14,2016-11-15,优,47,50,17,49,10,31,0.72,75
15,2016-11-16,良,56,84,21,62,16,40,0.95,53
16,2016-11-17,良,61,118,26,72,22,39,1.04,47
17,2016-11-18,良,52,55,20,56,13,37,0.92,48
18,2016-11-19,良,71,135,29,93,26,37,1.04,45
19,2016-11-20,良,66,188,28,81,19,36,0.97,47
20,2016-11-21,良,71,258,34,91,25,42,1.07,46
21,2016-11-22,良,71,332,34,90,20,44,1.07,46
22,2016-11-23,良,68,283,32,86,16,43,1.03,47
23,2016-11-24,良,59,171,26,73,11,33,0.79,45
24,2016-11-25,良,52,106,20,57,13,33,0.87,48
25,2016-11-26,良,63,134,31,76,18,38,0.88,41
26,2016-11-27,良,83,163,46,114,32,48,1.12,36
27,2016-11-28,良,72,125,36,95,12,36,1.13,29
28,2016-11-29,优,26,4,14,25,7,30,0.9,29
29,2016-11-30,优,27,5,15,25,7,28,0.88,20
0,2016-10-01,良,51,135,33,54,10,28,0.85,45
1,2016-10-02,优,38,81,19,36,20,24,0.82,50
2,2016-10-03,良,62,217,34,64,25,37,0.86,66
3,2016-10-04,良,66,232,37,79,18,39,0.88,51
4,2016-10-05,良,61,178,33,70,15,37,0.76,57
5,2016-10-06,良,57,161,33,65,12,29,0.77,61
6,2016-10-07,良,53,176,31,58,15,31,1.02,44
7,2016-10-08,优,40,122,21,41,11,27,0.89,35
8,2016-10-09,优,39,93,21,38,10,22,0.77,42
9,2016-10-10,优,35,61,16,34,11,22,0.78,35
10,2016-10-11,优,38,74,16,37,13,23,0.78,35
11,2016-10-12,优,46,103,27,45,12,26,0.81,35
12,2016-10-13,优,46,75,28,45,9,27,0.84,41
13,2016-10-14,良,52,125,33,52,11,22,0.85,51
14,2016-10-15,良,58,173,37,65,13,31,1.05,40
15,2016-10-16,良,61,183,32,72,13,31,0.77,33
16,2016-10-17,优,34,30,19,33,9,24,0.73,27
17,2016-10-18,优,46,79,23,49,9,30,0.98,24
18,2016-10-19,良,53,133,28,60,10,29,0.84,48
19,2016-10-20,良,70,238,35,90,17,38,1.0,36
20,2016-10-21,良,69,290,28,89,15,37,1.1,39
21,2016-10-22,良,71,332,30,92,25,36,1.01,45
22,2016-10-23,良,62,310,25,77,19,32,1.0,37
23,2016-10-24,良,56,233,23,63,15,29,1.07,29
24,2016-10-25,优,48,149,19,49,13,25,1.09,33
25,2016-10-26,优,31,52,11,30,8,19,0.75,30
26,2016-10-27,优,32,58,11,31,11,22,0.76,22
27,2016-10-28,优,43,181,15,43,14,25,0.95,22
28,2016-10-29,优,34,97,17,33,10,30,1.01,13
29,2016-10-30,优,36,72,17,35,11,30,0.93,19
30,2016-10-31,优,32,33,16,30,8,37,0.91,29
0,2016-09-01,优,31,65,13,29,19,24,0.64,41
1,2016-09-02,优,43,92,20,40,22,33,0.62,77
2,2016-09-03,良,57,142,33,63,19,33,0.91,55
3,2016-09-04,良,56,121,38,56,15,25,0.79,38
4,2016-09-05,良,54,133,34,58,13,26,0.66,56
5,2016-09-06,良,56,183,36,57,13,23,0.69,59
6,2016-09-07,优,48,127,28,49,15,25,0.79,39
7,2016-09-08,优,40,69,22,38,13,25,0.79,48
8,2016-09-09,优,34,52,17,33,16,22,0.86,44
9,2016-09-10,优,34,69,11,22,17,15,0.48,69
10,2016-09-11,优,48,145,17,33,17,16,0.47,93
11,2016-09-12,良,55,165,32,56,25,26,0.68,80
12,2016-09-13,良,52,115,31,53,19,24,0.67,66
13,2016-09-14,优,46,87,23,47,16,25,0.66,53
14,2016-09-15,良,53,174,27,59,20,24,0.85,49
15,2016-09-16,优,27,56,12,22,14,20,0.76,44
16,2016-09-17,优,29,36,13,27,13,27,0.78,40
17,2016-09-18,优,42,118,24,41,14,27,0.78,33
18,2016-09-19,优,36,42,20,32,10,22,0.68,52
19,2016-09-20,优,41,50,13,20,7,20,0.67,74
20,2016-09-21,良,52,88,34,52,9,26,0.76,71
21,2016-09-22,良,59,126,40,60,9,24,0.84,71
22,2016-09-23,良,65,176,45,72,13,30,1.09,57
23,2016-09-24,良,60,126,39,65,15,25,1.06,50
24,2016-09-25,良,52,99,31,54,12,23,0.96,51
25,2016-09-26,良,53,98,26,57,14,25,1.04,39
26,2016-09-27,良,59,200,30,69,14,30,0.94,38
27,2016-09-28,优,35,100,17,34,15,19,0.6,50
28,2016-09-29,优,46,168,22,48,15,29,0.66,61
29,2016-09-30,良,59,211,36,67,13,39,0.81,33
0,2016-08-01,优,37,85,15,35,17,23,0.62,48
1,2016-08-02,良,57,242,28,61,25,35,0.8,51
2,2016-08-03,优,46,199,22,42,21,25,0.66,67
3,2016-08-04,优,37,111,18,36,16,30,0.7,47
4,2016-08-05,优,28,32,11,23,11,20,0.63,47
5,2016-08-06,优,35,66,16,32,15,22,0.7,41
6,2016-08-07,优,33,56,13,29,17,26,0.65,47
7,2016-08-08,良,61,297,32,66,26,35,0.95,55
8,2016-08-09,优,46,156,23,45,20,24,0.8,60
9,2016-08-10,优,45,160,26,41,24,29,0.73,72
10,2016-08-11,优,39,96,18,31,16,22,0.68,69
11,2016-08-12,优,36,65,16,30,13,20,0.61,67
12,2016-08-13,优,36,86,16,31,21,22,0.59,53
13,2016-08-14,优,33,56,12,25,11,14,0.47,65
14,2016-08-15,优,32,65,10,20,14,17,0.5,62
15,2016-08-16,优,32,56,17,27,11,19,0.59,44
16,2016-08-17,良,55,161,30,57,18,27,0.86,53
17,2016-08-18,良,61,229,31,69,20,28,0.84,62
18,2016-08-19,优,43,128,20,41,21,15,0.52,80
19,2016-08-20,优,29,21,17,24,11,17,0.55,49
20,2016-08-21,优,34,26,14,33,16,22,0.61,54
21,2016-08-22,优,48,92,23,47,18,29,0.7,57
22,2016-08-23,优,46,77,25,38,12,24,0.65,70
23,2016-08-24,良,57,124,28,54,15,29,0.74,71
24,2016-08-25,良,68,249,33,63,21,30,0.74,85
25,2016-08-26,良,63,315,32,67,32,38,0.81,66
26,2016-08-27,优,49,161,27,47,16,27,0.77,76
27,2016-08-28,优,41,63,21,35,14,23,0.72,71
28,2016-08-29,优,43,48,20,36,13,20,0.82,76
29,2016-08-30,优,40,66,20,37,14,19,0.82,60
30,2016-08-31,优,32,54,12,29,17,19,0.69,45
0,2016-07-01,优,32,110,14,29,12,19,0.71,44
1,2016-07-02,优,44,157,23,44,16,29,0.92,35
2,2016-07-03,优,24,32,10,22,12,15,0.7,24
3,2016-07-04,优,24,29,8,23,13,15,0.62,29
4,2016-07-05,优,35,108,15,34,12,19,0.82,32
5,2016-07-06,优,34,85,15,30,9,17,0.59,64
6,2016-07-07,优,25,25,8,23,7,15,0.54,36
7,2016-07-08,优,31,63,11,28,10,16,0.68,43
8,2016-07-09,优,34,80,14,33,19,18,0.82,37
9,2016-07-10,优,43,108,16,42,23,18,0.86,47
10,2016-07-11,优,40,102,18,39,27,23,0.74,49
11,2016-07-12,优,49,170,22,51,31,24,0.94,37
12,2016-07-13,良,51,211,22,50,24,21,0.97,54
13,2016-07-14,优,43,160,21,40,16,17,0.77,57
14,2016-07-15,优,34,57,12,25,12,17,0.65,63
15,2016-07-16,优,25,22,15,22,17,15,0.73,25
16,2016-07-17,优,29,35,15,28,19,15,0.78,23
17,2016-07-18,优,26,26,12,25,18,15,0.73,25
18,2016-07-19,优,22,8,10,21,14,15,0.69,24
19,2016-07-20,优,23,17,9,21,16,15,0.71,29
20,2016-07-21,优,21,8,8,20,12,13,0.66,28
21,2016-07-22,优,22,16,8,21,14,13,0.61,20
22,2016-07-23,优,21,13,8,19,17,13,0.58,23
23,2016-07-24,优,27,32,9,26,19,15,0.65,26
24,2016-07-25,优,46,101,18,46,32,22,0.77,43
25,2016-07-26,良,62,211,28,74,38,30,0.86,45
26,2016-07-27,良,61,199,31,73,26,30,0.84,49
27,2016-07-28,优,36,47,16,34,12,18,0.45,48
28,2016-07-29,优,29,27,10,28,11,20,0.53,36
29,2016-07-30,优,27,20,10,25,12,18,0.59,38
30,2016-07-31,优,46,118,18,48,23,23,0.78,33
0,2016-06-01,优,31,19,14,27,10,14,0.7,53
1,2016-06-02,优,26,10,9,24,14,15,0.71,43
2,2016-06-03,优,35,42,12,28,13,20,0.71,65
3,2016-06-04,良,55,170,23,45,19,24,0.84,81
4,2016-06-05,良,53,133,15,34,17,21,0.75,94
5,2016-06-06,良,58,131,25,55,18,27,0.93,80
6,2016-06-07,优,43,58,20,40,15,26,1.04,61
7,2016-06-08,良,58,162,18,44,20,26,0.85,88
8,2016-06-09,优,41,60,19,36,14,18,0.95,68
9,2016-06-10,优,29,23,12,27,14,16,0.83,44
10,2016-06-11,优,25,17,12,23,12,20,0.81,36
11,2016-06-12,优,27,34,7,14,7,17,0.68,52
12,2016-06-13,优,26,11,9,21,10,18,0.78,47
13,2016-06-14,优,34,38,13,32,17,19,0.87,47
14,2016-06-15,优,37,68,14,34,18,19,0.81,50
15,2016-06-16,优,37,56,10,21,7,18,0.62,68
16,2016-06-17,优,34,38,15,33,22,19,0.89,36
17,2016-06-18,优,24,24,8,23,17,14,0.73,31
18,2016-06-19,优,22,14,7,21,12,14,0.68,26
19,2016-06-20,优,27,40,10,26,15,18,0.8,23
20,2016-06-21,优,25,24,12,24,16,19,0.91,18
21,2016-06-22,优,21,7,8,20,9,16,0.81,21
22,2016-06-23,优,26,28,9,24,10,16,0.74,26
23,2016-06-24,优,37,107,13,37,13,21,0.9,25
24,2016-06-25,优,40,115,17,38,13,18,0.93,42
25,2016-06-26,优,32,49,11,27,12,16,0.77,55
26,2016-06-27,优,32,49,11,30,13,15,0.74,46
27,2016-06-28,优,36,73,13,35,16,21,0.91,27
28,2016-06-29,优,42,130,18,41,19,22,0.86,32
29,2016-06-30,优,41,127,17,40,17,20,0.78,41
0,2016-05-01,良,77,183,31,67,13,14,0.79,129
1,2016-05-02,良,72,225,31,63,18,18,0.88,124
2,2016-05-03,良,77,298,42,92,24,32,1.04,89
3,2016-05-04,良,52,65,21,39,12,19,0.84,95
4,2016-05-05,良,51,89,25,47,18,20,0.86,87
5,2016-05-06,良,55,94,30,57,22,24,0.92,78
6,2016-05-07,优,47,97,19,37,15,14,0.68,90
7,2016-05-08,良,53,146,24,49,21,18,0.8,84
8,2016-05-09,优,48,89,19,41,14,15,0.66,88
9,2016-05-10,良,61,174,26,60,18,21,0.77,97
10,2016-05-11,良,55,69,23,53,16,23,0.75,88
11,2016-05-12,良,60,72,29,63,20,27,0.98,84
12,2016-05-13,良,62,158,30,58,14,23,0.88,83
13,2016-05-14,优,44,49,23,41,14,18,0.83,74
14,2016-05-15,优,47,127,21,48,12,17,0.7,61
15,2016-05-16,良,64,173,29,76,17,18,0.69,78
16,2016-05-17,良,52,49,28,54,19,22,0.91,60
17,2016-05-18,优,43,21,21,42,19,20,0.77,60
18,2016-05-19,优,40,26,17,38,19,19,0.72,64
19,2016-05-20,良,51,110,18,42,12,23,0.7,96
20,2016-05-21,优,49,165,32,48,11,22,0.81,55
21,2016-05-22,优,25,11,15,22,10,20,0.84,28
22,2016-05-23,优,27,12,16,25,11,21,0.98,36
23,2016-05-24,优,31,16,11,22,10,24,1.04,55
24,2016-05-25,优,38,38,21,35,11,26,1.12,47
25,2016-05-26,优,31,35,17,28,9,23,0.9,39
26,2016-05-27,优,36,61,17,32,14,20,0.92,51
27,2016-05-28,良,53,168,22,54,19,23,0.87,66
28,2016-05-29,良,63,203,31,70,13,23,0.89,78
29,2016-05-30,优,49,84,27,50,11,16,0.86,64
30,2016-05-31,优,34,35,15,29,11,14,0.74,62
0,2016-04-01,良,56,52,29,56,21,18,1.47,93
1,2016-04-02,良,57,82,31,58,30,22,1.52,79
2,2016-04-03,优,46,68,23,37,22,17,1.56,79
3,2016-04-04,良,54,136,26,55,27,21,1.75,69
4,2016-04-05,良,57,138,35,62,22,14,1.58,88
5,2016-04-06,良,51,159,26,45,17,12,1.51,90
6,2016-04-07,良,55,158,27,56,27,21,1.63,73
7,2016-04-08,良,58,145,30,64,25,22,1.66,74
8,2016-04-09,良,68,198,31,77,23,25,1.76,79
9,2016-04-10,良,65,182,20,49,15,13,1.5,117
10,2016-04-11,良,62,145,33,61,20,19,1.6,104
11,2016-04-12,良,72,214,42,86,23,20,1.54,119
12,2016-04-13,良,74,173,44,86,23,26,1.36,99
13,2016-04-14,良,65,127,32,62,18,18,0.97,113
14,2016-04-15,良,59,117,27,58,20,18,0.92,103
15,2016-04-16,良,59,200,27,61,20,18,0.9,104
16,2016-04-17,优,50,126,25,40,16,22,1.03,79
17,2016-04-18,良,52,135,23,53,16,22,1.0,72
18,2016-04-19,良,55,103,29,51,22,21,1.05,85
19,2016-04-20,良,53,149,26,47,27,22,1.13,88
20,2016-04-21,良,65,180,38,71,14,28,1.24,67
21,2016-04-22,良,64,156,31,68,20,25,1.05,85
22,2016-04-23,良,51,128,23,47,22,23,0.89,81
23,2016-04-24,优,43,75,21,37,18,22,0.92,75
24,2016-04-25,优,50,93,19,42,18,21,0.89,87
25,2016-04-26,良,62,191,19,47,16,13,0.66,111
26,2016-04-27,良,66,201,38,72,16,27,0.94,87
27,2016-04-28,良,68,185,38,78,19,30,1.03,82
28,2016-04-29,良,71,150,41,84,14,32,1.05,74
29,2016-04-30,良,71,137,36,70,17,24,0.99,104
0,2016-03-01,优,47,40,23,44,21,22,1.26,69
1,2016-03-02,优,45,20,22,43,17,24,1.28,64
2,2016-03-03,优,50,25,24,47,15,22,1.29,71
3,2016-03-04,良,56,49,31,56,15,23,1.28,78
4,2016-03-05,良,67,73,41,77,18,33,1.41,72
5,2016-03-06,良,66,77,41,79,16,29,1.4,67
6,2016-03-07,良,58,80,33,58,15,20,1.28,93
7,2016-03-08,良,55,155,27,53,15,15,1.17,97
8,2016-03-09,良,55,254,29,56,17,22,1.27,86
9,2016-03-10,良,64,278,40,76,16,25,1.58,61
10,2016-03-11,良,68,202,42,82,14,27,1.66,59
11,2016-03-12,良,62,96,30,66,17,24,1.4,90
12,2016-03-13,良,58,119,32,59,15,17,1.37,99
13,2016-03-14,良,68,107,41,71,12,18,1.55,82
14,2016-03-15,良,61,60,30,62,13,12,1.3,111
15,2016-03-16,良,63,88,36,59,13,15,1.41,114
16,2016-03-17,良,62,99,36,62,16,17,1.43,107
17,2016-03-18,良,57,60,22,50,18,20,1.32,103
18,2016-03-19,良,67,99,38,74,20,28,1.61,95
19,2016-03-20,良,72,129,46,79,22,25,1.58,105
20,2016-03-21,良,68,137,44,75,20,23,1.47,97
21,2016-03-22,良,69,173,43,76,22,25,1.52,92
22,2016-03-23,良,67,246,33,80,22,28,1.39,86
23,2016-03-24,优,35,43,18,28,12,15,1.55,63
24,2016-03-25,良,51,90,27,45,13,20,1.7,85
25,2016-03-26,良,66,146,42,75,16,24,1.89,82
26,2016-03-27,优,43,19,24,40,9,21,1.64,46
27,2016-03-28,良,65,85,45,73,11,20,1.87,77
28,2016-03-29,良,89,230,65,95,16,25,1.9,91
29,2016-03-30,良,63,90,30,52,15,18,1.38,104
30,2016-03-31,良,60,67,33,64,23,23,1.61,85
0,2016-02-01,优,40,63,27,38,9,25,1.19,28
1,2016-02-02,优,48,57,33,53,9,29,1.45,23
2,2016-02-03,良,58,56,37,63,11,24,1.34,49
3,2016-02-04,良,58,92,39,58,12,26,1.25,35
4,2016-02-05,良,57,109,39,50,9,18,1.34,30
5,2016-02-06,良,58,114,41,51,11,14,1.23,69
6,2016-02-07,良,60,66,41,60,20,15,1.06,84
7,2016-02-08,良,68,34,47,60,21,10,1.11,82
8,2016-02-09,优,45,27,29,40,14,12,1.13,65
9,2016-02-10,优,47,35,23,35,12,11,0.99,90
10,2016-02-11,良,52,94,19,31,11,7,0.83,99
11,2016-02-12,良,51,86,19,34,11,6,0.83,100
12,2016-02-13,良,54,199,23,35,10,8,0.82,99
13,2016-02-14,优,42,191,20,35,15,17,1.0,71
14,2016-02-15,良,59,306,40,60,11,20,1.17,55
15,2016-02-16,良,70,322,47,66,12,19,1.15,69
16,2016-02-17,良,83,303,57,79,11,21,1.23,68
17,2016-02-18,良,70,165,48,71,11,19,1.28,55
18,2016-02-19,良,76,140,55,81,12,23,1.39,41
19,2016-02-20,优,40,22,26,35,9,19,1.33,51
20,2016-02-21,优,49,43,29,48,11,14,1.45,65
21,2016-02-22,良,69,145,49,79,17,25,1.61,61
22,2016-02-23,良,89,240,64,95,15,29,1.63,36
23,2016-02-24,优,42,66,28,39,10,18,1.24,55
24,2016-02-25,优,40,34,26,37,8,25,1.42,31
25,2016-02-26,优,38,32,22,38,17,24,1.4,54
26,2016-02-27,良,75,199,53,87,35,38,1.91,29
27,2016-02-28,良,69,153,44,85,30,32,1.62,50
28,2016-02-29,良,54,100,29,56,15,27,1.24,71
0,2016-01-01,优,41,14,24,40,17,32,1.21,26
1,2016-01-02,优,34,13,17,29,16,26,0.87,43
2,2016-01-03,优,44,30,20,43,18,25,0.93,42
3,2016-01-04,优,46,38,23,46,19,29,0.88,44
4,2016-01-05,良,54,121,30,58,23,35,0.94,41
5,2016-01-06,良,51,92,27,55,25,38,0.93,44
6,2016-01-07,优,44,68,21,45,16,32,0.79,48
7,2016-01-08,优,47,67,23,48,13,31,0.78,51
8,2016-01-09,优,40,31,17,39,14,29,0.79,54
9,2016-01-10,优,45,62,21,43,19,32,0.85,55
10,2016-01-11,良,58,156,33,66,21,41,1.0,54
11,2016-01-12,良,56,152,28,61,26,38,1.13,55
12,2016-01-13,优,48,77,27,48,13,25,0.85,56
13,2016-01-14,良,52,69,27,56,15,29,1.11,42
14,2016-01-15,优,47,64,24,47,23,26,1.04,46
15,2016-01-16,优,45,55,18,43,18,24,0.84,62
16,2016-01-17,良,62,138,37,71,25,35,1.16,56
17,2016-01-18,良,85,209,57,112,23,33,1.27,53
18,2016-01-19,良,62,104,39,70,16,25,0.89,61
19,2016-01-20,良,54,66,31,57,18,26,0.71,67
20,2016-01-21,良,55,150,31,60,14,27,0.83,58
21,2016-01-22,优,39,95,15,29,14,17,0.64,72
22,2016-01-23,优,45,107,28,44,11,29,1.1,23
23,2016-01-24,良,51,137,34,45,14,26,0.95,56
24,2016-01-25,良,73,258,53,66,12,25,1.07,51
25,2016-01-26,良,61,117,41,67,22,29,1.33,41
26,2016-01-27,优,30,11,14,27,12,19,0.87,56
27,2016-01-28,优,36,39,17,33,13,27,0.99,46
28,2016-01-29,优,48,111,25,50,17,30,1.04,48
29,2016-01-30,良,57,125,36,66,19,29,1.05,46
30,2016-01-31,良,55,139,35,59,18,34,1.08,40
0,2015-12-01,优,36,11,14,35,14,23,1.45,39
1,2015-12-02,优,49,77,25,52,12,30,1.59,34
2,2015-12-03,优,37,68,19,36,12,29,1.54,31
3,2015-12-04,优,22,6,12,20,10,29,1.48,35
4,2015-12-05,优,37,69,21,40,14,30,1.5,40
5,2015-12-06,良,56,144,36,57,19,32,1.63,35
6,2015-12-07,良,65,140,40,77,22,38,2.25,28
7,2015-12-08,优,46,63,27,47,18,33,2.14,30
8,2015-12-09,优,48,73,25,50,14,31,1.53,46
9,2015-12-10,良,66,138,42,81,18,33,1.7,40
10,2015-12-11,优,49,100,23,50,12,28,1.45,44
11,2015-12-12,优,46,65,19,47,19,28,1.36,51
12,2015-12-13,优,50,94,25,52,17,25,1.34,74
13,2015-12-14,良,62,144,40,71,14,36,1.67,48
14,2015-12-15,良,70,199,47,80,12,34,1.78,31
15,2015-12-16,优,41,84,22,40,7,17,1.29,46
16,2015-12-17,优,48,106,33,40,9,21,1.24,41
17,2015-12-18,良,52,78,33,53,11,28,1.93,17
18,2015-12-19,优,27,6,14,25,9,21,1.36,41
19,2015-12-20,优,34,7,16,31,10,25,1.3,46
20,2015-12-21,优,41,19,20,40,14,24,1.27,37
21,2015-12-22,优,46,24,25,47,13,27,1.27,34
22,2015-12-23,优,47,36,24,48,17,29,1.32,40
23,2015-12-24,良,52,75,29,55,25,35,1.43,41
24,2015-12-25,良,84,178,60,95,13,37,1.4,20
25,2015-12-26,良,69,132,47,72,13,31,1.57,33
26,2015-12-27,良,70,163,44,89,24,35,1.72,34
27,2015-12-28,良,63,112,41,80,17,35,1.8,22
28,2015-12-29,优,49,43,31,45,10,29,1.67,11
29,2015-12-30,优,30,15,20,27,10,21,1.37,8
30,2015-12-31,优,42,23,27,41,10,26,1.53,15
0,2015-11-01,优,20,9,13,17,7,27,1.01,31
1,2015-11-02,优,26,6,14,25,13,25,1.11,20
2,2015-11-03,优,28,9,14,25,15,19,0.93,31
3,2015-11-04,优,31,13,18,27,12,24,0.94,35
4,2015-11-05,优,36,30,15,34,18,24,1.05,32
5,2015-11-06,优,43,126,16,42,19,24,1.06,34
6,2015-11-07,优,46,154,18,47,23,26,1.07,38
7,2015-11-08,良,58,171,26,68,23,31,1.23,30
8,2015-11-09,良,69,166,35,89,25,33,1.16,35
9,2015-11-10,优,49,85,22,53,22,28,1.04,39
10,2015-11-11,优,38,59,20,37,18,32,1.15,21
11,2015-11-12,优,33,71,15,31,19,26,0.95,35
12,2015-11-13,良,53,149,28,58,31,29,1.16,29
13,2015-11-14,良,51,103,27,54,26,25,1.28,33
14,2015-11-15,优,32,14,13,30,17,22,0.93,38
15,2015-11-16,优,43,74,18,44,22,27,1.1,32
16,2015-11-17,优,43,97,19,42,22,28,1.04,36
17,2015-11-18,良,52,176,24,55,30,40,1.02,29
18,2015-11-19,良,63,214,30,74,33,33,1.47,20
19,2015-11-20,良,79,256,41,106,32,40,1.43,36
20,2015-11-21,良,82,296,43,116,23,31,1.35,35
21,2015-11-22,良,53,206,25,58,16,30,1.22,40
22,2015-11-23,良,53,229,24,59,16,29,1.28,39
23,2015-11-24,优,46,212,21,49,17,30,1.2,42
24,2015-11-25,良,64,260,32,80,14,36,1.27,27
25,2015-11-26,良,58,200,37,60,8,32,1.61,19
26,2015-11-27,优,46,73,24,45,10,23,1.4,34
27,2015-11-28,优,36,15,14,36,12,24,1.23,38
28,2015-11-29,优,49,43,22,53,16,29,1.4,33
29,2015-11-30,优,41,31,17,42,14,24,1.3,38
0,2015-10-01,优,44,105,18,38,15,18,0.71,53
1,2015-10-02,优,44,67,17,43,22,22,0.66,64
2,2015-10-03,优,42,62,19,40,12,22,0.74,60
3,2015-10-04,优,40,77,23,40,10,21,0.68,51
4,2015-10-05,优,42,89,21,40,17,19,0.64,54
5,2015-10-06,优,49,127,23,50,20,24,0.85,50
6,2015-10-07,优,45,131,24,45,16,25,0.89,41
7,2015-10-08,优,32,37,18,30,9,19,0.49,48
8,2015-10-09,优,35,49,8,12,5,21,0.43,70
9,2015-10-10,优,40,114,9,14,7,14,0.39,80
10,2015-10-11,优,45,130,21,39,22,24,0.43,67
11,2015-10-12,优,41,62,23,39,16,29,0.46,60
12,2015-10-13,优,47,50,31,47,13,35,0.63,37
13,2015-10-14,良,68,95,47,75,37,40,0.97,30
14,2015-10-15,良,79,135,54,101,25,35,1.19,42
15,2015-10-16,良,65,63,41,78,16,32,1.09,34
16,2015-10-17,良,56,54,29,65,16,27,1.08,30
17,2015-10-18,良,55,86,29,64,18,27,0.99,39
18,2015-10-19,良,54,70,31,59,38,32,0.86,39
19,2015-10-20,良,61,89,36,72,31,34,0.99,37
20,2015-10-21,良,66,118,40,82,18,31,1.17,42
21,2015-10-22,良,56,89,30,64,14,27,1.05,42
22,2015-10-23,良,54,57,27,60,15,28,1.07,44
23,2015-10-24,良,53,75,28,57,26,28,1.06,54
24,2015-10-25,良,54,110,25,59,19,30,1.11,49
25,2015-10-26,良,58,130,27,68,22,32,1.13,48
26,2015-10-27,良,60,199,29,73,14,31,0.96,37
27,2015-10-28,良,54,128,24,59,32,32,1.18,37
28,2015-10-29,优,48,117,20,51,22,30,1.01,45
29,2015-10-30,良,57,189,28,67,18,32,1.06,35
30,2015-10-31,优,46,143,22,48,16,26,1.03,38
0,2015-09-01,优,47,129,32,43,11,33,0.81,61
1,2015-09-02,良,59,223,40,61,14,35,0.81,63
2,2015-09-03,良,59,221,37,66,14,31,0.83,50
3,2015-09-04,优,47,169,27,51,15,25,0.98,37
4,2015-09-05,优,34,53,14,33,10,18,0.72,30
5,2015-09-06,优,25,15,12,23,11,23,0.71,23
6,2015-09-07,优,37,47,20,35,11,32,0.94,22
7,2015-09-08,优,33,28,17,32,9,24,0.88,22
8,2015-09-09,优,30,25,15,28,7,19,0.65,31
9,2015-09-10,优,35,73,21,33,9,18,0.69,38
10,2015-09-11,良,51,193,26,54,22,28,1.19,31
11,2015-09-12,优,35,71,13,29,8,16,0.67,59
12,2015-09-13,优,43,68,20,40,9,21,0.71,71
13,2015-09-14,良,57,130,36,60,11,29,1.0,45
14,2015-09-15,良,57,151,37,62,10,31,0.93,38
15,2015-09-16,优,42,46,22,42,8,26,0.86,47
16,2015-09-17,优,43,53,21,42,8,24,0.85,45
17,2015-09-18,优,32,35,15,30,8,22,0.88,32
18,2015-09-19,优,33,47,16,32,12,21,0.94,14
19,2015-09-20,优,30,26,9,29,13,16,0.78,30
20,2015-09-21,优,33,45,12,31,18,19,1.01,26
21,2015-09-22,优,40,83,17,40,14,22,0.82,33
22,2015-09-23,优,35,61,18,35,9,24,0.8,29
23,2015-09-24,优,34,59,14,33,12,19,0.66,35
24,2015-09-25,良,52,180,24,57,21,25,0.9,29
25,2015-09-26,优,47,128,22,49,14,25,0.95,29
26,2015-09-27,优,37,59,18,34,9,18,0.72,34
27,2015-09-28,优,35,52,16,35,15,20,0.77,37
28,2015-09-29,良,57,212,29,64,16,26,0.92,42
29,2015-09-30,良,58,229,33,63,12,24,0.77,49
0,2015-08-01,优,25,21,9,17,6,18,0.51,41
1,2015-08-02,优,24,22,11,22,8,13,0.47,35
2,2015-08-03,优,24,20,9,22,8,16,0.49,36
3,2015-08-04,优,31,43,14,30,9,16,0.66,33
4,2015-08-05,优,24,12,12,22,8,20,0.7,27
5,2015-08-06,优,35,42,20,34,10,19,0.7,40
6,2015-08-07,优,28,14,15,27,8,20,0.74,35
7,2015-08-08,优,35,80,18,33,9,24,0.81,33
8,2015-08-09,优,36,102,21,33,20,23,0.86,35
9,2015-08-10,优,49,204,34,47,10,27,0.96,59
10,2015-08-11,良,59,243,38,65,17,27,1.05,36
11,2015-08-12,优,42,83,20,42,18,21,0.82,40
12,2015-08-13,优,44,77,22,41,19,27,0.89,46
13,2015-08-14,优,50,139,26,51,18,25,0.92,53
14,2015-08-15,优,42,109,20,41,19,20,0.98,41
15,2015-08-16,优,40,81,19,39,17,18,0.93,34
16,2015-08-17,优,32,38,14,31,13,16,0.81,21
17,2015-08-18,优,35,50,14,34,15,16,0.76,20
18,2015-08-19,优,32,30,12,21,13,21,0.69,54
19,2015-08-20,优,45,124,15,32,20,19,0.59,86
20,2015-08-21,良,55,166,24,53,26,26,0.64,89
21,2015-08-22,良,72,258,31,72,29,35,0.73,95
22,2015-08-23,良,65,214,42,76,19,33,0.94,75
23,2015-08-24,优,47,115,29,47,10,28,0.95,33
24,2015-08-25,优,29,14,16,27,10,22,0.89,26
25,2015-08-26,优,27,9,12,22,8,24,0.86,42
26,2015-08-27,优,33,33,18,33,9,20,0.96,25
27,2015-08-28,优,29,27,13,24,14,19,0.86,46
28,2015-08-29,优,33,49,14,23,7,16,0.71,68
29,2015-08-30,优,50,118,28,51,38,26,0.88,72
30,2015-08-31,良,65,237,43,69,15,39,1.04,50
0,2015-07-01,优,37,71,16,37,21,18,0.78,43
1,2015-07-02,优,46,117,18,47,22,22,0.85,34
2,2015-07-03,优,38,63,17,38,15,18,0.72,50
3,2015-07-04,优,28,15,10,20,5,15,0.67,52
4,2015-07-05,优,33,47,8,15,5,15,0.6,64
5,2015-07-06,优,47,114,19,37,16,21,0.65,89
6,2015-07-07,良,69,255,38,59,15,24,0.7,102
7,2015-07-08,良,70,237,39,65,13,30,0.68,105
8,2015-07-09,良,69,218,44,73,12,22,0.62,109
9,2015-07-10,良,69,244,33,54,14,22,0.63,119
10,2015-07-11,良,89,309,47,88,27,37,0.73,120
11,2015-07-12,良,93,297,55,98,14,38,0.81,110
12,2015-07-13,良,81,221,48,77,11,20,0.71,122
13,2015-07-14,良,57,91,31,55,12,19,0.71,91
14,2015-07-15,优,37,41,14,28,12,22,0.67,62
15,2015-07-16,良,58,181,17,39,26,24,0.52,99
16,2015-07-17,优,49,125,24,44,18,29,0.59,90
17,2015-07-18,良,52,142,35,54,14,39,0.73,69
18,2015-07-19,良,54,152,37,55,10,29,0.73,58
19,2015-07-20,良,61,177,41,68,21,34,0.82,57
20,2015-07-21,良,65,218,39,74,15,34,0.86,61
21,2015-07-22,优,36,65,16,36,15,21,0.74,30
22,2015-07-23,优,39,113,17,33,18,23,0.59,67
23,2015-07-24,优,43,111,26,42,19,28,0.64,61
24,2015-07-25,优,45,114,26,46,17,33,0.67,78
25,2015-07-26,良,88,297,49,93,27,47,1.0,81
26,2015-07-27,良,80,284,48,102,24,47,1.01,71
27,2015-07-28,优,45,109,26,43,14,32,0.83,60
28,2015-07-29,优,32,46,16,30,13,21,0.61,47
29,2015-07-30,优,40,92,18,39,17,20,0.61,38
30,2015-07-31,优,36,69,17,33,12,21,0.55,43
0,2015-06-01,优,47,74,20,45,14,17,0.65,75
1,2015-06-02,优,50,127,23,50,17,21,0.65,74
2,2015-06-03,良,56,208,31,57,10,17,0.67,85
3,2015-06-04,优,49,146,24,47,10,18,0.71,77
4,2015-06-05,优,40,56,23,34,5,21,0.74,65
5,2015-06-06,优,47,88,23,44,10,19,0.76,62
6,2015-06-07,优,37,57,17,33,14,17,0.74,66
7,2015-06-08,优,45,138,24,45,15,22,0.85,58
8,2015-06-09,优,43,96,22,37,9,20,0.78,54
9,2015-06-10,优,49,108,23,49,20,21,0.82,60
10,2015-06-11,优,44,91,27,36,7,20,0.72,74
11,2015-06-12,优,48,90,28,49,13,25,0.9,45
12,2015-06-13,优,28,18,12,24,14,14,0.69,45
13,2015-06-14,优,29,26,12,27,16,17,0.78,47
14,2015-06-15,优,29,21,11,26,13,16,0.74,46
15,2015-06-16,优,24,14,9,23,10,13,0.61,38
16,2015-06-17,优,29,29,11,28,14,16,0.68,40
17,2015-06-18,优,38,54,16,37,15,20,0.76,45
18,2015-06-19,优,29,24,14,23,9,24,0.74,50
19,2015-06-20,优,32,26,16,29,13,18,0.92,37
20,2015-06-21,优,39,70,20,38,15,22,0.9,48
21,2015-06-22,优,38,61,21,34,7,21,0.83,48
22,2015-06-23,优,41,83,20,38,14,18,0.92,56
23,2015-06-24,优,45,155,23,45,13,21,0.77,43
24,2015-06-25,优,44,170,23,42,8,21,0.65,42
25,2015-06-26,优,23,10,12,20,6,19,0.67,33
26,2015-06-27,优,25,15,11,22,9,18,0.58,41
27,2015-06-28,优,24,10,10,22,9,11,0.56,44
28,2015-06-29,优,26,9,11,24,10,12,0.59,44
29,2015-06-30,优,30,24,14,28,11,13,0.63,48
0,2015-05-01,优,50,66,19,45,23,20,0.77,80
1,2015-05-02,良,65,214,35,76,22,33,0.92,66
2,2015-05-03,良,62,149,33,70,20,26,0.97,73
3,2015-05-04,良,70,211,38,87,25,33,1.01,73
4,2015-05-05,良,66,136,37,79,23,30,0.93,86
5,2015-05-06,良,72,154,39,80,25,34,0.84,95
6,2015-05-07,良,73,143,41,84,26,34,1.01,95
7,2015-05-08,良,77,258,37,73,20,26,0.72,117
8,2015-05-09,良,55,140,33,59,22,27,0.73,81
9,2015-05-10,良,57,132,32,58,26,24,0.89,85
10,2015-05-11,良,74,326,44,80,16,31,0.88,85
11,2015-05-12,良,63,187,38,60,12,21,0.79,80
12,2015-05-13,良,56,83,28,61,14,19,0.74,84
13,2015-05-14,良,56,108,28,59,16,21,0.72,88
14,2015-05-15,良,63,198,38,74,25,26,0.94,77
15,2015-05-16,良,54,111,30,53,14,20,0.73,101
16,2015-05-17,良,57,112,31,64,17,22,0.86,69
17,2015-05-18,优,47,76,21,46,22,20,0.68,63
18,2015-05-19,优,44,78,20,43,18,17,0.73,59
19,2015-05-20,优,43,77,21,43,16,21,0.81,59
20,2015-05-21,优,32,22,19,28,7,23,0.73,46
21,2015-05-22,优,28,14,14,27,9,18,0.8,33
22,2015-05-23,优,36,42,20,33,10,17,0.77,62
23,2015-05-24,优,49,65,27,43,9,18,0.76,77
24,2015-05-25,良,57,101,25,57,15,20,0.81,88
25,2015-05-26,良,62,138,30,71,17,22,0.85,85
26,2015-05-27,良,56,114,28,60,15,20,0.82,81
27,2015-05-28,良,54,114,24,57,16,20,0.79,77
28,2015-05-29,良,56,157,24,52,14,19,0.69,92
29,2015-05-30,良,61,204,32,63,12,20,0.86,88
30,2015-05-31,优,49,80,21,47,10,14,0.7,84
0,2015-04-01,良,51,92,31,48,15,18,0.88,83
1,2015-04-02,优,48,89,26,47,16,18,0.78,74
2,2015-04-03,优,43,59,17,41,14,16,0.78,76
3,2015-04-04,优,45,53,19,44,15,14,0.79,79
4,2015-04-05,良,56,137,29,60,17,18,0.82,78
5,2015-04-06,良,64,221,38,78,23,34,1.2,67
6,2015-04-07,良,68,275,45,79,27,32,1.18,63
7,2015-04-08,良,84,298,54,87,15,25,1.29,53
8,2015-04-09,良,72,234,47,87,17,27,1.2,72
9,2015-04-10,良,63,153,44,64,11,27,1.37,34
10,2015-04-11,良,56,97,33,60,12,26,1.2,54
11,2015-04-12,优,45,36,22,45,17,27,0.95,69
12,2015-04-13,良,75,271,46,98,41,52,1.29,60
13,2015-04-14,良,68,129,41,84,21,39,1.1,67
14,2015-04-15,良,73,107,44,84,22,42,1.11,85
15,2015-04-16,良,86,146,56,116,20,48,1.18,62
16,2015-04-17,良,61,51,33,70,19,23,0.82,84
17,2015-04-18,优,50,43,26,47,13,13,0.76,91
18,2015-04-19,优,46,72,18,39,13,19,0.73,84
19,2015-04-20,良,51,106,22,48,19,21,0.7,85
20,2015-04-21,良,68,197,41,76,19,29,0.86,74
21,2015-04-22,优,40,17,24,33,8,22,0.86,51
22,2015-04-23,优,42,23,20,43,10,25,0.85,53
23,2015-04-24,良,55,62,33,57,19,28,0.99,65
24,2015-04-25,优,50,25,34,48,9,28,0.91,37
25,2015-04-26,优,48,16,26,48,14,28,0.96,44
26,2015-04-27,优,38,6,18,36,19,26,0.89,50
27,2015-04-28,优,47,39,23,48,27,33,0.99,38
28,2015-04-29,良,63,118,33,76,20,35,0.96,52
29,2015-04-30,良,55,47,26,59,24,31,0.98,66
0,2015-03-01,良,66,202,43,71,19,34,0.97,71
1,2015-03-02,良,52,75,26,52,14,20,0.79,85
2,2015-03-03,优,44,49,20,40,11,15,0.68,78
3,2015-03-04,优,45,84,18,45,13,16,0.71,73
4,2015-03-05,优,40,73,15,36,13,14,0.69,75
5,2015-03-06,优,41,65,19,36,17,20,0.76,73
6,2015-03-07,优,50,81,26,53,23,26,0.91,64
7,2015-03-08,优,50,90,26,49,21,27,0.84,71
8,2015-03-09,良,58,123,34,66,26,37,1.15,65
9,2015-03-10,良,66,187,39,81,20,42,1.14,64
10,2015-03-11,良,78,220,54,97,37,48,1.36,73
11,2015-03-12,良,56,99,30,54,16,25,1.01,80
12,2015-03-13,良,62,121,33,73,33,33,1.25,66
13,2015-03-14,良,87,167,62,95,24,35,1.45,89
14,2015-03-15,良,65,75,40,70,19,21,1.15,94
15,2015-03-16,良,64,99,39,74,29,29,1.17,77
16,2015-03-17,良,53,66,26,55,15,18,0.92,86
17,2015-03-18,良,55,120,33,59,19,22,0.91,85
18,2015-03-19,良,63,128,40,76,30,37,1.08,69
19,2015-03-20,良,67,149,43,78,31,42,1.08,65
20,2015-03-21,良,95,249,67,115,24,49,1.21,72
21,2015-03-22,轻度污染,128,310,95,129,18,36,1.57,94
22,2015-03-23,轻度污染,109,326,82,122,18,39,1.46,74
23,2015-03-24,良,62,161,43,55,8,29,1.16,58
24,2015-03-25,优,39,21,23,31,8,31,1.06,64
25,2015-03-26,优,50,77,32,45,17,32,1.1,67
26,2015-03-27,良,51,77,30,52,21,38,1.16,50
27,2015-03-28,良,53,53,32,52,17,31,1.2,61
28,2015-03-29,良,52,41,32,50,22,27,1.15,76
29,2015-03-30,良,61,112,39,69,23,33,1.27,61
30,2015-03-31,良,57,111,33,61,18,23,0.96,73
0,2015-02-01,良,59,104,39,65,20,36,1.28,46
1,2015-02-02,优,50,34,30,51,22,40,1.21,37
2,2015-02-03,良,63,72,36,79,34,39,1.34,39
3,2015-02-04,良,60,92,35,71,19,35,1.23,45
4,2015-02-05,良,63,114,42,65,13,34,1.43,18
5,2015-02-06,优,44,17,22,44,12,26,1.16,40
6,2015-02-07,良,56,49,30,60,27,37,1.15,45
7,2015-02-08,优,50,55,32,50,11,26,1.27,41
8,2015-02-09,良,57,70,36,63,16,34,1.38,53
9,2015-02-10,良,53,39,30,54,23,33,1.19,61
10,2015-02-11,良,71,76,49,73,22,39,1.25,50
11,2015-02-12,良,72,102,50,80,15,38,1.26,45
12,2015-02-13,良,61,47,39,67,15,34,1.2,53
13,2015-02-14,优,33,7,15,25,11,20,0.85,63
14,2015-02-15,优,44,15,25,42,19,30,0.94,47
15,2015-02-16,优,48,21,31,48,15,30,0.8,49
16,2015-02-17,优,45,27,26,41,17,26,0.8,56
17,2015-02-18,良,51,46,32,49,18,22,0.87,61
18,2015-02-19,良,59,38,40,59,22,17,0.88,62
19,2015-02-20,优,47,101,28,41,21,17,0.82,58
20,2015-02-21,优,39,40,20,34,18,12,0.69,69
21,2015-02-22,优,40,41,22,38,17,16,0.81,59
22,2015-02-23,优,38,46,17,29,15,12,0.69,71
23,2015-02-24,优,40,49,23,37,21,19,0.93,60
24,2015-02-25,优,38,57,19,34,17,18,0.82,66
25,2015-02-26,优,48,116,28,48,17,20,0.87,71
26,2015-02-27,良,51,183,29,51,13,19,0.83,81
27,2015-02-28,良,56,208,36,59,18,25,0.92,83
0,2015-01-01,良,83,202,60,76,17,36,1.14,40
1,2015-01-02,良,56,88,37,53,25,37,1.52,34
2,2015-01-03,优,47,12,31,41,20,32,1.19,36
3,2015-01-04,优,47,12,25,47,22,31,0.99,49
4,2015-01-05,优,45,19,23,46,17,31,1.08,34
5,2015-01-06,优,39,31,17,38,16,29,0.85,48
6,2015-01-07,良,71,144,46,89,25,43,1.22,32
7,2015-01-08,良,71,114,50,70,14,37,1.26,25
8,2015-01-09,优,20,2,9,14,7,26,1.2,26
9,2015-01-10,优,36,11,25,31,9,32,1.31,27
10,2015-01-11,良,51,44,36,44,17,32,1.3,28
11,2015-01-12,良,68,135,48,67,25,36,1.39,34
12,2015-01-13,良,80,171,55,98,28,44,1.6,29
13,2015-01-14,良,67,130,43,84,22,42,1.64,33
14,2015-01-15,良,59,74,33,71,23,40,1.42,35
15,2015-01-16,良,74,101,45,97,31,56,1.58,22
16,2015-01-17,良,73,93,52,78,14,42,1.47,13
17,2015-01-18,优,30,6,16,28,8,28,1.26,26
18,2015-01-19,优,46,32,29,43,13,35,1.51,25
19,2015-01-20,优,40,14,21,38,17,33,1.22,32
20,2015-01-21,良,70,83,45,88,22,45,1.57,26
21,2015-01-22,良,68,56,39,89,27,40,1.53,31
22,2015-01-23,优,46,13,17,47,26,34,1.14,44
23,2015-01-24,优,38,6,16,37,20,30,1.24,47
24,2015-01-25,优,48,16,25,50,24,36,1.42,41
25,2015-01-26,良,55,28,28,61,28,40,1.54,36
26,2015-01-27,良,52,81,24,56,28,37,1.33,44
27,2015-01-28,良,57,195,34,60,23,37,1.37,46
28,2015-01-29,良,61,178,39,62,27,37,1.41,50
29,2015-01-30,良,79,220,51,89,23,39,1.39,44
30,2015-01-31,良,51,76,29,53,12,26,0.98,58
0,2014-12-01,良,62,59,36,65,15,35,0.92,48
1,2014-12-02,良,56,50,27,62,18,48,1.29,20
2,2014-12-03,良,60,60,27,74,14,41,1.16,36
3,2014-12-04,良,67,103,46,69,10,31,1.47,15
4,2014-12-05,良,70,91,40,87,15,31,1.8,22
5,2014-12-06,优,49,18,18,51,16,29,1.33,36
6,2014-12-07,良,62,31,39,69,14,33,1.35,18
7,2014-12-08,良,71,47,46,78,15,39,1.41,22
8,2014-12-09,良,52,18,22,55,17,34,1.35,34
9,2014-12-10,良,66,35,34,81,15,36,1.31,30
10,2014-12-11,优,50,21,21,52,13,28,1.15,37
11,2014-12-12,良,63,57,39,67,10,30,1.33,10
12,2014-12-13,良,68,39,43,81,14,32,1.43,22
13,2014-12-14,良,59,9,27,70,22,34,1.42,29
14,2014-12-15,良,54,6,24,61,25,35,1.29,32
15,2014-12-16,良,57,50,37,58,10,28,1.29,22
16,2014-12-17,良,54,22,38,55,12,34,1.26,23
17,2014-12-18,良,60,19,42,59,16,46,1.67,13
18,2014-12-19,良,60,21,39,65,23,37,1.25,26
19,2014-12-20,良,83,109,54,105,30,45,1.38,24
20,2014-12-21,良,67,57,44,77,19,33,1.03,39
21,2014-12-22,良,70,31,49,79,22,39,1.28,36
22,2014-12-23,良,73,18,49,90,30,46,1.38,32
23,2014-12-24,良,90,54,62,116,30,46,1.67,26
24,2014-12-25,良,77,53,53,95,30,48,1.63,19
25,2014-12-26,良,52,17,28,55,17,31,1.0,36
26,2014-12-27,良,57,27,35,64,17,33,1.1,32
27,2014-12-28,良,63,29,44,64,20,34,1.12,47
28,2014-12-29,良,82,45,57,95,32,48,1.37,32
29,2014-12-30,良,67,21,45,76,28,42,1.59,29
30,2014-12-31,良,94,333,68,107,29,47,1.35,17
0,2014-11-01,良,53,43,27,61,16,28,1.36,22
1,2014-11-02,良,66,105,38,84,12,29,1.2,17
2,2014-11-03,良,51,29,26,54,10,30,1.16,15
3,2014-11-04,良,55,13,24,62,16,27,1.38,20
4,2014-11-05,优,48,11,22,51,15,25,1.34,27
5,2014-11-06,良,54,31,28,66,14,34,1.24,16
6,2014-11-07,优,27,2,13,26,11,26,0.99,30
7,2014-11-08,优,49,54,28,46,11,24,1.03,23
8,2014-11-09,优,44,34,19,45,15,27,1.04,31
9,2014-11-10,优,50,35,23,54,17,30,1.06,38
10,2014-11-11,良,59,37,34,65,19,35,1.21,30
11,2014-11-12,良,60,73,38,70,11,28,1.14,25
12,2014-11-13,优,43,21,25,44,8,28,1.14,8
13,2014-11-14,良,51,13,25,55,15,28,1.08,23
14,2014-11-15,良,70,40,37,90,18,39,1.1,24
15,2014-11-16,良,59,25,34,67,14,32,1.01,22
16,2014-11-17,良,57,23,33,64,13,29,1.21,12
17,2014-11-18,优,42,6,25,45,10,27,1.21,9
18,2014-11-19,优,48,6,22,52,15,33,1.03,31
19,2014-11-20,良,61,17,27,74,21,33,1.12,26
20,2014-11-21,优,50,8,20,54,18,26,0.81,36
21,2014-11-22,优,44,7,18,45,16,25,0.71,36
22,2014-11-23,优,50,19,23,53,17,31,0.93,35
23,2014-11-24,良,54,49,25,60,20,35,0.97,32
24,2014-11-25,良,75,102,39,99,26,47,1.16,25
25,2014-11-26,良,72,71,36,96,20,34,1.09,32
26,2014-11-27,优,48,22,20,50,17,30,0.93,38
27,2014-11-28,良,55,41,23,63,19,36,1.08,40
28,2014-11-29,优,47,19,19,48,19,33,1.08,39
29,2014-11-30,良,66,102,36,81,24,45,1.02,39
0,2014-10-01,优,50,44,20,53,27,30,1.09,25
1,2014-10-02,优,50,26,24,53,15,27,0.89,39
2,2014-10-03,良,54,35,29,57,16,31,0.93,36
3,2014-10-04,良,51,36,22,53,21,27,1.06,35
4,2014-10-05,优,39,7,17,33,15,13,0.6,74
5,2014-10-06,优,48,16,24,49,15,26,0.71,73
6,2014-10-07,良,73,50,44,94,35,48,0.9,59
7,2014-10-08,良,86,87,60,116,31,52,1.17,67
8,2014-10-09,良,84,91,52,115,31,47,1.31,44
9,2014-10-10,良,72,68,41,91,19,32,1.15,52
10,2014-10-11,良,63,38,39,75,19,32,1.02,49
11,2014-10-12,良,58,72,40,57,9,29,0.97,49
12,2014-10-13,良,84,155,61,88,10,39,1.08,54
13,2014-10-14,良,78,80,56,92,15,43,1.31,24
14,2014-10-15,良,66,12,47,69,17,32,1.25,23
15,2014-10-16,良,57,26,37,60,18,29,1.15,22
16,2014-10-17,优,44,3,24,45,16,27,1.08,30
17,2014-10-18,优,49,10,27,50,15,24,1.0,41
18,2014-10-19,优,39,5,18,39,14,21,0.93,41
19,2014-10-20,优,37,6,18,38,15,31,1.09,31
20,2014-10-21,良,72,70,41,94,24,37,1.2,47
21,2014-10-22,良,68,51,43,82,16,43,1.06,50
22,2014-10-23,良,71,46,45,83,23,43,1.3,37
23,2014-10-24,良,52,9,25,59,19,34,1.15,36
24,2014-10-25,良,85,75,47,118,32,43,1.33,27
25,2014-10-26,良,81,60,47,112,30,43,1.33,36
26,2014-10-27,良,84,100,48,118,22,44,1.37,20
27,2014-10-28,优,35,6,15,34,17,28,1.01,26
28,2014-10-29,优,45,21,25,49,24,36,1.35,17
29,2014-10-30,良,55,63,31,63,20,30,1.46,15
30,2014-10-31,良,52,63,26,57,22,31,1.47,19
0,2014-09-01,良,63,128,31,77,19,36,0.76,43
1,2014-09-02,良,54,111,27,61,19,40,0.7,26
2,2014-09-03,优,39,48,19,40,11,26,0.56,35
3,2014-09-04,优,35,9,16,35,20,22,0.75,23
4,2014-09-05,优,49,31,20,52,33,33,1.0,24
5,2014-09-06,优,40,7,20,40,15,23,0.61,32
6,2014-09-07,优,41,11,17,41,22,28,0.81,30
7,2014-09-08,优,49,47,22,51,28,28,1.01,41
8,2014-09-09,优,42,35,17,41,20,25,0.86,44
9,2014-09-10,优,46,31,20,47,26,31,0.87,33
10,2014-09-11,优,45,40,19,46,29,30,0.82,28
11,2014-09-12,优,46,72,18,47,25,29,0.72,37
12,2014-09-13,良,54,97,23,59,28,33,0.84,41
13,2014-09-14,优,43,50,22,44,18,29,0.66,45
14,2014-09-15,良,54,127,32,59,14,32,0.63,49
15,2014-09-16,良,51,91,26,52,17,30,0.53,43
16,2014-09-17,优,24,6,10,19,16,15,0.59,40
17,2014-09-18,优,27,8,11,21,9,29,0.79,30
18,2014-09-19,优,42,34,22,43,18,39,0.97,19
19,2014-09-20,优,43,31,23,44,16,39,0.93,17
20,2014-09-21,优,49,49,28,50,13,35,0.81,48
21,2014-09-22,优,43,28,20,44,16,31,0.63,65
22,2014-09-23,良,57,91,35,63,20,36,0.94,37
23,2014-09-24,优,24,1,14,22,10,29,0.77,31
24,2014-09-25,优,42,8,23,42,14,35,0.99,25
25,2014-09-26,优,41,4,20,40,19,24,0.88,20
26,2014-09-27,优,35,9,15,35,16,22,0.74,28
27,2014-09-28,优,49,44,21,52,23,29,0.91,33
28,2014-09-29,良,63,113,26,77,22,34,1.06,34
29,2014-09-30,良,54,111,28,61,17,36,0.89,27
0,2014-08-01,优,41,67,17,41,20,32,0.85,23
1,2014-08-02,优,41,40,22,40,12,29,0.57,36
2,2014-08-03,优,46,29,21,47,25,30,0.71,38
3,2014-08-04,良,58,56,31,64,26,38,0.96,30
4,2014-08-05,优,43,37,22,43,14,31,0.6,51
5,2014-08-06,优,41,41,20,42,8,26,0.52,46
6,2014-08-07,良,58,91,30,65,19,29,0.87,46
7,2014-08-09,优,43,48,17,43,24,24,0.8,28
8,2014-08-10,优,38,19,16,38,25,21,0.79,25
9,2014-08-11,优,39,26,15,38,25,28,0.81,16
10,2014-08-12,优,23,2,12,19,6,28,0.67,38
11,2014-08-13,优,37,34,20,32,16,22,0.55,66
12,2014-08-14,优,43,52,22,41,16,30,0.63,71
13,2014-08-15,良,58,66,36,64,13,36,0.76,64
14,2014-08-16,优,50,37,25,52,24,33,1.04,26
15,2014-08-17,优,41,32,15,41,20,24,0.72,19
16,2014-08-18,优,40,35,17,39,26,28,0.93,14
17,2014-08-19,优,30,16,17,29,14,26,0.66,44
18,2014-08-20,良,57,62,34,54,13,29,0.65,81
19,2014-08-21,良,59,47,35,66,17,38,0.79,56
20,2014-08-23,优,40,23,15,39,19,26,0.76,18
21,2014-08-24,优,33,16,19,28,13,24,0.57,50
22,2014-08-25,良,52,51,30,58,15,36,0.76,46
23,2014-08-26,优,38,19,17,39,10,30,0.6,28
24,2014-08-27,优,37,25,17,36,10,23,0.47,30
25,2014-08-28,优,35,23,17,35,10,23,0.43,34
26,2014-08-29,优,28,9,13,27,10,26,0.47,18
27,2014-08-30,优,35,8,17,37,11,26,0.57,22
28,2014-08-31,良,55,92,26,62,17,31,0.68,31
0,2014-07-01,优,43,34,22,44,7,30,0.98,37
1,2014-07-02,良,51,45,28,54,13,36,1.24,20
2,2014-07-03,优,34,11,14,34,14,24,1.16,23
3,2014-07-04,优,36,16,17,36,28,29,0.94,58
4,2014-07-05,良,54,73,25,61,20,29,1.59,32
5,2014-07-06,优,41,19,19,41,5,22,0.97,31
6,2014-07-07,优,45,15,23,48,5,35,1.0,36
7,2014-07-08,优,47,22,24,46,6,28,0.81,56
8,2014-07-09,优,50,53,22,49,10,25,0.98,67
9,2014-07-10,优,41,28,17,40,10,22,0.96,50
10,2014-07-11,优,43,36,18,42,14,25,0.92,46
11,2014-07-12,优,34,22,16,32,10,24,0.89,37
12,2014-07-13,优,36,25,18,31,12,21,0.74,61
13,2014-07-14,优,29,13,13,28,7,25,0.86,25
14,2014-07-15,优,34,28,12,33,11,22,0.99,24
15,2014-07-16,优,29,21,11,28,12,24,0.92,19
16,2014-07-17,优,39,25,19,38,9,27,0.83,54
17,2014-07-18,优,39,41,20,38,7,23,0.64,45
18,2014-07-19,优,39,40,17,37,9,20,0.45,40
19,2014-07-20,优,19,3,8,17,11,15,0.43,29
20,2014-07-21,优,17,3,8,14,5,19,0.5,25
21,2014-07-22,优,24,6,12,22,6,27,0.59,20
22,2014-07-23,优,50,64,28,54,30,37,0.84,24
23,2014-07-24,良,64,113,33,77,45,41,0.93,51
24,2014-07-25,良,79,148,45,107,30,54,1.3,52
25,2014-07-26,良,59,43,36,67,17,43,0.73,58
26,2014-07-27,良,57,46,33,62,15,42,0.67,49
27,2014-07-28,优,49,30,25,50,14,30,0.57,66
28,2014-07-29,良,52,34,30,55,17,31,0.8,51
29,2014-07-30,优,45,34,24,44,9,27,0.67,47
30,2014-07-31,良,51,67,23,55,21,30,0.9,38
0,2014-06-01,优,47,44,21,47,12,24,1.01,66
1,2014-06-02,优,50,47,23,48,14,22,1.06,66
2,2014-06-03,良,51,41,24,52,12,21,1.1,73
3,2014-06-04,良,52,40,25,54,10,20,1.02,73
4,2014-06-05,良,51,37,28,52,9,26,1.05,74
5,2014-06-06,优,39,24,16,31,5,27,1.02,68
6,2014-06-07,优,37,21,21,33,6,23,1.0,61
7,2014-06-08,优,47,28,28,48,11,28,1.25,62
8,2014-06-09,优,37,10,16,31,11,28,1.25,57
9,2014-06-10,优,33,9,15,28,6,24,0.99,57
10,2014-06-11,优,38,8,22,37,8,28,1.0,52
11,2014-06-12,优,49,19,28,48,7,31,0.99,49
12,2014-06-13,优,45,11,24,45,6,29,0.94,53
13,2014-06-14,优,45,7,24,46,5,24,0.86,66
14,2014-06-15,优,48,16,23,48,12,28,1.06,55
15,2014-06-16,优,41,12,18,41,18,29,1.21,36
16,2014-06-17,优,46,32,28,45,17,31,1.02,71
17,2014-06-18,优,50,42,26,55,42,38,1.37,26
18,2014-06-19,优,30,9,11,29,16,23,0.93,31
19,2014-06-20,优,36,33,14,35,26,28,0.92,36
20,2014-06-21,优,40,38,20,40,28,30,0.92,38
21,2014-06-22,优,47,53,28,49,10,30,0.88,69
22,2014-06-23,良,59,66,36,62,7,31,0.94,50
23,2014-06-24,优,33,22,13,30,8,22,1.03,46
24,2014-06-25,优,39,29,16,38,13,23,0.92,33
25,2014-06-26,优,43,42,18,43,16,25,0.87,32
26,2014-06-27,优,49,62,21,50,27,31,1.15,38
27,2014-06-28,优,28,6,15,26,4,34,0.95,29
28,2014-06-29,优,32,13,17,30,5,28,0.88,24
29,2014-06-30,优,35,23,18,36,11,27,0.97,33
0,2014-05-01,良,79,39,52,86,12,38,1.27,86
1,2014-05-02,良,54,25,34,58,6,35,1.33,63
2,2014-05-03,优,47,13,27,44,7,29,1.38,70
3,2014-05-04,优,47,23,26,48,14,33,1.27,60
4,2014-05-05,优,50,46,32,55,11,37,1.19,52
5,2014-05-06,良,58,38,30,67,14,36,1.4,50
6,2014-05-07,优,50,25,19,52,17,34,1.24,58
7,2014-05-08,优,45,19,18,45,12,24,1.11,69
8,2014-05-09,优,46,32,20,46,14,24,1.01,66
9,2014-05-10,良,54,73,23,58,15,25,1.04,71
10,2014-05-11,良,66,148,33,78,17,34,1.1,79
11,2014-05-12,良,51,34,21,54,18,28,1.05,54
12,2014-05-13,良,52,29,22,54,14,23,0.96,76
13,2014-05-14,优,50,36,25,50,13,21,0.85,86
14,2014-05-15,良,75,92,45,87,21,38,1.01,70
15,2014-05-16,良,63,35,30,75,21,31,0.96,80
16,2014-05-17,良,64,38,33,72,24,32,0.93,87
17,2014-05-18,良,71,85,34,83,25,37,1.09,84
18,2014-05-19,良,76,85,41,92,27,43,1.1,84
19,2014-05-20,良,68,53,40,81,15,29,1.1,86
20,2014-05-21,良,60,35,31,69,19,25,0.86,86
21,2014-05-22,良,54,37,26,57,18,26,0.85,80
22,2014-05-23,良,56,59,27,62,21,31,1.01,69
23,2014-05-24,良,75,137,42,67,15,25,0.98,77
24,2014-05-25,优,47,32,18,48,12,21,0.94,63
25,2014-05-26,优,47,24,27,46,8,25,0.82,66
26,2014-05-27,良,54,23,34,56,12,22,0.95,66
27,2014-05-28,优,45,15,24,46,7,27,1.04,50
28,2014-05-29,良,51,19,21,52,13,31,1.21,51
29,2014-05-30,良,52,31,21,54,20,28,1.1,61
30,2014-05-31,优,45,25,19,44,9,21,0.97,66
0,2014-04-01,良,92,111,60,123,22,40,1.23,76
1,2014-04-02,良,58,32,30,66,23,30,0.95,71
2,2014-04-03,良,78,100,47,106,35,52,1.22,59
3,2014-04-04,良,88,112,59,97,19,31,1.17,78
4,2014-04-05,良,76,74,49,84,14,39,1.33,81
5,2014-04-06,良,57,26,35,63,13,34,1.24,75
6,2014-04-07,良,67,47,44,80,15,41,1.44,76
7,2014-04-08,良,70,34,47,81,19,39,1.48,80
8,2014-04-09,良,68,33,45,81,33,41,1.54,68
9,2014-04-10,良,58,24,33,64,24,33,1.19,77
10,2014-04-11,良,64,43,35,77,22,33,1.16,83
11,2014-04-12,良,66,59,40,73,22,39,1.16,83
12,2014-04-13,良,89,125,58,112,33,50,1.54,82
13,2014-04-14,良,83,77,52,104,19,38,1.4,112
14,2014-04-15,良,87,95,52,104,25,38,1.29,119
15,2014-04-16,良,78,106,50,99,17,35,1.19,112
16,2014-04-17,良,82,92,52,104,24,40,1.18,104
17,2014-04-18,良,89,122,60,112,22,45,1.27,96
18,2014-04-19,良,73,140,41,87,19,35,1.08,103
19,2014-04-20,良,83,129,55,107,26,45,1.5,88
20,2014-04-21,良,74,104,48,96,17,35,1.17,104
21,2014-04-22,良,92,131,60,115,23,45,1.41,91
22,2014-04-23,良,83,80,56,107,19,33,1.31,118
23,2014-04-24,良,92,121,64,115,23,36,1.36,123
24,2014-04-25,良,95,142,69,126,27,41,1.43,121
25,2014-04-26,轻度污染,111,169,79,140,28,46,1.73,112
26,2014-04-27,良,86,135,61,108,13,34,1.47,48
27,2014-04-28,良,81,126,55,99,10,35,1.4,79
28,2014-04-29,良,71,40,45,87,13,38,1.37,57
29,2014-04-30,优,48,8,31,53,9,39,1.23,65
0,2014-03-01,优,45,28,15,44,14,21,0.53,70
1,2014-03-02,良,51,31,18,54,28,24,0.63,61
2,2014-03-03,良,51,25,20,55,22,25,0.71,61
3,2014-03-04,良,55,37,26,62,29,38,0.74,55
4,2014-03-05,良,68,76,43,82,37,41,1.23,64
5,2014-03-06,良,66,103,45,75,29,38,1.02,67
6,2014-03-07,良,93,144,65,129,40,52,1.32,57
7,2014-03-08,良,68,82,46,77,23,37,0.86,71
8,2014-03-09,良,93,104,66,124,35,56,1.03,54
9,2014-03-10,轻度污染,102,103,70,120,38,52,1.21,61
10,2014-03-11,良,81,46,50,111,28,45,1.15,71
11,2014-03-12,良,63,48,38,70,24,32,0.83,80
12,2014-03-13,良,94,146,61,137,24,59,1.14,58
13,2014-03-14,良,88,91,63,114,19,44,1.32,38
14,2014-03-15,轻度污染,101,95,70,146,20,47,1.47,60
15,2014-03-16,良,73,14,45,93,17,40,0.99,67
16,2014-03-17,良,88,35,52,125,50,54,1.54,62
17,2014-03-18,良,77,39,46,103,27,35,1.08,94
18,2014-03-19,良,80,50,52,108,36,49,1.31,73
19,2014-03-20,轻度污染,105,175,70,154,47,61,1.56,58
20,2014-03-21,良,73,96,47,79,14,34,1.16,51
21,2014-03-22,良,60,18,36,65,10,33,1.08,56
22,2014-03-23,良,61,22,38,64,8,31,1.23,67
23,2014-03-25,良,57,15,29,63,31,34,1.16,72
24,2014-03-26,良,78,31,42,105,28,45,1.33,51
25,2014-03-27,良,64,30,34,77,35,37,1.13,62
26,2014-03-28,良,63,49,35,76,31,32,1.03,77
27,2014-03-29,良,77,82,53,100,25,44,1.23,63
28,2014-03-30,良,80,62,53,105,29,36,1.22,88
29,2014-03-31,良,84,94,58,108,31,38,1.22,92
0,2014-02-01,优,37,3,20,32,31,20,0.89,49
1,2014-02-02,优,35,4,18,31,33,23,1.01,52
2,2014-02-03,优,46,24,28,45,47,32,1.19,45
3,2014-02-04,优,38,21,23,35,16,19,1.04,49
4,2014-02-05,优,34,29,17,32,29,18,1.15,53
5,2014-02-06,优,38,66,16,37,22,20,1.02,53
6,2014-02-07,优,35,42,16,33,24,18,0.93,59
7,2014-02-08,优,44,41,22,43,28,23,0.99,54
8,2014-02-09,优,48,79,26,50,24,24,0.86,58
9,2014-02-10,良,61,116,38,66,15,29,1.04,53
10,2014-02-11,良,70,74,43,76,10,26,1.02,51
11,2014-02-12,良,55,15,28,59,16,26,0.89,65
12,2014-02-13,良,74,64,51,80,16,32,1.31,40
13,2014-02-14,良,74,43,48,81,13,31,1.3,46
14,2014-02-15,良,56,15,32,61,31,28,1.04,64
15,2014-02-16,良,57,41,34,59,16,27,0.98,65
16,2014-02-17,优,47,34,23,47,13,23,0.96,53
17,2014-02-18,优,35,22,20,27,8,23,1.19,41
18,2014-02-19,优,49,40,28,50,12,32,1.14,65
19,2014-02-20,良,64,44,44,73,17,41,1.42,41
20,2014-02-21,优,39,2,16,37,13,26,1.02,62
21,2014-02-22,优,50,5,24,52,30,43,1.26,47
22,2014-02-23,优,50,4,25,53,28,35,1.28,59
23,2014-02-24,良,51,14,25,52,18,28,1.01,65
24,2014-02-25,优,41,14,20,38,19,25,0.77,67
25,2014-02-26,良,71,51,36,91,29,43,1.06,52
26,2014-02-27,良,59,41,32,67,35,40,1.02,61
27,2014-02-28,良,53,62,21,55,24,28,0.72,67
0,2014-01-01,良,71,10,41,83,36,45,1.34,30
1,2014-01-02,良,57,3,28,56,33,35,1.11,42
2,2014-01-03,良,81,32,55,98,27,50,1.27,36
3,2014-01-04,轻度污染,104,64,75,120,24,55,1.28,30
4,2014-01-05,良,62,4,33,73,27,44,1.35,29
5,2014-01-06,良,54,7,25,58,26,37,1.1,34
6,2014-01-07,良,54,9,27,58,27,41,0.97,37
7,2014-01-08,良,70,81,38,90,22,46,1.13,34
8,2014-01-09,良,63,47,37,75,20,42,1.06,40
9,2014-01-10,良,52,6,26,54,27,36,0.97,39
10,2014-01-11,良,53,11,26,57,28,37,0.99,41
11,2014-01-12,良,68,45,46,69,18,39,1.39,13
12,2014-01-13,良,57,30,40,57,21,39,1.42,18
13,2014-01-14,良,89,61,63,99,29,50,1.94,23
14,2014-01-15,优,50,8,30,50,14,33,0.96,32
15,2014-01-16,优,49,4,29,51,24,35,1.09,34
16,2014-01-17,轻度污染,103,40,75,110,18,50,1.28,17
17,2014-01-18,轻度污染,111,55,84,128,25,53,1.42,26
18,2014-01-19,轻度污染,104,29,76,132,32,52,1.88,29
19,2014-01-20,良,64,20,45,67,19,38,1.03,44
20,2014-01-21,良,68,35,48,74,26,45,1.14,34
21,2014-01-22,良,96,82,67,128,38,55,1.88,36
22,2014-01-24,优,46,5,21,46,26,34,0.84,43
23,2014-01-25,良,77,45,53,83,26,45,1.2,59
24,2014-01-26,良,71,64,50,76,21,39,1.76,35
25,2014-01-27,良,63,48,43,66,19,34,1.37,32
26,2014-01-28,优,43,8,24,41,24,28,1.22,39
27,2014-01-29,优,46,10,29,46,29,33,1.32,45
28,2014-01-30,良,53,8,34,53,36,28,1.25,46
29,2014-01-31,良,64,4,41,64,38,22,1.18,46
0,2013-12-01,良,65,17,54,83,32,47,1.29,15
1,2013-12-02,良,87,31,61,101,49,49,1.74,21
2,2013-12-03,良,88,20,70,161,42,53,2.15,16
3,2013-12-04,轻度污染,111,34,69,132,25,45,1.48,30
4,2013-12-05,良,80,16,56,112,33,52,1.6,24
5,2013-12-06,良,78,21,52,86,21,38,1.1,37
6,2013-12-07,良,72,10,44,92,34,44,1.57,23
7,2013-12-08,良,65,2,28,60,44,36,1.34,27
8,2013-12-09,良,77,16,64,113,31,41,1.4,37
9,2013-12-10,良,72,15,34,66,36,37,1.3,29
10,2013-12-11,良,65,14,40,91,23,42,1.14,18
11,2013-12-12,良,62,13,24,60,32,35,1.04,29
12,2013-12-13,良,59,14,30,76,19,39,1.23,26
13,2013-12-14,良,73,18,43,87,13,39,1.21,17
14,2013-12-15,优,38,2,13,20,4,26,0.78,31
15,2013-12-16,优,31,12,24,46,25,26,0.73,48
16,2013-12-17,良,59,40,60,96,40,52,1.21,29
17,2013-12-18,轻度污染,111,77,85,138,38,60,1.78,36
18,2013-12-19,良,94,49,60,104,30,53,1.02,50
19,2013-12-20,轻度污染,104,45,74,135,31,59,1.65,31
20,2013-12-21,良,95,37,87,142,14,61,1.58,12
21,2013-12-22,良,99,19,47,84,15,47,1.25,34
22,2013-12-23,良,68,3,46,104,18,56,1.5,25
23,2013-12-24,良,80,10,70,113,15,49,1.38,20
24,2013-12-25,良,87,10,55,95,15,41,1.35,27
25,2013-12-26,良,70,7,49,78,11,43,1.66,12
26,2013-12-27,良,57,13,46,75,19,38,1.59,7
27,2013-12-28,良,82,27,58,99,16,40,1.23,24
28,2013-12-29,良,75,18,45,83,16,37,1.01,38
29,2013-12-30,良,62,4,39,76,26,39,1.27,37
30,2013-12-31,良,68,5,54,86,28,47,1.54,25
0,2013-11-01,良,58,14,27,69,32,42,1.16,35
1,2013-11-02,良,68,19,31,89,28,41,1.11,38
2,2013-11-03,良,63,17,31,78,30,39,1.25,36
3,2013-11-04,良,68,22,39,88,24,40,1.2,32
4,2013-11-05,良,71,28,39,92,31,39,1.28,28
5,2013-11-06,良,92,34,49,115,29,43,1.23,33
6,2013-11-07,良,84,35,40,99,28,39,0.82,36
7,2013-11-08,良,59,13,26,60,37,40,1.17,41
8,2013-11-09,良,61,18,40,86,47,53,1.58,34
9,2013-11-10,良,86,65,63,135,35,54,1.45,33
10,2013-11-11,良,91,98,56,122,34,52,1.1,29
11,2013-11-12,良,80,69,48,98,23,41,1.3,30
12,2013-11-13,良,71,51,30,87,28,37,1.3,27
13,2013-11-14,良,75,45,35,102,26,40,1.09,23
14,2013-11-15,良,65,30,37,67,16,31,1.09,17
15,2013-11-16,良,54,6,32,60,24,31,1.15,18
16,2013-11-17,良,60,13,31,62,15,29,1.02,20
17,2013-11-18,优,49,14,29,50,20,29,1.16,21
18,2013-11-19,优,48,13,28,43,9,31,1.07,17
19,2013-11-20,优,43,5,20,45,23,32,1.07,29
20,2013-11-21,优,50,4,19,46,23,30,0.93,35
21,2013-11-22,良,53,5,22,62,26,37,1.08,37
22,2013-11-23,优,50,2,19,46,37,34,0.99,39
23,2013-11-24,良,53,5,33,75,26,44,1.09,36
24,2013-11-25,良,79,50,41,96,27,44,1.2,29
25,2013-11-26,良,64,26,28,79,28,36,1.23,23
26,2013-11-27,良,68,29,46,98,22,40,1.26,20
27,2013-11-28,良,65,52,47,70,19,40,1.29,11
28,2013-11-29,良,75,61,59,101,22,46,1.35,7
29,2013-11-30,良,83,51,52,92,15,39,1.22,10
0,2013-10-28,优,25,1,14,23,10,27,1.12,32
1,2013-10-29,优,28,2,14,26,12,29,1.47,38
2,2013-10-30,优,39,4,18,38,26,28,1.14,31
3,2013-10-31,良,58,15,26,71,27,33,1.18,28
