0,2019-12-01,优,38,92,16,41,6,33,0.78,54
1,2019-12-02,优,42,128,17,45,6,33,0.82,46
2,2019-12-03,优,32,41,13,32,6,24,0.72,52
3,2019-12-04,优,32,37,10,27,5,15,0.58,73
4,2019-12-05,优,32,44,14,33,6,27,0.77,52
5,2019-12-06,优,45,92,24,51,7,40,1.05,34
6,2019-12-07,优,42,38,23,47,6,38,1.03,34
7,2019-12-08,优,38,21,18,40,6,32,0.9,38
8,2019-12-09,优,40,28,19,42,6,38,0.96,35
9,2019-12-10,优,44,35,23,49,6,41,0.98,35
0,2019-11-01,优,26,25,5,12,6,13,0.45,83
1,2019-11-02,优,27,21,9,24,6,22,0.55,67
2,2019-11-03,优,36,57,12,35,6,30,0.64,53
3,2019-11-04,优,44,67,18,48,6,37,0.8,39
4,2019-11-05,优,33,44,12,34,6,27,0.68,55
5,2019-11-06,优,32,52,11,29,5,22,0.65,70
6,2019-11-07,优,34,65,14,35,5,30,0.78,53
7,2019-11-08,优,44,81,18,47,6,36,0.88,40
8,2019-11-09,优,43,49,18,44,7,35,0.85,44
9,2019-11-10,优,42,43,15,42,6,36,0.83,41
10,2019-11-11,优,48,77,21,51,6,38,0.87,42
11,2019-11-12,优,46,88,20,48,7,34,0.78,47
12,2019-11-13,优,41,84,16,43,5,34,0.76,51
13,2019-11-14,优,44,102,18,49,5,36,0.83,49
14,2019-11-15,良,52,98,21,59,6,38,0.93,44
15,2019-11-16,优,47,80,19,52,6,40,0.9,35
16,2019-11-17,优,40,53,13,41,5,28,0.72,43
17,2019-11-18,优,33,53,11,34,5,24,0.69,50
18,2019-11-19,优,43,102,19,47,5,30,0.8,45
19,2019-11-20,优,44,60,18,47,5,34,0.84,42
20,2019-11-21,优,47,83,18,52,6,34,0.77,37
21,2019-11-22,优,48,84,21,55,6,34,0.84,32
22,2019-11-23,良,51,122,23,58,6,38,0.84,31
23,2019-11-24,优,48,160,20,54,6,33,0.84,35
24,2019-11-25,优,47,241,17,51,6,29,0.68,39
25,2019-11-26,优,40,128,15,44,5,29,0.69,51
26,2019-11-27,优,46,185,17,49,5,32,0.8,40
27,2019-11-28,优,35,123,15,36,5,24,0.77,48
28,2019-11-29,优,34,55,11,30,5,21,0.73,58
29,2019-11-30,优,33,46,8,25,6,14,0.6,73
0,2019-10-01,优,24,27,6,19,7,16,0.45,61
1,2019-10-02,优,29,60,7,19,7,15,0.43,75
2,2019-10-03,优,26,30,7,23,7,18,0.53,53
3,2019-10-04,优,29,95,8,25,7,20,0.53,58
4,2019-10-05,优,33,189,10,30,8,22,0.5,55
5,2019-10-06,优,37,199,11,37,8,19,0.46,62
6,2019-10-07,优,31,94,7,24,9,20,0.43,83
7,2019-10-08,优,28,76,9,26,8,19,0.46,64
8,2019-10-09,优,29,64,8,21,7,15,0.45,78
9,2019-10-10,优,31,61,7,23,8,19,0.41,79
10,2019-10-11,优,33,76,10,30,8,23,0.42,65
11,2019-10-12,优,32,69,9,26,7,20,0.42,74
12,2019-10-13,优,38,100,13,36,7,25,0.45,68
13,2019-10-14,优,33,106,9,28,7,19,0.42,79
14,2019-10-15,优,34,121,10,32,6,18,0.42,78
15,2019-10-16,优,34,97,9,31,6,14,0.42,81
16,2019-10-17,优,29,51,7,25,6,15,0.44,70
17,2019-10-18,优,32,56,9,30,6,19,0.48,69
18,2019-10-19,优,29,25,8,25,6,16,0.46,76
19,2019-10-20,优,36,43,10,35,6,20,0.5,66
20,2019-10-21,优,25,19,6,19,6,16,0.49,75
21,2019-10-22,优,28,43,9,24,7,19,0.56,62
22,2019-10-23,优,32,48,11,31,7,22,0.51,59
23,2019-10-24,优,28,49,6,20,6,15,0.44,77
24,2019-10-25,优,33,118,10,32,7,24,0.53,56
25,2019-10-26,优,27,82,7,16,6,19,0.51,71
26,2019-10-27,优,36,91,12,32,7,30,0.62,50
27,2019-10-28,优,31,71,10,28,6,21,0.54,66
28,2019-10-29,优,36,86,11,34,6,27,0.6,58
29,2019-10-30,优,39,49,15,41,6,30,0.61,45
30,2019-10-31,优,30,31,8,28,5,17,0.49,69
31,2019-10-31,优,30,31,8,28,5,17,0.49,69
0,2019-09-01,优,22,23,5,17,6,13,0.37,64
1,2019-09-02,优,21,43,4,15,6,15,0.37,61
2,2019-09-03,优,24,44,4,12,6,15,0.38,75
3,2019-09-04,优,24,37,6,16,6,17,0.47,65
4,2019-09-05,优,35,129,10,31,8,29,0.6,56
5,2019-09-06,优,39,148,11,39,8,27,0.47,54
6,2019-09-07,优,26,34,6,16,7,18,0.4,74
7,2019-09-08,优,24,38,8,21,8,19,0.46,50
8,2019-09-09,优,29,81,8,24,8,18,0.42,70
9,2019-09-10,优,31,132,7,20,8,17,0.41,84
10,2019-09-11,优,34,172,10,32,9,21,0.42,59
11,2019-09-12,优,25,61,6,19,7,18,0.44,70
12,2019-09-13,优,21,34,6,18,8,14,0.41,46
13,2019-09-14,优,24,72,6,17,8,15,0.4,62
14,2019-09-15,优,18,20,5,16,8,13,0.4,49
15,2019-09-16,优,21,28,4,14,7,12,0.44,64
16,2019-09-17,优,21,27,6,19,8,19,0.47,43
17,2019-09-18,优,28,77,8,26,8,21,0.46,45
18,2019-09-19,优,25,43,5,20,8,16,0.45,53
19,2019-09-20,优,29,42,5,13,7,14,0.43,90
20,2019-09-21,优,28,47,5,16,7,15,0.43,88
21,2019-09-22,优,28,24,5,13,7,14,0.43,89
22,2019-09-23,优,28,20,6,15,7,18,0.45,86
23,2019-09-24,优,31,34,9,24,8,23,0.49,70
24,2019-09-25,优,33,28,9,24,7,21,0.45,86
25,2019-09-26,优,35,28,10,32,7,26,0.48,69
26,2019-09-27,优,36,34,10,34,7,27,0.5,66
27,2019-09-28,优,26,11,8,23,8,26,0.53,57
28,2019-09-29,优,21,7,5,12,7,15,0.5,61
29,2019-09-30,优,24,11,7,18,7,16,0.47,65
0,2019-08-06,优,35,116,5,12,8,16,0.44,67
1,2019-08-07,优,32,66,7,17,7,12,0.4,61
2,2019-08-08,优,34,80,4,13,7,14,0.38,68
3,2019-08-09,优,38,151,5,13,7,12,0.39,77
4,2019-08-10,优,37,155,7,21,8,16,0.41,73
5,2019-08-11,优,35,142,4,10,8,15,0.42,67
6,2019-08-21,优,29,68,7,24,7,17,0.38,67
7,2019-08-22,优,27,40,6,18,7,13,0.36,81
8,2019-08-23,优,32,97,10,31,7,22,0.43,61
9,2019-08-24,优,29,68,5,20,7,12,0.38,80
10,2019-08-25,优,28,57,6,16,7,15,0.38,85
11,2019-08-26,优,36,151,8,28,8,24,0.38,75
12,2019-08-27,优,34,168,8,27,8,24,0.37,69
13,2019-08-28,优,36,170,11,34,7,24,0.35,70
0,2019-07-01,良,51,184,6,25,5,7,0.38,97
1,2019-07-02,优,46,127,9,28,6,7,0.39,81
2,2019-07-03,优,42,104,12,15,6,12,0.41,83
3,2019-07-04,优,39,113,10,21,8,19,0.42,78
4,2019-07-05,优,48,164,8,17,6,14,0.43,93
5,2019-07-06,优,40,123,9,21,7,11,0.42,76
6,2019-07-07,优,43,147,7,18,6,11,0.43,87
7,2019-07-12,优,22,38,7,13,6,14,0.44,69
8,2019-07-13,优,26,67,7,16,6,16,0.45,83
9,2019-07-14,优,22,38,5,12,6,16,0.43,68
10,2019-07-15,优,27,60,7,15,5,17,0.43,86
11,2019-07-16,优,31,92,10,23,6,17,0.43,80
12,2019-07-17,优,32,113,8,22,6,14,0.4,98
13,2019-07-18,优,35,164,7,18,7,15,0.39,113
14,2019-07-19,优,37,182,5,13,7,14,0.4,115
15,2019-07-20,优,31,100,8,27,8,21,0.41,76
16,2019-07-21,优,29,74,5,16,8,17,0.43,91
17,2019-07-22,优,33,125,5,17,8,14,0.38,103
18,2019-07-23,优,31,126,6,14,9,17,0.43,96
19,2019-07-24,优,41,217,13,32,8,23,0.44,91
20,2019-07-25,优,36,163,10,31,8,21,0.41,102
21,2019-07-26,优,32,101,7,22,8,15,0.38,83
0,2019-06-01,良,53,144,15,32,5,24,0.43,95
1,2019-06-02,良,56,135,15,34,5,20,0.41,104
2,2019-06-03,良,66,214,11,26,5,10,0.37,120
3,2019-06-04,良,80,257,12,23,5,12,0.41,135
4,2019-06-05,良,58,222,15,30,6,17,0.44,105
5,2019-06-06,良,51,206,19,50,6,23,0.45,77
6,2019-06-07,优,49,146,13,26,5,9,0.39,96
7,2019-06-08,优,44,137,12,27,5,14,0.41,85
8,2019-06-09,优,50,179,11,23,4,9,0.38,97
9,2019-06-10,良,53,194,11,22,5,8,0.37,106
10,2019-06-11,良,73,310,13,19,4,4,0.35,126
11,2019-06-14,优,36,148,12,20,6,13,0.42,108
12,2019-06-15,优,31,97,12,28,5,10,0.41,88
13,2019-06-17,优,34,112,11,25,6,9,0.49,104
14,2019-06-18,优,34,167,11,22,5,8,0.42,105
15,2019-06-19,优,34,152,10,19,6,8,0.4,109
16,2019-06-20,优,31,166,8,23,6,8,0.43,98
17,2019-06-25,优,46,161,12,29,6,8,0.32,87
18,2019-06-26,优,45,166,13,33,6,9,0.34,84
19,2019-06-27,优,48,166,9,32,6,8,0.36,91
20,2019-06-28,优,44,159,7,19,6,9,0.39,87
21,2019-06-29,良,55,264,9,24,6,11,0.39,105
22,2019-06-30,良,55,250,8,24,6,8,0.39,106
0,2019-05-01,良,66,221,12,36,5,11,0.43,119
1,2019-05-02,良,58,125,15,39,5,17,0.46,105
2,2019-05-03,良,58,118,13,38,4,9,0.39,103
3,2019-05-04,优,39,24,9,22,5,12,0.43,77
4,2019-05-05,优,49,130,9,28,4,6,0.37,97
5,2019-05-06,良,75,333,17,44,4,10,0.38,127
6,2019-05-07,良,59,236,17,46,4,15,0.38,103
7,2019-05-08,良,67,271,20,49,4,10,0.35,118
8,2019-05-09,良,65,209,13,30,5,9,0.32,118
9,2019-05-10,良,63,173,11,30,4,11,0.29,112
10,2019-05-11,良,66,144,17,71,4,9,0.27,101
11,2019-05-12,良,60,81,19,43,4,9,0.32,112
12,2019-05-13,良,70,195,12,35,4,9,0.31,123
13,2019-05-14,良,78,229,16,29,4,13,0.33,132
14,2019-05-15,良,56,163,16,38,5,21,0.37,100
15,2019-05-16,良,66,232,11,29,4,15,0.34,117
16,2019-05-17,良,58,204,13,26,5,17,0.35,108
17,2019-05-18,良,56,212,13,37,5,18,0.33,104
18,2019-05-19,良,64,226,11,26,5,13,0.32,117
19,2019-05-20,良,69,266,13,37,5,13,0.32,122
20,2019-05-21,良,65,186,11,26,6,17,0.33,118
21,2019-05-22,良,63,144,12,29,6,15,0.33,114
22,2019-05-23,良,58,90,9,21,6,16,0.34,109
23,2019-05-24,良,61,120,12,25,6,15,0.34,113
24,2019-05-25,良,58,164,11,27,6,15,0.35,105
25,2019-05-26,良,52,186,15,38,6,12,0.38,96
26,2019-05-27,良,80,339,10,23,6,10,0.32,133
27,2019-05-28,良,55,232,10,26,6,12,0.36,107
28,2019-05-29,良,52,173,14,32,6,13,0.39,102
29,2019-05-30,良,69,304,11,21,5,12,0.4,120
30,2019-05-31,良,58,216,12,31,6,16,0.42,107
0,2019-04-01,优,35,25,12,25,4,16,0.46,75
1,2019-04-02,良,51,121,9,24,4,12,0.46,101
2,2019-04-03,优,44,98,16,40,3,27,0.64,69
3,2019-04-04,良,57,160,15,62,3,26,0.58,70
4,2019-04-05,良,64,181,12,38,3,15,0.52,120
5,2019-04-06,良,53,97,13,37,4,17,0.55,96
6,2019-04-07,优,45,62,9,34,3,11,0.55,81
7,2019-04-08,良,58,141,10,28,3,13,0.51,105
8,2019-04-09,良,52,210,12,36,3,16,0.39,96
9,2019-04-10,良,52,200,9,30,3,13,0.38,92
10,2019-04-11,优,39,93,9,33,4,19,0.41,65
11,2019-04-12,优,42,81,10,36,4,20,0.45,67
12,2019-04-13,优,43,67,12,34,4,16,0.42,72
13,2019-04-14,良,51,131,9,33,4,9,0.34,96
14,2019-04-15,优,49,93,9,25,5,13,0.42,95
15,2019-04-16,优,50,99,9,34,5,14,0.4,92
16,2019-04-17,优,49,76,12,40,5,16,0.4,89
17,2019-04-18,良,57,120,7,23,5,11,0.37,111
18,2019-04-19,良,60,164,9,29,4,11,0.35,110
19,2019-04-20,良,62,199,9,24,5,9,0.36,116
20,2019-04-21,良,54,146,10,30,5,14,0.43,102
21,2019-04-22,良,52,144,9,23,5,12,0.42,101
22,2019-04-23,良,51,136,11,29,5,14,0.37,96
23,2019-04-24,良,54,129,14,39,5,16,0.34,98
24,2019-04-25,良,52,161,11,38,5,15,0.34,95
25,2019-04-26,良,52,178,9,25,5,12,0.34,100
26,2019-04-27,优,50,137,11,31,5,10,0.35,97
27,2019-04-28,良,61,255,11,35,5,15,0.39,113
28,2019-04-29,良,57,226,11,42,5,15,0.47,107
29,2019-04-30,良,52,170,13,45,6,18,0.46,92
0,2019-03-01,良,59,138,6,21,3,9,0.53,107
1,2019-03-02,优,45,106,9,20,3,15,0.62,82
2,2019-03-03,优,36,52,11,28,4,14,0.59,65
3,2019-03-04,良,55,113,13,43,4,9,0.53,99
4,2019-03-05,优,48,112,9,24,3,10,0.49,94
5,2019-03-06,优,50,141,12,36,4,10,0.45,92
6,2019-03-07,优,46,103,9,26,4,9,0.47,89
7,2019-03-08,良,52,116,15,48,4,11,0.48,85
8,2019-03-09,优,48,103,9,22,4,14,0.51,91
9,2019-03-10,优,43,73,11,29,3,13,0.51,85
10,2019-03-11,优,38,16,9,24,3,16,0.56,72
11,2019-03-12,优,49,62,14,50,4,18,0.57,68
12,2019-03-13,良,63,168,20,76,4,22,0.59,62
13,2019-03-14,优,44,52,14,39,3,29,0.62,55
14,2019-03-15,优,50,109,12,37,3,11,0.45,93
15,2019-03-16,优,48,55,12,32,2,10,0.45,95
16,2019-03-17,优,49,75,12,28,2,13,0.47,94
17,2019-03-18,优,43,35,14,32,3,15,0.48,85
18,2019-03-19,良,55,94,20,48,5,13,0.46,99
19,2019-03-20,优,48,51,12,36,5,12,0.46,93
20,2019-03-21,优,44,62,13,28,4,13,0.44,86
21,2019-03-22,优,43,131,13,32,4,17,0.48,78
22,2019-03-23,优,48,181,14,39,3,14,0.44,85
23,2019-03-24,优,40,61,11,28,3,16,0.47,73
24,2019-03-25,优,43,64,13,41,4,17,0.5,64
25,2019-03-26,优,45,54,11,33,3,9,0.44,86
26,2019-03-27,优,50,76,17,37,3,8,0.44,91
27,2019-03-28,优,48,87,19,48,4,20,0.52,65
28,2019-03-29,优,50,89,21,50,4,27,0.63,54
29,2019-03-30,优,42,35,12,36,4,13,0.45,70
30,2019-03-31,优,40,38,12,26,3,12,0.44,74
0,2019-02-01,优,46,84,15,48,4,22,0.75,62
1,2019-02-02,优,47,53,7,23,3,11,0.53,84
2,2019-02-03,优,36,19,13,31,5,21,0.76,52
3,2019-02-04,优,36,15,13,31,3,18,0.73,50
4,2019-02-05,优,36,5,17,28,5,13,0.63,59
5,2019-02-06,优,50,91,21,43,3,13,0.58,66
6,2019-02-07,优,46,123,12,41,3,12,0.57,75
7,2019-02-08,良,51,216,11,44,3,10,0.55,90
8,2019-02-09,优,48,165,7,32,3,8,0.55,87
9,2019-02-10,优,43,140,6,18,4,9,0.55,83
10,2019-02-11,优,35,69,6,16,5,9,0.51,70
11,2019-02-12,优,39,78,7,23,4,9,0.49,75
12,2019-02-13,优,32,52,8,17,4,15,0.62,61
13,2019-02-14,优,26,29,7,17,4,18,0.64,49
14,2019-02-15,优,38,101,6,21,3,8,0.49,74
15,2019-02-16,优,41,111,6,18,4,8,0.49,78
16,2019-02-17,优,39,98,8,25,4,12,0.56,73
17,2019-02-18,优,35,103,5,15,4,13,0.61,69
18,2019-02-19,优,50,132,11,44,5,14,0.61,80
19,2019-02-20,优,46,88,11,40,4,16,0.61,67
20,2019-02-21,优,38,73,10,32,4,15,0.61,54
21,2019-02-22,优,28,28,8,24,3,18,0.67,49
22,2019-02-23,优,41,84,9,36,3,13,0.57,64
23,2019-02-24,优,46,94,8,40,2,8,0.48,72
24,2019-02-25,良,74,191,16,95,2,5,0.47,81
25,2019-02-26,优,46,80,8,29,3,9,0.53,87
26,2019-02-27,良,51,118,16,51,3,10,0.55,81
27,2019-02-28,优,48,88,7,34,2,5,0.49,90
0,2019-01-01,良,51,117,30,53,5,38,1.07,41
1,2019-01-02,优,40,71,20,38,5,29,0.81,50
2,2019-01-03,优,37,44,12,28,5,22,0.63,64
3,2019-01-04,优,38,69,11,25,5,19,0.55,74
4,2019-01-05,优,42,85,14,32,5,23,0.65,74
5,2019-01-06,优,42,84,18,39,6,26,0.73,58
6,2019-01-07,优,38,53,10,31,5,19,0.65,63
7,2019-01-08,优,40,82,8,17,4,15,0.56,76
8,2019-01-09,优,34,61,14,27,4,20,0.65,61
9,2019-01-10,优,37,85,10,26,5,19,0.61,66
10,2019-01-11,优,36,73,12,28,6,19,0.69,63
11,2019-01-12,优,42,71,20,41,8,34,1.11,48
12,2019-01-13,优,41,50,16,41,6,22,0.91,56
13,2019-01-14,优,41,44,17,35,6,20,0.83,63
14,2019-01-15,优,50,103,5,21,4,10,0.45,96
15,2019-01-16,优,38,48,13,25,5,21,0.65,64
16,2019-01-17,优,36,24,15,35,6,27,0.75,47
17,2019-01-18,优,39,25,8,26,5,13,0.5,75
18,2019-01-19,优,34,21,8,25,6,16,0.55,67
19,2019-01-20,优,32,13,11,24,5,20,0.62,57
20,2019-01-21,优,36,22,18,33,5,24,0.7,53
21,2019-01-22,优,41,26,19,37,5,33,0.84,50
22,2019-01-23,优,39,25,13,31,4,17,0.55,72
23,2019-01-24,优,41,32,9,22,6,14,0.51,76
24,2019-01-25,优,30,5,10,25,7,20,0.6,53
25,2019-01-26,良,54,104,15,58,4,17,0.6,72
26,2019-01-27,良,54,66,13,57,4,11,0.5,72
27,2019-01-28,优,45,41,9,42,4,12,0.52,66
28,2019-01-29,优,41,30,6,25,4,8,0.48,79
29,2019-01-30,优,43,42,9,28,4,14,0.55,75
30,2019-01-31,优,32,10,12,25,4,23,0.7,52
0,2018-12-01,优,42,36,15,42,4,26,0.67,44
1,2018-12-02,优,45,48,19,47,5,24,0.61,46
2,2018-12-03,优,37,22,11,34,3,14,0.49,59
3,2018-12-04,优,45,122,19,47,4,28,0.73,52
4,2018-12-05,良,55,159,27,62,6,37,0.84,40
5,2018-12-06,良,54,235,21,62,4,29,0.7,47
6,2018-12-07,优,43,193,12,36,3,13,0.45,72
7,2018-12-08,优,39,162,13,31,4,26,0.59,55
8,2018-12-09,优,41,128,19,40,5,29,0.7,49
9,2018-12-10,优,45,157,19,46,5,31,0.79,41
10,2018-12-11,优,37,91,8,26,4,14,0.51,65
11,2018-12-12,优,42,76,12,32,4,19,0.57,63
12,2018-12-13,优,46,72,18,44,5,35,0.76,42
13,2018-12-14,优,41,58,15,35,4,28,0.63,59
14,2018-12-15,优,47,74,20,48,6,33,0.7,51
15,2018-12-16,优,43,54,20,45,4,30,0.67,53
16,2018-12-17,良,56,94,27,63,5,42,0.87,40
17,2018-12-18,优,45,47,28,48,6,42,0.86,34
18,2018-12-19,优,38,26,15,22,6,19,0.6,73
19,2018-12-20,优,37,21,18,31,5,24,0.62,66
20,2018-12-21,优,42,43,26,41,5,29,0.71,64
21,2018-12-28,优,42,134,10,35,8,14,0.59,70
22,2018-12-29,优,40,110,9,26,9,17,0.62,71
23,2018-12-30,优,38,55,15,35,5,25,0.76,51
24,2018-12-31,优,42,73,22,44,5,30,0.9,47
0,2018-11-01,优,48,71,19,51,5,37,0.6,37
1,2018-11-02,优,43,53,15,42,4,29,0.56,46
2,2018-11-03,优,44,69,16,43,3,27,0.51,50
3,2018-11-04,优,41,90,9,33,3,15,0.36,70
4,2018-11-05,优,40,101,7,32,3,16,0.41,67
5,2018-11-06,良,53,273,13,61,3,15,0.38,72
6,2018-11-07,良,51,241,14,52,3,20,0.42,69
7,2018-11-08,优,45,177,17,48,5,31,0.58,41
8,2018-11-09,良,52,171,20,56,5,35,0.64,41
9,2018-11-10,良,51,117,19,54,4,30,0.56,43
10,2018-11-11,优,41,60,15,42,4,25,0.53,50
11,2018-11-12,优,44,93,16,43,4,27,0.56,52
12,2018-11-13,良,52,156,18,58,4,28,0.57,51
13,2018-11-14,优,46,92,19,48,3,23,0.51,57
14,2018-11-15,优,42,101,12,34,3,19,0.48,69
15,2018-11-16,良,54,284,20,61,4,34,0.64,49
16,2018-11-17,良,52,247,13,52,4,18,0.48,68
17,2018-11-18,优,43,158,13,36,4,24,0.53,68
18,2018-11-19,优,47,147,16,50,4,25,0.57,57
19,2018-11-20,优,42,88,12,41,3,17,0.52,61
20,2018-11-21,优,41,99,14,33,4,26,0.53,55
21,2018-11-22,优,47,124,21,52,5,34,0.65,40
22,2018-11-23,优,49,76,21,52,4,30,0.61,40
23,2018-11-24,优,39,30,9,29,3,21,0.48,62
24,2018-11-25,优,41,28,18,42,4,27,0.65,40
25,2018-11-26,良,51,54,22,56,5,31,0.75,35
26,2018-11-27,良,51,53,23,54,5,31,0.78,49
27,2018-11-28,良,54,63,28,62,5,37,0.84,43
28,2018-11-29,良,58,76,30,66,5,38,0.8,39
29,2018-11-30,优,43,33,18,44,3,30,0.63,49
0,2018-10-01,优,38,104,7,25,7,15,0.34,71
1,2018-10-02,优,42,87,6,26,5,14,0.34,82
2,2018-10-03,优,46,81,9,31,6,15,0.32,87
3,2018-10-04,优,39,42,8,32,5,16,0.33,71
4,2018-10-05,优,45,44,6,25,5,12,0.32,87
5,2018-10-06,优,47,85,7,25,5,9,0.3,92
6,2018-10-07,优,45,96,6,23,5,10,0.3,89
7,2018-10-08,优,44,86,8,29,4,16,0.31,86
8,2018-10-09,优,46,123,10,20,5,16,0.31,87
9,2018-10-10,优,41,114,12,30,5,18,0.34,74
10,2018-10-11,优,38,92,12,34,5,24,0.38,62
11,2018-10-12,优,39,45,12,34,4,22,0.38,59
12,2018-10-13,优,34,29,11,27,5,22,0.35,60
13,2018-10-14,优,42,101,10,32,4,22,0.34,69
14,2018-10-15,优,43,143,14,38,5,29,0.41,60
15,2018-10-16,优,47,151,16,49,5,33,0.43,56
16,2018-10-17,优,44,138,15,45,5,28,0.4,52
17,2018-10-18,优,42,116,10,39,4,23,0.39,62
18,2018-10-19,优,41,85,11,34,4,26,0.42,67
19,2018-10-20,优,43,110,9,28,3,19,0.38,79
20,2018-10-21,优,42,99,14,39,4,34,0.5,50
21,2018-10-22,优,42,94,9,29,3,12,0.37,79
22,2018-10-23,优,41,101,8,22,3,12,0.34,81
23,2018-10-24,优,42,75,9,20,3,9,0.31,81
24,2018-10-25,优,40,57,10,27,3,17,0.33,77
25,2018-10-26,优,42,72,11,33,4,30,0.4,61
26,2018-10-27,优,43,85,12,35,3,27,0.41,66
27,2018-10-28,优,39,77,10,28,3,25,0.39,61
28,2018-10-29,优,41,99,7,21,5,13,0.33,78
29,2018-10-30,优,40,73,7,25,3,16,0.41,68
30,2018-10-31,优,42,62,16,39,4,27,0.48,57
0,2018-09-02,优,34,110,7,26,7,12,0.29,62
1,2018-09-03,优,34,78,7,24,6,13,0.29,62
2,2018-09-04,优,35,92,9,29,7,18,0.34,47
3,2018-09-05,优,37,88,9,27,7,18,0.34,59
4,2018-09-06,优,43,133,12,42,7,22,0.38,56
5,2018-09-07,优,41,161,11,37,8,21,0.39,60
6,2018-09-08,优,42,153,11,38,9,25,0.39,56
7,2018-09-09,优,47,150,13,46,8,25,0.38,54
8,2018-09-10,优,32,26,8,24,10,20,0.37,56
9,2018-09-11,优,37,58,5,15,6,14,0.31,72
10,2018-09-12,优,45,132,6,15,6,12,0.3,89
11,2018-09-13,优,43,143,5,15,6,16,0.33,80
12,2018-09-14,优,32,48,6,17,6,15,0.33,67
13,2018-09-15,优,37,107,4,15,6,14,0.31,73
14,2018-09-16,优,32,102,7,22,6,16,0.32,64
15,2018-09-17,优,39,181,7,22,6,18,0.3,66
16,2018-09-18,优,43,209,12,36,7,25,0.33,60
17,2018-09-19,优,44,193,13,37,8,25,0.32,62
18,2018-09-20,优,39,109,12,33,7,23,0.35,54
19,2018-09-21,优,32,44,9,22,7,16,0.3,60
20,2018-09-22,优,33,55,5,19,6,12,0.3,57
21,2018-09-23,优,31,73,11,28,6,20,0.35,43
22,2018-09-24,优,33,88,13,30,6,19,0.36,43
23,2018-09-25,优,37,97,11,31,6,19,0.39,50
24,2018-09-26,优,37,101,12,34,5,20,0.43,42
25,2018-09-27,优,43,138,6,27,6,11,0.3,77
26,2018-09-28,优,39,89,6,22,7,18,0.36,71
27,2018-09-29,优,39,86,7,23,7,18,0.36,75
28,2018-09-30,优,36,68,8,25,6,18,0.36,70
0,2018-08-01,优,34,60,12,25,5,23,0.47,46
1,2018-08-02,优,26,22,9,23,5,20,0.41,40
2,2018-08-03,优,38,114,11,36,7,21,0.43,47
3,2018-08-04,优,40,101,12,40,6,21,0.43,60
4,2018-08-05,优,38,80,9,30,6,15,0.37,66
5,2018-08-06,优,34,48,9,28,5,14,0.38,58
6,2018-08-07,优,43,119,12,38,5,17,0.37,70
7,2018-08-08,良,52,187,18,56,6,20,0.38,60
8,2018-08-09,优,44,82,14,43,6,21,0.4,65
9,2018-08-10,优,43,80,12,37,6,18,0.38,77
10,2018-08-11,优,38,57,10,28,6,14,0.35,65
11,2018-08-12,优,39,77,9,27,6,16,0.34,79
12,2018-08-13,优,46,169,10,32,7,14,0.3,90
13,2018-08-14,优,43,179,11,32,9,17,0.37,76
14,2018-08-15,优,41,158,11,39,7,15,0.36,61
15,2018-08-16,优,45,209,13,46,6,17,0.38,55
16,2018-08-17,优,42,145,12,34,5,15,0.35,76
17,2018-08-18,优,41,140,12,35,6,16,0.37,65
18,2018-08-19,优,49,225,16,53,7,22,0.42,56
19,2018-08-20,优,50,204,15,53,6,23,0.42,60
20,2018-08-21,优,50,152,16,54,8,24,0.46,63
21,2018-08-22,优,39,64,9,23,6,14,0.41,76
22,2018-08-23,优,38,33,9,28,7,16,0.38,66
23,2018-08-25,优,33,38,10,27,6,16,0.38,61
24,2018-08-27,优,37,55,8,26,6,15,0.37,75
25,2018-08-29,优,33,75,11,30,8,17,0.38,51
26,2018-08-31,优,39,154,13,38,7,15,0.35,53
0,2018-07-01,优,44,150,12,46,9,15,0.34,61
1,2018-07-02,优,44,145,11,31,7,13,0.35,82
2,2018-07-03,优,36,103,9,29,7,12,0.33,66
3,2018-07-04,优,48,175,12,39,7,14,0.33,90
4,2018-07-05,良,53,235,13,47,7,16,0.33,88
5,2018-07-06,优,46,221,15,43,6,16,0.34,75
6,2018-07-07,良,57,286,12,34,6,11,0.27,107
7,2018-07-08,优,50,259,10,25,7,12,0.3,95
8,2018-07-09,优,39,196,9,25,6,14,0.35,71
9,2018-07-10,优,47,220,6,17,6,13,0.34,93
10,2018-07-11,优,42,145,10,22,7,17,0.4,81
11,2018-07-12,优,46,206,7,17,6,13,0.36,86
12,2018-07-13,优,35,98,8,25,8,15,0.39,66
13,2018-07-14,优,34,101,7,17,8,16,0.39,65
14,2018-07-15,优,38,123,6,18,7,20,0.4,75
15,2018-07-16,优,42,154,9,19,5,16,0.38,81
16,2018-07-17,优,40,140,9,25,7,22,0.43,69
17,2018-07-18,优,37,97,12,31,6,22,0.41,56
18,2018-07-19,优,31,63,7,16,5,16,0.36,62
19,2018-07-20,优,43,124,10,22,4,16,0.35,85
20,2018-07-21,优,34,33,8,22,6,18,0.36,63
21,2018-07-22,优,31,40,9,21,5,21,0.37,50
22,2018-07-23,优,35,62,9,26,5,15,0.3,72
23,2018-07-24,优,45,147,13,41,6,21,0.33,73
24,2018-07-25,良,52,195,17,49,5,20,0.31,86
25,2018-07-26,良,56,210,19,57,5,24,0.33,82
26,2018-07-27,优,45,158,14,37,5,15,0.25,81
27,2018-07-28,优,46,133,14,42,5,17,0.27,65
28,2018-07-29,优,41,87,9,22,6,15,0.28,76
29,2018-07-30,优,38,83,12,33,6,20,0.3,60
30,2018-07-31,优,34,65,9,24,5,14,0.31,63
0,2018-06-01,良,85,235,15,41,9,22,0.48,144
1,2018-06-02,良,81,233,10,30,8,21,0.5,130
2,2018-06-03,良,67,146,11,37,8,22,0.48,115
3,2018-06-04,良,63,159,16,43,8,16,0.42,116
4,2018-06-05,良,80,249,22,67,8,23,0.43,122
5,2018-06-06,良,78,218,25,84,10,28,0.45,110
6,2018-06-07,良,61,156,18,54,7,21,0.43,105
7,2018-06-08,良,67,243,21,53,7,24,0.4,107
8,2018-06-09,良,69,309,17,49,9,14,0.35,121
9,2018-06-10,良,64,233,22,71,8,19,0.39,96
10,2018-06-11,良,73,221,21,63,7,13,0.37,117
11,2018-06-12,良,73,214,12,29,7,14,0.39,122
12,2018-06-13,良,56,157,14,36,7,15,0.42,108
13,2018-06-14,良,57,149,12,44,8,16,0.42,100
14,2018-06-15,良,79,243,9,29,8,15,0.43,133
15,2018-06-16,良,61,185,12,35,8,20,0.47,112
16,2018-06-17,良,68,218,11,33,8,17,0.42,118
17,2018-06-18,良,66,206,9,33,8,12,0.4,115
18,2018-06-19,良,57,235,9,31,8,16,0.43,105
19,2018-06-20,良,66,261,16,56,8,16,0.37,114
20,2018-06-21,良,53,180,13,47,8,13,0.37,91
21,2018-06-22,良,58,207,11,48,7,12,0.37,105
22,2018-06-23,良,56,190,10,40,8,15,0.39,104
23,2018-06-24,良,54,183,11,43,8,13,0.38,102
24,2018-06-25,良,52,187,10,41,9,11,0.38,101
25,2018-06-26,良,66,299,9,33,8,12,0.37,119
26,2018-06-27,良,63,279,13,40,7,13,0.42,107
27,2018-06-28,优,46,180,12,40,6,14,0.4,75
28,2018-06-29,优,41,88,14,38,8,16,0.39,72
29,2018-06-30,优,38,94,9,27,8,13,0.36,73
0,2018-05-01,良,66,190,15,39,8,17,0.46,118
1,2018-05-02,良,58,156,19,50,8,19,0.49,106
2,2018-05-03,良,58,114,18,53,7,19,0.47,105
3,2018-05-04,良,66,152,13,45,8,15,0.44,117
4,2018-05-05,良,63,193,17,51,9,23,0.49,110
5,2018-05-06,良,66,252,14,47,8,19,0.46,118
6,2018-05-07,良,65,224,20,50,9,22,0.48,115
7,2018-05-08,良,61,166,17,49,8,20,0.48,103
8,2018-05-09,良,67,179,18,62,8,13,0.47,120
9,2018-05-10,良,85,271,16,58,8,12,0.43,139
10,2018-05-11,良,90,332,17,53,8,10,0.38,146
11,2018-05-12,良,76,239,20,72,8,21,0.43,126
12,2018-05-13,良,70,164,24,76,8,32,0.5,95
13,2018-05-14,良,72,169,25,84,8,31,0.51,85
14,2018-05-15,良,70,214,25,68,8,15,0.42,124
15,2018-05-16,良,84,295,30,82,9,18,0.4,136
16,2018-05-17,良,82,319,33,95,8,19,0.4,125
17,2018-05-18,良,78,287,23,84,8,17,0.41,118
18,2018-05-19,良,53,142,15,48,8,12,0.41,97
19,2018-05-20,良,55,215,15,50,8,14,0.47,98
20,2018-05-21,良,63,281,21,73,9,16,0.48,99
21,2018-05-22,良,79,311,30,106,9,18,0.51,106
22,2018-05-23,良,72,184,26,83,9,17,0.46,106
23,2018-05-24,良,66,139,26,77,9,16,0.47,97
24,2018-05-25,良,57,136,18,52,8,16,0.45,100
25,2018-05-26,良,58,179,19,57,8,12,0.43,103
26,2018-05-27,良,58,119,18,59,9,13,0.45,103
27,2018-05-28,良,63,116,18,52,9,16,0.49,113
28,2018-05-29,良,84,224,20,36,9,16,0.48,142
29,2018-05-30,良,93,289,12,27,9,16,0.48,150
30,2018-05-31,轻度污染,106,324,13,30,8,19,0.51,166
0,2018-04-01,良,77,140,17,40,6,13,0.53,126
1,2018-04-02,良,64,63,24,55,6,17,0.57,108
2,2018-04-03,良,62,89,23,63,6,22,0.56,98
3,2018-04-04,良,67,188,25,70,6,25,0.62,91
4,2018-04-05,良,59,166,18,58,6,12,0.53,104
5,2018-04-05,良,59,166,18,58,6,12,0.53,104
6,2018-04-06,良,73,161,37,95,6,14,0.51,87
7,2018-04-07,良,68,161,28,83,6,20,0.57,78
8,2018-04-08,良,56,51,14,35,6,14,0.56,106
9,2018-04-09,良,54,37,15,44,7,24,0.65,96
10,2018-04-10,良,63,55,16,63,7,19,0.62,109
11,2018-04-11,良,65,127,20,74,7,25,0.65,97
12,2018-04-12,良,69,186,12,54,7,16,0.57,115
13,2018-04-13,良,57,206,15,55,6,19,0.59,99
14,2018-04-14,良,69,232,11,58,6,12,0.55,119
15,2018-04-15,良,63,153,11,34,6,15,0.6,114
16,2018-04-16,良,63,98,16,51,6,19,0.64,110
17,2018-04-17,良,66,78,13,54,7,16,0.62,115
18,2018-04-18,良,60,41,14,46,7,20,0.64,107
19,2018-04-19,良,65,72,20,64,8,35,0.68,91
20,2018-04-20,良,71,159,21,78,7,27,0.65,94
21,2018-04-21,良,66,223,13,52,7,16,0.58,115
22,2018-04-22,良,66,288,18,66,7,20,0.61,105
23,2018-04-23,良,75,333,17,66,7,13,0.57,130
24,2018-04-24,良,75,311,15,52,7,14,0.53,127
25,2018-04-25,良,66,168,19,50,7,17,0.46,113
26,2018-04-26,良,70,159,28,83,8,26,0.52,93
27,2018-04-27,良,69,158,20,76,7,24,0.48,108
28,2018-04-28,良,71,129,20,80,7,23,0.46,101
29,2018-04-29,良,66,112,18,52,8,19,0.47,118
30,2018-04-30,良,91,257,10,35,7,14,0.45,147
0,2018-03-01,优,37,12,11,29,7,14,0.59,70
1,2018-03-02,优,40,14,12,33,6,11,0.56,69
2,2018-03-03,优,40,21,9,27,6,11,0.56,79
3,2018-03-04,良,51,105,15,54,6,14,0.58,79
4,2018-03-05,良,58,250,12,54,5,9,0.55,98
5,2018-03-06,优,48,160,11,39,5,10,0.57,90
6,2018-03-07,优,46,162,14,29,5,13,0.59,84
7,2018-03-08,优,44,102,10,27,5,15,0.6,82
8,2018-03-09,优,49,67,17,43,6,19,0.69,78
9,2018-03-10,良,56,43,9,23,6,8,0.52,105
10,2018-03-11,良,51,28,8,25,6,10,0.54,99
11,2018-03-12,优,45,19,14,40,7,16,0.62,80
12,2018-03-13,优,43,22,13,40,7,16,0.62,75
13,2018-03-14,优,49,56,17,50,8,20,0.67,67
14,2018-03-15,优,49,80,15,48,6,19,0.66,76
15,2018-03-16,良,70,256,16,54,5,10,0.58,118
16,2018-03-17,良,59,177,17,47,5,12,0.6,105
17,2018-03-18,良,64,206,13,47,5,8,0.53,113
18,2018-03-19,良,54,157,16,47,5,15,0.62,92
19,2018-03-20,优,50,137,16,49,5,18,0.62,85
20,2018-03-21,良,57,153,19,59,5,21,0.64,81
21,2018-03-22,良,60,84,22,63,5,15,0.6,96
22,2018-03-23,良,63,51,15,42,4,11,0.59,114
23,2018-03-24,良,54,30,16,48,5,16,0.61,95
24,2018-03-25,良,57,52,21,64,5,22,0.67,72
25,2018-03-26,良,54,36,19,57,5,12,0.58,76
26,2018-03-27,良,61,69,21,56,6,15,0.6,94
27,2018-03-28,良,61,79,26,69,5,19,0.56,85
28,2018-03-29,良,60,102,22,66,5,19,0.52,90
29,2018-03-30,良,51,45,17,43,6,24,0.59,98
30,2018-03-31,良,73,154,16,52,6,15,0.53,123
0,2018-02-01,良,78,128,34,105,6,33,1.05,56
1,2018-02-02,良,75,194,26,98,5,22,0.69,84
2,2018-02-03,良,63,176,24,77,5,21,0.74,73
3,2018-02-04,良,61,124,15,55,5,14,0.63,97
4,2018-02-05,良,54,74,16,51,4,14,0.68,81
5,2018-02-06,良,72,179,29,93,5,18,0.75,58
6,2018-02-07,优,45,24,13,33,6,7,0.56,84
7,2018-02-08,良,59,48,11,48,4,4,0.51,109
8,2018-02-09,优,49,14,11,29,4,10,0.59,90
9,2018-02-10,优,48,28,14,41,4,7,0.58,87
10,2018-02-11,优,43,26,14,36,5,11,0.66,76
11,2018-02-12,优,42,24,15,31,5,13,0.71,73
12,2018-02-13,优,47,30,17,43,5,7,0.64,85
13,2018-02-14,优,49,44,13,37,5,6,0.54,93
14,2018-02-15,优,48,36,10,23,6,6,0.58,92
15,2018-02-16,良,59,35,31,61,8,9,0.66,79
16,2018-02-17,良,69,128,19,86,4,4,0.56,91
17,2018-02-18,良,71,223,21,86,5,4,0.58,103
18,2018-02-19,良,74,255,16,88,5,4,0.61,97
19,2018-02-20,良,85,268,28,116,5,9,0.65,95
20,2018-02-21,优,44,90,19,40,5,13,0.7,69
21,2018-02-22,优,40,84,10,26,5,6,0.55,80
22,2018-02-23,优,42,84,13,24,7,10,0.6,83
23,2018-02-24,优,41,52,11,24,6,10,0.61,81
24,2018-02-25,优,43,53,10,23,6,7,0.56,86
25,2018-02-26,优,43,50,9,19,6,8,0.6,83
26,2018-02-27,优,39,18,13,29,6,12,0.71,71
27,2018-02-28,优,46,71,17,40,6,16,0.7,66
0,2018-01-01,良,69,62,21,90,6,16,0.75,79
1,2018-01-02,良,52,60,13,50,5,11,0.67,81
2,2018-01-03,优,45,102,11,31,5,13,0.64,80
3,2018-01-04,优,47,168,23,48,6,27,0.81,62
4,2018-01-05,良,68,193,27,84,5,26,0.78,57
5,2018-01-06,良,56,157,21,58,5,23,0.74,76
6,2018-01-07,良,68,202,30,84,5,28,0.84,62
7,2018-01-08,优,47,89,14,35,5,17,0.72,83
8,2018-01-09,良,57,176,28,66,7,35,1.12,59
9,2018-01-10,良,83,315,50,108,9,52,1.27,47
10,2018-01-11,良,90,318,56,121,10,55,1.58,46
11,2018-01-12,良,80,245,46,107,8,44,1.25,45
12,2018-01-13,良,92,188,47,130,8,32,1.26,39
13,2018-01-14,良,59,61,26,62,6,27,0.75,74
14,2018-01-15,良,66,79,29,82,5,26,0.73,66
15,2018-01-16,良,56,33,23,57,6,27,0.74,75
16,2018-01-17,良,68,57,39,84,7,40,0.93,48
17,2018-01-18,良,72,76,43,90,7,39,0.98,46
18,2018-01-19,良,60,50,32,71,7,35,0.8,50
19,2018-01-20,良,63,93,25,75,5,28,0.65,61
20,2018-01-21,优,50,63,14,38,4,18,0.49,85
21,2018-01-22,优,45,52,18,42,4,27,0.67,67
22,2018-01-23,良,61,140,32,65,6,34,0.9,57
23,2018-01-24,良,100,311,41,144,5,22,0.75,87
24,2018-01-25,良,68,265,23,58,5,17,0.6,110
25,2018-01-26,良,57,196,20,61,5,16,0.61,88
26,2018-01-27,良,60,196,21,68,5,19,0.63,84
27,2018-01-28,良,69,201,24,86,5,25,0.74,76
28,2018-01-29,良,60,144,23,68,5,25,0.76,74
29,2018-01-30,良,80,167,40,106,7,36,1.21,60
30,2018-01-31,良,99,251,44,146,5,23,0.77,76
0,2017-12-01,优,47,109,24,51,6,30,0.84,55
1,2017-12-02,良,55,104,31,62,7,35,0.98,51
2,2017-12-03,良,61,122,36,72,7,38,0.99,46
3,2017-12-04,良,83,234,51,106,8,47,1.36,42
4,2017-12-05,良,99,265,66,129,9,62,1.8,43
5,2017-12-06,良,92,185,64,116,8,52,1.52,35
6,2017-12-07,良,79,143,50,100,9,51,1.48,37
7,2017-12-08,良,76,215,42,89,6,33,1.31,48
8,2017-12-09,优,43,15,15,34,5,25,0.79,69
9,2017-12-10,优,48,27,25,52,6,32,0.97,55
10,2017-12-11,良,57,100,33,66,6,38,1.07,51
11,2017-12-12,良,70,179,45,86,8,48,1.25,43
12,2017-12-13,良,76,187,49,94,8,53,1.27,45
13,2017-12-14,良,61,153,35,69,7,44,1.15,48
14,2017-12-15,良,53,143,28,59,6,37,1.02,49
15,2017-12-16,良,58,178,33,69,8,40,1.12,47
16,2017-12-17,良,80,266,50,100,7,41,1.28,43
17,2017-12-18,良,57,77,25,64,6,31,0.88,56
18,2017-12-19,优,50,69,19,55,6,32,0.87,62
19,2017-12-20,良,70,154,37,87,8,41,1.08,52
20,2017-12-21,良,100,249,67,127,10,57,1.44,41
21,2017-12-22,良,85,110,54,108,8,42,1.32,50
22,2017-12-23,良,59,36,21,68,6,24,0.82,63
23,2017-12-24,良,52,37,22,58,7,25,0.9,59
24,2017-12-25,良,73,112,37,93,7,30,1.0,52
25,2017-12-26,优,44,42,17,38,5,21,0.76,73
26,2017-12-27,优,46,32,20,47,6,25,0.82,61
27,2017-12-28,良,72,99,40,90,8,42,1.07,43
28,2017-12-29,良,83,116,50,111,10,44,1.35,44
29,2017-12-30,良,72,87,42,90,9,40,1.21,55
30,2017-12-31,良,56,48,28,57,8,30,0.97,68
0,2017-11-01,优,42,25,9,23,5,14,0.55,78
1,2017-11-02,优,41,22,11,27,5,21,0.55,70
2,2017-11-03,优,44,46,18,42,5,29,0.62,58
3,2017-11-04,优,45,57,20,43,6,27,0.61,61
4,2017-11-05,优,46,40,18,46,8,31,0.64,52
5,2017-11-06,优,46,19,19,47,7,33,0.7,54
6,2017-11-07,良,53,44,26,57,5,35,0.72,46
7,2017-11-08,优,46,77,24,46,5,28,0.68,63
8,2017-11-09,优,47,41,19,44,5,24,0.61,75
9,2017-11-10,优,47,59,17,39,5,23,0.62,76
10,2017-11-11,优,41,71,17,40,6,29,0.7,56
11,2017-11-12,良,56,119,29,62,7,38,0.84,45
12,2017-11-13,良,51,100,23,55,6,34,0.82,50
13,2017-11-14,良,59,180,27,68,7,42,1.0,40
14,2017-11-15,良,68,208,34,85,7,48,1.15,37
15,2017-11-16,良,68,189,36,83,8,49,1.11,44
16,2017-11-17,良,66,205,36,82,8,45,1.02,46
17,2017-11-18,良,57,249,30,63,6,41,0.89,51
18,2017-11-19,良,51,151,21,54,6,35,0.78,69
19,2017-11-20,优,49,137,20,51,6,31,0.84,62
20,2017-11-21,优,50,107,21,54,6,32,0.81,54
21,2017-11-22,良,51,129,22,53,4,24,0.72,69
22,2017-11-23,良,52,135,14,33,4,18,0.64,87
23,2017-11-24,优,42,62,15,35,5,22,0.67,70
24,2017-11-25,优,44,51,19,42,6,31,0.76,62
25,2017-11-26,良,53,108,27,59,6,41,0.91,51
26,2017-11-27,良,56,93,28,62,6,39,0.99,49
27,2017-11-28,良,59,63,28,68,5,40,1.05,43
28,2017-11-29,良,57,116,32,64,7,37,0.91,49
29,2017-11-30,良,56,192,33,59,6,34,0.88,54
0,2017-10-01,优,42,112,5,19,13,14,0.56,83
1,2017-10-02,优,34,82,9,27,14,21,0.62,53
2,2017-10-03,优,36,140,8,30,9,16,0.61,60
3,2017-10-05,优,50,254,20,54,11,29,0.64,44
4,2017-10-06,良,54,223,23,58,9,32,0.68,46
5,2017-10-07,良,53,160,20,58,9,31,0.68,45
6,2017-10-08,优,47,130,13,49,7,20,0.61,62
7,2017-10-09,优,42,158,8,32,7,18,0.61,74
8,2017-10-10,优,39,175,9,34,7,16,0.62,59
9,2017-10-11,优,36,162,12,35,7,19,0.65,41
10,2017-10-12,优,36,150,10,35,8,21,0.63,56
11,2017-10-13,优,42,151,9,36,7,20,0.64,65
12,2017-10-14,优,46,183,13,46,8,26,0.72,54
13,2017-10-15,优,41,176,7,30,7,14,0.61,69
14,2017-10-16,优,44,201,8,40,6,17,0.61,74
15,2017-10-17,优,50,236,13,51,7,30,0.72,62
16,2017-10-18,良,56,249,19,63,7,33,0.75,51
17,2017-10-19,良,57,192,20,64,8,36,0.84,46
18,2017-10-20,良,56,170,19,62,8,36,0.81,47
19,2017-10-21,优,41,69,11,40,6,19,0.68,58
20,2017-10-22,优,41,61,9,30,7,20,0.66,72
21,2017-10-23,优,43,63,12,43,6,23,0.68,53
22,2017-10-24,优,40,35,8,33,5,18,0.64,67
23,2017-10-25,优,44,37,7,31,5,13,0.56,86
24,2017-10-26,优,47,36,12,28,5,19,0.58,84
25,2017-10-27,优,43,26,17,42,8,30,0.67,61
26,2017-10-28,优,47,29,19,45,5,26,0.67,70
27,2017-10-29,优,49,82,12,38,4,15,0.59,91
28,2017-10-30,优,44,46,11,31,4,24,0.67,74
29,2017-10-31,优,48,40,16,45,6,28,0.68,65
0,2017-09-01,优,37,70,7,21,8,18,0.52,67
1,2017-09-02,优,37,68,10,33,8,23,0.55,44
2,2017-09-03,优,31,38,7,24,8,19,0.54,58
3,2017-09-04,优,31,47,6,21,8,13,0.48,57
4,2017-09-05,优,41,126,6,22,8,18,0.52,80
5,2017-09-06,优,44,153,14,36,9,26,0.59,69
6,2017-09-07,优,42,107,12,35,8,24,0.58,59
7,2017-09-08,良,51,167,16,52,10,45,0.73,19
8,2017-09-09,良,55,188,10,37,8,28,0.58,85
9,2017-09-10,优,46,151,11,35,9,24,0.62,79
10,2017-09-11,良,52,199,14,47,9,28,0.59,73
11,2017-09-12,优,45,88,11,39,7,23,0.56,68
12,2017-09-13,优,37,40,7,22,6,13,0.51,69
13,2017-09-14,优,36,33,6,24,6,15,0.52,68
14,2017-09-15,优,44,69,12,39,7,24,0.6,55
15,2017-09-16,优,42,45,11,37,7,25,0.58,58
16,2017-09-17,优,46,101,12,43,7,25,0.58,58
17,2017-09-18,优,37,42,9,32,7,17,0.53,65
18,2017-09-19,优,31,32,6,24,7,10,0.51,58
19,2017-09-20,优,35,59,8,20,7,11,0.57,61
20,2017-09-21,优,23,6,6,18,8,13,0.52,41
21,2017-09-22,优,33,24,8,26,8,16,0.61,53
22,2017-09-23,优,46,102,15,46,9,28,0.7,37
23,2017-09-24,优,44,125,13,42,9,24,0.66,42
24,2017-09-25,优,48,179,15,51,8,22,0.63,45
25,2017-09-26,优,44,137,13,43,8,22,0.62,55
26,2017-09-27,优,41,130,13,40,10,22,0.61,60
27,2017-09-28,优,41,122,14,39,11,25,0.64,51
28,2017-09-29,优,36,57,8,31,7,13,0.56,54
29,2017-09-30,优,29,33,6,24,7,10,0.53,48
0,2017-08-01,优,30,24,8,26,8,18,0.52,50
1,2017-08-02,优,39,113,14,37,10,23,0.57,62
2,2017-08-03,优,49,180,8,24,8,13,0.44,92
3,2017-08-04,优,44,116,9,29,8,14,0.48,82
4,2017-08-05,优,34,49,9,25,8,14,0.47,59
5,2017-08-06,优,38,59,11,31,8,17,0.5,55
6,2017-08-07,优,50,149,17,45,8,21,0.57,63
7,2017-08-08,良,51,203,7,18,8,14,0.54,97
8,2017-08-09,优,45,155,6,14,7,13,0.54,85
9,2017-08-10,优,32,42,7,15,8,15,0.57,63
10,2017-08-11,良,55,177,8,21,7,18,0.51,105
11,2017-08-12,良,51,192,16,47,8,28,0.61,64
12,2017-08-13,优,37,103,7,16,8,14,0.53,74
13,2017-08-14,优,38,113,6,19,8,15,0.56,74
14,2017-08-15,优,45,158,6,19,8,16,0.49,87
15,2017-08-16,优,45,152,10,30,8,17,0.49,80
16,2017-08-17,优,36,87,7,23,8,13,0.47,68
17,2017-08-18,优,30,42,6,15,8,12,0.5,62
18,2017-08-19,优,31,38,6,13,8,16,0.52,58
19,2017-08-20,优,28,21,6,15,9,21,0.56,51
20,2017-08-21,优,29,20,9,22,8,19,0.55,47
21,2017-08-22,优,23,6,5,15,8,11,0.45,48
22,2017-08-23,优,34,68,9,29,8,15,0.47,59
23,2017-08-24,优,45,189,8,24,8,16,0.47,84
24,2017-08-25,优,40,123,10,32,9,22,0.48,68
25,2017-08-26,优,40,130,10,34,9,23,0.54,59
26,2017-08-27,优,35,82,8,28,8,14,0.48,55
27,2017-08-28,优,29,61,7,25,11,18,0.53,44
28,2017-08-29,优,42,196,13,39,8,22,0.54,39
29,2017-08-30,优,35,132,10,26,8,22,0.51,60
30,2017-08-31,优,35,90,8,25,9,20,0.51,62
0,2017-07-01,优,45,149,9,28,7,16,0.55,85
1,2017-07-02,优,48,178,5,15,7,13,0.52,94
2,2017-07-03,优,40,124,6,16,7,15,0.56,77
3,2017-07-04,优,29,41,9,20,7,20,0.61,57
4,2017-07-05,优,34,67,11,25,7,20,0.62,61
5,2017-07-06,优,33,79,10,24,7,19,0.6,61
6,2017-07-07,优,34,97,6,15,7,15,0.54,65
7,2017-07-08,优,36,101,6,15,7,14,0.55,70
8,2017-07-09,优,43,160,12,25,7,21,0.58,79
9,2017-07-10,优,47,167,5,12,7,14,0.51,91
10,2017-07-11,优,38,74,6,15,7,17,0.51,77
11,2017-07-12,优,48,111,15,40,7,27,0.57,70
12,2017-07-13,优,47,110,11,35,7,20,0.49,87
13,2017-07-14,良,52,168,12,34,7,19,0.5,93
14,2017-07-15,良,51,193,14,42,8,21,0.49,83
15,2017-07-16,良,58,217,10,32,8,14,0.45,103
16,2017-07-17,优,47,140,8,25,7,13,0.46,92
17,2017-07-18,优,45,142,13,36,7,19,0.5,75
18,2017-07-19,优,47,152,9,23,7,16,0.47,91
19,2017-07-20,优,39,98,9,26,7,13,0.46,72
20,2017-07-21,优,27,26,7,20,7,9,0.4,46
21,2017-07-22,优,29,29,8,25,7,10,0.43,49
22,2017-07-23,优,35,51,9,31,7,14,0.44,53
23,2017-07-24,优,31,41,9,23,8,15,0.44,55
24,2017-07-25,优,30,28,7,22,8,10,0.42,52
25,2017-07-26,优,29,14,6,24,7,9,0.38,46
26,2017-07-27,优,31,15,7,24,8,8,0.41,51
27,2017-07-28,优,30,11,5,16,7,12,0.47,58
28,2017-07-29,优,29,14,5,12,8,13,0.48,60
29,2017-07-30,优,23,7,7,17,9,19,0.56,40
30,2017-07-31,优,36,62,12,33,8,18,0.57,39
0,2017-06-01,良,63,178,14,41,9,18,0.56,117
1,2017-06-02,良,66,203,13,47,9,11,0.51,114
2,2017-06-03,良,69,238,9,24,9,14,0.48,120
3,2017-06-04,良,60,200,18,54,10,24,0.55,89
4,2017-06-05,良,57,242,19,57,9,15,0.49,94
5,2017-06-06,良,60,295,24,66,9,19,0.52,88
6,2017-06-07,良,56,161,16,43,8,10,0.49,103
7,2017-06-08,良,60,179,16,56,10,12,0.53,108
8,2017-06-09,良,59,194,11,37,10,12,0.56,104
9,2017-06-10,良,58,238,16,53,11,19,0.59,89
10,2017-06-11,良,56,215,12,42,10,13,0.53,103
11,2017-06-12,良,64,260,17,65,10,10,0.51,99
12,2017-06-13,优,41,111,13,41,7,13,0.57,64
13,2017-06-14,优,40,110,11,28,5,16,0.51,74
14,2017-06-15,良,56,163,13,38,5,11,0.43,103
15,2017-06-16,良,57,163,8,26,4,9,0.42,104
16,2017-06-17,优,37,60,11,25,6,12,0.48,76
17,2017-06-18,良,66,190,10,19,5,13,0.48,120
18,2017-06-19,良,60,206,7,22,5,15,0.5,112
19,2017-06-20,良,63,225,7,16,5,12,0.52,114
20,2017-06-21,良,57,174,11,29,5,16,0.59,107
21,2017-06-22,良,60,241,7,25,5,15,0.6,107
22,2017-06-23,优,49,159,10,37,5,16,0.58,94
23,2017-06-24,良,68,280,10,27,5,15,0.54,120
24,2017-06-25,良,58,195,7,24,5,14,0.52,109
25,2017-06-26,良,52,163,13,40,5,22,0.59,91
26,2017-06-27,良,62,187,16,62,6,23,0.58,93
27,2017-06-28,良,61,166,10,46,6,12,0.47,113
28,2017-06-29,优,49,128,8,26,6,15,0.56,92
29,2017-06-30,优,46,140,11,30,7,21,0.59,89
0,2017-05-01,良,68,142,17,53,6,14,0.55,121
1,2017-05-02,良,71,189,18,59,6,13,0.5,120
2,2017-05-03,良,60,195,21,60,7,19,0.46,95
3,2017-05-04,良,55,164,15,55,8,13,0.44,95
4,2017-05-05,良,57,99,14,42,7,12,0.44,108
5,2017-05-06,良,56,59,16,51,7,16,0.46,98
6,2017-05-07,良,58,87,18,54,8,25,0.51,88
7,2017-05-08,良,70,193,26,87,8,35,0.59,76
8,2017-05-09,良,73,254,26,90,6,23,0.51,86
9,2017-05-10,良,73,217,17,65,6,11,0.45,115
10,2017-05-11,良,64,148,11,30,7,17,0.53,106
11,2017-05-12,良,76,240,32,92,8,35,0.64,75
12,2017-05-13,良,54,89,15,48,8,21,0.53,93
13,2017-05-14,优,49,62,19,48,8,16,0.5,93
14,2017-05-15,良,58,176,19,59,7,14,0.5,101
15,2017-05-16,良,59,155,22,59,9,17,0.52,97
16,2017-05-17,良,58,75,18,51,8,15,0.52,104
17,2017-05-18,良,61,81,21,60,9,22,0.56,96
18,2017-05-19,良,52,66,19,52,8,20,0.56,80
19,2017-05-20,良,53,95,18,50,9,16,0.52,94
20,2017-05-20,良,53,95,18,50,9,16,0.52,94
21,2017-05-21,良,60,180,15,44,7,12,0.5,111
22,2017-05-22,良,62,236,14,39,7,11,0.5,110
23,2017-05-23,良,71,334,20,43,8,17,0.51,122
24,2017-05-24,良,67,269,28,71,8,20,0.5,95
25,2017-05-25,良,71,239,18,47,8,10,0.43,121
26,2017-05-26,良,60,128,13,32,8,13,0.48,112
27,2017-05-27,良,62,76,12,38,9,16,0.49,116
28,2017-05-28,良,62,55,12,43,8,11,0.48,114
29,2017-05-29,良,69,115,14,43,8,10,0.46,123
30,2017-05-30,良,52,69,14,38,8,17,0.52,97
31,2017-05-31,优,48,65,16,37,9,20,0.57,93
0,2017-04-01,良,72,197,24,92,9,30,0.8,58
1,2017-04-02,良,58,60,16,65,8,16,0.68,81
2,2017-04-03,良,53,39,14,51,8,17,0.68,96
3,2017-04-04,良,64,91,18,61,8,19,0.71,107
4,2017-04-05,良,68,157,25,78,9,33,0.78,79
5,2017-04-06,良,63,124,24,74,8,31,0.79,75
6,2017-04-07,良,79,223,27,104,7,29,0.76,83
7,2017-04-08,良,75,235,22,96,6,13,0.6,105
8,2017-04-09,良,84,344,18,78,6,12,0.64,132
9,2017-04-10,轻度污染,123,361,32,159,6,19,0.68,110
10,2017-04-11,轻度污染,139,365,22,170,6,10,0.53,125
11,2017-04-12,良,63,162,12,47,6,15,0.45,113
12,2017-04-13,良,62,115,13,54,6,16,0.38,100
13,2017-04-14,良,58,60,16,62,6,25,0.45,83
14,2017-04-15,良,54,39,17,50,6,16,0.44,95
15,2017-04-16,良,88,255,30,115,6,14,0.4,129
16,2017-04-17,良,73,191,25,83,6,26,0.48,104
17,2017-04-18,良,71,176,28,92,7,35,0.59,57
18,2017-04-19,良,93,301,38,134,7,37,0.65,44
19,2017-04-20,良,68,197,22,85,6,24,0.51,62
20,2017-04-21,良,64,198,19,74,6,15,0.42,90
21,2017-04-22,良,73,240,22,94,7,29,0.53,70
22,2017-04-23,良,78,256,22,104,6,27,0.56,67
23,2017-04-23,良,78,256,22,104,6,27,0.56,67
24,2017-04-24,优,48,63,11,39,5,16,0.51,86
25,2017-04-25,良,58,167,12,44,5,15,0.47,108
26,2017-04-26,良,67,263,16,63,5,18,0.48,114
27,2017-04-27,良,90,351,15,64,4,7,0.45,144
28,2017-04-28,良,80,278,18,67,5,11,0.5,137
29,2017-04-29,良,84,238,16,51,6,11,0.53,139
30,2017-04-30,良,75,146,21,73,6,14,0.55,125
0,2017-03-01,优,50,54,21,54,4,22,0.81,62
1,2017-03-02,良,55,66,19,57,4,18,0.63,78
2,2017-03-03,良,62,63,16,67,4,10,0.49,97
3,2017-03-04,良,61,59,20,71,4,22,0.6,75
4,2017-03-05,良,59,119,18,65,4,7,0.51,90
5,2017-03-06,良,57,154,24,57,4,12,0.61,91
6,2017-03-07,良,72,249,18,90,4,12,0.6,93
7,2017-03-08,良,52,106,19,52,5,12,0.63,91
8,2017-03-09,良,53,70,20,55,4,21,0.73,86
9,2017-03-10,良,69,142,25,86,5,13,0.71,92
10,2017-03-11,良,51,72,19,53,5,16,0.73,84
11,2017-03-12,良,59,160,15,51,6,12,0.7,110
12,2017-03-13,良,78,328,19,90,6,14,0.7,117
13,2017-03-14,良,99,342,26,143,5,10,0.67,87
14,2017-03-15,良,66,198,22,79,6,14,0.73,97
15,2017-03-16,良,51,83,19,53,5,17,0.75,77
16,2017-03-17,良,55,88,15,59,6,12,0.68,86
17,2017-03-18,良,51,77,12,40,6,14,0.71,101
18,2017-03-19,优,50,85,13,28,6,14,0.73,98
19,2017-03-20,良,51,89,14,42,7,15,0.78,97
20,2017-03-21,良,56,111,19,59,7,20,0.73,86
21,2017-03-22,良,72,243,32,92,8,35,0.86,53
22,2017-03-23,良,64,214,23,77,8,29,0.85,47
23,2017-03-24,良,69,214,25,87,8,29,0.87,54
24,2017-03-25,优,50,106,13,46,7,12,0.7,88
25,2017-03-26,良,60,129,20,68,8,24,0.78,66
26,2017-03-27,良,51,36,19,53,9,23,0.81,68
27,2017-03-28,良,69,122,28,87,11,36,0.89,57
28,2017-03-29,良,69,129,27,86,9,34,0.84,51
29,2017-03-30,优,48,56,12,49,8,14,0.7,76
30,2017-03-31,良,61,180,22,72,8,32,0.82,55
0,2017-02-01,良,81,229,20,111,7,7,0.52,77
1,2017-02-02,优,40,39,11,36,6,9,0.55,71
2,2017-02-03,优,44,62,19,45,6,16,0.65,64
3,2017-02-04,良,51,67,28,57,7,22,0.79,57
4,2017-02-05,良,53,83,27,58,8,28,0.93,59
5,2017-02-06,良,79,195,26,100,6,15,0.68,76
6,2017-02-07,良,65,190,18,64,5,11,0.61,99
7,2017-02-08,良,52,173,29,56,7,22,0.79,62
8,2017-02-09,良,65,201,30,77,6,20,0.71,59
9,2017-02-10,良,59,134,18,63,4,9,0.54,86
10,2017-02-11,优,48,28,12,34,5,14,0.57,83
11,2017-02-12,优,45,17,20,44,6,22,0.68,62
12,2017-02-13,良,51,30,24,54,6,26,0.79,56
13,2017-02-14,优,47,23,13,45,5,14,0.63,73
14,2017-02-15,优,45,10,20,44,5,24,0.8,69
15,2017-02-16,优,49,25,24,50,5,24,0.82,58
16,2017-02-17,良,52,69,23,58,6,29,0.97,52
17,2017-02-18,良,82,167,43,111,7,39,1.14,48
18,2017-02-19,良,61,65,27,72,6,26,0.95,54
19,2017-02-20,良,66,118,23,80,6,22,0.92,61
20,2017-02-21,良,79,295,24,106,6,15,0.83,71
21,2017-02-22,良,73,225,26,95,5,9,0.7,88
22,2017-02-23,良,66,197,22,75,5,15,0.65,97
23,2017-02-24,良,79,231,25,103,4,10,0.62,91
24,2017-02-25,重度污染,201,363,72,306,9,15,0.7,78
25,2017-02-26,良,74,189,34,95,5,17,0.71,73
26,2017-02-27,良,60,75,22,60,5,10,0.68,100
27,2017-02-28,优,46,21,15,40,4,14,0.73,74
0,2017-01-01,良,52,30,18,60,5,25,0.62,52
1,2017-01-02,良,57,41,24,64,6,26,0.69,53
2,2017-01-03,优,46,26,16,46,5,17,0.54,64
3,2017-01-04,优,44,25,19,44,5,20,0.46,58
4,2017-01-05,优,50,63,22,55,5,23,0.48,52
5,2017-01-06,良,53,118,23,61,6,29,0.55,54
6,2017-01-07,良,78,218,38,105,6,34,0.74,46
7,2017-01-08,轻度污染,101,247,39,134,8,37,0.91,52
8,2017-01-09,良,66,150,26,81,5,19,0.54,66
9,2017-01-10,良,51,110,16,50,5,13,0.44,79
10,2017-01-11,良,51,92,17,52,4,12,0.4,78
11,2017-01-12,良,54,121,23,59,5,18,0.51,71
12,2017-01-13,良,53,125,21,58,4,18,0.53,71
13,2017-01-14,良,54,122,18,58,4,16,0.49,76
14,2017-01-15,良,70,190,30,87,6,34,0.77,49
15,2017-01-16,良,84,202,48,113,7,40,1.11,55
16,2017-01-17,良,64,112,27,76,5,22,0.7,74
17,2017-01-18,良,68,133,35,82,6,30,0.94,54
18,2017-01-19,良,57,97,29,66,6,36,1.09,39
19,2017-01-20,优,45,68,18,45,5,20,0.73,57
20,2017-01-21,良,54,70,23,61,5,24,0.75,46
21,2017-01-22,良,60,103,31,69,6,29,0.87,40
22,2017-01-23,优,50,51,16,54,5,17,0.64,65
23,2017-01-24,优,43,27,18,40,5,23,0.76,61
24,2017-01-25,良,53,46,27,59,6,28,0.88,48
25,2017-01-26,良,62,58,39,75,8,32,0.95,42
26,2017-01-27,良,64,93,35,74,6,20,0.74,56
27,2017-01-28,优,50,15,15,48,5,8,0.48,77
28,2017-01-29,良,54,76,17,58,6,16,0.62,63
29,2017-01-30,良,54,150,26,59,8,28,0.82,48
30,2017-01-31,优,47,99,15,50,7,11,0.57,61
0,2016-12-01,良,95,192,42,138,7,39,0.84,34
1,2016-12-02,良,95,184,35,137,4,29,0.6,45
2,2016-12-03,优,50,35,15,45,3,18,0.42,74
3,2016-12-04,良,76,97,33,101,6,38,0.67,45
4,2016-12-05,良,97,192,55,143,7,46,0.98,34
5,2016-12-06,轻度污染,113,264,62,174,8,51,1.12,26
6,2016-12-07,轻度污染,106,181,59,160,7,43,0.9,32
7,2016-12-08,良,89,114,46,127,7,40,0.82,31
8,2016-12-09,良,99,181,55,146,7,45,0.88,30
9,2016-12-10,轻度污染,103,211,54,155,8,46,0.87,31
10,2016-12-11,轻度污染,131,274,68,191,8,53,1.01,25
11,2016-12-12,轻度污染,139,289,89,216,10,55,1.28,26
12,2016-12-13,轻度污染,148,322,86,222,10,57,1.4,23
13,2016-12-14,中度污染,177,354,96,257,10,67,1.5,28
14,2016-12-15,轻度污染,131,296,65,184,9,47,1.16,37
15,2016-12-16,良,83,156,38,114,8,39,0.8,34
16,2016-12-17,轻度污染,134,252,66,189,10,54,1.21,29
17,2016-12-18,轻度污染,105,167,57,158,8,52,1.13,34
18,2016-12-19,轻度污染,106,127,57,161,10,50,1.24,30
19,2016-12-20,轻度污染,119,181,63,187,8,55,1.22,36
20,2016-12-21,轻度污染,112,224,60,171,9,50,1.11,41
21,2016-12-22,轻度污染,106,270,58,159,8,56,1.16,20
22,2016-12-23,轻度污染,117,282,65,175,8,56,1.16,31
23,2016-12-24,中度污染,152,337,60,224,6,46,1.0,34
24,2016-12-25,轻度污染,130,320,35,194,3,19,0.62,66
25,2016-12-26,良,62,217,17,73,3,9,0.49,75
26,2016-12-27,良,61,192,25,72,4,24,0.63,60
27,2016-12-28,轻度污染,107,292,68,156,7,51,0.9,32
28,2016-12-29,轻度污染,120,276,78,164,8,60,1.12,24
29,2016-12-30,轻度污染,111,211,76,139,7,50,1.01,33
30,2016-12-31,良,78,85,38,104,7,35,0.85,44
0,2016-11-01,良,89,317,37,126,8,44,0.65,42
1,2016-11-02,良,82,251,36,114,9,43,0.62,41
2,2016-11-03,良,83,215,35,115,8,43,0.57,36
3,2016-11-04,良,88,211,39,125,8,42,0.62,36
4,2016-11-05,良,86,147,40,122,8,41,0.64,36
5,2016-11-06,良,93,146,47,134,8,44,0.74,32
6,2016-11-07,良,90,224,41,130,8,41,0.74,42
7,2016-11-08,良,74,261,29,98,6,35,0.6,54
8,2016-11-09,良,83,284,38,115,7,38,0.62,50
9,2016-11-10,轻度污染,116,317,57,172,8,45,0.82,59
10,2016-11-11,轻度污染,110,311,53,167,7,48,0.78,47
11,2016-11-12,轻度污染,110,296,47,167,7,47,0.78,58
12,2016-11-13,轻度污染,117,271,55,179,7,51,0.95,46
13,2016-11-14,轻度污染,111,243,58,171,9,48,0.94,37
14,2016-11-15,良,87,208,32,123,4,21,0.39,78
15,2016-11-16,良,75,187,34,101,5,32,0.47,59
16,2016-11-17,良,92,221,42,132,6,44,0.76,37
17,2016-11-18,良,86,197,38,120,7,43,0.78,37
18,2016-11-19,良,98,234,46,143,8,46,0.94,34
19,2016-11-20,轻度污染,113,298,60,174,8,44,0.99,32
20,2016-11-21,轻度污染,108,326,52,163,8,49,1.07,28
21,2016-11-22,轻度污染,109,362,61,166,8,49,1.11,31
22,2016-11-23,轻度污染,122,357,69,190,7,49,0.95,29
23,2016-11-24,轻度污染,119,332,64,184,7,47,1.17,28
24,2016-11-25,轻度污染,105,263,46,159,6,35,1.04,36
25,2016-11-26,良,89,203,43,127,7,40,0.94,35
26,2016-11-27,轻度污染,109,247,60,161,8,48,1.06,27
27,2016-11-28,良,92,205,42,132,6,36,0.9,39
28,2016-11-29,良,87,190,39,123,7,36,0.73,41
29,2016-11-30,轻度污染,107,255,57,162,8,44,0.85,30
0,2016-10-01,优,48,116,13,50,2,20,0.35,69
1,2016-10-02,良,64,235,21,78,4,29,0.39,61
2,2016-10-03,良,66,230,22,81,3,30,0.38,54
3,2016-10-04,良,74,271,26,97,4,35,0.44,43
4,2016-10-05,良,70,243,27,90,4,32,0.42,48
5,2016-10-06,良,58,167,19,69,3,21,0.31,60
6,2016-10-07,良,55,198,16,63,3,21,0.35,68
7,2016-10-08,良,60,233,18,72,4,20,0.37,62
8,2016-10-09,优,49,179,15,52,5,21,0.44,64
9,2016-10-10,优,50,147,12,55,3,17,0.38,63
10,2016-10-11,良,54,170,15,57,3,20,0.35,73
11,2016-10-12,优,41,78,12,41,3,23,0.35,52
12,2016-10-13,优,47,92,15,49,4,22,0.38,56
13,2016-10-14,优,46,83,11,46,4,17,0.34,69
14,2016-10-15,良,55,157,18,64,4,23,0.32,63
15,2016-10-16,良,57,150,18,66,4,20,0.35,68
16,2016-10-17,良,65,193,21,79,5,27,0.42,55
17,2016-10-18,良,70,204,24,92,5,26,0.42,50
18,2016-10-19,良,62,157,26,75,4,23,0.4,54
19,2016-10-20,良,73,248,31,96,5,35,0.5,40
20,2016-10-21,良,84,322,37,117,6,37,0.57,46
21,2016-10-22,良,86,347,35,120,5,38,0.55,44
22,2016-10-23,良,75,347,30,100,5,37,0.53,39
23,2016-10-24,良,75,318,30,98,5,36,0.48,44
24,2016-10-25,轻度污染,103,341,40,152,5,37,0.46,49
25,2016-10-26,良,66,267,21,83,4,13,0.25,72
26,2016-10-27,良,59,268,16,65,4,17,0.29,75
27,2016-10-28,良,60,296,20,69,7,23,0.33,71
28,2016-10-29,良,70,330,28,89,8,28,0.48,63
29,2016-10-30,良,63,258,22,77,5,25,0.4,75
30,2016-10-31,良,65,295,23,79,5,28,0.46,58
0,2016-09-01,良,51,151,13,38,5,12,0.41,94
1,2016-09-02,良,51,137,15,47,4,18,0.45,84
2,2016-09-03,优,45,69,15,38,5,20,0.46,77
3,2016-09-04,优,40,45,12,29,4,15,0.48,77
4,2016-09-05,优,42,62,10,29,4,12,0.41,76
5,2016-09-06,优,36,44,12,33,4,17,0.47,66
6,2016-09-07,优,43,87,12,33,3,13,0.41,78
7,2016-09-08,优,50,116,19,55,5,29,0.59,56
8,2016-09-09,良,53,137,19,59,4,26,0.56,65
9,2016-09-10,良,65,227,21,75,4,29,0.54,68
10,2016-09-11,良,72,279,24,91,5,27,0.53,64
11,2016-09-12,良,52,144,12,49,4,14,0.42,91
12,2016-09-13,优,47,80,13,29,3,12,0.35,87
13,2016-09-14,优,46,86,17,39,5,17,0.35,75
14,2016-09-15,优,46,140,16,45,6,21,0.35,75
15,2016-09-16,良,54,202,17,51,4,18,0.36,85
16,2016-09-17,良,52,186,15,55,5,19,0.32,74
17,2016-09-18,优,39,95,11,29,4,16,0.43,75
18,2016-09-19,良,51,164,13,36,3,20,0.4,83
19,2016-09-20,良,59,200,22,66,4,31,0.53,54
20,2016-09-21,良,63,178,25,75,4,27,0.4,64
21,2016-09-22,优,37,18,14,33,4,23,0.46,64
22,2016-09-23,良,56,110,21,60,5,26,0.43,64
23,2016-09-24,优,48,57,16,44,3,15,0.31,83
24,2016-09-25,优,45,59,13,35,2,20,0.39,73
25,2016-09-26,优,47,70,22,47,3,24,0.42,51
26,2016-09-27,良,51,153,13,37,3,20,0.38,84
27,2016-09-28,优,50,218,20,56,4,22,0.39,60
28,2016-09-29,优,49,200,15,54,3,23,0.4,62
29,2016-09-30,良,52,173,16,53,3,24,0.38,63
0,2016-08-01,优,48,152,16,49,7,25,0.42,66
1,2016-08-02,优,49,174,17,45,8,16,0.33,73
2,2016-08-03,良,58,259,23,67,7,17,0.37,41
3,2016-08-04,良,67,294,24,83,7,20,0.44,51
4,2016-08-05,良,56,240,18,61,6,15,0.32,70
5,2016-08-06,优,45,132,15,41,5,13,0.35,78
6,2016-08-07,优,46,184,15,45,5,18,0.45,63
7,2016-08-08,良,59,288,19,64,6,23,0.54,62
8,2016-08-09,良,71,309,20,83,5,20,0.37,92
9,2016-08-10,良,63,290,19,71,6,18,0.41,88
10,2016-08-11,良,66,295,22,81,5,20,0.49,57
11,2016-08-12,良,71,312,24,91,6,17,0.5,51
12,2016-08-13,优,44,154,13,34,4,14,0.34,77
13,2016-08-14,优,41,118,14,37,4,17,0.41,60
14,2016-08-15,良,58,282,20,69,7,24,0.49,54
15,2016-08-16,良,52,182,15,53,5,21,0.5,82
16,2016-08-17,良,67,257,26,76,5,22,0.53,72
17,2016-08-18,优,50,153,13,44,5,12,0.33,91
18,2016-08-19,良,59,244,13,37,4,16,0.43,97
19,2016-08-20,良,64,278,20,75,7,26,0.51,66
20,2016-08-21,良,63,230,21,67,4,23,0.47,79
21,2016-08-22,良,54,141,14,45,4,15,0.44,91
22,2016-08-23,良,64,214,24,77,4,26,0.57,61
23,2016-08-24,良,56,120,18,55,4,18,0.43,81
24,2016-08-25,良,55,168,12,41,4,14,0.4,102
25,2016-08-26,良,54,268,15,47,5,18,0.42,92
26,2016-08-27,良,63,287,20,65,4,22,0.47,82
27,2016-08-28,良,66,242,23,78,7,29,0.49,70
28,2016-08-29,良,76,307,27,101,6,32,0.52,62
29,2016-08-30,良,59,165,18,67,5,19,0.42,78
30,2016-08-31,良,60,153,20,70,6,23,0.47,69
0,2016-07-01,良,57,264,17,43,8,23,0.52,99
1,2016-07-02,优,47,175,11,22,8,18,0.51,87
2,2016-07-03,优,38,129,13,31,8,17,0.56,71
3,2016-07-04,优,43,154,16,36,6,15,0.52,65
4,2016-07-05,优,41,148,15,36,7,16,0.57,64
5,2016-07-06,良,54,220,23,61,7,19,0.52,46
6,2016-07-07,优,47,167,16,51,7,14,0.42,59
7,2016-07-08,良,54,206,17,62,6,13,0.37,50
8,2016-07-09,优,50,188,17,52,7,12,0.38,68
9,2016-07-10,优,37,80,12,32,7,12,0.35,61
10,2016-07-11,优,36,63,12,32,8,15,0.37,47
11,2016-07-12,优,33,57,12,30,7,16,0.45,46
12,2016-07-13,优,43,144,16,40,8,19,0.48,55
13,2016-07-14,良,62,271,22,62,8,22,0.5,83
14,2016-07-15,良,76,346,24,78,7,24,0.38,122
15,2016-07-16,良,64,275,24,73,7,20,0.4,93
16,2016-07-17,优,45,128,13,34,6,13,0.37,78
17,2016-07-18,优,43,122,17,38,8,19,0.47,68
18,2016-07-19,优,45,158,14,43,7,13,0.39,73
19,2016-07-20,优,45,181,17,45,6,15,0.45,63
20,2016-07-21,优,38,107,13,33,6,20,0.52,67
21,2016-07-22,优,43,112,14,39,7,17,0.48,68
22,2016-07-23,优,38,77,10,29,7,15,0.41,70
23,2016-07-24,优,43,85,8,24,7,15,0.42,86
24,2016-07-25,良,51,140,16,45,9,20,0.37,88
25,2016-07-26,优,38,64,9,26,6,12,0.33,67
26,2016-07-27,良,65,222,24,79,6,22,0.43,63
27,2016-07-28,良,65,205,17,57,7,18,0.34,103
28,2016-07-29,优,49,111,15,41,7,15,0.36,86
29,2016-07-30,优,50,109,16,52,8,18,0.37,71
30,2016-07-31,优,44,103,9,25,7,14,0.31,85
0,2016-06-01,良,95,347,21,39,9,15,0.55,157
1,2016-06-02,良,85,323,25,57,9,21,0.48,137
2,2016-06-03,良,80,296,27,74,9,19,0.47,128
3,2016-06-04,良,87,312,28,52,8,15,0.45,139
4,2016-06-05,良,71,250,29,65,8,22,0.44,113
5,2016-06-06,良,72,236,18,49,8,16,0.38,121
6,2016-06-07,良,63,185,18,58,9,16,0.43,110
7,2016-06-08,良,68,214,19,52,7,10,0.35,117
8,2016-06-09,良,81,275,17,42,7,11,0.38,137
9,2016-06-10,良,84,308,17,41,7,11,0.4,142
10,2016-06-11,良,83,312,16,31,8,14,0.46,138
11,2016-06-12,良,70,287,15,33,10,17,0.44,122
12,2016-06-13,良,72,265,14,40,7,18,0.47,125
13,2016-06-14,良,77,298,15,38,7,18,0.49,133
14,2016-06-15,良,78,331,16,47,9,19,0.46,128
15,2016-06-16,良,64,200,12,30,7,17,0.5,113
16,2016-06-17,良,61,166,17,41,8,19,0.51,112
17,2016-06-18,良,60,178,16,45,7,18,0.52,105
18,2016-06-19,良,66,241,12,27,5,16,0.54,122
19,2016-06-20,良,77,296,15,39,6,18,0.52,135
20,2016-06-21,良,85,327,14,38,8,18,0.45,134
21,2016-06-22,良,51,182,22,53,9,26,0.59,70
22,2016-06-23,良,51,196,16,47,9,20,0.55,87
23,2016-06-24,良,58,284,23,66,12,27,0.67,70
24,2016-06-25,良,52,216,17,54,10,16,0.48,83
25,2016-06-26,良,55,193,18,58,10,15,0.49,91
26,2016-06-27,优,50,163,14,36,9,17,0.51,96
27,2016-06-28,良,53,173,14,42,9,19,0.48,88
28,2016-06-29,良,51,177,18,39,9,19,0.53,92
29,2016-06-30,良,62,259,18,44,10,21,0.55,104
0,2016-05-01,良,86,230,42,77,7,17,0.52,132
1,2016-05-02,良,91,308,40,125,7,17,0.45,109
2,2016-05-03,良,78,312,30,98,8,26,0.52,94
3,2016-05-04,良,83,277,40,112,8,26,0.52,92
4,2016-05-05,良,93,291,32,102,7,14,0.44,127
5,2016-05-06,良,83,208,23,67,8,12,0.41,135
6,2016-05-07,良,75,238,34,77,9,20,0.54,120
7,2016-05-08,良,78,316,18,33,7,19,0.53,126
8,2016-05-09,良,67,232,26,62,7,24,0.55,101
9,2016-05-10,良,71,229,25,68,8,22,0.54,103
10,2016-05-11,良,80,176,32,86,8,20,0.53,111
11,2016-05-12,良,86,214,23,76,7,17,0.46,134
12,2016-05-13,良,95,331,16,59,6,9,0.39,152
13,2016-05-14,良,86,305,14,39,8,13,0.51,139
14,2016-05-15,良,83,353,21,44,9,13,0.48,134
15,2016-05-16,良,86,343,17,34,8,13,0.45,142
16,2016-05-17,良,84,274,15,34,6,13,0.45,136
17,2016-05-18,良,76,173,21,46,7,16,0.52,128
18,2016-05-19,良,83,201,34,83,7,25,0.59,102
19,2016-05-20,良,69,212,22,62,7,14,0.48,116
20,2016-05-21,良,70,253,21,43,6,15,0.51,125
21,2016-05-22,良,82,301,19,51,6,16,0.45,127
22,2016-05-23,良,75,281,33,96,8,25,0.6,86
23,2016-05-24,良,71,223,27,72,7,16,0.49,111
24,2016-05-25,良,82,279,21,76,9,17,0.37,123
25,2016-05-26,良,84,319,18,64,7,13,0.36,145
26,2016-05-27,良,100,345,19,59,7,11,0.37,157
27,2016-05-28,良,98,338,23,43,13,17,0.41,153
28,2016-05-29,良,81,296,22,40,8,17,0.52,134
29,2016-05-30,良,82,249,14,47,7,12,0.46,136
30,2016-05-31,良,72,214,22,72,8,14,0.5,119
0,2016-04-01,优,47,24,20,42,9,19,0.46,79
1,2016-04-02,良,68,137,35,84,15,33,0.6,59
2,2016-04-03,良,72,282,33,94,9,27,0.38,53
3,2016-04-04,良,69,236,29,87,11,24,0.43,58
4,2016-04-05,良,59,151,21,67,12,18,0.36,67
5,2016-04-06,良,58,199,21,65,8,19,0.39,68
6,2016-04-07,良,62,192,21,73,9,20,0.41,79
7,2016-04-08,良,72,224,23,90,7,13,0.36,97
8,2016-04-09,良,63,178,21,67,6,21,0.45,88
9,2016-04-10,良,62,169,21,71,6,26,0.5,77
10,2016-04-11,良,87,263,34,120,8,31,0.6,73
11,2016-04-12,良,72,215,27,90,9,25,0.52,99
12,2016-04-13,良,82,203,32,111,6,20,0.5,112
13,2016-04-14,良,80,198,37,99,6,17,0.5,118
14,2016-04-15,良,77,215,37,85,6,19,0.48,113
15,2016-04-16,良,72,279,30,90,8,27,0.54,96
16,2016-04-17,良,78,303,30,98,9,36,0.57,81
17,2016-04-18,良,70,298,25,89,10,28,0.49,89
18,2016-04-19,良,72,247,28,85,8,21,0.44,103
19,2016-04-20,良,69,258,24,84,8,26,0.46,94
20,2016-04-21,良,78,239,29,100,8,23,0.43,110
21,2016-04-22,良,76,206,29,83,8,26,0.52,103
22,2016-04-23,良,90,287,38,88,7,18,0.49,145
23,2016-04-24,中度污染,164,347,53,238,7,13,0.43,160
24,2016-04-25,良,98,300,25,84,6,14,0.39,154
25,2016-04-26,良,83,284,34,83,8,21,0.48,130
26,2016-04-27,良,99,332,51,132,8,24,0.53,121
27,2016-04-28,轻度污染,105,334,47,134,7,15,0.48,151
28,2016-04-29,轻度污染,104,299,41,102,7,17,0.54,163
29,2016-04-30,良,100,286,43,104,7,17,0.53,155
0,2016-03-01,优,48,43,17,47,7,15,0.45,73
1,2016-03-02,优,43,19,15,38,8,15,0.44,74
2,2016-03-03,优,45,19,15,44,8,19,0.45,66
3,2016-03-04,良,56,50,20,64,8,24,0.49,56
4,2016-03-05,优,46,26,17,47,7,17,0.42,68
5,2016-03-06,良,51,33,17,53,11,18,0.48,72
6,2016-03-07,良,52,54,19,50,8,14,0.44,94
7,2016-03-08,良,53,134,17,52,8,18,0.49,85
8,2016-03-09,良,57,264,16,60,8,14,0.45,90
9,2016-03-10,优,49,180,14,46,8,15,0.49,87
10,2016-03-11,良,51,100,16,48,9,19,0.5,83
11,2016-03-12,良,58,72,20,66,8,28,0.64,61
12,2016-03-13,良,63,131,21,74,8,18,0.49,75
13,2016-03-14,良,60,85,15,66,8,12,0.4,95
14,2016-03-15,良,53,32,13,48,9,9,0.4,101
15,2016-03-16,良,66,102,18,81,14,15,0.46,85
16,2016-03-17,良,68,118,23,83,10,23,0.53,75
17,2016-03-18,良,74,114,32,96,8,29,0.6,68
18,2016-03-19,良,58,71,24,65,10,23,0.54,78
19,2016-03-20,良,62,77,22,71,10,23,0.58,79
20,2016-03-21,良,82,207,29,111,10,17,0.58,93
21,2016-03-22,良,67,168,20,77,9,13,0.48,109
22,2016-03-23,轻度污染,102,328,50,142,9,12,0.46,107
23,2016-03-24,良,72,283,34,90,10,23,0.55,90
24,2016-03-25,良,76,280,36,99,13,39,0.76,56
25,2016-03-26,良,87,283,42,122,13,39,0.93,52
26,2016-03-27,良,80,214,32,108,10,31,0.67,64
27,2016-03-28,良,82,205,40,112,10,18,0.58,107
28,2016-03-29,良,78,166,36,84,9,16,0.49,109
29,2016-03-30,良,55,51,25,62,8,20,0.51,67
30,2016-03-31,良,58,52,22,67,11,14,0.45,71
0,2016-02-01,轻度污染,112,288,38,171,6,16,0.46,64
1,2016-02-02,良,68,104,25,85,7,18,0.56,65
2,2016-02-03,良,78,117,33,105,8,22,0.71,58
3,2016-02-04,良,76,157,33,100,9,20,0.62,60
4,2016-02-05,良,70,157,34,88,10,26,0.89,46
5,2016-02-06,良,55,98,24,60,8,24,0.68,57
6,2016-02-07,良,54,42,22,60,10,17,0.55,67
7,2016-02-08,良,72,38,23,96,7,7,0.4,80
8,2016-02-09,良,66,99,27,54,7,8,0.45,109
9,2016-02-10,良,54,63,23,33,7,10,0.45,83
10,2016-02-11,良,59,136,20,71,6,9,0.46,73
11,2016-02-12,良,64,133,20,77,6,8,0.45,86
12,2016-02-13,良,60,234,17,67,5,5,0.41,86
13,2016-02-14,良,56,303,12,57,6,7,0.43,87
14,2016-02-15,优,44,179,12,34,5,10,0.49,80
15,2016-02-16,优,49,168,14,49,5,11,0.51,74
16,2016-02-17,优,50,78,14,43,5,10,0.48,82
17,2016-02-18,优,38,11,14,34,5,12,0.45,65
18,2016-02-19,优,49,46,17,49,5,12,0.46,66
19,2016-02-20,优,39,19,11,38,6,11,0.46,50
20,2016-02-21,良,57,73,13,64,5,7,0.42,83
21,2016-02-22,良,65,123,21,78,6,15,0.51,71
22,2016-02-23,良,70,178,24,91,5,9,0.45,66
23,2016-02-24,良,56,126,16,64,6,6,0.34,82
24,2016-02-25,优,46,55,11,30,6,7,0.31,92
25,2016-02-26,优,45,61,13,36,6,13,0.36,82
26,2016-02-27,良,51,84,18,51,7,17,0.43,71
27,2016-02-28,优,44,41,12,31,6,13,0.38,79
28,2016-02-29,优,45,55,14,44,7,15,0.45,70
0,2016-01-01,优,49,29,18,39,6,15,0.41,82
1,2016-01-02,优,47,31,23,50,7,22,0.6,59
2,2016-01-03,良,60,51,33,65,7,25,0.72,51
3,2016-01-04,良,51,52,22,48,7,20,0.63,69
4,2016-01-05,良,64,164,37,74,8,31,0.89,54
5,2016-01-06,良,82,225,56,89,8,34,1.09,47
6,2016-01-07,优,45,75,25,46,7,21,0.7,60
7,2016-01-08,优,50,82,26,54,7,21,0.69,53
8,2016-01-09,良,59,95,21,70,6,9,0.49,79
9,2016-01-10,良,56,91,21,41,7,20,0.63,87
10,2016-01-11,良,57,153,32,62,8,25,0.74,55
11,2016-01-12,良,60,178,34,70,9,27,0.87,47
12,2016-01-13,良,65,160,41,76,8,29,0.98,45
13,2016-01-14,良,56,80,30,62,7,27,0.81,50
14,2016-01-15,优,50,71,27,54,7,22,0.69,57
15,2016-01-16,良,56,86,22,54,5,11,0.42,93
16,2016-01-17,良,51,98,25,42,8,16,0.46,79
17,2016-01-18,良,53,99,28,60,9,25,0.57,59
18,2016-01-19,良,64,115,34,79,9,24,0.65,55
19,2016-01-20,轻度污染,108,285,37,146,6,12,0.49,81
20,2016-01-21,优,49,118,20,44,7,12,0.46,81
21,2016-01-22,优,45,122,16,33,6,12,0.48,78
22,2016-01-23,优,45,108,20,42,7,14,0.49,67
23,2016-01-24,优,43,62,21,41,6,17,0.55,60
24,2016-01-25,优,46,43,20,47,6,17,0.54,61
25,2016-01-26,优,42,24,21,40,7,17,0.53,61
26,2016-01-27,良,63,112,33,73,8,22,0.61,50
27,2016-01-28,优,47,81,19,48,6,14,0.39,69
28,2016-01-29,良,56,143,22,58,7,19,0.49,76
29,2016-01-30,良,68,173,36,83,8,30,0.89,48
30,2016-01-31,良,71,205,28,91,7,22,0.65,62
0,2015-12-01,良,59,90,28,71,7,23,0.69,54
1,2015-12-02,良,54,101,25,62,6,18,0.62,58
2,2015-12-03,良,61,190,35,69,6,26,0.8,42
3,2015-12-04,良,69,245,47,69,8,31,0.95,37
4,2015-12-05,良,64,196,42,73,7,27,0.76,53
5,2015-12-06,优,48,120,23,50,6,18,0.51,70
6,2015-12-07,良,58,124,30,65,6,24,0.62,65
7,2015-12-08,良,54,90,25,59,7,22,0.56,64
8,2015-12-09,良,71,150,41,92,10,30,0.68,54
9,2015-12-10,良,72,156,40,91,9,26,0.66,55
10,2015-12-11,良,88,204,45,119,10,32,0.83,50
11,2015-12-12,良,69,155,31,87,9,23,0.67,68
12,2015-12-13,良,59,122,25,68,8,15,0.48,77
13,2015-12-14,良,61,141,33,70,10,29,0.79,59
14,2015-12-15,良,52,134,26,54,8,24,0.67,59
15,2015-12-16,良,55,187,28,60,8,22,0.62,59
16,2015-12-17,良,61,203,34,72,9,28,0.8,47
17,2015-12-18,良,54,88,19,57,5,6,0.33,87
18,2015-12-19,良,52,62,18,38,6,17,0.5,79
19,2015-12-20,良,64,66,30,77,7,20,0.62,58
20,2015-12-21,轻度污染,146,223,48,211,7,16,0.56,73
21,2015-12-22,良,91,129,53,121,8,32,0.87,49
22,2015-12-23,中度污染,167,224,71,231,9,28,0.96,54
23,2015-12-24,轻度污染,117,238,53,181,7,17,0.61,75
24,2015-12-25,良,73,144,30,95,6,12,0.42,86
25,2015-12-26,良,56,96,28,53,8,22,0.61,71
26,2015-12-27,轻度污染,105,273,75,129,12,45,1.27,48
27,2015-12-28,轻度污染,138,289,103,148,13,50,1.82,38
28,2015-12-29,良,75,114,41,91,9,28,0.89,55
29,2015-12-30,良,68,100,37,82,8,26,0.78,57
30,2015-12-31,良,68,90,32,83,6,21,0.74,57
0,2015-11-01,良,63,191,28,74,10,22,0.69,67
1,2015-11-02,良,54,99,22,54,10,24,0.64,63
2,2015-11-03,良,63,94,36,76,11,30,0.74,59
3,2015-11-04,良,61,83,35,71,10,25,0.7,60
4,2015-11-05,良,70,153,36,88,7,30,0.72,52
5,2015-11-06,良,54,186,21,59,7,16,0.59,77
6,2015-11-07,优,46,155,15,45,11,13,0.48,79
7,2015-11-08,良,55,145,26,63,10,25,0.99,61
8,2015-11-09,良,77,190,45,101,11,39,1.27,43
9,2015-11-10,良,64,148,34,78,11,28,0.87,48
10,2015-11-11,良,62,156,24,71,9,17,0.62,66
11,2015-11-12,良,51,121,21,54,9,18,0.54,65
12,2015-11-13,良,71,219,34,91,10,29,0.76,55
13,2015-11-14,良,76,203,45,101,13,36,0.91,48
14,2015-11-15,良,65,164,33,81,9,28,0.7,53
15,2015-11-16,良,83,270,40,111,9,30,0.76,54
16,2015-11-17,良,66,219,27,78,7,19,0.54,71
17,2015-11-18,良,68,278,33,85,7,25,0.6,56
18,2015-11-19,优,47,103,19,49,8,21,0.52,46
19,2015-11-20,良,76,247,40,100,10,36,0.91,46
20,2015-11-21,良,79,287,47,103,10,39,0.98,42
21,2015-11-22,良,79,324,50,101,11,37,0.94,46
22,2015-11-23,良,83,344,51,108,11,37,1.06,39
23,2015-11-24,良,86,350,57,117,11,44,1.14,43
24,2015-11-25,良,75,292,47,87,10,39,0.87,54
25,2015-11-26,良,66,243,34,82,8,32,0.68,51
26,2015-11-27,良,68,211,35,86,7,27,0.68,52
27,2015-11-28,良,61,100,30,72,7,22,0.67,55
28,2015-11-29,良,64,108,34,79,9,26,0.75,54
29,2015-11-30,良,70,142,40,89,8,28,0.87,55
0,2015-10-01,良,63,224,26,70,8,29,0.6,66
1,2015-10-02,良,66,183,30,81,8,32,0.59,55
2,2015-10-03,良,65,171,28,77,9,28,0.63,59
3,2015-10-04,良,55,133,20,57,7,18,0.53,66
4,2015-10-05,良,57,164,22,57,7,20,0.5,80
5,2015-10-06,良,63,198,33,73,7,30,0.6,64
6,2015-10-07,良,64,233,30,75,7,29,0.6,62
7,2015-10-08,良,63,272,33,75,9,31,0.64,60
8,2015-10-09,良,66,252,27,79,8,21,0.51,71
9,2015-10-10,优,49,163,23,46,7,12,0.38,82
10,2015-10-11,优,49,159,18,46,7,13,0.42,82
11,2015-10-12,良,68,205,30,86,9,26,0.63,56
12,2015-10-13,良,58,96,30,65,8,22,0.54,69
13,2015-10-14,良,59,60,28,69,8,20,0.49,69
14,2015-10-15,良,51,41,25,56,8,16,0.5,72
15,2015-10-16,良,53,37,17,58,9,19,0.52,66
16,2015-10-17,良,51,41,25,44,8,17,0.54,75
17,2015-10-18,良,54,83,27,61,10,25,0.61,62
18,2015-10-19,良,63,95,30,75,11,30,0.62,61
19,2015-10-20,良,75,136,39,95,9,36,0.81,57
20,2015-10-21,良,82,203,49,103,10,34,0.7,68
21,2015-10-22,良,58,100,24,65,9,18,0.56,69
22,2015-10-23,优,48,33,18,45,6,13,0.45,78
23,2015-10-24,良,57,87,25,63,9,25,0.56,61
24,2015-10-25,良,81,237,43,110,10,35,0.75,44
25,2015-10-26,良,79,241,40,106,11,35,0.77,49
26,2015-10-27,良,60,198,29,69,10,24,0.58,58
27,2015-10-28,良,79,243,46,104,11,32,0.88,41
28,2015-10-29,良,53,155,20,57,9,18,0.58,80
29,2015-10-30,良,53,158,18,46,9,15,0.46,90
30,2015-10-31,良,55,204,25,60,10,23,0.61,63
0,2015-09-01,良,53,173,19,55,8,15,0.48,76
1,2015-09-02,优,47,137,17,41,8,16,0.47,83
2,2015-09-03,优,43,118,13,37,9,12,0.47,75
3,2015-09-04,优,42,132,12,38,10,10,0.44,73
4,2015-09-05,良,53,243,13,27,8,18,0.59,100
5,2015-09-06,优,45,137,13,33,10,15,0.56,81
6,2015-09-07,优,42,82,14,31,9,16,0.63,76
7,2015-09-08,良,52,143,21,49,12,22,0.71,70
8,2015-09-09,良,56,198,26,60,11,23,0.75,62
9,2015-09-10,良,55,196,27,63,11,25,0.72,51
10,2015-09-11,优,46,157,16,45,11,13,0.66,73
11,2015-09-12,优,42,128,16,29,10,14,0.67,75
12,2015-09-13,优,42,65,15,35,9,18,0.67,72
13,2015-09-14,优,46,45,11,27,10,14,0.6,93
14,2015-09-15,优,46,71,15,43,11,18,0.77,73
15,2015-09-16,优,48,73,17,43,11,17,0.71,85
16,2015-09-17,优,42,50,13,40,10,14,0.56,71
17,2015-09-18,优,46,77,16,44,10,17,0.6,70
18,2015-09-19,优,42,89,15,35,10,16,0.63,62
19,2015-09-20,良,52,141,15,56,10,11,0.45,76
20,2015-09-21,优,42,88,15,42,14,14,0.57,50
21,2015-09-22,优,38,68,15,31,9,18,0.62,66
22,2015-09-23,良,51,162,23,56,11,24,0.77,40
23,2015-09-24,优,49,155,17,49,9,17,0.63,75
24,2015-09-25,良,51,170,21,58,10,20,0.72,49
25,2015-09-26,优,48,133,19,53,8,19,0.69,54
26,2015-09-27,良,52,140,18,55,8,19,0.71,55
27,2015-09-28,优,50,148,16,52,9,13,0.55,65
28,2015-09-29,良,59,228,21,67,9,21,0.65,63
29,2015-09-30,良,66,261,28,77,9,29,0.57,66
0,2015-08-01,优,38,70,13,31,8,14,0.49,56
1,2015-08-02,优,35,55,13,29,8,18,0.68,59
2,2015-08-03,优,50,157,21,50,9,24,0.61,65
3,2015-08-04,良,57,225,25,62,9,25,0.58,78
4,2015-08-05,良,51,150,10,27,8,13,0.46,95
5,2015-08-06,优,38,57,11,24,7,17,0.63,70
6,2015-08-07,优,36,52,15,31,7,20,0.61,64
7,2015-08-08,良,65,267,28,69,8,32,0.66,74
8,2015-08-09,良,66,296,26,68,8,29,0.59,89
9,2015-08-10,良,76,329,36,99,8,32,0.59,73
10,2015-08-11,良,53,205,21,49,7,23,0.54,86
11,2015-08-12,良,53,155,20,51,6,17,0.49,86
12,2015-08-13,优,49,103,18,49,7,16,0.47,71
13,2015-08-14,优,43,89,16,34,7,18,0.58,73
14,2015-08-15,优,41,97,14,30,6,15,0.53,73
15,2015-08-16,优,44,103,15,33,6,16,0.59,78
16,2015-08-17,优,41,88,14,36,7,16,0.59,71
17,2015-08-18,优,44,95,15,39,6,17,0.57,71
18,2015-08-19,优,44,95,12,31,5,17,0.52,83
19,2015-08-20,良,51,190,15,41,7,17,0.55,92
20,2015-08-21,良,54,159,22,46,6,19,0.53,90
21,2015-08-22,优,46,95,14,32,6,19,0.44,83
22,2015-08-23,优,37,49,12,25,5,19,0.54,73
23,2015-08-24,优,48,120,18,37,6,18,0.42,87
24,2015-08-25,良,55,153,27,54,7,20,0.53,73
25,2015-08-26,良,68,197,39,72,7,23,0.56,71
26,2015-08-27,优,44,77,13,27,6,14,0.41,84
27,2015-08-28,优,46,101,15,39,7,15,0.56,79
28,2015-08-29,良,57,162,22,56,7,23,0.61,81
29,2015-08-30,良,65,209,16,42,7,15,0.43,111
30,2015-08-31,良,52,155,20,51,8,21,0.48,82
0,2015-07-01,良,53,189,24,56,8,13,0.42,70
1,2015-07-02,良,52,171,21,54,9,10,0.35,76
2,2015-07-03,优,48,153,17,45,9,12,0.37,82
3,2015-07-04,良,68,244,14,31,7,13,0.37,131
4,2015-07-05,良,100,342,16,41,7,13,0.39,155
5,2015-07-06,良,83,309,24,56,8,18,0.46,134
6,2015-07-07,良,67,245,19,55,7,12,0.38,104
7,2015-07-08,优,46,72,12,22,7,14,0.54,87
8,2015-07-09,良,63,196,20,46,10,23,0.63,108
9,2015-07-10,优,50,142,18,46,9,22,0.55,78
10,2015-07-11,优,43,102,16,41,9,19,0.47,63
11,2015-07-12,良,52,122,18,56,8,23,0.52,58
12,2015-07-13,良,55,78,23,59,8,24,0.56,61
13,2015-07-14,良,51,71,22,44,8,28,0.67,84
14,2015-07-15,良,71,223,32,67,7,26,0.6,85
15,2015-07-16,良,82,303,23,55,6,18,0.31,136
16,2015-07-17,良,75,297,24,57,6,18,0.38,125
17,2015-07-18,良,69,260,30,68,6,25,0.45,109
18,2015-07-19,良,62,211,20,56,6,18,0.42,106
19,2015-07-20,良,63,186,26,57,7,22,0.52,107
20,2015-07-21,良,71,251,31,74,8,29,0.54,113
21,2015-07-22,良,73,267,35,61,8,21,0.42,113
22,2015-07-23,良,68,275,30,53,8,22,0.46,115
23,2015-07-24,良,89,328,27,53,7,19,0.44,138
24,2015-07-25,良,75,277,24,44,8,18,0.46,125
25,2015-07-26,良,63,191,26,64,8,16,0.49,102
26,2015-07-27,良,73,253,35,89,8,17,0.51,104
27,2015-07-28,良,60,220,23,54,8,20,0.45,104
28,2015-07-29,良,64,250,24,58,8,20,0.45,106
29,2015-07-30,良,57,231,22,53,8,18,0.43,96
30,2015-07-31,良,56,240,17,46,8,14,0.44,91
0,2015-06-01,良,64,150,24,64,6,7,0.57,110
1,2015-06-02,良,90,303,23,54,6,9,0.38,144
2,2015-06-03,良,75,303,30,53,7,12,0.43,124
3,2015-06-04,良,78,290,33,82,11,13,0.43,112
4,2015-06-05,良,56,146,22,47,9,12,0.42,100
5,2015-06-06,良,63,168,25,61,9,12,0.41,110
6,2015-06-07,良,65,228,21,58,9,10,0.36,112
7,2015-06-08,良,67,266,28,55,11,12,0.45,118
8,2015-06-09,良,82,257,15,29,9,15,0.45,136
9,2015-06-10,良,80,254,21,53,10,18,0.48,128
10,2015-06-11,良,73,243,19,57,9,15,0.53,114
11,2015-06-12,优,50,102,13,23,8,15,0.57,98
12,2015-06-13,优,50,133,13,31,8,14,0.6,97
13,2015-06-14,良,54,159,15,44,9,17,0.58,97
14,2015-06-15,良,70,217,18,42,7,16,0.45,122
15,2015-06-16,良,56,150,15,33,7,10,0.42,105
16,2015-06-17,良,59,186,19,44,8,15,0.44,101
17,2015-06-18,良,64,237,24,75,7,12,0.41,89
18,2015-06-19,良,53,151,18,34,8,15,0.54,101
19,2015-06-20,良,57,180,11,17,8,16,0.57,107
20,2015-06-21,良,56,141,14,25,8,13,0.66,104
21,2015-06-22,优,47,103,18,44,8,13,0.59,67
22,2015-06-23,优,44,104,18,43,7,15,0.65,48
23,2015-06-24,优,40,125,14,35,6,12,0.6,56
24,2015-06-25,优,39,120,16,36,7,13,0.62,62
25,2015-06-26,优,46,140,16,39,8,13,0.55,74
26,2015-06-27,优,46,169,17,39,6,11,0.53,78
27,2015-06-28,优,42,124,16,41,6,13,0.51,53
28,2015-06-29,优,40,100,14,39,6,12,0.45,61
29,2015-06-30,优,49,185,19,52,10,11,0.27,77
0,2015-05-01,良,65,158,29,61,7,15,0.46,107
1,2015-05-02,良,55,143,16,50,7,10,0.37,101
2,2015-05-03,良,59,129,15,40,7,13,0.46,104
3,2015-05-04,良,61,150,16,39,8,12,0.53,106
4,2015-05-05,良,72,168,30,67,11,13,0.55,119
5,2015-05-06,良,76,177,38,100,11,22,0.64,91
6,2015-05-07,良,62,97,28,66,12,16,0.66,99
7,2015-05-08,良,72,229,31,89,13,18,0.59,92
8,2015-05-09,良,66,212,30,71,13,26,0.71,85
9,2015-05-10,良,72,234,30,91,13,27,0.75,82
10,2015-05-11,良,62,253,28,59,13,12,0.59,107
11,2015-05-12,良,65,205,17,33,12,16,0.64,120
12,2015-05-13,良,66,137,18,40,11,17,0.54,117
13,2015-05-14,良,77,213,17,38,12,19,0.55,123
14,2015-05-15,良,85,284,29,106,12,27,0.6,80
15,2015-05-16,良,52,101,15,43,12,12,0.5,97
16,2015-05-17,良,69,164,16,45,12,17,0.56,123
17,2015-05-18,良,82,232,18,40,13,16,0.68,134
18,2015-05-19,良,75,209,29,81,12,26,0.63,98
19,2015-05-20,良,69,204,26,75,13,17,0.54,99
20,2015-05-21,良,61,172,20,51,9,12,0.41,111
21,2015-05-22,良,78,231,18,49,8,10,0.35,134
22,2015-05-23,良,92,271,15,41,8,8,0.38,148
23,2015-05-24,良,88,240,22,52,8,11,0.37,141
24,2015-05-25,良,81,205,25,56,9,16,0.45,137
25,2015-05-26,良,84,213,26,47,10,17,0.54,136
26,2015-05-27,良,64,151,31,64,8,21,0.68,95
27,2015-05-28,良,77,222,23,49,7,14,0.59,132
28,2015-05-29,良,65,230,27,51,6,16,0.58,110
29,2015-05-30,良,69,254,38,81,7,20,0.7,89
30,2015-05-31,良,58,119,22,52,6,8,0.62,104
0,2015-04-01,良,66,196,19,46,8,11,0.65,107
1,2015-04-02,良,54,136,18,48,9,10,0.62,93
2,2015-04-03,良,56,119,27,51,9,11,0.66,87
3,2015-04-04,优,50,77,12,28,9,10,0.67,95
4,2015-04-05,良,59,146,15,53,8,6,0.62,108
5,2015-04-06,良,63,220,16,33,13,12,0.82,114
6,2015-04-07,良,63,257,16,47,11,16,0.69,109
7,2015-04-08,良,68,250,21,58,11,13,0.67,113
8,2015-04-09,良,74,242,19,59,12,14,0.75,122
9,2015-04-10,良,68,194,21,48,10,16,0.64,112
10,2015-04-11,良,64,134,12,41,9,12,0.6,115
11,2015-04-12,良,62,126,15,39,9,11,0.6,113
12,2015-04-13,良,60,125,25,42,10,16,0.6,103
13,2015-04-14,良,53,31,15,28,10,14,0.5,107
14,2015-04-15,良,64,58,30,56,11,20,0.51,100
15,2015-04-16,良,58,30,17,43,9,13,0.34,108
16,2015-04-17,良,70,78,18,57,9,20,0.44,122
17,2015-04-18,良,94,235,20,88,9,15,0.41,138
18,2015-04-19,良,76,259,33,61,11,24,0.55,125
19,2015-04-20,良,62,194,34,67,13,32,0.64,75
20,2015-04-21,良,62,159,30,67,11,30,0.58,78
21,2015-04-22,良,66,157,23,60,11,19,0.43,104
22,2015-04-23,良,69,136,23,53,9,12,0.33,119
23,2015-04-24,良,63,108,30,43,9,18,0.55,106
24,2015-04-25,良,57,50,24,44,9,18,0.53,99
25,2015-04-26,良,63,68,19,35,7,18,0.55,112
26,2015-04-27,良,64,86,22,42,8,19,0.59,108
27,2015-04-28,良,65,133,23,54,12,13,0.54,111
28,2015-04-29,良,62,109,25,60,9,15,0.57,100
29,2015-04-30,良,60,62,20,35,8,15,0.57,114
0,2015-03-01,优,40,62,12,35,8,9,0.62,71
1,2015-03-02,优,37,18,13,23,9,11,0.66,68
2,2015-03-03,优,33,11,7,21,10,8,0.55,70
3,2015-03-04,优,47,101,11,39,10,6,0.49,87
4,2015-03-05,良,57,163,16,41,9,10,0.49,96
5,2015-03-06,优,48,93,14,49,8,15,0.46,76
6,2015-03-07,优,45,62,12,37,8,9,0.45,74
7,2015-03-08,优,32,10,11,29,8,14,0.51,54
8,2015-03-09,优,41,39,13,34,10,10,0.48,75
9,2015-03-10,良,54,124,13,50,6,7,0.28,88
10,2015-03-11,良,52,88,11,25,9,11,0.35,98
11,2015-03-12,优,47,70,14,37,15,15,0.52,88
12,2015-03-13,优,45,54,16,43,10,20,0.54,70
13,2015-03-14,良,56,59,21,55,10,15,0.6,95
14,2015-03-15,良,53,46,17,48,9,14,0.6,89
15,2015-03-16,良,60,84,16,63,10,9,0.6,97
16,2015-03-17,良,56,87,10,33,10,9,0.55,105
17,2015-03-18,良,64,171,17,64,10,10,0.59,100
18,2015-03-19,良,56,89,15,47,11,9,0.53,101
19,2015-03-20,良,58,114,15,53,10,10,0.53,102
20,2015-03-21,良,53,51,20,50,11,14,0.58,91
21,2015-03-22,良,75,140,22,80,11,19,0.58,119
22,2015-03-23,良,67,162,30,81,15,14,0.74,105
23,2015-03-24,良,55,121,21,54,13,18,0.67,78
24,2015-03-25,良,53,94,21,50,12,19,0.63,76
25,2015-03-26,良,57,128,26,64,13,28,0.79,62
26,2015-03-27,良,75,184,33,98,11,19,0.67,66
27,2015-03-28,优,46,30,20,37,10,13,0.73,80
28,2015-03-29,良,56,62,24,62,10,21,0.72,67
29,2015-03-30,良,52,68,20,55,15,14,0.74,81
30,2015-03-31,良,79,201,26,70,11,11,0.71,109
0,2015-02-01,优,40,21,19,39,8,21,0.57,60
1,2015-02-02,优,41,17,20,39,12,25,0.67,58
2,2015-02-03,良,53,40,31,58,9,28,0.62,47
3,2015-02-04,良,60,93,32,68,13,27,0.65,55
4,2015-02-05,良,57,81,29,63,11,31,0.66,45
5,2015-02-06,优,46,19,24,47,9,22,0.65,46
6,2015-02-07,优,43,25,20,43,9,22,0.69,46
7,2015-02-08,优,47,46,22,49,8,20,0.75,60
8,2015-02-09,优,43,15,20,39,7,17,0.71,70
9,2015-02-10,优,37,11,14,32,10,15,0.62,60
10,2015-02-11,优,37,7,13,27,8,13,0.57,61
11,2015-02-12,优,41,14,19,38,8,17,0.59,55
12,2015-02-13,优,38,10,19,29,5,14,0.61,74
13,2015-02-14,良,51,36,34,46,7,29,0.86,64
14,2015-02-15,良,53,41,32,48,7,28,0.86,53
15,2015-02-16,优,36,3,18,31,12,22,0.8,58
16,2015-02-17,优,38,9,21,35,7,19,0.68,55
17,2015-02-18,优,41,18,22,41,11,21,0.71,52
18,2015-02-19,优,45,8,23,36,7,9,0.61,72
19,2015-02-20,优,40,38,20,35,6,11,0.58,61
20,2015-02-21,优,34,20,17,30,6,12,0.59,54
21,2015-02-22,优,35,21,12,26,6,13,0.62,62
22,2015-02-23,优,40,54,22,39,7,23,0.83,46
23,2015-02-24,优,48,73,28,48,11,25,0.93,38
24,2015-02-25,优,41,77,24,39,10,24,0.92,41
25,2015-02-26,良,57,172,25,64,12,19,0.82,59
26,2015-02-27,优,44,133,13,37,7,10,0.59,72
27,2015-02-28,优,41,133,10,33,8,8,0.58,71
0,2015-01-01,良,61,79,35,70,16,36,1.93,50
1,2015-01-02,良,63,132,35,71,16,36,1.75,49
2,2015-01-03,良,69,62,34,83,11,26,1.67,61
3,2015-01-04,良,71,43,18,88,5,8,1.13,93
4,2015-01-05,优,49,27,11,31,10,11,1.02,90
5,2015-01-06,优,47,69,15,38,6,15,0.73,84
6,2015-01-07,优,47,41,22,48,6,18,0.78,72
7,2015-01-08,优,42,16,11,22,5,12,0.73,84
8,2015-01-09,优,43,25,15,25,6,12,0.79,83
9,2015-01-10,优,43,24,15,29,6,14,0.85,78
10,2015-01-11,优,45,35,21,42,7,19,0.99,67
11,2015-01-12,优,44,48,24,43,9,21,1.05,62
12,2015-01-13,优,50,81,28,51,10,24,1.09,63
13,2015-01-14,良,59,102,37,63,13,36,1.34,58
14,2015-01-15,良,68,99,36,85,12,30,1.34,61
15,2015-01-16,良,51,30,23,52,9,23,1.12,65
16,2015-01-17,优,40,14,13,34,8,14,0.91,74
17,2015-01-18,优,42,20,15,34,8,14,0.96,68
18,2015-01-19,优,43,22,18,43,9,18,1.07,60
19,2015-01-20,优,39,13,14,34,7,16,0.89,68
20,2015-01-21,优,49,36,22,45,10,22,1.13,66
21,2015-01-22,良,58,36,32,65,11,33,1.22,53
22,2015-01-23,良,59,22,32,66,16,34,1.13,46
23,2015-01-24,良,60,28,28,70,13,32,1.17,44
24,2015-01-25,良,52,18,25,55,15,36,1.38,38
25,2015-01-26,良,59,33,31,69,15,35,1.48,34
26,2015-01-27,良,59,104,32,69,10,28,0.86,56
27,2015-01-28,良,54,172,23,57,8,20,0.55,64
28,2015-01-29,优,48,94,18,50,8,11,0.36,71
29,2015-01-30,良,52,101,15,52,6,12,0.38,76
30,2015-01-31,优,47,54,14,33,6,12,0.36,85
0,2014-12-01,良,85,129,56,107,12,41,1.38,48
1,2014-12-02,良,66,91,42,79,10,40,1.32,30
2,2014-12-03,良,88,132,52,122,17,45,1.59,71
3,2014-12-04,良,83,140,51,109,15,46,1.52,49
4,2014-12-05,良,81,114,50,106,14,41,1.46,44
5,2014-12-06,良,83,92,52,108,12,42,1.42,49
6,2014-12-07,良,73,54,43,87,12,41,1.44,50
7,2014-12-08,良,80,60,45,103,12,38,1.47,49
8,2014-12-09,良,64,39,31,77,11,29,1.36,62
9,2014-12-10,良,56,20,30,59,12,30,1.39,64
10,2014-12-11,良,56,35,23,60,10,21,1.22,71
11,2014-12-12,良,54,32,30,59,11,32,1.34,52
12,2014-12-13,良,61,19,37,70,12,38,1.52,46
13,2014-12-14,良,51,2,32,56,12,35,1.39,51
14,2014-12-15,良,51,4,24,52,10,21,1.28,69
15,2014-12-16,良,52,38,15,39,7,12,0.98,93
16,2014-12-17,优,47,15,12,29,6,13,0.97,90
17,2014-12-18,优,49,4,20,46,9,20,1.18,77
18,2014-12-19,良,56,14,29,61,12,29,1.38,59
19,2014-12-20,良,61,53,38,69,12,39,1.66,39
20,2014-12-21,良,90,125,60,105,21,47,2.06,59
21,2014-12-22,良,75,44,46,78,12,36,1.77,52
22,2014-12-23,良,60,3,38,66,17,41,1.83,45
23,2014-12-24,良,77,40,54,78,14,42,2.03,45
24,2014-12-25,良,76,51,47,84,15,44,1.88,53
25,2014-12-26,良,98,100,53,140,16,45,2.16,50
26,2014-12-27,良,61,34,28,66,12,31,1.56,74
27,2014-12-28,良,51,18,17,48,6,15,1.17,79
28,2014-12-29,良,73,25,43,83,12,32,1.68,58
29,2014-12-30,良,74,34,46,89,14,41,2.05,47
30,2014-12-31,良,65,168,38,77,13,40,1.91,37
0,2014-11-01,良,65,76,33,79,9,38,1.3,48
1,2014-11-02,良,66,107,32,79,9,31,1.27,52
2,2014-11-03,良,54,40,18,49,7,19,0.86,86
3,2014-11-04,良,62,27,24,72,8,29,0.91,68
4,2014-11-05,良,63,26,31,74,11,36,1.01,51
5,2014-11-06,良,53,30,23,57,7,21,0.74,75
6,2014-11-07,良,55,48,25,62,9,30,0.85,72
7,2014-11-08,良,72,109,40,91,11,49,1.27,46
8,2014-11-09,良,69,89,35,85,12,47,1.19,63
9,2014-11-10,良,74,64,40,96,12,48,1.25,58
10,2014-11-11,良,71,59,39,89,18,46,1.13,52
11,2014-11-12,良,83,129,52,100,10,42,0.91,48
12,2014-11-13,良,66,71,40,79,8,37,0.69,49
13,2014-11-14,良,57,27,30,66,9,35,0.64,48
14,2014-11-15,良,57,20,29,64,10,33,0.65,47
15,2014-11-16,良,60,27,24,71,9,27,0.57,66
16,2014-11-17,良,54,18,21,56,8,24,0.55,65
17,2014-11-18,良,56,13,28,62,8,26,0.57,46
18,2014-11-19,良,59,16,32,68,9,29,0.69,48
19,2014-11-20,良,57,12,24,65,10,30,0.75,49
20,2014-11-21,良,68,28,38,83,13,37,0.92,46
21,2014-11-22,良,70,33,33,85,10,25,0.84,52
22,2014-11-23,良,66,46,21,77,8,19,0.6,81
23,2014-11-24,良,57,60,25,60,7,26,0.72,72
24,2014-11-25,良,51,40,26,57,11,29,0.85,58
25,2014-11-26,良,77,81,48,94,11,35,0.99,50
26,2014-11-27,良,57,51,32,65,11,34,0.96,59
27,2014-11-28,良,64,60,39,74,11,35,1.06,51
28,2014-11-29,良,67,60,39,80,11,35,1.08,52
29,2014-11-30,良,63,89,34,76,11,31,1.06,63
0,2014-10-01,优,49,39,15,35,8,19,0.69,82
1,2014-10-02,优,47,22,11,33,7,16,0.61,90
2,2014-10-03,优,48,26,15,33,8,23,0.74,83
3,2014-10-04,良,51,35,19,44,8,25,0.79,74
4,2014-10-05,良,51,25,20,48,8,25,0.77,81
5,2014-10-06,良,56,34,24,57,8,27,0.86,73
6,2014-10-07,良,54,7,20,46,8,21,0.74,86
7,2014-10-08,良,58,21,27,62,9,30,0.87,63
8,2014-10-09,良,61,35,27,65,9,36,0.93,62
9,2014-10-10,良,63,34,31,68,13,33,0.96,71
10,2014-10-11,良,58,23,22,58,10,27,0.9,86
11,2014-10-12,良,60,76,27,68,12,30,0.92,77
12,2014-10-13,良,64,99,32,72,13,36,0.92,75
13,2014-10-14,良,54,12,23,58,8,34,1.01,69
14,2014-10-15,良,56,3,27,55,7,24,0.87,74
15,2014-10-16,良,51,17,20,51,8,29,0.9,71
16,2014-10-17,优,49,9,20,49,7,23,0.82,77
17,2014-10-18,良,51,15,14,43,7,18,0.77,88
18,2014-10-19,良,54,33,14,39,8,23,0.83,93
19,2014-10-20,良,54,27,19,52,6,32,0.9,81
20,2014-10-21,良,60,32,28,67,7,35,0.98,68
21,2014-10-22,良,55,20,27,54,7,24,0.93,81
22,2014-10-23,良,51,3,23,46,7,25,0.89,76
23,2014-10-24,良,54,12,25,58,7,29,0.94,72
24,2014-10-25,良,62,24,27,71,7,32,0.99,65
25,2014-10-26,优,49,8,18,43,6,21,0.84,87
26,2014-10-27,优,49,10,22,52,9,30,1.04,64
27,2014-10-28,优,46,13,21,45,7,23,0.92,76
28,2014-10-29,良,55,52,25,61,8,27,0.97,65
29,2014-10-30,良,62,80,33,74,9,36,1.21,55
30,2014-10-31,良,77,111,42,100,10,40,1.37,49
0,2014-09-01,优,34,17,11,30,8,14,0.71,50
1,2014-09-02,优,37,26,13,37,9,15,0.69,42
2,2014-09-03,优,39,47,16,36,8,18,0.74,63
3,2014-09-04,优,40,16,14,33,8,20,0.83,67
4,2014-09-05,优,42,15,18,42,9,21,0.87,47
5,2014-09-06,优,42,10,16,41,10,22,0.71,57
6,2014-09-07,优,47,26,19,48,11,22,0.8,45
7,2014-09-08,优,43,32,17,42,10,19,0.73,52
8,2014-09-09,优,44,40,11,28,9,16,0.72,81
9,2014-09-10,优,46,32,13,34,9,16,0.68,80
10,2014-09-11,优,42,30,11,24,8,15,0.62,79
11,2014-09-12,优,42,53,13,34,10,19,0.64,65
12,2014-09-13,优,43,64,14,42,9,20,0.71,50
13,2014-09-14,优,41,41,10,34,9,13,0.57,71
14,2014-09-15,优,41,45,11,28,9,14,0.61,75
15,2014-09-16,优,42,59,11,33,9,14,0.58,71
16,2014-09-17,优,43,78,19,35,9,21,0.57,76
17,2014-09-18,良,54,98,22,54,9,26,0.59,72
18,2014-09-19,良,55,69,23,58,11,30,0.71,59
19,2014-09-20,优,42,29,13,27,9,17,0.65,78
20,2014-09-21,优,35,5,15,29,11,21,0.75,48
21,2014-09-22,优,34,8,15,33,11,22,0.81,54
22,2014-09-23,良,53,75,12,27,8,18,0.61,101
23,2014-09-24,良,51,65,21,45,8,25,0.74,79
24,2014-09-25,优,45,12,19,43,9,23,0.76,66
25,2014-09-26,优,46,8,14,40,8,15,0.69,75
26,2014-09-27,良,59,56,13,30,7,14,0.56,111
27,2014-09-28,良,55,68,22,48,8,17,0.64,88
28,2014-09-29,良,51,65,21,53,8,19,0.68,79
29,2014-09-30,优,46,66,13,30,8,20,0.67,84
0,2014-08-01,优,36,53,11,27,8,15,0.74,60
1,2014-08-02,优,37,27,16,35,9,22,0.85,53
2,2014-08-03,优,33,5,14,31,10,22,0.81,56
3,2014-08-04,优,38,11,16,36,10,21,0.76,52
4,2014-08-05,优,48,58,14,49,9,16,0.59,46
5,2014-08-06,良,63,107,28,73,9,24,0.73,39
6,2014-08-07,优,45,40,17,41,7,16,0.57,74
7,2014-08-09,优,49,72,18,51,8,21,0.63,56
8,2014-08-10,良,57,79,28,61,8,23,0.67,54
9,2014-08-11,优,44,35,10,24,8,13,0.5,89
10,2014-08-12,优,47,53,18,40,6,19,0.71,85
11,2014-08-13,良,54,86,18,42,6,17,0.53,95
12,2014-08-14,优,45,59,8,20,5,14,0.54,82
13,2014-08-15,优,39,22,10,24,5,15,0.59,75
14,2014-08-16,优,38,19,15,35,6,23,0.82,52
15,2014-08-17,优,42,38,14,31,6,20,0.67,78
16,2014-08-18,优,48,55,14,37,8,16,0.6,82
17,2014-08-19,优,46,61,12,28,6,13,0.56,89
18,2014-08-20,优,41,42,11,25,5,15,0.63,78
19,2014-08-21,优,38,16,8,19,5,14,0.62,76
20,2014-08-23,良,53,48,10,32,6,19,0.63,98
21,2014-08-24,优,50,61,15,34,7,25,0.71,86
22,2014-08-25,良,52,52,22,46,6,29,0.8,72
23,2014-08-26,良,52,42,15,37,7,26,0.87,80
24,2014-08-27,良,58,71,19,49,7,21,0.65,97
25,2014-08-28,良,60,83,13,33,7,17,0.64,104
26,2014-08-29,优,43,27,12,32,7,18,0.76,80
27,2014-08-30,优,49,54,13,29,7,18,0.76,87
28,2014-08-31,良,53,82,15,37,8,20,0.79,87
0,2014-07-01,良,65,68,10,26,6,15,0.51,114
1,2014-07-02,优,45,32,14,34,8,18,0.64,78
2,2014-07-03,良,62,69,13,35,7,17,0.55,116
3,2014-07-04,优,49,43,14,32,7,16,0.62,79
4,2014-07-05,优,41,27,12,32,8,13,0.52,78
5,2014-07-06,优,41,21,14,36,8,16,0.53,68
6,2014-07-07,优,44,14,17,42,8,16,0.53,70
7,2014-07-08,优,45,19,16,41,8,15,0.56,74
8,2014-07-09,优,41,21,17,38,8,15,0.63,65
9,2014-07-10,良,52,50,14,31,8,16,0.63,97
10,2014-07-11,良,52,54,12,31,8,16,0.67,99
11,2014-07-12,良,56,79,13,29,9,15,0.59,97
12,2014-07-13,优,44,47,10,21,9,15,0.65,83
13,2014-07-14,优,39,34,10,23,9,17,0.75,74
14,2014-07-15,优,37,33,11,25,9,16,0.74,70
15,2014-07-16,优,31,25,13,23,8,15,0.87,50
16,2014-07-17,优,30,11,10,24,10,15,0.78,49
17,2014-07-18,优,35,31,14,29,10,17,0.79,57
18,2014-07-19,优,33,25,11,27,10,14,0.71,59
19,2014-07-20,优,36,27,15,34,10,19,0.76,46
20,2014-07-21,优,39,28,16,35,10,17,0.74,55
21,2014-07-22,优,43,29,17,43,9,17,0.53,51
22,2014-07-23,优,40,31,14,32,8,16,0.54,66
23,2014-07-24,优,30,7,9,18,8,12,0.66,54
24,2014-07-25,优,36,20,11,23,7,18,0.7,69
25,2014-07-26,优,45,29,17,35,8,19,0.71,80
26,2014-07-27,优,48,31,12,30,8,15,0.63,84
27,2014-07-28,优,41,15,10,28,8,13,0.61,80
28,2014-07-29,优,45,23,19,46,9,22,0.69,50
29,2014-07-30,优,38,12,17,36,9,17,0.7,57
30,2014-07-31,优,37,22,11,26,8,13,0.59,66
0,2014-06-01,良,68,91,33,66,12,26,0.55,96
1,2014-06-02,良,56,69,20,44,12,12,0.47,101
2,2014-06-03,良,56,61,17,49,11,10,0.45,106
3,2014-06-04,良,62,62,24,60,11,16,0.51,105
4,2014-06-05,良,61,58,28,60,12,13,0.48,110
5,2014-06-06,良,67,79,31,69,11,20,0.59,94
6,2014-06-07,良,65,92,26,71,11,13,0.59,104
7,2014-06-08,良,73,78,36,52,12,15,0.7,122
8,2014-06-09,良,69,103,28,69,13,11,0.66,115
9,2014-06-10,良,62,92,21,45,12,12,0.66,112
10,2014-06-11,良,58,54,21,42,11,10,0.67,105
11,2014-06-12,良,62,38,20,51,13,9,0.65,113
12,2014-06-13,良,64,51,22,58,15,13,0.76,110
13,2014-06-14,良,70,47,21,73,13,17,0.82,107
14,2014-06-15,良,82,62,16,30,12,14,0.75,136
15,2014-06-16,良,70,66,17,37,12,15,0.74,123
16,2014-06-17,良,80,119,20,40,12,18,0.78,135
17,2014-06-18,良,67,85,27,68,13,22,0.99,102
18,2014-06-19,良,66,97,17,66,12,13,0.93,95
19,2014-06-20,优,49,65,14,38,12,16,1.06,83
20,2014-06-21,优,43,49,13,37,13,15,1.05,73
21,2014-06-22,优,38,29,12,34,13,21,1.24,58
22,2014-06-23,优,40,31,13,32,13,19,1.28,69
23,2014-06-24,优,44,43,14,45,13,13,1.05,74
24,2014-06-25,优,50,58,16,44,8,16,0.65,81
25,2014-06-26,良,56,80,17,50,4,16,0.42,82
26,2014-06-27,良,51,69,18,46,5,12,0.43,86
27,2014-06-28,良,57,61,12,35,4,15,0.5,105
28,2014-06-29,良,68,96,11,37,5,17,0.56,118
29,2014-06-30,良,59,54,11,27,4,17,0.57,110
0,2014-05-01,良,75,35,30,95,13,24,1.22,74
1,2014-05-02,良,64,46,21,72,12,13,1.12,97
2,2014-05-03,良,58,34,19,45,11,18,1.31,102
3,2014-05-04,良,53,41,23,48,12,17,1.19,97
4,2014-05-05,良,63,83,26,72,13,15,1.13,93
5,2014-05-06,良,61,48,22,63,13,12,1.02,103
6,2014-05-07,良,71,61,29,54,12,13,1.24,124
7,2014-05-08,良,75,65,25,53,12,14,1.27,127
8,2014-05-09,良,85,115,25,41,12,12,1.17,137
9,2014-05-10,良,72,147,26,57,12,10,1.11,122
10,2014-05-11,良,67,153,32,64,13,11,1.22,117
11,2014-05-12,良,77,105,27,67,12,20,1.25,124
12,2014-05-13,良,73,59,30,76,12,19,1.25,112
13,2014-05-14,良,80,98,28,69,13,12,1.21,134
14,2014-05-15,良,82,106,20,67,12,9,1.2,136
15,2014-05-16,良,73,57,21,63,12,15,1.28,118
16,2014-05-17,良,71,57,36,76,13,12,1.31,119
17,2014-05-18,良,67,72,32,76,14,18,1.3,95
18,2014-05-19,良,63,53,30,75,14,21,1.34,81
19,2014-05-20,良,68,52,31,78,13,10,1.4,99
20,2014-05-21,良,70,54,23,60,13,9,1.48,120
21,2014-05-22,良,81,69,23,71,12,9,1.35,137
22,2014-05-23,轻度污染,101,147,27,80,15,14,1.45,148
23,2014-05-24,良,70,126,23,72,13,11,1.34,125
24,2014-05-25,良,84,88,15,48,15,11,1.36,136
25,2014-05-26,良,63,53,21,46,13,12,1.37,109
26,2014-05-27,良,51,19,16,51,13,11,1.0,81
27,2014-05-28,优,44,14,16,32,11,13,0.51,84
28,2014-05-29,良,53,24,15,23,11,11,0.53,103
29,2014-05-30,良,60,37,17,39,12,18,0.5,108
30,2014-05-31,良,63,52,33,58,11,23,0.53,93
0,2014-04-01,良,67,53,23,83,11,11,0.97,100
1,2014-04-02,良,63,45,24,75,11,11,0.98,107
2,2014-04-03,良,68,68,26,70,12,10,1.09,120
3,2014-04-04,良,75,66,32,50,10,14,1.21,119
4,2014-04-05,良,58,19,27,63,10,16,1.09,87
5,2014-04-06,良,57,31,21,65,10,15,1.05,84
6,2014-04-07,良,62,35,27,71,10,13,1.06,96
7,2014-04-08,良,75,43,30,98,10,10,1.06,96
8,2014-04-09,良,61,20,26,65,10,14,1.06,86
9,2014-04-10,良,66,35,21,76,9,9,1.04,109
10,2014-04-11,良,77,76,21,89,12,10,1.09,123
11,2014-04-12,良,70,72,25,78,10,12,1.09,112
12,2014-04-13,良,60,52,26,56,12,13,1.13,115
13,2014-04-14,良,76,61,38,96,10,14,1.18,128
14,2014-04-15,良,72,56,30,64,12,15,1.18,121
15,2014-04-16,良,84,125,36,106,11,17,1.19,94
16,2014-04-17,良,78,82,39,104,12,19,1.29,92
17,2014-04-18,良,72,83,34,82,14,22,1.34,104
18,2014-04-19,良,71,128,32,91,12,15,1.25,95
19,2014-04-20,良,82,128,30,110,11,9,1.19,109
20,2014-04-21,良,67,85,26,58,11,11,1.22,116
21,2014-04-22,良,70,79,27,65,11,15,1.28,120
22,2014-04-23,良,76,68,29,81,11,11,1.29,124
23,2014-04-24,良,86,103,38,105,13,14,1.34,137
24,2014-04-25,良,82,120,40,57,13,17,1.27,118
25,2014-04-26,良,61,88,29,73,13,18,1.29,95
26,2014-04-27,良,68,91,28,81,13,14,1.35,104
27,2014-04-28,良,60,55,16,42,13,15,1.3,108
28,2014-04-29,良,59,12,26,60,12,18,1.12,92
29,2014-04-30,良,67,28,33,72,13,22,1.16,86
0,2014-03-01,优,42,21,19,32,9,11,1.24,77
1,2014-03-02,良,82,84,54,50,9,14,1.28,76
2,2014-03-03,良,53,29,17,42,7,8,1.18,95
3,2014-03-04,优,50,27,21,47,6,10,1.12,79
4,2014-03-05,优,50,27,20,47,5,6,0.94,88
5,2014-03-06,优,47,37,19,40,6,8,0.88,85
6,2014-03-07,优,47,44,16,34,6,6,0.9,91
7,2014-03-08,优,47,28,18,39,6,11,0.95,88
8,2014-03-09,优,44,28,17,35,7,14,0.98,75
9,2014-03-10,优,39,9,17,33,8,14,0.89,68
10,2014-03-11,优,43,11,20,38,13,13,0.84,78
11,2014-03-12,良,52,19,20,58,8,14,0.82,78
12,2014-03-13,良,61,45,16,52,7,11,0.82,104
13,2014-03-14,良,63,15,12,35,7,13,0.8,110
14,2014-03-15,优,46,1,13,34,8,15,0.84,78
15,2014-03-16,良,52,4,22,55,9,20,0.92,68
16,2014-03-17,良,53,2,22,55,12,15,0.96,80
17,2014-03-18,良,59,14,23,69,9,17,0.93,69
18,2014-03-19,良,59,13,24,62,8,10,0.97,99
19,2014-03-20,良,61,45,26,71,10,11,0.97,92
20,2014-03-21,良,64,50,29,70,8,11,1.04,100
21,2014-03-22,良,64,27,23,72,9,12,1.06,99
22,2014-03-23,良,65,32,16,62,8,11,1.25,102
23,2014-03-25,良,55,12,23,60,9,17,1.07,82
24,2014-03-26,良,62,16,26,71,10,8,0.99,95
25,2014-03-27,良,54,16,20,57,10,14,0.99,80
26,2014-03-28,良,56,31,23,64,9,18,0.93,70
27,2014-03-29,良,61,42,23,70,11,18,0.96,69
28,2014-03-30,良,57,27,20,65,9,14,0.91,74
29,2014-03-31,良,55,33,18,61,9,12,0.91,77
0,2014-02-01,优,40,7,17,35,9,14,0.85,69
1,2014-02-02,优,44,6,22,44,10,18,0.94,56
2,2014-02-03,优,42,15,21,42,12,19,1.09,61
3,2014-02-04,良,68,125,31,86,11,23,1.19,59
4,2014-02-05,良,61,118,24,74,9,17,0.96,61
5,2014-02-06,优,45,85,15,43,7,9,0.84,75
6,2014-02-07,优,41,57,19,37,8,15,0.93,60
7,2014-02-08,良,57,67,21,62,9,15,1.0,74
8,2014-02-09,良,69,119,26,88,9,15,1.0,77
9,2014-02-10,良,92,155,33,134,8,11,0.94,77
10,2014-02-11,轻度污染,139,171,41,187,6,5,0.87,87
11,2014-02-12,良,72,53,21,85,7,12,0.95,98
12,2014-02-13,优,48,38,19,49,9,17,1.04,70
13,2014-02-14,轻度污染,108,90,30,130,8,11,1.0,78
14,2014-02-15,重度污染,201,150,41,284,7,11,1.0,91
15,2014-02-16,良,90,90,24,129,7,6,0.94,97
16,2014-02-17,良,66,78,14,75,6,6,1.01,98
17,2014-02-18,优,43,40,11,25,8,9,1.05,80
18,2014-02-19,优,42,36,18,34,9,17,1.17,63
19,2014-02-20,优,46,24,22,47,9,24,1.29,52
20,2014-02-21,良,58,13,25,64,11,21,1.28,95
21,2014-02-22,良,57,9,21,66,9,17,1.21,77
22,2014-02-23,良,57,12,20,59,9,17,1.26,89
23,2014-02-24,优,50,10,16,41,7,12,1.13,90
24,2014-02-25,优,40,12,18,37,9,19,1.25,65
25,2014-02-26,优,49,11,18,50,9,16,1.28,79
26,2014-02-27,优,48,21,15,42,8,9,1.16,87
27,2014-02-28,优,49,44,19,41,10,13,1.25,81
0,2014-01-01,良,57,3,34,69,9,27,1.68,50
1,2014-01-02,良,52,2,18,41,8,19,1.56,66
2,2014-01-03,优,50,3,24,53,13,24,1.72,56
3,2014-01-04,优,50,10,30,54,14,25,1.86,52
4,2014-01-05,良,77,10,50,96,18,36,2.3,50
5,2014-01-06,良,59,11,21,67,8,20,1.7,70
6,2014-01-07,良,54,10,25,60,11,21,1.79,66
7,2014-01-08,良,61,70,26,73,12,23,1.86,55
8,2014-01-09,优,44,8,20,45,11,24,1.89,58
9,2014-01-10,良,53,8,19,55,8,12,1.74,76
10,2014-01-11,良,51,9,21,55,7,15,1.67,63
11,2014-01-12,优,45,11,24,37,8,10,1.73,80
12,2014-01-13,优,43,11,22,36,9,15,1.83,71
13,2014-01-14,良,57,22,34,61,12,24,2.07,54
14,2014-01-15,良,62,13,37,72,11,22,2.07,47
15,2014-01-16,优,48,3,17,48,9,9,1.81,75
16,2014-01-17,优,40,1,21,36,11,16,1.91,56
17,2014-01-18,良,53,2,28,55,10,17,1.92,50
18,2014-01-19,优,40,1,12,28,7,10,1.83,75
19,2014-01-20,优,40,3,13,33,9,13,1.83,67
20,2014-01-21,优,37,4,16,36,10,18,1.14,54
21,2014-01-22,良,63,8,36,53,11,25,0.83,53
22,2014-01-24,良,62,22,28,68,11,22,0.94,64
23,2014-01-25,良,51,11,25,51,10,18,0.87,67
24,2014-01-26,优,45,7,17,45,10,18,0.84,64
25,2014-01-27,优,45,20,17,43,9,17,0.88,73
26,2014-01-28,优,50,23,12,43,6,6,0.65,86
27,2014-01-29,优,42,8,15,34,8,12,0.76,68
28,2014-01-30,优,49,5,23,54,8,16,0.86,58
29,2014-01-31,良,53,1,23,56,10,13,0.83,72
0,2013-12-01,优,37,2,15,32,8,12,1.05,67
1,2013-12-02,优,45,1,28,55,10,22,1.22,50
2,2013-12-03,良,52,2,27,56,12,25,1.32,47
3,2013-12-04,良,54,2,32,63,12,30,1.51,52
4,2013-12-05,优,48,3,25,60,11,24,1.31,57
5,2013-12-06,良,53,3,24,61,10,21,1.32,56
6,2013-12-07,良,59,5,39,78,12,28,1.42,45
7,2013-12-08,良,65,3,33,58,9,17,1.2,44
8,2013-12-09,良,66,9,39,83,13,28,1.54,52
9,2013-12-10,良,70,14,38,87,12,27,1.41,56
10,2013-12-11,良,67,15,32,77,11,27,1.25,53
11,2013-12-12,良,61,12,24,61,9,17,1.16,60
12,2013-12-13,优,48,7,23,53,10,21,1.26,59
13,2013-12-14,良,55,5,12,55,4,6,1.05,86
14,2013-12-15,优,49,8,10,26,6,7,1.21,94
15,2013-12-16,优,35,20,22,45,12,21,1.49,61
16,2013-12-17,良,58,38,40,85,17,30,1.61,51
17,2013-12-18,良,71,58,40,83,13,30,1.59,58
18,2013-12-19,轻度污染,145,83,100,420,12,32,1.6,47
19,2013-12-20,严重污染,330,105,103,459,10,29,1.53,53
20,2013-12-21,中度污染,170,75,41,133,10,24,1.46,73
21,2013-12-22,轻度污染,108,30,44,168,10,27,1.57,61
22,2013-12-23,良,96,18,32,89,9,22,1.48,85
23,2013-12-24,良,63,4,23,58,10,25,1.47,82
24,2013-12-25,良,56,3,27,60,11,29,1.58,72
25,2013-12-26,良,55,2,31,58,12,32,1.65,59
26,2013-12-27,良,53,10,26,55,12,25,1.64,55
27,2013-12-28,良,65,15,39,83,14,34,1.83,56
28,2013-12-29,良,59,10,17,48,8,15,1.43,78
29,2013-12-30,优,39,1,23,47,12,24,1.66,53
30,2013-12-31,优,50,1,26,54,10,22,1.64,48
0,2013-11-01,优,50,7,18,53,5,14,0.53,64
1,2013-11-02,优,48,10,17,48,6,12,0.58,68
2,2013-11-03,良,55,13,24,62,6,18,0.57,65
3,2013-11-04,良,58,13,23,68,7,20,0.64,55
4,2013-11-05,良,53,7,20,59,6,19,0.58,57
5,2013-11-06,良,67,14,42,86,9,29,0.78,46
6,2013-11-07,良,65,8,25,59,7,21,0.26,66
7,2013-11-08,良,52,8,15,44,5,10,0.56,82
8,2013-11-09,优,44,2,19,43,6,15,0.65,75
9,2013-11-10,优,43,8,18,46,6,16,0.66,72
10,2013-11-11,优,42,10,14,34,7,21,0.72,72
11,2013-11-12,优,46,23,24,52,7,24,0.79,63
12,2013-11-13,优,42,28,21,43,8,24,0.89,71
13,2013-11-14,优,45,22,26,48,7,27,0.89,63
14,2013-11-15,优,49,12,25,53,7,27,0.94,52
15,2013-11-16,优,50,4,27,53,7,27,0.91,50
16,2013-11-17,良,54,7,30,64,8,31,0.98,42
17,2013-11-18,良,55,20,27,57,9,28,0.99,42
18,2013-11-19,良,52,16,25,52,9,22,0.94,47
19,2013-11-20,优,48,9,25,50,9,21,0.94,55
20,2013-11-21,良,51,5,26,57,10,27,1.1,54
21,2013-11-22,良,55,10,30,57,11,31,1.21,54
22,2013-11-23,良,56,9,31,73,9,24,1.07,59
23,2013-11-24,良,59,9,22,67,9,16,0.96,69
24,2013-11-25,良,60,19,25,62,9,24,1.1,46
25,2013-11-26,良,54,10,31,65,13,30,1.26,42
26,2013-11-27,良,56,13,32,65,12,28,1.24,42
27,2013-11-28,良,57,29,30,62,12,26,1.27,40
28,2013-11-29,良,60,34,31,72,10,22,1.21,55
29,2013-11-30,良,51,4,16,41,9,12,1.01,67
0,2013-10-28,优,46,4,17,49,5,18,0.56,59
1,2013-10-29,良,60,21,30,47,6,17,0.62,86
2,2013-10-30,良,55,14,25,46,6,13,0.59,86
3,2013-10-31,优,50,11,17,49,6,13,0.52,72
