0,2019-12-01,良,62,239,44,50,3,27,0.67,31
1,2019-12-02,良,99,331,74,94,7,42,0.81,51
2,2019-12-03,良,80,277,58,94,10,55,0.81,47
3,2019-12-04,良,69,216,48,85,10,63,0.74,39
4,2019-12-05,良,62,192,41,72,12,45,0.63,58
5,2019-12-06,良,87,284,64,98,11,42,0.8,58
6,2019-12-07,良,73,191,53,80,8,48,0.7,43
7,2019-12-08,良,81,172,59,106,10,77,0.94,28
8,2019-12-09,轻度污染,103,230,76,144,27,87,1.08,24
9,2019-12-10,轻度污染,127,276,96,181,26,90,1.36,23
0,2019-11-01,轻度污染,102,299,50,154,13,64,0.8,60
1,2019-11-02,良,90,261,47,129,16,52,0.79,92
2,2019-11-03,良,88,309,50,124,14,34,0.79,137
3,2019-11-04,良,82,293,47,114,13,30,0.76,114
4,2019-11-05,良,64,173,37,79,9,27,0.64,102
5,2019-11-06,良,78,244,55,99,13,50,0.86,68
6,2019-11-07,良,74,255,53,95,11,43,0.76,71
7,2019-11-08,良,75,259,54,93,11,35,0.74,97
8,2019-11-09,良,79,222,55,98,10,44,0.82,85
9,2019-11-10,良,84,246,53,119,21,77,0.84,50
10,2019-11-11,良,96,333,65,142,17,74,0.96,57
11,2019-11-12,良,83,268,56,116,14,59,0.72,57
12,2019-11-13,良,63,224,41,74,7,28,0.6,65
13,2019-11-14,良,51,146,15,54,7,35,0.38,53
14,2019-11-15,良,78,290,42,106,16,68,0.83,43
15,2019-11-16,轻度污染,111,320,69,173,24,87,1.11,44
16,2019-11-17,轻度污染,108,266,68,166,24,65,0.85,68
17,2019-11-18,良,51,124,27,60,6,23,0.49,39
18,2019-11-19,良,73,220,26,96,10,29,0.43,39
19,2019-11-20,良,74,238,33,99,14,43,0.6,44
20,2019-11-21,良,71,237,32,91,14,49,0.63,37
21,2019-11-22,良,77,248,40,103,13,62,0.86,39
22,2019-11-23,良,90,284,56,130,18,76,1.1,38
23,2019-11-24,轻度污染,107,312,68,155,16,54,1.06,59
24,2019-11-25,良,86,350,32,127,4,22,0.63,27
25,2019-11-26,优,44,156,30,41,5,30,0.67,4
26,2019-11-27,优,33,91,22,29,5,30,0.71,11
27,2019-11-28,良,61,257,44,57,6,28,0.73,21
28,2019-11-29,良,54,193,34,57,8,32,0.56,30
29,2019-11-30,良,68,249,48,80,9,46,0.73,19
0,2019-10-01,良,64,197,37,68,11,21,0.63,142
1,2019-10-02,优,49,141,28,50,10,21,0.66,67
2,2019-10-03,良,59,199,31,67,13,30,0.7,84
3,2019-10-04,良,80,339,48,98,16,39,0.8,107
4,2019-10-05,良,88,357,46,127,12,26,0.83,76
5,2019-10-06,优,47,284,27,50,8,20,0.6,56
6,2019-10-07,良,53,262,29,58,8,27,0.76,35
7,2019-10-08,优,50,246,23,51,9,25,0.69,49
8,2019-10-09,良,62,281,39,74,11,35,0.89,57
9,2019-10-10,良,80,348,49,110,13,56,0.99,68
10,2019-10-11,良,77,320,54,97,11,30,0.97,68
11,2019-10-12,良,61,269,42,68,5,24,0.84,59
12,2019-10-13,良,56,260,37,62,5,25,0.77,63
13,2019-10-14,良,67,347,37,84,8,25,0.63,69
14,2019-10-15,良,61,339,24,71,7,23,0.47,61
15,2019-10-16,良,56,265,24,61,9,32,0.52,66
16,2019-10-17,良,52,200,27,56,7,24,0.51,83
17,2019-10-18,良,59,233,35,69,9,25,0.62,110
18,2019-10-19,良,65,210,39,79,11,40,0.73,95
19,2019-10-20,良,71,209,40,91,12,57,0.76,77
20,2019-10-21,良,78,266,41,106,10,63,0.75,69
21,2019-10-22,良,76,243,46,102,14,34,0.79,100
22,2019-10-23,良,67,222,44,83,9,32,0.79,73
23,2019-10-24,良,63,224,38,77,9,33,0.67,97
24,2019-10-25,良,84,339,59,107,11,39,1.01,89
25,2019-10-26,良,85,356,62,97,5,33,0.77,28
26,2019-10-27,良,85,331,63,94,8,42,0.75,23
27,2019-10-28,良,73,214,52,81,9,41,0.77,28
28,2019-10-29,良,74,234,43,99,14,51,0.9,35
29,2019-10-30,轻度污染,118,281,61,187,12,58,0.93,47
30,2019-10-31,轻度污染,122,313,59,193,11,61,0.81,50
31,2019-10-31,轻度污染,122,313,59,193,11,61,0.81,50
0,2019-09-01,优,46,246,28,47,7,19,0.6,89
1,2019-09-02,优,25,84,14,21,4,19,0.53,64
2,2019-09-03,优,28,83,14,24,5,21,0.6,64
3,2019-09-04,优,34,107,15,31,5,20,0.67,77
4,2019-09-05,优,36,139,20,34,4,18,0.73,81
5,2019-09-06,优,45,188,27,43,5,18,0.73,89
6,2019-09-07,优,50,194,23,49,6,25,0.58,100
7,2019-09-08,良,58,194,29,66,8,31,0.63,96
8,2019-09-09,良,61,243,35,72,8,32,0.67,97
9,2019-09-10,良,64,299,39,78,8,26,0.77,116
10,2019-09-11,良,60,308,36,71,7,27,0.78,110
11,2019-09-12,良,67,334,44,81,6,26,0.85,118
12,2019-09-13,良,61,321,40,71,7,21,0.76,105
13,2019-09-14,良,59,332,39,65,8,12,0.9,135
14,2019-09-15,良,66,354,45,77,7,14,0.99,111
15,2019-09-16,良,57,314,31,63,8,16,0.8,109
16,2019-09-17,良,57,285,28,60,8,18,0.69,123
17,2019-09-18,良,66,337,33,82,8,17,0.69,118
18,2019-09-19,良,57,294,26,64,8,20,0.54,112
19,2019-09-20,良,54,245,19,59,7,21,0.45,113
20,2019-09-21,良,55,269,14,61,6,19,0.4,99
21,2019-09-22,良,57,274,17,64,6,22,0.42,102
22,2019-09-23,良,58,245,20,65,9,38,0.52,94
23,2019-09-24,良,54,155,18,58,10,30,0.53,108
24,2019-09-25,良,59,180,27,67,11,30,0.71,128
25,2019-09-26,良,67,248,36,81,15,35,0.87,123
26,2019-09-27,良,68,249,42,85,12,32,0.9,123
27,2019-09-28,良,79,268,52,93,10,38,0.89,133
28,2019-09-29,良,70,216,41,81,9,41,0.78,126
29,2019-09-30,良,71,224,40,78,12,30,0.72,144
0,2019-08-06,优,47,223,15,42,6,20,0.42,60
1,2019-08-07,优,49,217,19,46,5,19,0.47,66
2,2019-08-08,良,53,252,20,40,4,13,0.5,100
3,2019-08-09,良,51,243,20,47,5,12,0.5,94
4,2019-08-10,优,37,154,10,32,4,11,0.36,70
5,2019-08-11,优,41,193,13,35,4,15,0.41,72
6,2019-08-21,良,64,315,33,64,8,25,0.74,122
7,2019-08-22,良,62,277,32,59,7,17,0.71,154
8,2019-08-23,良,61,265,40,66,6,17,0.81,147
9,2019-08-24,良,61,248,38,68,8,17,0.85,150
10,2019-08-25,良,51,220,30,55,6,15,0.72,100
11,2019-08-26,优,30,78,9,30,6,16,0.43,47
12,2019-08-27,优,38,215,13,37,16,22,0.34,51
13,2019-08-28,优,47,269,19,48,6,22,0.51,79
0,2019-07-01,良,61,249,18,45,4,14,0.65,112
1,2019-07-02,良,67,252,25,52,5,14,0.73,121
2,2019-07-03,优,47,133,18,41,6,18,0.54,75
3,2019-07-04,优,20,5,6,15,3,13,0.36,38
4,2019-07-05,优,26,32,10,23,5,24,0.49,35
5,2019-07-06,优,36,101,15,33,9,18,0.53,47
6,2019-07-07,优,37,101,12,29,6,23,0.54,64
7,2019-07-12,优,34,133,17,36,5,34,0.62,35
8,2019-07-13,优,20,29,6,11,3,22,0.52,55
9,2019-07-14,优,25,58,13,23,5,25,0.57,56
10,2019-07-15,优,18,16,8,16,8,21,0.62,52
11,2019-07-16,优,37,156,18,37,5,30,0.7,58
12,2019-07-17,优,44,219,23,45,6,24,0.62,52
13,2019-07-18,优,42,229,23,42,4,16,0.62,76
14,2019-07-19,优,50,288,32,51,3,15,0.6,103
15,2019-07-20,优,41,211,24,41,4,20,0.53,87
16,2019-07-21,优,48,217,29,48,8,25,0.71,60
17,2019-07-22,优,43,201,24,43,9,20,0.48,54
18,2019-07-23,优,36,174,18,36,10,19,0.38,62
19,2019-07-24,优,42,227,21,43,9,20,0.38,65
20,2019-07-25,良,53,289,23,59,13,29,0.41,56
21,2019-07-26,优,48,250,23,52,16,24,0.4,65
0,2019-06-01,优,42,96,20,42,8,28,0.76,48
1,2019-06-02,优,49,100,26,50,10,20,0.74,63
2,2019-06-03,良,67,223,35,75,15,34,0.85,68
3,2019-06-04,良,73,241,34,83,19,33,0.77,84
4,2019-06-05,良,56,209,22,63,11,24,0.65,57
5,2019-06-06,优,24,10,7,22,9,18,0.59,28
6,2019-06-07,优,42,114,10,22,4,11,0.71,81
7,2019-06-08,优,20,4,7,16,6,17,0.54,29
8,2019-06-09,优,31,60,15,29,8,20,0.61,47
9,2019-06-10,优,46,157,22,46,4,20,0.6,66
10,2019-06-11,良,76,325,32,67,5,16,0.68,131
11,2019-06-14,优,41,192,7,26,4,30,0.49,118
12,2019-06-15,良,60,266,24,70,12,46,0.6,84
13,2019-06-17,优,41,176,24,41,4,19,0.56,64
14,2019-06-18,优,45,247,24,49,7,22,0.59,56
15,2019-06-19,优,40,216,18,41,5,21,0.73,60
16,2019-06-20,优,41,258,24,40,4,23,0.58,56
17,2019-06-25,优,32,57,10,26,3,14,0.4,58
18,2019-06-26,优,44,144,14,40,3,24,0.46,57
19,2019-06-27,良,72,287,29,75,6,33,0.6,73
20,2019-06-28,良,61,275,32,68,6,30,0.57,57
21,2019-06-29,优,48,206,21,49,6,21,0.53,52
22,2019-06-30,优,40,121,13,36,3,16,0.72,66
0,2019-05-01,良,61,192,25,67,4,22,0.6,93
1,2019-05-02,良,73,268,25,93,7,32,0.59,100
2,2019-05-03,良,88,319,38,117,8,47,0.72,78
3,2019-05-04,良,77,255,32,101,15,49,0.64,48
4,2019-05-05,良,68,211,29,84,12,43,0.69,45
5,2019-05-06,良,53,183,28,59,4,28,0.62,66
6,2019-05-07,良,56,205,18,59,5,21,0.51,83
7,2019-05-08,良,62,238,24,73,9,29,0.5,86
8,2019-05-09,良,89,313,37,97,12,38,0.53,90
9,2019-05-10,轻度污染,101,323,38,119,9,52,0.68,94
10,2019-05-11,轻度污染,106,330,50,131,14,51,0.9,94
11,2019-05-12,良,92,250,55,129,14,42,0.97,70
12,2019-05-13,优,47,55,30,44,2,18,0.71,79
13,2019-05-14,良,73,206,49,93,6,26,0.83,65
14,2019-05-15,优,48,117,28,51,4,18,0.73,44
15,2019-05-16,优,40,58,17,38,3,20,0.92,51
16,2019-05-17,优,47,127,26,46,3,23,0.88,54
17,2019-05-18,良,64,271,36,64,4,21,0.85,85
18,2019-05-19,良,57,192,36,58,3,15,0.75,60
19,2019-05-20,良,73,291,24,96,5,14,0.52,103
20,2019-05-21,良,78,287,25,103,8,27,0.52,93
21,2019-05-22,良,79,251,38,107,15,34,0.61,82
22,2019-05-23,良,93,277,50,121,23,37,0.91,92
23,2019-05-24,良,78,210,36,105,10,42,0.81,48
24,2019-05-25,优,47,96,15,46,11,22,0.59,42
25,2019-05-26,优,32,52,14,31,7,18,0.57,34
26,2019-05-27,优,47,184,16,50,3,17,0.64,77
27,2019-05-28,良,63,294,13,54,5,12,0.45,111
28,2019-05-29,良,66,266,13,48,9,20,0.42,111
29,2019-05-30,良,65,290,26,77,12,32,0.62,83
30,2019-05-31,良,58,218,34,64,2,19,0.75,71
0,2019-04-01,优,48,115,15,45,6,28,0.5,68
1,2019-04-02,良,55,166,24,63,6,42,0.66,39
2,2019-04-03,优,33,30,12,25,3,18,0.48,57
3,2019-04-04,优,33,38,12,31,4,39,0.54,28
4,2019-04-05,优,49,107,21,45,11,21,0.56,59
5,2019-04-06,良,59,143,26,64,18,32,0.82,52
6,2019-04-07,良,81,256,42,106,23,44,1.05,61
7,2019-04-08,良,73,228,39,92,12,33,0.91,61
8,2019-04-09,良,58,277,21,63,13,17,0.69,70
9,2019-04-10,优,35,39,13,26,2,12,0.58,68
10,2019-04-11,优,38,86,21,36,3,17,0.66,53
11,2019-04-12,优,43,87,18,38,8,19,0.64,73
12,2019-04-13,良,57,177,31,61,11,33,0.83,26
13,2019-04-14,良,52,145,29,55,6,25,0.81,50
14,2019-04-15,良,64,199,41,72,6,29,0.85,70
15,2019-04-16,良,54,125,33,55,8,31,0.8,80
16,2019-04-17,良,69,197,37,79,28,39,0.88,63
17,2019-04-18,良,69,195,34,87,17,44,0.95,46
18,2019-04-19,优,34,18,18,33,6,31,1.03,37
19,2019-04-20,良,58,169,33,64,9,30,1.09,58
20,2019-04-21,良,72,253,46,88,7,32,1.37,49
21,2019-04-22,优,40,72,17,39,3,24,1.12,37
22,2019-04-23,良,52,150,27,55,6,36,1.33,20
23,2019-04-24,优,47,81,21,45,7,32,1.25,41
24,2019-04-25,优,42,77,17,37,5,26,0.93,68
25,2019-04-26,良,59,259,32,67,7,24,0.87,59
26,2019-04-27,良,53,166,26,56,4,27,0.71,35
27,2019-04-28,良,51,164,27,55,4,25,0.77,43
28,2019-04-29,优,37,70,20,41,4,26,0.81,31
29,2019-04-30,优,30,30,14,28,5,23,0.7,43
0,2019-03-01,优,37,38,23,35,2,32,0.92,17
1,2019-03-02,优,21,10,8,16,2,29,0.87,36
2,2019-03-03,优,40,79,25,40,3,30,1.02,33
3,2019-03-04,良,53,100,27,55,7,39,1.16,49
4,2019-03-05,优,39,58,20,38,3,35,0.88,42
5,2019-03-06,优,42,100,22,41,4,23,0.85,63
6,2019-03-07,良,85,297,59,106,8,26,0.77,96
7,2019-03-08,良,74,255,53,85,5,28,0.76,71
8,2019-03-09,良,84,259,62,87,3,37,0.95,39
9,2019-03-10,良,74,224,50,86,7,45,1.0,42
10,2019-03-11,良,91,309,62,119,11,56,1.11,62
11,2019-03-12,良,90,324,55,124,11,64,1.11,64
12,2019-03-13,良,78,280,42,105,11,42,0.74,71
13,2019-03-14,良,54,137,16,44,2,20,0.53,90
14,2019-03-15,良,70,296,29,84,7,41,0.76,65
15,2019-03-16,良,79,311,34,106,13,56,0.76,38
16,2019-03-17,良,72,226,43,91,12,42,0.81,26
17,2019-03-18,良,61,154,37,69,8,27,0.8,52
18,2019-03-19,良,62,140,32,75,7,36,0.96,39
19,2019-03-20,良,69,219,30,85,12,30,0.9,57
20,2019-03-21,优,48,90,24,47,3,14,0.87,77
21,2019-03-22,良,53,224,27,55,3,17,0.62,60
22,2019-03-23,优,38,96,15,35,5,21,0.34,66
23,2019-03-24,良,51,134,25,53,6,38,0.46,41
24,2019-03-25,优,43,63,22,42,6,24,0.42,53
25,2019-03-26,良,61,172,33,69,17,45,0.93,22
26,2019-03-27,良,55,103,31,60,12,46,0.83,15
27,2019-03-28,优,40,36,17,40,4,31,0.8,19
28,2019-03-29,良,53,124,27,58,5,34,0.84,38
29,2019-03-30,良,72,239,42,92,8,35,1.02,62
30,2019-03-31,良,54,173,23,56,3,17,0.5,80
0,2019-02-01,良,59,118,41,57,2,15,0.97,52
1,2019-02-02,良,51,76,30,53,5,25,0.87,48
2,2019-02-03,良,66,118,42,70,4,24,1.09,34
3,2019-02-04,良,97,230,72,101,5,13,1.02,57
4,2019-02-05,良,58,57,38,55,3,12,0.78,41
5,2019-02-06,良,70,157,50,72,3,14,1.12,21
6,2019-02-07,优,39,85,25,38,3,10,1.13,32
7,2019-02-08,优,23,11,10,16,2,8,0.48,44
8,2019-02-09,优,21,17,10,14,4,10,0.5,38
9,2019-02-10,优,27,44,16,20,3,11,0.71,44
10,2019-02-11,优,35,71,24,33,4,14,0.77,42
11,2019-02-12,优,33,47,21,30,2,18,0.79,18
12,2019-02-13,优,19,14,11,17,3,21,0.9,17
13,2019-02-14,优,20,13,10,19,3,20,0.89,19
14,2019-02-15,优,12,2,5,10,2,21,0.98,19
15,2019-02-16,优,25,35,15,23,2,18,0.93,29
16,2019-02-17,良,68,273,49,67,3,24,0.87,34
17,2019-02-18,优,24,34,15,22,2,26,0.82,24
18,2019-02-19,优,24,18,14,21,3,21,0.94,23
19,2019-02-20,优,34,35,23,31,2,26,0.95,20
20,2019-02-21,优,27,32,18,24,2,26,0.96,27
21,2019-02-22,优,30,39,17,28,2,26,0.87,31
22,2019-02-23,优,37,68,24,33,2,22,0.74,43
23,2019-02-24,良,78,191,56,77,3,27,0.83,46
24,2019-02-25,良,91,228,67,100,7,41,1.03,36
25,2019-02-26,轻度污染,124,285,93,129,7,50,1.41,18
26,2019-02-27,良,55,140,37,53,2,29,1.04,45
27,2019-02-28,优,45,75,27,43,3,26,0.99,45
0,2019-01-01,良,54,134,38,51,3,19,0.82,34
1,2019-01-02,良,55,128,38,51,3,25,0.85,31
2,2019-01-03,良,71,135,49,73,4,34,1.15,12
3,2019-01-04,优,21,7,12,18,3,31,1.22,12
4,2019-01-05,良,62,170,44,58,4,30,1.43,14
5,2019-01-06,良,92,219,67,99,6,30,1.46,24
6,2019-01-07,良,63,141,45,63,4,28,1.44,20
7,2019-01-08,良,98,237,73,100,5,34,1.44,12
8,2019-01-09,优,25,30,13,21,4,36,1.38,13
9,2019-01-10,优,19,10,8,15,3,36,1.29,9
10,2019-01-11,优,25,28,14,23,4,38,1.48,7
11,2019-01-12,优,43,73,25,43,4,34,1.59,14
12,2019-01-13,良,65,116,46,70,7,35,1.52,36
13,2019-01-14,良,97,167,72,107,8,34,1.59,30
14,2019-01-15,良,92,226,68,94,6,29,1.56,35
15,2019-01-16,轻度污染,118,350,88,141,7,39,1.48,27
16,2019-01-17,良,98,277,73,129,7,49,1.42,29
17,2019-01-18,良,78,172,52,101,12,47,1.36,20
18,2019-01-19,良,72,142,46,89,7,37,1.48,18
19,2019-01-20,轻度污染,119,283,89,124,6,27,1.4,46
20,2019-01-21,中度污染,155,347,117,178,11,45,1.36,52
21,2019-01-22,轻度污染,116,302,87,154,9,56,1.36,37
22,2019-01-23,良,100,234,69,148,12,73,1.21,37
23,2019-01-24,良,93,186,59,133,11,68,1.07,38
24,2019-01-25,轻度污染,105,240,69,150,14,63,0.99,47
25,2019-01-26,良,91,248,63,116,10,28,0.76,61
26,2019-01-27,良,65,126,34,77,13,40,0.69,40
27,2019-01-28,良,86,205,60,113,13,45,0.84,38
28,2019-01-29,良,91,201,67,107,7,30,0.86,40
29,2019-01-30,轻度污染,109,253,82,130,10,42,1.18,25
30,2019-01-31,良,56,191,35,59,3,20,1.07,29
0,2018-12-01,轻度污染,133,251,101,157,8,47,1.66,40
1,2018-12-02,轻度污染,110,230,82,127,6,51,1.86,11
2,2018-12-03,优,42,37,26,44,5,31,1.43,12
3,2018-12-04,优,24,5,10,19,2,25,1.81,10
4,2018-12-05,优,37,53,19,36,3,24,1.0,7
5,2018-12-06,优,13,3,6,10,3,19,0.71,16
6,2018-12-07,优,19,31,9,15,2,17,0.73,34
7,2018-12-08,优,28,80,18,25,3,22,0.69,26
8,2018-12-09,优,43,139,29,39,4,30,0.97,14
9,2018-12-10,优,35,104,22,30,3,31,1.03,7
10,2018-12-11,优,31,58,20,28,3,28,1.01,11
11,2018-12-12,轻度污染,101,259,74,94,8,30,1.01,30
12,2018-12-13,轻度污染,120,280,90,113,7,37,1.01,41
13,2018-12-14,轻度污染,105,259,78,108,12,39,1.14,35
14,2018-12-15,良,87,208,63,85,5,44,1.21,7
15,2018-12-16,良,55,99,35,55,11,39,1.17,14
16,2018-12-17,良,92,233,66,121,15,54,1.45,21
17,2018-12-18,轻度污染,115,282,85,164,25,69,1.64,23
18,2018-12-19,轻度污染,110,243,74,167,17,71,1.46,5
19,2018-12-20,良,51,51,34,49,5,35,0.99,16
20,2018-12-21,良,53,87,34,53,6,32,0.98,12
21,2018-12-28,优,49,191,34,49,4,16,0.7,58
22,2018-12-29,良,58,227,24,63,6,17,0.55,39
23,2018-12-30,良,52,146,32,51,4,22,0.8,26
24,2018-12-31,良,51,124,35,43,4,18,0.9,30
0,2018-11-01,良,71,224,39,85,11,28,0.86,85
1,2018-11-02,良,58,128,30,65,8,34,0.77,56
2,2018-11-03,优,41,64,19,41,7,28,0.69,43
3,2018-11-04,良,55,171,29,60,8,38,0.88,19
4,2018-11-05,良,57,236,28,62,7,35,0.99,11
5,2018-11-06,优,47,236,28,49,5,29,1.03,9
6,2018-11-07,优,14,3,6,10,4,23,0.73,8
7,2018-11-08,优,19,12,8,16,5,26,0.73,10
8,2018-11-09,优,45,123,20,47,10,38,1.02,24
9,2018-11-10,优,46,90,22,48,6,47,0.92,13
10,2018-11-11,优,26,8,15,25,3,27,0.81,25
11,2018-11-12,优,45,105,28,42,4,27,0.85,43
12,2018-11-13,优,39,83,21,38,6,29,0.83,22
13,2018-11-14,优,31,21,16,30,5,26,0.77,20
14,2018-11-15,优,45,116,29,43,4,31,0.83,20
15,2018-11-16,优,39,171,24,37,4,26,0.72,33
16,2018-11-17,优,32,91,19,31,4,28,0.78,23
17,2018-11-18,优,14,7,8,11,3,24,0.73,15
18,2018-11-19,优,29,52,14,27,5,26,0.8,27
19,2018-11-20,优,34,41,18,33,7,34,0.9,13
20,2018-11-21,优,34,52,19,34,4,22,0.76,34
21,2018-11-22,良,92,307,66,97,8,30,0.8,77
22,2018-11-23,良,87,265,62,120,14,59,0.91,47
23,2018-11-24,良,83,213,56,106,13,50,1.05,36
24,2018-11-25,良,71,127,45,90,12,49,0.99,40
25,2018-11-26,良,81,151,52,110,11,55,1.13,41
26,2018-11-27,良,80,152,49,108,8,54,1.09,36
27,2018-11-28,良,81,165,42,109,9,55,1.02,33
28,2018-11-29,良,92,210,58,131,15,62,1.3,30
29,2018-11-30,良,78,148,51,104,15,57,1.08,35
0,2018-10-01,良,71,334,18,74,9,29,0.64,113
1,2018-10-02,良,66,273,15,54,9,22,0.64,115
2,2018-10-03,良,71,261,18,58,10,25,0.73,118
3,2018-10-04,良,82,299,24,65,11,23,0.78,135
4,2018-10-05,良,80,279,24,65,10,22,0.81,132
5,2018-10-06,良,83,273,28,73,10,39,0.78,124
6,2018-10-07,良,86,275,33,81,14,37,0.98,131
7,2018-10-08,良,95,310,42,95,14,34,1.05,138
8,2018-10-09,良,70,266,42,66,4,24,0.86,111
9,2018-10-10,良,65,304,35,74,7,32,0.79,55
10,2018-10-11,良,52,196,17,48,10,30,0.47,67
11,2018-10-12,良,58,177,20,55,9,31,0.56,87
12,2018-10-13,良,63,203,31,72,11,40,0.7,77
13,2018-10-14,优,39,69,25,37,2,26,0.77,47
14,2018-10-15,优,50,192,34,47,4,27,0.9,26
15,2018-10-16,优,39,108,22,38,5,21,0.64,47
16,2018-10-17,良,55,205,31,58,7,26,0.76,72
17,2018-10-18,良,61,251,34,68,9,24,0.74,83
18,2018-10-19,良,56,223,27,60,8,28,0.66,50
19,2018-10-20,优,42,92,26,41,4,25,0.62,40
20,2018-10-21,优,30,42,19,28,2,22,0.64,29
21,2018-10-22,优,25,14,13,24,4,24,0.66,26
22,2018-10-23,优,47,141,22,47,6,32,0.68,45
23,2018-10-24,良,65,210,30,78,11,39,0.82,43
24,2018-10-25,良,55,126,34,62,9,37,0.78,19
25,2018-10-26,优,48,110,14,52,6,20,0.56,72
26,2018-10-27,良,64,257,17,75,10,33,0.57,66
27,2018-10-28,良,85,349,33,117,25,56,0.86,40
28,2018-10-29,良,80,337,33,108,15,59,0.94,52
29,2018-10-30,良,71,276,27,86,14,54,0.85,59
30,2018-10-31,良,65,218,27,76,15,41,0.75,77
0,2018-09-02,优,37,135,13,32,8,11,0.73,74
1,2018-09-03,优,48,193,17,47,9,28,0.92,45
2,2018-09-04,良,62,277,19,59,6,23,0.94,83
3,2018-09-05,良,70,290,20,71,7,25,0.88,100
4,2018-09-06,轻度污染,101,355,28,87,9,25,1.05,126
5,2018-09-07,良,53,277,20,54,6,13,0.84,88
6,2018-09-08,良,54,269,13,49,9,16,0.66,81
7,2018-09-09,良,62,285,16,44,7,23,0.66,98
8,2018-09-10,良,55,215,14,39,8,18,0.56,97
9,2018-09-11,良,60,237,19,47,8,18,0.68,101
10,2018-09-12,良,57,233,22,51,8,19,0.76,91
11,2018-09-13,良,53,223,22,53,8,19,0.77,80
12,2018-09-14,良,54,229,23,51,7,19,0.81,78
13,2018-09-15,良,61,273,27,59,7,16,0.86,104
14,2018-09-16,良,61,322,33,70,6,15,0.92,98
15,2018-09-17,优,44,213,22,43,5,15,0.83,51
16,2018-09-18,优,26,63,8,23,4,17,0.69,40
17,2018-09-19,优,49,229,16,50,8,30,0.81,34
18,2018-09-20,良,57,281,21,63,6,28,0.84,51
19,2018-09-21,优,38,87,15,36,4,16,1.12,60
20,2018-09-22,优,44,151,14,33,7,18,0.89,85
21,2018-09-23,良,53,207,22,54,9,25,0.99,70
22,2018-09-24,良,61,255,26,54,8,19,0.99,100
23,2018-09-25,良,67,342,16,49,7,15,0.68,120
24,2018-09-26,优,41,156,17,40,6,21,0.69,60
25,2018-09-27,优,42,129,15,39,7,21,0.68,73
26,2018-09-28,良,58,257,17,47,7,20,0.63,102
27,2018-09-29,良,65,278,21,58,6,24,0.62,106
28,2018-09-30,良,71,307,22,70,9,40,0.67,101
0,2018-08-01,优,44,122,14,40,6,29,0.91,58
1,2018-08-02,优,48,172,17,41,7,21,0.95,71
2,2018-08-03,良,51,213,21,48,5,28,1.08,68
3,2018-08-04,良,56,238,28,58,11,19,0.97,69
4,2018-08-05,良,51,167,24,50,10,18,0.96,69
5,2018-08-06,优,48,156,21,47,14,17,0.92,72
6,2018-08-07,良,62,251,26,69,8,23,1.02,78
7,2018-08-08,良,63,266,29,74,5,33,1.11,71
8,2018-08-09,良,65,242,29,64,4,22,1.04,99
9,2018-08-10,良,60,181,28,68,5,32,1.1,81
10,2018-08-11,良,73,257,31,74,8,28,1.11,99
11,2018-08-12,良,88,336,35,74,6,17,1.1,137
12,2018-08-13,优,41,123,16,34,4,15,0.85,67
13,2018-08-14,优,39,151,14,32,5,15,0.74,73
14,2018-08-15,优,34,84,9,26,3,14,0.66,74
15,2018-08-16,优,42,178,14,35,3,15,0.72,75
16,2018-08-17,优,34,78,9,25,3,12,0.67,65
17,2018-08-18,优,37,84,10,31,7,13,0.82,68
18,2018-08-19,良,54,258,19,49,12,18,0.97,84
19,2018-08-20,良,52,223,14,44,6,19,0.78,77
20,2018-08-21,优,48,134,11,31,6,15,0.7,99
21,2018-08-22,良,60,238,22,47,5,14,0.93,105
22,2018-08-23,良,63,220,16,44,5,12,0.83,123
23,2018-08-25,良,75,258,27,52,6,19,1.19,124
24,2018-08-27,优,44,109,18,38,4,13,0.97,84
25,2018-08-29,优,34,81,7,23,9,13,0.81,67
26,2018-08-31,优,22,9,7,21,7,13,0.73,41
0,2018-07-01,优,26,19,7,25,7,19,1.2,39
1,2018-07-02,优,39,113,11,38,6,24,1.12,31
2,2018-07-03,优,44,163,9,43,8,24,1.09,48
3,2018-07-04,良,54,214,12,53,4,26,0.98,61
4,2018-07-05,良,55,251,14,57,10,23,0.94,70
5,2018-07-06,优,33,91,9,27,4,20,1.03,49
6,2018-07-07,优,27,30,6,16,3,15,0.93,55
7,2018-07-08,优,27,47,5,23,7,16,0.77,46
8,2018-07-09,优,41,209,8,36,15,22,0.83,58
9,2018-07-10,良,56,295,12,56,9,27,0.91,63
10,2018-07-11,良,53,232,10,45,5,16,0.88,81
11,2018-07-12,优,29,53,5,16,6,12,0.75,56
12,2018-07-13,优,43,173,8,37,10,24,0.85,58
13,2018-07-14,优,32,84,6,25,10,17,0.77,56
14,2018-07-15,良,52,225,12,53,9,23,0.91,66
15,2018-07-16,良,55,248,18,64,8,27,0.99,54
16,2018-07-17,良,58,253,19,66,9,28,0.97,60
17,2018-07-18,优,43,131,7,42,7,22,0.89,52
18,2018-07-19,优,44,139,7,39,8,20,0.93,59
19,2018-07-20,优,47,143,8,40,10,20,1.06,64
20,2018-07-21,良,58,183,8,47,6,21,1.2,91
21,2018-07-22,良,56,189,13,51,6,14,1.12,92
22,2018-07-23,良,55,201,11,58,9,27,1.01,54
23,2018-07-24,良,53,194,11,55,9,26,0.93,56
24,2018-07-25,优,40,107,6,36,13,17,0.69,59
25,2018-07-26,良,57,219,11,60,13,24,0.81,67
26,2018-07-27,良,53,222,14,57,10,27,0.96,55
27,2018-07-28,优,47,148,13,47,6,26,0.98,52
28,2018-07-29,优,43,97,11,40,6,24,0.99,55
29,2018-07-30,良,52,170,15,43,10,20,0.99,78
30,2018-07-31,良,55,206,17,43,7,20,1.07,88
0,2018-06-01,优,47,77,7,27,7,22,0.77,86
1,2018-06-02,优,50,75,9,32,6,27,0.75,89
2,2018-06-03,优,48,58,10,39,7,26,0.81,89
3,2018-06-04,优,48,71,13,49,7,29,0.91,64
4,2018-06-05,优,41,52,7,25,4,23,0.78,78
5,2018-06-06,优,39,44,9,35,8,29,1.0,54
6,2018-06-07,优,39,54,9,37,8,31,0.99,32
7,2018-06-08,优,18,2,5,15,5,24,0.71,24
8,2018-06-09,优,29,24,6,21,5,21,0.7,47
9,2018-06-10,良,61,198,9,29,5,18,0.76,114
10,2018-06-11,良,88,296,17,63,8,42,0.89,110
11,2018-06-12,良,72,206,22,84,10,47,0.92,80
12,2018-06-13,优,44,90,9,30,6,23,0.59,75
13,2018-06-14,良,51,111,7,38,6,24,0.72,91
14,2018-06-15,良,83,256,15,61,7,27,0.86,143
15,2018-06-16,良,94,304,18,65,6,31,0.93,152
16,2018-06-17,良,81,270,19,68,8,27,1.05,129
17,2018-06-18,良,65,204,15,56,7,23,0.92,97
18,2018-06-19,良,56,218,14,54,10,22,0.84,75
19,2018-06-20,优,31,22,8,24,4,17,0.79,56
20,2018-06-21,优,40,97,8,31,5,17,0.75,72
21,2018-06-22,优,41,112,11,36,8,19,0.95,61
22,2018-06-23,优,36,85,10,33,4,20,1.06,53
23,2018-06-24,优,40,116,10,37,6,24,1.04,45
24,2018-06-25,优,36,106,6,30,7,22,0.87,39
25,2018-06-26,优,35,110,4,28,13,18,0.8,47
26,2018-06-27,优,46,169,6,38,15,20,0.84,67
27,2018-06-28,优,47,182,7,43,14,22,0.88,62
28,2018-06-29,优,46,130,6,42,16,22,0.92,62
29,2018-06-30,优,31,33,7,26,6,21,1.14,47
0,2018-05-01,优,35,20,12,30,11,29,0.94,45
1,2018-05-02,优,43,34,18,44,7,24,1.03,69
2,2018-05-03,良,61,147,13,49,8,30,0.74,101
3,2018-05-04,良,75,220,26,96,21,54,1.01,70
4,2018-05-05,良,60,178,31,67,16,32,1.07,54
5,2018-05-06,优,35,29,7,28,12,21,0.78,58
6,2018-05-07,优,34,33,5,22,5,17,1.02,61
7,2018-05-08,优,44,66,9,27,6,19,0.83,89
8,2018-05-09,良,62,149,13,53,9,25,0.9,111
9,2018-05-10,良,66,165,21,75,15,35,1.03,103
10,2018-05-11,优,49,74,15,46,12,27,0.98,60
11,2018-05-12,优,45,47,15,46,10,31,1.17,44
12,2018-05-13,良,53,85,18,52,9,30,1.42,67
13,2018-05-14,良,57,113,21,60,14,32,1.12,59
14,2018-05-15,良,52,93,10,44,12,20,0.82,83
15,2018-05-16,良,52,125,8,44,17,22,0.71,88
16,2018-05-17,良,61,210,13,53,20,23,0.79,101
17,2018-05-18,良,63,189,18,71,15,33,1.05,71
18,2018-05-19,优,45,60,6,18,6,20,0.84,88
19,2018-05-20,优,39,56,7,29,6,17,1.07,75
20,2018-05-21,优,37,53,9,35,6,18,1.16,59
21,2018-05-22,优,33,20,8,33,6,15,0.96,48
22,2018-05-23,良,63,143,19,74,7,19,0.98,71
23,2018-05-24,良,58,109,16,56,13,29,1.11,79
24,2018-05-25,良,74,212,24,80,15,35,1.08,82
25,2018-05-26,优,38,40,8,29,11,20,1.09,63
26,2018-05-27,良,55,108,18,66,7,18,1.09,71
27,2018-05-28,良,96,251,35,139,13,31,1.0,81
28,2018-05-29,良,84,225,39,116,23,37,1.24,78
29,2018-05-30,良,61,154,23,70,8,20,0.99,63
30,2018-05-31,优,41,50,7,20,4,20,0.82,81
0,2018-04-01,良,98,223,58,139,18,63,1.51,78
1,2018-04-02,良,72,96,46,87,14,43,1.36,72
2,2018-04-03,良,53,46,30,60,10,39,1.2,57
3,2018-04-04,良,53,93,30,56,6,34,1.06,46
4,2018-04-05,优,37,12,23,36,5,28,0.78,31
5,2018-04-05,优,37,12,23,36,5,28,0.78,31
6,2018-04-06,良,64,121,17,80,6,21,0.54,74
7,2018-04-07,良,89,297,24,127,9,29,0.5,86
8,2018-04-08,良,80,215,25,108,29,52,0.66,71
9,2018-04-09,良,85,211,40,115,34,66,1.04,64
10,2018-04-10,良,92,225,37,105,34,50,0.89,102
11,2018-04-11,良,70,158,36,87,29,39,0.95,77
12,2018-04-12,良,60,109,37,67,11,33,1.17,63
13,2018-04-13,优,35,29,22,33,6,29,1.4,33
14,2018-04-14,优,34,33,9,18,5,17,0.93,68
15,2018-04-15,良,80,225,24,111,9,27,0.88,79
16,2018-04-16,良,97,240,31,143,12,40,0.86,79
17,2018-04-17,良,97,233,43,142,18,49,0.99,75
18,2018-04-18,良,87,167,36,117,22,62,0.98,72
19,2018-04-19,良,95,232,41,133,25,62,1.15,71
20,2018-04-20,良,80,212,35,107,21,49,1.14,69
21,2018-04-21,优,49,53,21,49,13,33,1.08,63
22,2018-04-22,优,47,121,17,47,14,30,1.1,46
23,2018-04-23,优,26,5,7,17,5,18,1.1,51
24,2018-04-24,优,34,35,11,28,5,17,0.96,69
25,2018-04-25,良,62,148,16,43,7,20,0.81,113
26,2018-04-26,良,63,119,29,72,15,37,0.93,82
27,2018-04-27,良,70,165,39,82,17,40,1.02,69
28,2018-04-28,良,79,172,41,103,16,53,1.26,68
29,2018-04-29,良,65,106,36,81,20,38,1.28,41
30,2018-04-30,优,41,28,15,40,12,32,1.21,42
0,2018-03-01,优,49,72,23,49,9,36,1.13,51
1,2018-03-02,良,75,232,53,78,5,22,1.27,64
2,2018-03-03,良,75,192,54,76,7,39,1.53,39
3,2018-03-04,良,52,112,29,54,10,38,1.37,37
4,2018-03-05,优,24,2,10,19,4,14,1.04,45
5,2018-03-06,优,37,60,20,36,4,21,0.82,49
6,2018-03-07,优,24,5,10,14,3,23,0.77,44
7,2018-03-08,优,35,52,11,21,4,18,0.53,71
8,2018-03-09,优,50,74,23,53,5,31,0.54,70
9,2018-03-10,良,73,157,37,91,12,61,0.89,54
10,2018-03-11,良,77,180,39,102,13,72,1.02,39
11,2018-03-12,良,83,200,41,115,18,65,1.22,52
12,2018-03-13,轻度污染,119,307,74,187,22,93,1.73,24
13,2018-03-14,良,64,128,44,69,8,48,1.21,52
14,2018-03-15,良,55,120,33,52,13,32,0.99,67
15,2018-03-16,优,38,16,14,30,3,20,0.79,56
16,2018-03-17,良,53,122,32,54,5,34,1.12,25
17,2018-03-18,优,30,19,19,27,4,38,1.29,18
18,2018-03-19,优,17,2,8,13,3,25,1.05,33
19,2018-03-20,优,31,25,14,22,4,23,0.83,60
20,2018-03-21,良,54,130,33,54,6,29,0.76,79
21,2018-03-22,良,68,129,36,83,19,58,0.93,55
22,2018-03-23,良,95,228,42,138,16,64,1.26,56
23,2018-03-24,良,86,209,46,121,11,78,1.35,18
24,2018-03-25,良,61,74,37,69,7,57,1.26,28
25,2018-03-26,良,69,111,39,87,8,43,1.2,54
26,2018-03-27,良,78,180,48,101,17,54,1.32,61
27,2018-03-28,良,84,200,45,112,18,64,1.39,66
28,2018-03-29,良,88,239,48,124,15,67,1.38,45
29,2018-03-30,良,85,238,47,105,15,48,1.36,85
30,2018-03-31,良,93,228,59,114,15,42,1.44,90
0,2018-02-01,良,81,156,58,91,12,51,0.99,51
1,2018-02-02,良,77,202,52,89,17,42,0.86,69
2,2018-02-03,良,61,150,21,69,8,22,0.61,61
3,2018-02-04,良,57,82,33,63,11,30,0.9,52
4,2018-02-05,良,59,111,35,66,16,43,1.06,48
5,2018-02-06,良,72,180,45,93,13,58,1.23,40
6,2018-02-07,良,70,112,46,88,15,62,1.04,49
7,2018-02-08,良,75,108,50,87,14,53,1.09,60
8,2018-02-09,良,87,118,60,119,13,67,1.36,27
9,2018-02-10,轻度污染,107,236,80,115,11,42,1.48,52
10,2018-02-11,轻度污染,114,292,69,153,9,38,1.41,62
11,2018-02-12,轻度污染,105,320,53,157,11,49,1.33,62
12,2018-02-13,良,91,258,53,130,12,54,1.36,60
13,2018-02-14,良,83,201,54,114,13,50,1.33,42
14,2018-02-15,良,92,245,66,113,9,24,1.14,57
15,2018-02-16,良,91,119,68,89,6,18,1.23,36
16,2018-02-17,轻度污染,105,231,78,106,4,22,1.41,34
17,2018-02-18,良,87,261,63,88,5,21,1.23,42
18,2018-02-19,优,34,14,22,32,3,16,1.08,42
19,2018-02-20,优,20,3,11,17,4,17,1.0,32
20,2018-02-21,优,34,29,22,29,3,14,1.01,56
21,2018-02-22,优,39,82,25,36,4,21,0.93,49
22,2018-02-23,良,52,136,31,52,7,33,1.19,40
23,2018-02-24,优,35,16,22,34,4,34,1.07,32
24,2018-02-25,良,67,184,48,68,5,27,1.03,56
25,2018-02-26,良,53,96,29,58,6,43,1.19,38
26,2018-02-27,良,57,114,28,64,10,46,1.36,24
27,2018-02-28,优,39,32,14,32,5,26,1.03,57
0,2018-01-01,良,87,109,54,120,15,61,1.02,35
1,2018-01-02,良,75,142,53,92,14,53,1.07,31
2,2018-01-03,良,53,149,36,56,5,33,0.94,29
3,2018-01-04,优,13,1,5,6,2,24,0.58,22
4,2018-01-05,优,26,23,17,23,4,25,0.72,23
5,2018-01-06,优,38,83,26,32,4,35,0.97,10
6,2018-01-07,优,32,57,21,27,4,27,0.99,26
7,2018-01-08,良,71,207,51,66,10,25,1.02,60
8,2018-01-09,良,69,266,45,84,24,50,0.96,34
9,2018-01-10,良,74,291,41,95,26,59,1.08,31
10,2018-01-11,良,69,227,30,87,13,56,0.83,34
11,2018-01-12,良,65,159,35,75,12,43,0.65,48
12,2018-01-13,良,68,85,43,84,19,54,0.88,35
13,2018-01-14,良,80,124,48,107,32,68,1.03,22
14,2018-01-15,良,90,142,61,127,35,72,1.43,13
15,2018-01-16,良,74,102,46,94,17,52,1.11,20
16,2018-01-17,良,90,134,66,98,13,49,1.29,24
17,2018-01-18,轻度污染,101,155,75,109,12,43,1.33,36
18,2018-01-19,轻度污染,149,234,112,149,12,51,1.65,36
19,2018-01-20,轻度污染,116,195,87,114,10,56,1.84,20
20,2018-01-21,良,79,157,58,73,8,60,2.15,6
21,2018-01-22,良,54,91,37,51,9,51,1.73,19
22,2018-01-23,良,85,220,58,92,10,53,1.67,23
23,2018-01-24,良,76,262,56,75,6,43,1.27,11
24,2018-01-25,优,17,2,10,14,4,28,0.82,30
25,2018-01-26,优,29,20,19,22,6,23,0.79,41
26,2018-01-27,优,30,22,21,23,6,28,0.93,35
27,2018-01-28,优,42,75,29,34,5,22,0.89,42
28,2018-01-29,良,64,156,45,54,7,21,1.11,67
29,2018-01-30,良,95,211,70,87,11,30,1.28,74
30,2018-01-31,良,98,247,72,99,14,35,1.14,77
0,2017-12-01,优,49,119,33,53,8,37,0.82,22
1,2017-12-02,良,63,135,42,73,12,47,0.98,18
2,2017-12-03,良,61,124,37,69,10,47,0.93,16
3,2017-12-04,良,84,238,60,93,17,47,1.15,57
4,2017-12-05,中度污染,155,338,117,156,12,47,1.27,61
5,2017-12-06,轻度污染,116,274,87,134,19,72,1.23,48
6,2017-12-07,轻度污染,102,206,76,122,18,54,1.01,44
7,2017-12-08,良,96,296,68,111,16,42,0.95,62
8,2017-12-09,良,76,130,50,100,19,58,1.04,43
9,2017-12-10,良,98,257,66,141,21,63,1.31,37
10,2017-12-11,良,77,175,41,102,23,50,0.96,54
11,2017-12-12,良,81,216,57,103,22,56,1.13,44
12,2017-12-13,良,92,241,68,100,11,53,1.05,20
13,2017-12-14,优,30,17,20,25,4,35,0.79,19
14,2017-12-15,优,23,12,15,19,4,30,0.96,14
15,2017-12-16,优,42,80,29,39,5,28,0.97,26
16,2017-12-17,良,93,318,68,89,10,33,1.02,59
17,2017-12-18,良,70,182,48,82,15,51,1.06,48
18,2017-12-19,良,66,178,43,75,18,52,0.92,42
19,2017-12-20,良,70,155,46,87,18,63,1.16,31
20,2017-12-21,良,94,218,68,125,18,73,1.54,27
21,2017-12-22,轻度污染,117,236,87,149,31,81,1.75,30
22,2017-12-23,轻度污染,132,222,99,171,27,88,1.74,14
23,2017-12-24,良,83,133,60,100,18,43,1.16,64
24,2017-12-25,良,65,73,36,77,14,43,0.89,57
25,2017-12-26,良,71,102,43,89,19,59,1.0,39
26,2017-12-27,良,86,135,62,111,22,65,1.15,28
27,2017-12-28,轻度污染,101,151,75,97,8,59,1.22,16
28,2017-12-29,良,60,58,42,50,6,31,0.89,38
29,2017-12-30,良,98,160,73,115,12,36,1.06,47
30,2017-12-31,轻度污染,106,162,74,136,20,49,1.2,59
0,2017-11-01,良,98,239,69,134,17,75,1.21,63
1,2017-11-02,轻度污染,109,256,78,149,16,82,1.33,60
2,2017-11-03,轻度污染,106,257,72,127,15,50,1.2,101
3,2017-11-04,良,96,299,62,109,10,28,1.02,82
4,2017-11-05,良,67,138,40,74,16,44,0.93,71
5,2017-11-06,轻度污染,102,248,73,125,20,78,1.31,39
6,2017-11-07,中度污染,187,347,144,208,30,86,1.78,24
7,2017-11-08,中度污染,164,341,123,188,17,63,1.48,57
8,2017-11-09,轻度污染,138,323,104,163,16,62,1.45,78
9,2017-11-10,中度污染,157,365,122,165,8,65,1.49,45
10,2017-11-11,良,99,347,72,116,14,40,1.13,45
11,2017-11-12,良,58,131,37,61,11,39,1.01,38
12,2017-11-13,良,78,242,57,79,9,45,1.21,24
13,2017-11-14,良,76,256,55,73,9,39,1.25,41
14,2017-11-15,轻度污染,134,338,101,147,15,52,1.45,31
15,2017-11-16,良,100,273,74,113,12,50,1.43,18
16,2017-11-17,优,33,31,21,31,4,36,1.23,14
17,2017-11-18,优,35,65,19,33,4,23,0.82,46
18,2017-11-19,优,43,102,24,42,9,31,0.66,34
19,2017-11-20,良,59,193,41,54,8,34,0.85,35
20,2017-11-21,良,73,204,52,73,12,46,1.05,21
21,2017-11-22,良,67,200,46,74,14,45,0.92,38
22,2017-11-23,良,70,238,40,87,16,47,0.73,55
23,2017-11-24,良,70,214,37,89,20,61,0.85,47
24,2017-11-25,良,88,259,57,123,27,76,1.16,23
25,2017-11-26,良,91,256,64,123,27,60,1.27,39
26,2017-11-27,良,88,230,63,114,21,70,1.42,21
27,2017-11-28,良,92,189,68,113,17,54,1.42,21
28,2017-11-29,良,95,259,70,93,7,49,1.45,22
29,2017-11-30,优,42,84,29,43,4,32,0.85,26
0,2017-10-01,良,69,291,40,84,15,39,1.13,61
1,2017-10-02,良,64,295,36,77,23,30,1.13,58
2,2017-10-03,优,33,94,15,32,6,15,1.03,47
3,2017-10-05,优,25,38,14,24,5,18,1.03,37
4,2017-10-06,优,31,44,14,26,7,20,1.07,47
5,2017-10-07,良,55,173,32,60,11,32,1.25,53
6,2017-10-08,良,71,259,44,83,13,34,1.26,72
7,2017-10-09,良,71,302,45,80,13,27,1.12,80
8,2017-10-10,良,71,309,41,80,14,26,1.05,86
9,2017-10-11,优,40,205,21,41,6,21,0.92,30
10,2017-10-12,优,19,14,7,12,4,18,0.72,40
11,2017-10-13,优,30,57,18,26,5,23,0.84,28
12,2017-10-14,优,44,171,22,43,8,21,0.91,55
13,2017-10-15,优,31,82,13,22,4,17,0.78,56
14,2017-10-16,优,27,56,7,11,3,16,0.76,54
15,2017-10-17,优,31,89,13,21,5,21,0.88,53
16,2017-10-18,优,41,129,21,40,8,24,0.87,49
17,2017-10-19,优,36,81,17,32,8,20,0.82,61
18,2017-10-20,优,45,109,26,43,10,22,0.98,76
19,2017-10-21,良,58,161,29,51,12,24,1.12,100
20,2017-10-22,良,88,273,57,93,14,32,1.47,120
21,2017-10-23,良,95,308,71,114,17,38,1.59,111
22,2017-10-24,良,78,222,48,93,12,36,1.27,70
23,2017-10-25,良,61,108,31,69,12,39,1.06,72
24,2017-10-26,良,70,144,37,83,17,43,0.99,84
25,2017-10-27,良,78,152,36,86,14,38,0.89,114
26,2017-10-28,良,93,231,62,102,17,36,1.11,135
27,2017-10-29,良,88,290,64,109,13,30,1.05,106
28,2017-10-30,良,63,158,28,75,12,31,0.72,71
29,2017-10-31,良,76,188,50,97,20,49,1.03,72
0,2017-09-01,良,56,212,33,60,8,18,1.11,66
1,2017-09-02,良,58,207,28,53,7,15,1.04,89
2,2017-09-03,良,70,293,39,80,12,20,1.23,95
3,2017-09-04,良,76,334,47,88,9,18,1.29,98
4,2017-09-05,良,66,289,42,75,9,18,1.16,87
5,2017-09-06,良,51,223,32,55,5,18,1.06,50
6,2017-09-07,优,37,56,13,31,6,16,1.01,74
7,2017-09-08,优,46,132,20,45,9,21,1.19,44
8,2017-09-09,优,39,92,18,35,4,25,0.84,48
9,2017-09-10,优,42,122,16,39,8,19,0.72,50
10,2017-09-11,优,23,8,9,17,4,16,0.88,45
11,2017-09-12,优,37,44,18,36,7,17,0.98,60
12,2017-09-13,良,56,142,24,49,11,20,0.97,102
13,2017-09-14,良,74,271,31,62,11,19,0.95,122
14,2017-09-15,良,64,192,20,51,12,21,0.9,113
15,2017-09-16,良,70,241,26,56,10,19,0.97,117
16,2017-09-17,良,69,215,27,62,13,25,1.02,110
17,2017-09-18,良,87,243,40,94,20,43,1.22,102
18,2017-09-19,良,78,224,50,105,18,38,1.32,75
19,2017-09-20,优,36,60,21,31,4,19,0.99,55
20,2017-09-21,优,39,65,20,38,7,17,0.83,65
21,2017-09-22,良,55,146,30,58,10,23,1.04,60
22,2017-09-23,良,57,180,28,62,14,27,1.14,57
23,2017-09-24,良,63,241,35,75,13,31,1.21,60
24,2017-09-25,良,60,246,33,73,16,29,0.92,43
25,2017-09-26,良,51,196,17,50,27,26,0.85,57
26,2017-09-27,良,58,270,26,60,12,23,0.94,70
27,2017-09-28,优,31,37,10,20,6,14,0.87,63
28,2017-09-29,优,35,52,16,33,8,19,0.86,53
29,2017-09-30,良,53,186,25,54,16,28,1.09,69
0,2017-08-01,优,23,4,8,15,4,16,0.87,47
1,2017-08-02,优,41,138,19,39,9,17,0.93,62
2,2017-08-03,优,47,170,20,44,16,21,0.84,68
3,2017-08-04,良,55,177,24,54,11,28,0.89,63
4,2017-08-05,良,67,243,33,75,8,31,1.05,71
5,2017-08-06,良,59,208,24,59,12,24,0.94,78
6,2017-08-07,良,60,221,23,62,23,23,0.9,72
7,2017-08-08,良,57,242,23,60,23,22,0.9,66
8,2017-08-09,优,46,160,16,42,19,21,0.95,49
9,2017-08-10,优,41,106,14,35,11,16,0.91,70
10,2017-08-11,优,37,75,14,35,12,21,0.87,40
11,2017-08-12,优,30,39,10,28,9,23,0.82,38
12,2017-08-13,优,30,45,11,24,7,20,0.86,53
13,2017-08-14,优,26,26,9,21,10,16,0.85,42
14,2017-08-15,优,30,69,10,25,11,20,0.93,42
15,2017-08-16,优,31,58,10,28,16,23,0.92,34
16,2017-08-17,优,44,150,13,43,10,28,1.01,44
17,2017-08-18,优,44,135,16,38,12,26,0.94,58
18,2017-08-19,良,61,285,27,66,20,30,0.99,59
19,2017-08-20,良,60,272,25,68,27,29,1.03,52
20,2017-08-21,优,39,80,14,35,5,15,0.98,69
21,2017-08-22,良,56,208,27,54,6,13,1.21,89
22,2017-08-23,优,38,105,7,28,8,12,0.8,74
23,2017-08-24,优,32,59,8,27,10,14,0.73,56
24,2017-08-25,良,54,254,15,54,10,26,0.99,58
25,2017-08-26,优,41,133,16,35,5,13,1.12,80
26,2017-08-27,优,47,182,20,45,8,16,1.09,63
27,2017-08-28,优,37,127,9,31,18,21,0.89,48
28,2017-08-29,良,53,300,15,51,11,25,1.03,63
29,2017-08-30,良,53,290,27,53,6,12,1.06,74
30,2017-08-31,优,47,200,21,42,7,15,0.9,72
0,2017-07-01,优,27,53,14,26,7,35,0.87,26
1,2017-07-02,优,29,54,13,28,13,26,0.74,24
2,2017-07-03,优,23,28,9,20,11,18,0.7,36
3,2017-07-04,优,30,42,9,25,13,19,0.68,44
4,2017-07-05,优,42,123,12,40,13,25,0.73,44
5,2017-07-06,优,40,131,13,38,14,18,0.69,42
6,2017-07-07,优,32,83,8,27,13,15,0.65,46
7,2017-07-08,优,34,88,10,33,12,15,0.69,54
8,2017-07-09,优,30,55,9,27,12,13,0.78,49
9,2017-07-10,优,32,62,11,28,12,20,0.84,43
10,2017-07-11,优,41,96,16,41,16,25,0.87,48
11,2017-07-12,良,63,199,29,66,18,27,0.87,72
12,2017-07-13,良,65,215,29,65,22,25,0.82,78
13,2017-07-14,良,76,305,45,91,27,27,0.88,73
14,2017-07-15,良,65,276,36,69,18,25,0.81,72
15,2017-07-16,良,67,266,36,78,18,27,0.86,69
16,2017-07-17,良,74,311,44,88,13,28,0.98,84
17,2017-07-18,优,39,106,18,38,13,14,0.74,54
18,2017-07-19,优,33,73,12,29,12,12,0.66,53
19,2017-07-20,优,43,125,16,40,18,16,0.77,62
20,2017-07-21,良,61,264,25,62,28,23,0.85,70
21,2017-07-22,良,82,325,38,89,16,33,1.06,95
22,2017-07-23,良,84,302,44,98,11,36,1.15,95
23,2017-07-24,良,83,303,43,100,20,32,1.05,85
24,2017-07-25,良,83,286,44,99,10,37,1.02,87
25,2017-07-26,良,84,311,45,105,10,34,1.12,82
26,2017-07-27,良,87,307,48,99,8,26,1.14,102
27,2017-07-28,良,84,314,49,95,6,22,1.17,118
28,2017-07-29,良,75,308,34,69,6,13,1.07,132
29,2017-07-30,良,58,160,20,54,6,15,0.97,91
30,2017-07-31,优,26,9,10,21,4,15,0.87,44
0,2017-06-01,良,52,129,24,39,5,18,1.06,82
1,2017-06-02,优,47,114,19,39,8,16,0.83,86
2,2017-06-03,优,46,101,17,38,10,16,0.86,81
3,2017-06-04,优,35,36,9,26,7,14,0.75,68
4,2017-06-05,优,31,10,9,23,4,19,0.79,51
5,2017-06-06,优,30,12,10,28,8,28,0.9,40
6,2017-06-07,良,68,250,19,54,14,29,0.93,88
7,2017-06-08,良,74,243,30,73,10,38,1.17,83
8,2017-06-09,良,59,192,32,68,12,32,1.04,47
9,2017-06-10,优,40,129,12,38,13,23,0.71,52
10,2017-06-11,优,30,33,9,20,4,18,1.03,58
11,2017-06-12,优,26,15,9,21,5,20,1.11,48
12,2017-06-13,优,28,34,9,21,4,16,0.87,55
13,2017-06-14,优,30,30,11,24,5,19,0.74,59
14,2017-06-15,优,43,109,16,32,6,23,0.73,77
15,2017-06-16,优,44,111,13,28,5,22,0.72,82
16,2017-06-17,良,58,137,20,51,7,27,0.84,69
17,2017-06-18,优,41,57,10,34,8,25,0.85,54
18,2017-06-19,优,47,121,25,50,11,23,1.03,59
19,2017-06-20,良,70,259,46,80,18,27,0.94,71
20,2017-06-21,良,51,139,26,42,6,24,0.83,66
21,2017-06-22,优,38,93,18,37,10,19,0.73,64
22,2017-06-23,优,26,21,11,22,10,21,0.65,36
23,2017-06-24,优,22,12,8,17,5,27,0.74,30
24,2017-06-25,优,25,20,7,11,3,25,0.68,54
25,2017-06-26,优,37,71,15,29,6,30,0.84,72
26,2017-06-27,优,49,122,22,38,8,23,0.82,87
27,2017-06-28,优,41,80,17,30,11,24,0.84,75
28,2017-06-29,优,32,53,12,31,19,30,0.99,31
29,2017-06-30,优,33,77,14,32,8,30,0.81,33
0,2017-05-01,良,74,177,46,93,8,39,1.02,63
1,2017-05-02,良,56,101,28,53,5,19,0.92,84
2,2017-05-03,良,66,237,41,78,8,27,1.03,67
3,2017-05-04,优,37,25,15,30,5,19,0.87,58
4,2017-05-05,良,51,66,18,48,8,32,0.95,74
5,2017-05-06,良,79,154,33,99,11,28,0.96,106
6,2017-05-07,良,95,210,51,138,9,20,1.03,99
7,2017-05-08,优,44,51,22,43,5,29,1.17,53
8,2017-05-09,良,63,192,23,67,17,29,0.98,74
9,2017-05-10,良,90,301,43,116,23,53,1.18,85
10,2017-05-11,良,87,257,50,116,20,44,1.21,75
11,2017-05-12,优,49,91,11,23,5,17,0.76,94
12,2017-05-13,良,67,187,19,63,16,42,0.9,92
13,2017-05-14,良,85,263,37,106,20,50,1.21,82
14,2017-05-15,良,79,313,48,100,14,26,1.24,116
15,2017-05-16,良,80,311,47,90,12,21,1.1,116
16,2017-05-17,良,93,291,46,92,12,30,1.08,129
17,2017-05-18,良,97,263,42,107,18,50,1.14,98
18,2017-05-19,良,78,202,46,104,20,58,1.28,67
19,2017-05-20,良,70,189,35,73,15,30,1.06,78
20,2017-05-20,良,70,189,35,73,15,30,1.06,78
21,2017-05-21,良,75,235,39,89,14,33,1.23,87
22,2017-05-22,良,67,251,45,82,9,29,1.25,60
23,2017-05-23,优,43,101,19,38,10,18,1.06,55
24,2017-05-24,优,41,85,12,26,6,15,0.91,84
25,2017-05-25,良,86,313,27,51,13,21,0.81,143
26,2017-05-26,良,76,224,23,59,14,35,0.92,114
27,2017-05-27,轻度污染,106,299,38,110,18,57,1.26,104
28,2017-05-28,轻度污染,108,290,43,115,15,57,1.24,104
29,2017-05-29,轻度污染,110,304,47,117,20,50,1.24,112
30,2017-05-30,良,100,311,52,109,26,38,1.23,115
31,2017-05-31,良,88,248,64,117,49,30,1.47,90
0,2017-04-01,良,73,204,45,91,16,51,0.88,72
1,2017-04-02,良,96,281,60,136,27,61,1.03,67
2,2017-04-03,良,86,228,54,121,21,62,1.17,53
3,2017-04-04,良,77,171,47,101,22,46,1.02,79
4,2017-04-05,良,89,246,57,123,38,45,0.95,81
5,2017-04-06,良,73,176,39,95,24,40,0.99,50
6,2017-04-07,良,51,75,27,54,8,35,1.51,43
7,2017-04-08,良,62,173,34,72,11,37,1.21,52
8,2017-04-09,优,45,123,21,42,7,27,1.25,56
9,2017-04-10,优,35,51,8,15,4,20,0.88,66
10,2017-04-11,优,32,17,13,24,7,23,0.91,59
11,2017-04-12,优,50,94,23,45,11,35,1.0,72
12,2017-04-13,良,82,264,50,108,23,54,1.27,69
13,2017-04-14,良,83,268,47,112,44,51,1.19,63
14,2017-04-15,轻度污染,102,302,60,153,25,61,1.69,38
15,2017-04-16,良,80,221,49,108,17,38,1.43,46
16,2017-04-17,良,54,111,18,59,10,22,0.9,68
17,2017-04-18,良,74,189,27,95,19,28,0.92,72
18,2017-04-19,良,92,294,48,132,22,44,1.14,51
19,2017-04-20,良,52,102,23,56,10,21,0.91,73
20,2017-04-21,良,59,168,16,68,7,19,0.76,76
21,2017-04-22,良,68,194,17,73,9,29,0.8,92
22,2017-04-23,良,91,325,44,128,16,63,1.22,71
23,2017-04-23,良,91,325,44,128,16,63,1.22,71
24,2017-04-24,良,91,306,55,123,19,60,1.23,84
25,2017-04-25,良,65,204,40,82,7,39,1.09,51
26,2017-04-26,优,48,119,22,42,6,16,0.84,93
27,2017-04-27,良,60,180,28,55,9,28,0.79,99
28,2017-04-28,良,89,334,35,97,19,63,1.05,99
29,2017-04-29,轻度污染,104,335,59,139,29,62,1.1,93
30,2017-04-30,轻度污染,104,307,54,138,19,62,1.11,92
0,2017-03-01,良,97,287,56,142,15,53,0.98,57
1,2017-03-02,良,72,225,16,92,10,25,0.58,69
2,2017-03-03,良,89,270,41,125,25,60,0.92,40
3,2017-03-04,良,86,181,57,119,20,50,1.06,22
4,2017-03-05,良,64,147,45,65,7,23,1.07,48
5,2017-03-06,轻度污染,102,331,75,117,11,24,1.23,74
6,2017-03-07,良,97,314,71,124,20,44,1.3,69
7,2017-03-08,轻度污染,104,325,73,134,18,43,1.26,78
8,2017-03-09,良,93,285,57,132,18,59,1.23,59
9,2017-03-10,良,64,119,44,71,5,33,1.0,57
10,2017-03-11,优,45,48,23,46,5,23,0.99,43
11,2017-03-12,优,41,40,21,42,5,28,1.11,30
12,2017-03-13,优,41,80,18,31,3,18,1.06,60
13,2017-03-14,优,45,99,23,44,8,18,0.72,76
14,2017-03-15,优,50,86,26,52,11,27,0.7,59
15,2017-03-16,优,46,56,25,46,8,26,0.7,71
16,2017-03-17,优,49,68,31,55,6,36,0.77,31
17,2017-03-18,优,40,44,27,39,5,33,1.0,30
18,2017-03-19,良,54,97,36,57,7,39,1.33,12
19,2017-03-20,优,25,2,11,22,4,34,1.17,21
20,2017-03-21,优,44,56,21,37,6,20,0.78,71
21,2017-03-22,优,31,19,13,25,3,31,0.93,44
22,2017-03-23,优,40,37,22,39,7,27,1.06,56
23,2017-03-24,优,33,24,19,31,5,25,1.02,40
24,2017-03-25,优,46,85,19,52,10,31,0.87,40
25,2017-03-26,良,83,259,34,115,16,45,0.99,55
26,2017-03-27,轻度污染,106,331,57,159,28,62,1.31,58
27,2017-03-28,良,78,212,43,106,17,52,1.11,39
28,2017-03-29,优,43,9,21,44,5,33,0.88,48
29,2017-03-30,良,60,120,36,68,6,47,1.13,19
30,2017-03-31,良,56,146,19,34,7,18,0.66,104
0,2017-02-01,良,76,215,55,79,9,16,1.03,47
1,2017-02-02,良,70,172,50,72,6,15,0.89,43
2,2017-02-03,轻度污染,110,239,82,112,9,22,1.16,32
3,2017-02-04,良,79,145,57,79,4,24,1.24,15
4,2017-02-05,良,52,79,33,54,3,19,1.22,25
5,2017-02-06,良,62,153,41,67,8,23,1.34,39
6,2017-02-07,良,77,243,56,85,12,24,1.07,46
7,2017-02-08,优,28,10,16,25,2,15,0.75,41
8,2017-02-09,良,85,270,63,80,9,20,0.85,66
9,2017-02-10,良,86,276,63,90,14,28,0.84,70
10,2017-02-11,良,88,259,63,99,23,31,0.87,76
11,2017-02-12,轻度污染,149,315,112,168,22,60,1.32,51
12,2017-02-13,轻度污染,104,220,75,138,16,64,1.35,50
13,2017-02-14,良,70,89,45,88,17,51,0.95,57
14,2017-02-15,良,90,130,56,128,25,63,1.4,47
15,2017-02-16,轻度污染,118,249,83,179,30,63,1.81,56
16,2017-02-17,轻度污染,148,328,105,222,18,48,1.89,43
17,2017-02-18,轻度污染,107,242,79,131,9,29,1.4,35
18,2017-02-19,轻度污染,139,256,105,188,26,50,1.78,32
19,2017-02-20,中度污染,168,344,117,230,23,42,1.99,36
20,2017-02-21,良,72,259,28,93,10,22,0.81,42
21,2017-02-22,优,30,12,15,27,4,16,0.89,40
22,2017-02-23,良,68,213,48,67,11,17,1.01,62
23,2017-02-24,良,61,157,42,63,9,24,0.9,70
24,2017-02-25,良,70,191,47,82,16,40,0.94,59
25,2017-02-26,良,87,243,58,118,18,56,1.14,63
26,2017-02-27,良,79,182,52,97,20,43,1.02,80
27,2017-02-28,良,82,160,53,110,25,57,1.15,76
0,2017-01-01,轻度污染,127,159,94,183,27,78,1.96,25
1,2017-01-02,轻度污染,123,154,92,143,28,46,1.54,54
2,2017-01-03,中度污染,180,238,136,204,31,50,1.85,59
3,2017-01-04,重度污染,216,280,165,251,32,61,2.02,39
4,2017-01-05,中度污染,172,281,131,193,20,61,2.19,11
5,2017-01-06,优,28,10,14,27,8,29,1.16,15
6,2017-01-07,优,17,1,8,16,5,24,1.11,11
7,2017-01-08,优,30,8,14,29,5,21,1.15,37
8,2017-01-09,良,82,201,59,88,19,27,1.6,58
9,2017-01-10,轻度污染,112,256,84,113,20,31,1.54,43
10,2017-01-11,轻度污染,103,269,76,108,15,35,1.48,25
11,2017-01-12,良,64,165,43,66,9,32,1.39,33
12,2017-01-13,良,66,168,43,74,12,35,1.14,41
13,2017-01-14,良,93,272,68,111,23,37,1.08,55
14,2017-01-15,良,69,186,48,85,18,38,0.89,43
15,2017-01-16,良,69,146,47,84,18,36,0.97,47
16,2017-01-17,良,73,133,52,80,13,37,0.87,34
17,2017-01-18,良,88,172,65,96,15,50,1.11,12
18,2017-01-19,良,100,191,74,106,10,39,1.05,15
19,2017-01-20,轻度污染,113,316,84,132,16,27,0.99,60
20,2017-01-21,良,76,178,39,99,21,43,0.92,43
21,2017-01-22,良,92,231,67,121,15,43,0.99,52
22,2017-01-23,良,75,156,51,92,19,34,0.98,63
23,2017-01-24,良,76,150,54,90,14,29,1.01,60
24,2017-01-25,良,72,85,51,86,13,31,1.05,41
25,2017-01-26,良,85,108,60,100,8,31,1.2,41
26,2017-01-27,良,97,179,68,116,11,20,1.16,57
27,2017-01-28,重度污染,222,295,175,251,35,26,1.6,53
28,2017-01-29,轻度污染,134,291,101,145,9,21,1.39,44
29,2017-01-30,良,87,278,63,105,8,11,1.23,60
30,2017-01-31,良,63,169,44,71,11,16,0.96,53
0,2016-12-01,良,89,177,62,117,20,40,0.96,57
1,2016-12-02,良,91,173,65,128,21,46,1.07,64
2,2016-12-03,轻度污染,140,263,105,194,31,71,1.52,34
3,2016-12-04,中度污染,159,306,120,210,31,75,1.71,28
4,2016-12-05,中度污染,171,328,129,232,28,59,1.84,39
5,2016-12-06,重度污染,202,357,155,230,22,52,1.83,64
6,2016-12-07,重度污染,222,357,172,283,30,82,1.89,46
7,2016-12-08,重度污染,214,348,165,279,39,83,1.91,41
8,2016-12-09,中度污染,175,342,133,213,24,64,1.83,45
9,2016-12-10,轻度污染,126,279,94,151,20,38,1.33,44
10,2016-12-11,良,92,176,68,114,20,46,1.16,27
11,2016-12-12,轻度污染,140,291,106,171,35,56,1.47,13
12,2016-12-13,良,67,133,46,70,10,40,1.27,14
13,2016-12-14,良,60,175,39,59,11,27,1.04,24
14,2016-12-15,良,52,88,32,54,19,28,0.79,50
15,2016-12-16,良,85,166,62,102,31,47,1.14,48
16,2016-12-17,轻度污染,106,181,76,138,26,64,1.39,35
17,2016-12-18,轻度污染,101,158,70,143,27,68,1.57,27
18,2016-12-19,良,81,85,53,107,15,45,1.25,22
19,2016-12-20,良,79,102,58,81,10,54,1.89,11
20,2016-12-21,良,67,126,47,76,6,40,1.7,13
21,2016-12-22,良,61,130,41,72,11,34,1.49,47
22,2016-12-23,良,83,192,59,99,13,37,1.41,45
23,2016-12-24,良,78,148,56,92,16,38,1.22,37
24,2016-12-25,良,69,190,49,76,9,45,1.28,11
25,2016-12-26,优,21,3,10,18,4,28,0.99,12
26,2016-12-27,优,50,124,34,49,13,19,0.98,48
27,2016-12-28,良,77,195,53,78,14,31,1.08,50
28,2016-12-29,良,61,103,38,69,19,33,0.89,55
29,2016-12-30,良,85,141,61,101,19,46,1.15,43
30,2016-12-31,良,91,108,65,120,20,62,1.33,38
0,2016-11-01,优,28,22,14,27,13,22,0.74,35
1,2016-11-02,优,43,91,21,43,15,29,0.8,45
2,2016-11-03,良,58,114,31,64,14,37,0.99,52
3,2016-11-04,良,88,210,59,122,30,55,1.18,43
4,2016-11-05,轻度污染,127,264,95,179,41,67,1.49,57
5,2016-11-06,轻度污染,109,205,79,128,18,47,1.18,60
6,2016-11-07,轻度污染,104,267,77,114,18,40,1.55,51
7,2016-11-08,优,29,38,15,25,6,20,0.92,44
8,2016-11-09,优,43,136,28,41,9,27,0.73,39
9,2016-11-10,优,48,119,21,48,28,37,0.69,44
10,2016-11-11,良,63,175,29,75,42,45,0.94,33
11,2016-11-12,良,70,149,44,87,19,51,1.23,13
12,2016-11-13,优,28,3,13,27,5,26,1.01,8
13,2016-11-14,优,38,16,16,38,12,36,1.05,15
14,2016-11-15,轻度污染,138,323,104,160,19,39,1.43,79
15,2016-11-16,良,93,238,69,107,9,32,1.25,35
16,2016-11-17,良,78,188,56,97,10,38,1.47,18
17,2016-11-18,良,71,137,46,86,21,44,1.9,13
18,2016-11-19,良,77,171,53,100,13,39,1.85,26
19,2016-11-20,良,56,132,32,63,14,41,1.71,16
20,2016-11-21,良,61,222,34,70,14,44,1.81,15
21,2016-11-22,优,34,98,17,36,7,28,1.01,26
22,2016-11-23,优,15,5,6,11,4,22,0.82,29
23,2016-11-24,优,29,47,15,28,11,23,0.76,35
24,2016-11-25,良,54,116,37,53,13,37,0.99,16
25,2016-11-26,良,51,100,29,53,10,38,0.89,32
26,2016-11-27,良,69,124,42,86,19,46,1.16,31
27,2016-11-28,良,79,158,42,107,22,43,1.1,56
28,2016-11-29,良,94,220,62,137,24,42,1.24,57
29,2016-11-30,良,94,224,68,127,19,35,1.14,59
0,2016-10-01,优,43,91,20,43,9,26,0.9,37
1,2016-10-02,良,60,220,36,70,11,31,1.11,27
2,2016-10-03,优,33,35,12,28,8,20,0.96,58
3,2016-10-04,优,49,119,21,50,14,28,1.09,56
4,2016-10-05,良,68,230,36,70,17,23,1.02,92
5,2016-10-06,良,74,267,49,87,17,23,1.14,78
6,2016-10-07,优,42,95,20,39,6,17,0.92,71
7,2016-10-08,优,50,181,22,55,11,17,0.89,78
8,2016-10-09,良,65,277,30,64,15,22,0.98,96
9,2016-10-10,良,55,181,21,52,16,25,0.88,84
10,2016-10-11,良,59,207,25,60,19,23,0.84,91
11,2016-10-12,良,55,163,33,59,14,30,0.95,37
12,2016-10-13,良,61,184,37,69,22,29,0.96,51
13,2016-10-14,良,68,227,48,76,11,28,0.97,40
14,2016-10-15,良,68,231,44,79,13,38,0.95,41
15,2016-10-16,良,75,271,51,95,21,32,1.07,69
16,2016-10-17,良,61,165,37,69,11,24,1.02,64
17,2016-10-18,良,69,194,47,82,16,31,1.24,52
18,2016-10-19,良,66,169,44,80,6,30,1.23,27
19,2016-10-20,优,43,109,18,42,8,27,1.04,28
20,2016-10-21,良,52,224,24,53,11,25,0.95,32
21,2016-10-22,优,23,18,8,22,4,20,0.82,25
22,2016-10-23,优,32,81,12,31,9,23,0.97,40
23,2016-10-24,优,48,182,21,49,9,32,1.08,24
24,2016-10-25,优,46,131,18,47,10,36,1.24,9
25,2016-10-26,良,65,262,32,77,16,41,1.41,14
26,2016-10-27,良,55,244,24,64,16,47,1.49,21
27,2016-10-28,优,40,144,15,41,7,26,1.06,31
28,2016-10-29,优,24,27,9,21,5,20,0.76,42
29,2016-10-30,优,36,66,18,35,9,27,0.77,31
30,2016-10-31,优,38,97,19,38,12,33,1.05,20
0,2016-09-01,优,47,135,27,50,11,18,0.68,58
1,2016-09-02,良,64,225,31,72,22,31,0.87,68
2,2016-09-03,良,70,209,36,81,11,30,0.8,78
3,2016-09-04,良,60,154,32,68,13,26,0.81,87
4,2016-09-05,良,63,190,34,74,17,27,0.87,87
5,2016-09-06,优,48,129,20,40,6,14,0.69,83
6,2016-09-07,优,49,139,14,35,9,18,0.68,90
7,2016-09-08,良,66,218,29,71,13,28,0.79,78
8,2016-09-09,良,91,288,64,120,15,26,0.95,88
9,2016-09-10,良,65,228,45,67,9,17,0.86,60
10,2016-09-11,良,63,244,44,70,7,20,0.87,41
11,2016-09-12,优,44,96,20,42,10,17,0.76,52
12,2016-09-13,良,62,190,29,63,9,23,0.8,80
13,2016-09-14,良,56,154,25,51,11,16,0.83,91
14,2016-09-15,优,45,133,23,45,10,15,0.95,48
15,2016-09-16,优,25,41,11,24,8,14,0.78,36
16,2016-09-17,优,32,62,13,28,9,14,0.66,62
17,2016-09-18,优,49,161,23,50,18,19,0.85,57
18,2016-09-19,良,76,341,37,72,13,19,0.85,109
19,2016-09-20,良,62,236,27,63,16,24,0.78,105
20,2016-09-21,良,66,199,35,78,21,31,0.91,96
21,2016-09-22,良,82,253,46,99,19,33,1.04,96
22,2016-09-23,良,100,311,57,136,15,46,1.1,82
23,2016-09-24,轻度污染,101,301,69,144,16,39,1.07,82
24,2016-09-25,轻度污染,109,319,74,149,20,40,1.19,79
25,2016-09-26,良,88,287,54,112,18,37,1.11,86
26,2016-09-27,良,92,322,47,102,21,25,1.04,124
27,2016-09-28,良,69,326,23,86,7,15,0.79,53
28,2016-09-29,优,23,18,7,21,3,17,0.77,35
29,2016-09-30,优,27,19,7,26,3,19,0.81,35
0,2016-08-01,良,56,224,23,52,7,13,0.69,87
1,2016-08-02,优,38,92,12,34,6,13,0.65,59
2,2016-08-03,优,32,77,12,29,5,14,0.7,49
3,2016-08-04,优,37,109,14,34,11,12,0.64,54
4,2016-08-05,优,39,116,15,36,7,16,0.73,58
5,2016-08-06,优,46,139,19,46,8,18,0.82,60
6,2016-08-07,优,47,194,23,47,8,16,0.79,64
7,2016-08-08,良,53,260,24,54,9,19,0.88,61
8,2016-08-09,良,53,212,23,45,7,12,0.83,87
9,2016-08-10,优,37,86,13,33,5,15,0.78,51
10,2016-08-11,优,43,131,15,39,7,17,0.76,66
11,2016-08-12,优,36,67,11,31,5,11,0.69,64
12,2016-08-13,优,38,102,11,35,5,13,0.72,57
13,2016-08-14,优,36,75,12,32,5,12,0.67,58
14,2016-08-15,良,51,212,19,51,7,16,0.77,68
15,2016-08-16,良,57,236,26,59,7,14,0.87,97
16,2016-08-17,良,70,274,32,66,9,14,0.94,117
17,2016-08-18,优,43,103,13,36,6,13,0.65,74
18,2016-08-19,优,43,131,12,40,13,15,0.66,64
19,2016-08-20,良,58,237,20,61,15,17,0.67,72
20,2016-08-21,良,51,135,21,48,7,12,1.04,86
21,2016-08-22,良,64,236,37,63,6,12,1.15,109
22,2016-08-23,良,67,231,37,61,7,14,0.99,111
23,2016-08-24,良,65,192,35,60,6,13,0.98,109
24,2016-08-25,良,73,267,32,72,8,26,1.11,90
25,2016-08-26,良,68,332,30,63,7,12,0.91,116
26,2016-08-27,优,45,122,17,41,7,13,0.69,85
27,2016-08-28,良,65,239,18,47,12,18,0.7,119
28,2016-08-29,良,63,197,17,48,12,23,0.72,111
29,2016-08-30,良,71,243,27,64,13,24,0.75,115
30,2016-08-31,良,77,238,43,101,26,40,0.87,59
0,2016-07-01,优,33,120,10,33,18,18,0.64,30
1,2016-07-02,优,40,142,12,40,24,18,0.6,32
2,2016-07-03,优,35,108,16,34,16,21,0.72,25
3,2016-07-04,优,34,112,13,32,18,19,0.7,27
4,2016-07-05,优,35,106,13,32,8,18,0.75,47
5,2016-07-06,优,43,156,19,41,9,16,0.83,51
6,2016-07-07,优,45,155,17,40,12,17,0.85,68
7,2016-07-08,良,54,205,24,51,10,12,0.87,94
8,2016-07-09,优,49,172,20,45,9,11,0.8,92
9,2016-07-10,优,49,163,26,49,9,12,0.85,86
10,2016-07-11,优,45,139,24,44,7,12,0.86,70
11,2016-07-12,良,61,257,33,70,11,20,0.9,61
12,2016-07-13,良,57,242,27,55,17,15,0.82,67
13,2016-07-14,优,38,107,16,35,11,17,0.81,45
14,2016-07-15,优,48,202,21,47,18,16,0.77,55
15,2016-07-16,优,24,20,8,18,8,16,0.83,47
16,2016-07-17,优,28,33,9,26,9,18,0.82,34
17,2016-07-18,优,26,27,10,24,14,16,0.77,34
18,2016-07-19,优,39,113,13,38,12,18,0.78,48
19,2016-07-20,优,36,102,11,34,12,11,0.62,59
20,2016-07-21,优,44,163,14,41,17,14,0.6,69
21,2016-07-22,良,59,241,22,59,21,17,0.63,83
22,2016-07-23,良,70,276,31,78,25,23,0.74,77
23,2016-07-24,良,76,295,33,83,20,24,0.84,85
24,2016-07-25,良,82,319,43,108,14,27,0.81,87
25,2016-07-26,良,85,340,45,103,15,25,0.77,99
26,2016-07-27,良,77,299,39,86,24,20,0.75,97
27,2016-07-28,良,71,244,31,75,27,18,0.66,95
28,2016-07-29,良,64,195,25,65,27,21,0.7,88
29,2016-07-30,良,70,245,29,82,16,24,0.67,78
30,2016-07-31,良,66,266,34,70,7,16,0.72,95
0,2016-06-01,优,49,129,15,42,12,15,0.74,70
1,2016-06-02,优,30,23,12,19,3,17,0.99,54
2,2016-06-03,优,26,7,9,20,3,20,0.83,47
3,2016-06-04,良,55,169,24,47,10,21,0.79,93
4,2016-06-05,良,71,248,34,69,12,30,0.95,87
5,2016-06-06,良,77,261,41,90,13,31,0.98,86
6,2016-06-07,良,66,205,31,65,11,18,0.94,94
7,2016-06-08,良,59,166,27,52,10,16,0.8,97
8,2016-06-09,良,73,244,34,59,11,13,0.95,117
9,2016-06-10,良,73,250,41,72,14,17,1.09,110
10,2016-06-11,优,33,58,12,25,3,16,0.71,57
11,2016-06-12,优,37,82,12,23,4,11,0.63,78
12,2016-06-13,良,55,157,20,43,8,17,0.73,100
13,2016-06-14,良,63,217,34,72,19,23,0.85,73
14,2016-06-15,优,33,43,13,29,9,15,0.7,45
15,2016-06-16,良,55,147,20,53,14,18,0.76,80
16,2016-06-17,良,58,152,22,56,26,18,0.75,71
17,2016-06-18,优,38,83,13,36,18,17,0.77,37
18,2016-06-19,优,29,46,10,24,6,17,0.69,36
19,2016-06-20,优,44,138,16,44,16,21,0.76,42
20,2016-06-21,良,54,191,17,51,23,19,0.71,66
21,2016-06-22,良,56,222,21,57,25,20,0.74,73
22,2016-06-23,良,61,276,24,65,29,21,0.71,72
23,2016-06-24,良,55,263,17,55,25,17,0.68,76
24,2016-06-25,优,41,127,14,33,7,13,0.69,81
25,2016-06-26,优,43,118,13,30,6,14,0.72,80
26,2016-06-27,优,49,157,22,50,11,21,0.89,48
27,2016-06-28,良,51,159,23,49,14,23,1.01,46
28,2016-06-29,优,27,33,9,25,15,15,0.7,34
29,2016-06-30,优,30,68,9,29,12,18,0.7,32
0,2016-05-01,良,58,91,27,63,31,23,0.76,61
1,2016-05-02,优,46,48,16,45,17,21,0.78,47
2,2016-05-03,良,63,181,18,70,11,21,0.56,90
3,2016-05-04,良,69,179,31,87,20,38,0.8,61
4,2016-05-05,优,40,33,17,38,11,21,0.79,61
5,2016-05-06,良,57,101,24,58,26,28,0.86,59
6,2016-05-07,良,52,134,23,55,12,20,0.94,72
7,2016-05-08,优,50,123,27,56,9,20,0.97,45
8,2016-05-09,优,45,63,28,44,10,25,0.99,29
9,2016-05-10,优,45,83,27,45,6,21,0.88,69
10,2016-05-11,良,72,147,44,84,23,35,0.99,73
11,2016-05-12,良,79,185,44,102,25,46,1.04,68
12,2016-05-13,良,80,272,37,99,16,21,0.87,101
13,2016-05-14,良,86,304,61,103,16,27,1.04,80
14,2016-05-15,良,54,216,26,59,7,23,0.86,60
15,2016-05-16,良,59,141,19,59,11,22,0.69,74
16,2016-05-17,良,61,85,24,66,13,29,0.78,76
17,2016-05-18,良,66,97,33,80,24,35,0.91,62
18,2016-05-19,良,61,95,38,71,21,34,1.02,52
19,2016-05-20,优,37,42,20,31,5,20,0.97,63
20,2016-05-21,优,38,70,11,21,7,14,0.71,76
21,2016-05-22,优,45,116,14,28,9,15,0.58,88
22,2016-05-23,优,46,107,20,42,11,16,0.59,98
23,2016-05-24,良,53,107,32,55,10,27,0.88,62
24,2016-05-25,优,44,61,28,42,10,39,1.1,24
25,2016-05-26,优,32,38,16,31,5,28,1.11,26
26,2016-05-27,良,62,225,39,66,8,18,0.97,94
27,2016-05-28,优,43,107,27,42,7,18,1.11,56
28,2016-05-29,优,34,32,15,31,5,20,0.95,58
29,2016-05-30,良,61,153,33,70,17,34,1.02,49
30,2016-05-31,良,68,194,36,84,18,30,1.01,48
0,2016-04-01,轻度污染,113,289,83,162,21,62,1.35,63
1,2016-04-02,轻度污染,125,317,90,187,32,62,1.37,70
2,2016-04-03,良,58,193,40,62,20,29,1.19,55
3,2016-04-04,优,46,78,30,38,14,20,0.81,71
4,2016-04-05,良,71,232,48,84,19,39,1.18,61
5,2016-04-06,良,70,238,43,88,23,40,1.23,51
6,2016-04-07,优,33,31,18,31,7,30,1.19,36
7,2016-04-08,良,56,133,31,54,15,37,1.13,69
8,2016-04-09,优,46,97,29,46,8,42,1.0,62
9,2016-04-10,良,64,179,38,76,17,42,1.06,56
10,2016-04-11,良,71,198,43,83,19,32,0.99,73
11,2016-04-12,良,64,151,39,75,13,33,1.0,54
12,2016-04-13,良,59,114,29,55,10,25,0.81,93
13,2016-04-14,良,64,126,38,80,16,35,0.89,56
14,2016-04-15,良,51,76,24,51,6,23,0.69,67
15,2016-04-16,优,37,16,15,31,9,21,0.78,60
16,2016-04-17,优,42,55,20,38,10,20,0.74,72
17,2016-04-18,良,53,146,23,53,11,24,0.7,83
18,2016-04-19,良,68,228,33,82,16,41,0.89,60
19,2016-04-20,良,52,145,31,54,13,40,1.09,24
20,2016-04-21,优,37,20,13,30,8,23,0.72,59
21,2016-04-22,优,45,58,23,45,13,32,0.91,41
22,2016-04-23,优,35,17,18,30,10,22,0.7,55
23,2016-04-24,优,45,88,18,30,10,16,0.7,79
24,2016-04-25,优,43,60,25,40,11,21,0.84,49
25,2016-04-26,优,30,16,16,27,7,25,0.87,35
26,2016-04-27,优,49,88,30,53,11,27,0.88,50
27,2016-04-28,良,58,105,24,53,12,23,0.68,88
28,2016-04-29,良,64,105,31,68,16,32,0.79,86
29,2016-04-30,良,79,189,43,104,36,39,0.76,66
0,2016-03-01,良,93,233,67,125,24,56,1.06,78
1,2016-03-02,轻度污染,115,255,78,171,32,65,1.31,61
2,2016-03-03,中度污染,152,305,113,228,36,71,1.55,71
3,2016-03-04,轻度污染,141,247,105,188,26,59,1.33,77
4,2016-03-05,良,98,151,72,115,16,40,0.96,64
5,2016-03-06,中度污染,172,292,133,202,22,38,1.29,98
6,2016-03-07,轻度污染,110,231,82,144,17,51,1.32,54
7,2016-03-08,良,57,171,35,54,13,30,0.93,52
8,2016-03-09,优,41,138,20,28,6,17,0.67,60
9,2016-03-10,优,45,149,29,42,10,20,0.58,73
10,2016-03-11,良,73,235,52,81,19,36,0.78,72
11,2016-03-12,良,98,258,73,127,33,66,1.11,37
12,2016-03-13,良,89,240,65,93,22,39,0.92,44
13,2016-03-14,轻度污染,127,327,94,134,23,34,1.06,105
14,2016-03-15,轻度污染,139,317,105,149,32,49,1.14,74
15,2016-03-16,轻度污染,145,297,110,181,25,75,1.53,29
16,2016-03-17,轻度污染,141,267,106,183,25,76,1.78,19
17,2016-03-18,轻度污染,112,214,84,129,15,56,1.47,24
18,2016-03-19,良,98,204,72,127,14,45,1.54,55
19,2016-03-20,轻度污染,102,247,76,106,16,36,1.48,53
20,2016-03-21,良,52,87,30,49,6,25,0.82,84
21,2016-03-22,优,47,86,29,46,4,24,0.77,53
22,2016-03-23,良,70,263,49,73,14,29,0.86,59
23,2016-03-24,良,54,177,23,55,14,20,0.57,84
24,2016-03-25,良,56,127,24,57,15,30,0.54,73
25,2016-03-26,良,72,196,39,90,23,45,0.73,74
26,2016-03-27,良,82,231,53,89,18,32,0.72,104
27,2016-03-28,良,90,248,54,127,38,55,0.81,73
28,2016-03-29,轻度污染,112,328,68,169,71,73,0.99,20
29,2016-03-30,良,87,209,64,95,21,55,0.99,26
30,2016-03-31,良,96,239,71,111,26,38,0.91,57
0,2016-02-01,良,94,241,69,82,15,24,0.95,61
1,2016-02-02,轻度污染,112,242,84,107,20,29,0.98,79
2,2016-02-03,良,90,154,66,92,16,34,0.99,70
3,2016-02-04,良,89,200,65,90,16,37,1.07,53
4,2016-02-05,轻度污染,104,252,77,105,17,32,0.98,80
5,2016-02-06,良,89,278,58,106,20,24,0.74,87
6,2016-02-07,轻度污染,143,338,114,169,29,33,0.87,73
7,2016-02-08,严重污染,280,346,265,302,60,31,1.02,75
8,2016-02-09,良,98,234,69,107,15,34,1.03,75
9,2016-02-10,良,90,232,60,102,12,39,1.18,67
10,2016-02-11,良,59,135,33,68,10,26,0.97,53
11,2016-02-12,良,63,131,35,73,10,28,0.99,49
12,2016-02-13,优,44,122,22,38,6,14,1.15,72
13,2016-02-14,优,38,129,17,27,4,10,0.64,72
14,2016-02-15,良,52,269,28,43,9,13,0.46,68
15,2016-02-16,优,44,110,20,43,11,28,0.57,67
16,2016-02-17,良,64,211,36,73,14,45,0.74,65
17,2016-02-18,良,75,185,48,96,16,55,0.93,61
18,2016-02-19,良,69,120,46,82,19,45,0.8,61
19,2016-02-20,轻度污染,112,286,65,171,26,35,0.76,68
20,2016-02-21,轻度污染,119,315,70,185,16,47,0.91,38
21,2016-02-22,良,60,91,42,63,5,23,0.93,48
22,2016-02-23,良,73,188,51,80,8,21,0.86,60
23,2016-02-24,轻度污染,111,313,83,134,13,27,0.93,74
24,2016-02-25,轻度污染,134,316,101,159,15,41,1.07,62
25,2016-02-26,良,77,202,45,98,30,42,0.83,44
26,2016-02-27,良,61,126,30,72,20,35,0.93,34
27,2016-02-28,良,81,201,39,109,33,47,1.03,48
28,2016-02-29,轻度污染,118,326,84,135,21,33,0.96,111
0,2016-01-01,轻度污染,145,247,110,170,36,60,1.19,34
1,2016-01-02,中度污染,197,294,146,259,86,79,1.56,15
2,2016-01-03,中度污染,180,265,136,219,41,66,1.81,24
3,2016-01-04,良,89,160,66,92,17,43,1.18,33
4,2016-01-05,良,73,193,53,65,9,36,1.46,35
5,2016-01-06,良,61,136,43,56,7,30,1.09,30
6,2016-01-07,良,77,194,56,70,10,34,1.07,27
7,2016-01-08,良,96,237,71,89,10,28,1.05,45
8,2016-01-09,良,76,148,55,68,12,31,1.09,27
9,2016-01-10,良,94,200,69,83,11,45,1.27,16
10,2016-01-11,良,88,255,64,73,12,34,1.18,36
11,2016-01-12,良,56,153,37,49,8,23,0.93,40
12,2016-01-13,良,57,121,38,57,10,29,0.89,27
13,2016-01-14,良,85,183,62,83,16,35,1.04,34
14,2016-01-15,良,81,152,58,87,15,44,1.04,35
15,2016-01-16,良,60,96,40,68,10,39,0.99,19
16,2016-01-17,良,57,118,39,63,6,32,0.93,39
17,2016-01-18,轻度污染,124,278,92,138,11,42,1.14,36
18,2016-01-19,中度污染,165,334,125,161,21,36,1.0,55
19,2016-01-20,良,100,259,74,95,18,41,0.96,27
20,2016-01-21,良,54,144,37,42,8,31,0.61,23
21,2016-01-22,优,34,63,23,27,7,27,0.62,29
22,2016-01-23,良,69,253,48,63,11,20,0.66,58
23,2016-01-24,良,67,258,16,82,9,16,0.37,58
24,2016-01-25,良,76,273,25,100,14,35,0.55,47
25,2016-01-26,良,81,238,43,110,19,51,0.77,36
26,2016-01-27,良,76,154,45,100,23,49,0.76,24
27,2016-01-28,优,33,26,19,30,3,31,0.75,21
28,2016-01-29,优,39,66,25,36,4,28,0.83,29
29,2016-01-30,优,46,81,31,42,6,25,0.85,39
30,2016-01-31,良,57,149,40,53,9,29,0.94,29
0,2015-12-01,轻度污染,109,243,80,147,35,39,0.9,30
1,2015-12-02,良,72,175,49,66,24,28,0.86,41
2,2015-12-03,良,82,283,45,108,39,40,0.91,36
3,2015-12-04,良,67,233,35,83,38,36,0.67,35
4,2015-12-05,优,32,42,20,28,6,25,0.62,49
5,2015-12-06,优,38,92,19,34,9,26,0.58,40
6,2015-12-07,优,49,89,23,53,9,38,0.8,19
7,2015-12-08,良,51,80,30,55,10,33,0.77,27
8,2015-12-09,良,76,167,55,76,20,45,1.01,19
9,2015-12-10,优,49,87,33,50,13,28,0.93,20
10,2015-12-11,中度污染,160,308,122,158,19,36,1.19,27
11,2015-12-12,重度污染,210,352,165,215,25,46,1.64,15
12,2015-12-13,良,72,169,52,66,12,32,0.87,36
13,2015-12-14,轻度污染,132,251,99,130,22,35,1.0,34
14,2015-12-15,轻度污染,115,278,82,117,29,31,0.96,45
15,2015-12-16,良,53,174,18,56,17,19,0.54,52
16,2015-12-17,优,50,118,22,52,18,26,0.57,39
17,2015-12-18,良,61,126,37,68,23,37,0.68,30
18,2015-12-19,良,99,230,73,109,36,57,0.93,11
19,2015-12-20,轻度污染,102,190,76,93,12,50,0.93,11
20,2015-12-21,轻度污染,107,164,80,102,15,43,1.06,25
21,2015-12-22,轻度污染,114,169,85,111,13,43,1.19,11
22,2015-12-23,中度污染,161,216,122,150,16,43,1.35,28
23,2015-12-24,良,80,156,58,66,8,29,1.35,25
24,2015-12-25,良,75,153,54,76,19,37,1.42,35
25,2015-12-26,良,98,207,72,119,41,47,1.58,14
26,2015-12-27,轻度污染,130,315,97,134,24,40,1.39,39
27,2015-12-28,轻度污染,102,215,76,100,12,28,0.88,49
28,2015-12-29,良,92,161,67,99,14,33,0.8,43
29,2015-12-30,轻度污染,121,193,90,146,19,50,0.96,31
30,2015-12-31,轻度污染,139,217,105,150,27,45,1.07,54
0,2015-11-01,优,48,128,25,48,28,30,0.57,38
1,2015-11-02,良,64,133,43,74,33,39,0.77,45
2,2015-11-03,良,74,145,51,86,31,33,0.79,47
3,2015-11-04,轻度污染,101,229,75,117,26,32,0.77,49
4,2015-11-05,良,80,195,56,87,14,29,0.77,42
5,2015-11-06,良,96,314,69,121,34,36,0.94,38
6,2015-11-07,良,59,243,41,58,9,25,0.98,39
7,2015-11-08,优,25,10,11,18,18,22,0.78,22
8,2015-11-09,优,45,81,30,39,26,19,0.86,53
9,2015-11-10,优,40,49,23,35,20,20,0.95,53
10,2015-11-11,良,53,107,36,45,21,25,0.86,47
11,2015-11-12,优,24,31,13,19,18,27,0.8,23
12,2015-11-13,优,31,49,11,22,20,28,0.89,25
13,2015-11-14,优,42,69,23,37,24,31,1.02,33
14,2015-11-15,良,53,111,28,50,34,37,1.2,39
15,2015-11-16,优,37,53,20,26,18,31,1.05,30
16,2015-11-17,优,28,39,14,17,24,24,1.12,39
17,2015-11-18,优,21,3,10,18,7,25,1.08,24
18,2015-11-19,优,35,41,19,35,17,32,1.2,19
19,2015-11-20,优,37,35,17,27,12,36,1.01,30
20,2015-11-21,优,49,110,30,43,20,33,1.06,23
21,2015-11-22,良,56,243,36,60,30,39,1.22,17
22,2015-11-23,优,44,159,26,41,26,32,1.07,30
23,2015-11-24,优,24,32,7,14,25,20,0.66,24
24,2015-11-25,优,23,18,10,20,6,20,0.72,24
25,2015-11-26,优,44,115,24,42,24,20,0.62,54
26,2015-11-27,优,45,69,20,42,31,21,0.59,60
27,2015-11-28,良,56,77,29,60,27,40,0.71,31
28,2015-11-29,良,57,76,32,63,28,35,0.73,19
29,2015-11-30,良,91,200,63,108,23,31,0.9,32
0,2015-10-01,优,42,90,14,40,20,16,0.57,62
1,2015-10-02,良,74,224,29,97,23,25,0.49,62
2,2015-10-03,良,71,195,34,90,28,29,0.62,60
3,2015-10-04,良,73,210,48,88,35,20,0.82,74
4,2015-10-05,优,46,119,31,41,15,18,0.65,59
5,2015-10-06,优,35,43,23,31,17,22,0.8,18
6,2015-10-07,优,28,18,14,23,19,20,0.78,25
7,2015-10-08,优,29,21,13,24,14,16,0.66,53
8,2015-10-09,优,47,113,26,48,20,25,0.55,53
9,2015-10-10,良,75,295,43,98,36,44,0.6,30
10,2015-10-11,良,76,272,44,98,31,39,0.53,59
11,2015-10-12,良,92,290,51,131,31,53,0.68,52
12,2015-10-13,良,73,170,40,94,28,39,0.66,70
13,2015-10-14,良,90,182,61,126,44,55,0.8,55
14,2015-10-15,轻度污染,108,237,77,156,32,55,0.89,49
15,2015-10-16,轻度污染,108,219,79,149,32,48,0.82,63
16,2015-10-17,轻度污染,121,275,91,144,34,34,0.81,98
17,2015-10-18,良,97,264,69,104,30,27,0.66,86
18,2015-10-19,良,69,116,47,81,32,27,0.58,81
19,2015-10-20,良,73,127,49,80,26,26,0.58,75
20,2015-10-21,良,74,162,52,87,30,26,0.64,83
21,2015-10-22,良,82,194,60,91,29,23,0.66,80
22,2015-10-23,轻度污染,102,245,76,110,23,29,0.74,73
23,2015-10-24,轻度污染,131,317,99,135,34,31,0.83,73
24,2015-10-25,轻度污染,127,333,96,150,43,29,0.88,69
25,2015-10-26,轻度污染,132,336,97,167,33,26,0.89,74
26,2015-10-27,良,62,208,29,74,26,18,0.75,51
27,2015-10-28,良,64,178,31,75,47,29,0.7,43
28,2015-10-29,优,50,136,34,54,20,27,0.69,25
29,2015-10-30,良,69,264,49,64,22,28,0.78,32
30,2015-10-31,优,42,102,27,39,20,27,0.56,30
0,2015-09-01,良,82,309,52,102,29,28,1.06,96
1,2015-09-02,良,77,296,51,94,27,20,1.06,99
2,2015-09-03,良,54,190,32,56,23,15,0.84,69
3,2015-09-04,优,39,107,11,35,27,15,0.63,48
4,2015-09-05,优,43,133,16,45,29,22,0.7,36
5,2015-09-06,优,45,139,22,43,18,15,0.74,75
6,2015-09-07,良,62,244,33,62,28,14,0.73,98
7,2015-09-08,良,53,146,21,50,26,15,0.63,86
8,2015-09-09,良,58,208,26,56,28,17,0.68,91
9,2015-09-10,良,67,266,31,63,32,20,0.7,114
10,2015-09-11,良,68,276,39,75,31,20,0.69,102
11,2015-09-12,良,54,200,31,56,21,15,0.57,67
12,2015-09-13,良,52,138,24,55,21,20,0.51,68
13,2015-09-14,良,57,133,30,64,26,22,0.62,54
14,2015-09-15,优,41,43,16,39,15,17,0.62,59
15,2015-09-16,良,52,102,24,52,26,20,0.62,73
16,2015-09-17,良,52,90,23,54,23,21,0.55,67
17,2015-09-18,良,67,177,39,81,32,23,0.65,75
18,2015-09-19,优,42,90,21,32,30,12,0.53,72
19,2015-09-20,良,69,228,49,80,8,24,0.69,81
20,2015-09-21,良,54,137,29,58,19,21,0.69,55
21,2015-09-22,良,62,226,35,72,28,23,0.85,54
22,2015-09-23,良,54,202,33,54,18,26,0.78,52
23,2015-09-24,良,57,215,27,63,23,27,0.89,52
24,2015-09-25,优,42,106,19,33,20,17,0.78,64
25,2015-09-26,良,56,185,34,61,22,20,0.78,55
26,2015-09-27,良,59,183,36,65,29,19,0.72,82
27,2015-09-28,良,79,303,55,88,34,18,0.81,94
28,2015-09-29,良,67,276,41,79,17,13,0.71,63
29,2015-09-30,优,17,1,7,12,16,19,0.68,25
0,2015-08-01,良,68,271,25,82,41,24,0.73,65
1,2015-08-02,良,78,319,30,104,40,27,0.77,67
2,2015-08-03,良,72,319,25,90,39,24,0.7,67
3,2015-08-04,良,78,332,30,104,50,25,0.83,65
4,2015-08-05,良,85,313,36,118,44,30,0.82,72
5,2015-08-06,良,80,330,32,109,22,35,0.92,57
6,2015-08-07,良,66,252,27,76,20,20,0.88,76
7,2015-08-08,优,48,174,13,46,22,11,0.73,66
8,2015-08-09,优,26,30,8,19,12,8,0.69,41
9,2015-08-10,优,26,38,9,20,15,16,0.82,41
10,2015-08-11,优,29,32,10,25,21,17,0.79,45
11,2015-08-12,优,43,88,17,42,22,15,0.8,60
12,2015-08-13,良,61,164,30,71,17,23,0.88,60
13,2015-08-14,优,48,122,20,47,25,18,0.81,67
14,2015-08-15,优,42,111,14,38,22,16,0.79,57
15,2015-08-16,优,49,132,20,49,20,14,0.82,70
16,2015-08-17,良,67,188,33,83,30,23,1.0,67
17,2015-08-18,良,59,163,27,68,21,21,0.86,48
18,2015-08-19,良,58,213,26,66,20,18,0.74,60
19,2015-08-20,优,37,51,10,31,23,14,0.69,63
20,2015-08-21,优,49,121,20,49,20,14,0.69,72
21,2015-08-22,良,60,180,30,64,24,14,0.91,87
22,2015-08-23,良,56,153,22,53,23,14,0.8,89
23,2015-08-24,良,62,208,31,70,20,16,0.73,102
24,2015-08-25,良,55,152,22,58,23,17,0.67,80
25,2015-08-26,良,79,256,49,105,27,27,0.99,88
26,2015-08-27,轻度污染,102,321,68,149,31,40,1.03,65
27,2015-08-28,良,76,246,53,95,33,27,1.02,72
28,2015-08-29,良,67,220,41,83,32,25,0.89,79
29,2015-08-30,良,80,277,55,99,32,23,0.92,93
30,2015-08-31,良,81,296,57,97,30,23,1.0,102
0,2015-07-01,优,38,73,16,29,19,19,1.29,58
1,2015-07-02,优,45,109,20,38,30,17,1.34,64
2,2015-07-03,优,46,140,20,42,23,15,1.23,71
3,2015-07-04,良,60,204,29,49,18,16,0.99,91
4,2015-07-05,优,37,61,8,21,14,16,0.96,68
5,2015-07-06,优,33,26,9,18,13,19,0.85,63
6,2015-07-07,优,43,69,23,39,20,19,0.83,56
7,2015-07-08,优,46,71,26,43,24,18,0.81,71
8,2015-07-09,优,45,80,27,41,18,16,0.95,54
9,2015-07-10,良,54,158,34,53,19,13,0.83,66
10,2015-07-11,优,38,77,14,36,17,13,0.63,52
11,2015-07-12,良,51,117,23,56,21,20,0.75,63
12,2015-07-13,良,88,248,58,120,46,28,1.01,79
13,2015-07-14,轻度污染,123,334,88,171,30,32,1.27,80
14,2015-07-15,轻度污染,106,332,75,136,30,31,1.29,79
15,2015-07-16,良,66,236,39,78,22,27,1.22,61
16,2015-07-17,优,40,44,20,38,15,22,1.05,48
17,2015-07-18,良,51,131,21,53,21,24,0.95,57
18,2015-07-19,良,67,249,39,81,26,19,0.95,72
19,2015-07-20,良,72,247,47,86,28,15,1.09,80
20,2015-07-21,优,50,116,22,51,6,17,0.93,63
21,2015-07-22,良,60,202,30,68,23,23,1.04,53
22,2015-07-23,优,47,159,18,47,29,17,0.92,56
23,2015-07-24,优,34,68,10,31,23,15,0.79,48
24,2015-07-25,优,30,28,9,24,20,18,0.76,44
25,2015-07-26,优,36,52,10,31,26,17,0.75,54
26,2015-07-27,优,43,86,11,41,26,18,0.7,49
27,2015-07-28,良,55,183,16,61,27,20,0.72,53
28,2015-07-29,良,64,251,22,77,39,19,0.78,61
29,2015-07-30,优,48,158,12,50,25,16,0.76,50
30,2015-07-31,良,57,252,15,63,28,19,0.69,56
0,2015-06-01,良,83,221,52,108,37,37,1.23,70
1,2015-06-02,良,54,154,22,57,28,29,0.92,51
2,2015-06-03,优,50,163,17,25,18,19,0.96,89
3,2015-06-04,优,47,131,14,23,23,23,0.8,71
4,2015-06-05,良,64,207,36,68,25,27,0.94,93
5,2015-06-06,良,87,265,53,107,33,43,1.03,85
6,2015-06-07,良,65,226,41,76,21,31,1.04,55
7,2015-06-08,优,32,34,14,22,20,35,0.88,49
8,2015-06-09,优,46,110,22,35,26,35,0.92,58
9,2015-06-10,良,58,164,32,57,40,32,1.23,46
10,2015-06-11,良,60,181,31,59,37,27,1.08,57
11,2015-06-12,良,69,229,30,80,41,22,0.92,77
12,2015-06-13,优,43,87,14,36,25,23,0.71,67
13,2015-06-14,优,35,50,14,26,15,24,0.97,47
14,2015-06-15,优,50,122,23,49,30,22,0.9,60
15,2015-06-16,良,55,146,23,57,33,23,0.94,57
16,2015-06-17,良,59,187,24,61,40,21,0.89,71
17,2015-06-18,良,55,183,18,28,20,20,1.23,99
18,2015-06-19,优,49,130,29,50,22,22,1.32,73
19,2015-06-20,良,54,153,29,55,31,25,1.44,62
20,2015-06-21,良,51,122,23,39,19,18,1.14,86
21,2015-06-22,优,37,58,9,15,13,19,1.11,69
22,2015-06-23,优,42,95,13,29,18,17,1.05,73
23,2015-06-24,优,40,124,11,32,29,16,0.76,65
24,2015-06-25,优,43,161,12,40,24,17,0.66,69
25,2015-06-26,良,54,199,16,50,33,19,0.85,85
26,2015-06-27,良,58,236,16,53,32,17,0.85,89
27,2015-06-28,良,65,257,22,62,37,19,0.94,97
28,2015-06-29,良,66,274,22,62,38,19,0.84,97
29,2015-06-30,良,63,289,24,65,35,18,1.03,95
0,2015-05-01,良,73,190,43,93,23,28,1.11,73
1,2015-05-02,优,40,50,10,26,20,16,0.88,67
2,2015-05-03,良,61,146,25,46,23,20,0.95,102
3,2015-05-04,良,67,185,45,72,24,23,1.17,89
4,2015-05-05,良,71,158,44,76,21,19,1.01,101
5,2015-05-06,良,64,110,41,68,19,24,1.16,78
6,2015-05-07,良,71,132,45,84,27,28,1.25,73
7,2015-05-08,优,43,54,28,43,9,24,0.99,55
8,2015-05-09,良,64,204,40,67,28,25,1.11,77
9,2015-05-10,良,77,264,50,92,28,28,1.15,80
10,2015-05-11,优,48,124,15,40,25,20,0.74,73
11,2015-05-12,良,73,250,31,93,38,30,0.74,65
12,2015-05-13,良,81,239,43,111,63,42,0.98,64
13,2015-05-14,优,46,61,23,44,16,33,1.16,46
14,2015-05-15,优,42,70,20,38,33,30,1.1,43
15,2015-05-16,优,49,90,28,42,21,21,1.07,70
16,2015-05-17,良,55,106,24,45,29,23,1.06,71
17,2015-05-18,良,67,157,45,84,44,35,1.29,42
18,2015-05-19,良,68,183,42,74,22,31,1.32,66
19,2015-05-20,良,90,303,64,106,32,27,1.38,102
20,2015-05-21,良,89,331,43,85,26,24,1.03,143
21,2015-05-22,良,69,188,24,56,25,23,0.86,112
22,2015-05-23,轻度污染,111,315,79,128,39,34,1.2,117
23,2015-05-24,中度污染,152,352,112,159,42,34,1.31,139
24,2015-05-25,中度污染,164,355,121,199,45,43,1.39,118
25,2015-05-26,中度污染,158,342,116,178,47,30,1.41,118
26,2015-05-27,良,60,139,27,64,38,29,1.08,63
27,2015-05-28,良,67,184,34,77,31,25,1.11,68
28,2015-05-29,良,100,322,70,101,24,24,1.48,82
29,2015-05-30,优,48,97,16,33,21,18,1.01,81
30,2015-05-31,良,67,172,39,68,25,24,1.07,99
0,2015-04-01,良,56,129,23,60,16,22,0.84,39
1,2015-04-02,良,54,135,19,59,14,18,0.8,42
2,2015-04-03,优,37,29,20,35,10,21,1.2,32
3,2015-04-04,优,39,29,23,39,8,24,1.05,38
4,2015-04-05,优,41,56,25,42,11,22,1.31,24
5,2015-04-06,优,26,7,14,21,7,16,0.86,47
6,2015-04-07,优,23,2,11,18,5,16,0.61,39
7,2015-04-08,优,29,18,15,27,8,15,0.53,41
8,2015-04-09,优,41,47,23,40,13,30,0.67,23
9,2015-04-10,优,49,77,26,52,13,29,0.79,38
10,2015-04-11,良,71,174,45,87,19,35,0.92,56
11,2015-04-12,良,78,247,39,104,14,34,0.75,63
12,2015-04-13,良,56,89,15,62,8,15,0.48,63
13,2015-04-14,良,65,110,25,77,30,25,0.6,70
14,2015-04-15,良,90,196,50,127,41,63,0.99,24
15,2015-04-16,良,93,177,65,130,47,46,1.13,54
16,2015-04-17,良,87,145,57,122,31,43,1.08,57
17,2015-04-18,良,70,131,37,87,23,35,0.83,51
18,2015-04-19,优,50,93,32,49,11,26,1.06,21
19,2015-04-20,优,29,4,11,22,8,16,0.77,52
20,2015-04-21,良,51,96,27,53,20,27,0.66,58
21,2015-04-22,良,68,174,36,81,18,52,0.91,46
22,2015-04-23,良,87,245,51,122,35,64,1.01,59
23,2015-04-24,良,74,161,52,79,15,32,1.0,52
24,2015-04-25,良,59,61,33,61,17,36,0.92,63
25,2015-04-26,良,81,161,47,110,26,45,1.14,60
26,2015-04-27,良,88,234,58,123,35,41,1.14,34
27,2015-04-28,良,64,120,36,76,26,22,0.95,65
28,2015-04-29,良,71,159,36,89,36,26,1.03,78
29,2015-04-30,良,76,152,36,89,35,32,0.97,109
0,2015-03-01,优,33,44,21,30,7,13,0.52,44
1,2015-03-02,优,40,28,27,38,7,28,0.68,25
2,2015-03-03,优,43,41,26,45,5,26,0.78,22
3,2015-03-04,良,69,258,42,84,12,23,0.71,35
4,2015-03-05,优,36,49,23,32,3,20,0.78,24
5,2015-03-06,优,40,60,27,37,8,20,0.59,26
6,2015-03-07,良,51,91,34,50,16,26,0.82,18
7,2015-03-08,优,44,59,29,42,10,31,1.04,6
8,2015-03-09,优,50,86,33,50,8,22,0.83,28
9,2015-03-10,良,70,217,48,76,12,23,0.68,37
10,2015-03-11,良,56,109,33,62,17,37,0.75,22
11,2015-03-12,良,75,169,50,97,31,34,0.9,46
12,2015-03-13,良,83,189,54,106,29,43,1.21,24
13,2015-03-14,优,44,21,29,42,5,28,0.9,23
14,2015-03-15,良,77,125,55,70,10,35,1.49,9
15,2015-03-16,良,70,121,49,70,17,38,1.49,10
16,2015-03-17,良,79,199,52,101,22,37,1.7,20
17,2015-03-18,优,34,32,20,35,13,22,1.23,11
18,2015-03-19,优,25,4,14,22,10,21,0.96,19
19,2015-03-20,优,33,11,21,31,8,21,1.01,26
20,2015-03-21,优,36,7,18,36,9,23,1.04,25
21,2015-03-22,优,50,30,26,52,15,26,1.19,32
22,2015-03-23,良,56,85,35,59,11,27,0.93,42
23,2015-03-24,良,67,189,32,82,20,30,0.81,37
24,2015-03-25,良,58,128,23,64,19,28,0.75,46
25,2015-03-26,良,56,118,25,62,20,34,0.79,31
26,2015-03-27,良,54,93,33,56,15,25,0.76,49
27,2015-03-28,良,76,155,48,98,32,37,0.93,36
28,2015-03-29,良,73,128,47,90,17,35,1.1,26
29,2015-03-30,优,47,45,29,53,16,29,1.12,30
30,2015-03-31,良,68,161,40,82,24,29,1.29,32
0,2015-02-01,良,63,117,45,59,16,34,0.97,10
1,2015-02-02,良,60,60,42,53,8,31,0.9,8
2,2015-02-03,良,62,64,44,58,12,26,0.9,13
3,2015-02-04,良,93,172,68,100,14,30,1.04,25
4,2015-02-05,轻度污染,114,266,83,122,28,31,0.96,45
5,2015-02-06,良,72,83,45,87,23,39,0.8,36
6,2015-02-07,轻度污染,107,219,76,153,21,60,1.13,20
7,2015-02-08,轻度污染,105,280,75,124,26,31,0.91,38
8,2015-02-09,优,50,37,25,51,17,25,0.66,36
9,2015-02-10,良,65,73,39,78,30,42,0.84,27
10,2015-02-11,良,91,138,64,125,23,44,1.02,34
11,2015-02-12,轻度污染,118,208,88,164,23,53,1.5,38
12,2015-02-13,轻度污染,135,262,102,168,23,56,1.61,37
13,2015-02-14,良,96,132,70,113,14,40,1.13,31
14,2015-02-15,良,72,92,51,73,7,22,0.94,38
15,2015-02-16,良,93,156,68,107,17,20,0.98,59
16,2015-02-17,轻度污染,111,235,83,121,19,29,1.28,62
17,2015-02-18,轻度污染,105,244,78,119,16,20,1.12,54
18,2015-02-19,良,95,157,70,110,19,18,0.85,50
19,2015-02-20,优,41,50,28,33,2,18,0.89,22
20,2015-02-21,优,24,2,12,22,3,15,0.83,17
21,2015-02-22,良,54,90,38,49,9,15,0.94,40
22,2015-02-23,良,67,148,47,57,7,17,1.14,36
23,2015-02-24,良,60,120,42,56,12,20,1.31,27
24,2015-02-25,优,36,42,21,31,4,17,1.22,22
25,2015-02-26,优,26,16,15,21,4,23,1.19,16
26,2015-02-27,优,20,8,8,14,3,15,0.73,29
27,2015-02-28,优,17,4,9,11,3,15,0.62,28
0,2015-01-01,优,42,27,15,42,17,18,0.47,31
1,2015-01-02,良,58,100,36,65,40,38,0.91,20
2,2015-01-03,良,79,89,56,94,42,51,1.26,23
3,2015-01-04,轻度污染,131,156,98,149,46,73,2.22,40
4,2015-01-05,轻度污染,118,159,89,138,40,57,1.5,15
5,2015-01-06,轻度污染,102,275,75,84,17,29,1.21,22
6,2015-01-07,良,58,79,41,54,23,27,0.95,24
7,2015-01-08,良,76,126,55,80,34,35,1.06,28
8,2015-01-09,良,91,136,67,105,38,49,1.14,27
9,2015-01-10,轻度污染,119,194,89,139,40,59,1.67,18
10,2015-01-11,轻度污染,125,226,93,145,34,46,1.48,27
11,2015-01-12,轻度污染,107,228,80,106,38,48,1.53,20
12,2015-01-13,良,74,157,53,62,9,36,1.06,13
13,2015-01-14,良,63,116,44,54,13,32,0.87,19
14,2015-01-15,良,51,41,33,52,14,33,0.91,20
15,2015-01-16,良,87,145,63,84,24,40,1.16,24
16,2015-01-17,轻度污染,120,233,90,116,27,34,1.17,43
17,2015-01-18,轻度污染,131,267,99,139,38,49,1.44,29
18,2015-01-19,轻度污染,107,242,80,123,31,49,1.32,36
19,2015-01-20,轻度污染,105,214,78,129,45,61,1.23,18
20,2015-01-21,轻度污染,120,220,88,153,40,45,1.2,30
21,2015-01-22,良,90,142,62,114,25,37,1.04,40
22,2015-01-23,良,99,107,70,143,35,61,1.19,24
23,2015-01-24,轻度污染,111,154,79,163,29,58,1.28,21
24,2015-01-25,轻度污染,126,177,93,149,23,50,1.39,13
25,2015-01-26,重度污染,202,282,154,197,20,45,1.87,12
26,2015-01-27,良,83,187,61,85,9,34,1.62,9
27,2015-01-28,优,22,5,14,19,6,22,0.63,10
28,2015-01-29,优,16,3,9,13,6,21,0.6,8
29,2015-01-30,优,47,74,32,43,11,22,0.66,14
30,2015-01-31,轻度污染,102,291,76,98,23,29,0.93,22
0,2014-12-01,良,76,95,46,90,24,25,0.95,31
1,2014-12-02,良,61,69,19,69,26,23,0.56,16
2,2014-12-03,优,42,18,24,41,11,34,0.72,13
3,2014-12-04,良,53,72,30,58,26,28,0.61,24
4,2014-12-05,良,57,60,31,63,33,34,0.63,24
5,2014-12-06,优,50,19,24,53,23,34,0.54,22
6,2014-12-07,良,59,24,33,66,35,41,0.69,21
7,2014-12-08,良,80,61,57,98,45,38,1.04,30
8,2014-12-09,良,67,46,47,66,30,36,0.87,20
9,2014-12-10,良,58,25,41,34,10,27,0.85,17
10,2014-12-11,良,66,62,46,58,22,24,0.66,23
11,2014-12-12,良,65,65,45,72,33,33,0.73,22
12,2014-12-13,良,68,40,48,69,32,41,0.82,19
13,2014-12-14,良,75,29,54,74,38,46,0.94,20
14,2014-12-15,良,68,18,49,58,42,46,0.85,14
15,2014-12-16,良,60,59,38,45,30,25,0.66,26
16,2014-12-17,优,34,6,21,30,23,30,0.54,24
17,2014-12-18,优,50,5,34,36,30,33,0.7,36
18,2014-12-19,良,67,27,47,48,37,46,0.94,11
19,2014-12-20,良,87,120,64,52,28,37,1.09,20
20,2014-12-21,良,55,33,39,36,30,28,0.78,27
21,2014-12-22,良,60,11,42,39,36,39,0.9,24
22,2014-12-23,良,84,31,62,55,35,49,1.1,19
23,2014-12-24,良,90,53,66,54,43,44,0.92,28
24,2014-12-25,轻度污染,108,105,81,59,42,42,1.15,30
25,2014-12-26,良,78,74,57,42,39,39,0.91,19
26,2014-12-27,良,71,44,51,37,39,37,0.82,23
27,2014-12-28,良,73,43,53,50,18,31,0.83,22
28,2014-12-29,良,92,58,68,67,39,39,1.17,24
29,2014-12-30,轻度污染,109,89,81,114,54,48,1.45,18
30,2014-12-31,轻度污染,115,413,85,96,36,41,1.52,15
0,2014-11-01,良,79,104,57,53,13,22,1.24,26
1,2014-11-02,良,80,158,55,68,21,20,0.89,39
2,2014-11-03,良,57,48,28,61,20,24,0.72,42
3,2014-11-04,良,87,102,63,105,30,44,0.95,39
4,2014-11-05,轻度污染,116,136,87,131,19,51,1.04,22
5,2014-11-06,良,88,94,64,79,20,24,0.82,36
6,2014-11-07,轻度污染,112,174,84,90,18,29,1.05,31
7,2014-11-08,优,45,44,31,29,7,19,0.73,35
8,2014-11-09,良,56,61,39,46,13,23,0.74,23
9,2014-11-10,良,69,58,49,62,21,31,1.03,8
10,2014-11-11,良,67,52,47,67,20,33,0.98,11
11,2014-11-12,良,66,90,46,72,18,25,0.73,41
12,2014-11-13,良,70,92,47,78,23,33,0.62,40
13,2014-11-14,良,76,66,51,87,29,41,0.78,40
14,2014-11-15,良,76,54,53,83,25,38,0.77,23
15,2014-11-16,良,85,65,62,79,20,30,0.78,40
16,2014-11-17,良,88,72,63,92,22,26,0.82,53
17,2014-11-18,良,64,20,43,71,27,29,0.8,43
18,2014-11-19,良,87,61,63,108,35,52,1.02,24
19,2014-11-20,轻度污染,130,118,97,164,39,64,1.58,28
20,2014-11-21,轻度污染,144,114,109,172,37,66,1.55,30
21,2014-11-22,良,92,60,68,99,26,35,1.01,43
22,2014-11-23,中度污染,161,144,121,167,43,47,1.52,43
23,2014-11-24,良,88,119,65,76,13,29,1.64,17
24,2014-11-25,优,17,1,10,15,9,20,0.63,17
25,2014-11-26,优,38,5,22,36,17,24,1.02,19
26,2014-11-27,良,54,37,32,59,23,34,1.12,15
27,2014-11-28,优,31,1,20,25,11,22,1.13,15
28,2014-11-29,良,65,54,46,66,21,32,1.56,7
29,2014-11-30,优,25,1,15,18,8,25,1.52,9
0,2014-10-01,良,61,91,40,67,21,26,1.05,41
1,2014-10-02,良,66,78,46,73,19,30,1.12,53
2,2014-10-03,良,66,71,41,75,25,26,1.0,84
3,2014-10-04,良,72,119,46,81,25,25,0.95,91
4,2014-10-05,良,68,91,35,79,36,29,1.01,104
5,2014-10-06,良,83,128,58,98,30,27,0.95,112
6,2014-10-07,良,93,117,68,99,28,31,1.03,109
7,2014-10-08,良,85,79,59,89,26,35,0.87,94
8,2014-10-09,良,83,90,57,91,25,29,0.77,95
9,2014-10-10,良,93,104,68,98,29,27,0.91,98
10,2014-10-11,良,88,108,64,93,25,26,0.81,81
11,2014-10-12,轻度污染,131,180,99,129,21,25,0.78,80
12,2014-10-13,重度污染,211,190,167,210,25,31,1.01,78
13,2014-10-14,轻度污染,117,157,88,115,36,37,0.87,81
14,2014-10-15,中度污染,155,172,116,159,34,61,1.04,77
15,2014-10-16,轻度污染,131,149,99,131,35,52,1.07,71
16,2014-10-17,轻度污染,126,139,94,129,48,49,1.09,80
17,2014-10-18,轻度污染,112,106,84,122,45,47,0.98,96
18,2014-10-19,轻度污染,123,142,92,142,46,62,1.12,85
19,2014-10-20,轻度污染,150,162,113,172,40,73,1.55,49
20,2014-10-21,轻度污染,112,145,83,117,18,41,1.55,40
21,2014-10-22,优,50,11,35,41,15,22,0.91,64
22,2014-10-23,良,82,65,59,77,25,32,1.02,50
23,2014-10-24,轻度污染,106,119,79,116,23,44,1.18,49
24,2014-10-25,轻度污染,146,164,110,159,22,54,1.46,44
25,2014-10-26,轻度污染,144,168,108,158,28,47,1.38,50
26,2014-10-27,轻度污染,122,162,92,124,23,30,1.14,66
27,2014-10-28,轻度污染,133,177,101,124,20,30,1.15,35
28,2014-10-29,良,100,145,74,90,17,28,0.95,30
29,2014-10-30,良,69,94,49,50,12,29,1.12,20
30,2014-10-31,优,39,15,26,28,10,25,1.35,10
0,2014-09-01,良,63,130,37,74,25,25,0.99,52
1,2014-09-02,良,62,141,37,70,29,21,1.05,59
2,2014-09-03,优,40,52,15,39,12,21,0.96,61
3,2014-09-04,良,57,56,26,56,21,27,0.9,85
4,2014-09-05,良,70,78,45,85,30,39,1.04,67
5,2014-09-06,良,91,133,63,117,33,41,1.13,84
6,2014-09-07,良,96,144,69,115,26,37,1.07,83
7,2014-09-08,良,83,132,60,103,22,25,0.97,71
8,2014-09-09,良,94,159,69,107,22,24,1.14,58
9,2014-09-10,良,51,41,32,53,13,20,0.86,53
10,2014-09-11,良,73,142,50,81,24,23,1.0,48
11,2014-09-12,良,54,102,26,61,28,22,0.77,55
12,2014-09-13,优,35,30,13,32,14,18,0.75,50
13,2014-09-14,良,51,95,30,54,18,19,0.84,57
14,2014-09-15,良,64,164,42,71,24,20,0.92,70
15,2014-09-16,良,59,129,34,66,22,19,0.91,81
16,2014-09-17,良,69,167,44,84,30,29,1.0,69
17,2014-09-18,优,48,79,30,48,18,24,1.1,37
18,2014-09-19,优,25,2,12,23,10,22,1.06,44
19,2014-09-20,良,53,58,32,50,22,23,0.98,75
20,2014-09-21,良,71,137,41,68,28,23,0.88,97
21,2014-09-22,良,51,57,24,50,21,21,0.73,80
22,2014-09-23,良,51,70,23,51,23,21,0.74,74
23,2014-09-24,优,46,39,21,47,25,21,0.79,61
24,2014-09-25,良,68,76,45,75,30,29,0.95,61
25,2014-09-26,轻度污染,116,156,87,116,27,33,1.0,57
26,2014-09-27,轻度污染,146,173,111,146,30,35,1.06,70
27,2014-09-28,轻度污染,133,180,99,143,31,38,1.06,75
28,2014-09-29,良,83,169,58,98,30,32,1.08,49
29,2014-09-30,优,42,39,26,42,14,21,0.92,43
0,2014-08-01,优,37,57,14,34,10,14,0.82,64
1,2014-08-02,优,29,7,10,27,12,14,0.79,37
2,2014-08-03,优,43,24,15,43,15,21,0.82,46
3,2014-08-04,良,54,44,24,61,12,29,0.95,38
4,2014-08-05,优,50,69,24,56,15,22,0.9,64
5,2014-08-06,良,65,111,36,72,19,28,0.89,69
6,2014-08-07,良,61,106,33,69,27,21,0.92,72
7,2014-08-09,优,41,40,17,40,21,19,0.92,62
8,2014-08-10,良,65,108,40,72,26,22,1.08,70
9,2014-08-11,良,53,59,32,54,21,20,1.17,57
10,2014-08-12,良,65,111,44,65,23,21,1.05,79
11,2014-08-13,优,40,42,21,35,20,18,0.86,71
12,2014-08-14,优,42,45,18,39,17,27,0.89,47
13,2014-08-15,良,56,62,33,58,20,32,1.09,53
14,2014-08-16,优,45,28,25,45,15,28,0.95,43
15,2014-08-17,优,44,49,20,41,21,21,0.83,70
16,2014-08-18,优,38,27,21,33,16,24,0.8,53
17,2014-08-19,优,37,37,20,32,19,28,0.84,53
18,2014-08-20,良,60,71,37,58,23,31,0.98,79
19,2014-08-21,良,78,87,48,91,20,43,1.1,65
20,2014-08-23,良,76,106,48,101,28,34,0.93,54
21,2014-08-24,良,59,106,29,70,29,24,0.8,49
22,2014-08-25,良,52,50,24,53,22,22,0.97,79
23,2014-08-26,良,79,117,56,90,27,21,1.05,93
24,2014-08-27,良,59,76,34,63,16,20,0.9,69
25,2014-08-28,良,77,133,51,87,19,25,1.09,58
26,2014-08-29,优,48,37,22,50,15,26,0.9,39
27,2014-08-30,良,62,103,36,73,24,28,0.95,50
28,2014-08-31,良,78,153,48,99,32,34,0.95,51
0,2014-07-01,良,57,52,33,67,21,22,1.0,37
1,2014-07-02,优,48,39,22,52,19,25,1.09,26
2,2014-07-03,优,39,21,15,38,16,28,1.09,22
3,2014-07-04,良,56,59,28,62,18,28,1.03,38
4,2014-07-05,优,47,45,23,51,16,25,1.08,32
5,2014-07-06,优,32,9,12,28,19,14,1.07,59
6,2014-07-07,优,48,23,21,45,27,19,1.08,73
7,2014-07-08,良,56,47,32,60,33,21,1.09,75
8,2014-07-09,良,82,136,57,98,28,26,1.18,88
9,2014-07-10,轻度污染,108,169,81,142,27,39,1.31,69
10,2014-07-11,轻度污染,103,125,71,131,16,31,1.25,51
11,2014-07-12,优,42,35,16,41,16,18,1.0,47
12,2014-07-13,优,22,3,8,16,11,18,0.95,42
13,2014-07-14,优,41,43,17,40,26,18,1.0,48
14,2014-07-15,优,25,9,9,24,12,24,0.92,22
15,2014-07-16,优,35,31,13,34,19,25,0.86,29
16,2014-07-17,良,53,64,27,58,24,21,0.97,57
17,2014-07-18,良,59,83,31,61,19,20,1.01,50
18,2014-07-19,优,49,62,24,48,16,20,0.82,50
19,2014-07-20,良,79,131,52,82,12,24,1.03,58
20,2014-07-21,良,76,141,51,88,16,31,0.98,62
21,2014-07-22,轻度污染,110,182,80,119,17,30,1.09,76
22,2014-07-23,良,60,104,33,67,16,20,0.99,73
23,2014-07-24,优,29,6,9,27,11,19,0.91,39
24,2014-07-25,良,69,117,43,73,20,22,1.15,68
25,2014-07-26,良,58,41,38,62,18,23,1.35,68
26,2014-07-27,良,67,65,44,74,17,22,1.17,59
27,2014-07-28,良,54,41,31,59,15,25,1.03,34
28,2014-07-29,良,51,30,24,53,30,25,0.88,44
29,2014-07-30,良,68,110,35,84,24,29,0.9,54
30,2014-07-31,良,67,105,36,83,15,34,0.87,39
0,2014-06-01,良,69,92,48,68,22,24,1.25,45
1,2014-06-02,良,66,111,44,60,16,17,1.12,103
2,2014-06-03,良,68,111,46,65,16,19,0.93,101
3,2014-06-04,良,72,94,51,77,16,22,0.96,86
4,2014-06-05,良,81,101,59,92,31,27,1.05,71
5,2014-06-06,良,98,125,73,110,30,33,1.23,59
6,2014-06-07,轻度污染,115,162,86,131,28,30,1.36,91
7,2014-06-08,中度污染,163,182,123,175,24,27,1.71,113
8,2014-06-09,中度污染,165,187,124,170,36,27,1.86,96
9,2014-06-10,良,98,150,72,109,23,43,1.53,59
10,2014-06-11,良,77,113,47,82,30,26,1.2,103
11,2014-06-12,良,80,81,44,89,36,29,1.22,125
12,2014-06-13,轻度污染,110,124,77,121,26,26,1.37,141
13,2014-06-14,良,81,68,52,95,30,29,1.14,121
14,2014-06-15,良,87,72,60,111,29,34,1.29,107
15,2014-06-16,轻度污染,132,147,99,148,32,21,1.61,104
16,2014-06-17,优,48,33,30,46,18,25,1.23,54
17,2014-06-18,优,48,39,26,48,22,19,1.25,47
18,2014-06-19,优,41,30,18,40,19,19,1.18,30
19,2014-06-20,优,24,3,9,23,15,24,0.95,21
20,2014-06-21,优,36,22,21,35,11,14,0.97,53
21,2014-06-22,优,40,35,21,39,13,20,0.97,36
22,2014-06-23,优,32,18,14,30,13,20,0.86,37
23,2014-06-24,优,30,16,10,23,11,17,0.82,53
24,2014-06-25,优,50,57,26,56,29,23,1.04,52
25,2014-06-26,优,50,56,23,54,22,21,1.02,30
26,2014-06-27,优,28,2,13,27,13,31,1.44,24
27,2014-06-28,优,50,44,33,47,18,26,1.23,42
28,2014-06-29,优,47,38,22,46,17,26,1.1,40
29,2014-06-30,优,50,40,22,52,16,28,1.11,31
0,2014-05-01,良,84,54,58,115,28,31,0.82,55
1,2014-05-02,轻度污染,111,147,68,170,21,36,0.98,54
2,2014-05-03,轻度污染,112,168,50,173,25,22,0.74,62
3,2014-05-04,良,63,70,40,73,12,17,0.81,61
4,2014-05-05,良,75,117,50,90,17,21,0.83,53
5,2014-05-06,良,69,71,44,86,27,28,0.87,73
6,2014-05-07,良,79,89,55,104,33,26,0.83,54
7,2014-05-08,良,70,55,48,81,28,22,0.93,44
8,2014-05-09,优,42,21,28,37,6,17,0.69,62
9,2014-05-10,良,61,100,43,61,14,27,1.11,25
10,2014-05-11,优,37,21,24,33,12,18,0.98,39
11,2014-05-12,良,62,61,39,65,20,27,0.99,62
12,2014-05-13,良,93,125,65,117,23,33,1.3,51
13,2014-05-14,优,50,37,34,37,14,15,1.17,48
14,2014-05-15,良,62,54,38,65,12,21,0.74,72
15,2014-05-16,良,84,81,58,111,29,29,0.97,62
16,2014-05-17,轻度污染,101,122,75,84,12,18,1.14,79
17,2014-05-18,轻度污染,129,170,97,125,25,25,1.34,76
18,2014-05-19,中度污染,158,179,120,139,27,35,1.54,59
19,2014-05-20,轻度污染,137,157,103,133,34,35,1.36,82
20,2014-05-21,轻度污染,118,125,89,127,30,48,1.46,62
21,2014-05-22,优,42,27,23,32,12,19,0.94,74
22,2014-05-23,优,41,24,20,36,15,24,0.91,55
23,2014-05-24,良,60,89,40,67,30,38,1.15,34
24,2014-05-25,优,49,37,33,44,14,28,1.15,36
25,2014-05-26,轻度污染,102,100,62,145,27,36,1.11,69
26,2014-05-27,轻度污染,124,119,78,197,42,38,1.21,66
27,2014-05-28,轻度污染,126,140,88,200,48,51,1.41,58
28,2014-05-29,良,97,75,69,136,29,42,1.32,48
29,2014-05-30,良,57,35,39,60,18,28,1.15,36
30,2014-05-31,良,66,57,47,67,28,35,1.4,28
0,2014-04-01,良,61,38,40,70,27,29,0.94,77
1,2014-04-02,良,53,27,32,55,22,23,0.95,53
2,2014-04-03,良,59,41,35,65,24,24,0.85,73
3,2014-04-04,良,69,48,47,82,22,25,0.91,81
4,2014-04-05,良,96,133,70,131,27,42,1.27,70
5,2014-04-06,良,67,67,43,80,28,28,1.08,49
6,2014-04-07,优,48,4,32,49,14,20,0.93,54
7,2014-04-08,良,61,21,39,67,15,25,1.16,48
8,2014-04-09,良,74,42,48,90,24,37,1.26,56
9,2014-04-10,良,76,55,48,100,30,40,1.23,63
10,2014-04-11,良,70,60,48,83,17,33,1.2,39
11,2014-04-12,优,36,3,22,38,15,21,1.12,21
12,2014-04-13,优,30,1,16,29,20,15,0.9,40
13,2014-04-14,优,48,7,23,50,17,26,0.88,50
14,2014-04-15,良,64,39,39,78,35,31,1.13,46
15,2014-04-16,良,81,115,57,104,35,36,1.42,41
16,2014-04-17,良,68,63,47,78,25,25,1.36,47
17,2014-04-18,良,64,62,43,72,28,20,1.42,49
18,2014-04-19,优,47,36,33,46,18,20,1.11,35
19,2014-04-20,优,32,6,15,28,13,16,0.82,54
20,2014-04-21,优,38,11,23,38,13,23,1.1,24
21,2014-04-22,优,35,10,22,33,22,21,1.02,50
22,2014-04-23,良,63,42,44,61,18,24,0.98,37
23,2014-04-24,良,51,23,35,45,14,22,1.02,24
24,2014-04-25,优,41,12,28,35,10,21,0.99,17
25,2014-04-26,优,50,51,35,42,18,18,1.07,23
26,2014-04-27,良,59,64,40,60,11,21,0.88,49
27,2014-04-28,良,72,103,47,91,19,23,0.79,68
28,2014-04-29,良,69,36,48,82,22,23,0.72,62
29,2014-04-30,轻度污染,106,129,79,137,29,32,0.97,52
0,2014-03-01,优,17,2,11,16,14,21,0.69,13
1,2014-03-02,优,50,30,34,47,23,23,0.77,27
2,2014-03-03,优,50,21,33,46,12,21,0.66,35
3,2014-03-04,优,40,14,24,40,14,26,0.68,26
4,2014-03-05,良,61,61,40,67,19,27,0.76,38
5,2014-03-06,优,45,27,28,39,7,17,0.59,47
6,2014-03-07,优,26,6,12,21,4,15,0.43,41
7,2014-03-08,优,35,11,21,36,10,23,0.64,27
8,2014-03-09,良,58,47,38,66,18,29,0.82,35
9,2014-03-10,良,77,59,50,96,31,36,1.03,39
10,2014-03-11,良,84,53,55,109,22,43,1.02,12
11,2014-03-12,优,38,6,25,35,11,27,0.97,13
12,2014-03-13,良,83,118,61,100,15,26,0.93,31
13,2014-03-14,良,82,64,55,100,26,40,0.87,39
14,2014-03-15,良,83,36,50,113,28,38,0.82,46
15,2014-03-16,良,74,15,47,96,40,32,0.81,26
16,2014-03-17,良,67,13,39,82,24,28,1.05,39
17,2014-03-18,轻度污染,101,67,64,150,31,47,1.73,26
18,2014-03-19,良,83,63,58,107,29,34,1.25,18
19,2014-03-20,良,57,33,36,63,16,21,0.63,48
20,2014-03-21,良,64,51,45,70,24,32,0.75,47
21,2014-03-22,良,83,94,60,107,29,47,1.07,49
22,2014-03-23,良,97,102,70,133,32,55,1.28,33
23,2014-03-25,良,90,66,65,95,20,35,1.36,53
24,2014-03-26,良,68,22,48,79,27,32,1.36,45
25,2014-03-27,良,61,25,41,67,22,27,1.17,47
26,2014-03-28,优,38,9,25,37,16,31,1.17,25
27,2014-03-29,优,40,10,21,43,13,18,0.93,54
28,2014-03-30,良,56,26,36,60,12,21,1.1,54
29,2014-03-31,良,63,51,43,60,19,21,1.1,60
0,2014-02-01,良,78,54,54,81,15,20,0.94,70
1,2014-02-02,良,97,60,72,105,12,26,1.2,51
2,2014-02-03,轻度污染,113,146,74,134,18,22,1.62,29
3,2014-02-04,良,58,97,24,65,16,16,0.67,27
4,2014-02-05,优,35,31,21,31,13,16,0.67,23
5,2014-02-06,优,11,2,7,9,8,16,0.87,13
6,2014-02-07,优,11,1,6,9,7,14,0.7,17
7,2014-02-08,优,39,29,27,34,13,15,0.7,29
8,2014-02-09,良,70,122,51,60,21,16,1.08,43
9,2014-02-10,优,47,65,32,43,16,12,0.65,49
10,2014-02-11,良,52,23,35,50,20,15,0.58,45
11,2014-02-12,良,66,35,47,64,27,25,0.75,35
12,2014-02-13,优,46,34,32,38,15,21,0.68,35
13,2014-02-14,良,58,17,41,54,19,20,0.74,47
14,2014-02-15,良,67,33,47,65,21,25,0.78,33
15,2014-02-16,优,36,3,25,31,8,26,0.79,21
16,2014-02-17,优,34,5,23,29,14,25,1.07,13
17,2014-02-18,优,16,2,9,12,9,18,0.73,24
18,2014-02-19,优,34,30,21,32,14,16,0.6,32
19,2014-02-20,良,55,33,37,53,25,22,0.75,30
20,2014-02-21,良,70,31,48,87,33,42,1.26,44
21,2014-02-22,良,66,17,45,77,22,33,0.89,40
22,2014-02-23,良,91,49,67,107,39,34,1.11,39
23,2014-02-24,良,80,39,59,71,13,30,1.08,17
24,2014-02-25,优,27,1,18,19,13,32,1.22,8
25,2014-02-26,优,44,7,29,45,22,32,1.49,13
26,2014-02-27,良,57,40,39,58,18,27,1.22,24
27,2014-02-28,优,23,3,13,18,12,26,1.2,12
0,2014-01-01,轻度污染,145,133,120,191,58,73,1.87,25
1,2014-01-02,中度污染,171,136,130,193,54,72,1.87,29
2,2014-01-03,轻度污染,138,89,103,165,43,59,1.51,33
3,2014-01-04,良,95,51,68,128,46,38,1.07,38
4,2014-01-05,轻度污染,133,69,100,166,43,55,1.46,33
5,2014-01-06,轻度污染,139,69,105,161,43,52,1.35,33
6,2014-01-07,轻度污染,127,101,96,116,25,42,1.5,22
7,2014-01-08,轻度污染,111,144,83,94,18,40,1.79,13
8,2014-01-09,轻度污染,101,138,75,89,29,33,1.37,25
9,2014-01-10,良,69,23,49,69,31,30,1.01,23
10,2014-01-11,优,41,4,29,32,13,24,0.86,27
11,2014-01-12,良,55,20,39,50,16,26,0.95,25
12,2014-01-13,轻度污染,107,106,80,104,30,38,1.21,22
13,2014-01-14,中度污染,159,130,121,158,37,41,1.5,25
14,2014-01-15,轻度污染,116,69,88,112,35,35,1.16,37
15,2014-01-16,轻度污染,108,46,80,122,42,52,1.17,31
16,2014-01-17,轻度污染,101,39,76,115,35,47,1.05,40
17,2014-01-18,中度污染,152,82,115,157,47,38,1.26,50
18,2014-01-19,中度污染,193,116,146,210,57,64,1.71,36
19,2014-01-20,轻度污染,125,84,87,150,31,39,0.96,45
20,2014-01-21,良,76,59,38,102,30,27,0.65,37
21,2014-01-22,良,75,28,51,93,36,39,0.79,33
22,2014-01-24,轻度污染,115,81,85,142,33,56,1.56,36
23,2014-01-25,中度污染,187,149,143,220,43,52,1.72,45
24,2014-01-26,中度污染,199,165,155,221,47,46,1.72,32
25,2014-01-27,轻度污染,132,134,99,146,28,43,1.32,30
26,2014-01-28,中度污染,157,148,119,167,22,40,1.41,32
27,2014-01-29,中度污染,177,151,133,173,33,41,1.59,23
28,2014-01-30,重度污染,243,149,205,260,43,39,2.22,32
29,2014-01-31,严重污染,324,165,284,358,56,34,1.97,46
0,2013-12-01,轻度污染,103,55,80,147,58,63,1.16,30
1,2013-12-02,轻度污染,121,49,105,184,89,78,1.51,30
2,2013-12-03,轻度污染,146,54,106,190,54,81,1.7,27
3,2013-12-04,轻度污染,120,38,113,175,56,56,1.47,54
4,2013-12-05,重度污染,210,73,190,278,56,92,2.22,28
5,2013-12-06,重度污染,220,90,158,235,71,70,2.02,42
6,2013-12-07,严重污染,258,87,254,354,111,95,2.78,43
7,2013-12-08,严重污染,292,80,192,272,51,74,2.37,24
8,2013-12-09,重度污染,218,74,124,179,57,49,1.73,33
9,2013-12-10,轻度污染,129,71,89,131,45,43,1.3,38
10,2013-12-11,轻度污染,118,69,82,128,58,54,1.04,28
11,2013-12-12,良,99,47,80,137,70,66,1.21,13
12,2013-12-13,轻度污染,117,57,90,134,51,55,1.36,27
13,2013-12-14,轻度污染,136,61,123,177,83,71,1.4,24
14,2013-12-15,中度污染,159,75,112,152,59,66,1.59,26
15,2013-12-16,轻度污染,118,66,50,50,20,32,1.13,28
16,2013-12-17,优,27,22,9,11,18,30,0.78,16
17,2013-12-18,优,30,14,28,43,24,24,0.69,31
18,2013-12-19,良,76,38,93,125,35,42,1.35,29
19,2013-12-20,中度污染,155,63,136,170,63,42,1.51,41
20,2013-12-21,中度污染,160,72,93,118,53,39,1.11,30
21,2013-12-22,良,96,18,72,93,51,46,0.98,23
22,2013-12-23,良,92,14,64,93,59,47,1.12,21
23,2013-12-24,良,93,14,83,116,62,49,1.26,29
24,2013-12-25,轻度污染,134,30,113,152,67,53,1.52,33
25,2013-12-26,中度污染,158,45,137,191,71,53,1.76,30
26,2013-12-27,轻度污染,128,71,40,75,22,22,0.71,31
27,2013-12-28,良,63,13,51,88,39,43,0.9,27
28,2013-12-29,良,84,28,71,113,46,51,1.18,25
29,2013-12-30,轻度污染,108,39,89,150,69,60,1.34,24
30,2013-12-31,轻度污染,133,110,110,184,64,69,1.71,21
0,2013-11-01,轻度污染,119,70,90,125,40,38,1.07,41
1,2013-11-02,良,92,38,68,98,36,38,1.07,36
2,2013-11-03,良,70,21,50,74,32,34,1.2,33
3,2013-11-04,轻度污染,115,74,87,127,47,34,1.27,64
4,2013-11-05,轻度污染,144,100,110,161,46,51,1.26,67
5,2013-11-06,轻度污染,150,78,123,190,57,60,1.38,69
6,2013-11-07,中度污染,186,107,138,208,56,61,1.09,65
7,2013-11-08,中度污染,189,104,143,216,48,79,1.72,60
8,2013-11-09,中度污染,179,95,115,173,45,63,1.68,46
9,2013-11-10,轻度污染,128,83,75,117,40,36,1.45,33
10,2013-11-11,良,61,54,37,41,24,34,1.08,18
11,2013-11-12,良,57,38,33,36,23,35,1.04,21
12,2013-11-13,良,54,36,49,65,31,40,1.04,12
13,2013-11-14,良,63,35,35,46,27,37,1.18,15
14,2013-11-15,良,62,25,53,106,32,43,1.21,29
15,2013-11-16,良,100,31,91,171,55,63,1.43,28
16,2013-11-17,轻度污染,117,73,68,164,36,53,1.06,35
17,2013-11-18,轻度污染,104,83,57,142,47,59,0.88,34
18,2013-11-19,良,96,60,71,148,55,68,1.18,32
19,2013-11-20,轻度污染,111,46,85,170,37,71,1.38,32
20,2013-11-21,轻度污染,111,41,93,165,45,65,1.26,36
21,2013-11-22,轻度污染,141,64,125,184,71,65,1.37,49
22,2013-11-23,中度污染,198,71,159,236,69,73,1.82,50
23,2013-11-24,中度污染,163,71,70,87,21,36,1.22,24
24,2013-11-25,良,56,10,31,71,45,34,0.98,27
25,2013-11-26,良,74,45,44,113,38,42,1.04,31
26,2013-11-27,良,80,47,39,104,40,36,0.78,26
27,2013-11-28,良,67,57,33,67,36,36,0.69,27
28,2013-11-29,良,59,32,39,82,43,46,0.74,28
29,2013-11-30,良,76,41,64,130,80,63,1.03,24
0,2013-10-28,中度污染,162,70,123,217,50,79,1.54,45
1,2013-10-29,中度污染,193,85,148,242,53,76,1.48,61
2,2013-10-30,重度污染,210,110,162,231,73,58,1.44,48
3,2013-10-31,轻度污染,136,83,104,134,34,38,1.01,48
