0,2019-12-01,优,50,165,35,39,6,40,0.99,15
1,2019-12-02,轻度污染,141,355,107,141,9,54,1.23,42
2,2019-12-03,轻度污染,126,344,93,141,10,74,1.29,36
3,2019-12-04,良,75,241,53,95,12,81,1.25,24
4,2019-12-05,良,84,270,61,102,14,71,1.18,34
5,2019-12-06,优,42,80,23,43,6,36,0.6,50
6,2019-12-07,良,65,150,44,79,9,71,0.9,24
7,2019-12-08,良,90,208,66,105,12,76,1.05,39
8,2019-12-09,良,76,145,55,93,15,79,1.26,31
9,2019-12-10,良,89,189,65,108,20,85,1.6,24
0,2019-11-01,轻度污染,105,309,58,160,10,86,0.98,80
1,2019-11-02,轻度污染,113,322,72,175,12,63,1.12,95
2,2019-11-03,良,57,169,27,66,10,47,0.61,64
3,2019-11-04,良,58,138,28,66,7,42,0.64,59
4,2019-11-05,良,62,165,32,75,9,58,0.78,55
5,2019-11-06,良,52,114,25,56,8,52,0.69,63
6,2019-11-07,良,65,206,43,79,9,45,0.83,75
7,2019-11-08,良,60,180,33,71,7,45,0.76,64
8,2019-11-09,良,75,205,51,100,9,69,0.95,59
9,2019-11-10,良,86,263,48,116,9,53,0.9,66
10,2019-11-11,良,89,309,37,128,11,70,0.93,47
11,2019-11-12,良,81,261,42,113,11,74,0.87,47
12,2019-11-13,良,76,291,48,99,11,56,0.85,49
13,2019-11-14,良,69,285,23,88,11,53,0.69,38
14,2019-11-15,良,70,240,34,90,12,73,0.83,36
15,2019-11-16,良,89,275,63,127,18,102,1.24,39
16,2019-11-17,轻度污染,102,243,76,122,11,80,1.14,28
17,2019-11-18,良,79,247,33,112,7,31,0.7,41
18,2019-11-19,良,97,288,34,144,9,51,0.78,28
19,2019-11-20,良,74,237,30,99,9,53,0.77,39
20,2019-11-21,良,52,109,19,59,7,47,0.64,40
21,2019-11-22,优,49,86,23,51,8,52,0.7,38
22,2019-11-23,良,57,142,36,64,8,49,0.76,38
23,2019-11-24,良,79,268,55,84,9,43,1.03,28
24,2019-11-25,优,35,160,18,35,4,28,0.71,29
25,2019-11-26,优,35,87,17,35,5,44,0.73,24
26,2019-11-27,优,45,178,32,40,4,35,0.79,33
27,2019-11-28,优,35,122,16,35,5,27,0.6,44
28,2019-11-29,优,40,94,17,40,6,45,0.67,32
29,2019-11-30,良,54,159,33,55,8,58,0.87,9
0,2019-10-01,良,53,132,36,54,6,25,0.63,62
1,2019-10-02,优,33,75,21,33,6,17,0.57,43
2,2019-10-03,优,50,136,28,46,9,30,0.82,73
3,2019-10-04,良,68,297,37,61,10,29,0.83,111
4,2019-10-05,优,35,212,17,38,5,18,0.5,53
5,2019-10-06,优,37,198,11,38,6,36,0.57,50
6,2019-10-07,优,32,102,20,32,4,25,0.71,42
7,2019-10-08,良,52,252,36,55,9,43,0.99,38
8,2019-10-09,良,64,296,42,76,8,46,1.03,70
9,2019-10-10,良,70,323,47,84,10,51,1.08,47
10,2019-10-11,良,69,287,48,75,12,42,1.02,52
11,2019-10-12,良,60,256,38,60,8,35,0.76,64
12,2019-10-13,良,51,216,26,54,7,37,0.73,62
13,2019-10-14,优,49,246,20,53,5,27,0.52,61
14,2019-10-15,优,31,92,10,30,4,28,0.41,63
15,2019-10-16,优,36,115,11,36,6,39,0.44,61
16,2019-10-17,优,43,127,21,43,7,41,0.66,60
17,2019-10-18,优,49,146,27,51,9,54,0.75,63
18,2019-10-19,良,60,171,38,65,8,60,0.83,83
19,2019-10-20,良,74,228,47,79,8,47,0.81,103
20,2019-10-21,良,73,237,49,84,9,57,0.96,92
21,2019-10-22,良,53,135,33,56,8,39,0.74,87
22,2019-10-23,良,59,177,37,61,8,48,0.7,77
23,2019-10-24,良,76,270,50,98,9,72,0.94,65
24,2019-10-25,良,80,329,55,105,12,69,1.1,42
25,2019-10-26,优,47,186,22,49,10,38,0.7,41
26,2019-10-27,良,61,222,33,73,9,59,0.81,34
27,2019-10-28,良,76,218,52,94,11,66,1.06,46
28,2019-10-29,严重污染,257,358,89,350,13,83,1.07,38
29,2019-10-30,中度污染,169,350,71,283,13,75,0.95,55
30,2019-10-31,轻度污染,132,329,64,214,13,84,1.03,59
31,2019-10-31,轻度污染,132,329,64,214,13,84,1.03,59
0,2019-09-01,优,32,123,18,30,4,24,0.66,82
1,2019-09-02,优,28,107,15,24,5,33,0.65,57
2,2019-09-03,优,25,51,15,23,5,30,0.56,41
3,2019-09-04,优,29,64,14,26,5,27,0.56,75
4,2019-09-05,优,36,140,22,33,7,38,0.68,39
5,2019-09-06,优,24,45,12,22,7,25,0.5,35
6,2019-09-07,良,52,200,25,45,8,30,0.78,105
7,2019-09-08,良,76,271,42,72,11,47,0.95,119
8,2019-09-09,优,44,173,24,45,9,33,0.68,80
9,2019-09-10,优,38,174,17,36,10,33,0.63,53
10,2019-09-11,优,43,235,24,43,8,29,0.73,66
11,2019-09-12,良,52,279,26,50,7,31,0.77,96
12,2019-09-13,良,67,344,27,50,8,31,0.8,120
13,2019-09-14,良,53,304,34,59,8,36,0.88,65
14,2019-09-15,优,32,120,9,26,5,27,0.59,87
15,2019-09-16,优,43,199,19,42,7,33,0.7,103
16,2019-09-17,良,57,286,26,56,8,32,0.77,111
17,2019-09-18,良,52,253,18,49,6,28,0.59,106
18,2019-09-19,优,40,166,10,37,5,27,0.47,84
19,2019-09-20,优,37,100,10,33,6,30,0.48,80
20,2019-09-21,优,34,82,13,33,6,22,0.55,95
21,2019-09-22,优,43,138,16,45,8,30,0.73,92
22,2019-09-23,良,53,189,19,55,12,46,0.88,86
23,2019-09-24,良,65,244,25,64,12,61,0.93,93
24,2019-09-25,良,78,296,44,93,13,62,1.12,105
25,2019-09-26,良,56,160,32,62,9,42,0.79,75
26,2019-09-27,良,57,175,33,61,9,43,0.68,82
27,2019-09-28,良,70,217,35,63,10,50,0.75,98
28,2019-09-29,良,64,186,37,68,8,48,0.7,83
29,2019-09-30,良,62,175,39,62,8,40,0.74,87
0,2019-08-06,优,36,125,11,28,5,17,0.48,65
1,2019-08-07,优,48,203,20,38,6,18,0.49,85
2,2019-08-08,优,41,142,16,35,7,21,0.57,61
3,2019-08-09,优,36,122,12,35,8,18,0.58,30
4,2019-08-10,优,15,5,5,14,5,12,0.53,17
5,2019-08-11,优,23,55,7,17,4,8,0.46,48
6,2019-08-21,良,59,283,27,50,7,28,0.76,106
7,2019-08-22,良,58,255,24,46,10,33,0.76,107
8,2019-08-23,良,60,263,26,47,10,34,0.75,108
9,2019-08-24,良,72,314,27,56,11,31,0.87,148
10,2019-08-25,优,44,162,23,44,7,24,0.7,85
11,2019-08-26,优,43,200,21,42,6,29,0.63,56
12,2019-08-27,优,36,186,19,37,8,32,0.68,43
13,2019-08-28,优,24,43,12,19,5,29,0.67,52
0,2019-07-01,良,62,253,29,48,6,26,1.06,98
1,2019-07-02,良,76,290,22,43,6,24,0.69,122
2,2019-07-03,良,72,279,27,55,8,32,0.84,110
3,2019-07-04,良,79,296,43,75,7,35,0.88,111
4,2019-07-05,良,82,293,31,57,8,31,0.75,127
5,2019-07-06,良,55,217,25,49,7,31,0.75,80
6,2019-07-07,良,60,263,17,32,6,19,0.67,116
7,2019-07-12,良,52,278,32,55,7,47,0.77,63
8,2019-07-13,优,34,146,16,28,6,27,0.57,89
9,2019-07-14,良,52,262,26,46,11,35,0.9,94
10,2019-07-15,良,78,339,39,62,6,29,0.75,147
11,2019-07-16,优,45,221,24,43,6,23,0.6,110
12,2019-07-17,优,43,211,25,43,6,26,0.64,66
13,2019-07-18,良,51,281,33,55,6,27,0.62,53
14,2019-07-19,优,19,33,8,19,7,20,0.47,29
15,2019-07-20,优,20,20,7,19,8,21,0.56,44
16,2019-07-21,良,74,327,27,54,11,34,0.8,126
17,2019-07-22,良,71,329,38,69,9,29,0.85,133
18,2019-07-23,良,53,312,30,59,10,29,0.98,89
19,2019-07-24,优,41,219,21,41,9,24,0.7,81
20,2019-07-25,优,42,222,18,43,9,36,0.76,53
21,2019-07-26,优,47,231,22,47,9,37,0.78,72
0,2019-06-01,良,86,315,36,68,11,43,0.75,118
1,2019-06-02,良,93,309,38,67,13,30,0.82,132
2,2019-06-03,良,88,303,42,72,14,31,0.91,132
3,2019-06-04,轻度污染,102,333,42,77,17,29,0.99,157
4,2019-06-05,良,94,339,40,70,13,25,0.81,156
5,2019-06-06,优,45,168,13,30,8,17,0.73,85
6,2019-06-07,良,62,240,17,32,7,17,0.58,117
7,2019-06-08,良,87,336,32,53,9,21,0.69,139
8,2019-06-09,轻度污染,108,356,33,58,12,22,0.8,167
9,2019-06-10,良,77,302,24,51,11,22,0.68,128
10,2019-06-11,优,50,185,14,36,12,26,0.56,84
11,2019-06-14,优,40,183,15,34,7,35,0.58,119
12,2019-06-15,良,76,322,28,62,10,43,0.73,138
13,2019-06-17,良,68,316,44,78,11,36,0.79,117
14,2019-06-18,优,29,122,16,24,5,31,0.84,59
15,2019-06-19,优,49,271,30,50,6,35,0.75,72
16,2019-06-20,良,54,309,38,52,6,29,0.71,70
17,2019-06-25,优,46,159,12,31,4,17,0.48,87
18,2019-06-26,优,36,84,19,33,4,30,0.68,52
19,2019-06-27,良,75,296,31,51,5,30,0.84,101
20,2019-06-28,良,89,350,48,75,8,29,0.99,110
21,2019-06-29,优,39,128,12,21,5,18,0.78,74
22,2019-06-30,良,52,228,18,33,6,24,0.92,92
0,2019-05-01,良,71,258,31,79,11,38,0.75,82
1,2019-05-02,良,70,227,28,77,12,53,0.75,77
2,2019-05-03,良,77,258,27,79,11,43,0.66,101
3,2019-05-04,良,76,250,19,57,12,27,0.6,132
4,2019-05-05,良,74,238,30,71,15,45,0.76,113
5,2019-05-06,良,61,255,21,69,9,22,0.54,92
6,2019-05-07,良,61,256,16,64,9,34,0.65,87
7,2019-05-08,良,61,232,20,60,11,44,0.7,84
8,2019-05-09,良,93,332,34,84,14,64,0.88,109
9,2019-05-10,轻度污染,102,326,49,102,14,45,0.9,132
10,2019-05-11,轻度污染,110,333,49,100,14,56,0.96,137
11,2019-05-12,轻度污染,110,290,51,100,12,43,0.83,159
12,2019-05-13,良,76,213,49,91,12,42,0.82,98
13,2019-05-14,良,77,225,40,72,10,31,0.69,106
14,2019-05-15,优,45,103,24,43,12,25,0.51,66
15,2019-05-16,良,52,148,32,54,9,33,0.67,44
16,2019-05-17,良,77,306,55,85,10,43,0.85,51
17,2019-05-18,优,38,33,12,24,8,16,0.45,67
18,2019-05-19,优,40,55,19,35,10,21,0.61,71
19,2019-05-20,良,69,268,20,85,11,21,0.52,90
20,2019-05-21,良,77,271,26,72,13,39,0.61,103
21,2019-05-22,良,91,307,42,90,14,38,0.67,120
22,2019-05-23,良,96,288,44,92,24,51,0.99,118
23,2019-05-24,良,100,313,47,94,19,40,0.7,144
24,2019-05-25,良,71,209,47,85,18,35,0.78,88
25,2019-05-26,优,29,31,10,20,10,18,0.64,53
26,2019-05-27,优,43,123,15,43,11,29,0.76,50
27,2019-05-28,优,47,156,8,37,11,30,0.51,85
28,2019-05-29,良,63,255,18,51,12,41,0.62,99
29,2019-05-30,良,53,174,22,47,11,36,0.75,87
30,2019-05-31,良,64,261,34,51,9,29,0.69,99
0,2019-04-01,良,69,276,31,81,13,49,0.84,73
1,2019-04-02,良,67,253,36,82,14,58,0.75,63
2,2019-04-03,良,83,297,55,109,14,59,0.77,74
3,2019-04-04,良,86,270,60,95,11,43,0.73,71
4,2019-04-05,良,82,253,58,93,16,43,0.94,79
5,2019-04-06,良,76,237,45,86,22,42,1.0,90
6,2019-04-07,良,79,249,49,97,16,45,0.91,89
7,2019-04-08,轻度污染,119,331,79,139,16,44,1.11,107
8,2019-04-09,良,53,227,34,54,7,25,0.71,53
9,2019-04-10,优,46,137,30,43,6,24,0.63,58
10,2019-04-11,良,53,199,26,44,9,31,0.61,85
11,2019-04-12,良,78,261,52,80,10,47,0.74,88
12,2019-04-13,良,79,265,46,80,12,41,0.63,111
13,2019-04-14,良,70,296,40,80,12,56,0.71,76
14,2019-04-15,良,73,280,35,74,13,36,0.69,98
15,2019-04-16,良,71,249,37,87,16,60,0.87,65
16,2019-04-17,良,88,278,53,104,15,56,0.94,81
17,2019-04-18,良,81,239,44,93,15,51,0.88,101
18,2019-04-19,良,74,250,48,87,12,38,0.69,82
19,2019-04-20,良,78,287,56,92,10,45,0.72,40
20,2019-04-21,良,54,147,34,58,9,44,0.67,21
21,2019-04-22,优,49,125,33,48,7,33,0.61,27
22,2019-04-23,优,45,90,30,43,7,37,0.71,21
23,2019-04-24,良,57,141,36,58,10,41,0.78,42
24,2019-04-25,良,67,262,46,74,9,33,0.76,42
25,2019-04-26,优,44,73,17,43,8,30,0.49,58
26,2019-04-27,良,60,256,19,62,10,34,0.61,94
27,2019-04-28,良,55,207,34,57,7,34,0.68,63
28,2019-04-29,优,29,26,17,25,6,29,0.62,40
29,2019-04-30,优,38,73,22,35,7,29,0.6,58
0,2019-03-01,轻度污染,108,248,81,120,11,69,1.3,44
1,2019-03-02,轻度污染,111,251,82,117,9,49,1.19,67
2,2019-03-03,良,71,185,49,85,8,43,0.97,62
3,2019-03-04,良,97,233,72,114,8,47,1.1,69
4,2019-03-05,良,99,239,73,103,8,45,1.12,65
5,2019-03-06,轻度污染,119,309,89,122,9,48,1.31,64
6,2019-03-07,良,81,288,49,97,9,31,0.89,71
7,2019-03-08,良,57,150,27,62,10,36,0.89,62
8,2019-03-09,良,74,219,48,90,12,50,1.02,51
9,2019-03-10,良,90,272,64,100,11,62,1.24,45
10,2019-03-11,轻度污染,101,337,57,141,12,60,0.94,58
11,2019-03-12,良,95,336,43,137,15,61,0.93,53
12,2019-03-13,良,77,270,39,102,14,47,0.86,56
13,2019-03-14,良,76,311,42,97,15,62,0.8,59
14,2019-03-15,良,68,280,33,83,13,61,0.72,56
15,2019-03-16,良,76,288,43,100,17,65,0.93,50
16,2019-03-17,良,89,299,61,122,20,76,0.99,67
17,2019-03-18,轻度污染,106,338,76,121,15,50,0.83,75
18,2019-03-19,良,73,209,51,82,12,44,0.76,78
19,2019-03-20,良,51,79,33,52,12,31,0.7,55
20,2019-03-21,良,81,289,53,80,9,34,0.8,48
21,2019-03-22,优,42,110,19,41,9,25,0.64,64
22,2019-03-23,良,51,208,26,54,12,42,0.72,59
23,2019-03-24,良,86,303,61,97,14,43,0.8,79
24,2019-03-25,良,71,219,47,74,16,37,0.9,87
25,2019-03-26,良,69,216,42,81,18,51,1.01,59
26,2019-03-27,良,81,242,53,101,18,78,1.28,18
27,2019-03-28,良,89,292,64,99,12,54,0.93,44
28,2019-03-29,良,86,302,63,107,14,61,0.94,36
29,2019-03-30,轻度污染,102,340,68,123,14,43,0.97,57
30,2019-03-31,良,60,231,16,69,12,28,0.66,80
0,2019-02-01,良,70,170,50,66,5,19,0.67,74
1,2019-02-02,轻度污染,103,249,76,93,7,41,1.0,28
2,2019-02-03,轻度污染,122,286,91,108,6,32,1.15,34
3,2019-02-04,轻度污染,146,318,110,158,7,29,1.3,58
4,2019-02-05,轻度污染,132,217,99,149,9,29,1.03,56
5,2019-02-06,轻度污染,120,289,90,110,8,32,1.08,33
6,2019-02-07,良,87,272,60,89,5,14,0.78,59
7,2019-02-08,优,31,48,14,24,5,14,0.38,56
8,2019-02-09,优,41,124,23,32,6,14,0.5,60
9,2019-02-10,优,43,137,28,41,7,17,0.56,56
10,2019-02-11,优,47,129,32,43,5,19,0.56,54
11,2019-02-12,良,64,207,45,57,7,35,0.84,36
12,2019-02-13,优,46,141,31,44,7,27,0.57,54
13,2019-02-14,优,44,124,27,36,5,26,0.75,58
14,2019-02-15,良,53,178,36,50,6,36,0.69,38
15,2019-02-16,良,76,279,53,76,10,26,0.77,57
16,2019-02-17,良,52,184,31,53,10,31,0.71,60
17,2019-02-18,优,41,128,26,36,5,43,0.74,37
18,2019-02-19,优,35,59,23,30,4,25,0.61,47
19,2019-02-20,轻度污染,104,236,77,91,6,39,0.9,37
20,2019-02-21,轻度污染,137,290,104,123,8,39,1.02,54
21,2019-02-22,良,73,183,53,64,5,35,0.88,60
22,2019-02-23,中度污染,155,294,117,150,10,64,1.44,36
23,2019-02-24,轻度污染,127,263,96,139,11,75,1.49,43
24,2019-02-25,轻度污染,140,289,105,153,16,90,1.45,72
25,2019-02-26,良,91,240,65,99,9,48,1.14,54
26,2019-02-27,优,50,111,34,48,7,39,0.77,48
27,2019-02-28,良,70,177,50,73,8,50,0.83,35
0,2019-01-01,良,68,185,48,69,11,37,0.62,42
1,2019-01-02,轻度污染,110,251,82,122,17,63,1.03,20
2,2019-01-03,轻度污染,138,268,104,144,16,65,1.01,15
3,2019-01-04,良,80,209,58,72,8,54,0.79,9
4,2019-01-05,良,88,240,64,77,6,44,1.48,15
5,2019-01-06,良,93,222,69,86,6,50,1.26,10
6,2019-01-07,良,74,171,54,73,7,53,0.75,10
7,2019-01-08,轻度污染,123,282,91,119,14,55,1.21,25
8,2019-01-09,优,48,125,32,45,7,49,0.75,15
9,2019-01-10,良,54,150,38,52,6,47,0.61,10
10,2019-01-11,优,46,109,31,43,5,43,0.68,5
11,2019-01-12,良,71,152,51,65,5,39,0.94,19
12,2019-01-13,轻度污染,141,254,106,141,9,63,1.38,25
13,2019-01-14,中度污染,184,288,139,192,10,68,1.53,16
14,2019-01-15,中度污染,195,356,150,196,9,46,1.56,29
15,2019-01-16,良,66,198,37,80,8,37,0.87,29
16,2019-01-17,良,89,227,58,126,10,58,1.0,21
17,2019-01-18,轻度污染,105,240,77,141,12,67,1.12,33
18,2019-01-19,轻度污染,147,305,111,165,12,66,1.26,17
19,2019-01-20,轻度污染,141,313,104,150,13,53,1.22,28
20,2019-01-21,轻度污染,105,302,76,122,12,66,1.13,31
21,2019-01-22,轻度污染,114,298,85,137,13,68,0.99,39
22,2019-01-23,轻度污染,114,283,86,137,17,85,1.28,33
23,2019-01-24,轻度污染,137,280,103,155,16,90,1.21,46
24,2019-01-25,轻度污染,133,285,100,150,14,72,1.03,41
25,2019-01-26,优,44,47,18,44,9,30,0.4,52
26,2019-01-27,良,56,76,33,60,8,45,0.51,39
27,2019-01-28,轻度污染,117,268,88,117,10,62,0.73,22
28,2019-01-29,轻度污染,105,238,78,116,10,44,0.82,37
29,2019-01-30,良,81,180,59,76,6,51,0.69,12
30,2019-01-31,优,37,36,15,21,5,18,0.43,66
0,2018-12-01,轻度污染,149,272,114,187,9,61,1.1,19
1,2018-12-02,轻度污染,103,222,77,111,7,59,0.94,10
2,2018-12-03,轻度污染,138,271,104,134,6,48,1.07,7
3,2018-12-04,优,43,104,22,46,4,28,0.72,26
4,2018-12-05,良,57,177,17,65,5,27,0.41,38
5,2018-12-06,优,37,102,16,31,4,23,0.43,43
6,2018-12-07,良,51,260,25,55,5,23,0.47,34
7,2018-12-08,良,51,231,24,53,9,24,0.46,40
8,2018-12-09,良,53,184,30,54,10,32,0.56,29
9,2018-12-10,优,26,57,17,24,5,34,0.41,25
10,2018-12-11,良,59,171,40,49,5,27,0.65,36
11,2018-12-12,轻度污染,125,307,94,121,13,44,1.12,38
12,2018-12-13,轻度污染,121,284,91,124,14,67,1.11,35
13,2018-12-14,良,87,202,59,99,12,61,0.81,26
14,2018-12-15,优,43,54,23,42,8,47,0.58,27
15,2018-12-16,轻度污染,101,222,75,110,8,48,0.85,29
16,2018-12-17,轻度污染,113,279,76,135,12,62,1.08,36
17,2018-12-18,良,97,243,69,127,17,81,1.6,18
18,2018-12-19,良,70,124,45,85,13,76,1.09,12
19,2018-12-20,优,46,44,29,45,7,60,0.71,21
20,2018-12-21,良,84,222,61,95,12,74,1.12,8
21,2018-12-28,优,48,184,25,48,9,24,0.54,43
22,2018-12-29,良,58,225,30,64,13,37,0.63,35
23,2018-12-30,优,48,111,28,49,10,38,0.45,29
24,2018-12-31,良,52,139,35,51,8,41,0.48,27
0,2018-11-01,良,60,151,29,69,8,39,0.51,72
1,2018-11-02,优,50,86,20,52,6,39,0.48,62
2,2018-11-03,良,55,131,31,59,7,41,0.58,48
3,2018-11-04,良,52,158,29,52,5,34,0.5,63
4,2018-11-05,良,54,214,34,57,6,40,0.58,45
5,2018-11-06,优,34,100,21,28,4,27,0.4,50
6,2018-11-07,优,21,32,6,10,3,25,0.47,32
7,2018-11-08,优,21,13,12,17,3,23,0.55,27
8,2018-11-09,良,52,170,33,53,8,46,0.93,34
9,2018-11-10,良,68,228,48,68,6,49,0.71,54
10,2018-11-11,良,59,168,41,56,5,40,0.62,38
11,2018-11-12,优,46,112,28,45,6,32,0.52,51
12,2018-11-13,良,57,181,35,62,7,51,0.61,41
13,2018-11-14,良,59,165,34,67,7,44,0.63,61
14,2018-11-15,优,47,138,27,48,7,47,0.57,36
15,2018-11-16,优,34,109,19,30,5,23,0.45,55
16,2018-11-17,优,40,159,17,39,6,36,0.46,34
17,2018-11-18,优,30,81,19,27,4,30,0.46,40
18,2018-11-19,良,81,285,59,76,8,43,1.11,32
19,2018-11-20,良,86,278,63,87,8,49,1.02,48
20,2018-11-21,轻度污染,112,325,84,111,7,49,1.02,30
21,2018-11-22,轻度污染,112,340,84,124,10,54,0.92,41
22,2018-11-23,良,83,249,60,98,9,60,0.71,45
23,2018-11-24,良,98,265,73,118,12,87,1.05,25
24,2018-11-25,中度污染,153,299,115,165,12,79,1.36,51
25,2018-11-26,中度污染,161,264,121,172,7,82,1.51,15
26,2018-11-27,良,90,176,66,100,8,81,1.69,28
27,2018-11-28,轻度污染,143,261,108,149,8,91,1.91,24
28,2018-11-29,中度污染,187,317,140,191,12,89,1.82,29
29,2018-11-30,重度污染,223,339,172,248,12,74,1.73,26
0,2018-10-01,良,58,257,17,58,7,38,0.5,71
1,2018-10-02,良,66,272,23,70,7,58,0.56,56
2,2018-10-03,良,77,308,33,74,9,56,0.56,81
3,2018-10-04,良,66,193,27,57,8,34,0.51,102
4,2018-10-05,良,71,226,32,61,7,23,0.48,116
5,2018-10-06,良,70,219,32,67,9,45,0.64,100
6,2018-10-07,良,89,288,52,102,9,58,0.78,99
7,2018-10-08,良,68,209,37,80,7,30,0.6,92
8,2018-10-09,良,77,296,52,88,8,38,0.71,76
9,2018-10-10,良,51,200,19,54,6,26,0.45,55
10,2018-10-11,良,54,217,21,58,8,47,0.48,54
11,2018-10-12,良,64,235,32,74,8,49,0.5,70
12,2018-10-13,良,57,153,28,61,6,39,0.49,73
13,2018-10-14,良,55,183,29,59,6,35,0.48,62
14,2018-10-15,优,50,191,28,50,5,36,0.45,57
15,2018-10-16,良,64,253,43,64,5,45,0.62,62
16,2018-10-17,良,73,273,50,79,7,49,0.71,67
17,2018-10-18,优,40,92,11,33,5,28,0.36,71
18,2018-10-19,优,46,127,15,46,6,44,0.4,52
19,2018-10-20,良,51,175,23,54,7,46,0.47,46
20,2018-10-21,良,52,170,25,55,7,40,0.51,55
21,2018-10-22,优,47,131,30,44,4,35,0.5,49
22,2018-10-23,良,66,241,46,76,6,51,0.74,50
23,2018-10-24,轻度污染,110,341,82,121,7,54,0.81,86
24,2018-10-25,良,79,274,57,88,6,41,0.68,56
25,2018-10-26,良,75,301,43,85,5,30,0.62,57
26,2018-10-27,良,79,334,30,107,8,56,0.62,34
27,2018-10-28,良,68,261,26,82,10,53,0.6,51
28,2018-10-29,良,74,321,35,96,12,59,0.6,48
29,2018-10-30,良,69,251,35,87,10,57,0.6,46
30,2018-10-31,良,56,134,23,62,8,44,0.48,62
0,2018-09-02,良,69,331,29,51,5,25,0.83,126
1,2018-09-03,良,56,253,25,48,5,18,0.69,108
2,2018-09-04,良,70,317,29,60,10,26,0.82,109
3,2018-09-05,良,76,319,19,51,9,37,0.57,99
4,2018-09-06,良,59,232,31,64,10,43,0.63,77
5,2018-09-07,良,60,323,29,66,8,26,0.63,79
6,2018-09-08,良,60,305,20,49,7,31,0.5,92
7,2018-09-09,良,51,197,14,37,7,30,0.42,84
8,2018-09-10,优,46,130,13,44,8,35,0.39,68
9,2018-09-11,良,54,193,20,53,8,34,0.51,75
10,2018-09-12,良,56,230,20,60,6,40,0.49,48
11,2018-09-13,优,34,77,14,33,6,38,0.44,41
12,2018-09-14,良,59,270,30,59,7,39,0.65,66
13,2018-09-15,良,60,270,39,62,6,29,0.59,73
14,2018-09-16,良,57,295,36,55,6,22,0.56,64
15,2018-09-17,优,25,42,13,22,4,23,0.54,42
16,2018-09-18,良,54,273,34,59,5,30,0.6,52
17,2018-09-19,良,52,250,26,50,6,33,0.72,48
18,2018-09-20,优,39,107,23,37,6,28,0.86,38
19,2018-09-21,良,60,276,42,58,4,25,1.07,62
20,2018-09-22,良,63,290,42,68,7,43,1.07,52
21,2018-09-23,良,72,324,30,70,10,42,0.67,95
22,2018-09-24,良,79,336,38,79,8,32,0.6,115
23,2018-09-25,优,50,232,14,40,5,24,0.36,85
24,2018-09-26,优,39,134,11,31,5,23,0.35,71
25,2018-09-27,优,46,178,13,37,6,28,0.4,79
26,2018-09-28,良,53,213,26,56,6,53,0.56,35
27,2018-09-29,良,71,296,37,73,8,52,0.72,72
28,2018-09-30,良,79,336,38,87,9,46,0.67,93
0,2018-08-01,良,66,290,25,47,9,29,0.58,101
1,2018-08-02,优,48,173,14,30,7,18,0.46,87
2,2018-08-03,优,33,61,15,28,7,18,0.52,54
3,2018-08-04,优,38,88,19,33,7,17,0.61,75
4,2018-08-05,良,80,331,40,60,8,26,0.69,119
5,2018-08-06,良,81,334,50,72,8,35,0.87,114
6,2018-08-07,轻度污染,102,359,50,75,8,28,0.77,151
7,2018-08-08,良,73,309,26,49,9,22,0.53,125
8,2018-08-09,良,97,355,38,65,10,26,0.74,140
9,2018-08-10,轻度污染,115,358,41,72,11,29,0.75,165
10,2018-08-11,良,98,337,43,68,10,26,0.81,126
11,2018-08-12,优,49,151,26,48,9,27,0.55,57
12,2018-08-13,优,34,75,16,29,5,16,0.41,64
13,2018-08-14,优,37,128,12,28,5,13,0.36,70
14,2018-08-15,优,48,226,17,36,6,22,0.54,73
15,2018-08-16,优,38,126,18,35,6,18,0.51,58
16,2018-08-17,优,24,12,6,12,4,11,0.49,53
17,2018-08-18,优,47,208,15,29,6,11,0.64,90
18,2018-08-19,优,36,97,13,23,8,16,0.6,71
19,2018-08-20,优,34,57,13,23,6,19,0.67,62
20,2018-08-21,优,40,54,16,32,8,22,0.58,74
21,2018-08-22,优,36,44,16,30,7,22,0.56,65
22,2018-08-23,良,65,240,21,42,10,22,0.79,119
23,2018-08-25,良,62,191,27,51,8,28,0.58,100
24,2018-08-27,优,49,151,22,44,5,27,0.55,90
25,2018-08-29,优,50,198,13,32,6,16,0.52,99
26,2018-08-31,良,54,260,20,39,6,28,0.79,92
0,2018-07-01,优,49,183,28,43,7,32,0.54,71
1,2018-07-02,良,57,229,36,61,8,33,0.58,61
2,2018-07-03,良,60,265,34,56,7,24,0.58,78
3,2018-07-04,良,61,245,40,66,8,36,0.75,80
4,2018-07-05,优,31,43,14,24,8,25,0.57,48
5,2018-07-06,优,33,89,19,27,6,29,0.52,35
6,2018-07-07,优,35,136,19,34,6,23,0.37,31
7,2018-07-08,良,61,310,42,67,6,29,0.59,42
8,2018-07-09,良,62,317,39,71,7,38,0.65,49
9,2018-07-10,良,58,306,24,46,8,28,0.5,84
10,2018-07-11,优,38,108,12,36,6,15,0.28,46
11,2018-07-12,优,45,203,13,35,6,15,0.27,76
12,2018-07-13,优,42,156,12,32,8,21,0.34,73
13,2018-07-14,良,61,293,19,44,10,26,0.49,91
14,2018-07-15,良,74,332,25,52,10,24,0.48,115
15,2018-07-16,良,59,276,20,45,10,24,0.4,94
16,2018-07-17,良,52,217,16,40,9,22,0.39,83
17,2018-07-18,良,52,200,16,36,9,19,0.37,88
18,2018-07-19,良,58,250,17,38,9,18,0.48,99
19,2018-07-20,良,58,231,14,36,7,18,0.4,96
20,2018-07-21,良,66,245,37,62,7,21,0.42,77
21,2018-07-22,优,43,97,18,43,5,13,0.38,42
22,2018-07-23,优,41,100,17,41,7,18,0.5,58
23,2018-07-24,良,57,221,29,55,7,32,0.67,77
24,2018-07-25,优,50,180,22,45,8,38,0.75,60
25,2018-07-26,良,64,261,25,59,10,43,0.81,73
26,2018-07-27,优,41,119,17,37,7,37,0.7,68
27,2018-07-28,良,78,320,26,52,10,44,0.85,98
28,2018-07-29,良,84,322,42,71,9,54,1.01,95
29,2018-07-30,良,85,340,29,52,9,35,0.82,115
30,2018-07-31,良,69,297,29,50,11,36,0.97,94
0,2018-06-01,良,97,263,46,81,9,37,0.83,134
1,2018-06-02,良,81,234,30,62,9,32,0.58,129
2,2018-06-03,良,97,272,25,53,9,27,0.55,158
3,2018-06-04,轻度污染,103,320,41,77,11,41,0.79,139
4,2018-06-05,良,82,261,53,94,11,54,0.97,99
5,2018-06-06,良,98,277,34,64,9,34,0.63,137
6,2018-06-07,良,89,267,30,57,7,27,0.64,140
7,2018-06-08,轻度污染,108,334,34,66,8,26,0.64,166
8,2018-06-09,良,55,199,24,42,6,29,0.49,91
9,2018-06-10,良,61,192,31,48,5,25,0.52,92
10,2018-06-11,良,83,277,23,48,6,27,0.58,135
11,2018-06-12,良,93,303,34,73,14,40,0.94,123
12,2018-06-13,良,83,283,26,64,14,44,0.89,113
13,2018-06-14,良,98,326,38,80,11,30,0.75,151
14,2018-06-15,良,94,293,33,66,10,33,0.64,131
15,2018-06-16,良,76,247,27,60,9,21,0.47,121
16,2018-06-17,良,77,257,24,57,8,19,0.38,123
17,2018-06-18,良,86,311,31,63,8,20,0.47,130
18,2018-06-19,良,52,187,28,58,9,35,0.53,37
19,2018-06-20,优,39,83,16,34,6,26,0.37,74
20,2018-06-21,良,80,281,27,53,7,29,0.42,124
21,2018-06-22,良,55,195,21,40,6,28,0.36,88
22,2018-06-23,良,57,194,18,35,5,20,0.41,107
23,2018-06-24,良,67,222,31,53,6,21,0.44,110
24,2018-06-25,良,61,244,31,56,10,23,0.65,83
25,2018-06-26,优,45,176,11,43,11,22,0.51,66
26,2018-06-27,优,47,179,15,43,10,25,0.62,76
27,2018-06-28,优,34,68,11,25,6,27,0.58,60
28,2018-06-29,良,75,277,33,56,8,38,0.74,110
29,2018-06-30,良,66,248,43,68,7,38,0.68,64
0,2018-05-01,良,74,233,48,82,10,42,0.89,60
1,2018-05-02,良,75,282,44,71,6,23,0.73,101
2,2018-05-03,良,66,185,23,60,9,36,0.6,93
3,2018-05-04,良,84,272,32,83,11,43,0.6,112
4,2018-05-05,优,47,69,24,48,8,32,0.53,70
5,2018-05-06,优,25,3,9,14,6,35,0.67,43
6,2018-05-07,良,53,158,14,25,5,25,0.42,96
7,2018-05-08,良,65,200,27,64,9,36,0.53,108
8,2018-05-09,良,72,207,25,65,8,48,0.48,101
9,2018-05-10,良,72,207,25,62,6,25,0.41,118
10,2018-05-11,良,65,192,34,74,9,44,0.68,80
11,2018-05-12,良,53,87,35,53,6,44,0.98,48
12,2018-05-13,良,79,210,41,68,12,47,1.18,87
13,2018-05-14,良,80,216,52,84,11,38,0.9,105
14,2018-05-15,良,71,219,34,68,10,30,0.66,107
15,2018-05-16,良,66,241,23,68,12,28,0.66,96
16,2018-05-17,良,56,139,11,27,9,25,0.64,104
17,2018-05-18,良,66,222,40,65,8,35,0.74,86
18,2018-05-19,优,45,61,24,45,9,34,0.75,67
19,2018-05-20,优,42,81,24,42,6,31,0.65,41
20,2018-05-21,良,60,257,38,66,6,35,0.73,42
21,2018-05-22,优,35,25,22,33,5,24,0.69,46
22,2018-05-23,良,79,215,31,97,8,32,0.72,108
23,2018-05-24,轻度污染,111,337,66,152,15,50,0.94,129
24,2018-05-25,良,71,202,48,79,8,62,0.99,29
25,2018-05-26,优,38,41,24,37,5,26,0.58,49
26,2018-05-27,良,64,152,42,71,6,30,0.76,66
27,2018-05-28,良,98,260,58,138,12,51,1.0,76
28,2018-05-29,良,100,292,70,143,10,60,1.17,68
29,2018-05-30,轻度污染,109,320,72,153,13,64,1.35,85
30,2018-05-31,良,74,225,43,74,6,39,0.8,107
0,2018-04-01,轻度污染,108,252,76,141,22,80,1.02,79
1,2018-04-02,良,83,176,50,98,13,52,0.67,101
2,2018-04-03,轻度污染,115,284,78,136,17,50,0.92,89
3,2018-04-04,良,64,164,29,77,6,31,0.47,64
4,2018-04-05,优,50,86,24,51,6,33,0.47,61
5,2018-04-05,优,50,86,24,51,6,33,0.47,61
6,2018-04-06,良,81,202,37,112,7,25,0.55,65
7,2018-04-07,良,66,143,14,78,7,30,0.49,84
8,2018-04-08,良,86,268,24,119,18,55,0.78,72
9,2018-04-09,良,84,202,29,116,15,55,0.66,80
10,2018-04-10,良,91,222,39,123,19,63,0.73,91
11,2018-04-11,中度污染,157,331,64,244,19,66,0.78,77
12,2018-04-12,良,93,308,31,134,17,57,0.67,57
13,2018-04-13,良,52,142,16,53,9,41,0.47,69
14,2018-04-14,优,49,122,31,48,5,30,0.47,65
15,2018-04-15,轻度污染,117,315,32,181,12,42,0.58,75
16,2018-04-16,轻度污染,123,297,35,193,12,65,0.67,77
17,2018-04-17,轻度污染,118,295,50,184,17,62,0.72,95
18,2018-04-18,轻度污染,104,254,58,150,15,62,0.67,108
19,2018-04-19,轻度污染,101,264,52,121,12,59,0.64,125
20,2018-04-20,良,100,282,44,102,10,42,0.52,139
21,2018-04-21,良,66,225,31,77,9,47,0.53,62
22,2018-04-22,良,55,207,33,60,8,39,0.7,49
23,2018-04-23,优,37,42,24,36,4,25,0.59,42
24,2018-04-24,良,54,187,35,54,6,31,0.64,84
25,2018-04-25,良,82,266,41,74,10,51,0.7,94
26,2018-04-26,良,86,245,55,102,15,63,0.91,80
27,2018-04-27,良,91,256,54,100,11,63,0.89,94
28,2018-04-28,轻度污染,111,291,60,120,11,44,0.84,133
29,2018-04-29,轻度污染,114,302,84,136,17,46,0.98,116
30,2018-04-30,良,80,223,54,92,10,43,0.92,69
0,2018-03-01,良,91,287,67,106,10,48,0.94,49
1,2018-03-02,优,47,55,29,47,6,27,0.5,64
2,2018-03-03,良,64,141,45,65,7,36,0.67,45
3,2018-03-04,良,70,250,50,75,9,39,0.79,38
4,2018-03-05,优,45,138,18,39,7,23,0.47,69
5,2018-03-06,优,48,157,19,49,9,33,0.47,68
6,2018-03-07,优,33,41,18,29,6,35,0.44,55
7,2018-03-08,良,80,282,57,79,7,29,0.66,70
8,2018-03-09,轻度污染,107,309,79,111,12,57,0.98,58
9,2018-03-10,轻度污染,111,295,82,127,16,67,1.01,58
10,2018-03-11,良,87,225,60,102,12,63,0.77,74
11,2018-03-12,良,78,176,50,96,20,71,0.99,65
12,2018-03-13,良,79,178,49,101,20,71,0.78,74
13,2018-03-14,良,71,168,48,89,16,61,0.78,51
14,2018-03-15,良,59,143,38,64,13,48,0.82,44
15,2018-03-16,良,54,173,25,58,7,27,0.51,71
16,2018-03-17,良,54,139,28,56,7,27,0.48,81
17,2018-03-18,优,35,32,21,34,6,37,0.54,41
18,2018-03-19,优,47,109,24,33,4,23,0.57,71
19,2018-03-20,良,66,237,47,59,5,31,0.71,62
20,2018-03-21,良,53,123,35,50,5,37,0.59,67
21,2018-03-22,良,69,137,45,86,13,67,0.76,50
22,2018-03-23,良,84,181,57,115,18,80,1.12,55
23,2018-03-24,良,92,238,62,128,19,71,0.88,73
24,2018-03-25,轻度污染,120,299,85,161,28,88,1.34,59
25,2018-03-26,良,93,223,59,130,20,78,0.9,65
26,2018-03-27,良,80,192,49,106,18,62,0.8,72
27,2018-03-28,良,84,201,49,116,22,67,0.87,76
28,2018-03-29,良,81,212,48,111,17,67,0.7,83
29,2018-03-30,良,84,236,59,97,10,52,0.57,28
30,2018-03-31,良,69,136,46,84,11,50,0.64,59
0,2018-02-01,中度污染,181,343,138,179,17,108,1.44,31
1,2018-02-02,轻度污染,142,335,102,152,18,84,1.43,38
2,2018-02-03,良,52,72,26,54,11,32,0.74,51
3,2018-02-04,良,62,130,41,71,15,51,0.84,44
4,2018-02-05,良,73,213,51,93,13,61,0.77,38
5,2018-02-06,良,66,144,42,75,18,52,0.71,41
6,2018-02-07,良,83,181,58,99,18,73,1.07,29
7,2018-02-08,轻度污染,101,237,75,137,19,53,1.09,44
8,2018-02-09,中度污染,166,288,125,188,18,90,1.62,24
9,2018-02-10,轻度污染,145,312,88,175,14,52,1.04,34
10,2018-02-11,轻度污染,110,287,43,168,14,44,0.86,51
11,2018-02-12,良,87,258,26,123,14,35,0.7,55
12,2018-02-13,良,65,118,31,78,12,49,0.82,55
13,2018-02-14,良,77,180,51,101,16,52,0.97,57
14,2018-02-15,良,72,155,46,84,8,20,0.63,63
15,2018-02-16,轻度污染,110,167,82,108,7,29,0.66,39
16,2018-02-17,轻度污染,107,237,79,114,10,25,0.88,65
17,2018-02-18,良,55,133,37,55,8,30,0.62,48
18,2018-02-19,优,33,13,20,29,6,24,0.52,55
19,2018-02-20,良,83,261,61,80,9,29,0.71,60
20,2018-02-21,良,62,224,44,58,6,29,0.59,50
21,2018-02-22,良,95,277,70,92,10,40,0.98,47
22,2018-02-23,良,73,242,48,68,11,37,0.89,52
23,2018-02-24,良,73,257,51,75,11,40,0.8,57
24,2018-02-25,良,76,226,53,82,8,31,0.74,69
25,2018-02-26,良,74,194,52,78,8,38,0.74,48
26,2018-02-27,良,68,172,47,76,9,38,0.7,61
27,2018-02-28,良,53,113,37,50,6,33,0.71,56
0,2018-01-01,严重污染,265,359,214,312,17,75,1.72,59
1,2018-01-02,良,86,172,62,113,15,66,0.85,26
2,2018-01-03,优,44,93,24,43,6,31,0.57,48
3,2018-01-04,优,23,24,12,18,5,36,0.54,37
4,2018-01-05,良,84,246,61,71,8,46,0.88,34
5,2018-01-06,中度污染,151,326,113,135,14,59,1.15,56
6,2018-01-07,良,68,203,50,56,8,53,0.98,20
7,2018-01-08,轻度污染,149,353,109,133,11,33,1.0,66
8,2018-01-09,优,50,118,19,52,8,32,0.49,71
9,2018-01-10,良,57,184,24,63,11,38,0.58,58
10,2018-01-11,良,72,243,43,90,15,64,0.81,36
11,2018-01-12,良,61,130,33,69,17,65,0.9,23
12,2018-01-13,良,80,132,56,101,21,82,1.0,17
13,2018-01-14,良,98,186,73,122,20,89,1.1,15
14,2018-01-15,轻度污染,111,189,82,139,26,102,1.5,25
15,2018-01-16,中度污染,157,282,119,162,17,101,1.43,11
16,2018-01-17,中度污染,186,300,142,177,15,69,1.37,25
17,2018-01-18,中度污染,180,294,136,177,17,69,1.21,22
18,2018-01-19,严重污染,267,338,217,274,16,88,1.78,11
19,2018-01-20,严重污染,260,335,209,287,19,87,1.93,22
20,2018-01-21,中度污染,193,303,147,206,16,85,1.97,15
21,2018-01-22,轻度污染,116,284,86,110,10,49,1.33,43
22,2018-01-23,轻度污染,120,299,89,134,9,47,1.0,28
23,2018-01-24,良,57,158,34,62,11,40,0.68,45
24,2018-01-25,优,34,66,20,27,6,29,0.55,54
25,2018-01-26,优,39,82,23,33,8,25,0.58,64
26,2018-01-27,优,39,81,25,34,7,35,0.54,44
27,2018-01-28,良,75,229,54,61,10,32,0.85,55
28,2018-01-29,重度污染,220,351,170,191,16,48,1.32,69
29,2018-01-30,重度污染,218,345,167,197,16,83,1.45,58
30,2018-01-31,中度污染,174,333,131,166,16,96,1.14,43
0,2017-12-01,良,71,226,36,90,13,61,0.72,35
1,2017-12-02,良,100,242,74,130,19,67,1.07,29
2,2017-12-03,轻度污染,106,255,79,133,17,77,1.22,21
3,2017-12-04,轻度污染,149,316,112,166,15,60,1.08,35
4,2017-12-05,良,81,225,56,97,16,54,0.99,42
5,2017-12-06,良,93,191,68,120,17,79,1.09,19
6,2017-12-07,轻度污染,128,271,96,159,26,91,1.44,21
7,2017-12-08,良,80,237,48,84,14,43,0.84,41
8,2017-12-09,良,68,85,44,84,16,59,0.91,29
9,2017-12-10,良,85,186,57,116,21,55,1.01,37
10,2017-12-11,良,85,207,60,115,24,72,1.48,26
11,2017-12-12,良,63,140,32,73,13,38,0.67,42
12,2017-12-13,良,51,91,24,55,14,33,0.64,48
13,2017-12-14,良,51,99,36,51,8,38,0.6,35
14,2017-12-15,优,44,105,30,41,8,44,0.58,20
15,2017-12-16,轻度污染,110,318,82,107,11,42,1.02,35
16,2017-12-17,良,65,168,34,79,16,48,0.81,37
17,2017-12-18,良,73,202,44,94,20,67,1.08,24
18,2017-12-19,良,88,271,59,115,21,67,0.98,23
19,2017-12-20,良,91,256,58,123,23,71,1.23,24
20,2017-12-21,良,92,211,63,130,23,89,1.3,16
21,2017-12-22,轻度污染,123,250,93,158,25,100,1.26,24
22,2017-12-23,中度污染,174,301,133,204,26,126,1.4,16
23,2017-12-24,中度污染,195,353,147,228,22,67,1.3,36
24,2017-12-25,良,97,253,51,142,16,71,0.84,28
25,2017-12-26,轻度污染,119,259,89,175,22,97,1.15,25
26,2017-12-27,良,96,158,65,136,20,63,0.91,49
27,2017-12-28,良,93,137,67,110,12,62,0.86,16
28,2017-12-29,轻度污染,111,164,83,118,13,65,0.99,8
29,2017-12-30,重度污染,222,313,181,232,10,63,1.43,13
30,2017-12-31,严重污染,307,362,256,347,16,88,2.25,23
0,2017-11-01,良,85,182,60,114,16,86,1.18,39
1,2017-11-02,轻度污染,104,238,76,146,23,98,1.64,38
2,2017-11-03,轻度污染,108,260,76,140,13,65,1.03,46
3,2017-11-04,优,43,46,13,42,14,39,0.46,52
4,2017-11-05,优,50,58,18,50,17,37,0.53,58
5,2017-11-06,良,63,76,33,74,19,58,0.68,50
6,2017-11-07,良,98,168,70,138,29,90,1.19,20
7,2017-11-08,轻度污染,116,260,77,159,30,73,1.07,46
8,2017-11-09,良,75,181,26,99,25,45,0.67,66
9,2017-11-10,良,75,223,40,95,29,54,0.78,37
10,2017-11-11,良,60,178,14,68,32,44,0.62,45
11,2017-11-12,良,64,190,28,76,27,51,0.68,46
12,2017-11-13,良,90,286,63,124,16,66,0.95,34
13,2017-11-14,轻度污染,127,336,96,160,14,67,0.9,35
14,2017-11-15,良,96,291,66,139,18,72,1.12,38
15,2017-11-16,良,82,226,58,111,14,63,0.85,23
16,2017-11-17,优,46,97,31,45,8,40,0.73,26
17,2017-11-18,良,52,217,26,52,7,23,0.55,51
18,2017-11-19,良,56,183,29,60,10,43,0.52,32
19,2017-11-20,良,58,185,36,64,12,47,0.64,41
20,2017-11-21,良,69,185,49,81,14,54,0.77,28
21,2017-11-22,轻度污染,103,315,76,126,16,54,0.98,41
22,2017-11-23,良,75,262,33,98,16,53,0.76,38
23,2017-11-24,良,82,281,34,113,18,71,0.89,25
24,2017-11-25,良,89,265,48,127,27,82,1.13,23
25,2017-11-26,轻度污染,101,291,71,143,22,69,1.03,37
26,2017-11-27,良,74,178,42,96,16,48,0.78,60
27,2017-11-28,轻度污染,122,274,92,166,18,84,1.4,21
28,2017-11-29,轻度污染,108,288,68,148,12,46,1.02,40
29,2017-11-30,优,43,103,15,44,8,34,0.52,47
0,2017-10-01,优,47,146,31,49,8,35,1.01,30
1,2017-10-02,优,23,9,7,16,5,24,0.7,49
2,2017-10-03,优,36,139,7,32,5,21,0.52,60
3,2017-10-05,优,30,74,8,15,6,37,0.52,49
4,2017-10-06,优,37,85,22,35,7,32,0.61,48
5,2017-10-07,良,64,226,38,59,12,41,0.94,80
6,2017-10-08,良,88,306,48,71,11,35,0.91,114
7,2017-10-09,良,55,244,25,48,8,31,0.72,84
8,2017-10-10,良,74,318,51,78,9,37,0.98,42
9,2017-10-11,优,24,24,11,17,5,25,0.63,36
10,2017-10-12,优,30,84,8,14,5,27,0.47,52
11,2017-10-13,优,41,146,19,40,9,36,0.58,48
12,2017-10-14,优,42,159,18,38,9,39,0.54,58
13,2017-10-15,优,37,148,10,27,7,26,0.53,76
14,2017-10-16,优,36,145,10,27,7,30,0.55,67
15,2017-10-17,优,36,128,16,34,7,30,0.63,61
16,2017-10-18,优,33,72,13,31,8,30,0.59,54
17,2017-10-19,良,55,178,34,57,10,43,0.81,40
18,2017-10-20,良,56,168,30,54,10,54,0.71,58
19,2017-10-21,良,83,259,60,91,11,60,1.0,78
20,2017-10-22,轻度污染,130,339,97,132,13,55,1.25,92
21,2017-10-23,良,58,141,25,63,10,41,0.62,57
22,2017-10-24,良,59,117,29,66,11,57,0.7,52
23,2017-10-25,良,59,96,31,66,11,57,0.76,58
24,2017-10-26,良,75,159,51,90,12,70,0.8,49
25,2017-10-27,良,95,223,70,115,15,76,0.98,57
26,2017-10-28,良,64,96,38,66,10,61,0.62,51
27,2017-10-29,良,90,300,55,108,10,49,0.78,52
28,2017-10-30,良,60,139,26,68,12,51,0.75,44
29,2017-10-31,良,69,139,40,86,11,62,0.74,51
0,2017-09-01,良,55,202,18,45,9,35,0.74,78
1,2017-09-02,良,55,179,23,57,12,42,0.85,80
2,2017-09-03,优,38,87,15,33,7,30,0.83,67
3,2017-09-04,优,46,176,26,46,7,47,1.14,26
4,2017-09-05,优,42,135,20,40,8,26,0.95,58
5,2017-09-06,优,38,96,19,35,8,30,0.83,43
6,2017-09-07,优,45,134,17,38,7,32,0.78,80
7,2017-09-08,优,50,159,24,50,8,48,0.99,22
8,2017-09-09,良,70,256,43,88,13,44,1.25,69
9,2017-09-10,良,57,249,33,59,8,28,1.01,59
10,2017-09-11,优,29,28,11,22,7,26,0.94,53
11,2017-09-12,良,75,280,34,59,10,46,1.04,95
12,2017-09-13,良,86,310,45,81,13,45,0.98,89
13,2017-09-14,良,57,149,18,48,11,32,0.72,93
14,2017-09-15,良,63,186,17,43,10,31,0.73,106
15,2017-09-16,优,49,96,14,34,12,34,0.67,84
16,2017-09-17,良,75,238,30,61,15,50,1.02,90
17,2017-09-18,良,94,268,41,88,15,64,1.18,94
18,2017-09-19,良,83,243,54,98,14,62,1.11,87
19,2017-09-20,优,50,175,31,45,7,36,0.88,71
20,2017-09-21,良,57,193,37,55,10,35,0.97,75
21,2017-09-22,良,55,145,35,55,7,42,0.81,54
22,2017-09-23,良,51,139,30,48,7,39,0.8,55
23,2017-09-24,优,28,26,11,18,5,44,0.84,30
24,2017-09-25,优,30,59,13,24,7,51,1.23,11
25,2017-09-26,优,43,116,26,42,8,31,1.03,39
26,2017-09-27,优,32,57,14,26,6,23,0.75,58
27,2017-09-28,优,39,106,12,29,8,38,0.63,69
28,2017-09-29,良,54,197,24,57,9,51,0.77,54
29,2017-09-30,优,40,100,22,37,6,38,0.69,42
0,2017-08-01,优,36,66,7,27,9,18,0.77,68
1,2017-08-02,优,33,43,11,27,9,29,0.75,57
2,2017-08-03,优,40,107,14,35,13,34,0.99,51
3,2017-08-04,优,48,129,22,47,18,37,1.36,62
4,2017-08-05,良,56,186,24,54,14,49,1.18,66
5,2017-08-06,良,72,258,35,69,12,43,1.12,92
6,2017-08-07,良,73,281,35,75,14,49,1.22,85
7,2017-08-08,优,30,31,8,16,9,27,0.82,54
8,2017-08-09,优,35,79,12,26,9,24,0.83,69
9,2017-08-10,良,52,174,18,41,12,28,1.07,82
10,2017-08-11,良,58,201,23,53,12,39,1.04,81
11,2017-08-12,优,41,125,12,24,8,30,0.91,65
12,2017-08-13,优,27,29,7,20,9,20,0.9,51
13,2017-08-14,优,48,200,21,41,9,20,0.96,86
14,2017-08-15,良,57,224,27,53,8,25,0.97,78
15,2017-08-16,优,39,113,14,36,11,45,1.12,57
16,2017-08-17,优,50,187,16,42,13,42,1.12,70
17,2017-08-18,优,45,148,13,39,18,34,1.12,69
18,2017-08-19,优,47,164,14,40,13,34,1.01,57
19,2017-08-20,优,31,28,8,20,10,26,0.94,62
20,2017-08-21,良,71,278,23,46,13,37,1.04,100
21,2017-08-22,优,49,151,20,45,13,24,0.79,65
22,2017-08-23,良,56,250,10,37,15,22,0.62,112
23,2017-08-24,优,43,165,10,36,15,32,0.76,55
24,2017-08-25,优,47,184,21,47,11,38,0.91,63
25,2017-08-26,优,41,132,10,35,14,38,0.69,65
26,2017-08-27,良,58,266,15,42,9,29,0.81,98
27,2017-08-28,良,58,301,19,46,9,30,0.84,87
28,2017-08-29,优,37,138,8,27,8,24,0.77,66
29,2017-08-30,优,39,175,9,38,8,36,0.61,38
30,2017-08-31,优,27,42,9,24,6,38,0.62,41
0,2017-07-01,优,20,12,7,14,5,24,0.6,37
1,2017-07-02,优,22,11,6,14,5,30,0.84,43
2,2017-07-03,优,25,42,8,22,10,30,0.9,40
3,2017-07-04,优,38,94,11,32,11,34,0.94,54
4,2017-07-05,优,33,60,11,32,8,36,0.78,40
5,2017-07-06,优,37,95,10,33,8,32,0.75,48
6,2017-07-07,优,31,79,8,28,9,34,0.86,28
7,2017-07-08,优,37,108,9,36,10,36,0.93,33
8,2017-07-09,优,23,16,6,22,8,29,0.79,32
9,2017-07-10,优,28,32,8,19,7,21,0.77,58
10,2017-07-11,优,47,136,12,36,15,31,1.1,70
11,2017-07-12,优,49,117,15,43,15,36,1.03,69
12,2017-07-13,良,56,166,22,56,16,38,1.05,77
13,2017-07-14,良,55,190,19,47,11,35,0.73,77
14,2017-07-15,良,52,202,13,43,13,33,0.72,72
15,2017-07-16,良,71,293,20,53,16,35,0.83,91
16,2017-07-17,良,93,357,30,77,14,48,1.11,107
17,2017-07-18,良,60,214,20,58,14,44,1.12,73
18,2017-07-19,良,54,203,17,49,15,32,1.12,71
19,2017-07-20,良,53,194,12,44,17,38,1.1,77
20,2017-07-21,良,56,223,15,47,16,31,1.06,80
21,2017-07-22,良,76,309,21,54,16,31,1.02,107
22,2017-07-23,良,91,316,30,76,19,42,1.17,116
23,2017-07-24,良,83,304,29,75,18,41,1.06,101
24,2017-07-25,良,92,315,27,62,19,31,1.06,123
25,2017-07-26,良,83,301,41,79,13,25,1.12,121
26,2017-07-27,良,89,317,42,81,15,30,1.08,129
27,2017-07-28,良,89,327,31,64,13,26,1.06,142
28,2017-07-29,良,59,203,22,55,13,28,1.01,76
29,2017-07-30,优,46,89,16,39,10,23,1.0,53
30,2017-07-31,优,42,100,10,39,11,22,0.93,63
0,2017-06-01,轻度污染,110,315,59,111,20,42,1.1,138
1,2017-06-02,轻度污染,122,326,73,120,17,31,1.06,179
2,2017-06-03,轻度污染,106,338,36,96,21,36,0.8,150
3,2017-06-04,良,92,351,24,77,21,35,0.73,128
4,2017-06-05,良,55,225,16,39,13,27,0.62,93
5,2017-06-06,优,40,70,14,27,7,21,0.6,74
6,2017-06-07,良,60,192,18,36,10,33,0.71,105
7,2017-06-08,良,95,307,35,62,13,40,0.93,131
8,2017-06-09,轻度污染,111,338,51,82,16,33,1.09,153
9,2017-06-10,优,26,27,7,13,9,37,0.74,37
10,2017-06-11,良,57,217,14,27,11,25,0.68,111
11,2017-06-12,良,59,237,16,35,11,28,0.7,105
12,2017-06-13,良,54,191,19,40,12,37,0.8,87
13,2017-06-14,良,64,219,31,57,13,41,0.83,96
14,2017-06-15,轻度污染,101,289,41,81,15,46,0.94,144
15,2017-06-16,轻度污染,114,299,34,70,16,44,0.88,164
16,2017-06-17,良,79,212,23,48,13,31,0.78,132
17,2017-06-18,良,73,215,23,48,14,31,0.84,126
18,2017-06-19,优,42,86,15,35,12,30,0.72,72
19,2017-06-20,良,69,258,28,53,13,38,1.02,93
20,2017-06-21,良,75,269,42,80,15,43,1.17,92
21,2017-06-22,优,39,103,21,33,7,31,0.88,55
22,2017-06-23,良,55,201,30,59,9,34,0.98,50
23,2017-06-24,良,58,226,25,52,11,37,1.1,76
24,2017-06-25,良,80,298,34,68,11,33,1.12,121
25,2017-06-26,良,77,261,31,65,11,33,0.94,121
26,2017-06-27,良,69,223,36,72,9,46,1.08,86
27,2017-06-28,良,71,223,48,85,9,50,1.2,81
28,2017-06-29,良,91,294,44,72,9,30,0.86,131
29,2017-06-30,良,52,166,30,54,8,41,0.91,54
0,2017-05-01,良,90,257,39,97,20,59,1.23,104
1,2017-05-02,优,43,33,11,29,10,29,0.81,78
2,2017-05-03,优,43,46,12,35,8,20,0.72,84
3,2017-05-04,优,32,11,12,30,9,26,0.87,51
4,2017-05-05,优,48,52,20,48,9,34,0.91,81
5,2017-05-06,中度污染,179,301,75,281,16,65,1.18,68
6,2017-05-07,中度污染,172,330,89,288,24,73,1.32,104
7,2017-05-08,良,83,245,47,112,12,60,1.1,49
8,2017-05-09,优,50,74,20,49,9,38,0.87,68
9,2017-05-10,良,76,235,31,84,19,63,1.2,83
10,2017-05-11,良,80,228,47,108,34,74,1.65,72
11,2017-05-12,良,66,197,30,48,11,31,0.91,112
12,2017-05-13,良,63,159,17,57,19,38,1.04,103
13,2017-05-14,良,95,311,32,135,22,44,0.77,111
14,2017-05-15,良,80,315,33,108,26,65,0.97,52
15,2017-05-16,良,69,247,20,61,21,48,0.8,96
16,2017-05-17,良,89,276,30,75,14,50,0.83,116
17,2017-05-18,良,93,245,31,68,16,32,0.82,146
18,2017-05-19,良,74,177,35,75,16,34,0.8,120
19,2017-05-20,轻度污染,105,308,43,82,18,40,0.92,146
20,2017-05-20,轻度污染,105,308,43,82,18,40,0.92,146
21,2017-05-21,良,93,283,43,77,14,28,0.82,121
22,2017-05-22,良,55,202,26,52,14,21,0.76,98
23,2017-05-23,良,53,198,33,52,16,35,0.94,47
24,2017-05-24,良,55,185,13,35,14,25,0.96,100
25,2017-05-25,良,80,292,19,53,13,51,0.94,117
26,2017-05-26,轻度污染,114,350,43,105,22,70,1.24,140
27,2017-05-27,轻度污染,127,347,59,118,23,57,1.5,155
28,2017-05-28,轻度污染,109,294,39,95,18,46,1.07,156
29,2017-05-29,良,95,248,30,77,18,32,0.98,146
30,2017-05-30,良,75,197,37,83,22,42,1.23,106
31,2017-05-31,良,90,260,52,95,19,48,1.33,110
0,2017-04-01,轻度污染,109,311,72,112,12,53,1.11,82
1,2017-04-02,良,84,238,54,108,19,78,1.22,65
2,2017-04-03,良,81,190,40,90,21,50,1.01,107
3,2017-04-04,良,73,149,44,90,17,45,1.03,104
4,2017-04-05,良,94,267,69,95,12,57,1.34,54
5,2017-04-06,轻度污染,101,259,75,97,11,55,1.44,38
6,2017-04-07,良,74,203,53,77,12,51,1.33,49
7,2017-04-08,轻度污染,106,317,79,115,13,55,1.68,57
8,2017-04-09,良,55,206,18,40,9,28,0.98,91
9,2017-04-10,优,40,80,16,35,9,36,0.91,58
10,2017-04-11,良,59,192,41,63,10,39,1.06,66
11,2017-04-12,良,75,251,38,88,13,52,1.16,68
12,2017-04-13,良,77,232,37,91,17,56,1.12,91
13,2017-04-14,良,78,238,44,103,24,58,1.53,79
14,2017-04-15,良,89,241,46,118,28,79,1.8,72
15,2017-04-16,轻度污染,101,294,60,128,27,56,1.83,96
16,2017-04-17,良,71,188,31,90,13,26,1.12,82
17,2017-04-18,良,85,239,23,118,18,38,1.12,77
18,2017-04-19,良,85,246,26,109,18,56,0.97,94
19,2017-04-20,良,80,266,33,98,15,36,0.97,93
20,2017-04-21,良,88,327,38,124,16,36,0.92,83
21,2017-04-22,良,69,204,28,67,19,39,1.01,101
22,2017-04-23,良,91,324,37,95,17,52,0.98,107
23,2017-04-23,良,91,324,37,95,17,52,0.98,107
24,2017-04-24,良,86,278,39,96,19,42,0.96,126
25,2017-04-25,良,90,304,56,127,25,73,1.24,76
26,2017-04-26,良,63,236,29,65,14,30,0.83,89
27,2017-04-27,良,67,256,19,61,17,54,0.9,92
28,2017-04-28,良,86,316,28,94,17,61,0.94,104
29,2017-04-29,良,88,266,31,94,24,56,1.25,114
30,2017-04-30,良,87,235,36,94,34,61,1.46,106
0,2017-03-01,轻度污染,104,303,60,145,19,48,1.15,63
1,2017-03-02,良,62,110,32,70,13,39,0.96,60
2,2017-03-03,良,75,155,38,98,22,74,1.18,45
3,2017-03-04,良,100,238,73,140,28,79,1.4,57
4,2017-03-05,良,87,239,64,107,19,51,1.31,72
5,2017-03-06,良,79,276,46,90,15,41,1.03,63
6,2017-03-07,良,78,270,45,104,23,63,1.1,58
7,2017-03-08,良,72,237,40,89,19,49,1.07,62
8,2017-03-09,良,88,261,53,125,28,88,1.36,55
9,2017-03-10,轻度污染,115,315,84,164,27,100,1.45,69
10,2017-03-11,良,74,192,45,82,14,44,1.02,84
11,2017-03-12,良,87,277,63,105,16,50,1.18,75
12,2017-03-13,良,55,191,31,56,9,29,0.9,84
13,2017-03-14,良,52,162,19,51,16,38,0.93,76
14,2017-03-15,良,57,126,24,62,20,53,1.06,75
15,2017-03-16,良,59,133,34,66,16,45,0.96,86
16,2017-03-17,良,78,216,50,90,16,56,1.13,72
17,2017-03-18,良,79,198,56,85,15,57,1.15,50
18,2017-03-19,良,55,111,34,59,18,47,1.17,72
19,2017-03-20,良,58,133,39,52,9,39,1.03,64
20,2017-03-21,良,80,248,56,85,11,35,1.03,109
21,2017-03-22,优,47,106,26,49,13,45,1.04,59
22,2017-03-23,优,43,57,28,43,9,44,0.91,51
23,2017-03-24,良,65,191,46,66,11,60,1.1,52
24,2017-03-25,良,73,216,50,85,10,44,0.99,62
25,2017-03-26,良,79,236,43,104,16,56,1.13,69
26,2017-03-27,良,73,194,37,95,21,71,1.26,59
27,2017-03-28,良,88,265,52,119,26,64,1.32,65
28,2017-03-29,良,84,200,61,98,13,39,1.02,108
29,2017-03-30,良,96,278,71,111,19,59,1.34,53
30,2017-03-31,良,65,206,37,55,12,32,0.93,102
0,2017-02-01,良,59,144,40,53,11,22,0.8,78
1,2017-02-02,良,81,203,53,76,18,26,0.97,92
2,2017-02-03,优,47,75,31,48,10,42,1.02,37
3,2017-02-04,良,84,161,61,92,12,49,1.36,23
4,2017-02-05,轻度污染,125,256,94,121,15,48,1.51,59
5,2017-02-06,轻度污染,116,281,81,115,21,48,1.23,61
6,2017-02-07,优,46,94,21,45,13,29,0.78,66
7,2017-02-08,良,53,187,36,45,8,27,0.82,56
8,2017-02-09,轻度污染,117,332,88,119,18,29,1.22,75
9,2017-02-10,良,71,207,41,76,20,33,0.94,68
10,2017-02-11,良,58,69,34,65,24,52,1.1,56
11,2017-02-12,良,73,108,53,86,25,71,1.33,48
12,2017-02-13,良,86,154,63,100,26,81,1.48,51
13,2017-02-14,轻度污染,108,207,79,125,29,82,1.44,69
14,2017-02-15,良,94,147,70,113,24,62,1.27,85
15,2017-02-16,轻度污染,112,230,82,130,23,80,1.57,53
16,2017-02-17,良,97,238,61,110,14,52,1.21,41
17,2017-02-18,良,63,90,30,73,17,48,1.03,50
18,2017-02-19,良,99,181,69,127,23,54,1.46,54
19,2017-02-20,良,87,211,48,97,14,36,1.16,59
20,2017-02-21,优,50,95,20,52,11,31,0.81,65
21,2017-02-22,良,68,201,49,62,10,34,1.06,38
22,2017-02-23,轻度污染,109,303,81,106,21,52,1.39,55
23,2017-02-24,轻度污染,104,313,77,114,20,77,1.51,48
24,2017-02-25,轻度污染,114,305,85,131,26,87,1.74,51
25,2017-02-26,良,99,276,73,125,28,87,1.63,62
26,2017-02-27,良,92,230,65,106,24,57,1.4,84
27,2017-02-28,良,95,225,70,112,22,57,1.23,92
0,2017-01-01,中度污染,178,247,134,214,36,111,2.01,37
1,2017-01-02,轻度污染,144,193,109,169,23,81,1.68,41
2,2017-01-03,中度污染,169,214,128,193,30,88,2.15,60
3,2017-01-04,重度污染,206,264,159,237,33,92,2.27,21
4,2017-01-05,优,46,50,28,39,12,46,1.06,55
5,2017-01-06,优,34,30,15,26,10,44,0.92,38
6,2017-01-07,优,37,55,22,30,10,45,1.29,17
7,2017-01-08,良,96,233,71,96,13,37,1.44,32
8,2017-01-09,轻度污染,111,273,83,107,20,42,1.47,55
9,2017-01-10,轻度污染,116,269,87,122,26,56,1.45,45
10,2017-01-11,良,97,258,71,112,27,57,1.2,51
11,2017-01-12,良,93,254,68,114,22,56,1.18,47
12,2017-01-13,良,87,235,63,107,17,51,1.16,46
13,2017-01-14,良,63,163,38,71,21,41,0.99,57
14,2017-01-15,优,42,70,15,41,13,39,0.64,49
15,2017-01-16,良,58,118,28,63,20,55,0.81,31
16,2017-01-17,良,65,116,40,75,24,55,1.04,38
17,2017-01-18,良,78,149,56,79,16,57,0.98,29
18,2017-01-19,良,98,185,73,98,14,45,1.07,39
19,2017-01-20,良,71,200,29,93,18,34,0.81,61
20,2017-01-21,良,61,101,30,71,19,57,0.88,42
21,2017-01-22,良,76,166,48,98,25,64,1.0,36
22,2017-01-23,良,64,111,38,75,27,46,1.08,56
23,2017-01-24,良,53,75,29,55,17,39,0.87,62
24,2017-01-25,良,84,116,61,91,22,43,1.2,78
25,2017-01-26,良,93,131,69,100,21,51,1.37,65
26,2017-01-27,轻度污染,103,196,68,116,16,32,1.19,69
27,2017-01-28,良,74,69,46,92,13,21,0.87,79
28,2017-01-29,良,78,163,57,81,11,33,1.17,35
29,2017-01-30,良,54,148,29,52,10,16,0.8,70
30,2017-01-31,优,40,53,14,31,13,19,0.67,75
0,2016-12-01,轻度污染,109,234,79,159,22,75,1.26,48
1,2016-12-02,良,83,157,49,109,23,66,0.89,58
2,2016-12-03,良,80,117,51,108,22,80,1.11,32
3,2016-12-04,轻度污染,110,199,80,150,26,75,1.5,53
4,2016-12-05,轻度污染,133,280,98,181,32,68,1.8,51
5,2016-12-06,良,91,202,65,121,20,55,1.22,43
6,2016-12-07,轻度污染,129,241,97,177,28,89,1.54,42
7,2016-12-08,中度污染,158,276,119,206,41,101,1.89,41
8,2016-12-09,轻度污染,113,219,78,143,24,56,1.14,66
9,2016-12-10,良,51,46,20,53,22,42,0.63,57
10,2016-12-11,良,51,44,22,55,18,41,0.69,67
11,2016-12-12,良,71,111,46,82,18,61,1.04,31
12,2016-12-13,优,43,42,29,44,12,38,0.85,33
13,2016-12-14,优,40,57,19,37,13,28,0.79,59
14,2016-12-15,良,75,176,51,83,21,53,1.09,57
15,2016-12-16,轻度污染,143,289,109,161,28,80,1.71,48
16,2016-12-17,轻度污染,131,238,99,151,25,80,1.46,47
17,2016-12-18,良,100,147,72,126,34,86,1.72,31
18,2016-12-19,轻度污染,123,160,91,165,42,106,1.99,32
19,2016-12-20,轻度污染,134,197,101,139,18,68,1.3,34
20,2016-12-21,优,35,6,21,30,10,42,1.07,43
21,2016-12-22,良,100,255,72,96,13,34,1.58,78
22,2016-12-23,轻度污染,114,273,85,130,19,59,1.7,50
23,2016-12-24,良,84,173,55,96,23,54,1.24,49
24,2016-12-25,优,38,42,20,35,14,49,1.01,40
25,2016-12-26,优,26,9,15,22,10,40,1.07,40
26,2016-12-27,良,56,168,36,52,15,37,1.1,49
27,2016-12-28,良,57,87,30,63,16,51,0.92,53
28,2016-12-29,良,95,224,68,112,21,69,1.34,48
29,2016-12-30,轻度污染,133,264,101,152,25,74,1.59,47
30,2016-12-31,中度污染,157,246,119,203,34,116,2.24,31
0,2016-11-01,优,36,69,12,31,10,30,0.68,58
1,2016-11-02,良,51,130,19,55,18,47,1.02,47
2,2016-11-03,良,72,176,41,92,21,63,1.46,42
3,2016-11-04,良,76,160,46,98,23,68,1.41,36
4,2016-11-05,良,85,146,58,113,31,67,1.92,39
5,2016-11-06,轻度污染,112,219,84,148,32,73,1.72,68
6,2016-11-07,良,65,133,46,77,12,40,1.14,53
7,2016-11-08,优,40,105,21,37,7,21,0.69,60
8,2016-11-09,优,46,162,19,45,11,41,0.69,45
9,2016-11-10,良,51,136,24,53,12,35,0.96,57
10,2016-11-11,良,66,194,33,79,20,55,1.38,34
11,2016-11-12,良,89,237,59,124,27,69,1.73,21
12,2016-11-13,良,94,212,65,126,25,61,2.01,28
13,2016-11-14,轻度污染,121,261,88,163,26,66,2.02,55
14,2016-11-15,良,83,196,32,102,17,45,0.82,70
15,2016-11-16,良,57,89,17,61,16,41,0.89,53
16,2016-11-17,优,47,56,28,46,10,54,1.1,16
17,2016-11-18,良,51,51,32,56,12,50,1.51,15
18,2016-11-19,良,81,182,57,107,14,47,1.96,12
19,2016-11-20,良,51,105,34,54,9,37,1.28,24
20,2016-11-21,优,50,164,30,52,10,41,1.06,24
21,2016-11-22,优,32,75,12,19,7,21,0.75,51
22,2016-11-23,优,49,194,34,40,12,30,0.82,34
23,2016-11-24,良,92,275,68,95,26,58,1.25,27
24,2016-11-25,良,74,178,52,91,22,68,0.99,23
25,2016-11-26,良,67,152,46,65,15,43,0.95,44
26,2016-11-27,良,86,178,54,119,20,61,1.3,35
27,2016-11-28,良,98,230,55,144,22,66,1.18,33
28,2016-11-29,良,51,46,19,55,18,47,0.73,40
29,2016-11-30,良,67,102,40,81,17,53,0.9,38
0,2016-10-01,优,27,14,13,25,9,37,1.23,17
1,2016-10-02,优,38,82,16,34,10,30,1.26,32
2,2016-10-03,优,36,53,12,25,8,26,0.78,68
3,2016-10-04,优,47,107,20,46,11,43,0.81,56
4,2016-10-05,良,90,341,61,97,13,37,1.13,101
5,2016-10-06,良,80,290,45,86,11,25,0.85,105
6,2016-10-07,优,32,20,9,20,9,35,0.94,56
7,2016-10-08,良,53,200,28,49,10,28,1.08,84
8,2016-10-09,优,44,141,11,42,11,29,0.82,76
9,2016-10-10,优,42,98,11,42,11,38,0.82,62
10,2016-10-11,良,54,169,22,56,14,52,1.03,42
11,2016-10-12,良,54,161,33,59,11,54,1.19,47
12,2016-10-13,良,64,203,40,73,13,59,1.15,41
13,2016-10-14,优,40,47,15,43,14,52,1.04,37
14,2016-10-15,优,40,64,16,37,9,39,1.03,51
15,2016-10-16,优,50,80,27,50,10,34,1.19,46
16,2016-10-17,良,54,117,36,60,11,38,1.1,67
17,2016-10-18,良,63,173,37,73,17,47,1.22,65
18,2016-10-19,良,71,193,50,82,13,42,1.3,52
19,2016-10-20,优,48,142,33,49,10,46,1.35,26
20,2016-10-21,优,25,23,8,13,8,33,0.92,42
21,2016-10-22,优,23,19,6,10,8,27,0.77,48
22,2016-10-23,优,30,63,17,27,7,25,0.93,44
23,2016-10-24,良,69,306,42,88,11,40,1.19,32
24,2016-10-25,优,39,89,22,40,10,38,1.1,27
25,2016-10-26,优,35,78,19,30,10,39,1.14,37
26,2016-10-27,优,35,79,16,26,9,36,0.99,48
27,2016-10-28,优,38,116,22,34,10,32,0.99,45
28,2016-10-29,优,36,114,21,34,9,37,0.97,42
29,2016-10-30,优,49,157,22,50,13,40,0.86,46
30,2016-10-31,优,31,28,18,28,8,39,0.88,36
0,2016-09-01,轻度污染,101,350,50,97,20,34,1.14,143
1,2016-09-02,轻度污染,109,353,48,93,16,40,0.9,139
2,2016-09-03,轻度污染,105,322,45,95,16,44,0.9,138
3,2016-09-04,良,94,304,43,92,16,40,0.89,132
4,2016-09-05,轻度污染,115,340,54,107,23,47,1.14,141
5,2016-09-06,良,64,219,31,57,10,25,0.75,103
6,2016-09-07,良,55,186,20,33,8,22,0.75,105
7,2016-09-08,良,81,284,39,69,12,43,0.94,111
8,2016-09-09,轻度污染,110,336,58,102,13,46,0.93,142
9,2016-09-10,良,97,347,55,99,18,42,0.9,127
10,2016-09-11,良,72,278,40,75,14,33,0.73,89
11,2016-09-12,良,89,329,38,74,16,41,0.95,121
12,2016-09-13,良,100,338,48,94,16,42,0.96,119
13,2016-09-14,良,64,205,35,70,15,35,0.93,78
14,2016-09-15,优,32,55,14,24,7,34,0.81,45
15,2016-09-16,优,26,46,4,7,7,17,0.55,54
16,2016-09-17,优,39,109,12,26,7,19,0.64,77
17,2016-09-18,良,57,225,34,58,11,25,0.72,80
18,2016-09-19,良,61,264,15,50,13,27,0.6,104
19,2016-09-20,良,61,222,21,58,18,43,0.71,89
20,2016-09-21,良,58,135,25,64,17,61,0.74,56
21,2016-09-22,良,73,211,29,67,15,47,0.8,87
22,2016-09-23,良,79,228,34,70,15,44,0.67,100
23,2016-09-24,良,93,276,47,85,15,41,0.83,117
24,2016-09-25,良,90,270,49,91,17,41,0.86,120
25,2016-09-26,良,86,279,41,81,14,37,0.78,117
26,2016-09-27,良,65,240,39,79,14,35,0.95,49
27,2016-09-28,优,31,63,7,20,7,17,0.64,61
28,2016-09-29,优,28,40,8,17,7,24,0.7,56
29,2016-09-30,优,34,64,12,17,7,30,0.84,54
0,2016-08-01,优,44,132,11,38,18,17,0.65,75
1,2016-08-02,良,53,206,20,46,13,37,0.81,69
2,2016-08-03,优,35,110,14,28,14,39,0.94,48
3,2016-08-04,优,47,190,27,43,16,40,0.98,55
4,2016-08-05,良,62,271,40,61,21,41,1.06,69
5,2016-08-06,良,60,254,28,48,17,36,0.83,76
6,2016-08-07,优,50,230,23,43,16,22,0.76,75
7,2016-08-08,优,46,190,14,38,17,21,0.65,79
8,2016-08-09,优,44,146,15,42,19,24,0.72,54
9,2016-08-10,优,38,90,16,38,14,26,0.77,44
10,2016-08-11,良,51,201,17,42,15,21,0.74,81
11,2016-08-12,良,51,177,16,40,15,26,0.76,71
12,2016-08-13,优,45,156,11,33,14,20,0.68,83
13,2016-08-14,良,73,323,24,52,18,25,0.76,113
14,2016-08-15,轻度污染,101,363,37,70,17,29,0.79,137
15,2016-08-16,良,87,346,33,73,18,33,0.91,103
16,2016-08-17,良,75,299,30,65,15,28,0.89,100
17,2016-08-18,良,85,326,29,65,14,26,0.82,119
18,2016-08-19,良,86,352,37,77,16,38,0.86,119
19,2016-08-20,良,81,344,49,92,17,41,1.05,92
20,2016-08-21,良,70,280,49,69,9,26,1.28,74
21,2016-08-22,良,62,216,35,60,14,33,0.92,73
22,2016-08-23,良,68,238,27,53,11,27,0.75,98
23,2016-08-24,良,91,316,20,54,16,29,0.8,131
24,2016-08-25,轻度污染,116,359,31,65,17,28,0.88,156
25,2016-08-26,优,47,193,17,43,9,19,0.64,68
26,2016-08-27,良,66,315,18,52,17,27,0.8,111
27,2016-08-28,良,80,321,24,58,17,31,0.8,123
28,2016-08-29,良,69,244,20,53,12,41,0.84,94
29,2016-08-30,良,62,182,17,46,15,42,0.76,93
30,2016-08-31,良,90,303,25,69,14,49,0.79,113
0,2016-07-01,优,21,11,5,11,11,26,0.87,33
1,2016-07-02,优,21,9,10,17,9,29,0.9,37
2,2016-07-03,优,22,24,9,17,11,32,0.91,40
3,2016-07-04,优,24,28,9,14,11,36,0.87,42
4,2016-07-05,优,30,70,14,25,11,42,0.96,32
5,2016-07-06,良,70,281,47,70,15,49,1.48,27
6,2016-07-07,优,45,154,13,24,13,23,0.64,83
7,2016-07-08,优,50,178,25,49,14,26,0.76,54
8,2016-07-09,优,48,170,25,49,12,22,0.65,41
9,2016-07-10,良,61,259,39,65,14,25,0.71,37
10,2016-07-11,良,60,244,39,65,13,26,0.86,24
11,2016-07-12,良,62,263,34,64,13,28,1.05,73
12,2016-07-13,良,84,339,56,93,20,30,1.36,90
13,2016-07-14,良,56,240,38,57,14,40,1.25,42
14,2016-07-15,优,35,73,15,28,12,19,0.99,56
15,2016-07-16,优,49,173,20,35,11,19,0.93,90
16,2016-07-17,良,65,243,33,61,17,29,1.17,84
17,2016-07-18,良,77,283,52,85,19,35,1.29,96
18,2016-07-19,良,59,252,33,62,15,23,0.97,76
19,2016-07-20,优,46,201,15,45,13,22,0.83,63
20,2016-07-21,良,54,240,14,48,20,28,0.94,80
21,2016-07-22,良,63,269,22,57,30,33,1.09,92
22,2016-07-23,良,70,275,27,64,35,34,1.11,91
23,2016-07-24,良,86,326,36,77,24,35,1.11,109
24,2016-07-25,良,93,346,44,84,20,30,1.07,126
25,2016-07-26,良,78,309,43,80,26,35,1.08,100
26,2016-07-27,良,75,283,33,64,16,26,0.88,111
27,2016-07-28,良,87,310,48,85,27,33,1.23,118
28,2016-07-29,良,98,330,45,82,26,36,1.27,133
29,2016-07-30,良,90,320,52,89,16,29,1.0,135
30,2016-07-31,良,61,234,24,48,14,16,0.73,102
0,2016-06-01,良,59,208,26,42,20,29,0.84,92
1,2016-06-02,良,71,267,47,85,21,55,0.85,49
2,2016-06-03,良,55,197,34,58,17,43,0.8,51
3,2016-06-04,优,36,39,13,25,16,25,0.62,71
4,2016-06-05,良,61,182,32,55,15,31,0.74,87
5,2016-06-06,良,68,202,47,78,19,37,0.94,77
6,2016-06-07,轻度污染,129,358,97,141,17,46,1.3,75
7,2016-06-08,良,83,278,59,91,15,37,1.16,28
8,2016-06-09,良,70,218,50,73,15,31,0.91,68
9,2016-06-10,良,77,279,56,83,13,26,0.89,88
10,2016-06-11,轻度污染,123,360,83,124,21,48,1.47,107
11,2016-06-12,良,73,299,34,53,11,30,0.92,98
12,2016-06-13,良,73,269,34,60,18,30,1.11,104
13,2016-06-14,良,80,311,38,70,21,33,1.09,121
14,2016-06-15,良,63,257,35,67,17,31,0.97,101
15,2016-06-16,良,98,338,47,75,16,28,1.13,139
16,2016-06-17,良,97,319,46,86,26,40,1.25,124
17,2016-06-18,良,91,306,44,80,23,28,0.97,123
18,2016-06-19,优,38,104,13,34,20,25,0.78,52
19,2016-06-20,优,38,113,12,34,17,33,0.81,50
20,2016-06-21,优,41,100,23,42,13,40,0.92,29
21,2016-06-22,优,43,114,24,42,13,28,0.89,63
22,2016-06-23,良,61,275,30,56,20,28,0.89,75
23,2016-06-24,优,38,121,11,25,10,25,0.63,70
24,2016-06-25,优,38,99,22,34,9,29,0.78,72
25,2016-06-26,良,76,279,29,49,11,25,0.75,102
26,2016-06-27,优,44,122,18,28,9,36,0.76,58
27,2016-06-28,良,56,187,35,62,10,40,0.88,31
28,2016-06-29,优,45,142,21,45,15,32,0.96,53
29,2016-06-30,优,45,159,16,44,23,32,1.06,51
0,2016-05-01,良,89,242,51,109,20,49,1.08,110
1,2016-05-02,良,56,116,31,65,14,43,1.19,59
2,2016-05-03,良,74,281,19,85,8,22,0.65,99
3,2016-05-04,良,80,261,30,90,19,51,0.94,101
4,2016-05-05,良,63,161,34,75,14,42,0.96,72
5,2016-05-06,良,81,199,45,104,15,40,1.09,73
6,2016-05-07,严重污染,287,366,85,381,18,37,0.81,86
7,2016-05-08,良,68,253,24,84,15,35,0.71,75
8,2016-05-09,良,82,313,58,95,14,53,1.17,33
9,2016-05-10,良,63,187,32,56,12,34,0.78,87
10,2016-05-11,良,88,213,51,95,17,46,1.07,92
11,2016-05-12,良,96,253,52,107,22,38,1.03,126
12,2016-05-13,优,50,85,14,49,11,24,0.57,80
13,2016-05-14,良,84,298,53,93,14,25,1.02,127
14,2016-05-15,优,50,167,29,44,9,25,1.0,64
15,2016-05-16,良,67,215,34,69,9,28,0.76,83
16,2016-05-17,良,96,339,38,77,17,42,1.0,130
17,2016-05-18,良,75,169,23,62,16,31,0.83,121
18,2016-05-19,轻度污染,109,309,50,99,22,37,1.1,144
19,2016-05-20,良,61,174,29,57,13,28,0.83,84
20,2016-05-21,优,47,141,17,25,8,23,0.62,92
21,2016-05-22,良,52,170,17,28,8,22,0.63,99
22,2016-05-23,良,56,168,36,57,11,27,0.98,78
23,2016-05-24,良,86,302,55,98,20,45,1.12,115
24,2016-05-25,良,97,311,58,98,19,49,1.3,105
25,2016-05-26,良,83,315,61,90,16,43,1.3,72
26,2016-05-27,良,68,252,47,60,10,30,0.92,100
27,2016-05-28,良,55,184,37,56,11,32,1.14,45
28,2016-05-29,良,59,174,38,59,12,29,1.22,73
29,2016-05-30,良,74,214,46,76,13,36,1.37,93
30,2016-05-31,轻度污染,136,358,102,140,19,40,2.0,100
0,2016-04-01,良,77,139,50,79,15,41,1.22,83
1,2016-04-02,轻度污染,112,292,84,113,15,62,1.49,38
2,2016-04-03,优,46,72,28,39,8,21,0.81,76
3,2016-04-04,良,53,120,21,57,14,32,0.8,70
4,2016-04-05,良,71,230,41,90,25,52,1.09,51
5,2016-04-06,优,41,83,26,41,11,48,0.95,25
6,2016-04-07,优,44,91,23,44,14,37,1.04,52
7,2016-04-08,良,73,227,44,83,16,49,1.24,71
8,2016-04-09,良,84,255,44,90,16,43,0.92,99
9,2016-04-10,轻度污染,109,309,67,136,23,55,1.11,115
10,2016-04-11,轻度污染,106,317,65,159,30,59,1.2,67
11,2016-04-12,良,68,183,42,84,22,39,0.96,71
12,2016-04-13,轻度污染,107,282,70,134,22,68,1.26,93
13,2016-04-14,轻度污染,127,325,77,162,21,65,1.17,121
14,2016-04-15,良,100,281,50,140,18,37,0.77,120
15,2016-04-16,优,47,83,25,46,10,36,0.78,62
16,2016-04-17,良,66,242,31,81,13,38,0.87,67
17,2016-04-18,良,53,147,25,59,17,35,0.87,88
18,2016-04-19,良,85,313,38,93,17,41,0.77,104
19,2016-04-20,优,46,75,22,41,11,50,0.88,37
20,2016-04-21,良,72,209,50,83,13,34,0.97,89
21,2016-04-22,良,84,235,50,100,32,47,1.19,91
22,2016-04-23,良,77,254,45,66,10,31,0.76,120
23,2016-04-24,良,63,191,38,72,14,33,0.75,102
24,2016-04-25,良,69,205,43,80,12,29,0.84,94
25,2016-04-26,良,53,133,35,60,9,48,0.9,48
26,2016-04-27,良,58,154,27,58,10,29,0.84,99
27,2016-04-28,良,71,210,41,76,12,36,1.0,101
28,2016-04-29,良,97,273,61,128,21,68,1.33,90
29,2016-04-30,良,89,245,54,115,24,50,1.13,108
0,2016-03-01,良,77,155,51,96,19,38,0.96,74
1,2016-03-02,轻度污染,139,307,105,187,26,91,1.47,42
2,2016-03-03,中度污染,192,344,145,233,27,111,1.92,27
3,2016-03-04,中度污染,188,310,143,226,30,103,2.08,38
4,2016-03-05,中度污染,189,296,147,215,20,64,1.59,55
5,2016-03-06,轻度污染,147,243,110,177,14,47,1.28,42
6,2016-03-07,中度污染,197,338,152,232,14,58,1.52,43
7,2016-03-08,良,59,184,21,64,9,25,1.1,68
8,2016-03-09,优,39,109,12,34,7,18,0.67,72
9,2016-03-10,良,60,259,32,70,18,36,1.03,66
10,2016-03-11,良,84,287,59,106,24,59,0.93,51
11,2016-03-12,轻度污染,112,306,83,140,25,49,1.02,81
12,2016-03-13,轻度污染,138,332,104,165,20,53,1.2,61
13,2016-03-14,轻度污染,130,329,98,157,18,61,1.2,63
14,2016-03-15,轻度污染,125,289,87,145,18,37,1.19,72
15,2016-03-16,良,87,178,60,118,25,68,1.24,66
16,2016-03-17,轻度污染,109,213,82,140,27,74,1.37,44
17,2016-03-18,中度污染,170,311,129,204,28,85,1.63,25
18,2016-03-19,中度污染,193,337,148,191,17,65,1.42,53
19,2016-03-20,良,98,237,65,118,18,40,1.06,75
20,2016-03-21,良,81,198,55,108,23,53,0.99,85
21,2016-03-22,良,88,244,61,110,17,46,0.95,60
22,2016-03-23,良,72,269,39,87,12,39,0.8,71
23,2016-03-24,良,52,147,15,52,12,32,0.67,74
24,2016-03-25,良,73,268,35,94,20,52,0.83,64
25,2016-03-26,良,77,235,47,95,17,43,1.0,75
26,2016-03-27,良,89,276,64,107,13,42,1.0,84
27,2016-03-28,良,95,271,62,127,30,71,1.29,70
28,2016-03-29,良,84,204,53,116,42,80,1.57,42
29,2016-03-30,良,77,161,54,99,31,60,1.47,50
30,2016-03-31,良,81,183,59,81,13,49,1.3,60
0,2016-02-01,轻度污染,129,321,97,127,29,42,1.61,41
1,2016-02-02,轻度污染,145,326,110,152,27,62,1.66,43
2,2016-02-03,中度污染,154,319,116,166,25,75,1.83,47
3,2016-02-04,轻度污染,127,277,95,136,29,76,1.8,37
4,2016-02-05,轻度污染,142,321,107,149,30,61,1.9,69
5,2016-02-06,轻度污染,134,354,97,144,25,38,1.72,64
6,2016-02-07,良,86,197,58,116,28,34,1.48,77
7,2016-02-08,轻度污染,125,132,93,161,39,44,1.6,72
8,2016-02-09,轻度污染,108,259,80,120,30,48,1.66,74
9,2016-02-10,良,78,194,53,80,15,32,1.33,93
10,2016-02-11,优,46,59,27,50,11,35,1.17,48
11,2016-02-12,良,95,235,70,98,14,48,1.71,16
12,2016-02-13,良,94,339,69,86,10,28,1.91,26
13,2016-02-14,优,41,186,19,33,12,15,0.9,74
14,2016-02-15,优,42,150,13,32,16,17,0.84,81
15,2016-02-16,优,43,106,19,41,15,26,0.88,73
16,2016-02-17,良,57,154,33,63,20,53,1.24,54
17,2016-02-18,良,69,155,46,81,24,65,1.36,49
18,2016-02-19,轻度污染,115,271,86,134,35,84,1.55,40
19,2016-02-20,轻度污染,123,318,56,193,25,36,1.06,67
20,2016-02-21,轻度污染,112,291,59,172,21,49,1.13,55
21,2016-02-22,良,67,132,46,79,8,41,1.04,56
22,2016-02-23,轻度污染,127,313,96,144,10,35,1.17,62
23,2016-02-24,轻度污染,105,297,77,126,18,43,1.08,69
24,2016-02-25,良,92,249,67,115,16,56,1.05,63
25,2016-02-26,轻度污染,115,305,83,156,22,64,1.13,57
26,2016-02-27,良,77,210,39,102,23,47,1.17,55
27,2016-02-28,轻度污染,124,316,85,139,16,42,1.11,69
28,2016-02-29,轻度污染,120,330,90,131,15,44,0.94,69
0,2016-01-01,中度污染,169,284,128,183,29,81,1.57,36
1,2016-01-02,中度污染,185,280,143,222,47,99,2.05,22
2,2016-01-03,轻度污染,140,204,106,169,38,86,1.98,24
3,2016-01-04,重度污染,231,321,184,255,30,79,2.05,26
4,2016-01-05,优,48,80,27,42,10,37,0.91,53
5,2016-01-06,良,59,125,37,69,18,50,0.94,35
6,2016-01-07,轻度污染,108,264,80,115,19,53,1.29,24
7,2016-01-08,轻度污染,111,270,83,123,25,66,1.39,38
8,2016-01-09,中度污染,162,285,122,182,38,82,1.59,39
9,2016-01-10,中度污染,191,298,145,207,42,83,1.73,40
10,2016-01-11,轻度污染,120,304,90,114,16,48,1.25,54
11,2016-01-12,优,46,103,29,46,12,35,0.83,42
12,2016-01-13,轻度污染,115,275,86,116,21,42,1.15,42
13,2016-01-14,中度污染,156,306,118,174,34,75,1.97,19
14,2016-01-15,轻度污染,121,243,91,155,31,74,1.85,34
15,2016-01-16,轻度污染,133,258,100,158,40,90,1.69,32
16,2016-01-17,轻度污染,149,302,116,161,31,60,1.53,63
17,2016-01-18,中度污染,171,324,133,190,22,49,1.4,29
18,2016-01-19,轻度污染,128,269,96,150,33,64,1.34,34
19,2016-01-20,良,81,189,50,97,33,52,0.9,33
20,2016-01-21,优,36,56,23,35,12,38,0.77,36
21,2016-01-22,良,90,274,66,87,18,43,1.14,40
22,2016-01-23,良,81,302,53,79,22,25,1.07,54
23,2016-01-24,良,66,251,18,80,20,18,0.72,58
24,2016-01-25,良,63,170,19,74,16,33,0.84,46
25,2016-01-26,良,79,230,40,105,29,64,1.38,29
26,2016-01-27,良,95,226,65,131,32,81,1.62,18
27,2016-01-28,良,81,182,59,79,15,65,1.48,11
28,2016-01-29,优,44,96,30,41,10,32,1.0,62
29,2016-01-30,良,70,178,48,80,17,39,1.11,46
30,2016-01-31,良,68,194,47,72,16,35,1.07,38
0,2015-12-01,轻度污染,141,284,107,165,30,77,1.47,27
1,2015-12-02,轻度污染,104,272,67,127,21,40,1.03,40
2,2015-12-03,良,100,338,46,148,16,43,0.78,36
3,2015-12-04,良,67,232,32,82,18,53,0.74,24
4,2015-12-05,轻度污染,102,267,74,139,32,82,1.06,11
5,2015-12-06,轻度污染,133,306,100,159,26,79,1.18,26
6,2015-12-07,中度污染,155,284,118,187,34,108,1.61,15
7,2015-12-08,良,75,167,54,86,28,60,1.23,44
8,2015-12-09,良,76,168,55,83,15,67,1.0,16
9,2015-12-10,轻度污染,143,285,108,140,16,59,1.16,18
10,2015-12-11,中度污染,160,309,121,153,18,47,1.16,33
11,2015-12-12,良,59,121,39,64,15,55,0.64,34
12,2015-12-13,良,93,221,69,98,17,54,0.92,26
13,2015-12-14,中度污染,189,300,144,192,32,63,1.28,52
14,2015-12-15,重度污染,204,342,160,218,41,57,1.41,39
15,2015-12-16,良,81,318,47,98,28,41,0.75,34
16,2015-12-17,良,58,180,29,64,24,44,0.66,30
17,2015-12-18,良,75,192,51,96,30,72,0.89,22
18,2015-12-19,良,95,216,70,114,34,77,1.07,18
19,2015-12-20,中度污染,162,289,122,155,18,74,1.27,14
20,2015-12-21,中度污染,192,270,150,191,21,71,1.4,43
21,2015-12-22,重度污染,244,309,193,249,25,91,1.69,15
22,2015-12-23,重度污染,214,271,169,215,15,57,1.7,13
23,2015-12-24,良,99,201,74,96,13,56,1.36,18
24,2015-12-25,中度污染,163,281,126,162,28,51,1.5,47
25,2015-12-26,中度污染,160,311,121,181,43,83,2.12,25
26,2015-12-27,轻度污染,101,258,69,116,17,50,1.08,33
27,2015-12-28,良,56,87,30,66,17,59,0.8,24
28,2015-12-29,轻度污染,102,177,76,132,27,68,1.27,28
29,2015-12-30,中度污染,164,258,125,197,31,80,1.55,30
30,2015-12-31,重度污染,221,334,173,253,31,87,1.62,29
0,2015-11-01,良,75,246,48,92,18,51,0.64,74
1,2015-11-02,轻度污染,104,266,76,137,18,84,0.95,49
2,2015-11-03,轻度污染,117,266,87,141,24,62,0.92,85
3,2015-11-04,良,92,198,67,105,19,57,0.87,41
4,2015-11-05,良,98,259,72,112,16,60,1.18,21
5,2015-11-06,良,79,280,54,87,16,58,1.21,26
6,2015-11-07,优,31,36,18,30,7,31,0.96,9
7,2015-11-08,良,77,235,56,72,10,39,1.1,11
8,2015-11-09,轻度污染,103,273,77,103,11,43,1.07,32
9,2015-11-10,良,85,226,62,89,15,49,0.83,53
10,2015-11-11,良,60,150,35,67,15,57,0.59,40
11,2015-11-12,良,56,141,37,56,13,56,0.84,24
12,2015-11-13,良,52,147,37,48,7,30,1.0,50
13,2015-11-14,中度污染,190,347,145,189,21,47,1.54,63
14,2015-11-15,中度污染,159,336,120,166,27,53,1.7,62
15,2015-11-16,良,90,292,66,86,11,46,1.51,36
16,2015-11-17,良,78,280,57,78,10,43,1.37,33
17,2015-11-18,良,55,208,38,56,8,37,0.97,40
18,2015-11-19,良,58,180,40,62,13,57,0.73,18
19,2015-11-20,良,75,238,52,96,18,68,0.88,15
20,2015-11-21,良,78,286,57,86,15,64,1.13,19
21,2015-11-22,良,52,205,35,54,8,46,1.16,28
22,2015-11-23,优,28,25,18,26,7,39,1.27,12
23,2015-11-24,优,22,26,10,14,6,34,0.65,40
24,2015-11-25,良,58,224,42,51,8,31,0.64,40
25,2015-11-26,良,68,263,48,62,18,29,0.75,54
26,2015-11-27,良,51,101,33,55,22,45,0.77,44
27,2015-11-28,良,87,203,63,113,37,81,1.41,19
28,2015-11-29,轻度污染,120,261,89,155,50,94,2.16,17
29,2015-11-30,良,88,192,62,116,24,76,1.78,17
0,2015-10-01,良,55,177,16,70,9,26,0.52,60
1,2015-10-02,良,84,277,35,116,15,60,0.75,66
2,2015-10-03,良,97,285,60,141,27,95,1.09,62
3,2015-10-04,良,94,275,64,117,22,58,0.95,75
4,2015-10-05,良,53,147,27,52,14,35,0.65,79
5,2015-10-06,优,49,126,26,49,15,41,0.79,48
6,2015-10-07,优,35,49,15,26,8,32,0.62,61
7,2015-10-08,优,36,62,14,24,8,40,0.53,67
8,2015-10-09,良,73,296,41,95,19,48,0.84,63
9,2015-10-10,良,78,306,43,103,21,57,0.86,70
10,2015-10-11,良,72,249,36,91,23,63,0.76,57
11,2015-10-12,良,89,283,53,122,22,78,1.01,65
12,2015-10-13,轻度污染,109,295,77,165,42,112,1.73,61
13,2015-10-14,轻度污染,119,268,83,164,31,96,1.33,95
14,2015-10-15,中度污染,161,330,121,201,39,94,1.41,83
15,2015-10-16,中度污染,190,332,147,245,36,106,1.76,92
16,2015-10-17,轻度污染,120,272,78,135,21,68,1.01,89
17,2015-10-18,良,74,186,45,91,22,69,0.9,74
18,2015-10-19,良,75,144,44,82,18,53,0.79,86
19,2015-10-20,良,80,153,54,101,22,59,0.89,67
20,2015-10-21,良,73,156,45,94,20,54,0.87,57
21,2015-10-22,轻度污染,101,257,75,124,16,55,0.92,77
22,2015-10-23,轻度污染,132,316,98,154,15,51,1.14,92
23,2015-10-24,轻度污染,107,279,79,148,26,70,1.1,65
24,2015-10-25,轻度污染,113,311,81,132,14,35,1.02,78
25,2015-10-26,良,69,190,46,85,15,39,1.02,49
26,2015-10-27,良,85,331,50,96,11,33,0.69,51
27,2015-10-28,良,91,297,44,130,23,74,0.95,18
28,2015-10-29,良,94,322,69,126,30,71,1.01,41
29,2015-10-30,良,61,219,29,70,16,38,0.55,66
30,2015-10-31,优,50,169,22,53,16,43,0.47,69
0,2015-09-01,良,92,336,60,98,14,41,1.08,100
1,2015-09-02,良,70,270,28,56,10,30,0.81,110
2,2015-09-03,良,79,313,37,66,11,37,0.82,106
3,2015-09-04,良,94,333,59,99,17,37,1.09,127
4,2015-09-05,良,57,268,27,39,8,20,0.9,94
5,2015-09-06,良,57,243,28,45,13,26,0.86,96
6,2015-09-07,优,49,137,14,30,10,28,0.61,87
7,2015-09-08,良,52,142,15,45,15,47,0.58,68
8,2015-09-09,良,54,178,16,43,15,43,0.62,89
9,2015-09-10,良,65,251,17,48,13,46,0.55,96
10,2015-09-11,良,64,255,29,69,19,48,0.78,71
11,2015-09-12,良,63,260,38,65,14,27,0.87,80
12,2015-09-13,良,63,251,20,61,18,46,0.62,79
13,2015-09-14,良,65,212,20,59,16,40,0.62,90
14,2015-09-15,优,50,96,21,49,11,40,0.63,71
15,2015-09-16,优,49,87,15,37,11,48,0.58,68
16,2015-09-17,良,63,166,24,62,15,66,0.64,69
17,2015-09-18,良,68,183,33,76,16,63,0.73,78
18,2015-09-19,良,78,260,45,105,25,77,1.02,29
19,2015-09-20,良,70,240,35,76,16,50,0.81,97
20,2015-09-21,良,92,287,63,112,23,51,1.02,93
21,2015-09-22,良,63,232,36,74,17,44,0.71,70
22,2015-09-23,优,50,158,29,44,11,38,0.74,73
23,2015-09-24,优,50,171,21,43,9,45,0.6,68
24,2015-09-25,优,41,99,21,40,10,46,0.63,47
25,2015-09-26,良,70,274,45,82,16,54,0.86,75
26,2015-09-27,良,73,263,34,68,14,44,0.72,91
27,2015-09-28,良,61,226,19,54,14,38,0.55,96
28,2015-09-29,优,47,145,17,41,9,33,0.58,84
29,2015-09-30,优,46,153,25,42,9,39,0.74,37
0,2015-08-01,良,65,258,25,66,22,40,0.74,77
1,2015-08-02,良,73,297,27,74,24,40,0.79,88
2,2015-08-03,良,71,316,28,75,25,37,0.98,90
3,2015-08-04,良,72,320,26,66,22,35,0.98,95
4,2015-08-05,良,84,309,37,89,26,45,0.88,94
5,2015-08-06,良,84,341,34,80,12,41,0.63,103
6,2015-08-07,优,44,103,17,41,7,23,0.4,52
7,2015-08-08,优,38,102,13,36,8,26,0.49,40
8,2015-08-09,优,30,56,10,29,8,23,0.41,24
9,2015-08-10,优,20,6,8,14,5,25,0.48,30
10,2015-08-11,优,25,12,7,12,6,19,0.48,53
11,2015-08-12,良,66,243,33,61,11,42,0.69,94
12,2015-08-13,良,65,185,37,68,8,54,0.67,67
13,2015-08-14,轻度污染,102,319,47,84,15,48,0.8,121
14,2015-08-15,良,92,330,45,81,13,35,0.68,125
15,2015-08-16,良,67,218,31,55,9,34,0.62,98
16,2015-08-17,良,76,223,31,65,14,35,0.73,103
17,2015-08-18,良,81,255,44,83,16,36,0.84,99
18,2015-08-19,良,72,301,44,83,17,37,0.87,94
19,2015-08-20,优,34,33,16,27,7,27,0.59,56
20,2015-08-21,优,42,58,22,40,8,35,0.64,61
21,2015-08-22,良,58,160,31,59,11,44,0.86,61
22,2015-08-23,良,61,189,23,50,13,40,0.66,81
23,2015-08-24,优,45,102,13,28,8,25,0.5,80
24,2015-08-25,良,67,236,32,61,11,26,0.76,110
25,2015-08-26,良,87,283,51,84,9,32,0.76,116
26,2015-08-27,良,74,233,38,72,8,43,0.76,97
27,2015-08-28,轻度污染,103,333,48,91,14,59,0.98,107
28,2015-08-29,轻度污染,111,352,63,105,16,45,1.04,122
29,2015-08-30,轻度污染,105,341,63,100,18,41,1.08,126
30,2015-08-31,良,86,312,58,98,16,61,1.19,81
0,2015-07-01,良,58,232,31,51,7,34,0.69,100
1,2015-07-02,良,92,336,52,85,11,55,0.99,72
2,2015-07-03,轻度污染,137,359,101,145,13,42,0.97,138
3,2015-07-04,良,88,311,48,73,8,25,0.64,119
4,2015-07-05,良,69,260,27,48,8,22,0.49,118
5,2015-07-06,优,42,78,18,31,6,35,0.49,66
6,2015-07-07,优,50,128,28,47,8,33,0.61,79
7,2015-07-08,良,59,169,39,65,9,46,0.68,41
8,2015-07-09,优,46,86,28,47,6,32,0.59,67
9,2015-07-10,优,49,131,27,51,6,22,0.53,39
10,2015-07-11,优,29,32,10,24,5,14,0.43,48
11,2015-07-12,优,31,28,11,25,6,14,0.56,67
12,2015-07-13,良,67,138,38,67,7,30,0.79,93
13,2015-07-14,轻度污染,110,315,68,117,11,50,0.97,108
14,2015-07-15,轻度污染,111,336,72,123,16,40,0.86,119
15,2015-07-16,良,77,287,54,95,14,37,0.76,75
16,2015-07-17,优,43,69,26,43,9,38,0.75,17
17,2015-07-18,优,39,45,22,39,6,28,0.74,35
18,2015-07-19,优,34,21,18,33,6,37,0.71,23
19,2015-07-20,良,63,190,42,71,10,39,0.69,27
20,2015-07-21,良,74,267,52,89,11,47,0.68,54
21,2015-07-22,良,91,320,66,108,17,48,0.8,65
22,2015-07-23,良,73,295,51,88,14,52,0.74,47
23,2015-07-24,优,47,137,28,47,7,35,0.74,38
24,2015-07-25,优,39,77,20,38,11,45,0.93,30
25,2015-07-26,优,38,63,16,37,11,30,0.66,38
26,2015-07-27,良,53,149,20,51,21,32,0.76,60
27,2015-07-28,良,55,182,20,56,29,35,0.8,67
28,2015-07-29,良,57,197,21,56,25,31,0.72,75
29,2015-07-30,良,60,249,22,63,25,33,0.67,68
30,2015-07-31,良,57,251,18,53,21,34,0.61,76
0,2015-06-01,轻度污染,135,332,100,135,15,46,1.1,105
1,2015-06-02,轻度污染,125,347,95,113,11,46,1.21,50
2,2015-06-03,优,47,135,25,46,10,36,0.55,65
3,2015-06-04,优,40,67,13,32,10,40,0.46,71
4,2015-06-05,良,64,205,34,68,12,39,0.68,103
5,2015-06-06,良,91,273,49,103,27,45,0.96,111
6,2015-06-07,良,83,291,57,97,22,45,0.84,83
7,2015-06-08,轻度污染,108,347,76,106,22,39,0.97,86
8,2015-06-09,良,77,239,49,80,24,45,1.06,86
9,2015-06-10,良,72,227,46,73,17,40,0.84,62
10,2015-06-11,轻度污染,101,337,44,145,13,34,0.67,95
11,2015-06-12,良,96,314,37,118,21,46,0.83,112
12,2015-06-13,良,79,284,42,101,31,37,1.06,99
13,2015-06-14,轻度污染,109,343,45,98,18,37,0.84,140
14,2015-06-15,良,90,283,64,105,17,34,0.94,94
15,2015-06-16,良,68,209,45,59,7,36,0.98,82
16,2015-06-17,优,32,37,11,16,6,41,0.77,59
17,2015-06-18,良,63,226,27,45,9,39,0.61,98
18,2015-06-19,良,76,281,42,67,14,35,0.78,101
19,2015-06-20,良,86,321,56,84,16,33,0.8,110
20,2015-06-21,良,98,330,72,99,13,37,0.9,77
21,2015-06-22,良,66,215,45,65,11,28,0.77,102
22,2015-06-23,良,98,314,72,107,17,42,1.1,51
23,2015-06-24,轻度污染,109,349,81,126,11,46,1.18,31
24,2015-06-25,良,69,294,43,76,11,31,0.77,49
25,2015-06-26,优,34,57,19,28,5,35,0.98,50
26,2015-06-27,优,25,13,7,8,6,37,0.78,52
27,2015-06-28,优,36,75,9,12,5,28,0.63,74
28,2015-06-29,优,37,75,20,33,5,34,0.75,50
29,2015-06-30,良,52,206,33,54,8,31,0.71,46
0,2015-05-01,轻度污染,121,339,73,112,20,42,0.92,132
1,2015-05-02,良,66,232,43,62,10,31,0.83,77
2,2015-05-03,良,70,207,49,67,13,37,0.74,87
3,2015-05-04,轻度污染,101,320,62,119,20,61,0.9,62
4,2015-05-05,良,81,226,31,83,26,50,0.72,98
5,2015-05-06,轻度污染,101,274,67,133,35,86,1.21,60
6,2015-05-07,轻度污染,148,351,111,170,32,68,1.55,80
7,2015-05-08,轻度污染,108,343,81,108,16,61,1.08,73
8,2015-05-09,良,67,231,47,70,12,37,0.68,71
9,2015-05-10,良,70,225,38,65,12,32,0.67,99
10,2015-05-11,良,56,197,32,59,9,29,0.68,58
11,2015-05-12,良,71,239,23,90,12,30,0.62,81
12,2015-05-13,良,68,157,26,84,28,41,0.78,78
13,2015-05-14,良,60,127,30,64,24,37,1.08,78
14,2015-05-15,优,49,102,26,50,11,38,0.76,56
15,2015-05-16,良,77,228,38,80,12,38,0.66,107
16,2015-05-17,良,82,214,49,89,20,44,0.71,108
17,2015-05-18,良,88,262,64,91,10,51,1.15,55
18,2015-05-19,轻度污染,112,314,80,111,13,41,1.23,87
19,2015-05-20,良,89,300,43,90,12,46,0.81,91
20,2015-05-21,良,71,231,25,67,18,44,0.66,102
21,2015-05-22,良,73,204,41,82,23,42,0.84,101
22,2015-05-23,良,92,269,68,115,28,60,1.15,75
23,2015-05-24,轻度污染,115,305,76,126,23,64,1.11,89
24,2015-05-25,良,98,243,61,102,19,44,0.91,116
25,2015-05-26,良,78,194,49,83,17,35,0.75,96
26,2015-05-27,良,87,228,63,91,18,58,0.96,44
27,2015-05-28,轻度污染,114,304,85,128,14,49,0.78,25
28,2015-05-29,良,63,216,45,65,16,45,0.94,20
29,2015-05-30,优,46,80,29,45,7,34,0.77,43
30,2015-05-31,良,66,170,33,62,15,51,0.69,73
0,2015-04-01,轻度污染,111,327,81,133,24,62,1.11,48
1,2015-04-02,良,77,290,53,81,11,42,1.07,31
2,2015-04-03,良,93,299,69,89,13,42,1.1,50
3,2015-04-04,良,68,189,49,66,9,47,1.02,47
4,2015-04-05,良,67,186,47,60,8,39,0.89,52
5,2015-04-06,良,69,241,44,66,6,32,0.67,77
6,2015-04-07,优,46,153,20,44,9,32,0.48,61
7,2015-04-08,良,65,232,46,71,15,52,0.84,63
8,2015-04-09,良,86,293,61,94,21,57,0.95,73
9,2015-04-10,良,87,269,62,106,23,87,1.0,68
10,2015-04-11,良,84,248,59,103,27,64,1.04,73
11,2015-04-12,良,79,259,51,93,22,45,0.83,84
12,2015-04-13,良,59,119,30,66,9,26,0.68,67
13,2015-04-14,良,72,157,45,71,11,26,0.7,98
14,2015-04-15,良,75,120,42,98,42,75,1.24,58
15,2015-04-16,良,87,148,48,122,28,53,1.0,64
16,2015-04-17,轻度污染,112,255,38,172,18,37,0.74,96
17,2015-04-18,轻度污染,109,284,67,161,24,83,1.14,45
18,2015-04-19,优,50,94,33,51,11,40,0.93,40
19,2015-04-20,良,63,196,40,75,10,37,0.75,83
20,2015-04-21,良,74,230,39,89,15,73,0.8,64
21,2015-04-22,良,83,271,51,111,28,93,1.23,51
22,2015-04-23,轻度污染,102,298,55,112,24,71,0.96,106
23,2015-04-24,轻度污染,104,297,71,151,31,112,1.13,64
24,2015-04-25,轻度污染,120,303,74,150,28,104,1.31,91
25,2015-04-26,轻度污染,103,282,53,112,28,61,0.76,123
26,2015-04-27,良,79,170,46,99,33,53,0.97,86
27,2015-04-28,良,90,266,60,100,26,37,0.98,86
28,2015-04-29,良,52,68,30,48,11,36,0.67,65
29,2015-04-30,良,63,79,28,60,12,51,0.69,75
0,2015-03-01,良,67,207,48,68,11,27,0.83,60
1,2015-03-02,良,83,223,60,87,16,48,1.05,51
2,2015-03-03,轻度污染,102,275,72,136,20,44,1.17,47
3,2015-03-04,良,61,208,22,71,14,31,0.68,55
4,2015-03-05,良,52,138,20,54,13,29,0.62,49
5,2015-03-06,良,52,110,33,52,14,34,0.68,42
6,2015-03-07,良,79,201,57,81,13,41,1.02,35
7,2015-03-08,良,69,169,49,71,16,45,0.99,36
8,2015-03-09,良,84,246,60,83,8,30,0.94,42
9,2015-03-10,良,55,129,22,58,14,32,0.85,55
10,2015-03-11,良,72,193,47,91,27,62,1.2,40
11,2015-03-12,轻度污染,106,267,78,148,57,64,1.76,63
12,2015-03-13,轻度污染,102,251,74,139,38,80,1.87,33
13,2015-03-14,中度污染,182,345,140,196,25,72,1.74,35
14,2015-03-15,轻度污染,128,270,96,122,12,40,1.42,57
15,2015-03-16,良,77,146,56,77,9,40,1.27,40
16,2015-03-17,良,76,186,55,75,12,47,1.4,14
17,2015-03-18,优,26,10,14,20,6,32,1.01,49
18,2015-03-19,良,99,268,74,109,15,51,1.36,52
19,2015-03-20,良,80,194,58,81,10,56,0.98,51
20,2015-03-21,良,88,221,62,104,13,54,1.31,49
21,2015-03-22,轻度污染,107,258,75,146,25,64,1.68,63
22,2015-03-23,良,95,307,35,137,28,59,0.9,36
23,2015-03-24,良,63,167,27,74,22,49,0.78,45
24,2015-03-25,良,65,172,29,75,19,42,0.67,80
25,2015-03-26,良,58,135,28,63,16,46,0.65,73
26,2015-03-27,良,80,201,57,85,20,55,0.97,50
27,2015-03-28,良,87,196,63,96,21,63,1.17,52
28,2015-03-29,轻度污染,102,220,75,132,23,71,1.19,88
29,2015-03-30,良,98,248,72,109,25,46,0.98,93
30,2015-03-31,良,87,242,58,100,29,59,1.18,48
0,2015-02-01,良,54,78,29,58,19,42,0.7,27
1,2015-02-02,良,93,181,69,106,20,55,0.96,7
2,2015-02-03,轻度污染,114,206,85,125,20,50,1.0,12
3,2015-02-04,中度污染,189,321,145,188,41,51,1.43,42
4,2015-02-05,良,82,182,52,101,34,48,1.13,34
5,2015-02-06,良,80,116,55,107,30,72,1.29,23
6,2015-02-07,轻度污染,106,217,79,136,39,74,1.53,30
7,2015-02-08,良,79,197,38,99,17,32,0.86,44
8,2015-02-09,良,63,100,33,74,18,53,0.77,33
9,2015-02-10,良,71,87,45,91,32,76,1.27,20
10,2015-02-11,良,100,171,72,139,41,60,1.32,52
11,2015-02-12,重度污染,209,342,162,249,71,74,1.84,47
12,2015-02-13,中度污染,172,306,133,196,30,60,1.58,58
13,2015-02-14,轻度污染,142,246,107,160,22,61,1.56,61
14,2015-02-15,良,87,145,64,82,12,40,1.34,44
15,2015-02-16,轻度污染,132,250,99,130,11,29,1.62,64
16,2015-02-17,重度污染,202,355,157,238,15,39,1.68,76
17,2015-02-18,良,94,206,65,122,16,31,1.12,69
18,2015-02-19,优,49,24,29,50,14,18,0.77,79
19,2015-02-20,优,32,6,18,30,6,24,0.83,47
20,2015-02-21,良,66,175,47,56,5,19,0.98,27
21,2015-02-22,中度污染,162,308,123,148,16,29,1.3,45
22,2015-02-23,轻度污染,115,315,85,124,12,29,1.34,52
23,2015-02-24,良,88,239,63,109,9,25,1.24,53
24,2015-02-25,良,60,162,42,60,6,38,1.13,35
25,2015-02-26,轻度污染,118,326,87,133,12,39,1.21,41
26,2015-02-27,优,47,159,27,49,10,28,0.81,60
27,2015-02-28,优,27,38,14,24,5,28,0.54,47
0,2015-01-01,良,78,184,37,104,38,47,0.93,21
1,2015-01-02,良,99,399,66,146,51,71,1.37,10
2,2015-01-03,轻度污染,140,239,105,189,56,83,1.6,10
3,2015-01-04,中度污染,160,211,121,205,52,98,1.86,27
4,2015-01-05,重度污染,210,294,161,249,56,110,2.13,5
5,2015-01-06,中度污染,156,370,114,175,27,43,1.35,21
6,2015-01-07,良,76,169,46,99,21,42,0.84,29
7,2015-01-08,轻度污染,132,276,99,181,39,80,1.49,18
8,2015-01-09,中度污染,164,281,124,214,53,98,2.06,21
9,2015-01-10,中度污染,159,260,120,202,38,107,1.9,23
10,2015-01-11,中度污染,170,295,130,209,50,100,1.97,28
11,2015-01-12,良,70,142,41,81,21,46,0.72,22
12,2015-01-13,良,68,140,44,72,20,55,0.84,13
13,2015-01-14,良,52,81,36,51,7,42,0.61,20
14,2015-01-15,良,67,96,48,68,7,37,0.75,33
15,2015-01-16,轻度污染,134,230,101,146,20,52,1.12,31
16,2015-01-17,轻度污染,134,264,101,160,26,53,1.32,32
17,2015-01-18,轻度污染,107,192,79,137,26,58,1.12,35
18,2015-01-19,轻度污染,117,263,69,178,27,80,1.17,19
19,2015-01-20,轻度污染,109,227,74,165,34,77,1.18,24
20,2015-01-21,中度污染,159,316,121,209,33,70,1.51,22
21,2015-01-22,中度污染,157,311,118,166,35,58,1.64,22
22,2015-01-23,中度污染,165,275,125,183,33,83,1.53,16
23,2015-01-24,重度污染,240,339,189,275,46,118,2.06,7
24,2015-01-25,重度污染,234,325,184,239,21,71,1.8,6
25,2015-01-26,严重污染,281,346,230,282,18,60,2.04,7
26,2015-01-27,轻度污染,111,284,79,101,12,32,0.85,32
27,2015-01-28,良,51,157,33,49,8,35,0.51,24
28,2015-01-29,优,46,84,32,39,6,39,0.73,26
29,2015-01-30,轻度污染,122,311,91,114,25,44,1.09,29
30,2015-01-31,良,60,125,37,65,16,41,0.78,32
0,2014-12-01,轻度污染,113,181,33,173,22,34,0.66,30
1,2014-12-02,良,75,128,19,98,18,43,0.43,19
2,2014-12-03,良,83,122,57,113,22,66,1.1,5
3,2014-12-04,良,92,147,61,133,31,47,0.83,22
4,2014-12-05,良,90,128,60,128,33,61,1.19,18
5,2014-12-06,良,80,84,51,108,27,68,1.16,17
6,2014-12-07,轻度污染,126,154,94,177,48,75,1.36,16
7,2014-12-08,轻度污染,112,114,81,155,42,55,1.21,26
8,2014-12-09,良,67,47,40,80,19,42,0.82,29
9,2014-12-10,良,80,62,56,99,17,47,1.0,8
10,2014-12-11,中度污染,152,179,99,246,39,52,1.39,15
11,2014-12-12,轻度污染,114,165,63,177,32,50,0.95,21
12,2014-12-13,良,77,67,36,102,20,50,0.84,25
13,2014-12-14,良,86,57,53,120,26,65,1.12,21
14,2014-12-15,轻度污染,120,99,90,172,42,81,1.41,10
15,2014-12-16,良,94,152,29,135,29,31,0.57,31
16,2014-12-17,良,73,98,26,94,19,49,0.74,22
17,2014-12-18,良,86,81,48,120,38,63,1.0,26
18,2014-12-19,良,80,62,50,108,30,66,1.03,14
19,2014-12-20,良,93,131,61,128,28,53,1.02,17
20,2014-12-21,良,76,88,44,100,31,40,0.82,25
21,2014-12-22,良,94,102,59,133,35,64,1.16,14
22,2014-12-23,轻度污染,112,91,81,152,42,82,1.23,8
23,2014-12-24,轻度污染,141,115,107,170,32,77,1.33,21
24,2014-12-25,轻度污染,106,99,75,123,21,55,1.11,20
25,2014-12-26,良,69,56,45,87,20,58,0.75,19
26,2014-12-27,良,78,59,54,100,25,65,0.93,12
27,2014-12-28,轻度污染,132,110,100,173,26,68,1.33,28
28,2014-12-29,轻度污染,145,113,109,180,29,66,1.7,21
29,2014-12-30,轻度污染,126,113,95,161,34,77,1.89,15
30,2014-12-31,轻度污染,138,472,103,199,42,52,1.38,26
0,2014-11-01,良,91,120,67,92,8,35,1.06,13
1,2014-11-02,轻度污染,143,189,103,148,25,31,0.84,43
2,2014-11-03,良,78,134,50,102,29,64,0.89,30
3,2014-11-04,轻度污染,102,145,74,135,30,77,0.74,34
4,2014-11-05,中度污染,174,184,133,190,25,73,0.93,41
5,2014-11-06,轻度污染,129,145,97,140,23,46,0.91,55
6,2014-11-07,良,88,140,59,111,16,47,0.7,43
7,2014-11-08,良,64,94,44,63,10,53,0.59,23
8,2014-11-09,良,70,91,45,80,15,60,0.66,17
9,2014-11-10,轻度污染,135,122,102,165,30,74,1.14,25
10,2014-11-11,中度污染,194,177,145,214,35,73,1.58,26
11,2014-11-12,中度污染,174,179,132,193,20,53,1.22,32
12,2014-11-13,良,85,143,45,117,24,61,0.73,22
13,2014-11-14,轻度污染,112,154,83,159,29,77,0.99,29
14,2014-11-15,轻度污染,109,119,80,139,26,65,0.89,44
15,2014-11-16,轻度污染,112,109,84,125,17,52,1.0,43
16,2014-11-17,轻度污染,124,132,93,132,27,52,0.89,47
17,2014-11-18,良,98,94,72,126,26,69,0.87,23
18,2014-11-19,轻度污染,114,107,85,138,31,71,1.16,29
19,2014-11-20,中度污染,163,153,123,178,20,82,1.31,28
20,2014-11-21,中度污染,156,121,118,182,29,91,1.65,19
21,2014-11-22,严重污染,252,167,203,274,26,84,1.77,47
22,2014-11-23,轻度污染,148,136,113,159,15,48,0.99,27
23,2014-11-24,优,41,20,25,37,5,29,0.51,37
24,2014-11-25,良,82,115,55,108,11,42,1.07,19
25,2014-11-26,良,79,86,48,106,15,49,0.99,26
26,2014-11-27,良,75,103,48,99,16,67,1.14,16
27,2014-11-28,良,67,73,45,80,9,44,1.36,24
28,2014-11-29,良,73,79,40,95,15,56,1.31,10
29,2014-11-30,优,49,46,26,52,9,40,1.16,13
0,2014-10-01,良,61,90,31,70,11,43,0.45,50
1,2014-10-02,良,79,125,55,97,8,48,0.82,50
2,2014-10-03,轻度污染,111,169,83,129,12,48,0.84,61
3,2014-10-04,良,65,100,33,79,18,55,0.46,40
4,2014-10-05,良,75,121,46,97,15,46,0.55,66
5,2014-10-06,轻度污染,113,175,81,122,15,37,0.78,79
6,2014-10-07,良,72,44,45,89,14,51,0.51,70
7,2014-10-08,良,77,59,48,96,15,46,0.67,81
8,2014-10-09,良,76,75,53,98,17,45,0.62,67
9,2014-10-10,良,72,67,47,89,14,46,0.47,70
10,2014-10-11,良,72,71,45,85,13,48,0.49,64
11,2014-10-12,良,72,124,48,87,10,26,0.47,88
12,2014-10-13,良,71,131,32,90,15,23,0.41,59
13,2014-10-14,良,87,106,59,120,24,52,0.7,59
14,2014-10-15,轻度污染,123,115,92,165,22,83,0.98,60
15,2014-10-16,中度污染,176,183,133,231,31,106,1.28,22
16,2014-10-17,轻度污染,109,115,74,160,26,51,0.87,80
17,2014-10-18,良,87,69,50,121,19,40,0.54,74
18,2014-10-19,良,80,97,52,104,16,46,0.65,68
19,2014-10-20,中度污染,166,169,125,220,32,99,1.4,37
20,2014-10-21,轻度污染,104,133,78,106,7,35,0.91,37
21,2014-10-22,轻度污染,137,164,104,148,14,48,1.03,56
22,2014-10-23,中度污染,154,161,116,180,19,75,1.17,46
23,2014-10-24,轻度污染,129,147,95,152,21,66,0.92,64
24,2014-10-25,轻度污染,108,130,80,140,22,79,0.99,43
25,2014-10-26,轻度污染,136,161,102,173,34,89,1.28,55
26,2014-10-27,轻度污染,101,130,62,129,11,42,0.67,58
27,2014-10-28,良,86,125,46,120,21,56,0.77,39
28,2014-10-29,良,72,104,51,81,11,51,0.79,31
29,2014-10-30,良,72,98,52,67,6,45,0.87,9
30,2014-10-31,良,62,87,44,55,4,34,0.91,8
0,2014-09-01,优,41,38,23,42,8,23,0.59,27
1,2014-09-02,良,57,129,39,60,11,27,0.89,28
2,2014-09-03,良,56,134,39,53,5,15,0.63,72
3,2014-09-04,良,95,170,70,93,13,38,0.96,90
4,2014-09-05,轻度污染,143,185,108,146,19,47,1.2,98
5,2014-09-06,轻度污染,118,171,88,125,18,37,0.97,92
6,2014-09-07,良,93,135,65,103,18,34,0.97,97
7,2014-09-08,良,95,147,70,98,14,37,1.02,65
8,2014-09-09,轻度污染,104,174,78,114,23,45,1.17,45
9,2014-09-10,良,86,153,63,97,19,51,0.89,21
10,2014-09-11,良,63,114,33,68,16,45,0.74,57
11,2014-09-12,优,37,35,22,36,11,45,0.51,40
12,2014-09-13,优,39,48,25,37,7,37,0.58,36
13,2014-09-14,良,59,127,34,66,11,36,0.6,48
14,2014-09-15,良,54,128,22,56,15,31,0.57,54
15,2014-09-16,良,70,162,46,82,13,32,0.6,75
16,2014-09-17,良,70,168,37,88,22,41,0.75,36
17,2014-09-18,优,46,67,29,45,6,36,0.54,42
18,2014-09-19,良,68,104,48,69,9,42,0.81,42
19,2014-09-20,良,79,142,55,87,12,51,0.79,56
20,2014-09-21,良,60,95,30,64,10,39,0.39,56
21,2014-09-22,良,55,69,28,59,9,26,0.37,68
22,2014-09-23,良,51,71,29,51,6,20,0.5,60
23,2014-09-24,良,66,121,44,78,12,34,0.62,77
24,2014-09-25,良,90,134,65,118,20,61,0.85,59
25,2014-09-26,轻度污染,111,152,83,133,18,44,0.81,68
26,2014-09-27,轻度污染,142,170,107,173,20,69,1.08,57
27,2014-09-28,良,99,157,69,110,11,27,0.65,82
28,2014-09-29,优,44,38,26,39,3,20,0.65,43
29,2014-09-30,良,56,118,31,63,5,22,0.34,64
0,2014-08-01,优,36,55,19,36,7,19,0.43,13
1,2014-08-02,良,57,98,37,50,14,18,0.7,34
2,2014-08-03,良,81,132,59,85,13,24,0.62,53
3,2014-08-04,轻度污染,127,168,95,125,20,40,0.9,70
4,2014-08-05,轻度污染,124,186,93,123,20,32,1.06,63
5,2014-08-06,良,91,178,67,95,14,36,0.9,47
6,2014-08-07,良,67,131,48,69,6,24,0.58,21
7,2014-08-09,优,36,26,25,32,5,21,0.43,17
8,2014-08-10,良,57,78,40,53,5,18,0.6,34
9,2014-08-11,良,87,128,64,95,10,37,0.93,36
10,2014-08-12,良,90,153,65,120,17,34,0.95,43
11,2014-08-13,良,51,76,29,60,8,32,0.76,35
12,2014-08-14,优,36,30,19,29,4,24,0.61,39
13,2014-08-15,良,61,72,41,55,12,39,1.04,37
14,2014-08-16,良,70,92,50,68,12,31,1.02,42
15,2014-08-17,优,35,12,23,33,5,26,0.45,40
16,2014-08-18,优,33,14,22,30,6,41,0.62,21
17,2014-08-19,优,35,30,23,33,7,36,0.64,30
18,2014-08-20,良,51,56,36,51,13,38,0.75,26
19,2014-08-21,良,57,41,39,53,8,35,0.79,40
20,2014-08-23,良,66,81,47,56,14,43,0.91,38
21,2014-08-24,优,49,55,34,42,9,22,0.82,29
22,2014-08-25,良,61,88,43,55,8,18,0.91,51
23,2014-08-26,良,77,113,54,76,15,35,1.07,50
24,2014-08-27,优,46,44,32,41,6,24,0.62,46
25,2014-08-28,良,56,71,38,54,14,33,0.8,21
26,2014-08-29,优,40,23,24,37,6,34,0.71,19
27,2014-08-30,优,46,40,31,43,8,38,0.71,33
28,2014-08-31,优,42,34,29,38,9,34,0.82,19
0,2014-07-01,轻度污染,114,152,85,103,10,39,0.8,54
1,2014-07-02,良,75,124,54,64,7,36,1.0,40
2,2014-07-03,轻度污染,123,174,92,123,14,45,1.0,87
3,2014-07-04,中度污染,155,185,117,147,17,53,1.1,64
4,2014-07-05,优,45,40,27,38,7,32,0.53,59
5,2014-07-06,优,46,40,28,42,7,28,0.49,68
6,2014-07-07,良,71,97,48,74,12,53,0.59,56
7,2014-07-08,轻度污染,121,162,90,123,14,46,0.75,80
8,2014-07-09,良,85,146,62,86,16,40,0.63,36
9,2014-07-10,轻度污染,101,159,71,108,12,38,0.74,91
10,2014-07-11,轻度污染,144,164,108,160,9,47,0.98,85
11,2014-07-12,轻度污染,108,152,80,102,6,37,0.89,62
12,2014-07-13,良,79,142,57,79,9,26,0.91,97
13,2014-07-14,良,85,116,58,92,23,41,0.99,67
14,2014-07-15,良,61,91,37,68,16,36,0.69,74
15,2014-07-16,优,35,33,18,34,13,25,0.61,30
16,2014-07-17,优,48,48,26,54,17,44,0.83,28
17,2014-07-18,轻度污染,133,181,100,146,23,63,1.19,62
18,2014-07-19,轻度污染,114,176,78,114,17,36,0.91,100
19,2014-07-20,轻度污染,107,177,66,97,14,33,0.74,103
20,2014-07-21,轻度污染,107,182,72,109,16,29,0.84,122
21,2014-07-22,轻度污染,108,181,68,104,15,27,0.78,136
22,2014-07-23,良,70,138,36,66,11,20,0.59,92
23,2014-07-24,良,59,98,31,66,9,20,0.65,57
24,2014-07-25,良,80,149,58,71,3,14,0.7,39
25,2014-07-26,中度污染,168,185,127,159,12,39,0.9,43
26,2014-07-27,良,66,64,47,61,9,28,0.97,47
27,2014-07-28,良,82,97,59,80,13,28,0.95,83
28,2014-07-29,轻度污染,130,174,98,127,14,35,1.15,77
29,2014-07-30,良,95,172,69,98,23,26,0.94,87
30,2014-07-31,良,61,91,37,59,9,30,0.67,54
0,2014-06-01,良,73,102,53,66,11,29,0.7,35
1,2014-06-02,良,51,54,35,48,7,18,0.55,62
2,2014-06-03,良,65,94,45,66,12,25,0.49,84
3,2014-06-04,良,98,157,73,109,20,45,0.64,97
4,2014-06-05,轻度污染,124,175,87,140,25,59,0.86,93
5,2014-06-06,中度污染,189,187,144,203,29,58,1.04,139
6,2014-06-07,中度污染,200,188,153,209,30,51,1.04,145
7,2014-06-08,中度污染,194,188,144,197,32,40,0.93,187
8,2014-06-09,轻度污染,112,166,80,115,16,24,0.53,127
9,2014-06-10,轻度污染,104,160,76,124,33,46,0.66,86
10,2014-06-11,轻度污染,108,166,75,125,32,52,0.77,94
11,2014-06-12,轻度污染,107,142,71,118,28,50,0.59,100
12,2014-06-13,轻度污染,129,154,88,153,34,73,0.95,129
13,2014-06-14,轻度污染,141,156,102,172,34,67,1.01,141
14,2014-06-15,中度污染,194,182,148,195,29,73,1.13,81
15,2014-06-16,轻度污染,117,126,88,112,16,57,0.71,34
16,2014-06-17,良,61,71,43,60,5,27,0.61,55
17,2014-06-18,轻度污染,104,156,77,106,10,38,0.8,71
18,2014-06-19,轻度污染,124,170,94,130,16,35,0.76,110
19,2014-06-20,轻度污染,138,187,103,150,14,41,0.9,45
20,2014-06-21,轻度污染,130,189,97,134,10,39,0.62,21
21,2014-06-22,良,91,161,67,97,15,35,0.82,68
22,2014-06-23,良,98,169,71,110,17,41,0.76,83
23,2014-06-24,轻度污染,116,165,83,128,19,42,0.8,116
24,2014-06-25,良,87,149,64,89,12,38,0.71,68
25,2014-06-26,良,58,83,40,47,7,46,0.95,22
26,2014-06-27,良,77,143,55,72,7,34,0.52,62
27,2014-06-28,轻度污染,123,177,92,126,21,51,1.11,75
28,2014-06-29,重度污染,216,189,166,225,24,74,1.45,77
29,2014-06-30,中度污染,174,182,136,185,16,47,0.89,83
0,2014-05-01,轻度污染,131,154,91,190,35,72,1.12,117
1,2014-05-02,轻度污染,142,184,71,234,33,67,0.86,71
2,2014-05-03,良,99,150,46,146,27,46,0.64,104
3,2014-05-04,良,97,181,59,141,29,72,0.9,48
4,2014-05-05,良,97,180,47,130,31,61,0.66,90
5,2014-05-06,轻度污染,110,169,57,135,27,58,0.68,123
6,2014-05-07,良,100,149,59,146,37,55,0.89,104
7,2014-05-08,轻度污染,126,175,81,191,31,63,0.89,116
8,2014-05-09,轻度污染,102,144,63,150,28,48,0.79,109
9,2014-05-10,良,72,148,51,82,12,30,0.59,74
10,2014-05-11,良,61,125,42,63,6,31,0.73,65
11,2014-05-12,轻度污染,110,179,69,134,25,64,1.08,79
12,2014-05-13,轻度污染,112,170,70,146,24,64,0.86,105
13,2014-05-14,轻度污染,119,165,83,151,21,49,1.0,98
14,2014-05-15,轻度污染,123,181,70,194,28,45,0.87,125
15,2014-05-16,轻度污染,142,178,87,220,28,76,1.11,115
16,2014-05-17,轻度污染,102,125,75,142,30,79,0.87,50
17,2014-05-18,轻度污染,129,169,95,156,32,55,0.92,63
18,2014-05-19,轻度污染,109,138,82,136,30,53,1.03,61
19,2014-05-20,轻度污染,144,166,105,166,14,51,1.01,106
20,2014-05-21,中度污染,193,183,140,234,29,68,1.24,148
21,2014-05-22,轻度污染,143,163,84,146,27,34,0.66,147
22,2014-05-23,良,82,110,37,84,19,29,0.43,114
23,2014-05-24,良,74,135,46,80,17,46,0.62,64
24,2014-05-25,轻度污染,109,119,81,108,8,38,0.86,53
25,2014-05-26,轻度污染,147,152,91,224,23,60,0.8,106
26,2014-05-27,重度污染,202,184,128,323,27,57,1.02,122
27,2014-05-28,中度污染,189,188,133,274,28,77,0.98,139
28,2014-05-29,重度污染,204,185,154,310,35,87,1.21,117
29,2014-05-30,严重污染,265,188,216,333,29,61,1.42,104
30,2014-05-31,轻度污染,138,139,101,159,18,30,0.82,108
0,2014-04-01,轻度污染,115,149,86,141,28,59,0.83,75
1,2014-04-02,轻度污染,106,145,77,142,28,56,0.84,84
2,2014-04-03,良,85,121,60,113,27,46,0.65,79
3,2014-04-04,良,91,118,49,132,34,65,0.6,79
4,2014-04-05,轻度污染,101,147,57,152,28,68,0.64,64
5,2014-04-06,良,65,57,23,80,23,35,0.42,84
6,2014-04-07,良,80,83,45,109,36,57,0.75,71
7,2014-04-08,轻度污染,104,94,78,124,21,63,0.84,70
8,2014-04-09,轻度污染,130,133,91,155,29,67,0.89,99
9,2014-04-10,轻度污染,134,153,87,160,34,67,0.78,115
10,2014-04-11,轻度污染,135,175,102,183,55,103,1.21,20
11,2014-04-12,良,57,41,38,51,10,40,0.57,58
12,2014-04-13,优,46,19,22,35,10,27,0.41,93
13,2014-04-14,轻度污染,101,119,75,126,27,41,0.72,131
14,2014-04-15,良,96,113,64,115,22,43,0.51,104
15,2014-04-16,良,85,128,62,91,16,46,0.65,71
16,2014-04-17,良,96,117,72,100,10,56,0.83,46
17,2014-04-18,良,86,116,63,99,10,51,0.74,44
18,2014-04-19,优,47,37,30,39,6,36,0.56,75
19,2014-04-20,良,65,77,45,73,17,55,0.5,50
20,2014-04-21,良,100,142,75,107,22,65,0.9,34
21,2014-04-22,良,86,122,58,95,21,55,0.64,75
22,2014-04-23,良,90,99,53,105,24,54,0.64,94
23,2014-04-24,良,88,110,50,96,19,41,0.62,112
24,2014-04-25,良,59,57,27,54,9,22,0.45,103
25,2014-04-26,良,69,110,49,75,6,33,0.75,37
26,2014-04-27,良,93,149,69,99,9,30,0.78,33
27,2014-04-28,良,70,96,46,76,15,35,0.68,79
28,2014-04-29,良,93,127,55,118,21,60,0.79,85
29,2014-04-30,轻度污染,112,144,67,160,28,82,0.89,82
0,2014-03-01,良,56,66,37,60,16,47,0.55,44
1,2014-03-02,轻度污染,119,142,90,144,41,67,0.81,48
2,2014-03-03,轻度污染,107,122,74,134,37,49,0.88,71
3,2014-03-04,良,77,101,54,92,22,57,0.74,44
4,2014-03-05,良,89,128,64,106,29,47,0.64,60
5,2014-03-06,良,73,116,50,92,31,48,0.63,55
6,2014-03-07,良,90,142,63,114,41,62,0.74,44
7,2014-03-08,良,91,118,67,102,28,48,0.55,68
8,2014-03-09,良,96,114,72,126,29,77,0.89,48
9,2014-03-10,轻度污染,134,131,102,176,37,73,0.98,79
10,2014-03-11,中度污染,167,163,126,191,41,55,0.9,93
11,2014-03-12,轻度污染,127,154,96,127,17,59,0.98,42
12,2014-03-13,良,84,121,47,114,23,42,0.53,60
13,2014-03-14,良,98,133,58,144,28,68,0.66,52
14,2014-03-15,轻度污染,116,139,75,180,60,96,1.22,50
15,2014-03-16,轻度污染,113,105,85,169,54,86,1.18,69
16,2014-03-17,轻度污染,106,75,76,153,38,82,0.97,60
17,2014-03-18,严重污染,288,172,118,382,49,87,1.14,68
18,2014-03-19,中度污染,153,174,72,218,21,48,0.58,52
19,2014-03-20,轻度污染,109,183,82,142,43,48,0.76,74
20,2014-03-21,良,93,153,58,133,33,70,0.59,58
21,2014-03-22,良,97,127,69,140,36,75,0.61,73
22,2014-03-23,良,90,90,65,127,31,64,0.53,78
23,2014-03-25,轻度污染,106,97,78,103,18,63,1.12,45
24,2014-03-26,良,89,53,65,93,21,52,0.87,71
25,2014-03-27,轻度污染,117,100,77,120,25,52,0.84,89
26,2014-03-28,轻度污染,103,119,77,111,23,47,0.94,69
27,2014-03-29,中度污染,159,158,120,174,24,62,1.32,27
28,2014-03-30,良,99,108,67,124,21,52,0.68,65
29,2014-03-31,良,73,61,45,95,33,54,0.67,83
0,2014-02-01,重度污染,244,162,193,240,22,39,1.85,41
1,2014-02-02,重度污染,220,134,171,263,14,40,2.36,30
2,2014-02-03,轻度污染,144,164,85,178,10,28,1.37,44
3,2014-02-04,良,56,90,28,62,17,20,0.59,68
4,2014-02-05,优,39,59,23,36,12,23,0.7,53
5,2014-02-06,优,23,10,13,17,8,27,0.67,43
6,2014-02-07,良,54,93,37,42,12,29,0.84,54
7,2014-02-08,轻度污染,109,160,81,99,31,26,0.92,65
8,2014-02-09,良,84,152,61,79,20,19,0.79,59
9,2014-02-10,良,58,106,40,57,22,22,0.6,54
10,2014-02-11,良,83,97,61,83,33,35,0.77,52
11,2014-02-12,良,75,58,54,77,23,46,0.74,42
12,2014-02-13,良,93,96,69,91,20,37,0.97,61
13,2014-02-14,轻度污染,128,111,97,133,32,53,1.19,57
14,2014-02-15,轻度污染,142,110,107,150,40,61,1.35,48
15,2014-02-16,良,84,80,62,80,19,56,0.97,22
16,2014-02-17,优,50,42,35,47,9,39,0.87,32
17,2014-02-18,良,69,97,48,58,10,34,0.76,48
18,2014-02-19,轻度污染,105,123,78,103,19,40,0.75,54
19,2014-02-20,轻度污染,122,117,92,127,25,59,1.09,44
20,2014-02-21,中度污染,178,146,134,179,50,42,1.0,107
21,2014-02-22,中度污染,177,141,134,181,50,65,1.22,60
22,2014-02-23,轻度污染,125,98,94,138,42,55,1.15,62
23,2014-02-24,轻度污染,142,87,107,152,40,59,1.09,55
24,2014-02-25,良,63,55,46,57,17,67,0.81,22
25,2014-02-26,良,63,37,45,64,16,60,0.72,38
26,2014-02-27,轻度污染,124,154,94,135,24,79,1.25,14
27,2014-02-28,良,61,78,43,53,20,50,0.83,23
0,2014-01-01,中度污染,165,159,131,244,44,95,1.9,25
1,2014-01-02,中度污染,193,161,158,286,75,126,2.31,20
2,2014-01-03,严重污染,258,171,204,354,78,112,2.1,16
3,2014-01-04,重度污染,217,175,169,282,58,78,1.71,12
4,2014-01-05,严重污染,255,174,205,333,55,96,2.13,14
5,2014-01-06,中度污染,165,91,129,209,52,67,1.25,42
6,2014-01-07,轻度污染,104,82,77,110,24,55,1.03,18
7,2014-01-08,良,77,96,56,68,15,38,1.03,34
8,2014-01-09,良,65,53,40,79,25,44,0.7,32
9,2014-01-10,轻度污染,112,107,84,141,42,70,0.93,24
10,2014-01-11,轻度污染,126,107,96,145,48,75,1.19,14
11,2014-01-12,中度污染,175,160,134,184,52,68,1.29,29
12,2014-01-13,中度污染,156,159,122,182,45,61,0.98,19
13,2014-01-14,良,98,72,73,124,51,75,0.93,20
14,2014-01-15,轻度污染,110,64,82,133,43,74,0.75,33
15,2014-01-16,轻度污染,121,64,91,148,43,89,1.07,25
16,2014-01-17,中度污染,194,121,147,239,47,103,1.6,31
17,2014-01-18,严重污染,349,181,299,395,70,80,2.07,27
18,2014-01-19,严重污染,327,177,276,371,66,87,2.04,40
19,2014-01-20,中度污染,189,150,122,263,42,59,1.05,41
20,2014-01-21,良,90,102,46,128,45,59,0.8,35
21,2014-01-22,良,83,43,58,111,44,73,0.83,33
22,2014-01-24,轻度污染,120,87,90,150,47,95,1.32,29
23,2014-01-25,重度污染,248,182,199,282,52,81,1.81,36
24,2014-01-26,良,91,101,60,105,28,41,0.73,46
25,2014-01-27,良,86,85,55,102,31,58,1.07,22
26,2014-01-28,中度污染,171,153,129,190,38,65,1.43,31
27,2014-01-29,轻度污染,123,125,92,129,19,43,1.32,27
28,2014-01-30,严重污染,264,164,215,268,47,60,2.48,43
29,2014-01-31,严重污染,294,154,247,312,24,43,1.97,43
0,2013-12-01,中度污染,156,94,168,277,95,99,1.83,18
1,2013-12-02,重度污染,232,96,162,278,75,114,2.17,14
2,2013-12-03,中度污染,199,69,184,297,108,133,2.54,12
3,2013-12-04,严重污染,343,104,332,451,50,132,2.52,23
4,2013-12-05,严重污染,347,103,273,380,51,108,2.24,20
5,2013-12-06,严重污染,337,105,274,394,61,90,2.22,20
6,2013-12-07,严重污染,335,97,313,426,44,97,2.93,27
7,2013-12-08,严重污染,333,93,233,331,29,87,2.58,14
8,2013-12-09,严重污染,289,101,158,246,36,54,1.62,26
9,2013-12-10,轻度污染,128,70,70,141,41,72,1.04,21
10,2013-12-11,轻度污染,111,61,92,183,52,72,1.21,21
11,2013-12-12,轻度污染,131,77,112,230,63,92,1.69,16
12,2013-12-13,中度污染,160,78,123,221,61,87,1.36,12
13,2013-12-14,轻度污染,144,68,114,209,58,98,1.49,17
14,2013-12-15,中度污染,197,83,161,252,66,82,1.36,20
15,2013-12-16,轻度污染,128,73,43,72,32,62,0.74,14
16,2013-12-17,良,66,43,52,76,22,52,0.72,13
17,2013-12-18,良,93,71,102,148,61,52,1.04,25
18,2013-12-19,中度污染,187,93,176,242,72,66,1.41,21
19,2013-12-20,重度污染,243,95,187,256,81,75,1.52,21
20,2013-12-21,重度污染,201,89,116,173,67,79,1.13,22
21,2013-12-22,轻度污染,125,48,97,153,50,82,1.16,19
22,2013-12-23,轻度污染,148,48,121,183,51,91,1.12,19
23,2013-12-24,重度污染,214,70,215,301,89,104,1.79,22
24,2013-12-25,严重污染,287,83,255,380,137,135,2.68,13
25,2013-12-26,严重污染,322,96,236,362,91,98,2.15,17
26,2013-12-27,中度污染,175,101,45,120,42,54,0.82,24
27,2013-12-28,良,93,46,83,158,44,78,1.16,18
28,2013-12-29,轻度污染,134,85,111,200,61,81,1.3,17
29,2013-12-30,轻度污染,143,87,108,209,67,85,1.58,26
30,2013-12-31,轻度污染,144,129,117,220,45,90,1.56,24
0,2013-11-01,良,91,49,67,123,26,71,0.87,13
1,2013-11-02,轻度污染,141,75,106,179,24,63,0.93,14
2,2013-11-03,轻度污染,142,85,108,167,16,48,1.37,30
3,2013-11-04,轻度污染,133,96,96,169,25,69,1.11,36
4,2013-11-05,良,83,41,57,112,29,70,0.87,43
5,2013-11-06,轻度污染,141,73,107,194,21,93,1.33,45
6,2013-11-07,中度污染,166,97,143,254,35,119,1.26,37
7,2013-11-08,重度污染,219,112,177,268,50,97,1.68,72
8,2013-11-09,中度污染,195,102,136,200,38,92,1.66,27
9,2013-11-10,轻度污染,144,89,59,86,13,38,0.89,37
10,2013-11-11,良,68,68,50,90,31,53,0.81,36
11,2013-11-12,良,74,62,53,108,34,79,0.79,17
12,2013-11-13,良,94,67,84,159,48,84,1.01,31
13,2013-11-14,轻度污染,125,74,116,175,31,81,1.19,22
14,2013-11-15,中度污染,167,91,125,291,42,85,1.44,21
15,2013-11-16,中度污染,183,90,108,306,77,80,1.36,35
16,2013-11-17,轻度污染,150,104,53,184,35,57,0.64,30
17,2013-11-18,良,99,72,70,152,46,77,0.97,25
18,2013-11-19,轻度污染,117,83,110,214,55,111,1.42,19
19,2013-11-20,中度污染,168,92,131,249,69,124,1.58,18
20,2013-11-21,重度污染,211,96,180,310,83,143,2.05,25
21,2013-11-22,中度污染,199,81,122,209,36,90,1.21,27
22,2013-11-23,轻度污染,148,65,137,222,40,96,1.5,28
23,2013-11-24,重度污染,210,88,131,178,20,62,1.47,13
24,2013-11-25,轻度污染,128,101,60,268,23,47,0.74,26
25,2013-11-26,中度污染,180,111,80,294,47,82,1.41,13
26,2013-11-27,轻度污染,144,111,66,162,47,56,0.94,26
27,2013-11-28,良,87,99,44,115,38,56,0.74,24
28,2013-11-29,良,86,84,51,131,35,63,0.86,25
29,2013-11-30,轻度污染,103,72,89,180,75,82,1.52,20
0,2013-10-28,中度污染,169,75,129,223,46,86,1.23,57
1,2013-10-29,重度污染,203,88,157,284,47,134,1.53,43
2,2013-10-30,轻度污染,120,78,90,148,22,64,0.83,35
3,2013-10-31,轻度污染,107,65,80,121,18,54,1.02,33
