0,2019-12-01,良,53,191,32,56,12,29,1.06,19
1,2019-12-02,优,34,70,15,34,10,22,0.87,47
2,2019-12-03,良,53,138,32,57,15,37,0.78,54
3,2019-12-04,良,62,183,38,73,17,46,0.77,43
4,2019-12-05,良,55,154,30,61,13,38,0.63,52
5,2019-12-06,优,49,126,27,50,11,32,0.59,61
6,2019-12-07,良,66,154,45,81,19,56,0.75,47
7,2019-12-08,良,86,196,63,110,26,65,0.97,38
8,2019-12-09,良,95,207,70,121,26,75,1.07,33
9,2019-12-10,良,96,209,71,121,24,73,1.15,38
0,2019-11-01,良,81,220,55,111,18,60,0.81,47
1,2019-11-02,良,94,283,69,130,19,65,0.92,42
2,2019-11-03,良,60,190,40,70,11,34,0.69,42
3,2019-11-04,良,63,196,37,75,13,38,0.7,81
4,2019-11-05,良,78,259,55,100,18,53,0.84,80
5,2019-11-06,良,100,304,74,125,18,54,0.93,92
6,2019-11-07,良,81,282,59,90,13,35,0.84,81
7,2019-11-08,良,64,204,44,72,14,37,0.82,82
8,2019-11-09,良,82,232,59,107,20,57,0.96,65
9,2019-11-10,良,99,316,73,128,21,68,1.08,58
10,2019-11-11,轻度污染,102,346,76,130,20,68,1.13,60
11,2019-11-12,良,98,329,73,112,11,52,1.02,60
12,2019-11-13,良,72,269,52,71,7,32,0.92,39
13,2019-11-14,优,34,53,15,35,9,28,0.72,53
14,2019-11-15,良,73,260,48,84,14,42,0.9,60
15,2019-11-16,良,76,206,51,83,7,33,0.88,86
16,2019-11-17,优,49,84,28,50,5,26,0.73,56
17,2019-11-18,优,39,74,25,41,6,29,0.93,32
18,2019-11-19,优,29,34,12,29,9,22,0.81,51
19,2019-11-20,良,58,135,33,64,15,39,0.91,47
20,2019-11-21,良,71,238,50,91,17,47,1.0,39
21,2019-11-22,良,80,259,57,103,15,52,1.0,38
22,2019-11-23,良,84,254,61,101,12,47,0.98,82
23,2019-11-24,良,61,221,39,71,9,38,0.84,65
24,2019-11-25,良,80,337,58,101,16,43,1.08,43
25,2019-11-26,良,56,223,36,65,11,39,1.06,43
26,2019-11-27,良,66,265,47,75,12,37,1.09,33
27,2019-11-28,优,25,33,11,25,8,20,0.8,28
28,2019-11-29,优,49,158,31,50,11,29,0.88,38
29,2019-11-30,良,65,234,46,72,12,34,0.99,45
0,2019-10-01,良,79,310,57,96,16,41,0.95,93
1,2019-10-02,良,67,259,47,74,12,24,0.86,105
2,2019-10-03,良,58,195,38,65,8,22,0.79,75
3,2019-10-04,良,52,221,33,54,7,20,0.72,65
4,2019-10-05,良,52,298,33,55,7,22,0.75,61
5,2019-10-06,良,63,341,38,77,10,35,0.83,59
6,2019-10-07,良,53,261,35,57,9,25,0.75,65
7,2019-10-08,优,44,196,29,44,9,22,0.83,54
8,2019-10-09,优,49,198,33,50,7,24,0.95,63
9,2019-10-10,优,50,201,30,49,7,24,0.87,43
10,2019-10-11,优,41,129,20,41,7,22,0.71,45
11,2019-10-12,优,46,150,22,47,8,26,0.7,47
12,2019-10-13,优,45,147,27,46,8,24,0.8,40
13,2019-10-14,优,47,236,28,48,9,32,1.01,28
14,2019-10-15,优,39,174,21,39,8,29,1.01,53
15,2019-10-16,良,51,243,33,54,11,32,1.02,73
16,2019-10-17,优,46,148,29,48,9,23,0.93,58
17,2019-10-18,优,26,32,10,26,9,20,0.78,47
18,2019-10-19,优,49,103,23,52,13,41,0.84,55
19,2019-10-20,良,61,138,38,71,12,41,0.92,58
20,2019-10-21,良,72,232,52,84,10,33,0.88,83
21,2019-10-22,良,53,136,31,56,7,19,0.68,108
22,2019-10-23,优,38,90,21,39,6,22,0.75,75
23,2019-10-24,优,26,36,15,26,5,26,0.84,37
24,2019-10-25,良,54,243,35,60,7,33,0.92,30
25,2019-10-26,良,52,211,33,57,9,27,0.95,29
26,2019-10-27,优,43,125,24,45,9,27,0.85,18
27,2019-10-28,优,31,70,12,31,8,26,0.7,28
28,2019-10-29,优,41,121,17,44,9,34,0.67,40
29,2019-10-30,良,69,162,37,87,15,48,0.7,44
30,2019-10-31,良,76,189,48,103,16,52,0.75,34
31,2019-10-31,良,76,189,48,103,16,52,0.75,34
0,2019-09-01,优,38,171,23,39,8,17,0.71,77
1,2019-09-02,优,43,204,28,43,8,17,0.75,79
2,2019-09-03,优,39,171,26,37,7,17,0.71,62
3,2019-09-04,优,41,170,26,42,9,23,0.73,67
4,2019-09-05,良,58,289,39,65,14,37,0.81,63
5,2019-09-06,良,65,295,45,76,10,41,0.85,67
6,2019-09-07,良,63,257,41,75,11,33,0.78,73
7,2019-09-08,优,48,144,25,51,6,21,0.69,69
8,2019-09-09,优,37,125,16,37,5,19,0.72,42
9,2019-09-10,优,24,80,11,24,5,19,0.6,34
10,2019-09-11,优,27,98,12,27,5,21,0.64,33
11,2019-09-12,优,48,259,25,50,10,29,0.77,53
12,2019-09-13,优,50,263,30,53,10,30,0.73,59
13,2019-09-14,优,49,283,30,50,8,20,0.72,75
14,2019-09-15,优,46,253,25,48,7,27,0.68,73
15,2019-09-16,良,55,301,34,61,7,28,0.8,75
16,2019-09-17,良,58,287,38,66,9,32,0.86,54
17,2019-09-18,良,57,284,39,61,7,27,0.88,74
18,2019-09-19,良,59,304,42,61,9,20,0.86,93
19,2019-09-20,良,56,257,36,57,8,24,0.81,87
20,2019-09-21,优,37,110,19,37,8,17,0.7,69
21,2019-09-22,优,43,139,22,44,9,22,0.7,91
22,2019-09-23,良,58,244,36,62,14,31,0.78,100
23,2019-09-24,良,68,264,43,79,17,44,0.86,84
24,2019-09-25,良,82,318,52,97,20,57,0.92,81
25,2019-09-26,良,76,304,47,92,20,49,0.86,89
26,2019-09-27,良,82,330,51,90,16,48,0.88,98
27,2019-09-28,良,92,318,62,115,21,58,0.91,87
28,2019-09-29,轻度污染,101,355,67,123,21,59,0.96,90
29,2019-09-30,轻度污染,101,355,65,123,19,60,0.99,95
0,2019-08-06,优,50,253,22,46,9,25,0.71,66
1,2019-08-07,良,63,316,30,59,11,30,0.73,71
2,2019-08-08,良,56,274,32,62,8,34,0.85,44
3,2019-08-09,良,55,274,31,54,8,27,0.75,59
4,2019-08-10,良,58,303,35,62,9,31,0.77,61
5,2019-08-11,良,60,326,36,62,7,26,0.78,69
6,2019-08-21,优,36,115,16,36,6,20,0.62,59
7,2019-08-22,优,42,142,19,43,7,26,0.65,52
8,2019-08-23,良,58,240,32,66,9,34,0.77,71
9,2019-08-24,良,70,307,49,85,10,38,0.87,72
10,2019-08-25,良,65,307,46,76,9,31,0.93,82
11,2019-08-26,良,52,263,36,55,7,30,0.88,44
12,2019-08-27,优,22,34,11,19,4,18,0.68,43
13,2019-08-28,优,30,104,12,29,6,22,0.68,43
0,2019-07-01,优,38,85,19,35,6,23,0.77,56
1,2019-07-02,优,39,86,22,37,6,19,0.76,56
2,2019-07-03,优,46,121,25,41,7,18,0.78,58
3,2019-07-04,优,25,26,8,21,5,12,0.62,43
4,2019-07-05,优,30,64,10,28,5,14,0.64,43
5,2019-07-06,优,31,72,11,30,5,14,0.62,50
6,2019-07-07,优,33,71,13,32,5,17,0.65,47
7,2019-07-12,优,33,120,16,33,5,19,0.7,36
8,2019-07-13,优,37,181,19,37,5,20,0.63,47
9,2019-07-14,优,16,8,8,14,5,22,0.63,26
10,2019-07-15,优,41,175,20,44,5,25,0.76,23
11,2019-07-16,优,38,163,20,38,5,18,0.75,52
12,2019-07-17,优,43,206,24,44,6,18,0.73,60
13,2019-07-18,良,54,299,33,58,7,23,0.74,70
14,2019-07-19,优,50,287,32,53,5,23,0.73,58
15,2019-07-20,优,34,137,18,33,6,21,0.72,54
16,2019-07-21,优,36,131,16,36,5,20,0.76,49
17,2019-07-22,优,35,148,18,35,6,21,0.78,47
18,2019-07-23,优,24,54,11,23,5,15,0.7,53
19,2019-07-24,优,27,81,13,27,5,18,0.73,39
20,2019-07-25,优,27,81,13,27,6,21,0.69,29
21,2019-07-26,优,28,68,12,28,5,16,0.65,38
0,2019-06-01,优,33,44,20,32,7,24,0.81,21
1,2019-06-02,优,41,57,22,42,8,26,0.79,45
2,2019-06-03,良,60,182,32,65,9,30,0.86,62
3,2019-06-04,优,43,55,22,40,6,17,0.66,59
4,2019-06-05,优,30,23,9,29,5,16,0.55,38
5,2019-06-06,优,30,34,11,29,5,13,0.52,31
6,2019-06-07,优,27,26,9,25,5,12,0.52,36
7,2019-06-08,优,26,31,10,25,5,10,0.51,39
8,2019-06-09,优,34,88,16,33,5,14,0.51,48
9,2019-06-10,优,31,51,10,29,6,24,0.55,46
10,2019-06-11,优,32,57,12,31,7,33,0.6,27
11,2019-06-14,优,44,206,25,44,6,28,0.81,88
12,2019-06-15,优,46,197,28,48,7,26,0.81,68
13,2019-06-17,优,26,46,10,24,5,13,0.63,62
14,2019-06-18,优,28,105,11,27,5,15,0.63,58
15,2019-06-19,优,31,130,14,31,6,18,0.74,46
16,2019-06-20,优,28,111,12,28,6,16,0.66,47
17,2019-06-25,优,35,85,20,33,5,19,0.93,48
18,2019-06-26,优,38,101,19,35,5,19,0.82,41
19,2019-06-27,优,37,81,15,36,5,17,0.75,49
20,2019-06-28,优,36,93,13,35,5,13,0.67,59
21,2019-06-29,优,37,108,15,33,4,16,0.73,60
22,2019-06-30,优,37,94,18,34,6,19,0.77,58
0,2019-05-01,优,40,56,16,38,9,24,0.79,60
1,2019-05-02,良,56,118,35,59,10,29,0.85,59
2,2019-05-03,良,59,124,37,65,9,21,0.86,65
3,2019-05-04,优,33,11,21,29,6,24,0.97,30
4,2019-05-05,优,19,2,10,18,5,24,0.91,22
5,2019-05-06,优,25,21,13,24,5,23,0.92,23
6,2019-05-07,优,21,9,10,19,5,19,0.77,26
7,2019-05-08,优,18,4,7,17,6,23,0.87,16
8,2019-05-09,优,40,71,18,39,8,27,0.84,20
9,2019-05-10,良,57,125,29,61,9,36,0.87,34
10,2019-05-11,良,59,91,34,66,8,37,0.85,47
11,2019-05-12,优,45,27,22,44,6,20,0.67,65
12,2019-05-13,优,46,49,22,45,6,18,0.63,54
13,2019-05-14,优,37,21,17,36,6,16,0.55,46
14,2019-05-15,优,41,70,18,40,6,18,0.56,44
15,2019-05-16,优,45,95,22,44,5,17,0.58,54
16,2019-05-17,优,49,141,25,50,5,17,0.61,64
17,2019-05-18,良,51,165,25,52,6,16,0.62,72
18,2019-05-19,良,53,163,27,55,6,15,0.63,79
19,2019-05-20,优,45,85,24,44,6,19,0.67,56
20,2019-05-21,良,60,135,26,71,11,23,0.65,53
21,2019-05-22,良,69,183,37,86,10,28,0.66,54
22,2019-05-23,良,76,206,44,95,10,35,0.76,69
23,2019-05-24,良,71,176,46,85,9,32,0.81,73
24,2019-05-25,优,36,34,14,32,6,15,0.58,62
25,2019-05-26,优,36,87,15,33,6,14,0.58,65
26,2019-05-27,优,40,98,22,38,5,21,0.61,57
27,2019-05-28,优,37,82,21,35,5,22,0.73,38
28,2019-05-29,优,47,139,26,46,8,22,0.95,31
29,2019-05-30,良,56,221,37,56,8,25,0.87,20
30,2019-05-31,优,34,48,17,33,7,23,0.77,24
0,2019-04-01,优,34,20,19,32,6,20,0.79,40
1,2019-04-02,优,37,18,24,34,6,31,1.02,11
2,2019-04-03,优,42,81,23,40,6,28,0.98,18
3,2019-04-04,优,25,13,16,23,6,24,0.88,19
4,2019-04-05,优,32,15,15,30,8,21,0.78,38
5,2019-04-06,良,51,84,30,52,7,26,0.9,35
6,2019-04-07,良,52,94,32,51,6,19,0.84,44
7,2019-04-08,优,41,43,21,41,5,15,0.6,39
8,2019-04-09,优,47,155,26,46,6,21,0.59,43
9,2019-04-10,良,54,220,33,55,6,20,0.62,51
10,2019-04-11,良,53,200,33,50,7,26,0.77,27
11,2019-04-12,优,39,63,21,38,7,23,0.85,42
12,2019-04-13,良,56,165,31,60,6,31,0.89,20
13,2019-04-14,优,41,60,25,41,6,26,0.92,16
14,2019-04-15,优,37,44,18,36,7,22,0.93,38
15,2019-04-16,优,30,20,14,30,6,27,0.94,25
16,2019-04-17,良,58,136,31,63,9,34,1.07,19
17,2019-04-18,优,38,20,18,37,5,17,0.69,39
18,2019-04-19,良,51,81,27,53,5,21,0.64,49
19,2019-04-20,良,57,163,37,62,5,16,0.7,74
20,2019-04-21,良,56,158,33,60,5,19,0.69,68
21,2019-04-22,良,53,147,29,55,5,18,0.61,59
22,2019-04-23,优,43,77,21,42,5,16,0.56,44
23,2019-04-24,优,46,71,23,46,6,18,0.55,48
24,2019-04-25,良,52,159,29,53,5,19,0.6,57
25,2019-04-26,良,54,198,26,58,7,24,0.67,75
26,2019-04-27,优,48,117,24,50,6,18,0.72,55
27,2019-04-28,优,38,52,18,37,6,19,0.71,47
28,2019-04-29,优,43,113,22,43,6,20,0.75,44
29,2019-04-30,优,36,63,17,34,6,20,0.86,42
0,2019-03-01,良,65,160,46,75,6,35,1.31,9
1,2019-03-02,优,50,130,31,49,7,27,0.76,23
2,2019-03-03,优,38,61,16,37,8,26,0.77,38
3,2019-03-04,良,77,196,53,77,8,43,1.04,26
4,2019-03-05,优,41,73,24,39,6,24,0.66,26
5,2019-03-06,优,21,8,9,20,7,20,0.84,36
6,2019-03-07,优,19,8,10,16,7,26,0.88,30
7,2019-03-08,优,17,7,10,16,6,26,1.05,19
8,2019-03-09,优,20,13,11,17,6,29,1.08,12
9,2019-03-10,优,35,42,19,33,7,26,0.91,39
10,2019-03-11,良,65,183,44,68,11,43,1.15,42
11,2019-03-12,良,84,297,61,92,13,47,1.08,49
12,2019-03-13,轻度污染,101,349,75,107,11,62,1.14,23
13,2019-03-14,轻度污染,103,359,76,99,10,41,1.15,27
14,2019-03-15,良,51,113,30,50,9,31,0.8,36
15,2019-03-16,优,45,45,31,42,7,32,0.82,32
16,2019-03-17,优,20,2,11,18,6,29,0.85,15
17,2019-03-18,优,34,16,21,34,7,29,0.84,9
18,2019-03-19,良,56,103,36,67,6,33,1.13,6
19,2019-03-20,优,49,57,26,50,7,26,0.88,30
20,2019-03-21,优,50,108,28,52,7,24,0.61,34
21,2019-03-22,良,65,302,44,71,6,27,0.75,43
22,2019-03-23,优,37,72,18,37,7,21,0.69,32
23,2019-03-24,优,29,31,16,27,7,25,0.71,29
24,2019-03-25,优,33,23,20,32,7,26,0.74,23
25,2019-03-26,优,40,25,26,37,6,34,0.94,6
26,2019-03-27,优,46,48,26,49,8,33,1.1,12
27,2019-03-28,良,54,129,33,56,6,35,0.89,15
28,2019-03-29,良,54,131,31,57,6,37,0.86,22
29,2019-03-30,良,61,162,39,69,8,37,0.89,40
30,2019-03-31,良,56,193,37,60,6,28,0.82,41
0,2019-02-01,优,38,48,23,35,9,20,1.14,59
1,2019-02-02,良,69,143,49,65,8,22,1.11,53
2,2019-02-03,优,42,40,28,38,7,18,0.8,51
3,2019-02-04,良,66,136,47,64,9,19,0.98,43
4,2019-02-05,中度污染,156,262,117,155,15,17,1.08,44
5,2019-02-06,良,71,164,50,69,8,11,0.76,41
6,2019-02-07,优,28,15,17,27,7,10,0.54,45
7,2019-02-08,优,34,85,21,33,8,9,0.65,58
8,2019-02-09,优,43,136,25,43,7,13,1.0,40
9,2019-02-10,良,58,190,38,54,6,18,1.15,19
10,2019-02-11,优,23,33,13,21,6,15,0.96,16
11,2019-02-12,优,38,70,26,32,6,23,1.15,6
12,2019-02-13,良,74,248,53,63,6,29,1.32,8
13,2019-02-14,良,55,192,38,53,7,31,1.34,5
14,2019-02-15,良,54,182,38,51,6,28,1.33,10
15,2019-02-16,优,41,112,25,41,6,22,1.29,6
16,2019-02-17,优,16,11,8,14,5,19,1.19,9
17,2019-02-18,优,18,12,10,14,5,19,1.23,15
18,2019-02-19,优,27,22,17,25,5,20,1.22,10
19,2019-02-20,优,44,82,30,38,5,26,1.32,12
20,2019-02-21,优,31,56,17,30,6,21,1.09,11
21,2019-02-22,优,32,47,18,31,8,20,0.92,32
22,2019-02-23,优,28,35,17,23,6,22,1.06,21
23,2019-02-24,优,27,38,14,25,8,17,0.97,42
24,2019-02-25,优,50,100,33,45,7,27,1.03,28
25,2019-02-26,优,45,70,30,41,7,31,1.16,13
26,2019-02-27,优,41,57,28,40,7,29,1.38,3
27,2019-02-28,优,38,52,21,36,6,27,1.29,8
0,2019-01-01,优,32,33,21,30,8,19,0.83,30
1,2019-01-02,优,35,43,22,34,10,21,0.73,37
2,2019-01-03,优,42,68,29,34,7,33,0.76,18
3,2019-01-04,优,25,15,17,19,6,32,1.01,5
4,2019-01-05,优,24,24,16,20,6,28,1.09,7
5,2019-01-06,优,22,15,14,19,5,30,1.01,10
6,2019-01-07,优,21,5,12,19,6,26,1.18,5
7,2019-01-08,优,14,4,7,11,5,23,1.2,13
8,2019-01-09,优,16,6,8,14,6,26,1.42,14
9,2019-01-10,优,25,32,16,21,6,30,1.6,4
10,2019-01-11,优,28,41,19,23,6,28,1.86,4
11,2019-01-12,优,45,82,30,49,7,33,1.52,9
12,2019-01-13,良,55,96,34,59,7,31,1.72,6
13,2019-01-14,良,51,69,30,52,7,31,1.59,6
14,2019-01-15,优,29,9,12,27,7,25,1.3,11
15,2019-01-16,优,30,14,17,29,7,27,1.04,29
16,2019-01-17,优,34,18,21,33,7,25,1.11,37
17,2019-01-18,良,65,120,44,76,10,49,1.27,24
18,2019-01-19,轻度污染,111,246,83,121,8,58,1.53,8
19,2019-01-20,良,69,186,48,72,7,38,1.35,10
20,2019-01-21,优,34,17,18,33,7,25,0.98,36
21,2019-01-22,良,73,137,51,78,12,39,1.02,50
22,2019-01-23,良,98,229,72,123,13,70,1.28,11
23,2019-01-24,轻度污染,120,245,91,132,14,60,1.32,35
24,2019-01-25,良,98,227,72,105,11,59,1.12,61
25,2019-01-26,轻度污染,118,297,89,120,13,47,1.16,45
26,2019-01-27,轻度污染,119,287,88,119,11,47,1.1,66
27,2019-01-28,良,67,143,45,70,8,38,0.85,66
28,2019-01-29,良,52,76,32,53,7,30,0.73,47
29,2019-01-30,优,39,24,17,38,6,20,0.6,60
30,2019-01-31,优,43,91,25,40,8,24,0.85,47
0,2018-12-01,良,79,160,57,76,6,41,1.16,18
1,2018-12-02,优,45,46,25,45,6,26,0.86,30
2,2018-12-03,优,39,29,18,38,6,21,0.72,37
3,2018-12-04,优,44,115,21,44,6,24,0.76,35
4,2018-12-05,优,49,115,28,50,7,28,0.97,30
5,2018-12-06,优,50,205,32,54,7,29,1.05,24
6,2018-12-07,优,29,81,10,28,8,19,1.01,15
7,2018-12-08,优,14,14,6,13,6,18,0.97,13
8,2018-12-09,优,13,14,5,8,6,18,1.13,9
9,2018-12-10,优,23,38,15,21,7,19,0.96,9
10,2018-12-11,优,17,7,10,15,7,19,0.88,13
11,2018-12-12,优,31,48,21,23,7,20,0.81,30
12,2018-12-13,良,54,101,37,43,8,24,0.92,31
13,2018-12-14,优,49,85,34,40,7,29,0.94,25
14,2018-12-15,良,60,123,42,53,8,31,0.97,13
15,2018-12-16,优,43,56,27,46,9,32,0.92,25
16,2018-12-17,良,74,164,46,91,13,52,1.01,35
17,2018-12-18,良,87,210,63,114,15,64,1.06,28
18,2018-12-19,良,91,201,67,101,10,68,1.08,26
19,2018-12-20,良,68,121,48,77,7,56,1.13,14
20,2018-12-21,良,51,78,31,53,7,35,0.91,26
21,2018-12-28,优,35,76,20,34,8,28,1.17,11
22,2018-12-29,优,26,26,12,25,7,23,0.87,15
23,2018-12-30,优,17,2,10,16,6,21,0.82,22
24,2018-12-31,优,35,44,24,31,9,19,0.82,27
0,2018-11-01,良,74,247,33,95,18,60,0.87,44
1,2018-11-02,良,85,277,55,117,20,70,1.03,51
2,2018-11-03,良,97,319,69,136,20,78,1.18,52
3,2018-11-04,良,93,314,66,108,12,62,1.11,41
4,2018-11-05,良,72,315,47,77,8,41,1.0,52
5,2018-11-06,良,59,307,35,67,8,39,0.97,33
6,2018-11-07,良,54,251,31,58,9,32,1.08,37
7,2018-11-08,优,38,130,14,37,10,28,1.04,34
8,2018-11-09,良,59,219,33,65,16,47,1.14,31
9,2018-11-10,良,66,217,45,74,10,49,1.14,31
10,2018-11-11,优,46,88,30,44,6,35,0.97,24
11,2018-11-12,优,45,107,28,43,7,29,1.05,23
12,2018-11-13,优,39,82,19,40,10,32,1.0,35
13,2018-11-14,良,57,151,37,59,8,44,1.07,22
14,2018-11-15,优,34,65,20,33,6,28,0.83,31
15,2018-11-16,优,22,31,11,21,7,23,1.26,9
16,2018-11-17,优,29,79,16,28,8,25,1.28,12
17,2018-11-18,优,27,62,16,26,6,27,1.31,7
18,2018-11-19,优,29,51,11,28,8,24,1.13,23
19,2018-11-20,优,35,49,20,34,7,31,1.27,7
20,2018-11-21,优,37,73,15,38,7,25,1.13,8
21,2018-11-22,优,36,65,16,36,8,26,0.85,44
22,2018-11-23,良,71,199,47,89,14,56,1.02,30
23,2018-11-24,良,82,207,59,96,12,55,1.12,33
24,2018-11-25,良,62,88,39,69,10,39,0.96,40
25,2018-11-26,良,68,102,46,81,12,51,1.05,27
26,2018-11-27,良,87,167,62,107,14,56,1.22,32
27,2018-11-28,良,94,191,69,113,16,60,1.24,35
28,2018-11-29,良,86,196,59,108,15,62,1.14,32
29,2018-11-30,良,95,199,70,107,11,62,1.08,22
0,2018-10-01,良,71,335,39,85,14,53,0.92,62
1,2018-10-02,良,75,327,41,88,18,52,0.88,75
2,2018-10-03,良,69,236,38,80,19,49,0.8,73
3,2018-10-04,良,73,253,42,87,19,52,0.82,70
4,2018-10-05,良,77,264,43,88,18,53,0.85,74
5,2018-10-06,良,88,297,50,101,19,51,0.93,90
6,2018-10-07,良,89,289,58,110,17,62,0.96,90
7,2018-10-08,良,85,279,57,97,14,49,0.96,86
8,2018-10-09,良,60,210,38,66,9,34,0.87,68
9,2018-10-10,优,33,64,17,27,8,23,0.96,58
10,2018-10-11,良,57,232,39,57,9,23,0.96,73
11,2018-10-12,良,63,224,42,73,14,38,0.98,67
12,2018-10-13,良,73,264,52,76,12,44,1.06,52
13,2018-10-14,良,64,239,45,67,6,39,1.09,21
14,2018-10-15,优,23,22,12,22,6,26,1.06,18
15,2018-10-16,优,28,47,14,27,8,26,0.91,35
16,2018-10-17,优,32,57,20,30,6,30,0.91,31
17,2018-10-18,优,44,135,27,42,8,33,1.03,22
18,2018-10-19,优,37,56,23,34,6,30,1.08,23
19,2018-10-20,良,54,197,34,56,6,37,1.1,16
20,2018-10-21,优,45,118,27,47,5,33,0.95,22
21,2018-10-22,优,34,44,16,33,5,24,0.86,25
22,2018-10-23,优,21,11,11,19,5,25,1.03,19
23,2018-10-24,优,41,67,25,42,7,31,1.1,12
24,2018-10-25,良,59,152,34,68,6,33,1.09,20
25,2018-10-26,优,40,61,22,38,6,31,0.92,18
26,2018-10-27,优,45,100,26,47,7,31,0.94,51
27,2018-10-28,良,61,200,33,70,11,42,0.92,43
28,2018-10-29,良,70,294,36,89,13,48,0.9,42
29,2018-10-30,良,69,252,37,87,13,49,0.9,40
30,2018-10-31,良,62,190,32,71,13,44,0.8,44
0,2018-09-02,优,24,19,13,22,5,17,0.69,35
1,2018-09-03,优,26,31,12,25,5,19,0.67,38
2,2018-09-04,优,36,94,18,33,6,22,0.68,43
3,2018-09-05,优,43,140,20,41,6,24,0.73,51
4,2018-09-06,优,46,143,27,47,6,26,0.71,55
5,2018-09-07,优,33,72,15,30,6,23,0.71,34
6,2018-09-08,优,38,100,16,37,9,20,0.67,68
7,2018-09-09,优,49,170,25,49,12,29,0.73,67
8,2018-09-10,良,58,244,36,59,11,32,0.87,70
9,2018-09-11,良,70,311,48,70,12,35,0.95,79
10,2018-09-12,良,75,321,49,70,12,32,0.91,88
11,2018-09-13,良,70,322,50,69,11,31,0.93,70
12,2018-09-14,优,44,130,28,41,7,25,0.79,51
13,2018-09-15,良,52,211,32,52,8,30,0.83,41
14,2018-09-16,良,51,257,32,52,8,22,0.73,55
15,2018-09-17,优,28,73,12,18,6,11,0.74,51
16,2018-09-18,优,20,15,10,18,5,15,0.62,27
17,2018-09-19,优,23,33,11,22,6,17,0.63,29
18,2018-09-20,优,42,144,20,41,9,29,0.75,33
19,2018-09-21,良,56,241,32,62,11,39,0.81,33
20,2018-09-22,良,63,291,40,76,12,46,0.83,41
21,2018-09-23,良,63,270,42,70,10,37,0.85,57
22,2018-09-24,良,67,283,47,67,7,26,0.85,66
23,2018-09-25,优,39,122,24,35,7,15,0.69,56
24,2018-09-26,优,33,62,14,32,7,21,0.65,32
25,2018-09-27,优,29,41,15,28,6,21,0.78,28
26,2018-09-28,优,29,36,12,28,8,25,0.81,31
27,2018-09-29,优,45,123,22,43,9,34,0.77,46
28,2018-09-30,良,59,217,32,63,11,42,0.84,57
0,2018-08-01,优,32,43,12,30,6,23,0.79,32
1,2018-08-02,优,32,45,13,30,6,20,0.76,34
2,2018-08-03,优,33,62,14,32,6,19,0.73,38
3,2018-08-04,优,40,98,19,39,6,28,0.78,28
4,2018-08-05,优,47,144,21,47,6,30,0.82,35
5,2018-08-06,优,49,158,25,49,7,28,0.85,53
6,2018-08-07,优,47,155,23,46,7,30,0.79,44
7,2018-08-08,优,48,156,26,49,7,31,0.78,61
8,2018-08-09,良,61,219,36,69,10,36,0.9,64
9,2018-08-10,良,64,206,38,70,9,38,0.94,68
10,2018-08-11,良,61,180,34,68,9,38,0.93,65
11,2018-08-12,良,52,178,29,53,9,33,0.94,60
12,2018-08-13,良,63,287,38,69,9,36,1.02,81
13,2018-08-14,良,61,296,37,67,10,35,0.99,69
14,2018-08-15,优,44,187,24,44,8,28,0.89,52
15,2018-08-16,优,34,61,18,30,7,20,0.84,53
16,2018-08-17,优,37,97,21,35,7,22,0.92,64
17,2018-08-18,优,49,228,32,50,8,32,0.98,60
18,2018-08-19,良,57,278,35,63,8,39,1.02,61
19,2018-08-20,良,52,221,27,54,7,33,0.94,60
20,2018-08-21,良,52,172,26,53,7,32,0.95,62
21,2018-08-22,良,63,278,32,74,7,47,1.03,65
22,2018-08-23,优,49,118,24,50,7,39,1.03,47
23,2018-08-25,良,59,166,39,58,8,26,1.12,71
24,2018-08-27,优,44,107,29,42,9,29,1.14,63
25,2018-08-29,优,30,51,16,23,6,23,1.05,47
26,2018-08-31,优,23,21,12,22,6,34,0.88,17
0,2018-07-01,优,38,95,15,36,7,22,0.75,47
1,2018-07-02,优,38,108,15,37,7,18,0.78,52
2,2018-07-03,优,35,95,13,34,7,14,0.73,55
3,2018-07-04,优,37,96,14,36,7,13,0.72,55
4,2018-07-05,优,40,134,16,39,7,15,0.72,56
5,2018-07-06,优,38,135,16,37,8,15,0.73,60
6,2018-07-07,优,35,140,16,32,7,25,0.8,46
7,2018-07-08,优,31,86,17,29,8,24,0.84,30
8,2018-07-09,优,32,108,14,30,8,22,0.82,35
9,2018-07-10,优,38,142,17,35,8,24,0.81,43
10,2018-07-11,良,53,230,24,50,9,32,0.87,62
11,2018-07-12,良,90,355,48,93,11,45,1.01,87
12,2018-07-13,良,60,302,36,60,8,27,0.88,65
13,2018-07-14,优,30,68,14,26,8,25,0.86,40
14,2018-07-15,优,31,70,18,29,8,19,0.84,43
15,2018-07-16,优,34,104,19,33,9,20,0.78,46
16,2018-07-17,优,50,205,27,50,10,34,0.87,49
17,2018-07-18,良,53,220,31,56,9,36,0.93,43
18,2018-07-19,优,38,105,21,36,8,24,0.81,40
19,2018-07-20,优,33,60,17,31,7,27,0.82,36
20,2018-07-21,优,23,10,11,21,7,18,0.75,33
21,2018-07-22,优,35,60,17,34,7,22,0.79,49
22,2018-07-23,优,38,80,20,35,8,21,0.8,42
23,2018-07-24,优,27,32,15,25,7,26,0.88,24
24,2018-07-25,优,30,31,15,29,6,22,0.85,33
25,2018-07-26,优,25,15,12,24,6,21,0.79,33
26,2018-07-27,优,25,17,12,24,6,22,0.78,27
27,2018-07-28,优,27,27,13,26,6,21,0.79,25
28,2018-07-29,优,24,22,10,22,6,20,0.72,28
29,2018-07-30,优,24,13,11,22,6,20,0.75,26
30,2018-07-31,优,25,17,10,23,6,18,0.75,31
0,2018-06-01,优,43,55,25,42,9,28,1.01,25
1,2018-06-02,优,48,67,28,40,9,21,1.06,64
2,2018-06-03,优,47,54,27,45,9,29,1.07,50
3,2018-06-04,优,35,21,20,33,8,24,0.96,53
4,2018-06-05,优,29,10,14,27,8,22,1.04,50
5,2018-06-06,良,53,99,27,49,10,29,1.04,72
6,2018-06-07,优,49,88,29,47,10,25,0.98,71
7,2018-06-08,优,42,96,19,35,10,24,0.86,64
8,2018-06-09,良,57,221,29,59,10,36,0.91,60
9,2018-06-10,良,60,180,37,66,9,37,0.99,82
10,2018-06-11,良,57,125,38,55,8,29,1.03,80
11,2018-06-12,优,41,46,21,36,7,22,0.86,54
12,2018-06-13,优,35,39,16,30,8,25,0.93,62
13,2018-06-14,优,49,105,27,47,9,31,0.96,65
14,2018-06-15,良,65,191,39,68,12,38,1.01,70
15,2018-06-16,良,60,172,34,58,10,31,1.0,78
16,2018-06-17,良,58,171,20,43,8,19,0.82,108
17,2018-06-18,优,49,108,19,40,8,18,0.83,78
18,2018-06-19,优,34,36,14,32,7,14,0.75,59
19,2018-06-20,优,45,151,19,43,7,17,0.74,61
20,2018-06-21,优,45,135,19,44,7,17,0.77,57
21,2018-06-22,优,38,83,15,38,7,20,0.79,48
22,2018-06-23,优,35,80,15,34,7,19,0.81,42
23,2018-06-24,优,26,29,10,20,7,19,0.81,34
24,2018-06-25,优,21,8,10,19,7,17,0.83,30
25,2018-06-26,优,19,4,7,14,7,15,0.73,34
26,2018-06-27,优,26,31,10,24,7,19,0.72,33
27,2018-06-28,优,30,42,14,26,7,18,0.81,38
28,2018-06-29,优,34,41,14,32,7,18,0.76,44
29,2018-06-30,优,33,48,11,32,7,16,0.74,49
0,2018-05-01,优,35,19,18,33,6,20,0.75,47
1,2018-05-02,优,36,14,19,34,6,23,0.75,43
2,2018-05-03,优,40,15,24,36,7,30,0.85,35
3,2018-05-04,优,36,19,19,33,7,23,0.81,54
4,2018-05-05,优,34,9,17,33,7,18,0.67,42
5,2018-05-06,优,33,23,14,32,7,18,0.67,46
6,2018-05-07,良,51,138,22,46,7,22,0.68,86
7,2018-05-08,优,43,61,28,40,8,21,0.93,65
8,2018-05-09,优,33,13,20,29,7,21,0.99,56
9,2018-05-10,优,32,14,20,31,7,25,1.16,45
10,2018-05-11,优,37,20,20,36,6,21,0.84,46
11,2018-05-12,优,37,18,18,36,7,23,0.82,44
12,2018-05-13,优,46,46,14,22,7,23,0.81,87
13,2018-05-14,优,37,20,18,33,7,19,0.78,51
14,2018-05-15,优,34,19,16,33,7,17,0.73,51
15,2018-05-16,优,38,32,17,37,7,16,0.75,55
16,2018-05-17,优,43,54,21,42,7,18,0.75,56
17,2018-05-18,优,45,34,25,45,7,21,0.79,71
18,2018-05-19,优,45,62,22,40,7,19,0.78,73
19,2018-05-20,优,42,82,19,39,7,25,0.77,62
20,2018-05-21,优,36,47,18,34,7,19,0.78,50
21,2018-05-22,优,43,80,19,40,8,23,0.77,53
22,2018-05-23,优,47,68,17,43,8,26,0.78,60
23,2018-05-24,优,40,35,16,39,7,22,0.76,44
24,2018-05-25,优,33,17,12,31,7,17,0.76,53
25,2018-05-26,优,39,46,16,38,7,19,0.83,72
26,2018-05-27,优,44,64,19,40,8,23,0.94,65
27,2018-05-28,优,49,70,21,45,10,24,0.99,84
28,2018-05-29,优,47,59,24,42,9,23,0.93,69
29,2018-05-30,优,37,36,19,36,7,19,0.83,57
30,2018-05-31,优,45,69,22,45,8,26,0.85,47
0,2018-04-01,良,68,97,42,76,13,44,0.95,82
1,2018-04-02,良,77,135,44,83,13,40,0.99,100
2,2018-04-03,良,63,94,35,70,11,42,0.87,74
3,2018-04-04,良,60,136,38,65,9,29,0.82,65
4,2018-04-05,良,54,125,35,54,9,18,0.83,66
5,2018-04-05,良,54,125,35,54,9,18,0.83,66
6,2018-04-06,优,37,8,15,31,8,18,0.78,57
7,2018-04-07,良,98,337,36,144,13,24,0.68,87
8,2018-04-08,轻度污染,104,345,56,156,16,49,0.85,65
9,2018-04-09,良,90,245,48,116,15,45,0.94,98
10,2018-04-10,良,66,66,39,78,10,29,0.87,88
11,2018-04-11,良,56,54,30,61,9,33,0.87,49
12,2018-04-12,优,49,50,24,49,7,27,0.8,49
13,2018-04-13,良,60,237,37,64,7,29,0.9,62
14,2018-04-14,良,52,136,29,51,8,24,0.83,50
15,2018-04-15,优,39,38,17,36,8,25,0.84,66
16,2018-04-16,良,68,124,39,83,11,37,0.86,69
17,2018-04-17,良,99,238,56,146,16,54,0.97,75
18,2018-04-18,良,93,195,64,126,15,57,1.02,66
19,2018-04-19,良,59,47,37,58,8,33,0.92,70
20,2018-04-20,优,38,6,17,35,7,18,0.73,63
21,2018-04-21,优,38,9,19,37,7,23,0.75,45
22,2018-04-22,优,40,40,20,39,7,25,0.76,41
23,2018-04-23,良,53,186,30,57,7,27,0.81,58
24,2018-04-24,良,56,210,37,58,8,31,1.0,43
25,2018-04-25,良,56,111,38,53,10,31,1.11,39
26,2018-04-26,优,50,59,33,51,9,33,1.19,20
27,2018-04-27,优,44,35,23,43,9,31,1.06,44
28,2018-04-28,良,58,70,35,62,10,46,1.17,31
29,2018-04-29,优,47,26,27,48,7,31,0.95,37
30,2018-04-30,优,40,24,21,38,6,25,0.86,35
0,2018-03-01,优,49,73,30,49,8,37,1.02,35
1,2018-03-02,优,48,58,31,46,7,29,0.86,40
2,2018-03-03,优,47,49,30,45,7,23,0.83,42
3,2018-03-04,优,43,51,25,42,7,27,0.77,45
4,2018-03-05,良,63,273,44,66,7,29,0.95,79
5,2018-03-06,良,85,325,62,90,11,35,1.45,58
6,2018-03-07,良,71,267,52,66,8,36,1.37,17
7,2018-03-08,优,28,31,9,21,10,29,0.95,45
8,2018-03-09,良,60,139,29,59,13,44,0.96,66
9,2018-03-10,良,81,210,50,88,18,56,1.0,81
10,2018-03-11,良,71,147,45,67,11,40,0.96,108
11,2018-03-12,良,67,108,46,70,9,43,1.01,54
12,2018-03-13,良,59,75,36,62,9,41,0.96,42
13,2018-03-14,良,55,83,36,58,9,42,0.92,32
14,2018-03-15,良,53,114,35,54,8,33,0.9,57
15,2018-03-16,良,67,246,45,74,9,51,1.03,32
16,2018-03-17,良,52,113,32,49,8,26,0.85,55
17,2018-03-18,优,41,59,22,34,7,20,0.83,71
18,2018-03-19,优,46,88,25,42,9,25,0.91,59
19,2018-03-20,优,33,38,11,26,10,22,0.96,65
20,2018-03-21,优,48,83,27,47,13,29,0.97,82
21,2018-03-22,良,79,194,56,92,19,55,1.03,65
22,2018-03-23,轻度污染,101,248,67,116,19,56,1.06,77
23,2018-03-24,良,68,101,42,79,10,47,0.93,58
24,2018-03-25,良,76,156,52,88,10,58,1.04,20
25,2018-03-26,良,63,82,44,59,9,39,1.05,40
26,2018-03-27,良,81,193,59,93,13,52,1.13,39
27,2018-03-28,良,82,190,58,93,12,53,1.14,43
28,2018-03-29,良,71,166,50,75,9,46,1.0,59
29,2018-03-30,良,61,102,40,68,9,37,0.91,72
30,2018-03-31,良,60,91,36,67,10,38,0.91,64
0,2018-02-01,良,72,93,51,79,15,50,0.91,68
1,2018-02-02,良,70,153,50,74,13,32,0.86,89
2,2018-02-03,良,61,149,40,70,16,30,0.85,101
3,2018-02-04,良,60,102,38,68,17,30,0.83,83
4,2018-02-05,良,55,84,34,59,13,34,0.8,74
5,2018-02-06,良,81,229,59,94,18,62,1.06,40
6,2018-02-07,良,92,218,68,94,16,63,1.0,41
7,2018-02-08,良,96,211,71,103,16,64,1.11,55
8,2018-02-09,轻度污染,118,198,88,111,16,59,1.2,85
9,2018-02-10,良,99,209,73,76,8,48,1.29,40
10,2018-02-11,良,89,213,66,85,9,33,1.19,69
11,2018-02-12,轻度污染,105,321,78,115,11,37,1.25,73
12,2018-02-13,轻度污染,123,338,93,129,12,48,1.38,55
13,2018-02-14,良,91,236,64,89,9,29,1.19,104
14,2018-02-15,良,72,156,52,67,8,21,1.17,90
15,2018-02-16,轻度污染,149,238,112,138,14,23,1.07,69
16,2018-02-17,轻度污染,109,239,81,95,9,23,1.16,50
17,2018-02-18,良,56,138,39,48,7,15,1.02,63
18,2018-02-19,优,42,57,28,34,7,16,1.09,57
19,2018-02-20,优,42,58,29,38,7,17,1.12,44
20,2018-02-21,良,53,171,36,49,7,21,1.37,30
21,2018-02-22,优,28,39,15,25,7,19,1.15,37
22,2018-02-23,优,29,29,17,26,8,23,1.03,43
23,2018-02-24,优,43,68,30,32,7,34,1.3,16
24,2018-02-25,优,38,34,25,37,7,37,1.32,25
25,2018-02-26,良,51,89,36,48,10,33,1.16,54
26,2018-02-27,良,53,91,36,50,8,35,1.07,44
27,2018-02-28,良,52,111,33,53,7,36,0.98,41
0,2018-01-01,轻度污染,109,177,81,129,17,62,1.54,47
1,2018-01-02,轻度污染,112,239,83,125,16,68,1.59,42
2,2018-01-03,良,94,297,69,105,13,73,1.47,39
3,2018-01-04,轻度污染,118,348,88,122,13,62,1.58,19
4,2018-01-05,优,35,53,21,34,10,37,1.65,11
5,2018-01-06,优,25,29,17,22,9,39,1.54,6
6,2018-01-07,优,21,16,13,19,8,33,1.5,4
7,2018-01-08,优,15,1,5,10,9,24,1.22,20
8,2018-01-09,优,45,70,29,44,13,34,1.07,47
9,2018-01-10,良,58,189,37,64,16,47,0.99,35
10,2018-01-11,良,71,242,46,88,17,53,1.06,30
11,2018-01-12,良,76,220,52,95,20,54,1.05,44
12,2018-01-13,良,76,118,54,90,20,63,0.92,47
13,2018-01-14,轻度污染,108,217,80,117,25,69,1.1,31
14,2018-01-15,轻度污染,113,195,80,118,21,63,1.21,49
15,2018-01-16,良,74,103,51,81,12,54,1.07,56
16,2018-01-17,良,85,111,62,96,13,59,1.34,31
17,2018-01-18,良,80,102,56,91,14,59,1.15,64
18,2018-01-19,良,94,144,69,116,17,86,1.19,76
19,2018-01-20,轻度污染,125,213,94,126,17,61,1.5,42
20,2018-01-21,中度污染,173,287,131,182,15,61,1.88,29
21,2018-01-22,良,83,214,61,97,15,55,1.45,37
22,2018-01-23,轻度污染,136,326,103,142,15,67,1.71,45
23,2018-01-24,良,78,271,53,86,10,41,1.21,68
24,2018-01-25,良,53,192,30,55,8,32,0.88,63
25,2018-01-26,优,32,39,18,31,8,33,1.15,19
26,2018-01-27,优,24,7,16,21,8,35,1.33,6
27,2018-01-28,优,17,5,10,14,8,27,1.17,16
28,2018-01-29,优,36,39,22,33,9,22,0.91,56
29,2018-01-30,良,99,221,73,83,12,29,1.07,74
30,2018-01-31,良,82,184,60,77,11,34,1.0,69
0,2017-12-01,优,40,68,24,38,12,29,1.11,50
1,2017-12-02,良,51,89,33,54,15,39,1.06,46
2,2017-12-03,良,61,123,43,66,20,44,1.19,45
3,2017-12-04,良,57,138,38,61,15,41,1.03,36
4,2017-12-05,良,60,127,42,60,14,37,1.03,57
5,2017-12-06,良,83,147,61,87,15,56,1.11,44
6,2017-12-07,轻度污染,111,229,83,112,16,57,1.23,47
7,2017-12-08,良,68,171,45,67,15,29,1.11,68
8,2017-12-09,良,70,92,46,84,24,53,1.01,60
9,2017-12-10,轻度污染,111,311,83,127,27,74,1.22,30
10,2017-12-11,轻度污染,104,284,77,113,28,53,1.25,62
11,2017-12-12,轻度污染,112,314,84,94,18,46,1.24,62
12,2017-12-13,良,85,218,62,73,14,48,1.27,35
13,2017-12-14,优,31,18,19,29,10,34,1.34,18
14,2017-12-15,优,28,28,17,24,10,32,1.23,12
15,2017-12-16,优,38,60,20,39,12,28,1.01,50
16,2017-12-17,良,70,197,50,72,17,38,0.98,71
17,2017-12-18,良,64,127,42,72,17,50,0.97,48
18,2017-12-19,良,66,179,45,76,17,51,1.01,50
19,2017-12-20,良,59,89,34,65,17,49,0.87,66
20,2017-12-21,良,99,241,73,130,23,78,1.29,34
21,2017-12-22,轻度污染,117,234,87,134,27,90,1.31,21
22,2017-12-23,轻度污染,133,226,100,132,22,69,1.24,30
23,2017-12-24,良,88,154,64,96,19,50,1.12,58
24,2017-12-25,轻度污染,106,289,79,124,24,77,1.36,48
25,2017-12-26,轻度污染,130,297,98,151,31,93,1.5,43
26,2017-12-27,中度污染,156,303,117,165,25,86,1.62,26
27,2017-12-28,轻度污染,102,152,76,62,10,49,1.31,46
28,2017-12-29,良,79,106,57,63,9,56,1.52,36
29,2017-12-30,优,40,16,26,34,10,44,1.53,16
30,2017-12-31,良,59,58,37,70,14,38,1.29,61
0,2017-11-01,轻度污染,125,321,94,157,20,78,1.28,68
1,2017-11-02,轻度污染,115,271,85,150,22,73,1.27,55
2,2017-11-03,良,86,188,61,110,18,59,1.07,59
3,2017-11-04,良,86,267,59,118,18,61,1.03,65
4,2017-11-05,轻度污染,108,299,80,122,18,48,1.15,88
5,2017-11-06,轻度污染,133,307,100,150,19,58,1.34,68
6,2017-11-07,良,83,136,61,88,11,41,1.06,53
7,2017-11-08,良,65,126,45,65,11,40,0.98,30
8,2017-11-09,良,62,121,43,58,7,39,1.0,13
9,2017-11-10,良,79,245,57,94,11,50,1.2,26
10,2017-11-11,良,92,338,67,117,13,57,1.33,38
11,2017-11-12,良,92,319,68,101,11,49,1.34,56
12,2017-11-13,轻度污染,103,322,76,110,11,51,1.42,51
13,2017-11-14,良,78,265,56,79,10,40,1.26,36
14,2017-11-15,优,29,12,19,26,7,36,1.27,15
15,2017-11-16,优,32,7,20,31,7,32,1.27,13
16,2017-11-17,优,36,47,19,35,8,23,0.79,31
17,2017-11-18,优,24,6,10,21,8,26,1.15,26
18,2017-11-19,优,25,18,11,22,8,27,1.33,26
19,2017-11-20,优,18,12,8,16,8,24,1.14,25
20,2017-11-21,优,28,27,17,24,8,27,0.96,31
21,2017-11-22,优,39,63,21,38,10,29,0.82,36
22,2017-11-23,优,46,100,26,43,12,32,0.78,54
23,2017-11-24,优,41,55,27,30,9,32,0.89,56
24,2017-11-25,优,29,9,20,23,8,39,0.86,30
25,2017-11-26,优,44,62,29,44,9,40,0.97,23
26,2017-11-27,良,74,179,51,89,12,58,1.28,15
27,2017-11-28,良,74,120,52,91,10,62,1.2,22
28,2017-11-29,良,80,220,58,91,10,57,1.31,15
29,2017-11-30,良,79,292,57,87,12,42,1.32,16
0,2017-10-01,优,34,55,16,33,8,27,0.88,37
1,2017-10-02,优,35,92,17,34,8,26,0.88,34
2,2017-10-03,优,32,87,16,31,8,29,0.87,28
3,2017-10-05,优,32,90,16,27,8,20,0.86,45
4,2017-10-06,优,39,103,18,34,7,27,0.97,45
5,2017-10-07,优,35,49,15,27,7,32,0.98,48
6,2017-10-08,优,50,143,31,51,8,39,1.11,54
7,2017-10-09,良,62,272,42,67,11,34,1.14,54
8,2017-10-10,良,51,254,34,50,8,29,1.03,56
9,2017-10-11,良,53,295,35,57,8,37,1.07,53
10,2017-10-12,良,52,271,35,53,9,29,1.19,65
11,2017-10-13,优,35,100,17,33,9,21,1.03,60
12,2017-10-14,优,41,143,20,40,9,25,0.93,52
13,2017-10-15,优,33,99,10,31,8,17,0.86,56
14,2017-10-16,优,26,45,7,10,8,21,0.9,47
15,2017-10-17,优,17,2,6,9,7,24,0.92,30
16,2017-10-18,优,22,12,11,20,7,23,0.96,18
17,2017-10-19,优,35,73,19,34,9,25,1.0,31
18,2017-10-20,优,40,74,26,38,10,26,0.95,35
19,2017-10-21,优,39,59,25,38,10,22,0.88,55
20,2017-10-22,良,62,163,43,67,12,35,1.0,50
21,2017-10-23,良,65,184,46,69,13,35,0.95,68
22,2017-10-24,良,84,248,61,87,15,38,1.08,83
23,2017-10-25,轻度污染,113,306,84,131,14,62,1.31,67
24,2017-10-26,轻度污染,119,304,89,137,14,57,1.25,68
25,2017-10-27,轻度污染,103,251,77,113,13,42,1.2,68
26,2017-10-28,良,93,232,68,113,16,48,1.26,58
27,2017-10-29,良,72,189,46,76,14,36,0.97,94
28,2017-10-30,良,77,266,52,84,14,37,0.94,108
29,2017-10-31,良,99,304,73,119,17,59,1.08,74
0,2017-09-01,良,57,222,31,62,10,37,1.0,51
1,2017-09-02,优,43,97,21,40,7,26,0.95,56
2,2017-09-03,优,39,92,19,37,7,24,0.94,50
3,2017-09-04,优,39,119,19,37,7,22,0.97,53
4,2017-09-05,优,34,77,17,33,7,20,0.91,48
5,2017-09-06,优,41,124,20,39,7,29,0.94,51
6,2017-09-07,优,38,72,15,30,7,28,0.96,59
7,2017-09-08,优,30,43,17,28,7,33,1.0,20
8,2017-09-09,优,35,58,16,30,7,20,0.93,53
9,2017-09-10,优,31,43,13,29,7,21,0.96,41
10,2017-09-11,优,37,75,18,36,8,24,1.03,43
11,2017-09-12,优,41,60,23,39,7,24,1.0,37
12,2017-09-13,优,44,79,25,42,8,25,1.04,50
13,2017-09-14,良,51,113,34,48,8,24,1.11,64
14,2017-09-15,良,58,152,40,57,9,22,1.13,94
15,2017-09-16,良,63,194,40,61,10,29,1.08,89
16,2017-09-17,良,58,154,33,59,9,37,1.03,58
17,2017-09-18,良,59,127,33,65,10,34,1.06,61
18,2017-09-19,优,39,65,20,38,7,23,0.94,56
19,2017-09-20,优,45,132,23,44,8,28,0.97,55
20,2017-09-21,优,50,145,27,52,9,37,1.03,50
21,2017-09-22,良,60,183,36,61,10,34,1.07,63
22,2017-09-23,优,43,74,20,42,7,36,0.88,28
23,2017-09-24,优,41,106,20,40,8,32,0.87,41
24,2017-09-25,优,30,58,14,28,7,23,0.86,41
25,2017-09-26,优,28,28,12,27,7,24,0.91,32
26,2017-09-27,优,46,188,20,47,9,33,0.94,40
27,2017-09-28,良,60,268,32,63,11,40,1.0,55
28,2017-09-29,优,50,169,31,51,8,34,0.99,46
29,2017-09-30,优,32,46,14,30,8,28,0.86,31
0,2017-08-01,良,56,218,25,46,7,29,1.06,85
1,2017-08-02,优,46,192,26,45,7,24,1.06,62
2,2017-08-03,优,25,18,12,22,6,25,1.01,36
3,2017-08-04,优,26,21,10,21,6,21,0.95,36
4,2017-08-05,优,28,24,12,26,6,24,0.96,36
5,2017-08-06,优,31,32,15,29,6,22,0.95,43
6,2017-08-07,优,33,38,15,31,6,20,0.9,46
7,2017-08-08,优,30,34,12,29,6,17,0.89,49
8,2017-08-09,优,33,60,12,31,6,22,0.9,48
9,2017-08-10,优,36,68,14,34,7,31,1.0,31
10,2017-08-11,优,40,89,15,40,6,24,0.99,32
11,2017-08-12,优,32,50,13,30,7,19,0.92,49
12,2017-08-13,优,34,68,15,33,7,20,0.89,48
13,2017-08-14,优,36,100,17,35,7,23,0.95,41
14,2017-08-15,优,29,59,12,27,7,23,0.95,32
15,2017-08-16,优,34,81,16,33,7,30,0.93,22
16,2017-08-17,优,41,119,20,41,8,33,0.95,16
17,2017-08-18,优,40,102,22,40,7,27,0.89,25
18,2017-08-19,优,49,188,24,50,7,30,0.89,31
19,2017-08-20,良,52,219,26,55,8,30,0.94,44
20,2017-08-21,良,53,172,30,54,8,32,0.9,56
21,2017-08-22,良,59,224,29,59,9,34,0.84,72
22,2017-08-23,优,26,20,17,22,7,28,0.9,41
23,2017-08-24,优,23,3,12,20,6,19,0.89,42
24,2017-08-25,优,30,47,16,29,6,22,0.85,36
25,2017-08-26,优,42,149,22,38,7,28,0.9,53
26,2017-08-27,优,38,101,19,37,7,29,0.88,47
27,2017-08-28,优,29,58,15,27,6,20,0.82,47
28,2017-08-29,优,22,15,11,18,6,19,0.81,28
29,2017-08-30,优,34,117,16,33,7,22,0.87,34
30,2017-08-31,良,57,274,28,61,10,34,1.02,44
0,2017-07-01,优,28,68,12,27,7,23,0.98,33
1,2017-07-02,优,23,16,11,22,7,28,1.0,18
2,2017-07-03,优,24,37,12,21,6,22,1.01,32
3,2017-07-04,优,23,19,10,22,6,17,0.93,30
4,2017-07-05,优,27,37,13,26,6,19,0.9,34
5,2017-07-06,优,29,55,14,28,7,19,0.89,38
6,2017-07-07,优,30,69,15,28,6,19,0.89,36
7,2017-07-08,优,21,10,10,19,6,14,0.83,39
8,2017-07-09,优,20,3,9,18,6,14,0.84,34
9,2017-07-10,优,25,14,11,24,6,18,0.86,28
10,2017-07-11,优,28,23,14,27,6,17,0.89,33
11,2017-07-12,优,26,22,12,25,7,20,0.86,27
12,2017-07-13,优,31,37,15,30,7,22,0.88,24
13,2017-07-14,优,37,57,18,36,7,23,0.88,26
14,2017-07-15,优,38,86,18,36,8,21,0.87,39
15,2017-07-16,优,37,75,20,34,7,24,0.87,43
16,2017-07-17,优,31,49,14,27,7,22,0.91,42
17,2017-07-18,优,29,52,13,28,6,25,0.9,25
18,2017-07-19,优,23,19,9,20,6,16,0.86,36
19,2017-07-20,优,24,21,11,23,6,19,0.89,25
20,2017-07-21,优,37,68,18,36,6,25,0.92,26
21,2017-07-22,良,59,220,34,64,8,36,1.06,39
22,2017-07-23,良,60,200,36,64,9,34,1.03,53
23,2017-07-24,良,55,176,37,57,7,25,0.94,61
24,2017-07-25,优,47,109,26,47,7,27,0.91,52
25,2017-07-26,良,57,156,32,59,8,34,0.94,59
26,2017-07-27,良,69,237,41,87,9,53,1.14,45
27,2017-07-28,良,66,238,40,74,8,47,1.14,62
28,2017-07-29,良,74,299,49,82,9,37,1.19,74
29,2017-07-30,良,86,317,63,94,8,40,1.17,75
30,2017-07-31,良,78,279,54,87,8,40,1.16,69
0,2017-06-01,优,45,77,23,46,7,25,0.93,57
1,2017-06-02,优,46,111,22,46,7,29,0.95,63
2,2017-06-03,良,54,151,26,56,7,27,0.94,76
3,2017-06-04,优,46,100,21,46,7,22,0.88,62
4,2017-06-05,优,42,86,16,40,7,19,0.84,59
5,2017-06-06,优,35,32,12,31,7,22,0.85,51
6,2017-06-07,优,39,48,20,38,7,32,1.03,33
7,2017-06-08,优,27,20,15,26,6,28,0.97,21
8,2017-06-09,优,20,9,10,19,6,21,0.83,28
9,2017-06-10,优,25,21,12,24,6,24,0.83,26
10,2017-06-11,优,29,32,16,28,6,21,0.81,35
11,2017-06-12,优,35,63,18,34,6,22,0.79,48
12,2017-06-13,优,42,120,19,40,7,31,0.84,49
13,2017-06-14,优,42,120,17,41,7,33,0.91,28
14,2017-06-15,优,38,85,16,36,7,23,0.83,42
15,2017-06-16,优,27,23,12,25,7,27,0.9,25
16,2017-06-17,优,36,58,16,35,8,27,0.98,47
17,2017-06-18,良,51,115,27,49,9,33,1.0,64
18,2017-06-19,良,54,168,33,56,7,30,1.05,55
19,2017-06-20,优,34,43,19,33,7,29,0.96,30
20,2017-06-21,优,32,47,15,30,6,29,0.95,25
21,2017-06-22,优,33,65,15,31,6,20,0.86,35
22,2017-06-23,优,36,71,20,35,7,19,0.85,43
23,2017-06-24,优,35,85,20,33,7,18,0.79,44
24,2017-06-25,优,33,76,16,32,7,21,0.77,39
25,2017-06-26,优,35,58,16,32,7,24,0.87,40
26,2017-06-27,优,38,57,16,37,8,31,0.99,26
27,2017-06-28,优,35,48,16,34,7,26,0.93,33
28,2017-06-29,优,28,38,13,27,7,19,0.86,27
29,2017-06-30,优,28,41,12,27,7,23,0.98,30
0,2017-05-01,优,47,25,26,46,7,25,0.94,56
1,2017-05-02,优,49,60,29,49,7,23,0.85,54
2,2017-05-03,优,50,99,26,51,7,24,0.8,53
3,2017-05-04,优,40,57,16,33,7,24,0.83,70
4,2017-05-05,良,52,74,26,50,9,36,0.95,68
5,2017-05-06,良,55,58,34,59,7,40,0.97,55
6,2017-05-07,优,50,62,32,46,7,26,0.93,46
7,2017-05-08,优,34,13,16,30,7,21,0.77,42
8,2017-05-09,优,37,13,20,36,7,27,0.93,52
9,2017-05-10,优,42,16,24,41,7,27,0.85,43
10,2017-05-11,优,33,12,16,32,7,27,0.79,34
11,2017-05-12,优,31,7,15,25,7,30,0.93,47
12,2017-05-13,良,54,91,29,52,8,37,1.0,64
13,2017-05-14,优,50,69,29,48,8,28,0.96,62
14,2017-05-15,优,31,19,10,24,7,23,0.89,49
15,2017-05-16,优,40,31,16,35,8,26,0.91,69
16,2017-05-17,良,68,145,42,79,10,52,1.21,38
17,2017-05-18,优,50,37,33,45,8,36,0.98,51
18,2017-05-19,优,47,46,29,46,7,37,0.99,57
19,2017-05-20,优,47,63,32,43,6,32,1.05,42
20,2017-05-20,优,47,63,32,43,6,32,1.05,42
21,2017-05-21,优,35,32,19,32,6,27,1.03,44
22,2017-05-22,优,40,86,22,39,6,27,1.0,35
23,2017-05-23,优,41,73,22,40,6,30,0.95,46
24,2017-05-24,优,25,2,13,24,6,22,0.99,40
25,2017-05-25,优,36,27,18,35,8,24,0.86,63
26,2017-05-26,良,55,93,25,55,12,43,0.88,66
27,2017-05-27,良,74,146,43,86,13,58,1.05,66
28,2017-05-28,良,83,155,53,101,13,63,1.14,72
29,2017-05-29,良,87,209,57,101,11,59,1.17,86
30,2017-05-30,优,50,57,30,49,8,28,0.96,76
31,2017-05-31,优,38,37,20,36,7,22,0.96,53
0,2017-04-01,良,54,76,31,51,14,33,1.06,69
1,2017-04-02,良,74,164,52,81,14,41,1.12,63
2,2017-04-03,良,66,90,45,66,11,25,0.98,102
3,2017-04-04,良,51,40,30,49,10,16,0.87,84
4,2017-04-05,良,51,51,26,50,10,21,0.88,61
5,2017-04-06,优,46,41,26,46,10,27,0.97,36
6,2017-04-07,优,47,54,28,46,9,24,0.98,33
7,2017-04-08,优,40,38,20,39,9,26,0.96,33
8,2017-04-09,优,41,89,21,40,9,22,0.9,43
9,2017-04-10,良,58,211,33,63,9,30,1.02,58
10,2017-04-11,良,52,143,31,52,10,23,1.17,45
11,2017-04-12,优,44,60,21,46,12,31,1.04,62
12,2017-04-13,良,66,139,40,72,14,41,1.17,75
13,2017-04-14,良,56,47,37,56,10,30,1.26,56
14,2017-04-15,优,45,23,27,42,9,27,1.13,61
15,2017-04-16,优,43,19,23,42,9,28,0.94,41
16,2017-04-17,优,38,26,20,37,10,30,0.88,32
17,2017-04-18,优,47,51,28,48,10,32,1.0,39
18,2017-04-19,良,54,88,35,54,9,33,1.01,33
19,2017-04-20,良,51,98,33,52,8,21,0.9,64
20,2017-04-21,优,43,59,22,37,7,17,0.84,65
21,2017-04-22,优,44,37,13,41,8,21,0.68,73
22,2017-04-23,良,64,146,39,74,10,48,0.92,33
23,2017-04-23,良,64,146,39,74,10,48,0.92,33
24,2017-04-24,良,69,165,49,77,8,47,1.1,15
25,2017-04-25,良,61,184,37,68,7,41,1.19,31
26,2017-04-26,良,52,157,32,55,7,31,1.07,38
27,2017-04-27,优,30,13,10,28,9,22,1.02,57
28,2017-04-28,良,55,85,31,58,14,35,1.0,77
29,2017-04-29,良,84,239,57,103,13,52,1.06,71
30,2017-04-30,良,60,61,39,64,9,28,1.03,94
0,2017-03-01,良,94,269,69,94,14,43,1.3,39
1,2017-03-02,良,93,330,68,118,17,55,1.36,44
2,2017-03-03,良,76,165,55,91,16,36,1.21,87
3,2017-03-04,良,70,103,50,73,11,29,1.23,76
4,2017-03-05,良,67,156,47,71,11,37,1.27,48
5,2017-03-06,优,41,35,25,43,12,28,1.2,44
6,2017-03-07,良,56,153,38,53,13,34,1.35,32
7,2017-03-08,优,34,12,21,32,11,26,1.34,46
8,2017-03-09,优,48,48,33,40,11,34,1.43,32
9,2017-03-10,优,37,21,25,35,9,38,1.34,12
10,2017-03-11,优,42,39,27,39,10,32,1.34,20
11,2017-03-12,优,46,77,29,45,9,33,1.18,15
12,2017-03-13,良,55,192,34,58,10,34,1.13,32
13,2017-03-14,优,38,40,20,37,9,25,1.03,39
14,2017-03-15,优,35,27,22,33,9,31,1.1,19
15,2017-03-16,优,22,4,14,18,8,30,1.13,10
16,2017-03-17,优,35,19,23,31,9,30,1.22,7
17,2017-03-18,优,28,14,18,24,9,30,1.24,6
18,2017-03-19,优,28,7,17,26,9,34,1.27,9
19,2017-03-20,优,46,64,28,45,9,34,1.13,23
20,2017-03-21,优,39,28,25,37,9,28,1.25,16
21,2017-03-22,优,46,97,31,43,9,40,1.22,19
22,2017-03-23,优,50,113,32,50,9,27,1.09,33
23,2017-03-24,优,46,79,29,44,9,24,0.92,45
24,2017-03-25,优,25,6,12,21,9,20,1.08,42
25,2017-03-26,良,53,87,21,59,12,25,0.84,63
26,2017-03-27,良,71,173,43,89,16,51,1.03,30
27,2017-03-28,良,56,56,39,45,9,45,1.12,25
28,2017-03-29,优,45,20,30,44,8,42,1.3,16
29,2017-03-30,良,52,76,33,51,9,31,1.17,24
30,2017-03-31,优,34,12,20,30,9,23,1.11,50
0,2017-02-01,良,94,274,69,82,11,18,1.41,45
1,2017-02-02,良,94,236,70,86,11,19,1.5,38
2,2017-02-03,轻度污染,103,228,77,95,12,27,1.59,43
3,2017-02-04,良,87,169,63,76,11,29,1.51,25
4,2017-02-05,优,50,68,34,41,10,23,1.35,36
5,2017-02-06,优,49,86,34,41,11,20,1.07,49
6,2017-02-07,良,58,155,41,51,10,24,1.08,51
7,2017-02-08,优,40,60,26,34,10,19,1.2,42
8,2017-02-09,优,43,74,24,39,13,14,1.18,67
9,2017-02-10,良,79,239,57,70,16,17,1.14,74
10,2017-02-11,良,78,205,56,71,18,20,1.09,72
11,2017-02-12,良,76,122,55,74,19,36,1.09,63
12,2017-02-13,良,99,204,74,109,21,61,1.34,49
13,2017-02-14,轻度污染,119,235,90,125,18,69,1.39,61
14,2017-02-15,良,87,125,64,93,16,55,1.25,52
15,2017-02-16,良,58,49,39,56,13,27,1.18,62
16,2017-02-17,良,53,76,33,55,12,35,1.2,50
17,2017-02-18,良,57,65,33,64,15,42,0.99,50
18,2017-02-19,良,58,52,34,64,14,39,0.94,52
19,2017-02-20,优,49,46,32,48,11,25,0.87,47
20,2017-02-21,优,48,74,30,47,11,24,0.92,44
21,2017-02-22,良,52,122,32,53,11,23,1.06,42
22,2017-02-23,优,34,33,12,33,11,16,0.98,45
23,2017-02-24,优,38,46,21,36,11,16,0.89,56
24,2017-02-25,优,38,48,24,37,12,22,0.88,52
25,2017-02-26,良,59,116,41,62,16,34,0.94,48
26,2017-02-27,良,84,207,62,95,22,45,1.23,49
27,2017-02-28,良,96,232,71,93,19,37,1.28,49
0,2017-01-01,轻度污染,141,188,106,175,20,91,1.52,19
1,2017-01-02,轻度污染,144,194,109,150,16,65,1.43,52
2,2017-01-03,轻度污染,141,168,106,157,16,65,1.54,42
3,2017-01-04,轻度污染,106,127,76,119,15,61,1.24,37
4,2017-01-05,良,79,130,55,99,17,59,1.13,32
5,2017-01-06,良,81,196,57,93,14,51,1.04,27
6,2017-01-07,良,66,176,44,77,12,43,0.96,35
7,2017-01-08,良,68,144,47,72,12,35,1.58,35
8,2017-01-09,良,63,144,44,70,13,35,1.64,33
9,2017-01-10,良,98,227,73,97,13,53,1.51,28
10,2017-01-11,优,32,23,22,21,9,29,1.5,19
11,2017-01-12,优,15,1,5,7,9,22,1.22,29
12,2017-01-13,优,25,29,12,20,9,23,1.06,34
13,2017-01-14,优,46,90,31,43,10,27,1.09,26
14,2017-01-15,优,42,71,29,37,9,30,1.2,23
15,2017-01-16,良,63,131,44,56,10,35,1.28,21
16,2017-01-17,优,33,12,23,27,9,30,1.39,14
17,2017-01-18,优,36,23,24,31,9,34,1.51,9
18,2017-01-19,优,33,23,20,30,9,28,1.45,10
19,2017-01-20,优,43,55,29,41,11,23,1.1,39
20,2017-01-21,良,84,218,62,81,13,25,1.14,48
21,2017-01-22,良,85,203,62,89,13,41,1.14,47
22,2017-01-23,良,90,204,66,98,14,45,1.23,54
23,2017-01-24,轻度污染,106,230,79,106,14,48,1.28,55
24,2017-01-25,轻度污染,117,209,88,112,15,40,1.35,66
25,2017-01-26,轻度污染,103,167,77,99,17,25,1.31,90
26,2017-01-27,良,96,178,71,92,13,19,1.07,86
27,2017-01-28,中度污染,172,237,133,171,22,17,0.93,72
28,2017-01-29,良,59,95,42,49,11,13,0.77,66
29,2017-01-30,良,89,284,65,80,12,18,1.02,57
30,2017-01-31,良,97,301,72,91,14,19,1.29,70
0,2016-12-01,优,46,52,26,47,14,30,0.74,49
1,2016-12-02,良,69,109,48,81,19,48,0.92,37
2,2016-12-03,良,86,129,63,102,21,52,1.02,42
3,2016-12-04,良,93,146,68,114,19,54,1.1,35
4,2016-12-05,轻度污染,103,208,76,114,20,51,1.12,29
5,2016-12-06,良,72,122,48,83,19,45,0.84,47
6,2016-12-07,良,91,133,66,121,25,66,1.03,43
7,2016-12-08,轻度污染,102,154,75,128,24,67,1.04,36
8,2016-12-09,轻度污染,110,210,82,139,21,73,1.11,37
9,2016-12-10,轻度污染,114,248,85,139,20,78,1.17,46
10,2016-12-11,轻度污染,115,231,86,128,18,65,1.13,49
11,2016-12-12,良,60,75,40,64,11,31,0.78,49
12,2016-12-13,良,66,130,46,69,11,38,0.97,24
13,2016-12-14,良,60,174,42,57,13,29,1.16,30
14,2016-12-15,良,66,157,47,62,14,23,1.0,55
15,2016-12-16,良,72,124,52,75,19,30,0.88,70
16,2016-12-17,良,84,116,62,99,21,53,1.03,55
17,2016-12-18,良,99,145,73,114,19,63,1.1,45
18,2016-12-19,轻度污染,130,173,98,124,12,63,1.24,13
19,2016-12-20,良,80,105,56,76,11,45,0.97,24
20,2016-12-21,良,54,81,34,57,11,44,0.89,33
21,2016-12-22,优,32,15,17,31,11,29,1.03,26
22,2016-12-23,良,61,117,38,68,18,44,1.27,53
23,2016-12-24,良,88,198,65,91,15,44,1.24,66
24,2016-12-25,良,59,133,40,56,10,28,0.93,48
25,2016-12-26,优,38,74,23,38,10,31,0.97,20
26,2016-12-27,优,38,67,18,39,13,22,0.87,46
27,2016-12-28,良,62,119,39,71,19,38,0.81,58
28,2016-12-29,良,71,149,48,89,22,51,0.95,48
29,2016-12-30,良,89,153,65,112,26,62,1.09,44
30,2016-12-31,轻度污染,113,169,84,151,26,74,1.35,43
0,2016-11-01,优,31,40,14,30,12,18,0.77,32
1,2016-11-02,优,37,54,20,36,14,21,0.82,40
2,2016-11-03,优,45,61,26,46,15,27,0.85,55
3,2016-11-04,良,70,126,48,87,21,55,1.01,55
4,2016-11-05,良,76,110,54,89,16,48,0.95,62
5,2016-11-06,良,66,88,44,72,13,39,0.83,56
6,2016-11-07,良,63,119,43,67,12,39,0.8,34
7,2016-11-08,优,35,69,22,27,9,27,0.99,23
8,2016-11-09,优,16,4,5,12,8,19,0.76,29
9,2016-11-10,优,22,25,12,21,9,27,0.81,26
10,2016-11-11,优,41,52,24,41,13,34,0.89,31
11,2016-11-12,良,57,77,38,62,11,47,1.15,11
12,2016-11-13,良,53,61,31,61,9,33,1.0,33
13,2016-11-14,优,43,30,22,42,9,32,0.78,29
14,2016-11-15,优,49,62,30,50,9,32,0.73,57
15,2016-11-16,优,49,56,28,50,10,33,0.74,40
16,2016-11-17,良,53,82,31,55,9,32,0.75,45
17,2016-11-18,良,61,88,38,70,11,40,0.84,38
18,2016-11-19,良,67,120,46,68,11,33,0.85,41
19,2016-11-20,优,41,46,23,40,9,35,0.78,18
20,2016-11-21,优,43,106,23,42,9,28,0.77,22
21,2016-11-22,优,38,155,22,37,8,26,0.73,23
22,2016-11-23,优,24,65,11,23,10,21,0.98,19
23,2016-11-24,优,28,46,11,27,9,20,0.71,30
24,2016-11-25,优,21,14,13,19,8,25,0.79,15
25,2016-11-26,优,24,32,13,23,10,20,0.72,28
26,2016-11-27,优,42,49,24,43,13,33,0.75,43
27,2016-11-28,良,65,101,42,77,18,48,0.91,42
28,2016-11-29,良,74,152,51,95,20,48,0.96,51
29,2016-11-30,良,60,72,40,67,17,30,0.77,55
0,2016-10-01,优,43,92,24,39,12,19,0.82,75
1,2016-10-02,良,57,197,35,58,15,30,0.89,67
2,2016-10-03,良,68,246,42,79,21,39,0.96,59
3,2016-10-04,良,78,283,50,98,18,46,1.03,56
4,2016-10-05,良,71,253,46,84,18,39,0.94,78
5,2016-10-06,良,72,256,47,83,20,44,0.9,82
6,2016-10-07,良,88,327,60,112,23,55,1.0,74
7,2016-10-08,良,85,348,62,101,18,41,1.0,60
8,2016-10-09,良,67,291,46,72,16,27,0.87,91
9,2016-10-10,良,70,280,47,75,18,28,0.82,103
10,2016-10-11,良,75,296,51,84,20,33,0.82,109
11,2016-10-12,良,71,245,51,80,17,23,0.74,111
12,2016-10-13,良,62,190,44,58,12,21,0.75,71
13,2016-10-14,良,54,146,36,54,15,28,0.79,64
14,2016-10-15,良,55,160,34,58,15,35,0.79,66
15,2016-10-16,良,61,180,39,69,17,37,0.82,58
16,2016-10-17,良,59,149,40,62,15,20,0.76,66
17,2016-10-18,良,51,110,34,54,15,20,0.76,51
18,2016-10-19,优,19,4,10,13,8,19,0.77,30
19,2016-10-20,优,26,19,15,24,10,21,0.89,31
20,2016-10-21,优,36,111,19,37,12,27,0.96,23
21,2016-10-22,良,53,250,31,57,11,34,1.01,42
22,2016-10-23,良,59,290,39,65,11,33,0.94,46
23,2016-10-24,优,46,165,29,45,8,25,0.77,54
24,2016-10-25,优,33,56,17,32,10,24,0.65,22
25,2016-10-26,优,29,35,16,28,12,20,0.63,28
26,2016-10-27,优,30,46,15,29,10,23,0.62,29
27,2016-10-28,优,44,183,18,45,11,30,0.69,31
28,2016-10-29,优,45,171,24,47,11,24,0.9,32
29,2016-10-30,优,42,109,22,41,12,21,0.79,40
30,2016-10-31,良,59,265,37,64,17,33,0.87,25
0,2016-09-01,优,26,43,10,22,9,23,0.61,37
1,2016-09-02,优,48,120,26,50,12,27,0.83,48
2,2016-09-03,良,78,249,49,87,15,39,0.84,71
3,2016-09-04,良,83,259,59,99,15,38,0.93,70
4,2016-09-05,良,81,255,59,86,13,35,0.95,63
5,2016-09-06,良,76,271,55,81,11,29,0.89,61
6,2016-09-07,良,78,318,57,79,10,26,0.91,58
7,2016-09-08,优,42,77,27,41,9,17,0.71,57
8,2016-09-09,优,34,53,20,31,9,17,0.66,47
9,2016-09-10,优,21,13,10,18,9,18,0.68,25
10,2016-09-11,优,23,15,10,22,11,16,0.73,40
11,2016-09-12,优,33,31,20,31,11,19,0.81,38
12,2016-09-13,优,44,66,25,44,13,23,0.81,42
13,2016-09-14,良,62,190,43,65,13,29,0.85,55
14,2016-09-15,良,64,227,43,63,14,25,0.75,68
15,2016-09-16,良,64,254,45,67,15,25,0.79,73
16,2016-09-17,良,73,297,52,81,18,33,0.83,70
17,2016-09-18,良,69,290,47,85,23,44,0.85,33
18,2016-09-19,良,63,281,41,68,15,33,0.82,72
19,2016-09-20,良,68,275,48,75,16,29,0.8,96
20,2016-09-21,良,83,287,59,93,16,32,0.83,98
21,2016-09-22,良,91,301,66,109,20,44,0.93,81
22,2016-09-23,良,97,299,70,112,16,43,0.94,77
23,2016-09-24,良,60,127,40,62,12,32,0.74,49
24,2016-09-25,优,33,19,17,31,11,19,0.61,40
25,2016-09-26,优,43,51,21,43,12,27,0.71,47
26,2016-09-27,良,73,270,39,90,18,43,0.89,57
27,2016-09-28,良,65,315,38,78,16,30,0.86,54
28,2016-09-29,优,39,122,14,35,13,20,0.76,70
29,2016-09-30,优,43,125,19,42,13,23,0.72,66
0,2016-08-01,良,65,274,38,70,10,32,0.81,64
1,2016-08-02,良,55,220,33,56,11,27,0.83,55
2,2016-08-03,优,22,6,10,16,8,16,0.75,40
3,2016-08-04,优,23,15,9,18,8,14,0.72,42
4,2016-08-05,优,30,50,14,27,8,16,0.72,38
5,2016-08-06,优,35,64,17,32,8,18,0.73,46
6,2016-08-07,优,46,186,25,43,8,19,0.77,55
7,2016-08-08,优,41,129,20,38,8,18,0.76,57
8,2016-08-09,优,48,170,23,45,11,21,0.69,65
9,2016-08-10,优,47,173,25,47,9,24,0.65,54
10,2016-08-11,优,39,97,22,36,9,29,0.7,47
11,2016-08-12,优,48,153,26,45,9,33,0.81,59
12,2016-08-13,优,26,18,15,23,8,23,0.7,34
13,2016-08-14,优,40,113,19,36,9,25,0.74,45
14,2016-08-15,优,28,39,15,26,9,24,0.69,29
15,2016-08-16,优,30,48,16,28,9,18,0.68,35
16,2016-08-17,优,35,59,17,29,9,18,0.72,50
17,2016-08-18,优,40,90,23,39,9,20,0.69,41
18,2016-08-19,优,22,4,8,14,8,14,0.58,42
19,2016-08-20,优,32,34,14,31,8,21,0.67,33
20,2016-08-21,良,55,167,30,58,11,27,0.81,51
21,2016-08-22,优,46,73,28,45,9,26,0.79,51
22,2016-08-23,优,45,72,24,45,10,24,0.79,51
23,2016-08-24,良,72,241,49,86,13,38,0.95,50
24,2016-08-25,良,79,295,55,98,12,36,0.93,66
25,2016-08-26,良,57,290,36,63,9,32,0.78,59
26,2016-08-27,优,45,123,25,44,9,20,0.84,58
27,2016-08-28,优,41,61,19,41,12,22,0.68,64
28,2016-08-29,良,70,255,42,77,16,36,0.86,75
29,2016-08-30,良,85,317,61,98,14,38,0.88,89
30,2016-08-31,良,71,207,48,72,10,22,0.77,76
0,2016-07-01,优,22,16,7,20,7,16,0.61,28
1,2016-07-02,优,30,70,10,29,8,19,0.64,26
2,2016-07-03,优,30,74,10,29,8,17,0.66,31
3,2016-07-04,优,29,69,11,28,8,17,0.65,32
4,2016-07-05,优,23,24,8,21,7,15,0.62,26
5,2016-07-06,优,27,40,8,24,7,19,0.64,30
6,2016-07-07,优,38,97,16,36,8,23,0.68,40
7,2016-07-08,良,53,199,25,56,9,29,0.69,51
8,2016-07-09,良,59,246,34,66,9,25,0.72,59
9,2016-07-10,良,51,180,27,52,9,20,0.72,57
10,2016-07-11,优,48,166,27,50,8,23,0.71,39
11,2016-07-12,良,52,197,26,54,8,22,0.68,39
12,2016-07-13,优,34,63,14,33,8,21,0.68,37
13,2016-07-14,优,27,25,13,26,8,18,0.69,27
14,2016-07-15,优,37,90,15,36,7,18,0.75,24
15,2016-07-16,优,43,122,18,42,7,17,0.79,35
16,2016-07-17,优,38,83,16,37,7,15,0.82,44
17,2016-07-18,优,38,93,17,37,7,12,0.8,46
18,2016-07-19,优,39,112,16,38,7,14,0.73,46
19,2016-07-20,优,34,87,12,33,8,13,0.64,41
20,2016-07-21,优,36,88,15,35,8,15,0.65,34
21,2016-07-22,优,32,53,11,28,8,14,0.62,48
22,2016-07-23,优,33,59,13,31,8,16,0.62,43
23,2016-07-24,优,34,47,15,33,8,15,0.65,40
24,2016-07-25,优,47,110,21,45,9,24,0.71,54
25,2016-07-26,良,71,276,41,84,10,31,0.84,69
26,2016-07-27,优,39,69,19,39,8,16,0.61,49
27,2016-07-28,优,31,29,14,30,8,21,0.68,26
28,2016-07-29,优,35,43,17,33,8,24,0.75,32
29,2016-07-30,优,46,95,21,42,9,24,0.78,43
30,2016-07-31,良,59,221,32,64,10,29,0.81,59
0,2016-06-01,优,41,70,17,40,8,17,0.68,59
1,2016-06-02,优,49,129,22,49,9,20,0.74,64
2,2016-06-03,良,52,177,22,50,9,20,0.71,72
3,2016-06-04,优,30,19,8,17,7,17,0.7,55
4,2016-06-05,优,29,7,7,16,7,18,0.79,58
5,2016-06-06,优,40,48,20,35,9,20,0.88,62
6,2016-06-07,优,41,49,20,37,8,17,0.83,60
7,2016-06-08,优,34,28,17,27,7,18,0.82,61
8,2016-06-09,优,32,25,15,27,7,19,0.81,51
9,2016-06-10,优,34,56,20,32,7,16,0.83,48
10,2016-06-11,优,39,102,18,38,8,21,0.84,35
11,2016-06-12,优,46,145,20,43,8,20,0.86,49
12,2016-06-13,优,45,103,21,41,9,25,0.88,62
13,2016-06-14,优,49,119,21,49,7,19,0.85,66
14,2016-06-15,优,44,120,16,43,7,17,0.69,72
15,2016-06-16,优,30,20,6,17,6,16,0.63,57
16,2016-06-17,优,48,106,24,48,8,30,0.74,56
17,2016-06-18,优,33,58,16,31,7,20,0.72,53
18,2016-06-19,优,31,57,12,30,7,20,0.67,39
19,2016-06-20,优,31,65,12,30,7,17,0.64,33
20,2016-06-21,优,39,87,16,38,7,25,0.68,29
21,2016-06-22,优,36,67,15,35,8,21,0.66,37
22,2016-06-23,优,31,51,11,29,8,19,0.63,34
23,2016-06-24,优,28,31,10,26,8,18,0.64,40
24,2016-06-25,优,42,142,16,43,8,26,0.72,39
25,2016-06-26,优,41,102,19,41,8,21,0.66,43
26,2016-06-27,优,39,91,14,38,8,22,0.63,38
27,2016-06-28,优,42,103,17,41,9,22,0.64,30
28,2016-06-29,优,37,99,17,36,9,18,0.57,40
29,2016-06-30,优,27,43,11,26,7,18,0.58,26
0,2016-05-01,良,67,132,44,72,7,24,1.03,37
1,2016-05-02,优,44,35,22,43,8,20,0.87,47
2,2016-05-03,良,61,161,40,66,8,27,0.94,50
3,2016-05-04,良,52,62,30,54,8,19,0.84,54
4,2016-05-05,优,50,88,27,50,7,19,0.74,56
5,2016-05-06,良,51,74,26,51,8,21,0.72,47
6,2016-05-07,优,46,89,21,45,7,16,0.69,50
7,2016-05-08,优,43,67,18,42,8,18,0.66,39
8,2016-05-09,优,44,60,20,44,8,18,0.73,42
9,2016-05-10,优,39,50,15,35,9,22,0.89,64
10,2016-05-11,良,70,137,34,79,14,40,0.94,73
11,2016-05-12,良,73,147,51,78,9,33,1.09,59
12,2016-05-13,优,42,24,19,30,7,20,0.96,65
13,2016-05-14,优,41,34,19,33,8,18,0.79,71
14,2016-05-15,优,38,34,14,36,9,22,0.84,41
15,2016-05-16,良,72,264,24,95,11,25,0.71,65
16,2016-05-17,良,89,306,46,126,14,42,0.84,66
17,2016-05-18,良,65,92,40,79,10,27,0.89,77
18,2016-05-19,优,46,38,27,47,10,20,0.85,53
19,2016-05-20,优,33,24,16,28,8,23,0.83,52
20,2016-05-21,优,42,104,17,38,10,24,0.99,60
21,2016-05-22,良,52,171,28,46,10,26,0.88,86
22,2016-05-23,良,61,207,42,64,12,26,0.92,86
23,2016-05-24,优,47,72,29,48,10,26,0.93,28
24,2016-05-25,良,57,155,36,65,8,38,1.04,28
25,2016-05-26,优,37,68,22,36,7,24,0.82,24
26,2016-05-27,优,31,34,15,30,7,17,0.71,44
27,2016-05-28,优,37,63,19,36,7,22,0.79,43
28,2016-05-29,优,38,53,18,37,7,28,0.77,36
29,2016-05-30,优,36,33,17,34,7,21,0.75,38
30,2016-05-31,优,36,44,16,35,8,17,0.68,44
0,2016-04-01,良,70,103,44,86,11,38,0.95,29
1,2016-04-02,良,58,87,35,62,9,30,0.85,27
2,2016-04-03,良,54,148,30,57,9,26,0.78,36
3,2016-04-04,良,55,144,35,59,8,24,0.78,33
4,2016-04-05,良,57,136,36,61,8,19,0.79,41
5,2016-04-06,良,53,172,28,55,9,22,0.78,46
6,2016-04-07,良,65,199,34,78,11,33,0.81,46
7,2016-04-08,良,62,177,41,71,9,28,0.94,40
8,2016-04-09,良,63,177,39,69,9,27,0.96,45
9,2016-04-10,良,57,140,31,61,8,23,0.81,44
10,2016-04-11,良,52,90,27,57,9,28,1.07,50
11,2016-04-12,良,61,133,41,68,7,25,1.02,55
12,2016-04-13,良,62,128,38,68,7,28,1.0,62
13,2016-04-14,良,78,189,54,92,8,28,1.09,61
14,2016-04-15,良,80,231,56,94,8,26,1.0,67
15,2016-04-16,良,92,330,64,111,8,29,1.04,95
16,2016-04-17,良,83,320,53,95,8,20,0.93,67
17,2016-04-18,优,39,34,13,35,9,20,0.69,76
18,2016-04-19,良,59,147,39,61,8,32,0.99,51
19,2016-04-20,优,43,44,22,32,6,25,0.88,67
20,2016-04-21,优,46,57,29,41,7,34,0.94,45
21,2016-04-22,优,36,15,16,28,7,27,0.77,65
22,2016-04-23,优,43,72,24,41,7,22,0.77,70
23,2016-04-24,良,51,116,34,47,7,31,0.9,36
24,2016-04-25,良,56,127,35,56,7,20,0.95,55
25,2016-04-26,良,56,151,35,59,8,24,0.88,78
26,2016-04-27,优,43,41,22,41,8,20,0.81,60
27,2016-04-28,良,57,93,32,61,11,35,0.97,60
28,2016-04-29,良,75,176,54,83,13,42,1.13,51
29,2016-04-30,良,86,225,63,81,7,31,1.15,35
0,2016-03-01,轻度污染,113,310,78,159,19,51,1.24,65
1,2016-03-02,良,89,149,62,109,12,37,0.98,71
2,2016-03-03,良,75,109,53,92,13,34,1.0,62
3,2016-03-04,良,69,89,47,71,11,29,0.95,48
4,2016-03-05,良,61,58,38,68,12,39,0.96,28
5,2016-03-06,良,79,118,57,96,14,38,1.08,32
6,2016-03-07,良,56,70,33,58,12,26,0.99,34
7,2016-03-08,良,51,117,31,54,12,25,0.89,39
8,2016-03-09,良,55,253,34,59,10,26,1.04,38
9,2016-03-10,优,38,92,10,37,10,17,0.89,42
10,2016-03-11,良,55,121,36,55,12,21,0.82,54
11,2016-03-12,良,54,53,38,46,9,32,0.94,27
12,2016-03-13,优,47,69,32,51,10,35,1.23,14
13,2016-03-14,良,75,144,54,83,14,35,1.17,43
14,2016-03-15,良,73,97,53,74,10,45,1.18,17
15,2016-03-16,优,31,5,21,29,8,35,1.22,10
16,2016-03-17,优,39,21,27,36,8,34,1.28,6
17,2016-03-18,良,68,93,47,75,12,37,1.58,11
18,2016-03-19,良,86,163,60,109,11,44,1.48,12
19,2016-03-20,良,72,123,47,84,10,35,1.02,17
20,2016-03-21,良,57,108,35,59,8,32,0.84,16
21,2016-03-22,良,57,121,39,57,8,29,1.12,8
22,2016-03-23,优,44,94,23,47,9,24,1.14,29
23,2016-03-24,优,41,75,25,32,9,27,0.99,55
24,2016-03-25,良,55,113,35,53,11,27,0.8,59
25,2016-03-26,良,83,263,59,108,13,47,0.89,55
26,2016-03-27,良,88,270,63,113,17,43,0.92,61
27,2016-03-28,良,98,281,72,111,14,53,1.0,50
28,2016-03-29,轻度污染,113,335,84,146,13,66,1.07,32
29,2016-03-30,良,90,220,65,108,11,52,1.02,34
30,2016-03-31,良,75,157,53,87,10,38,1.06,33
0,2016-02-01,优,20,24,10,18,9,19,1.12,34
1,2016-02-02,良,77,144,56,67,12,19,1.18,46
2,2016-02-03,良,100,187,74,96,14,34,1.3,33
3,2016-02-04,良,79,165,58,72,10,26,1.16,37
4,2016-02-05,良,70,158,50,71,12,28,0.99,38
5,2016-02-06,良,67,180,47,69,16,24,0.86,66
6,2016-02-07,轻度污染,105,276,78,114,17,32,0.99,56
7,2016-02-08,严重污染,268,336,235,249,48,29,0.96,54
8,2016-02-09,良,80,158,55,73,19,18,0.71,78
9,2016-02-10,良,61,116,41,60,13,16,0.72,78
10,2016-02-11,良,53,104,34,50,11,14,0.76,63
11,2016-02-12,优,50,82,33,48,10,16,0.81,65
12,2016-02-13,良,71,295,51,68,11,21,0.89,71
13,2016-02-14,良,59,325,39,58,11,18,1.1,49
14,2016-02-15,优,39,118,21,38,11,11,0.77,50
15,2016-02-16,良,57,250,35,59,15,22,0.76,56
16,2016-02-17,良,96,339,70,110,18,46,0.94,45
17,2016-02-18,良,92,285,67,115,19,52,1.04,50
18,2016-02-19,轻度污染,134,301,102,139,17,48,1.26,43
19,2016-02-20,轻度污染,111,283,82,135,19,54,1.25,44
20,2016-02-21,轻度污染,112,292,84,139,19,48,1.26,42
21,2016-02-22,良,68,133,48,60,10,31,1.31,29
22,2016-02-23,优,39,57,25,35,10,22,1.09,36
23,2016-02-24,优,37,45,24,33,11,22,0.9,40
24,2016-02-25,良,64,149,46,59,11,32,1.02,23
25,2016-02-26,良,56,123,39,53,11,29,1.06,27
26,2016-02-27,良,72,190,50,82,12,36,1.12,20
27,2016-02-28,良,100,266,71,143,20,53,1.36,22
28,2016-02-29,轻度污染,116,322,84,161,21,59,1.41,40
0,2016-01-01,良,88,117,65,105,14,43,1.34,18
1,2016-01-02,轻度污染,109,148,80,148,20,59,1.5,21
2,2016-01-03,良,93,120,65,126,15,47,1.42,35
3,2016-01-04,良,78,136,52,95,14,50,1.08,40
4,2016-01-05,良,67,174,43,79,14,47,0.98,38
5,2016-01-06,良,76,200,53,91,15,43,1.13,34
6,2016-01-07,良,68,166,47,77,13,37,1.31,39
7,2016-01-08,良,66,147,43,73,12,36,1.59,20
8,2016-01-09,良,77,154,55,92,12,45,1.62,11
9,2016-01-10,优,40,40,26,44,11,37,1.37,14
10,2016-01-11,优,30,41,14,29,10,25,1.14,26
11,2016-01-12,优,43,87,25,43,11,28,1.17,27
12,2016-01-13,良,67,168,47,74,12,31,1.26,18
13,2016-01-14,良,56,82,39,60,11,31,1.74,10
14,2016-01-15,优,30,14,16,29,11,25,1.55,18
15,2016-01-16,优,50,69,34,51,10,35,1.56,13
16,2016-01-17,优,47,84,26,51,13,29,1.4,21
17,2016-01-18,良,62,135,40,71,14,36,1.23,44
18,2016-01-19,良,84,174,61,93,15,40,1.03,52
19,2016-01-20,良,95,240,70,95,10,41,1.17,22
20,2016-01-21,优,37,64,22,35,9,31,1.27,17
21,2016-01-22,优,32,58,20,29,9,27,1.13,19
22,2016-01-23,良,55,174,38,47,12,19,0.91,47
23,2016-01-24,良,55,175,34,59,13,25,0.84,53
24,2016-01-25,良,62,168,40,72,13,33,0.91,47
25,2016-01-26,良,76,212,55,71,13,50,1.04,30
26,2016-01-27,良,58,99,40,46,8,41,1.01,20
27,2016-01-28,良,55,113,39,45,11,49,1.44,5
28,2016-01-29,优,48,108,31,43,11,32,1.38,12
29,2016-01-30,优,50,101,30,50,11,33,1.08,23
30,2016-01-31,优,48,98,33,38,10,36,1.18,15
0,2015-12-01,良,84,183,61,97,14,48,1.24,19
1,2015-12-02,良,75,185,52,89,14,41,1.22,13
2,2015-12-03,优,49,127,27,50,14,23,0.89,39
3,2015-12-04,优,48,118,33,42,12,29,1.07,25
4,2015-12-05,优,17,5,9,12,8,25,1.03,23
5,2015-12-06,优,29,50,12,28,10,20,0.8,44
6,2015-12-07,优,48,85,30,47,11,31,0.89,24
7,2015-12-08,良,61,120,42,58,12,32,0.96,22
8,2015-12-09,良,62,120,42,62,13,34,0.95,14
9,2015-12-10,良,53,102,33,59,14,31,0.91,16
10,2015-12-11,良,58,139,37,62,13,32,1.05,13
11,2015-12-12,良,61,127,42,64,10,29,1.05,10
12,2015-12-13,优,44,62,25,44,10,26,1.21,8
13,2015-12-14,优,47,87,26,46,13,31,1.71,28
14,2015-12-15,良,54,146,28,56,14,31,1.26,22
15,2015-12-16,良,56,198,29,60,14,22,0.92,45
16,2015-12-17,良,59,194,30,66,19,29,0.73,49
17,2015-12-18,良,63,137,35,73,20,38,0.7,55
18,2015-12-19,良,87,194,60,108,27,52,0.87,33
19,2015-12-20,轻度污染,110,202,82,134,25,59,1.06,41
20,2015-12-21,轻度污染,121,183,91,154,17,67,1.09,39
21,2015-12-22,良,100,144,74,86,11,61,1.18,17
22,2015-12-23,优,50,44,35,50,11,39,1.15,10
23,2015-12-24,良,52,76,32,53,12,33,1.06,19
24,2015-12-25,优,48,79,26,49,13,26,0.79,41
25,2015-12-26,良,52,82,36,40,9,34,0.96,37
26,2015-12-27,良,69,159,49,71,13,33,0.94,40
27,2015-12-28,良,82,167,60,92,16,42,1.0,37
28,2015-12-29,优,41,23,28,36,8,32,1.08,36
29,2015-12-30,优,35,25,24,30,10,29,1.08,31
30,2015-12-31,良,56,52,40,58,12,35,1.03,29
0,2015-11-01,优,34,59,13,33,13,21,1.2,41
1,2015-11-02,良,62,129,36,71,16,35,1.07,52
2,2015-11-03,良,76,151,52,96,17,51,1.15,44
3,2015-11-04,良,89,188,65,109,15,48,1.23,44
4,2015-11-05,良,99,262,73,118,14,46,1.29,46
5,2015-11-06,良,61,227,36,70,10,39,0.97,32
6,2015-11-07,优,40,98,21,40,9,26,0.88,21
7,2015-11-08,优,50,117,27,53,9,30,1.01,16
8,2015-11-09,优,37,44,22,39,11,25,1.15,14
9,2015-11-10,优,45,69,29,43,11,29,1.22,24
10,2015-11-11,良,51,96,31,53,11,30,1.24,13
11,2015-11-12,优,22,23,12,21,10,24,1.43,14
12,2015-11-13,优,21,17,11,19,9,25,1.26,21
13,2015-11-14,优,38,57,24,37,10,27,1.29,27
14,2015-11-15,良,65,162,42,69,12,32,1.22,22
15,2015-11-16,优,33,28,15,32,11,24,0.75,26
16,2015-11-17,优,39,79,17,38,10,23,0.7,25
17,2015-11-18,良,53,189,25,58,11,34,0.71,24
18,2015-11-19,良,62,205,38,71,12,31,0.95,24
19,2015-11-20,优,39,44,24,41,10,32,0.7,26
20,2015-11-21,优,31,19,16,30,9,24,0.88,46
21,2015-11-22,良,57,249,35,63,11,35,0.91,44
22,2015-11-23,良,68,316,46,84,12,40,0.98,43
23,2015-11-24,良,78,343,56,88,12,35,0.95,69
24,2015-11-25,优,31,46,16,31,10,22,1.13,22
25,2015-11-26,优,40,92,18,40,13,24,0.9,50
26,2015-11-27,良,56,136,35,58,17,30,0.88,42
27,2015-11-28,良,84,198,61,95,19,42,1.14,25
28,2015-11-29,良,59,83,39,57,14,30,1.07,18
29,2015-11-30,良,61,105,39,69,15,40,1.13,22
0,2015-10-01,良,91,322,65,121,14,37,1.07,64
1,2015-10-02,良,71,207,49,84,13,26,0.96,84
2,2015-10-03,良,76,216,50,101,15,33,0.97,65
3,2015-10-04,良,69,195,43,86,14,22,0.87,66
4,2015-10-05,优,29,30,16,23,9,16,0.83,50
5,2015-10-06,优,40,77,16,41,11,25,0.92,52
6,2015-10-07,良,59,215,26,65,16,33,1.03,51
7,2015-10-08,良,63,273,33,73,17,29,1.04,34
8,2015-10-09,良,64,241,41,74,16,26,0.99,53
9,2015-10-10,优,41,118,25,37,11,22,0.82,53
10,2015-10-11,优,49,158,27,52,13,25,0.83,52
11,2015-10-12,良,73,226,41,94,21,38,0.91,40
12,2015-10-13,良,77,186,49,101,24,44,0.9,49
13,2015-10-14,良,82,161,51,111,21,46,0.93,58
14,2015-10-15,良,94,189,63,135,21,50,1.06,54
15,2015-10-16,轻度污染,103,204,73,150,22,51,1.16,53
16,2015-10-17,轻度污染,107,235,75,154,21,55,1.24,53
17,2015-10-18,轻度污染,107,284,74,158,24,57,1.24,58
18,2015-10-19,轻度污染,122,318,89,181,25,58,1.28,57
19,2015-10-20,轻度污染,125,308,94,178,24,59,1.21,62
20,2015-10-21,轻度污染,124,308,91,177,24,58,1.2,69
21,2015-10-22,轻度污染,122,317,88,169,24,58,1.17,63
22,2015-10-23,轻度污染,114,281,81,166,21,57,1.17,55
23,2015-10-24,轻度污染,107,280,78,151,18,53,1.15,59
24,2015-10-25,轻度污染,121,325,88,169,17,61,1.25,48
25,2015-10-26,良,66,173,39,80,11,35,0.93,36
26,2015-10-27,良,66,235,37,80,12,36,0.91,37
27,2015-10-28,良,59,161,35,66,11,25,0.94,27
28,2015-10-29,优,48,119,22,48,10,22,0.85,40
29,2015-10-30,优,49,128,23,50,10,23,0.92,32
30,2015-10-31,优,34,51,16,33,12,21,1.06,26
0,2015-09-01,优,38,67,24,36,10,30,0.97,32
1,2015-09-02,优,25,28,15,23,8,21,0.8,33
2,2015-09-03,优,22,7,10,21,9,19,0.71,28
3,2015-09-04,优,28,27,13,27,9,18,0.75,29
4,2015-09-05,优,38,83,16,37,10,19,0.81,35
5,2015-09-06,优,44,134,18,44,10,22,0.83,46
6,2015-09-07,优,40,69,19,40,9,25,0.82,32
7,2015-09-08,优,25,9,13,23,8,22,0.89,32
8,2015-09-09,优,39,82,21,38,9,19,0.84,53
9,2015-09-10,良,56,204,33,61,10,37,0.93,56
10,2015-09-11,良,74,301,52,90,10,38,1.09,56
11,2015-09-12,优,44,151,26,45,10,21,0.96,50
12,2015-09-13,优,40,50,18,38,13,17,0.85,63
13,2015-09-14,良,63,188,41,69,15,23,0.95,64
14,2015-09-15,良,75,260,54,87,17,31,1.09,69
15,2015-09-16,良,84,289,61,89,14,32,1.13,75
16,2015-09-17,良,59,143,41,53,9,23,1.01,59
17,2015-09-18,优,36,44,21,35,9,25,0.94,31
18,2015-09-19,优,44,96,23,43,10,26,0.97,17
19,2015-09-20,优,20,4,8,18,9,20,0.92,35
20,2015-09-21,优,29,33,15,28,9,25,1.02,36
21,2015-09-22,优,40,81,23,39,9,26,0.93,29
22,2015-09-23,优,32,46,17,31,8,23,0.76,34
23,2015-09-24,优,41,102,21,40,8,20,0.74,35
24,2015-09-25,优,47,133,21,47,9,25,0.73,42
25,2015-09-26,优,49,137,22,52,9,24,0.89,40
26,2015-09-27,良,58,170,33,65,12,25,0.96,60
27,2015-09-28,良,64,248,42,75,10,28,0.99,61
28,2015-09-29,良,76,306,52,96,13,32,0.96,66
29,2015-09-30,良,90,334,61,125,16,41,0.98,56
0,2015-08-01,优,21,12,8,19,8,16,0.58,27
1,2015-08-02,优,22,13,10,21,8,16,0.6,30
2,2015-08-03,优,31,39,15,30,9,24,0.71,18
3,2015-08-04,优,35,61,19,35,9,21,0.7,23
4,2015-08-05,优,49,134,27,52,10,25,0.69,32
5,2015-08-06,良,57,200,30,63,10,28,0.69,42
6,2015-08-07,良,91,340,58,122,13,42,0.93,60
7,2015-08-08,良,94,340,62,135,14,45,0.96,52
8,2015-08-09,良,73,315,46,94,15,36,0.82,56
9,2015-08-10,良,82,335,49,112,18,40,0.83,53
10,2015-08-11,良,78,319,50,97,11,33,0.83,65
11,2015-08-12,良,60,214,36,68,11,23,0.8,73
12,2015-08-13,优,41,60,15,41,10,19,0.73,47
13,2015-08-14,优,43,90,14,40,9,24,0.77,42
14,2015-08-15,优,41,91,18,40,9,20,0.84,36
15,2015-08-16,优,37,54,16,36,9,20,0.82,37
16,2015-08-17,优,37,64,15,37,8,17,0.84,42
17,2015-08-18,优,42,84,17,41,9,15,0.75,48
18,2015-08-19,优,41,77,18,40,9,20,0.72,46
19,2015-08-20,优,47,144,20,46,13,21,0.83,48
20,2015-08-21,良,56,173,24,62,14,26,0.87,53
21,2015-08-22,良,76,276,43,99,18,36,0.93,54
22,2015-08-23,轻度污染,102,354,63,151,21,45,1.0,63
23,2015-08-24,良,94,353,65,128,18,40,0.95,78
24,2015-08-25,良,96,348,70,125,17,39,1.02,93
25,2015-08-26,良,94,305,69,100,12,28,0.94,108
26,2015-08-27,良,90,302,66,97,11,27,0.92,75
27,2015-08-28,良,54,141,32,57,10,22,0.77,58
28,2015-08-29,优,33,53,16,31,9,20,0.73,37
29,2015-08-30,优,24,14,7,13,9,17,0.91,47
30,2015-08-31,优,29,31,15,25,9,22,0.95,43
0,2015-07-01,良,52,178,21,54,7,17,0.79,77
1,2015-07-02,良,54,187,23,57,8,19,0.83,70
2,2015-07-03,良,58,205,25,63,7,26,0.78,66
3,2015-07-04,优,49,139,26,53,7,31,0.8,33
4,2015-07-05,优,32,36,13,31,9,19,0.76,46
5,2015-07-06,优,48,123,20,48,11,24,0.7,51
6,2015-07-07,良,60,212,30,65,14,29,0.65,70
7,2015-07-08,良,66,222,39,78,13,31,0.67,73
8,2015-07-09,良,61,183,31,70,14,28,0.78,63
9,2015-07-10,良,64,222,43,70,12,22,0.83,62
10,2015-07-11,优,46,117,26,47,10,22,0.82,47
11,2015-07-12,良,77,245,46,101,12,34,0.96,54
12,2015-07-13,良,93,267,63,120,10,46,1.05,64
13,2015-07-14,良,91,262,58,106,10,36,0.99,86
14,2015-07-15,良,62,181,40,70,9,25,0.87,67
15,2015-07-16,良,54,147,29,56,9,26,0.86,72
16,2015-07-17,良,53,166,31,56,9,33,0.91,39
17,2015-07-18,良,67,251,45,72,10,30,1.0,75
18,2015-07-19,良,98,349,73,123,13,41,1.04,78
19,2015-07-20,良,99,338,68,125,16,43,1.03,81
20,2015-07-21,良,54,135,31,56,10,25,0.76,61
21,2015-07-22,优,38,83,14,37,8,18,0.62,39
22,2015-07-23,优,31,58,12,30,9,22,0.7,30
23,2015-07-24,优,27,24,16,24,8,28,0.82,29
24,2015-07-25,优,39,78,22,34,9,25,0.85,53
25,2015-07-26,优,30,25,16,27,8,22,0.77,36
26,2015-07-27,优,17,2,5,11,8,12,0.58,32
27,2015-07-28,优,17,4,5,9,7,13,0.52,31
28,2015-07-29,优,17,4,5,10,8,12,0.53,35
29,2015-07-30,优,18,4,6,14,8,12,0.52,28
30,2015-07-31,优,17,2,5,13,8,11,0.54,31
0,2015-06-01,优,47,72,23,47,8,18,0.72,59
1,2015-06-02,优,44,91,20,44,8,16,0.6,63
2,2015-06-03,优,49,153,20,49,8,19,0.56,51
3,2015-06-04,良,51,162,21,51,8,20,0.6,54
4,2015-06-05,优,36,33,18,30,8,23,0.64,52
5,2015-06-06,优,46,82,24,44,8,26,0.8,42
6,2015-06-07,优,33,34,15,30,8,17,0.57,56
7,2015-06-08,优,37,73,13,35,8,21,0.58,43
8,2015-06-09,良,56,158,29,62,8,32,0.69,34
9,2015-06-10,优,47,97,20,46,8,27,0.69,40
10,2015-06-11,优,38,42,17,34,7,27,0.65,53
11,2015-06-12,优,45,80,23,44,9,28,0.76,50
12,2015-06-13,优,40,69,18,39,7,22,0.68,47
13,2015-06-14,优,39,74,18,38,7,23,0.72,41
14,2015-06-15,优,41,79,17,40,8,20,0.69,36
15,2015-06-16,优,37,53,15,36,8,19,0.64,33
16,2015-06-17,优,41,87,13,40,8,20,0.61,41
17,2015-06-18,优,46,115,18,45,7,22,0.68,52
18,2015-06-19,优,42,85,18,41,8,20,0.79,53
19,2015-06-20,良,52,131,23,55,8,26,0.84,43
20,2015-06-21,优,42,80,15,42,9,19,0.68,50
21,2015-06-22,良,54,151,24,58,8,23,0.73,54
22,2015-06-23,优,44,103,18,43,8,20,0.73,56
23,2015-06-24,优,27,27,11,25,7,14,0.69,42
24,2015-06-25,优,28,21,10,26,7,12,0.7,45
25,2015-06-26,优,40,102,16,39,7,14,0.72,51
26,2015-06-27,优,44,150,17,44,7,16,0.74,54
27,2015-06-28,优,50,182,19,51,7,16,0.77,58
28,2015-06-29,优,43,119,17,43,7,15,0.76,64
29,2015-06-30,良,51,200,19,52,8,15,0.79,77
0,2015-05-01,优,45,48,19,45,8,23,0.87,40
1,2015-05-02,良,55,141,27,58,8,22,0.88,61
2,2015-05-03,良,57,110,32,63,8,19,0.92,66
3,2015-05-04,良,57,128,31,61,9,24,0.92,67
4,2015-05-05,优,50,58,28,53,9,31,0.94,55
5,2015-05-06,良,82,202,56,98,9,35,1.02,53
6,2015-05-07,良,84,201,58,100,9,27,0.94,56
7,2015-05-08,良,52,100,26,54,8,25,0.71,68
8,2015-05-09,良,65,210,45,67,10,36,0.93,35
9,2015-05-10,良,57,133,34,60,9,24,0.9,62
10,2015-05-11,优,48,123,23,45,9,21,0.71,70
11,2015-05-12,良,51,105,18,53,11,24,0.72,79
12,2015-05-13,良,60,106,32,70,10,28,0.79,52
13,2015-05-14,优,42,41,16,41,9,16,0.61,38
14,2015-05-15,优,45,90,16,43,9,19,0.67,51
15,2015-05-16,优,42,63,20,33,8,23,0.78,75
16,2015-05-17,优,45,64,22,42,9,22,0.89,63
17,2015-05-18,优,48,78,24,47,9,19,0.83,57
18,2015-05-19,良,53,130,24,55,9,26,0.82,55
19,2015-05-20,优,42,67,20,41,8,26,0.73,45
20,2015-05-21,优,48,78,27,50,10,31,0.85,45
21,2015-05-22,优,47,79,24,48,9,27,0.81,48
22,2015-05-23,优,33,21,15,31,8,21,0.9,44
23,2015-05-24,良,52,82,28,56,10,30,1.18,54
24,2015-05-25,良,57,102,35,58,8,29,1.12,66
25,2015-05-26,良,52,88,24,53,8,19,0.78,55
26,2015-05-27,良,54,99,21,56,8,20,0.7,54
27,2015-05-28,良,56,125,22,60,8,21,0.68,59
28,2015-05-29,良,59,187,26,66,8,21,0.73,70
29,2015-05-30,良,56,161,27,60,8,29,0.76,66
30,2015-05-31,优,46,68,24,46,8,29,0.8,57
0,2015-04-01,良,51,93,24,53,9,22,0.67,47
1,2015-04-02,良,60,174,32,67,8,25,0.76,64
2,2015-04-03,良,68,195,43,84,9,32,0.89,61
3,2015-04-04,良,66,174,41,78,8,22,0.86,72
4,2015-04-05,良,58,144,38,62,9,16,0.86,64
5,2015-04-06,良,55,175,37,55,9,16,0.8,53
6,2015-04-07,优,44,119,29,43,9,22,1.17,35
7,2015-04-08,优,37,47,22,35,10,20,1.16,54
8,2015-04-09,优,33,17,23,27,8,27,1.17,28
9,2015-04-10,优,35,41,22,31,9,28,1.0,37
10,2015-04-11,良,67,149,47,64,13,32,1.04,50
11,2015-04-12,良,78,248,49,103,17,44,0.97,58
12,2015-04-13,轻度污染,113,348,73,173,22,66,1.0,58
13,2015-04-14,轻度污染,112,333,74,160,22,54,0.86,87
14,2015-04-15,良,93,212,62,109,16,35,0.8,120
15,2015-04-16,良,82,133,51,98,13,35,0.8,86
16,2015-04-17,良,63,57,36,72,11,24,0.71,71
17,2015-04-18,良,70,132,44,84,10,27,0.87,74
18,2015-04-19,良,82,282,54,106,10,26,1.07,100
19,2015-04-20,良,63,197,33,73,10,28,1.07,58
20,2015-04-21,良,59,151,27,65,13,26,1.0,88
21,2015-04-22,良,74,222,47,85,16,38,1.01,73
22,2015-04-23,良,78,201,56,89,16,35,1.01,64
23,2015-04-24,良,91,251,64,116,20,37,0.96,45
24,2015-04-25,良,77,161,43,101,18,38,0.91,59
25,2015-04-26,良,97,251,62,125,14,45,1.07,69
26,2015-04-27,良,75,154,51,80,12,24,0.96,84
27,2015-04-28,良,61,94,36,70,12,27,0.9,55
28,2015-04-29,良,64,125,36,76,10,29,0.84,46
29,2015-04-30,优,50,39,25,51,9,24,0.84,44
0,2015-03-01,优,37,58,22,36,9,17,0.99,55
1,2015-03-02,良,84,226,61,77,10,31,1.07,44
2,2015-03-03,良,54,90,37,57,9,28,1.11,33
3,2015-03-04,良,57,174,39,55,10,26,1.02,45
4,2015-03-05,优,41,79,28,33,7,30,1.15,15
5,2015-03-06,优,28,32,18,23,8,20,0.95,26
6,2015-03-07,优,39,37,26,34,7,27,0.99,20
7,2015-03-08,优,43,54,30,38,9,33,1.25,6
8,2015-03-09,优,46,67,32,40,12,29,1.13,10
9,2015-03-10,优,35,18,24,28,8,29,1.03,25
10,2015-03-11,优,23,9,15,18,8,25,1.05,24
11,2015-03-12,良,53,90,34,54,12,33,1.13,36
12,2015-03-13,优,31,8,21,26,7,29,1.25,11
13,2015-03-14,优,42,14,28,40,8,33,1.25,10
14,2015-03-15,良,57,56,37,54,8,25,0.89,28
15,2015-03-16,良,58,75,37,60,9,28,0.83,38
16,2015-03-17,良,59,108,39,64,10,21,0.78,60
17,2015-03-18,良,67,187,46,77,9,27,0.82,64
18,2015-03-19,良,74,184,53,87,10,25,0.87,78
19,2015-03-20,良,76,176,55,89,10,30,0.82,52
20,2015-03-21,良,84,206,59,96,11,30,1.08,40
21,2015-03-22,良,86,192,63,101,13,42,1.08,53
22,2015-03-23,良,72,202,52,72,10,36,1.0,53
23,2015-03-24,优,31,11,21,26,8,31,1.03,38
24,2015-03-25,优,43,37,29,38,9,28,1.01,39
25,2015-03-26,良,82,241,60,86,11,39,1.12,26
26,2015-03-27,轻度污染,116,309,87,130,12,50,1.29,23
27,2015-03-28,良,99,238,72,115,11,41,1.12,42
28,2015-03-29,良,56,63,31,58,10,32,0.76,46
29,2015-03-30,优,47,46,24,47,10,22,0.69,42
30,2015-03-31,优,45,51,20,45,9,19,0.66,44
0,2015-02-01,良,55,89,39,47,8,28,1.26,16
1,2015-02-02,良,94,184,69,97,12,38,1.36,11
2,2015-02-03,良,95,159,70,92,12,39,1.49,9
3,2015-02-04,优,40,26,25,38,9,29,1.22,18
4,2015-02-05,轻度污染,102,242,76,98,15,40,1.26,35
5,2015-02-06,轻度污染,139,321,105,146,26,55,1.4,53
6,2015-02-07,中度污染,192,356,145,180,20,61,1.51,37
7,2015-02-08,中度污染,163,348,124,181,22,59,1.46,50
8,2015-02-09,轻度污染,139,331,105,175,23,71,1.19,52
9,2015-02-10,中度污染,188,345,142,195,28,68,1.17,48
10,2015-02-11,中度污染,167,300,128,138,17,47,1.28,34
11,2015-02-12,轻度污染,148,258,112,164,16,60,1.54,26
12,2015-02-13,重度污染,211,353,160,202,15,80,1.55,24
13,2015-02-14,中度污染,164,273,128,138,11,56,1.38,28
14,2015-02-15,良,90,154,66,82,8,35,1.08,37
15,2015-02-16,良,85,132,62,81,9,35,1.12,40
16,2015-02-17,良,72,120,52,64,9,24,0.83,60
17,2015-02-18,良,74,126,53,61,9,16,0.82,57
18,2015-02-19,轻度污染,121,214,90,116,14,17,0.89,57
19,2015-02-20,良,55,142,37,56,8,11,0.74,72
20,2015-02-21,良,51,120,35,48,9,12,0.72,53
21,2015-02-22,优,43,51,30,40,7,13,0.74,39
22,2015-02-23,优,50,92,35,45,8,15,0.79,40
23,2015-02-24,优,37,38,23,34,8,14,0.7,48
24,2015-02-25,优,38,53,24,35,8,14,0.7,58
25,2015-02-26,优,48,111,31,45,10,18,0.79,61
26,2015-02-27,优,46,149,29,44,10,16,0.81,55
27,2015-02-28,优,49,183,32,48,9,18,0.87,50
0,2015-01-01,轻度污染,132,322,99,165,32,64,1.4,65
1,2015-01-02,轻度污染,132,549,99,170,28,73,1.31,61
2,2015-01-03,轻度污染,123,194,91,156,21,65,1.26,59
3,2015-01-04,良,82,59,60,84,13,44,1.04,49
4,2015-01-05,良,57,39,37,58,11,36,0.89,35
5,2015-01-06,良,54,92,36,50,10,38,1.03,11
6,2015-01-07,良,71,145,50,69,17,28,1.23,39
7,2015-01-08,良,73,118,52,75,20,29,1.17,52
8,2015-01-09,良,88,128,64,96,22,33,1.07,41
9,2015-01-10,优,39,14,26,34,10,27,0.91,34
10,2015-01-11,优,33,13,22,26,9,32,0.97,26
11,2015-01-12,优,32,14,21,30,11,28,0.88,23
12,2015-01-13,良,76,162,55,82,18,36,1.06,39
13,2015-01-14,轻度污染,108,215,80,126,20,52,1.23,39
14,2015-01-15,轻度污染,129,234,98,155,19,62,1.4,34
15,2015-01-16,轻度污染,150,262,113,185,21,69,1.5,36
16,2015-01-17,中度污染,152,302,114,186,25,64,1.52,45
17,2015-01-18,中度污染,151,324,114,176,24,62,1.39,59
18,2015-01-19,轻度污染,149,326,113,171,25,61,1.32,53
19,2015-01-20,中度污染,187,346,142,222,24,75,1.43,49
20,2015-01-21,重度污染,204,360,156,250,26,77,1.59,44
21,2015-01-22,中度污染,167,326,126,202,24,66,1.5,50
22,2015-01-23,轻度污染,116,162,87,123,16,46,1.13,87
23,2015-01-24,良,63,37,38,74,13,25,0.83,89
24,2015-01-25,良,72,63,51,86,12,36,0.95,67
25,2015-01-26,良,88,104,64,105,13,43,1.07,37
26,2015-01-27,良,74,151,53,81,10,39,0.95,42
27,2015-01-28,良,63,221,42,62,10,26,0.88,67
28,2015-01-29,良,57,157,35,63,10,27,1.03,56
29,2015-01-30,优,43,60,24,43,10,25,1.11,15
30,2015-01-31,优,46,43,31,41,8,28,1.08,18
0,2014-12-01,良,62,58,36,67,16,23,1.25,56
1,2014-12-02,良,76,130,55,73,19,23,1.09,54
2,2014-12-03,优,29,4,20,21,8,35,1.2,12
3,2014-12-04,优,29,27,16,26,12,19,0.82,47
4,2014-12-05,良,56,58,32,61,19,32,0.67,50
5,2014-12-06,良,70,56,49,79,21,41,0.82,35
6,2014-12-07,优,48,13,32,44,12,30,0.74,36
7,2014-12-08,良,81,62,59,96,20,42,0.85,47
8,2014-12-09,轻度污染,114,130,85,147,30,61,1.06,18
9,2014-12-10,良,90,89,63,102,20,38,1.01,19
10,2014-12-11,良,54,31,33,57,19,26,0.98,36
11,2014-12-12,良,74,87,47,95,22,26,0.75,49
12,2014-12-13,良,99,132,63,146,35,53,0.91,39
13,2014-12-14,轻度污染,107,103,78,153,36,64,1.0,41
14,2014-12-15,轻度污染,136,127,103,146,23,62,1.15,30
15,2014-12-16,良,85,131,60,113,25,36,0.81,64
16,2014-12-17,良,91,142,56,131,32,50,0.77,58
17,2014-12-18,良,89,88,57,125,29,57,0.85,69
18,2014-12-19,轻度污染,112,130,81,167,43,66,1.04,47
19,2014-12-20,轻度污染,132,174,99,182,38,74,1.21,39
20,2014-12-21,轻度污染,125,177,93,163,28,58,1.13,49
21,2014-12-22,轻度污染,110,140,82,134,29,53,1.05,65
22,2014-12-23,轻度污染,138,134,103,199,28,87,1.28,41
23,2014-12-24,轻度污染,145,120,110,201,34,82,1.23,46
24,2014-12-25,中度污染,182,174,137,182,23,65,1.38,45
25,2014-12-26,轻度污染,130,130,98,108,13,45,1.37,38
26,2014-12-27,轻度污染,106,101,79,84,11,37,1.43,31
27,2014-12-28,轻度污染,113,86,84,105,18,35,1.16,60
28,2014-12-29,轻度污染,117,88,87,153,25,69,1.34,34
29,2014-12-30,轻度污染,112,96,83,154,23,68,1.27,42
30,2014-12-31,轻度污染,130,459,98,183,27,87,1.42,23
0,2014-11-01,良,52,42,27,55,9,29,0.79,30
1,2014-11-02,优,38,18,24,37,8,22,1.03,39
2,2014-11-03,优,42,8,26,44,14,29,0.73,48
3,2014-11-04,良,74,52,50,94,22,55,0.88,34
4,2014-11-05,轻度污染,107,119,79,122,13,61,1.19,17
5,2014-11-06,良,62,38,43,53,10,32,0.96,31
6,2014-11-07,优,37,11,26,27,8,31,0.87,34
7,2014-11-08,优,27,10,13,21,9,25,0.77,45
8,2014-11-09,优,29,5,20,25,9,30,0.92,27
9,2014-11-10,优,23,3,15,20,7,34,1.16,19
10,2014-11-11,优,28,3,17,25,10,28,1.1,14
11,2014-11-12,优,41,29,22,42,14,31,0.95,23
12,2014-11-13,良,74,115,49,95,21,35,0.87,44
13,2014-11-14,良,96,118,69,133,25,54,0.91,52
14,2014-11-15,轻度污染,124,146,91,162,20,64,1.11,27
15,2014-11-16,良,90,77,66,95,15,34,0.95,42
16,2014-11-17,良,73,41,52,88,14,30,0.84,41
17,2014-11-18,良,68,23,44,81,23,29,0.76,46
18,2014-11-19,轻度污染,102,87,76,137,29,49,1.02,45
19,2014-11-20,轻度污染,135,126,102,174,27,64,1.23,41
20,2014-11-21,轻度污染,147,117,111,167,16,77,1.34,38
21,2014-11-22,轻度污染,135,99,102,162,17,59,1.23,55
22,2014-11-23,良,89,86,63,105,11,50,0.93,48
23,2014-11-24,良,61,74,35,71,10,37,0.79,39
24,2014-11-25,良,62,66,38,71,10,32,0.9,42
25,2014-11-26,良,77,80,51,98,15,43,1.35,37
26,2014-11-27,良,81,109,53,93,12,41,0.96,57
27,2014-11-28,良,58,45,33,64,10,31,0.8,49
28,2014-11-29,良,53,31,27,54,11,26,0.74,44
29,2014-11-30,良,63,91,34,75,10,32,0.79,40
0,2014-10-01,良,70,134,50,72,15,22,0.96,66
1,2014-10-02,良,85,140,61,85,14,28,1.01,82
2,2014-10-03,良,56,44,38,58,16,28,0.92,49
3,2014-10-04,良,76,128,55,83,13,33,0.94,54
4,2014-10-05,良,65,76,46,64,10,21,0.82,76
5,2014-10-06,良,86,138,62,99,20,31,0.89,97
6,2014-10-07,轻度污染,111,146,83,127,24,47,1.12,79
7,2014-10-08,轻度污染,126,141,95,143,22,49,1.11,88
8,2014-10-09,轻度污染,124,138,93,139,30,52,1.24,84
9,2014-10-10,轻度污染,118,137,87,129,26,53,1.1,81
10,2014-10-11,轻度污染,122,148,91,135,24,55,1.08,75
11,2014-10-12,轻度污染,108,166,80,122,24,50,1.06,79
12,2014-10-13,轻度污染,126,182,95,133,17,34,0.9,103
13,2014-10-14,轻度污染,134,171,101,150,17,38,0.98,111
14,2014-10-15,中度污染,162,177,122,191,26,58,1.14,91
15,2014-10-16,中度污染,168,179,127,221,21,68,1.23,66
16,2014-10-17,轻度污染,144,162,108,186,19,64,1.22,79
17,2014-10-18,轻度污染,107,97,78,138,15,53,1.09,87
18,2014-10-19,良,79,94,54,98,13,45,0.91,80
19,2014-10-20,良,73,66,46,93,13,49,1.02,31
20,2014-10-21,良,69,60,46,84,10,37,1.0,51
21,2014-10-22,良,54,18,36,56,12,33,0.94,64
22,2014-10-23,良,84,68,61,97,24,51,1.1,63
23,2014-10-24,轻度污染,110,124,82,136,26,62,1.2,58
24,2014-10-25,轻度污染,116,144,87,145,20,61,1.29,48
25,2014-10-26,良,93,84,68,109,15,45,1.11,59
26,2014-10-27,轻度污染,103,137,71,147,17,61,1.14,38
27,2014-10-28,良,82,115,53,94,13,33,0.88,74
28,2014-10-29,良,59,64,35,68,9,32,0.77,43
29,2014-10-30,优,47,42,25,47,8,22,0.7,40
30,2014-10-31,优,43,24,24,41,6,24,0.75,35
0,2014-09-01,优,37,21,16,36,9,25,0.67,24
1,2014-09-02,优,39,32,14,39,10,27,0.71,20
2,2014-09-03,优,46,86,20,47,9,29,0.79,37
3,2014-09-04,良,52,37,25,56,11,28,0.88,45
4,2014-09-05,优,49,30,21,50,8,24,0.73,37
5,2014-09-06,良,63,45,31,72,9,35,0.83,52
6,2014-09-07,良,81,113,47,99,18,41,0.98,71
7,2014-09-08,良,68,90,45,86,12,37,0.97,37
8,2014-09-09,优,34,17,20,32,7,27,0.84,31
9,2014-09-10,优,43,25,23,43,9,23,0.85,40
10,2014-09-11,优,49,52,24,50,9,24,0.89,45
11,2014-09-12,优,45,65,22,46,10,21,0.87,51
12,2014-09-13,良,61,125,34,70,12,31,1.02,45
13,2014-09-14,优,45,67,22,47,8,25,0.87,41
14,2014-09-15,良,57,139,35,62,13,25,0.95,49
15,2014-09-16,优,44,68,23,43,9,11,0.83,56
16,2014-09-17,优,23,5,8,15,5,12,0.62,34
17,2014-09-18,优,28,12,12,27,8,18,0.72,25
18,2014-09-19,良,51,57,26,54,9,28,0.95,32
19,2014-09-20,优,32,10,18,30,9,21,0.92,36
20,2014-09-21,良,55,74,28,60,15,31,0.91,50
21,2014-09-22,良,73,130,45,88,21,40,0.94,62
22,2014-09-23,良,85,159,59,109,25,47,0.92,59
23,2014-09-24,良,94,165,68,119,21,47,0.98,62
24,2014-09-25,轻度污染,111,164,82,148,21,52,1.09,57
25,2014-09-26,良,93,114,68,113,14,42,1.0,65
26,2014-09-27,良,67,71,44,69,10,25,0.84,82
27,2014-09-28,良,56,74,36,60,10,23,0.84,63
28,2014-09-29,优,48,53,27,49,9,21,0.75,52
29,2014-09-30,良,57,120,32,61,11,28,0.75,56
0,2014-08-01,良,83,152,41,111,18,40,0.99,53
1,2014-08-02,良,82,148,40,103,15,37,0.92,69
2,2014-08-03,良,68,93,33,70,14,31,0.85,74
3,2014-08-04,良,61,73,27,70,12,26,0.81,51
4,2014-08-05,良,56,91,23,62,11,31,0.76,39
5,2014-08-06,良,52,68,23,53,11,25,0.84,46
6,2014-08-07,优,44,34,17,43,10,23,0.7,40
7,2014-08-09,优,45,57,21,44,10,21,0.84,45
8,2014-08-10,优,40,21,15,38,9,16,0.74,47
9,2014-08-11,优,44,34,14,44,8,21,0.75,25
10,2014-08-12,优,36,22,15,35,7,24,0.75,21
11,2014-08-13,优,30,12,14,29,10,22,0.93,30
12,2014-08-14,优,21,4,10,17,8,27,0.86,39
13,2014-08-15,优,35,15,20,35,11,29,0.85,36
14,2014-08-16,优,44,25,19,43,8,27,0.8,32
15,2014-08-17,优,43,43,14,42,8,21,0.67,30
16,2014-08-18,优,41,37,14,40,7,20,0.67,31
17,2014-08-19,优,32,26,16,31,8,24,0.71,24
18,2014-08-20,优,32,28,15,31,9,23,0.79,48
19,2014-08-21,良,52,34,27,54,9,24,0.84,53
20,2014-08-23,良,52,43,19,56,9,26,0.73,43
21,2014-08-24,优,49,59,20,50,7,26,0.68,35
22,2014-08-25,良,51,48,20,56,9,28,0.74,34
23,2014-08-26,良,60,66,27,71,13,29,0.73,34
24,2014-08-27,良,58,75,23,67,13,28,0.72,28
25,2014-08-28,优,49,51,18,55,15,26,0.67,29
26,2014-08-29,优,33,14,11,34,8,23,0.65,24
27,2014-08-30,良,67,123,30,83,18,35,0.84,45
28,2014-08-31,良,59,115,29,65,10,30,0.7,52
0,2014-07-01,优,26,6,11,24,9,18,0.67,31
1,2014-07-02,优,34,12,14,32,10,22,0.8,28
2,2014-07-03,优,35,13,13,33,9,16,0.82,33
3,2014-07-04,优,40,18,15,39,10,19,0.8,38
4,2014-07-05,优,38,20,17,36,10,24,0.78,35
5,2014-07-06,优,35,12,15,34,10,25,0.79,28
6,2014-07-07,优,43,10,18,43,11,29,0.85,40
7,2014-07-08,良,53,38,28,55,13,27,0.83,53
8,2014-07-09,优,49,49,21,49,12,24,0.78,45
9,2014-07-10,良,51,48,22,51,11,22,0.77,59
10,2014-07-11,优,45,41,18,44,9,22,0.77,29
11,2014-07-12,优,31,17,13,30,8,19,0.71,34
12,2014-07-13,优,40,37,16,40,11,26,0.83,29
13,2014-07-14,优,49,57,21,52,11,31,0.89,21
14,2014-07-15,优,31,22,14,30,9,19,0.76,36
15,2014-07-16,优,37,39,16,36,10,21,0.8,30
16,2014-07-17,优,36,21,16,35,10,18,0.75,37
17,2014-07-18,良,52,66,23,55,14,24,0.83,47
18,2014-07-19,优,25,6,9,21,7,9,0.72,36
19,2014-07-20,优,21,4,8,19,7,14,0.84,23
20,2014-07-21,优,36,22,15,37,11,22,0.88,24
21,2014-07-22,良,61,93,33,70,18,30,0.93,39
22,2014-07-23,良,69,136,41,87,22,40,1.01,51
23,2014-07-24,良,66,117,37,82,16,34,0.91,52
24,2014-07-25,良,63,105,38,75,11,32,0.94,46
25,2014-07-26,优,41,22,22,41,12,31,0.89,33
26,2014-07-27,优,47,30,25,48,11,28,0.94,35
27,2014-07-28,优,34,12,19,33,11,26,0.91,23
28,2014-07-29,良,51,31,23,55,14,27,0.87,21
29,2014-07-30,良,53,57,24,57,11,24,0.77,42
30,2014-07-31,良,69,110,32,87,20,32,0.84,31
0,2014-06-01,优,44,32,20,43,8,18,0.82,48
1,2014-06-02,优,39,21,17,38,7,14,0.8,52
2,2014-06-03,优,42,25,19,41,8,14,0.78,62
3,2014-06-04,良,52,41,20,51,13,26,1.03,53
4,2014-06-05,优,44,24,22,42,9,25,0.82,42
5,2014-06-06,优,34,12,20,32,10,29,0.88,35
6,2014-06-07,良,53,52,32,57,12,28,1.1,54
7,2014-06-08,良,78,91,53,96,15,30,1.18,67
8,2014-06-09,优,49,36,27,47,9,25,1.02,64
9,2014-06-10,优,42,25,25,41,11,24,0.97,46
10,2014-06-11,良,58,55,40,59,13,21,1.13,51
11,2014-06-12,良,76,73,55,91,22,31,1.15,53
12,2014-06-13,轻度污染,105,114,78,129,23,42,1.23,72
13,2014-06-14,轻度污染,113,122,74,137,20,44,1.28,87
14,2014-06-15,良,95,90,55,104,14,34,1.03,103
15,2014-06-16,良,59,42,28,57,11,23,0.82,67
16,2014-06-17,优,49,36,19,46,13,25,0.79,67
17,2014-06-18,优,46,33,20,45,15,34,1.05,35
18,2014-06-19,优,38,22,16,35,11,18,0.86,58
19,2014-06-20,优,43,49,16,43,11,21,0.76,66
20,2014-06-21,优,48,63,23,48,12,28,0.88,42
21,2014-06-22,优,43,47,22,42,11,22,1.07,51
22,2014-06-23,良,52,51,28,53,11,23,1.16,51
23,2014-06-24,优,44,42,25,44,11,25,1.03,33
24,2014-06-25,优,36,21,17,35,10,17,0.85,44
25,2014-06-26,优,40,29,15,39,10,16,0.77,49
26,2014-06-27,优,42,32,17,42,9,22,0.72,47
27,2014-06-28,良,58,65,27,65,13,28,0.83,44
28,2014-06-29,良,52,53,26,56,12,28,0.78,46
29,2014-06-30,优,49,36,22,51,12,27,0.71,28
0,2014-05-01,良,81,44,58,97,18,37,1.07,73
1,2014-05-02,良,84,89,61,101,16,40,1.19,58
2,2014-05-03,良,66,54,45,78,10,34,1.13,44
3,2014-05-04,优,50,31,28,53,9,26,0.99,53
4,2014-05-05,优,36,22,18,33,10,27,0.89,55
5,2014-05-06,良,70,76,46,83,18,39,1.03,35
6,2014-05-07,良,98,143,71,101,32,42,1.63,54
7,2014-05-08,良,60,41,39,64,9,35,1.21,31
8,2014-05-09,良,54,41,27,57,8,31,1.04,51
9,2014-05-10,良,55,77,24,59,9,23,0.96,72
10,2014-05-11,良,54,89,26,57,10,31,1.09,53
11,2014-05-12,良,62,60,33,72,22,40,1.29,64
12,2014-05-13,良,59,35,34,68,11,28,1.06,63
13,2014-05-14,良,66,71,23,58,32,24,1.33,86
14,2014-05-15,良,60,50,32,69,11,33,1.1,48
15,2014-05-16,良,71,53,46,90,13,34,1.34,53
16,2014-05-17,良,55,31,29,60,8,26,1.18,54
17,2014-05-18,优,48,26,21,48,9,23,1.07,49
18,2014-05-19,良,55,33,27,60,10,29,1.15,50
19,2014-05-20,良,62,45,39,70,10,27,1.12,61
20,2014-05-21,良,67,45,20,47,28,21,1.28,86
21,2014-05-22,良,55,38,21,59,9,26,0.91,62
22,2014-05-23,良,52,50,21,55,8,22,0.93,57
23,2014-05-24,良,52,65,22,54,8,19,0.92,60
24,2014-05-25,优,46,31,20,45,8,18,0.84,57
25,2014-05-26,良,54,36,20,57,11,28,0.88,51
26,2014-05-27,良,60,28,37,68,12,28,0.99,45
27,2014-05-28,良,62,43,35,72,17,28,0.99,56
28,2014-05-29,优,46,17,24,46,9,27,0.9,37
29,2014-05-30,优,48,23,24,47,8,20,0.87,57
30,2014-05-31,优,43,23,21,42,8,17,0.83,56
0,2014-04-01,良,78,82,49,100,15,33,1.03,54
1,2014-04-02,良,84,92,61,95,33,39,1.73,40
2,2014-04-03,良,64,51,45,74,13,38,1.17,42
3,2014-04-04,良,94,128,70,115,21,44,1.23,75
4,2014-04-05,良,80,88,58,77,11,30,1.15,72
5,2014-04-06,良,57,28,37,57,9,36,1.01,74
6,2014-04-07,良,53,17,35,53,9,35,1.06,39
7,2014-04-08,良,51,9,30,53,8,33,1.03,44
8,2014-04-09,良,59,16,34,58,27,35,1.56,38
9,2014-04-10,良,53,15,32,55,9,28,1.04,31
10,2014-04-11,良,51,10,28,53,10,23,0.97,42
11,2014-04-12,良,58,42,30,65,8,27,0.92,34
12,2014-04-13,良,60,53,34,70,10,26,0.93,36
13,2014-04-14,良,74,56,51,94,8,29,1.17,51
14,2014-04-15,良,55,24,32,60,10,23,0.89,37
15,2014-04-16,良,52,21,28,51,30,24,1.33,55
16,2014-04-17,良,55,36,28,59,8,24,1.07,50
17,2014-04-18,良,54,27,30,58,9,24,0.99,42
18,2014-04-19,良,60,88,34,68,10,28,1.12,33
19,2014-04-20,良,65,78,39,78,8,34,1.1,17
20,2014-04-21,良,54,42,28,58,9,26,1.05,31
21,2014-04-22,良,55,42,28,59,8,32,1.08,17
22,2014-04-23,良,64,44,32,67,25,37,1.83,32
23,2014-04-24,良,58,30,33,65,7,27,1.12,20
24,2014-04-25,良,57,49,32,63,6,27,1.01,29
25,2014-04-26,良,57,80,31,63,7,28,1.13,52
26,2014-04-27,优,40,23,22,40,8,26,1.32,40
27,2014-04-28,良,60,52,36,70,15,32,1.27,57
28,2014-04-29,良,83,85,59,111,18,40,1.17,32
29,2014-04-30,良,68,34,44,78,42,33,1.33,58
0,2014-03-01,良,57,72,37,65,11,30,0.83,40
1,2014-03-02,良,63,53,41,70,12,33,1.14,22
2,2014-03-03,良,71,66,51,79,16,37,1.27,15
3,2014-03-04,良,57,44,38,57,11,37,1.26,15
4,2014-03-05,良,81,112,58,91,31,44,1.6,29
5,2014-03-06,良,63,97,45,55,12,38,1.62,8
6,2014-03-07,优,32,10,23,25,10,33,1.46,13
7,2014-03-08,优,32,8,22,29,9,34,1.29,12
8,2014-03-09,良,52,38,31,54,13,34,1.03,27
9,2014-03-10,优,45,16,31,42,12,37,1.23,17
10,2014-03-11,优,37,5,24,37,8,37,1.26,9
11,2014-03-12,良,87,105,61,103,32,53,2.6,17
12,2014-03-13,良,80,110,58,94,15,41,1.49,34
13,2014-03-14,轻度污染,116,167,87,143,21,48,1.25,42
14,2014-03-15,良,98,88,73,97,11,41,1.12,34
15,2014-03-16,良,67,10,49,69,10,46,1.32,11
16,2014-03-17,良,54,4,38,52,7,45,1.62,7
17,2014-03-18,良,70,30,50,82,10,35,1.37,19
18,2014-03-19,良,66,28,44,73,31,33,1.5,22
19,2014-03-20,良,76,85,52,95,11,40,1.18,28
20,2014-03-21,良,66,63,46,78,11,29,0.95,52
21,2014-03-22,良,87,102,64,90,12,43,1.1,25
22,2014-03-23,良,96,99,71,92,13,44,1.32,19
23,2014-03-25,良,69,27,47,79,10,37,1.01,41
24,2014-03-26,良,81,38,54,105,34,46,1.81,46
25,2014-03-27,良,89,56,59,127,14,42,1.13,35
26,2014-03-28,良,61,43,37,70,10,32,0.98,23
27,2014-03-29,良,69,58,41,87,12,36,1.05,25
28,2014-03-30,良,70,47,47,85,10,31,1.08,33
29,2014-03-31,良,59,41,32,67,11,35,0.97,48
0,2014-02-01,良,67,37,48,61,10,18,0.9,70
1,2014-02-02,良,58,20,41,55,10,23,0.9,57
2,2014-02-03,良,76,100,55,77,16,35,1.07,42
3,2014-02-04,良,78,141,57,77,13,29,1.03,54
4,2014-02-05,良,53,105,31,47,33,16,1.17,85
5,2014-02-06,优,34,48,23,30,8,15,1.0,54
6,2014-02-07,优,44,69,30,43,9,21,1.08,33
7,2014-02-08,良,59,70,42,56,9,25,1.2,29
8,2014-02-09,优,39,48,26,33,7,23,1.2,23
9,2014-02-10,良,62,118,45,61,16,18,1.17,55
10,2014-02-11,良,94,117,69,86,23,22,1.19,64
11,2014-02-12,轻度污染,117,126,87,110,35,33,1.76,64
12,2014-02-13,良,72,62,52,64,13,26,1.13,42
13,2014-02-14,良,91,60,67,92,20,29,1.03,55
14,2014-02-15,轻度污染,128,95,96,126,21,38,1.17,45
15,2014-02-16,良,97,100,72,80,7,44,1.48,17
16,2014-02-17,良,64,73,46,56,7,41,1.55,7
17,2014-02-18,优,26,11,16,19,7,26,1.18,22
18,2014-02-19,优,46,37,25,44,26,30,1.56,57
19,2014-02-20,良,90,84,66,107,22,45,1.37,28
20,2014-02-21,中度污染,164,126,124,198,22,91,1.72,28
21,2014-02-22,轻度污染,103,62,77,94,8,51,1.41,21
22,2014-02-23,优,44,2,30,34,7,41,1.13,14
23,2014-02-24,良,66,32,46,73,10,47,1.28,13
24,2014-02-25,良,58,46,40,59,9,35,0.96,26
25,2014-02-26,良,55,19,31,53,25,33,1.61,42
26,2014-02-27,良,83,81,60,96,11,43,1.25,17
27,2014-02-28,良,63,89,44,64,10,30,0.72,31
0,2014-01-01,重度污染,209,180,154,223,61,85,2.09,61
1,2014-01-02,中度污染,194,164,138,187,40,71,1.59,82
2,2014-01-03,中度污染,184,123,139,186,33,75,1.53,61
3,2014-01-04,重度污染,206,171,157,215,48,80,1.69,56
4,2014-01-05,重度污染,202,141,152,216,43,75,1.59,74
5,2014-01-06,中度污染,169,97,128,171,24,48,1.47,92
6,2014-01-07,轻度污染,118,94,89,119,17,38,1.21,67
7,2014-01-08,良,86,117,64,89,41,39,1.62,57
8,2014-01-09,轻度污染,111,146,84,105,32,36,1.25,56
9,2014-01-10,中度污染,162,142,123,179,41,57,1.58,36
10,2014-01-11,中度污染,168,137,127,163,29,54,1.84,23
11,2014-01-12,良,65,40,47,63,23,32,1.51,35
12,2014-01-13,良,70,48,50,75,27,37,1.15,49
13,2014-01-14,良,94,68,70,115,34,58,1.23,40
14,2014-01-15,轻度污染,132,83,100,161,51,70,2.03,61
15,2014-01-16,中度污染,159,106,120,185,37,83,1.81,42
16,2014-01-17,中度污染,170,94,128,195,36,77,1.84,43
17,2014-01-18,中度污染,172,94,130,203,39,73,1.86,40
18,2014-01-19,中度污染,186,111,141,226,37,84,1.86,45
19,2014-01-20,中度污染,190,152,144,220,44,77,1.88,50
20,2014-01-21,轻度污染,136,169,102,173,44,58,1.34,51
21,2014-01-22,轻度污染,145,161,109,203,76,79,1.84,47
22,2014-01-24,良,87,57,64,99,21,40,1.02,76
23,2014-01-25,轻度污染,119,88,89,125,17,56,1.3,27
24,2014-01-26,重度污染,228,172,177,217,24,62,1.9,32
25,2014-01-27,中度污染,179,155,137,170,20,48,1.61,43
26,2014-01-28,良,76,75,55,72,10,23,0.98,72
27,2014-01-29,良,78,59,56,75,27,26,1.34,79
28,2014-01-30,良,80,29,58,83,13,25,1.18,64
29,2014-01-31,重度污染,221,103,200,300,49,25,1.1,69
0,2013-12-01,轻度污染,106,60,80,136,38,61,1.25,43
1,2013-12-02,轻度污染,121,50,102,177,42,80,1.55,39
2,2013-12-03,轻度污染,137,48,106,174,31,78,1.46,44
3,2013-12-04,中度污染,152,52,127,208,59,83,2.09,62
4,2013-12-05,中度污染,174,62,138,235,36,91,1.64,41
5,2013-12-06,中度污染,186,80,137,220,39,78,1.58,59
6,2013-12-07,中度污染,183,58,148,228,46,86,1.72,49
7,2013-12-08,重度污染,211,57,135,190,29,63,1.51,51
8,2013-12-09,中度污染,191,58,149,208,35,73,1.68,54
9,2013-12-10,中度污染,189,106,134,177,36,50,1.62,72
10,2013-12-11,中度污染,169,100,114,175,68,54,2.01,51
11,2013-12-12,轻度污染,146,94,130,170,30,48,1.57,31
12,2013-12-13,中度污染,175,94,126,156,22,49,1.55,33
13,2013-12-14,轻度污染,144,69,69,69,12,45,1.55,35
14,2013-12-15,优,48,7,20,18,10,29,1.32,42
15,2013-12-16,优,32,14,18,23,12,29,1.08,64
16,2013-12-17,优,41,32,37,49,23,30,0.86,59
17,2013-12-18,良,67,55,51,74,45,40,1.47,73
18,2013-12-19,良,77,39,59,82,26,36,0.94,73
19,2013-12-20,良,97,40,81,121,34,53,1.23,54
20,2013-12-21,轻度污染,123,54,108,150,39,57,1.42,62
21,2013-12-22,中度污染,178,80,151,205,41,67,1.65,44
22,2013-12-23,重度污染,202,76,151,205,45,74,1.76,48
23,2013-12-24,重度污染,205,65,153,220,45,74,1.76,53
24,2013-12-25,重度污染,201,56,149,217,69,84,2.29,52
25,2013-12-26,重度污染,201,61,147,206,51,72,1.82,51
26,2013-12-27,中度污染,179,104,124,173,55,57,1.49,58
27,2013-12-28,轻度污染,146,88,92,143,57,58,1.43,55
28,2013-12-29,轻度污染,122,76,91,139,53,64,1.44,67
29,2013-12-30,轻度污染,143,88,125,206,50,83,1.92,36
30,2013-12-31,中度污染,191,177,155,243,58,85,1.83,32
0,2013-11-01,良,94,51,67,133,24,60,1.08,62
1,2013-11-02,轻度污染,132,73,99,148,22,39,1.24,75
2,2013-11-03,良,76,30,53,94,24,34,1.14,57
3,2013-11-04,良,72,26,50,91,24,37,1.01,62
4,2013-11-05,良,100,59,74,123,32,42,1.15,65
5,2013-11-06,轻度污染,138,70,101,162,50,55,1.89,65
6,2013-11-07,轻度污染,134,77,95,170,31,57,0.88,59
7,2013-11-08,良,97,47,52,82,13,29,0.93,85
8,2013-11-09,良,66,22,46,92,14,44,1.08,46
9,2013-11-10,良,80,60,54,94,19,42,1.14,36
10,2013-11-11,优,50,22,16,24,6,23,1.42,25
11,2013-11-12,优,20,2,13,22,10,25,1.21,27
12,2013-11-13,优,38,22,22,40,26,32,1.5,65
13,2013-11-14,优,48,24,36,59,20,31,1.08,44
14,2013-11-15,良,59,24,46,79,25,40,1.01,49
15,2013-11-16,良,85,26,70,123,34,52,1.23,49
16,2013-11-17,良,95,54,70,121,30,55,1.13,39
17,2013-11-18,轻度污染,112,93,93,146,37,61,1.28,45
18,2013-11-19,轻度污染,111,77,78,120,31,50,1.08,50
19,2013-11-20,轻度污染,118,54,100,142,39,70,1.74,27
20,2013-11-21,轻度污染,140,67,115,146,29,57,1.3,23
21,2013-11-22,中度污染,156,71,119,154,26,52,1.4,40
22,2013-11-23,中度污染,160,68,128,144,16,71,1.54,20
23,2013-11-24,中度污染,158,69,87,101,16,50,1.56,19
24,2013-11-25,良,77,47,51,98,27,57,1.36,41
25,2013-11-26,良,84,63,67,135,29,70,1.26,35
26,2013-11-27,良,89,63,52,83,31,40,1.65,42
27,2013-11-28,良,57,27,37,65,19,29,0.92,58
28,2013-11-29,良,66,45,49,95,32,51,1.02,51
29,2013-11-30,良,86,54,75,141,47,71,1.28,31
0,2013-10-28,轻度污染,146,60,110,173,32,56,1.27,88
1,2013-10-29,轻度污染,144,65,109,163,34,44,1.21,103
2,2013-10-30,轻度污染,105,65,78,115,30,44,1.44,76
3,2013-10-31,良,64,27,43,74,12,32,0.8,76
