0,2019-12-01,优,39,97,26,21,5,43,0.84,26
1,2019-12-02,良,90,312,66,60,11,58,1.13,31
2,2019-12-03,轻度污染,110,334,82,84,14,92,1.09,30
3,2019-12-04,轻度污染,143,359,108,102,15,115,1.36,19
4,2019-12-05,良,78,246,57,56,11,66,0.69,42
5,2019-12-06,优,25,18,13,22,5,30,0.38,63
6,2019-12-07,良,55,96,36,45,9,61,0.57,48
7,2019-12-08,良,97,225,72,75,12,95,0.98,35
8,2019-12-09,轻度污染,115,253,87,81,11,101,0.91,38
9,2019-12-10,良,97,212,72,74,11,107,0.92,39
0,2019-11-01,良,80,218,41,109,9,68,0.66,77
1,2019-11-02,轻度污染,104,303,71,146,9,62,0.89,115
2,2019-11-03,优,47,112,30,49,8,35,0.59,94
3,2019-11-04,优,50,89,31,50,7,33,0.75,88
4,2019-11-05,优,31,40,15,29,7,34,0.51,77
5,2019-11-06,优,30,46,14,26,7,45,0.54,66
6,2019-11-07,优,47,114,32,42,7,42,0.71,83
7,2019-11-08,优,29,26,13,29,6,27,0.45,78
8,2019-11-09,优,30,20,12,25,7,42,0.48,66
9,2019-11-10,良,54,83,37,59,8,57,0.69,75
10,2019-11-11,良,77,230,44,103,11,75,0.89,43
11,2019-11-12,良,63,166,26,77,7,60,0.62,46
12,2019-11-13,良,83,322,55,77,9,56,0.92,57
13,2019-11-14,良,68,280,20,85,7,38,0.6,54
14,2019-11-15,良,55,110,20,61,8,49,0.59,64
15,2019-11-16,优,47,78,23,50,9,48,0.54,68
16,2019-11-17,良,52,99,29,59,9,50,0.66,56
17,2019-11-18,良,94,295,50,117,6,37,0.75,41
18,2019-11-19,良,95,284,33,140,9,36,0.6,47
19,2019-11-20,良,65,176,23,80,7,48,0.58,43
20,2019-11-21,优,35,34,13,34,6,53,0.53,36
21,2019-11-22,优,49,92,25,50,9,63,0.58,22
22,2019-11-23,优,40,69,21,37,6,58,0.54,20
23,2019-11-24,良,51,176,36,38,6,45,0.72,38
24,2019-11-25,优,31,121,13,30,5,26,0.42,50
25,2019-11-26,优,29,44,16,27,5,42,0.48,36
26,2019-11-27,优,25,42,16,19,5,38,0.5,42
27,2019-11-28,优,33,107,16,30,5,28,0.51,50
28,2019-11-29,优,32,45,17,31,5,41,0.53,38
29,2019-11-30,优,32,40,15,26,5,59,0.52,26
0,2019-10-01,优,19,15,12,14,5,17,0.44,26
1,2019-10-02,优,18,8,9,17,6,19,0.54,35
2,2019-10-03,优,29,45,17,28,7,37,0.68,35
3,2019-10-04,良,51,215,35,33,7,28,0.58,72
4,2019-10-05,优,42,254,27,35,5,21,0.56,88
5,2019-10-06,优,30,108,9,29,6,23,0.4,80
6,2019-10-07,良,56,284,33,51,7,42,0.68,50
7,2019-10-08,良,78,353,57,53,9,48,1.05,39
8,2019-10-09,良,66,309,44,49,8,47,0.75,51
9,2019-10-10,优,36,93,14,36,9,36,0.46,81
10,2019-10-11,良,55,212,38,48,10,45,0.65,59
11,2019-10-12,优,44,133,29,42,7,28,0.58,98
12,2019-10-13,优,36,90,20,35,7,29,0.49,90
13,2019-10-14,优,35,122,18,34,6,28,0.48,76
14,2019-10-15,优,28,64,9,28,6,22,0.4,73
15,2019-10-16,优,36,112,16,36,6,38,0.46,61
16,2019-10-17,优,37,87,20,37,7,39,0.58,68
17,2019-10-18,优,33,62,17,31,7,38,0.5,78
18,2019-10-19,优,49,107,34,43,7,46,0.61,89
19,2019-10-20,良,62,142,43,48,7,55,0.73,94
20,2019-10-21,优,50,100,35,37,7,45,0.59,95
21,2019-10-22,优,44,90,30,41,7,58,0.58,73
22,2019-10-23,良,52,148,36,45,7,44,0.56,92
23,2019-10-24,优,41,113,27,37,7,43,0.55,78
24,2019-10-25,良,64,284,46,63,8,51,0.68,79
25,2019-10-26,优,37,129,21,35,6,29,0.5,62
26,2019-10-27,优,37,95,20,39,7,51,0.53,44
27,2019-10-28,良,81,234,59,63,8,75,0.9,38
28,2019-10-29,轻度污染,150,335,73,202,12,71,1.04,52
29,2019-10-30,轻度污染,131,299,46,212,9,79,0.81,58
30,2019-10-31,轻度污染,130,326,51,209,9,68,0.74,94
31,2019-10-31,轻度污染,130,326,51,209,9,68,0.74,94
0,2019-09-01,优,30,103,13,14,4,28,0.56,88
1,2019-09-02,优,21,45,8,9,4,32,0.52,61
2,2019-09-03,优,28,93,15,20,5,52,0.63,23
3,2019-09-04,优,46,212,32,28,6,52,0.76,21
4,2019-09-05,优,20,19,12,17,5,34,0.52,13
5,2019-09-06,优,14,6,7,14,5,23,0.5,14
6,2019-09-07,优,35,90,19,34,6,32,0.64,75
7,2019-09-08,优,50,157,34,42,6,34,0.71,100
8,2019-09-09,优,39,137,24,33,6,35,0.63,59
9,2019-09-10,良,59,277,34,52,7,47,0.81,94
10,2019-09-11,优,47,262,32,35,6,27,0.63,86
11,2019-09-12,优,29,94,17,26,5,30,0.61,84
12,2019-09-13,优,29,97,15,25,5,24,0.54,81
13,2019-09-14,优,29,112,14,28,6,25,0.51,69
14,2019-09-15,优,30,100,13,25,5,20,0.71,92
15,2019-09-16,优,36,138,14,31,6,23,0.58,110
16,2019-09-17,优,42,158,21,40,6,23,0.65,110
17,2019-09-18,优,37,139,14,36,6,21,0.58,105
18,2019-09-19,优,33,101,10,33,5,19,0.58,81
19,2019-09-20,优,35,79,13,33,7,23,0.59,98
20,2019-09-21,优,30,59,10,19,5,17,0.5,92
21,2019-09-22,优,29,28,10,21,5,20,0.57,85
22,2019-09-23,优,43,90,20,43,7,37,0.68,69
23,2019-09-24,良,63,230,35,61,9,62,0.87,89
24,2019-09-25,良,70,251,47,56,8,55,0.85,100
25,2019-09-26,优,37,33,23,32,6,36,0.6,96
26,2019-09-27,优,39,44,24,35,7,40,0.58,78
27,2019-09-28,良,52,94,36,44,6,37,0.57,67
28,2019-09-29,优,44,65,30,37,6,33,0.51,75
29,2019-09-30,优,43,57,29,39,5,28,0.52,72
0,2019-08-06,优,26,36,16,24,5,17,0.42,43
1,2019-08-07,优,38,111,24,35,4,17,0.44,58
2,2019-08-08,优,26,25,11,25,4,15,0.4,18
3,2019-08-09,优,26,43,10,25,4,10,0.42,18
4,2019-08-10,优,24,51,10,20,3,5,0.47,48
5,2019-08-11,优,28,101,7,15,3,14,0.47,52
6,2019-08-21,优,45,174,24,40,6,34,0.66,99
7,2019-08-22,良,51,196,35,49,5,29,0.69,105
8,2019-08-23,优,46,167,32,41,5,27,0.61,91
9,2019-08-24,优,32,87,21,29,5,26,0.51,61
10,2019-08-25,优,22,26,11,22,4,18,0.4,28
11,2019-08-26,优,33,112,16,32,5,22,0.49,70
12,2019-08-27,优,46,268,27,43,6,39,0.63,76
13,2019-08-28,优,30,107,18,20,5,31,0.65,72
0,2019-07-01,优,38,87,16,14,3,31,0.52,72
1,2019-07-02,优,39,87,17,23,4,30,0.46,80
2,2019-07-03,良,53,170,22,29,4,22,0.45,100
3,2019-07-04,良,55,196,36,38,4,29,0.5,92
4,2019-07-05,良,54,190,36,31,4,28,0.47,86
5,2019-07-06,良,64,281,36,22,4,22,0.43,89
6,2019-07-07,良,71,333,31,37,4,28,0.62,117
7,2019-07-12,优,41,206,28,25,4,34,0.5,54
8,2019-07-13,优,27,74,8,10,4,29,0.44,86
9,2019-07-14,优,45,215,30,29,5,35,0.53,92
10,2019-07-15,优,35,126,21,27,5,24,0.41,89
11,2019-07-16,优,26,60,17,23,4,23,0.44,66
12,2019-07-17,优,31,100,20,28,4,21,0.36,43
13,2019-07-18,优,21,28,10,21,4,19,0.31,22
14,2019-07-19,优,17,19,9,17,4,20,0.34,31
15,2019-07-20,优,33,126,22,31,5,32,0.57,55
16,2019-07-21,良,57,273,37,39,5,32,0.54,92
17,2019-07-22,优,46,220,31,40,4,23,0.53,93
18,2019-07-23,优,47,265,23,37,5,26,0.54,104
19,2019-07-24,优,48,263,31,45,5,40,0.69,87
20,2019-07-25,良,53,291,37,54,5,46,0.75,78
21,2019-07-26,良,65,318,46,59,5,45,0.78,104
0,2019-06-01,良,57,167,34,22,4,31,0.6,99
1,2019-06-02,良,61,174,19,24,4,24,0.53,111
2,2019-06-03,良,61,189,30,30,4,22,0.58,111
3,2019-06-04,良,69,223,32,40,4,29,0.6,120
4,2019-06-05,良,73,283,44,41,4,22,0.58,115
5,2019-06-06,优,41,122,21,34,4,21,0.55,73
6,2019-06-07,优,50,153,17,24,5,21,0.52,97
7,2019-06-08,良,61,238,25,29,4,19,0.46,113
8,2019-06-09,良,64,259,26,31,4,16,0.45,115
9,2019-06-10,良,62,233,41,45,4,28,0.61,93
10,2019-06-11,良,56,232,31,31,4,16,0.46,107
11,2019-06-14,优,43,203,22,43,5,25,0.4,91
12,2019-06-15,良,88,350,53,63,9,41,0.66,138
13,2019-06-17,良,54,277,32,39,8,31,0.48,108
14,2019-06-18,优,30,127,18,17,4,34,0.58,62
15,2019-06-19,优,43,242,28,19,5,31,0.59,70
16,2019-06-20,优,31,162,21,21,5,27,0.47,65
17,2019-06-25,优,41,123,13,22,4,19,0.41,77
18,2019-06-26,优,29,39,17,22,4,33,0.49,45
19,2019-06-27,良,56,216,33,24,4,31,0.52,73
20,2019-06-28,良,81,340,41,36,5,31,0.57,103
21,2019-06-29,良,59,281,40,42,4,41,0.83,57
22,2019-06-30,优,45,173,21,9,3,38,0.75,65
0,2019-05-01,良,92,335,59,88,8,51,0.97,74
1,2019-05-02,良,74,286,32,94,7,57,0.69,70
2,2019-05-03,良,66,171,28,73,6,61,0.64,74
3,2019-05-04,良,70,197,33,66,7,54,0.63,99
4,2019-05-05,良,77,251,39,55,6,26,0.63,125
5,2019-05-06,良,56,210,22,43,6,21,0.46,100
6,2019-05-07,良,55,197,12,47,5,25,0.41,97
7,2019-05-08,良,55,185,16,43,5,29,0.44,103
8,2019-05-09,良,81,295,34,56,8,41,0.61,125
9,2019-05-10,良,76,236,36,53,7,34,0.55,128
10,2019-05-11,良,92,284,40,60,8,40,0.62,134
11,2019-05-12,良,76,166,34,53,6,32,0.58,116
12,2019-05-13,优,50,67,24,35,7,32,0.57,88
13,2019-05-14,优,50,85,21,28,5,25,0.57,89
14,2019-05-15,优,32,22,20,22,5,27,0.56,58
15,2019-05-16,良,60,191,43,34,5,39,0.71,48
16,2019-05-17,优,34,29,22,22,5,35,0.63,45
17,2019-05-18,良,55,207,38,29,6,39,0.79,48
18,2019-05-19,良,77,288,56,60,6,43,0.74,55
19,2019-05-20,良,66,242,29,67,6,35,0.52,77
20,2019-05-21,良,83,317,30,81,8,51,0.55,109
21,2019-05-22,轻度污染,102,339,42,84,9,46,0.68,147
22,2019-05-23,轻度污染,134,355,61,100,11,53,0.78,178
23,2019-05-24,良,92,275,35,68,7,39,0.58,136
24,2019-05-25,良,55,148,23,50,4,16,0.51,100
25,2019-05-26,优,42,133,20,30,4,16,0.57,76
26,2019-05-27,优,50,220,27,35,4,20,0.7,75
27,2019-05-28,良,51,196,11,28,4,24,0.46,94
28,2019-05-29,良,52,172,24,50,6,71,0.65,60
29,2019-05-30,良,53,177,23,44,5,46,0.56,92
30,2019-05-31,良,85,333,61,33,5,42,0.88,83
0,2019-04-01,良,55,170,24,56,6,43,0.6,90
1,2019-04-02,良,59,201,29,61,7,46,0.7,95
2,2019-04-03,良,70,241,49,66,8,63,0.79,57
3,2019-04-04,良,57,161,38,35,5,36,0.64,84
4,2019-04-05,良,90,277,65,48,8,48,0.86,96
5,2019-04-06,良,93,286,61,53,8,48,0.84,107
6,2019-04-07,轻度污染,115,333,81,87,11,55,1.01,115
7,2019-04-08,轻度污染,107,309,78,56,8,53,0.96,100
8,2019-04-09,良,57,273,35,32,5,27,0.81,81
9,2019-04-10,优,39,58,20,23,4,29,0.67,73
10,2019-04-11,优,47,145,24,36,5,41,0.64,85
11,2019-04-12,良,82,277,53,62,7,61,0.8,82
12,2019-04-13,良,57,175,26,37,5,33,0.54,104
13,2019-04-14,良,64,250,44,53,6,42,0.74,75
14,2019-04-15,良,66,215,34,45,5,41,0.65,95
15,2019-04-16,良,53,118,18,49,5,35,0.54,96
16,2019-04-17,良,64,180,44,46,5,41,0.62,92
17,2019-04-18,良,82,242,45,56,6,42,0.71,122
18,2019-04-19,良,61,170,43,50,5,45,0.62,65
19,2019-04-20,优,37,31,18,30,4,28,0.51,69
20,2019-04-21,优,38,33,25,32,4,37,0.57,45
21,2019-04-22,优,29,14,18,14,4,41,0.57,33
22,2019-04-23,良,63,218,45,39,5,53,0.99,48
23,2019-04-24,轻度污染,128,343,96,12,7,76,1.29,35
24,2019-04-25,良,53,177,37,32,5,46,0.73,56
25,2019-04-26,优,44,71,24,38,4,32,0.61,73
26,2019-04-27,良,51,152,15,33,5,27,0.48,99
27,2019-04-28,良,51,161,30,32,4,43,0.64,62
28,2019-04-29,优,50,192,35,12,4,54,0.65,35
29,2019-04-30,优,39,79,23,26,4,39,0.62,62
0,2019-03-01,轻度污染,119,266,88,70,7,63,0.89,69
1,2019-03-02,良,71,185,51,34,6,50,0.74,77
2,2019-03-03,良,99,247,73,82,8,62,0.94,52
3,2019-03-04,轻度污染,125,288,94,85,9,54,0.96,67
4,2019-03-05,轻度污染,112,265,84,29,6,54,0.82,81
5,2019-03-06,良,96,272,71,62,6,47,0.92,97
6,2019-03-07,轻度污染,106,335,73,59,6,30,0.8,99
7,2019-03-08,优,42,69,18,41,4,40,0.47,74
8,2019-03-09,优,48,102,30,29,5,75,0.74,28
9,2019-03-10,良,70,199,50,35,5,53,0.83,35
10,2019-03-11,良,97,331,67,101,8,68,0.94,51
11,2019-03-12,轻度污染,116,362,79,122,9,57,0.88,72
12,2019-03-13,良,60,152,20,69,5,38,0.54,69
13,2019-03-14,优,39,24,18,35,4,44,0.56,68
14,2019-03-15,良,66,268,46,57,8,53,0.74,64
15,2019-03-16,良,67,223,37,74,8,54,0.69,85
16,2019-03-17,轻度污染,107,336,80,95,12,63,0.93,92
17,2019-03-18,良,57,120,34,29,5,41,0.61,81
18,2019-03-19,良,61,135,35,38,5,50,0.62,68
19,2019-03-20,良,57,146,29,48,6,42,0.78,87
20,2019-03-21,良,77,271,55,37,5,36,0.93,66
21,2019-03-22,优,42,115,16,34,4,20,0.49,84
22,2019-03-23,优,49,193,25,40,7,35,0.66,84
23,2019-03-24,良,58,164,35,53,6,35,0.61,96
24,2019-03-25,良,76,255,55,49,6,58,0.74,72
25,2019-03-26,良,86,284,62,55,8,66,0.85,61
26,2019-03-27,良,66,179,47,47,7,63,0.82,67
27,2019-03-28,良,88,289,64,40,6,75,1.01,39
28,2019-03-29,良,67,214,45,56,5,49,0.68,72
29,2019-03-30,良,84,290,59,74,8,51,0.8,66
30,2019-03-31,良,52,141,14,50,5,24,0.52,90
0,2019-02-01,良,80,218,57,69,5,29,0.82,59
1,2019-02-02,良,77,160,53,59,6,28,0.77,71
2,2019-02-03,良,89,203,65,60,8,34,1.27,36
3,2019-02-04,轻度污染,132,289,84,136,7,27,1.01,59
4,2019-02-05,良,61,66,18,70,5,22,0.45,69
5,2019-02-06,良,64,142,42,56,6,29,0.76,51
6,2019-02-07,优,46,127,25,35,5,14,0.57,70
7,2019-02-08,优,35,92,10,23,4,14,0.39,66
8,2019-02-09,优,36,84,10,18,4,12,0.43,70
9,2019-02-10,优,33,80,15,25,5,16,0.48,64
10,2019-02-11,优,41,103,25,29,6,23,0.61,63
11,2019-02-12,优,37,65,22,26,5,31,0.58,60
12,2019-02-13,优,45,136,21,34,4,21,0.59,83
13,2019-02-14,优,47,145,24,38,4,25,0.64,77
14,2019-02-15,优,30,54,14,16,4,32,0.52,59
15,2019-02-16,良,58,201,39,56,5,20,0.66,72
16,2019-02-17,优,45,135,26,37,6,21,0.58,78
17,2019-02-18,优,30,70,15,14,4,37,0.48,54
18,2019-02-19,优,43,92,29,20,5,51,0.84,21
19,2019-02-20,良,64,130,45,16,4,42,0.79,41
20,2019-02-21,良,75,173,54,56,4,34,0.78,77
21,2019-02-22,良,64,151,46,29,4,39,0.81,63
22,2019-02-23,中度污染,160,300,120,41,8,60,1.21,58
23,2019-02-24,轻度污染,142,278,107,53,9,73,1.26,72
24,2019-02-25,轻度污染,107,251,80,62,6,78,1.18,50
25,2019-02-26,良,62,133,39,32,5,42,0.68,77
26,2019-02-27,优,42,66,26,38,5,47,0.64,61
27,2019-02-28,优,46,85,31,39,6,43,0.6,57
0,2019-01-01,优,42,82,27,33,6,27,0.49,61
1,2019-01-02,良,87,199,64,72,12,41,0.83,53
2,2019-01-03,良,69,132,50,57,8,57,0.73,36
3,2019-01-04,优,33,42,18,21,5,58,0.57,25
4,2019-01-05,优,45,101,30,26,5,49,0.73,26
5,2019-01-06,优,40,78,26,27,5,43,0.56,40
6,2019-01-07,优,40,60,27,32,5,49,0.59,37
7,2019-01-08,良,74,196,53,57,7,39,0.78,59
8,2019-01-09,优,36,74,23,27,5,42,0.58,40
9,2019-01-10,优,26,38,16,18,5,46,0.53,28
10,2019-01-11,优,28,43,15,16,5,54,0.61,20
11,2019-01-12,良,56,113,39,42,7,51,1.14,13
12,2019-01-13,轻度污染,102,188,76,62,7,55,1.13,28
13,2019-01-14,良,98,169,73,78,6,66,0.92,45
14,2019-01-15,轻度污染,140,299,105,86,8,50,1.16,68
15,2019-01-16,良,52,114,29,57,7,41,0.59,45
16,2019-01-17,良,99,282,73,114,12,79,1.08,22
17,2019-01-18,轻度污染,110,246,83,103,10,74,0.99,41
18,2019-01-19,轻度污染,101,229,75,91,10,77,1.07,28
19,2019-01-20,轻度污染,132,301,96,76,11,50,0.97,44
20,2019-01-21,良,61,138,43,63,11,66,0.73,37
21,2019-01-22,轻度污染,110,283,82,102,14,84,1.05,29
22,2019-01-23,轻度污染,124,304,93,110,15,103,1.17,36
23,2019-01-24,轻度污染,132,270,99,106,13,93,1.15,43
24,2019-01-25,优,49,51,32,44,8,56,0.61,50
25,2019-01-26,优,35,13,14,34,5,22,0.43,62
26,2019-01-27,优,38,13,17,36,6,43,0.48,48
27,2019-01-28,良,71,159,51,53,8,63,0.82,28
28,2019-01-29,良,75,158,45,74,6,52,0.73,45
29,2019-01-30,优,49,70,24,52,6,60,0.58,29
30,2019-01-31,优,40,66,12,22,4,20,0.5,69
0,2018-12-01,良,61,98,33,71,6,60,0.51,45
1,2018-12-02,优,44,41,28,37,5,46,0.48,36
2,2018-12-03,良,72,151,52,33,5,61,0.77,13
3,2018-12-04,优,43,108,25,17,4,34,0.6,40
4,2018-12-05,良,53,144,13,56,4,28,0.38,56
5,2018-12-06,优,34,89,10,21,4,28,0.44,54
6,2018-12-07,优,35,124,21,31,4,27,0.55,44
7,2018-12-08,优,41,166,24,39,7,34,0.57,36
8,2018-12-09,优,43,138,29,36,5,43,0.66,25
9,2018-12-10,优,26,55,6,13,4,29,0.44,51
10,2018-12-11,优,34,77,13,17,4,32,0.53,45
11,2018-12-12,良,99,256,73,69,11,45,1.12,34
12,2018-12-13,良,95,221,71,81,14,69,1.03,30
13,2018-12-14,良,75,169,54,69,9,59,0.82,31
14,2018-12-15,优,30,17,13,25,5,52,0.4,32
15,2018-12-16,良,91,198,66,71,8,64,0.93,24
16,2018-12-17,轻度污染,130,314,98,128,12,88,1.15,34
17,2018-12-18,轻度污染,116,285,87,129,14,103,1.37,23
18,2018-12-19,良,81,167,55,99,17,102,0.95,19
19,2018-12-20,优,45,43,27,44,7,69,0.65,34
20,2018-12-21,良,60,119,41,57,6,77,0.79,11
21,2018-12-28,优,45,156,25,44,6,23,0.53,52
22,2018-12-29,优,49,150,31,49,8,37,0.72,36
23,2018-12-30,优,42,76,28,40,7,40,0.64,33
24,2018-12-31,优,41,70,28,25,5,36,0.58,36
0,2018-11-01,优,40,34,13,22,5,26,0.43,74
1,2018-11-02,优,33,22,14,27,5,42,0.45,53
2,2018-11-03,优,35,32,15,27,5,39,0.47,66
3,2018-11-04,优,44,104,21,29,6,44,0.56,63
4,2018-11-05,优,44,141,25,26,6,30,0.46,75
5,2018-11-06,优,45,217,19,26,5,31,0.49,82
6,2018-11-07,优,50,226,35,9,5,49,0.66,38
7,2018-11-08,优,26,50,17,14,4,34,0.75,26
8,2018-11-09,良,68,266,49,38,8,50,0.84,42
9,2018-11-10,良,63,204,42,20,5,45,0.61,61
10,2018-11-11,良,69,229,50,41,7,49,0.67,46
11,2018-11-12,优,39,69,17,21,4,28,0.48,75
12,2018-11-13,优,43,102,23,39,5,41,0.47,65
13,2018-11-14,良,52,131,32,51,6,56,0.65,55
14,2018-11-15,优,41,91,22,36,5,68,0.58,28
15,2018-11-16,优,39,176,21,17,4,33,0.48,58
16,2018-11-17,优,37,124,15,30,5,23,0.45,72
17,2018-11-18,优,28,70,15,17,4,33,0.47,53
18,2018-11-19,良,95,314,71,48,9,55,1.03,42
19,2018-11-20,良,78,259,55,62,8,64,0.92,43
20,2018-11-21,优,32,46,11,13,4,39,0.48,60
21,2018-11-22,良,51,141,31,46,6,36,0.61,66
22,2018-11-23,良,60,134,40,56,6,66,0.65,43
23,2018-11-24,良,66,125,47,65,7,62,0.7,52
24,2018-11-25,轻度污染,110,237,82,67,7,79,0.96,57
25,2018-11-26,良,81,154,59,56,7,84,0.82,38
26,2018-11-27,轻度污染,101,201,75,84,7,83,1.1,41
27,2018-11-28,中度污染,159,272,120,89,9,92,1.37,45
28,2018-11-29,轻度污染,137,264,104,106,8,100,1.33,50
29,2018-11-30,良,98,207,63,110,7,73,0.81,49
0,2018-10-01,良,55,230,17,52,10,29,0.6,91
1,2018-10-02,良,57,187,22,47,8,39,0.62,94
2,2018-10-03,良,58,141,22,38,6,36,0.54,91
3,2018-10-04,良,65,187,17,34,6,19,0.44,118
4,2018-10-05,良,53,98,15,31,5,15,0.47,101
5,2018-10-06,良,54,114,23,47,8,27,0.58,97
6,2018-10-07,良,77,239,29,60,7,34,0.6,114
7,2018-10-08,优,46,101,16,44,6,28,0.47,83
8,2018-10-09,优,48,135,23,51,6,55,0.58,62
9,2018-10-10,良,52,202,24,46,6,27,0.57,71
10,2018-10-11,优,41,115,14,36,6,28,0.47,74
11,2018-10-12,优,40,61,16,34,6,40,0.45,72
12,2018-10-13,优,44,71,17,33,6,44,0.45,76
13,2018-10-14,优,36,56,13,26,6,34,0.39,71
14,2018-10-15,优,40,121,11,25,6,30,0.39,79
15,2018-10-16,优,48,164,22,26,5,32,0.51,90
16,2018-10-17,良,62,238,40,56,7,60,0.64,75
17,2018-10-18,优,46,158,21,31,5,29,0.48,82
18,2018-10-19,优,40,75,15,35,6,44,0.46,59
19,2018-10-20,优,35,55,12,29,6,42,0.42,58
20,2018-10-21,优,36,72,15,27,6,45,0.42,63
21,2018-10-22,优,33,40,15,17,5,47,0.51,44
22,2018-10-23,良,74,283,53,57,8,42,0.8,72
23,2018-10-24,良,97,317,65,57,8,58,0.77,79
24,2018-10-25,良,57,143,25,57,7,39,0.49,85
25,2018-10-26,良,77,310,52,69,9,41,0.75,72
26,2018-10-27,良,70,293,32,89,12,54,0.64,48
27,2018-10-28,良,65,243,38,77,15,69,0.69,53
28,2018-10-29,良,76,327,52,91,18,79,0.79,54
29,2018-10-30,优,47,97,21,41,7,40,0.52,77
30,2018-10-31,优,44,73,17,32,7,27,0.49,88
0,2018-09-02,良,65,320,38,49,5,34,0.76,126
1,2018-09-03,良,77,333,35,47,4,30,0.72,113
2,2018-09-04,良,88,361,41,57,9,39,0.96,107
3,2018-09-05,良,90,353,34,61,10,38,0.82,143
4,2018-09-06,轻度污染,103,359,50,76,9,28,0.85,156
5,2018-09-07,良,92,363,68,54,8,58,1.18,50
6,2018-09-08,优,41,136,15,30,5,31,0.52,72
7,2018-09-09,优,45,116,13,30,5,28,0.49,81
8,2018-09-10,优,45,116,12,27,5,26,0.5,88
9,2018-09-11,优,37,57,11,33,5,30,0.48,67
10,2018-09-12,优,31,38,11,27,5,29,0.51,55
11,2018-09-13,优,30,42,12,26,5,31,0.57,49
12,2018-09-14,优,29,39,12,26,6,40,0.55,51
13,2018-09-15,优,32,64,14,25,7,27,0.48,66
14,2018-09-16,优,28,60,11,24,5,17,0.46,42
15,2018-09-17,优,21,20,7,18,5,32,0.58,14
16,2018-09-18,优,27,77,14,26,7,34,0.58,33
17,2018-09-19,良,55,271,27,41,6,40,0.65,72
18,2018-09-20,优,45,182,28,41,6,56,0.78,38
19,2018-09-21,优,47,170,28,31,6,43,0.95,45
20,2018-09-22,优,41,128,21,32,6,49,0.76,52
21,2018-09-23,良,72,319,44,66,9,41,0.9,100
22,2018-09-24,良,83,345,27,49,7,19,0.63,141
23,2018-09-25,优,44,168,7,25,4,18,0.41,88
24,2018-09-26,优,46,206,9,27,5,20,0.45,91
25,2018-09-27,优,42,127,10,27,5,23,0.44,83
26,2018-09-28,优,39,88,10,29,5,32,0.44,72
27,2018-09-29,优,44,120,11,29,5,21,0.42,88
28,2018-09-30,良,82,343,36,66,10,31,0.71,122
0,2018-08-01,优,46,138,17,28,7,20,0.46,88
1,2018-08-02,优,40,114,19,33,6,15,0.47,79
2,2018-08-03,优,38,112,11,19,4,17,0.53,71
3,2018-08-04,良,54,223,21,38,4,18,0.54,96
4,2018-08-05,良,54,192,20,36,5,17,0.49,99
5,2018-08-06,良,58,214,22,39,5,22,0.52,93
6,2018-08-07,优,37,73,16,28,5,21,0.45,69
7,2018-08-08,优,46,138,24,36,6,21,0.5,89
8,2018-08-09,良,54,166,23,39,6,23,0.53,97
9,2018-08-10,良,71,253,30,47,7,29,0.6,110
10,2018-08-11,良,61,182,23,36,5,20,0.62,108
11,2018-08-12,优,28,21,14,23,4,21,0.5,41
12,2018-08-13,优,30,55,10,26,3,11,0.44,56
13,2018-08-14,优,30,68,9,29,4,14,0.41,26
14,2018-08-15,优,30,50,14,29,6,17,0.44,43
15,2018-08-16,优,27,9,9,21,4,13,0.44,52
16,2018-08-17,优,33,68,10,24,4,13,0.49,66
17,2018-08-18,优,29,20,8,22,3,13,0.45,54
18,2018-08-19,优,26,34,7,23,4,12,0.42,45
19,2018-08-20,优,36,75,11,28,4,17,0.48,72
20,2018-08-21,优,32,21,19,27,5,37,0.61,53
21,2018-08-22,优,34,36,16,29,5,20,0.55,70
22,2018-08-23,良,79,321,27,57,6,24,0.68,136
23,2018-08-25,优,38,53,19,29,4,26,0.54,65
24,2018-08-27,优,32,29,10,29,4,15,0.46,60
25,2018-08-29,优,33,76,10,28,4,15,0.45,64
26,2018-08-31,良,79,351,21,47,6,23,0.55,140
0,2018-07-01,优,26,21,15,23,8,26,0.5,38
1,2018-07-02,优,29,30,14,28,7,19,0.41,33
2,2018-07-03,优,32,59,17,31,8,28,0.43,33
3,2018-07-04,良,59,236,39,49,10,36,0.56,68
4,2018-07-05,优,40,136,27,28,6,34,0.56,45
5,2018-07-06,优,30,68,16,23,8,28,0.51,49
6,2018-07-07,优,27,29,15,24,6,22,0.46,49
7,2018-07-08,良,59,296,27,47,7,23,0.49,82
8,2018-07-09,优,39,192,16,32,8,19,0.43,65
9,2018-07-10,优,29,66,11,28,6,13,0.36,34
10,2018-07-11,优,39,118,12,38,5,12,0.36,26
11,2018-07-12,优,30,57,10,29,5,12,0.39,44
12,2018-07-13,优,30,68,9,26,5,15,0.39,47
13,2018-07-14,优,32,87,10,27,7,16,0.39,52
14,2018-07-15,优,31,71,9,26,7,14,0.38,53
15,2018-07-16,优,26,44,8,23,5,13,0.37,47
16,2018-07-17,优,25,20,8,24,5,15,0.37,36
17,2018-07-18,优,25,23,9,23,5,14,0.36,42
18,2018-07-19,优,24,23,9,21,5,13,0.36,42
19,2018-07-20,优,39,94,24,39,8,16,0.36,49
20,2018-07-21,优,41,74,23,39,8,14,0.39,50
21,2018-07-22,优,21,4,10,18,5,10,0.4,37
22,2018-07-23,优,29,29,13,27,5,14,0.42,46
23,2018-07-24,良,66,291,28,43,6,27,0.54,90
24,2018-07-25,良,86,334,40,60,8,28,0.61,117
25,2018-07-26,良,68,277,38,59,7,52,0.69,74
26,2018-07-27,轻度污染,102,362,44,68,9,51,0.72,129
27,2018-07-28,良,96,349,48,61,10,30,0.62,121
28,2018-07-29,良,78,294,47,62,10,32,0.65,97
29,2018-07-30,良,65,250,37,51,7,28,0.66,93
30,2018-07-31,优,44,129,22,37,8,28,0.58,71
0,2018-06-01,良,87,240,42,44,11,44,0.58,113
1,2018-06-02,良,72,187,34,40,11,34,0.49,122
2,2018-06-03,良,77,207,36,39,9,26,0.49,123
3,2018-06-04,良,63,160,39,50,10,36,0.59,108
4,2018-06-05,轻度污染,119,338,84,61,11,60,0.83,118
5,2018-06-06,轻度污染,110,313,57,41,11,32,0.7,141
6,2018-06-07,良,69,187,31,32,8,25,0.55,119
7,2018-06-08,优,48,133,26,32,9,31,0.53,89
8,2018-06-09,优,46,106,25,32,8,24,0.47,89
9,2018-06-10,良,64,226,44,52,9,34,0.67,97
10,2018-06-11,轻度污染,117,361,62,63,11,41,0.87,132
11,2018-06-12,轻度污染,129,363,66,73,14,42,0.81,174
12,2018-06-13,轻度污染,123,362,53,69,15,32,0.77,177
13,2018-06-14,良,76,245,31,40,8,19,0.57,122
14,2018-06-15,良,57,157,18,30,9,24,0.47,106
15,2018-06-16,良,52,112,24,43,9,17,0.41,96
16,2018-06-17,良,52,120,24,42,8,16,0.44,99
17,2018-06-18,优,49,111,21,35,7,14,0.46,90
18,2018-06-19,优,42,100,25,34,8,25,0.54,65
19,2018-06-20,优,43,129,14,17,6,27,0.48,82
20,2018-06-21,优,45,137,20,26,8,29,0.47,88
21,2018-06-22,优,42,121,26,30,7,28,0.48,80
22,2018-06-23,良,61,208,12,18,7,24,0.44,112
23,2018-06-24,良,55,185,21,25,6,21,0.47,101
24,2018-06-25,良,80,326,40,43,8,28,0.61,107
25,2018-06-26,良,87,344,43,58,11,35,0.68,111
26,2018-06-27,良,66,295,34,51,10,35,0.59,100
27,2018-06-28,良,56,247,33,51,10,41,0.66,76
28,2018-06-29,良,58,188,33,37,9,38,0.71,75
29,2018-06-30,优,33,46,20,28,9,33,0.54,49
0,2018-05-01,良,75,237,48,52,10,53,0.84,80
1,2018-05-02,良,91,332,59,54,8,38,0.9,96
2,2018-05-03,良,72,242,31,51,10,46,0.55,123
3,2018-05-04,良,90,307,42,67,14,48,0.55,145
4,2018-05-05,良,62,191,24,42,10,37,0.51,101
5,2018-05-06,良,62,221,43,55,11,41,0.66,83
6,2018-05-07,优,46,96,30,37,8,31,0.58,82
7,2018-05-08,良,62,174,35,46,9,38,0.63,104
8,2018-05-09,良,66,172,32,58,9,35,0.52,112
9,2018-05-10,良,65,156,21,45,6,26,0.41,119
10,2018-05-11,良,63,177,21,50,8,25,0.42,111
11,2018-05-12,轻度污染,102,325,71,87,14,66,0.87,83
12,2018-05-13,轻度污染,115,344,82,34,10,43,0.97,91
13,2018-05-14,良,92,275,57,46,10,31,0.73,125
14,2018-05-15,良,96,310,53,66,14,28,0.65,129
15,2018-05-16,良,91,305,44,67,16,34,0.66,119
16,2018-05-17,良,81,313,40,65,13,41,0.68,112
17,2018-05-18,良,85,317,52,58,10,37,0.8,118
18,2018-05-19,优,49,101,31,25,6,29,0.61,81
19,2018-05-20,优,45,106,12,25,5,22,0.41,86
20,2018-05-21,优,44,97,20,37,7,27,0.46,77
21,2018-05-22,优,46,124,24,42,7,29,0.59,67
22,2018-05-23,良,81,228,34,109,10,33,0.72,113
23,2018-05-24,良,86,237,32,120,10,39,0.5,102
24,2018-05-25,良,52,113,24,52,7,39,0.57,86
25,2018-05-26,优,49,112,31,33,8,32,0.64,73
26,2018-05-27,良,55,110,37,46,8,38,0.6,74
27,2018-05-28,轻度污染,108,305,79,81,12,46,0.84,101
28,2018-05-29,轻度污染,146,359,110,79,17,64,0.94,78
29,2018-05-30,轻度污染,118,335,89,35,13,57,0.85,52
30,2018-05-31,良,86,269,52,31,9,56,0.7,88
0,2018-04-01,良,73,125,41,91,14,37,0.6,98
1,2018-04-02,良,85,193,48,118,16,65,0.76,53
2,2018-04-03,良,70,127,33,88,13,32,0.56,74
3,2018-04-04,优,50,72,29,51,8,31,0.53,57
4,2018-04-05,优,43,40,28,33,8,35,0.54,63
5,2018-04-05,优,43,40,28,33,8,35,0.54,63
6,2018-04-06,轻度污染,101,296,48,135,10,32,0.83,71
7,2018-04-07,良,65,139,23,78,11,33,0.56,87
8,2018-04-08,良,70,131,33,87,13,57,0.6,89
9,2018-04-09,良,76,143,40,96,14,61,0.67,85
10,2018-04-10,良,66,69,28,63,12,40,0.6,109
11,2018-04-11,轻度污染,104,261,57,155,18,68,0.89,89
12,2018-04-12,良,63,144,26,75,14,42,0.53,85
13,2018-04-13,良,53,156,18,49,10,36,0.48,88
14,2018-04-14,优,46,100,31,29,7,43,0.68,49
15,2018-04-15,良,92,258,56,94,12,44,0.8,90
16,2018-04-16,轻度污染,109,267,23,165,11,55,0.53,69
17,2018-04-17,良,61,57,33,67,13,58,0.57,89
18,2018-04-18,良,79,113,44,72,13,50,0.57,111
19,2018-04-19,良,73,106,37,73,11,47,0.57,109
20,2018-04-20,良,62,96,27,69,9,27,0.47,96
21,2018-04-21,良,59,151,28,65,11,26,0.49,85
22,2018-04-22,良,53,185,30,54,12,36,0.64,78
23,2018-04-23,良,54,198,33,31,9,40,0.65,51
24,2018-04-24,优,45,111,22,28,7,30,0.58,89
25,2018-04-25,良,85,278,51,61,13,54,0.76,96
26,2018-04-26,优,48,47,31,44,13,62,0.51,78
27,2018-04-27,轻度污染,116,339,75,96,18,64,0.85,131
28,2018-04-28,轻度污染,146,352,108,120,17,65,0.92,155
29,2018-04-29,轻度污染,140,335,88,67,15,46,0.83,166
30,2018-04-30,轻度污染,126,340,84,92,13,50,0.98,126
0,2018-03-01,良,96,300,69,59,11,48,0.91,65
1,2018-03-02,优,43,27,20,36,8,29,0.47,82
2,2018-03-03,优,47,51,30,26,8,39,0.65,69
3,2018-03-04,良,52,114,31,30,10,31,0.68,86
4,2018-03-05,优,44,110,20,33,8,24,0.51,81
5,2018-03-06,优,49,169,17,39,7,22,0.42,96
6,2018-03-07,优,38,81,20,28,8,36,0.47,71
7,2018-03-08,良,72,257,45,57,8,28,0.65,85
8,2018-03-09,良,58,127,40,51,11,44,0.67,66
9,2018-03-10,良,87,242,64,69,13,57,0.73,87
10,2018-03-11,良,89,236,64,44,11,57,0.66,93
11,2018-03-12,优,50,34,25,39,14,45,0.52,86
12,2018-03-13,优,48,35,25,39,14,42,0.57,74
13,2018-03-14,优,41,28,19,35,14,31,0.49,67
14,2018-03-15,良,63,160,44,45,12,63,0.76,30
15,2018-03-16,优,48,110,22,45,8,22,0.46,86
16,2018-03-17,优,44,39,17,37,8,26,0.41,86
17,2018-03-18,良,54,153,27,48,10,50,0.58,57
18,2018-03-19,优,42,66,29,32,8,37,0.62,60
19,2018-03-20,良,66,238,47,32,9,48,0.86,47
20,2018-03-21,优,40,19,27,24,8,48,0.74,43
21,2018-03-22,轻度污染,105,306,78,79,15,72,0.96,48
22,2018-03-23,轻度污染,121,307,91,63,14,66,0.88,83
23,2018-03-24,良,84,192,61,83,15,68,0.73,82
24,2018-03-25,良,100,251,73,71,14,50,0.71,101
25,2018-03-26,良,89,209,61,66,15,52,0.66,86
26,2018-03-27,良,89,221,61,48,14,52,0.67,79
27,2018-03-28,良,77,164,47,56,12,51,0.65,93
28,2018-03-29,优,47,38,25,47,9,45,0.51,55
29,2018-03-30,优,38,7,24,35,8,45,0.51,33
30,2018-03-31,良,52,50,31,52,9,35,0.52,90
0,2018-02-01,中度污染,168,334,128,127,27,92,1.66,39
1,2018-02-02,轻度污染,141,334,106,120,25,93,1.39,45
2,2018-02-03,优,46,39,31,44,11,30,0.66,65
3,2018-02-04,良,51,43,36,48,16,40,0.74,62
4,2018-02-05,良,74,226,54,74,20,69,0.96,44
5,2018-02-06,优,49,46,32,45,14,51,0.75,48
6,2018-02-07,优,44,19,26,40,12,63,0.68,41
7,2018-02-08,轻度污染,112,280,84,96,17,67,1.16,43
8,2018-02-09,良,87,119,63,59,13,65,0.95,54
9,2018-02-10,轻度污染,106,231,70,63,12,50,1.0,48
10,2018-02-11,良,93,233,41,134,14,44,0.82,62
11,2018-02-12,良,90,277,34,128,15,36,0.77,64
12,2018-02-13,良,57,69,32,60,13,51,0.77,65
13,2018-02-14,良,64,108,39,75,12,53,0.8,79
14,2018-02-15,良,59,88,36,58,11,34,0.69,71
15,2018-02-16,优,41,6,19,26,8,27,0.52,68
16,2018-02-17,良,59,96,39,51,11,29,0.68,81
17,2018-02-18,优,43,46,15,29,10,26,0.49,79
18,2018-02-19,优,45,75,20,23,8,24,0.52,83
19,2018-02-20,良,63,182,43,50,9,24,0.67,86
20,2018-02-21,良,54,177,34,45,9,24,0.61,87
21,2018-02-22,良,65,210,46,57,11,39,0.82,67
22,2018-02-23,良,70,232,49,48,10,36,0.8,72
23,2018-02-24,良,56,160,38,27,10,35,0.65,86
24,2018-02-25,良,52,93,33,40,9,30,0.63,88
25,2018-02-26,良,55,100,39,45,11,46,0.63,73
26,2018-02-27,良,63,154,38,46,10,31,0.56,103
27,2018-02-28,优,49,86,32,32,8,38,0.63,65
0,2018-01-01,轻度污染,108,172,82,89,14,64,1.17,51
1,2018-01-02,优,43,40,27,39,10,48,0.81,56
2,2018-01-03,优,41,75,21,31,7,27,0.72,70
3,2018-01-04,优,28,51,8,9,6,28,0.67,56
4,2018-01-05,优,44,102,24,30,8,38,0.82,46
5,2018-01-06,良,82,206,60,64,12,59,1.03,33
6,2018-01-07,优,34,74,22,22,8,50,1.0,27
7,2018-01-08,轻度污染,123,324,92,86,12,50,1.43,40
8,2018-01-09,良,53,135,27,54,14,45,0.82,58
9,2018-01-10,良,61,210,33,70,16,54,0.85,45
10,2018-01-11,良,64,187,43,73,21,60,0.94,37
11,2018-01-12,优,49,57,31,51,18,54,0.91,31
12,2018-01-13,良,73,101,53,73,21,88,1.21,18
13,2018-01-14,优,48,28,31,42,13,64,0.72,32
14,2018-01-15,良,57,51,40,50,15,76,0.93,22
15,2018-01-16,良,95,149,70,62,11,75,0.97,16
16,2018-01-17,轻度污染,144,246,109,77,12,70,1.28,24
17,2018-01-18,轻度污染,109,175,81,57,10,59,0.9,48
18,2018-01-19,中度污染,166,257,126,118,14,80,1.25,40
19,2018-01-20,轻度污染,118,200,89,101,14,78,1.09,39
20,2018-01-21,良,61,101,41,53,12,61,0.77,55
21,2018-01-22,良,65,142,44,48,10,66,0.93,47
22,2018-01-23,轻度污染,114,288,86,79,9,39,1.01,51
23,2018-01-24,优,38,31,19,31,8,23,0.6,73
24,2018-01-25,优,29,39,11,13,6,32,0.51,57
25,2018-01-26,优,34,48,13,21,7,22,0.47,66
26,2018-01-27,优,29,17,16,22,7,40,0.53,45
27,2018-01-28,优,35,49,20,19,7,33,0.57,53
28,2018-01-29,轻度污染,125,292,94,78,20,47,1.2,68
29,2018-01-30,重度污染,234,352,183,156,29,98,1.92,55
30,2018-01-31,重度污染,228,349,177,185,26,116,1.86,34
0,2017-12-01,良,63,184,35,71,11,32,0.67,77
1,2017-12-02,良,52,91,31,52,11,71,0.77,26
2,2017-12-03,良,63,137,44,62,15,80,0.99,19
3,2017-12-04,轻度污染,119,283,89,91,13,52,1.07,58
4,2017-12-05,良,54,88,35,56,17,51,0.94,46
5,2017-12-06,良,75,112,54,77,18,88,1.2,32
6,2017-12-07,轻度污染,123,259,92,111,20,107,1.48,26
7,2017-12-08,良,56,83,33,54,13,49,0.83,44
8,2017-12-09,良,68,83,48,72,20,80,1.08,26
9,2017-12-10,良,100,273,74,111,21,82,1.15,30
10,2017-12-11,良,100,272,74,99,19,91,1.38,26
11,2017-12-12,优,43,55,22,40,9,45,0.68,54
12,2017-12-13,优,37,28,19,35,9,40,0.65,59
13,2017-12-14,优,37,40,21,35,7,38,0.67,54
14,2017-12-15,优,31,43,18,27,7,45,0.67,45
15,2017-12-16,良,83,255,61,67,11,40,1.0,50
16,2017-12-17,良,65,165,45,68,16,58,0.99,41
17,2017-12-18,良,68,163,48,76,19,84,1.18,24
18,2017-12-19,良,72,210,44,74,18,67,1.09,33
19,2017-12-20,良,73,172,47,82,18,81,1.02,23
20,2017-12-21,良,96,226,71,101,20,95,1.25,19
21,2017-12-22,良,94,137,69,88,16,94,1.04,36
22,2017-12-23,良,79,78,57,47,12,61,0.78,52
23,2017-12-24,中度污染,168,322,129,163,26,89,1.41,40
24,2017-12-25,良,81,165,50,110,16,65,0.94,43
25,2017-12-26,良,62,86,39,68,15,80,0.85,36
26,2017-12-27,良,59,60,38,65,12,64,0.79,50
27,2017-12-28,优,35,12,18,28,9,54,0.66,40
28,2017-12-29,优,48,33,32,43,11,66,0.75,31
29,2017-12-30,良,93,151,69,65,11,65,0.96,32
30,2017-12-31,重度污染,227,334,176,187,15,71,1.8,40
0,2017-11-01,优,49,45,25,51,9,56,0.69,57
1,2017-11-02,良,67,87,47,73,13,79,0.86,55
2,2017-11-03,轻度污染,132,309,95,126,18,78,1.28,73
3,2017-11-04,优,40,28,11,33,7,19,0.5,78
4,2017-11-05,优,38,16,15,36,8,44,0.6,52
5,2017-11-06,良,56,55,33,60,10,66,0.81,41
6,2017-11-07,轻度污染,127,259,95,131,16,114,1.41,17
7,2017-11-08,轻度污染,144,311,100,144,22,76,1.45,64
8,2017-11-09,优,45,30,17,47,10,55,0.63,48
9,2017-11-10,良,70,186,43,79,12,59,0.83,48
10,2017-11-11,优,49,112,15,49,9,32,0.54,61
11,2017-11-12,良,52,97,17,54,10,49,0.54,47
12,2017-11-13,良,53,110,27,53,9,56,0.63,44
13,2017-11-14,良,64,202,45,48,10,62,0.73,39
14,2017-11-15,良,60,165,30,69,11,60,0.73,54
15,2017-11-16,优,39,27,24,32,8,48,0.69,61
16,2017-11-17,优,34,35,9,14,7,33,0.65,67
17,2017-11-18,优,40,114,14,34,7,17,0.53,69
18,2017-11-19,优,44,107,26,43,10,32,0.67,53
19,2017-11-20,优,34,62,18,26,8,37,0.61,62
20,2017-11-21,良,68,184,49,50,11,74,0.92,22
21,2017-11-22,良,90,286,67,59,13,54,1.0,55
22,2017-11-23,良,73,252,38,95,15,66,0.86,42
23,2017-11-24,良,91,319,67,116,22,103,1.23,21
24,2017-11-25,良,80,228,57,90,17,88,0.87,37
25,2017-11-26,良,91,257,67,99,18,72,0.98,44
26,2017-11-27,良,61,117,34,67,12,48,0.66,76
27,2017-11-28,良,80,147,56,79,11,82,0.96,44
28,2017-11-29,轻度污染,120,311,84,99,11,54,1.06,56
29,2017-11-30,优,46,127,16,44,7,27,0.53,69
0,2017-10-01,优,48,151,22,46,7,27,0.68,84
1,2017-10-02,优,44,169,27,38,7,34,0.88,46
2,2017-10-03,优,50,290,11,49,6,15,0.49,84
3,2017-10-05,优,40,166,15,31,7,32,0.59,65
4,2017-10-06,良,71,321,51,64,14,48,1.19,60
5,2017-10-07,良,84,309,51,61,11,48,0.89,89
6,2017-10-08,优,49,138,23,28,9,34,0.64,85
7,2017-10-09,优,40,136,23,36,8,34,0.64,57
8,2017-10-10,优,39,176,18,39,7,26,0.6,59
9,2017-10-11,优,30,85,14,22,6,25,0.74,55
10,2017-10-12,优,41,191,13,28,6,26,0.59,76
11,2017-10-13,优,40,140,9,28,7,22,0.46,80
12,2017-10-14,良,52,235,12,37,7,20,0.52,99
13,2017-10-15,优,49,226,7,13,6,16,0.53,96
14,2017-10-16,优,43,199,6,14,6,16,0.54,83
15,2017-10-17,优,44,205,15,38,7,26,0.58,80
16,2017-10-18,优,46,178,21,44,8,32,0.67,76
17,2017-10-19,优,44,122,25,40,11,36,0.74,63
18,2017-10-20,优,44,101,18,33,8,29,0.61,85
19,2017-10-21,良,58,159,29,46,9,26,0.86,111
20,2017-10-22,良,83,258,61,74,10,30,1.06,115
21,2017-10-23,良,59,146,33,65,11,39,0.81,71
22,2017-10-24,良,51,71,23,50,11,40,0.67,76
23,2017-10-25,优,48,51,25,44,9,55,0.7,72
24,2017-10-26,优,47,37,28,42,11,58,0.68,67
25,2017-10-27,良,51,44,29,43,10,56,0.67,74
26,2017-10-28,良,62,87,33,50,9,32,0.73,105
27,2017-10-29,良,80,230,49,76,9,29,0.86,80
28,2017-10-30,优,44,48,15,43,8,28,0.6,63
29,2017-10-31,优,44,28,18,44,8,56,0.66,45
0,2017-09-01,良,62,261,18,41,7,19,0.66,117
1,2017-09-02,良,76,310,20,42,8,20,0.67,124
2,2017-09-03,良,51,189,11,30,9,20,0.57,95
3,2017-09-04,优,40,130,9,30,7,19,0.57,79
4,2017-09-05,良,65,284,23,54,10,32,0.68,99
5,2017-09-06,良,81,340,58,78,12,46,1.03,67
6,2017-09-07,优,43,117,24,23,7,38,0.78,57
7,2017-09-08,优,27,32,16,24,7,50,0.71,39
8,2017-09-09,良,53,170,27,39,7,26,0.77,103
9,2017-09-10,良,54,235,27,42,8,25,0.7,93
10,2017-09-11,优,39,106,23,32,7,37,0.99,49
11,2017-09-12,良,59,197,22,37,7,25,0.73,111
12,2017-09-13,良,76,267,34,50,7,21,0.77,123
13,2017-09-14,良,67,225,15,42,7,16,0.61,120
14,2017-09-15,优,46,79,14,36,5,16,0.55,79
15,2017-09-16,良,52,110,14,36,7,16,0.55,101
16,2017-09-17,良,53,126,18,42,8,29,0.63,93
17,2017-09-18,轻度污染,102,303,54,90,12,55,0.97,120
18,2017-09-19,轻度污染,110,342,69,91,10,47,0.94,138
19,2017-09-20,良,53,197,26,32,6,35,0.65,96
20,2017-09-21,优,46,115,16,24,7,39,0.64,83
21,2017-09-22,优,45,69,25,45,9,65,0.78,42
22,2017-09-23,优,45,97,27,37,9,51,0.7,59
23,2017-09-24,优,33,57,11,14,6,37,0.66,65
24,2017-09-25,优,26,36,11,14,6,44,0.75,34
25,2017-09-26,良,74,317,52,63,9,55,1.12,73
26,2017-09-27,良,79,343,49,61,8,35,0.97,76
27,2017-09-28,优,48,208,17,44,10,46,0.69,62
28,2017-09-29,优,49,150,18,45,9,57,0.68,66
29,2017-09-30,优,37,77,14,28,7,38,0.59,73
0,2017-08-01,优,45,137,19,45,5,12,0.54,67
1,2017-08-02,优,41,140,19,39,6,13,0.53,67
2,2017-08-03,良,74,318,26,46,7,17,0.64,117
3,2017-08-04,良,84,325,39,62,7,32,0.76,113
4,2017-08-05,良,83,306,60,72,7,59,1.11,69
5,2017-08-06,轻度污染,136,364,84,78,9,49,1.3,121
6,2017-08-07,轻度污染,132,364,81,99,9,39,1.06,155
7,2017-08-08,良,59,250,35,48,8,44,0.92,77
8,2017-08-09,优,33,57,17,25,6,36,0.8,54
9,2017-08-10,良,84,309,38,52,9,35,0.92,120
10,2017-08-11,轻度污染,126,362,62,86,9,50,0.99,151
11,2017-08-12,良,76,322,43,55,8,27,0.71,121
12,2017-08-13,良,55,240,31,48,7,29,0.67,85
13,2017-08-14,优,41,133,16,30,7,33,0.71,75
14,2017-08-15,良,92,349,54,69,8,37,1.05,118
15,2017-08-16,良,67,271,32,42,8,37,0.81,92
16,2017-08-17,良,64,271,25,43,9,48,0.76,99
17,2017-08-18,良,78,340,21,35,7,34,0.65,117
18,2017-08-19,良,87,358,35,56,8,29,0.66,124
19,2017-08-20,优,40,94,15,30,6,34,0.66,60
20,2017-08-21,良,54,184,30,43,8,39,0.74,71
21,2017-08-22,优,25,13,11,24,6,16,0.51,33
22,2017-08-23,优,34,70,10,33,6,15,0.54,58
23,2017-08-24,良,58,286,20,39,7,24,0.64,96
24,2017-08-25,良,60,285,29,48,8,43,0.83,91
25,2017-08-26,良,53,252,14,29,7,19,0.65,101
26,2017-08-27,优,47,187,12,31,8,20,0.6,85
27,2017-08-28,良,63,320,19,39,8,26,0.6,96
28,2017-08-29,优,45,234,18,37,9,25,0.61,71
29,2017-08-30,优,41,197,9,32,7,19,0.52,83
30,2017-08-31,良,57,269,14,34,7,19,0.61,109
0,2017-07-01,良,77,265,45,56,7,38,0.72,81
1,2017-07-02,优,41,142,21,38,6,23,0.57,70
2,2017-07-03,良,55,205,25,39,7,24,0.6,83
3,2017-07-04,优,43,121,20,35,8,24,0.6,76
4,2017-07-05,良,64,241,30,48,8,39,0.7,76
5,2017-07-06,良,66,284,27,47,8,31,0.64,95
6,2017-07-07,良,68,292,28,52,8,30,0.65,95
7,2017-07-08,良,66,266,30,50,8,31,0.64,93
8,2017-07-09,优,47,178,20,41,9,25,0.59,74
9,2017-07-10,优,44,153,20,40,7,30,0.61,61
10,2017-07-11,良,61,187,25,42,8,30,0.62,97
11,2017-07-12,良,90,308,38,62,9,36,0.7,124
12,2017-07-13,良,97,334,42,70,11,39,0.74,133
13,2017-07-14,良,95,340,44,73,10,44,0.78,120
14,2017-07-15,良,86,348,36,59,8,22,0.63,120
15,2017-07-16,良,74,303,22,46,8,17,0.51,104
16,2017-07-17,优,44,112,15,40,8,17,0.46,73
17,2017-07-18,良,86,340,41,78,9,55,0.76,103
18,2017-07-19,良,95,349,42,71,11,40,0.69,139
19,2017-07-20,轻度污染,103,349,38,65,12,32,0.66,154
20,2017-07-21,轻度污染,116,366,43,76,14,37,0.71,156
21,2017-07-22,轻度污染,115,359,51,83,14,37,0.78,166
22,2017-07-23,轻度污染,116,354,42,69,12,39,0.77,145
23,2017-07-24,轻度污染,121,357,45,76,15,42,0.8,157
24,2017-07-25,轻度污染,112,351,54,87,14,36,0.9,160
25,2017-07-26,良,96,335,55,68,7,23,0.81,141
26,2017-07-27,良,80,286,45,63,10,23,0.72,111
27,2017-07-28,优,36,32,18,33,7,17,0.56,60
28,2017-07-29,优,30,17,16,28,7,14,0.57,52
29,2017-07-30,优,33,29,15,31,6,13,0.56,42
30,2017-07-31,优,39,74,15,38,5,9,0.54,56
0,2017-06-01,轻度污染,110,314,79,99,15,54,0.94,124
1,2017-06-02,良,93,276,47,57,10,34,0.57,118
2,2017-06-03,良,60,188,14,36,10,28,0.41,109
3,2017-06-04,良,60,205,12,30,9,20,0.42,111
4,2017-06-05,良,55,221,16,29,8,23,0.47,107
5,2017-06-06,良,54,238,29,40,7,29,0.64,86
6,2017-06-07,良,89,343,55,62,12,37,0.84,134
7,2017-06-08,轻度污染,138,360,80,52,11,39,0.87,159
8,2017-06-09,轻度污染,112,342,68,62,11,39,0.89,153
9,2017-06-10,优,44,166,28,24,7,40,0.71,45
10,2017-06-11,良,53,195,12,17,6,18,0.48,104
11,2017-06-12,良,54,208,11,17,6,24,0.47,102
12,2017-06-13,优,46,153,16,22,7,34,0.57,89
13,2017-06-14,优,46,138,21,32,7,30,0.51,90
14,2017-06-15,良,62,176,31,48,8,41,0.54,112
15,2017-06-16,良,70,196,34,45,8,27,0.51,116
16,2017-06-17,良,76,206,32,44,10,28,0.52,126
17,2017-06-18,良,56,143,28,42,9,18,0.47,100
18,2017-06-19,优,43,99,18,26,6,26,0.58,78
19,2017-06-20,优,46,103,28,20,7,32,0.62,61
20,2017-06-21,良,51,143,34,39,8,33,0.64,58
21,2017-06-22,优,43,136,11,14,5,23,0.52,83
22,2017-06-23,良,74,301,54,40,6,47,0.74,56
23,2017-06-24,优,47,155,32,27,6,46,0.75,56
24,2017-06-25,良,66,245,47,52,8,47,0.87,30
25,2017-06-26,轻度污染,116,355,87,80,10,47,1.05,79
26,2017-06-27,轻度污染,127,348,93,63,9,47,1.07,98
27,2017-06-28,良,82,268,49,39,7,33,0.82,101
28,2017-06-29,良,52,145,33,31,6,35,0.72,84
29,2017-06-30,良,60,201,33,44,7,40,0.75,72
0,2017-05-01,良,57,59,29,53,10,33,0.58,93
1,2017-05-02,优,42,29,16,26,6,21,0.48,86
2,2017-05-03,优,49,96,15,31,7,21,0.47,94
3,2017-05-04,优,45,101,23,31,6,31,0.68,63
4,2017-05-05,良,65,147,46,50,7,43,0.86,44
5,2017-05-06,轻度污染,126,252,51,194,9,43,0.69,71
6,2017-05-07,轻度污染,148,292,53,244,10,42,0.59,96
7,2017-05-08,良,73,210,27,95,7,31,0.49,85
8,2017-05-09,良,67,223,44,57,8,44,0.8,72
9,2017-05-10,轻度污染,106,340,58,94,14,67,0.95,106
10,2017-05-11,轻度污染,101,301,49,86,14,54,0.87,132
11,2017-05-12,良,69,208,33,41,8,43,0.76,103
12,2017-05-13,良,86,290,47,65,11,54,0.83,103
13,2017-05-14,良,93,309,56,75,12,42,0.72,114
14,2017-05-15,良,62,210,21,60,11,34,0.53,107
15,2017-05-16,优,44,52,14,39,12,42,0.49,83
16,2017-05-17,良,59,93,20,50,10,40,0.54,94
17,2017-05-18,良,67,115,22,48,9,29,0.56,120
18,2017-05-19,良,76,188,26,49,9,22,0.6,129
19,2017-05-20,良,54,99,22,41,8,19,0.57,100
20,2017-05-20,良,54,99,22,41,8,19,0.57,100
21,2017-05-21,良,53,138,19,35,7,18,0.54,98
22,2017-05-22,优,39,80,13,30,7,15,0.52,83
23,2017-05-23,优,47,151,30,34,7,41,0.74,59
24,2017-05-24,优,42,95,15,22,7,21,0.64,85
25,2017-05-25,良,62,177,36,55,15,56,0.8,107
26,2017-05-26,良,84,262,41,54,11,42,0.62,115
27,2017-05-27,良,71,129,23,54,13,42,0.51,116
28,2017-05-28,良,82,152,28,60,14,37,0.53,124
29,2017-05-29,良,59,72,18,39,10,24,0.41,104
30,2017-05-30,良,57,97,24,43,11,22,0.46,103
31,2017-05-31,良,80,215,48,75,12,49,0.71,105
0,2017-04-01,良,89,259,66,86,16,75,0.93,79
1,2017-04-02,轻度污染,110,330,82,96,17,61,0.91,89
2,2017-04-03,良,100,299,64,71,12,43,0.73,122
3,2017-04-04,良,81,201,47,57,10,27,0.67,129
4,2017-04-05,良,64,125,41,63,10,59,0.84,72
5,2017-04-06,良,96,248,71,56,12,76,0.95,28
6,2017-04-07,良,61,136,43,33,7,61,0.82,34
7,2017-04-08,良,81,263,59,61,9,57,0.77,53
8,2017-04-09,良,51,175,31,37,7,31,0.68,90
9,2017-04-10,优,43,111,25,32,6,43,0.64,70
10,2017-04-11,良,76,282,53,59,8,57,0.99,51
11,2017-04-12,良,90,303,47,95,11,63,0.81,59
12,2017-04-13,良,66,147,20,73,10,55,0.56,75
13,2017-04-14,良,72,187,29,69,13,50,0.7,106
14,2017-04-15,良,79,173,42,78,14,58,0.87,106
15,2017-04-16,良,65,129,44,68,11,65,0.82,46
16,2017-04-17,良,74,203,52,68,11,54,1.07,70
17,2017-04-18,良,88,259,43,121,16,52,0.87,82
18,2017-04-19,良,81,220,34,109,11,43,0.73,108
19,2017-04-20,良,78,253,45,78,9,34,0.86,110
20,2017-04-21,良,71,252,49,79,16,46,0.91,82
21,2017-04-22,良,66,176,31,58,9,27,0.66,117
22,2017-04-23,良,76,246,35,73,10,33,0.63,121
23,2017-04-23,良,76,246,35,73,10,33,0.63,121
24,2017-04-24,良,82,251,39,83,10,34,0.66,132
25,2017-04-25,良,64,203,39,65,10,43,0.66,88
26,2017-04-26,良,53,162,23,34,7,23,0.57,104
27,2017-04-27,良,56,150,23,45,12,45,0.66,90
28,2017-04-28,良,80,275,43,74,16,67,0.78,100
29,2017-04-29,良,99,318,55,89,19,65,0.82,118
30,2017-04-30,良,94,267,40,76,16,43,0.7,144
0,2017-03-01,良,75,161,51,82,14,57,0.82,66
1,2017-03-02,良,65,145,45,63,13,43,0.84,70
2,2017-03-03,良,69,105,49,67,15,55,0.78,80
3,2017-03-04,良,79,150,57,77,17,76,0.84,81
4,2017-03-05,良,91,253,67,64,13,83,0.88,41
5,2017-03-06,良,57,151,30,42,8,28,0.6,89
6,2017-03-07,良,58,165,35,60,12,52,0.72,78
7,2017-03-08,良,63,175,41,63,13,50,0.78,77
8,2017-03-09,轻度污染,101,312,75,94,18,79,0.96,70
9,2017-03-10,良,89,241,65,79,15,63,0.83,79
10,2017-03-11,良,75,194,52,45,11,43,0.67,102
11,2017-03-12,优,49,95,28,32,8,39,0.62,90
12,2017-03-13,良,56,212,25,37,7,27,0.61,101
13,2017-03-14,良,51,149,27,46,10,31,0.61,89
14,2017-03-15,良,53,96,31,47,13,55,0.68,75
15,2017-03-16,优,47,61,23,37,10,40,0.55,88
16,2017-03-17,良,52,72,34,43,10,52,0.56,82
17,2017-03-18,优,48,65,30,39,10,41,0.58,86
18,2017-03-19,良,54,98,37,42,10,45,0.64,89
19,2017-03-20,良,59,136,41,26,8,55,0.83,68
20,2017-03-21,良,89,271,62,70,11,36,0.81,115
21,2017-03-22,优,40,58,16,27,8,38,0.52,76
22,2017-03-23,优,40,35,19,26,7,38,0.56,78
23,2017-03-24,良,55,132,38,48,10,46,0.67,84
24,2017-03-25,良,99,316,74,86,14,60,0.98,59
25,2017-03-26,轻度污染,105,334,75,112,17,65,0.97,64
26,2017-03-27,良,87,284,63,89,19,64,0.91,75
27,2017-03-28,良,69,127,37,78,13,43,0.67,105
28,2017-03-29,良,84,199,61,83,11,45,0.84,86
29,2017-03-30,良,60,121,42,45,7,41,0.65,88
30,2017-03-31,良,69,229,35,43,8,29,0.63,110
0,2017-02-01,优,50,102,27,34,10,18,0.71,79
1,2017-02-02,良,51,97,24,32,10,21,0.66,77
2,2017-02-03,优,27,5,15,23,11,42,0.63,45
3,2017-02-04,良,70,119,51,50,11,61,1.09,13
4,2017-02-05,轻度污染,148,290,112,109,13,54,1.44,30
5,2017-02-06,轻度污染,104,250,71,71,12,32,0.92,78
6,2017-02-07,优,39,43,12,25,9,25,0.49,77
7,2017-02-08,优,36,36,14,17,8,27,0.55,69
8,2017-02-09,良,95,292,70,74,16,33,1.03,67
9,2017-02-10,良,63,161,41,59,19,39,0.9,62
10,2017-02-11,良,58,67,41,57,21,55,0.96,51
11,2017-02-12,良,87,182,64,69,19,78,1.14,53
12,2017-02-13,良,82,141,60,54,16,72,0.87,66
13,2017-02-14,良,90,148,66,75,19,85,0.98,64
14,2017-02-15,良,93,141,66,45,18,57,0.74,97
15,2017-02-16,良,57,46,39,45,13,57,0.74,66
16,2017-02-17,良,80,190,50,74,12,47,0.76,51
17,2017-02-18,优,40,19,15,35,12,38,0.48,65
18,2017-02-19,良,56,43,37,62,12,37,0.65,82
19,2017-02-20,良,77,172,43,81,11,33,0.71,63
20,2017-02-21,优,47,64,19,45,8,24,0.55,82
21,2017-02-22,良,70,213,49,53,8,43,0.96,38
22,2017-02-23,轻度污染,111,307,81,86,13,36,0.97,61
23,2017-02-24,良,62,166,42,50,13,42,0.8,82
24,2017-02-25,轻度污染,106,293,79,91,17,73,1.02,75
25,2017-02-26,中度污染,154,352,117,107,19,84,1.11,82
26,2017-02-27,良,71,139,50,30,13,60,0.75,62
27,2017-02-28,良,61,60,40,47,12,52,0.65,75
0,2017-01-01,良,55,35,36,49,19,70,0.89,24
1,2017-01-02,良,100,112,74,76,22,67,1.22,26
2,2017-01-03,轻度污染,131,157,99,106,17,71,1.28,54
3,2017-01-04,良,73,72,53,59,20,74,0.94,41
4,2017-01-05,优,44,42,27,22,12,44,0.83,74
5,2017-01-06,优,34,32,20,27,12,51,0.8,41
6,2017-01-07,优,34,37,13,15,11,46,0.85,38
7,2017-01-08,轻度污染,104,256,77,68,15,53,1.77,9
8,2017-01-09,良,85,214,62,62,20,41,1.31,53
9,2017-01-10,轻度污染,108,248,81,88,18,54,1.29,53
10,2017-01-11,优,47,80,31,41,14,40,0.77,64
11,2017-01-12,良,72,196,52,61,16,71,0.98,23
12,2017-01-13,轻度污染,128,310,96,111,30,68,1.35,35
13,2017-01-14,优,44,76,25,37,14,30,0.72,66
14,2017-01-15,优,33,26,11,23,11,25,0.56,61
15,2017-01-16,优,30,8,17,27,13,40,0.62,50
16,2017-01-17,良,57,87,39,53,16,74,0.87,29
17,2017-01-18,优,49,63,34,38,14,54,0.76,49
18,2017-01-19,轻度污染,104,199,77,88,20,60,1.08,52
19,2017-01-20,良,99,290,69,100,18,32,0.94,61
20,2017-01-21,优,50,42,34,44,14,53,0.81,49
21,2017-01-22,良,68,135,46,67,20,53,0.97,46
22,2017-01-23,优,41,22,22,36,16,34,0.77,64
23,2017-01-24,优,40,18,25,37,16,40,0.74,65
24,2017-01-25,良,75,90,54,62,17,40,0.86,82
25,2017-01-26,良,75,82,54,56,16,45,0.81,78
26,2017-01-27,良,77,127,44,74,12,28,0.75,68
27,2017-01-28,良,63,40,26,73,12,24,0.59,78
28,2017-01-29,良,80,165,58,67,14,30,1.02,63
29,2017-01-30,优,43,70,21,39,9,12,0.59,71
30,2017-01-31,优,40,54,10,18,9,14,0.47,76
0,2016-12-01,轻度污染,131,283,99,133,26,68,1.32,50
1,2016-12-02,优,50,43,29,51,14,57,0.77,53
2,2016-12-03,优,44,24,24,43,13,60,0.72,45
3,2016-12-04,轻度污染,102,172,75,106,21,88,1.22,30
4,2016-12-05,中度污染,162,316,121,162,24,97,1.54,37
5,2016-12-06,良,58,62,35,61,15,47,0.78,50
6,2016-12-07,轻度污染,127,238,96,129,25,97,1.25,30
7,2016-12-08,中度污染,166,290,126,156,23,110,1.42,54
8,2016-12-09,轻度污染,125,249,93,110,21,71,1.18,52
9,2016-12-10,优,32,2,16,29,13,36,0.61,55
10,2016-12-11,优,32,1,14,30,13,36,0.6,56
11,2016-12-12,良,51,38,29,56,14,66,0.94,29
12,2016-12-13,良,52,73,36,56,13,54,0.91,35
13,2016-12-14,优,39,55,19,36,12,26,0.54,60
14,2016-12-15,良,81,189,59,75,26,54,1.06,41
15,2016-12-16,中度污染,179,326,135,149,37,85,1.67,38
16,2016-12-17,轻度污染,149,291,113,125,23,83,1.38,37
17,2016-12-18,良,56,45,37,65,15,76,1.12,29
18,2016-12-19,良,91,100,67,99,20,96,1.51,15
19,2016-12-20,良,62,63,44,28,13,56,0.84,43
20,2016-12-21,优,43,27,30,34,12,55,0.88,28
21,2016-12-22,轻度污染,103,261,76,72,14,52,1.41,42
22,2016-12-23,中度污染,177,345,135,145,25,65,1.8,37
23,2016-12-24,优,40,16,25,29,14,42,0.73,50
24,2016-12-25,优,29,10,16,21,12,51,0.71,37
25,2016-12-26,优,32,34,17,17,10,56,1.0,22
26,2016-12-27,优,46,111,27,40,12,28,0.83,54
27,2016-12-28,良,51,56,34,49,16,49,0.86,35
28,2016-12-29,良,83,192,61,73,18,48,0.92,52
29,2016-12-30,良,76,111,53,71,16,76,1.01,22
30,2016-12-31,良,67,57,47,69,21,88,1.19,17
0,2016-11-01,优,38,80,14,26,8,19,0.45,71
1,2016-11-02,优,46,103,25,48,13,53,0.59,50
2,2016-11-03,良,83,216,60,94,19,85,1.09,52
3,2016-11-04,良,94,232,69,91,16,82,0.88,73
4,2016-11-05,良,92,177,67,93,16,78,0.91,69
5,2016-11-06,良,93,144,68,92,16,73,0.94,44
6,2016-11-07,良,52,82,35,42,12,52,0.64,43
7,2016-11-08,优,40,100,15,25,9,20,0.61,74
8,2016-11-09,优,36,98,13,31,9,25,0.5,66
9,2016-11-10,良,64,212,45,65,15,64,0.92,23
10,2016-11-11,良,73,230,48,81,19,63,0.9,35
11,2016-11-12,良,61,96,37,69,13,55,0.72,65
12,2016-11-13,良,73,134,53,69,12,69,0.92,23
13,2016-11-14,轻度污染,116,252,87,90,18,71,1.24,44
14,2016-11-15,良,57,89,23,53,11,33,0.61,77
15,2016-11-16,优,39,16,13,38,12,56,0.61,44
16,2016-11-17,优,31,5,16,23,11,59,0.64,40
17,2016-11-18,良,86,200,63,73,13,63,0.98,45
18,2016-11-19,轻度污染,142,315,107,115,21,94,1.72,15
19,2016-11-20,良,60,153,43,21,11,35,1.01,49
20,2016-11-21,优,46,135,28,42,11,52,0.88,41
21,2016-11-22,优,35,116,9,15,9,21,0.61,68
22,2016-11-23,优,32,109,17,20,10,34,0.63,42
23,2016-11-24,良,68,197,48,56,19,50,1.01,37
24,2016-11-25,良,62,138,44,56,16,64,0.83,30
25,2016-11-26,优,48,93,32,32,12,58,1.04,29
26,2016-11-27,轻度污染,125,297,94,115,37,78,1.57,39
27,2016-11-28,良,92,208,64,115,22,60,1.0,48
28,2016-11-29,优,43,19,20,43,13,64,0.72,28
29,2016-11-30,良,71,126,46,78,17,86,0.98,19
0,2016-10-01,良,73,259,53,67,11,42,0.94,44
1,2016-10-02,优,34,51,21,29,11,21,0.57,51
2,2016-10-03,优,46,123,27,25,10,25,0.91,57
3,2016-10-04,优,40,59,15,29,10,21,0.53,73
4,2016-10-05,良,54,135,36,51,11,25,0.65,83
5,2016-10-06,良,61,191,25,44,9,18,0.59,106
6,2016-10-07,优,46,129,22,45,10,42,0.63,59
7,2016-10-08,优,45,151,16,23,10,20,0.58,87
8,2016-10-09,优,41,113,11,37,10,18,0.45,79
9,2016-10-10,优,41,92,10,32,10,23,0.44,77
10,2016-10-11,优,41,89,12,30,11,28,0.48,78
11,2016-10-12,良,51,133,26,47,13,27,0.58,97
12,2016-10-13,优,50,108,21,43,11,33,0.52,75
13,2016-10-14,优,48,96,26,46,12,40,0.58,74
14,2016-10-15,优,42,74,15,38,12,36,0.47,67
15,2016-10-16,良,71,246,47,66,16,54,0.81,59
16,2016-10-17,良,56,128,35,36,16,33,0.77,73
17,2016-10-18,优,43,68,18,29,12,33,0.56,85
18,2016-10-19,优,50,124,29,52,11,43,0.67,70
19,2016-10-20,优,36,62,23,32,10,44,0.62,57
20,2016-10-21,优,33,91,9,12,9,25,0.54,65
21,2016-10-22,优,28,58,5,9,8,21,0.5,54
22,2016-10-23,优,45,206,19,35,9,19,0.58,88
23,2016-10-24,优,40,118,22,38,10,35,0.63,68
24,2016-10-25,优,50,164,32,47,14,46,0.98,31
25,2016-10-26,优,43,131,26,28,10,57,0.92,34
26,2016-10-27,优,38,115,14,23,9,41,0.64,56
27,2016-10-28,优,39,129,25,27,10,36,0.76,48
28,2016-10-29,优,38,128,15,34,10,24,0.53,64
29,2016-10-30,优,39,90,14,38,10,30,0.49,58
30,2016-10-31,优,33,40,16,31,10,40,0.55,53
0,2016-09-01,轻度污染,104,354,61,93,15,36,0.96,143
1,2016-09-02,轻度污染,114,363,68,95,15,40,1.03,146
2,2016-09-03,轻度污染,113,338,67,89,13,34,0.92,142
3,2016-09-04,良,65,193,37,47,10,18,0.74,109
4,2016-09-05,优,50,111,28,43,11,29,0.78,96
5,2016-09-06,良,58,189,39,59,15,46,0.82,94
6,2016-09-07,良,58,214,35,41,10,48,0.84,76
7,2016-09-08,良,94,325,67,71,13,62,1.02,97
8,2016-09-09,轻度污染,114,342,67,72,12,52,0.95,125
9,2016-09-10,良,77,289,49,58,11,30,0.77,121
10,2016-09-11,良,66,259,47,55,10,43,0.82,88
11,2016-09-12,良,62,212,36,45,10,31,0.71,104
12,2016-09-13,良,63,198,33,41,10,29,0.69,105
13,2016-09-14,优,40,56,18,25,9,37,0.66,74
14,2016-09-15,优,27,36,8,10,9,21,0.54,49
15,2016-09-16,优,21,20,7,13,9,15,0.53,36
16,2016-09-17,优,29,41,12,21,10,19,0.58,55
17,2016-09-18,良,56,214,34,55,11,17,0.69,94
18,2016-09-19,优,45,97,18,40,11,19,0.63,84
19,2016-09-20,优,44,67,17,41,12,28,0.59,73
20,2016-09-21,优,38,23,16,32,11,39,0.55,64
21,2016-09-22,优,38,21,16,27,11,39,0.55,75
22,2016-09-23,优,45,46,26,37,13,45,0.58,81
23,2016-09-24,良,63,146,33,44,11,32,0.57,109
24,2016-09-25,良,65,179,34,47,10,33,0.59,100
25,2016-09-26,优,42,47,26,38,10,29,0.54,58
26,2016-09-27,优,34,35,18,33,10,22,0.48,24
27,2016-09-28,优,25,23,13,21,8,19,0.46,41
28,2016-09-29,优,33,72,11,21,8,22,0.6,60
29,2016-09-30,良,52,172,35,47,9,55,0.88,28
0,2016-08-01,优,32,48,13,30,9,12,0.52,46
1,2016-08-02,优,37,84,15,35,9,17,0.58,60
2,2016-08-03,优,35,112,17,32,8,35,0.71,34
3,2016-08-04,优,47,191,27,40,12,48,0.76,52
4,2016-08-05,优,38,109,20,32,9,23,0.63,60
5,2016-08-06,优,33,51,17,28,8,18,0.62,63
6,2016-08-07,优,28,30,9,20,8,13,0.52,53
7,2016-08-08,优,24,10,8,19,8,17,0.5,45
8,2016-08-09,优,26,15,9,25,8,16,0.5,36
9,2016-08-10,优,23,5,10,21,7,14,0.51,39
10,2016-08-11,优,28,20,14,27,9,15,0.53,37
11,2016-08-12,优,26,17,12,25,8,14,0.61,36
12,2016-08-13,优,28,28,14,26,8,12,0.62,42
13,2016-08-14,优,46,160,21,37,9,15,0.65,70
14,2016-08-15,优,36,88,14,28,8,15,0.65,66
15,2016-08-16,优,35,69,17,31,10,18,0.67,65
16,2016-08-17,优,36,62,18,33,10,20,0.66,62
17,2016-08-18,优,38,77,17,36,10,17,0.64,67
18,2016-08-19,优,47,168,19,38,9,23,0.68,77
19,2016-08-20,良,61,260,29,47,9,27,0.73,93
20,2016-08-21,优,46,103,28,38,10,20,0.67,69
21,2016-08-22,优,50,112,22,34,9,18,0.69,99
22,2016-08-23,良,58,151,21,34,10,19,0.69,106
23,2016-08-24,良,64,184,19,35,10,22,0.72,114
24,2016-08-25,优,48,130,24,39,11,23,0.72,88
25,2016-08-26,优,46,186,19,36,9,15,0.67,89
26,2016-08-27,良,52,195,16,41,12,23,0.69,94
27,2016-08-28,良,77,306,22,53,15,22,0.79,133
28,2016-08-29,良,70,251,23,46,13,29,0.75,117
29,2016-08-30,良,69,228,28,62,17,41,0.87,103
30,2016-08-31,良,90,302,38,73,16,50,0.86,125
0,2016-07-01,优,50,236,30,49,10,34,0.76,58
1,2016-07-02,优,36,121,18,34,8,39,0.84,45
2,2016-07-03,良,72,280,51,70,9,39,0.87,67
3,2016-07-04,良,71,273,40,54,9,28,0.75,80
4,2016-07-05,优,50,201,23,40,8,29,0.63,73
5,2016-07-06,优,45,170,22,44,8,30,0.57,49
6,2016-07-07,优,31,60,12,30,6,13,0.51,31
7,2016-07-08,优,25,28,9,24,8,15,0.51,32
8,2016-07-09,优,26,38,10,25,7,15,0.51,40
9,2016-07-10,优,31,44,15,29,7,19,0.56,44
10,2016-07-11,优,37,68,23,34,6,26,0.62,51
11,2016-07-12,良,79,330,55,77,8,33,0.83,101
12,2016-07-13,良,93,348,57,81,9,46,0.94,104
13,2016-07-14,良,76,324,54,71,8,66,1.1,32
14,2016-07-15,良,91,362,54,76,8,45,0.91,95
15,2016-07-16,良,82,331,60,72,7,34,0.97,90
16,2016-07-17,轻度污染,118,350,79,89,8,28,0.92,118
17,2016-07-18,良,61,218,32,47,7,19,0.63,101
18,2016-07-19,良,63,278,32,51,8,22,0.62,103
19,2016-07-20,良,85,353,38,65,10,24,0.7,118
20,2016-07-21,良,97,358,44,68,13,32,0.74,132
21,2016-07-22,轻度污染,107,358,47,76,13,33,0.79,145
22,2016-07-23,良,93,344,46,73,12,28,0.76,138
23,2016-07-24,良,84,318,42,65,10,20,0.67,116
24,2016-07-25,良,52,146,22,39,9,15,0.57,89
25,2016-07-26,良,92,350,38,60,10,23,0.72,131
26,2016-07-27,良,86,333,47,79,11,36,0.86,112
27,2016-07-28,轻度污染,110,351,66,98,10,50,0.99,127
28,2016-07-29,轻度污染,124,358,69,92,9,35,0.9,155
29,2016-07-30,良,61,182,36,47,7,12,0.55,87
30,2016-07-31,优,30,29,13,27,8,10,0.45,51
0,2016-06-01,良,63,247,23,29,7,25,0.6,111
1,2016-06-02,良,69,254,40,49,8,28,0.56,99
2,2016-06-03,良,51,174,18,27,7,26,0.49,97
3,2016-06-04,良,57,182,38,37,9,29,0.75,78
4,2016-06-05,良,56,154,30,35,9,26,0.56,92
5,2016-06-06,良,59,138,38,46,8,24,0.53,103
6,2016-06-07,良,61,176,43,54,8,31,0.56,79
7,2016-06-08,良,53,125,36,48,7,34,0.6,59
8,2016-06-09,优,44,87,30,37,8,28,0.53,68
9,2016-06-10,优,48,130,31,43,7,18,0.5,81
10,2016-06-11,良,76,292,54,78,10,37,0.64,66
11,2016-06-12,优,43,124,23,19,7,32,0.52,59
12,2016-06-13,优,50,126,31,38,11,33,0.58,77
13,2016-06-14,良,83,323,40,54,11,31,0.62,108
14,2016-06-15,良,91,355,65,78,12,42,0.86,102
15,2016-06-16,轻度污染,139,363,104,111,13,55,1.18,93
16,2016-06-17,轻度污染,107,340,65,57,12,35,0.85,107
17,2016-06-18,良,63,193,29,42,10,28,0.69,97
18,2016-06-19,良,51,167,26,45,12,32,0.67,66
19,2016-06-20,优,28,46,16,23,7,31,0.64,37
20,2016-06-21,良,72,287,47,71,11,48,0.79,86
21,2016-06-22,良,56,219,37,50,8,45,0.78,40
22,2016-06-23,良,86,354,56,76,10,43,0.83,101
23,2016-06-24,良,66,318,42,64,11,31,0.74,76
24,2016-06-25,良,58,252,39,41,6,41,0.72,82
25,2016-06-26,良,76,282,34,28,6,23,0.62,106
26,2016-06-27,良,60,211,29,36,6,40,0.76,69
27,2016-06-28,良,77,289,56,54,8,66,1.26,19
28,2016-06-29,优,46,150,30,30,8,40,0.78,38
29,2016-06-30,良,60,256,32,50,10,32,0.74,88
0,2016-05-01,良,85,217,47,69,12,31,0.67,134
1,2016-05-02,良,60,150,39,48,9,34,0.71,83
2,2016-05-03,良,71,250,32,72,11,33,0.57,100
3,2016-05-04,良,92,311,47,109,16,61,0.71,105
4,2016-05-05,良,65,177,40,62,9,47,0.65,63
5,2016-05-06,良,98,260,73,63,14,38,0.9,103
6,2016-05-07,中度污染,170,346,66,229,9,30,0.53,103
7,2016-05-08,良,63,206,27,73,9,31,0.48,95
8,2016-05-09,良,67,230,48,48,9,50,0.61,55
9,2016-05-10,优,47,90,27,30,9,42,0.6,80
10,2016-05-11,轻度污染,124,319,87,109,19,59,1.01,123
11,2016-05-12,轻度污染,107,293,58,74,13,33,0.71,158
12,2016-05-13,良,96,332,68,83,9,32,0.76,116
13,2016-05-14,良,56,151,35,48,7,23,0.52,95
14,2016-05-15,优,46,109,31,41,9,32,0.83,57
15,2016-05-16,良,72,265,42,53,14,39,0.84,93
16,2016-05-17,良,68,129,29,50,11,46,0.53,113
17,2016-05-18,良,78,200,40,66,13,34,0.51,133
18,2016-05-19,良,90,245,50,71,15,24,0.57,133
19,2016-05-20,良,55,138,23,41,9,24,0.49,103
20,2016-05-21,优,47,148,14,20,6,29,0.53,78
21,2016-05-22,良,76,281,55,64,7,39,0.78,71
22,2016-05-23,轻度污染,101,343,75,84,11,42,0.86,102
23,2016-05-24,轻度污染,111,348,83,69,14,48,0.97,103
24,2016-05-25,轻度污染,109,341,68,87,9,33,0.84,133
25,2016-05-26,轻度污染,133,358,100,93,10,61,1.23,57
26,2016-05-27,良,53,166,35,15,8,42,0.77,65
27,2016-05-28,优,47,137,30,33,7,51,0.82,61
28,2016-05-29,良,68,237,49,40,9,62,1.26,29
29,2016-05-30,良,79,234,57,68,9,41,0.8,91
30,2016-05-31,良,92,289,68,68,11,40,0.84,97
0,2016-04-01,轻度污染,115,295,86,90,12,56,0.8,84
1,2016-04-02,良,75,168,54,40,11,44,0.64,94
2,2016-04-03,良,77,303,54,50,10,48,0.77,66
3,2016-04-04,优,49,96,22,47,13,35,0.53,82
4,2016-04-05,优,48,84,22,47,15,48,0.45,63
5,2016-04-06,优,49,142,32,35,10,51,0.7,49
6,2016-04-07,良,81,264,59,66,13,68,1.06,27
7,2016-04-08,良,66,200,45,58,12,62,0.66,50
8,2016-04-09,良,61,167,42,63,12,58,0.62,69
9,2016-04-10,良,91,273,67,84,15,60,0.7,55
10,2016-04-11,良,64,160,38,67,12,48,0.58,76
11,2016-04-12,良,68,181,46,70,10,48,0.68,74
12,2016-04-13,轻度污染,113,301,84,110,14,69,1.01,65
13,2016-04-14,中度污染,155,357,117,153,13,57,0.92,107
14,2016-04-15,轻度污染,108,307,74,115,13,50,0.6,97
15,2016-04-16,优,48,111,27,44,11,36,0.63,81
16,2016-04-17,良,79,307,52,77,16,35,0.81,96
17,2016-04-18,良,57,195,26,48,12,38,0.45,101
18,2016-04-19,良,59,151,26,48,11,31,0.41,98
19,2016-04-20,优,50,120,23,41,10,38,0.58,74
20,2016-04-21,良,81,246,59,74,13,57,0.94,90
21,2016-04-22,轻度污染,138,324,102,126,19,64,1.15,116
22,2016-04-23,良,88,279,37,35,8,23,0.63,140
23,2016-04-24,良,87,274,47,84,10,38,0.71,111
24,2016-04-25,良,71,213,39,89,10,51,0.63,80
25,2016-04-26,良,54,144,35,55,10,46,0.62,74
26,2016-04-27,良,72,244,52,59,11,43,0.78,86
27,2016-04-28,轻度污染,121,352,90,95,20,46,1.11,116
28,2016-04-29,中度污染,161,358,119,146,26,76,1.3,136
29,2016-04-30,轻度污染,136,356,76,97,16,45,0.76,164
0,2016-03-01,良,53,56,30,52,14,38,0.6,77
1,2016-03-02,良,90,150,66,90,16,51,0.75,87
2,2016-03-03,良,94,176,69,105,21,79,0.9,59
3,2016-03-04,良,51,35,28,55,16,43,0.57,65
4,2016-03-05,轻度污染,104,163,77,106,18,47,0.86,76
5,2016-03-06,轻度污染,116,194,86,93,11,38,0.88,57
6,2016-03-07,良,100,212,74,92,13,53,0.94,69
7,2016-03-08,优,38,33,15,14,9,26,0.54,73
8,2016-03-09,优,49,222,15,40,9,17,0.47,87
9,2016-03-10,优,45,144,17,36,12,22,0.5,83
10,2016-03-11,良,75,248,52,74,23,64,0.82,62
11,2016-03-12,轻度污染,106,284,79,99,22,42,0.77,110
12,2016-03-13,良,78,209,56,65,13,44,0.71,77
13,2016-03-14,良,93,232,67,89,16,34,0.74,103
14,2016-03-15,良,65,67,41,56,13,38,0.56,86
15,2016-03-16,良,63,91,40,65,13,51,0.61,79
16,2016-03-17,良,53,66,36,41,11,51,0.6,55
17,2016-03-18,轻度污染,131,248,93,135,23,87,1.19,28
18,2016-03-19,良,58,72,35,53,11,53,0.61,46
19,2016-03-20,良,71,120,49,77,15,53,0.62,80
20,2016-03-21,良,73,161,52,70,14,41,0.61,99
21,2016-03-22,良,56,118,36,51,13,44,0.52,74
22,2016-03-23,良,57,186,31,56,13,30,0.45,99
23,2016-03-24,良,54,179,19,51,11,20,0.38,98
24,2016-03-25,良,60,156,29,60,17,32,0.49,99
25,2016-03-26,良,70,187,49,77,17,59,0.62,86
26,2016-03-27,轻度污染,133,358,100,131,24,58,0.91,78
27,2016-03-28,轻度污染,121,342,89,118,26,72,0.82,95
28,2016-03-29,良,89,228,65,103,21,71,0.78,91
29,2016-03-30,良,100,254,74,111,23,83,0.82,58
30,2016-03-31,良,68,118,48,65,11,65,0.72,64
0,2016-02-01,良,65,148,46,52,17,27,0.88,65
1,2016-02-02,轻度污染,114,250,85,103,30,54,1.32,54
2,2016-02-03,良,80,126,58,72,21,60,1.01,54
3,2016-02-04,优,49,53,34,41,16,63,0.79,40
4,2016-02-05,中度污染,165,340,125,145,32,75,1.45,63
5,2016-02-06,良,86,265,62,80,22,33,0.96,77
6,2016-02-07,良,80,164,58,86,21,44,0.91,70
7,2016-02-08,轻度污染,121,126,89,143,23,43,0.9,75
8,2016-02-09,良,99,237,74,111,24,46,0.93,84
9,2016-02-10,良,65,132,34,56,18,28,0.62,94
10,2016-02-11,优,49,77,20,30,13,20,0.59,89
11,2016-02-12,优,41,39,23,27,11,26,0.69,64
12,2016-02-13,良,72,302,52,53,9,29,1.36,36
13,2016-02-14,优,48,269,32,42,11,19,0.69,67
14,2016-02-15,优,45,192,28,40,17,24,0.65,74
15,2016-02-16,优,50,176,34,49,20,39,0.73,63
16,2016-02-17,良,75,264,54,70,29,56,0.92,59
17,2016-02-18,良,91,283,67,82,20,54,0.8,75
18,2016-02-19,良,96,204,70,80,17,86,0.89,33
19,2016-02-20,轻度污染,113,289,79,115,22,43,0.82,64
20,2016-02-21,良,81,150,39,111,13,33,0.64,81
21,2016-02-22,良,59,84,37,66,9,32,0.64,81
22,2016-02-23,良,62,152,43,64,10,25,0.7,84
23,2016-02-24,良,58,133,37,57,14,26,0.61,88
24,2016-02-25,良,63,142,42,60,15,39,0.65,86
25,2016-02-26,良,96,266,71,98,17,56,0.78,79
26,2016-02-27,良,84,237,59,99,17,55,0.76,62
27,2016-02-28,良,94,246,62,107,17,41,0.79,72
28,2016-02-29,良,78,206,55,74,17,31,0.76,88
0,2016-01-01,良,81,97,59,75,15,60,0.92,48
1,2016-01-02,轻度污染,131,187,98,120,25,83,1.24,35
2,2016-01-03,重度污染,206,289,156,188,28,124,1.82,17
3,2016-01-04,中度污染,171,254,129,139,26,88,1.42,38
4,2016-01-05,优,50,96,27,20,12,27,0.63,84
5,2016-01-06,良,63,150,44,60,16,33,0.72,66
6,2016-01-07,轻度污染,102,253,76,91,24,60,1.08,37
7,2016-01-08,良,88,204,65,80,32,53,1.02,51
8,2016-01-09,轻度污染,149,267,112,130,39,84,1.27,48
9,2016-01-10,良,87,186,63,74,26,65,0.83,51
10,2016-01-11,良,64,183,46,31,15,34,0.73,74
11,2016-01-12,良,57,158,39,49,16,30,0.65,61
12,2016-01-13,轻度污染,150,338,113,130,38,63,1.39,28
13,2016-01-14,重度污染,205,347,156,181,49,89,1.92,25
14,2016-01-15,中度污染,186,335,142,170,41,102,1.65,29
15,2016-01-16,中度污染,170,309,129,150,38,89,1.48,48
16,2016-01-17,轻度污染,105,233,78,58,19,42,0.97,83
17,2016-01-18,中度污染,180,331,137,156,29,47,1.33,49
18,2016-01-19,轻度污染,115,235,86,104,32,46,1.14,52
19,2016-01-20,优,38,21,24,37,15,34,0.65,55
20,2016-01-21,优,27,19,17,21,11,31,0.58,51
21,2016-01-22,良,53,157,36,43,14,28,0.79,64
22,2016-01-23,良,62,211,40,52,20,22,0.8,66
23,2016-01-24,良,67,263,28,79,20,18,0.65,63
24,2016-01-25,良,64,188,31,75,21,44,0.77,45
25,2016-01-26,良,74,192,53,88,23,84,1.0,31
26,2016-01-27,良,61,106,42,51,14,87,1.01,18
27,2016-01-28,优,36,36,22,24,10,67,0.96,23
28,2016-01-29,优,38,63,21,28,10,34,0.73,65
29,2016-01-30,良,56,122,32,59,13,30,0.73,63
30,2016-01-31,良,75,217,55,70,18,33,0.95,64
0,2015-12-01,良,90,200,66,52,16,75,1.03,46
1,2015-12-02,良,97,259,71,75,20,54,0.98,34
2,2015-12-03,良,97,332,54,142,29,54,0.92,35
3,2015-12-04,良,71,256,43,87,36,54,1.0,28
4,2015-12-05,轻度污染,103,268,77,115,31,87,1.43,13
5,2015-12-06,轻度污染,143,321,107,137,33,80,1.61,15
6,2015-12-07,良,96,206,69,90,21,69,1.12,32
7,2015-12-08,优,49,75,32,48,15,63,0.74,39
8,2015-12-09,良,56,101,37,49,14,81,0.93,16
9,2015-12-10,良,62,127,42,44,13,64,1.27,9
10,2015-12-11,轻度污染,105,231,78,90,16,35,0.99,54
11,2015-12-12,良,67,151,47,67,22,58,0.91,37
12,2015-12-13,良,85,196,62,73,18,61,0.95,29
13,2015-12-14,重度污染,214,321,168,203,42,83,1.61,27
14,2015-12-15,严重污染,270,366,219,259,64,88,2.15,27
15,2015-12-16,轻度污染,109,352,77,108,37,56,1.04,30
16,2015-12-17,良,57,174,37,61,28,42,0.83,31
17,2015-12-18,良,67,162,48,65,26,68,0.96,28
18,2015-12-19,良,52,56,36,48,16,62,0.74,34
19,2015-12-20,良,73,98,53,47,14,74,1.14,13
20,2015-12-21,中度污染,176,253,133,124,22,72,1.37,23
21,2015-12-22,轻度污染,124,186,93,100,20,86,1.31,14
22,2015-12-23,重度污染,237,282,189,202,28,75,2.08,14
23,2015-12-24,良,75,145,54,58,15,52,0.98,46
24,2015-12-25,重度污染,225,316,175,168,32,69,1.64,46
25,2015-12-26,轻度污染,144,290,109,117,30,87,1.52,25
26,2015-12-27,良,95,241,70,86,20,60,1.09,41
27,2015-12-28,良,51,68,32,52,15,31,0.68,59
28,2015-12-29,良,77,119,56,79,19,63,0.9,40
29,2015-12-30,轻度污染,116,183,86,118,26,93,1.29,29
30,2015-12-31,中度污染,180,281,139,163,27,61,1.38,48
0,2015-11-01,良,54,155,38,47,14,54,0.84,40
1,2015-11-02,中度污染,155,323,117,141,35,91,1.52,49
2,2015-11-03,轻度污染,127,293,94,109,20,85,1.41,52
3,2015-11-04,良,54,63,36,50,12,57,0.81,49
4,2015-11-05,良,59,116,41,52,16,59,0.88,28
5,2015-11-06,优,41,110,23,33,12,37,0.62,41
6,2015-11-07,良,78,294,57,69,16,41,1.2,26
7,2015-11-08,轻度污染,115,308,85,100,21,47,1.99,10
8,2015-11-09,轻度污染,109,284,81,78,17,50,1.32,25
9,2015-11-10,良,78,200,56,70,17,42,0.86,57
10,2015-11-11,良,51,97,32,52,12,39,0.57,70
11,2015-11-12,良,75,204,54,74,14,76,0.95,26
12,2015-11-13,良,68,214,48,49,12,57,1.05,23
13,2015-11-14,中度污染,154,327,116,136,21,56,1.35,69
14,2015-11-15,轻度污染,149,325,112,116,21,67,1.46,69
15,2015-11-16,轻度污染,104,329,77,59,15,54,1.35,52
16,2015-11-17,良,56,156,39,14,10,41,1.16,63
17,2015-11-18,优,45,115,22,33,10,28,0.85,75
18,2015-11-19,优,49,114,30,47,12,50,0.69,37
19,2015-11-20,良,64,183,45,55,13,68,0.84,34
20,2015-11-21,优,47,97,32,30,9,56,0.91,33
21,2015-11-22,优,46,148,30,43,11,42,1.0,59
22,2015-11-23,良,51,212,35,42,11,49,1.18,38
23,2015-11-24,优,37,135,19,31,8,24,0.76,65
24,2015-11-25,良,53,183,34,42,11,36,0.74,40
25,2015-11-26,良,71,277,51,67,23,32,0.84,55
26,2015-11-27,良,58,150,41,55,23,53,0.91,45
27,2015-11-28,良,92,223,68,95,20,100,1.07,28
28,2015-11-29,轻度污染,111,237,83,91,14,92,1.41,11
29,2015-11-30,中度污染,178,299,136,156,31,104,1.82,37
0,2015-10-01,良,62,216,40,61,12,25,0.89,66
1,2015-10-02,良,76,238,34,92,18,39,0.86,94
2,2015-10-03,良,80,235,40,71,13,33,0.71,115
3,2015-10-04,良,58,149,28,40,10,30,0.61,103
4,2015-10-05,优,46,121,27,35,9,41,0.7,72
5,2015-10-06,优,47,108,20,33,10,34,0.61,85
6,2015-10-07,良,60,220,18,32,9,22,0.59,111
7,2015-10-08,优,48,175,16,30,9,30,0.61,90
8,2015-10-09,良,99,348,73,101,22,55,1.08,80
9,2015-10-10,良,91,345,63,98,26,58,0.94,86
10,2015-10-11,良,79,295,53,94,27,59,0.97,79
11,2015-10-12,轻度污染,113,337,83,127,30,87,1.28,77
12,2015-10-13,轻度污染,133,335,100,143,32,104,1.28,98
13,2015-10-14,轻度污染,146,319,104,136,22,98,1.18,83
14,2015-10-15,良,61,67,33,50,12,51,0.6,87
15,2015-10-16,良,68,73,43,58,14,50,0.68,93
16,2015-10-17,良,57,58,32,47,14,53,0.63,75
17,2015-10-18,良,73,171,41,53,12,38,0.66,109
18,2015-10-19,良,69,113,41,54,13,41,0.66,106
19,2015-10-20,良,66,103,39,52,13,43,0.63,88
20,2015-10-21,良,70,137,45,65,13,46,0.73,97
21,2015-10-22,轻度污染,112,295,84,107,14,48,0.93,111
22,2015-10-23,良,69,119,47,72,12,49,0.74,77
23,2015-10-24,良,66,117,47,62,13,39,0.71,74
24,2015-10-25,良,68,189,47,66,13,37,0.78,80
25,2015-10-26,良,67,183,46,70,13,38,0.78,89
26,2015-10-27,良,94,349,69,74,18,47,1.28,51
27,2015-10-28,良,90,293,64,114,26,69,0.98,51
28,2015-10-29,良,58,189,40,60,12,52,0.75,63
29,2015-10-30,良,53,157,32,46,14,30,0.65,80
30,2015-10-31,优,43,115,20,38,13,26,0.6,78
0,2015-09-01,良,78,290,49,65,12,32,0.74,108
1,2015-09-02,轻度污染,111,360,77,99,17,45,1.03,120
2,2015-09-03,轻度污染,125,363,81,98,24,45,1.26,137
3,2015-09-04,轻度污染,121,355,71,84,14,23,0.98,174
4,2015-09-05,良,73,341,45,52,12,25,1.0,102
5,2015-09-06,良,70,324,39,52,17,27,0.95,99
6,2015-09-07,良,58,214,17,30,11,23,0.64,106
7,2015-09-08,良,57,178,16,27,10,22,0.57,106
8,2015-09-09,良,62,236,15,28,11,25,0.48,116
9,2015-09-10,良,67,263,19,33,13,32,0.48,116
10,2015-09-11,良,62,244,26,43,13,37,0.58,111
11,2015-09-12,良,72,325,47,58,18,38,0.88,77
12,2015-09-13,良,59,216,31,47,16,30,0.7,87
13,2015-09-14,优,48,64,18,39,10,33,0.54,83
14,2015-09-15,优,41,44,24,35,8,44,0.66,60
15,2015-09-16,优,39,31,21,32,11,31,0.6,76
16,2015-09-17,良,59,147,30,47,13,39,0.65,91
17,2015-09-18,良,60,142,33,52,11,42,0.65,97
18,2015-09-19,优,47,112,25,36,10,32,0.54,98
19,2015-09-20,良,71,245,45,65,10,30,0.68,109
20,2015-09-21,良,67,199,38,49,10,32,0.63,99
21,2015-09-22,良,51,134,32,47,9,36,0.66,79
22,2015-09-23,良,58,223,37,37,11,38,0.82,70
23,2015-09-24,优,42,105,24,34,13,31,0.66,76
24,2015-09-25,良,57,222,32,46,12,29,0.65,99
25,2015-09-26,良,65,241,35,52,11,22,0.66,113
26,2015-09-27,良,72,251,31,48,10,17,0.64,121
27,2015-09-28,良,63,233,27,44,9,19,0.62,108
28,2015-09-29,优,40,91,10,23,7,18,0.55,76
29,2015-09-30,优,36,65,18,31,7,19,0.75,50
0,2015-08-01,良,94,344,54,92,17,29,0.71,126
1,2015-08-02,良,100,346,48,75,16,25,0.68,136
2,2015-08-03,良,99,353,41,72,15,26,0.71,133
3,2015-08-04,轻度污染,102,361,42,73,15,28,0.7,139
4,2015-08-05,良,92,326,35,64,14,25,0.65,117
5,2015-08-06,优,43,91,21,44,9,13,0.54,54
6,2015-08-07,优,35,50,15,34,8,12,0.52,27
7,2015-08-08,优,32,57,10,31,7,9,0.5,27
8,2015-08-09,优,28,37,9,27,7,9,0.51,30
9,2015-08-10,优,30,68,13,29,6,12,0.57,44
10,2015-08-11,优,35,77,18,30,9,18,0.61,62
11,2015-08-12,优,48,123,28,50,13,25,0.74,70
12,2015-08-13,良,79,256,49,69,13,33,0.76,99
13,2015-08-14,良,70,233,38,56,10,28,0.66,98
14,2015-08-15,优,47,138,26,40,9,19,0.62,91
15,2015-08-16,优,50,138,34,47,10,24,0.71,71
16,2015-08-17,良,67,190,42,59,10,21,0.76,109
17,2015-08-18,良,72,223,47,60,9,22,0.75,106
18,2015-08-19,良,54,184,27,39,10,25,0.64,93
19,2015-08-20,良,61,272,40,61,11,31,0.83,83
20,2015-08-21,优,37,33,21,27,10,37,0.75,57
21,2015-08-22,优,39,42,15,18,8,30,0.68,77
22,2015-08-23,优,43,80,11,17,8,19,0.67,80
23,2015-08-24,优,46,112,25,32,8,21,0.75,82
24,2015-08-25,良,63,208,40,61,13,30,0.92,87
25,2015-08-26,良,92,298,65,97,17,51,1.03,96
26,2015-08-27,中度污染,168,363,122,149,19,54,1.14,113
27,2015-08-28,轻度污染,144,363,102,130,18,54,1.15,119
28,2015-08-29,轻度污染,114,355,81,98,13,30,0.86,132
29,2015-08-30,良,97,329,65,66,13,29,0.79,125
30,2015-08-31,良,74,276,50,64,11,31,0.74,100
0,2015-07-01,良,56,216,34,44,9,39,0.82,93
1,2015-07-02,良,76,295,54,62,11,40,0.86,88
2,2015-07-03,轻度污染,105,334,79,82,11,28,0.81,124
3,2015-07-04,良,87,308,58,53,10,31,0.72,96
4,2015-07-05,良,51,163,23,32,9,27,0.55,94
5,2015-07-06,优,46,111,16,23,9,28,0.56,91
6,2015-07-07,良,56,180,16,24,9,22,0.59,107
7,2015-07-08,优,48,86,24,33,9,24,0.64,92
8,2015-07-09,优,40,53,24,35,8,24,0.55,48
9,2015-07-10,优,34,43,18,32,8,12,0.44,57
10,2015-07-11,优,28,26,6,8,7,4,0.4,55
11,2015-07-12,优,37,65,18,32,8,21,0.56,61
12,2015-07-13,轻度污染,105,309,76,106,16,41,0.81,131
13,2015-07-14,轻度污染,116,326,78,109,12,45,0.81,115
14,2015-07-15,良,51,106,32,41,8,25,0.48,67
15,2015-07-16,优,39,38,25,36,8,18,0.41,57
16,2015-07-17,优,50,131,30,47,7,17,0.51,71
17,2015-07-18,优,43,75,24,42,7,15,0.48,70
18,2015-07-19,优,35,28,19,33,7,17,0.49,56
19,2015-07-20,优,36,42,23,33,7,21,0.5,50
20,2015-07-21,良,60,181,41,62,11,37,0.62,62
21,2015-07-22,良,58,190,39,51,9,40,0.68,55
22,2015-07-23,良,54,204,37,53,9,44,0.82,53
23,2015-07-24,良,67,266,40,60,11,33,0.73,82
24,2015-07-25,良,86,314,54,81,13,41,0.86,100
25,2015-07-26,轻度污染,124,350,84,105,12,50,1.02,106
26,2015-07-27,良,93,318,53,85,15,37,0.81,116
27,2015-07-28,轻度污染,103,347,50,83,18,34,0.76,142
28,2015-07-29,轻度污染,107,349,51,89,19,37,0.76,132
29,2015-07-30,良,95,356,34,67,16,32,0.63,130
30,2015-07-31,良,94,355,42,73,18,32,0.68,129
0,2015-06-01,良,80,214,55,50,10,22,0.56,101
1,2015-06-02,良,61,201,42,38,7,42,0.75,36
2,2015-06-03,优,44,113,18,28,8,26,0.49,80
3,2015-06-04,良,53,172,26,51,12,45,0.52,73
4,2015-06-05,轻度污染,108,350,65,86,15,39,0.69,151
5,2015-06-06,轻度污染,133,348,72,104,12,28,0.63,148
6,2015-06-07,良,55,156,27,37,7,20,0.52,95
7,2015-06-08,优,40,102,22,20,7,42,0.72,56
8,2015-06-09,良,85,267,55,65,14,50,0.81,63
9,2015-06-10,良,54,139,31,40,7,31,0.61,70
10,2015-06-11,良,94,325,60,109,18,49,0.95,76
11,2015-06-12,轻度污染,110,341,68,145,19,52,0.88,106
12,2015-06-13,良,98,327,65,112,21,44,0.82,94
13,2015-06-14,良,72,238,46,78,20,43,0.71,73
14,2015-06-15,良,85,268,62,73,12,46,0.85,67
15,2015-06-16,良,62,182,32,19,6,29,0.72,111
16,2015-06-17,良,60,191,22,23,6,30,0.7,97
17,2015-06-18,良,59,207,19,27,8,28,0.58,99
18,2015-06-19,良,76,279,52,59,9,33,0.71,97
19,2015-06-20,良,61,215,40,47,8,22,0.6,88
20,2015-06-21,良,70,207,48,46,8,19,0.6,93
21,2015-06-22,良,53,145,25,31,6,22,0.61,88
22,2015-06-23,良,75,257,54,64,10,40,0.8,58
23,2015-06-24,良,82,314,59,67,9,33,0.65,78
24,2015-06-25,良,90,339,57,81,12,38,0.7,80
25,2015-06-26,良,52,183,36,39,11,48,0.96,39
26,2015-06-27,优,42,138,14,11,7,26,0.65,85
27,2015-06-28,优,48,164,11,14,6,24,0.62,93
28,2015-06-29,良,58,239,36,52,7,34,0.72,65
29,2015-06-30,良,90,352,65,75,12,39,0.89,73
0,2015-05-01,良,66,168,43,48,8,20,0.6,117
1,2015-05-02,良,71,266,50,58,9,27,0.73,92
2,2015-05-03,良,78,242,57,68,12,29,0.9,92
3,2015-05-04,轻度污染,119,347,76,113,16,50,1.08,83
4,2015-05-05,良,62,113,20,68,10,39,0.55,91
5,2015-05-06,良,67,125,35,76,14,39,0.66,103
6,2015-05-07,良,77,167,50,68,12,34,0.67,102
7,2015-05-08,良,59,146,27,50,9,35,0.65,98
8,2015-05-09,优,48,89,19,26,8,25,0.59,96
9,2015-05-10,良,66,196,34,49,11,25,0.58,114
10,2015-05-11,优,44,85,28,35,8,30,0.75,65
11,2015-05-12,良,73,252,41,93,16,45,0.7,78
12,2015-05-13,良,84,259,51,96,23,60,0.73,92
13,2015-05-14,良,78,218,56,81,17,57,0.81,64
14,2015-05-15,良,75,256,50,76,15,62,0.96,27
15,2015-05-16,良,70,186,42,64,10,36,0.62,111
16,2015-05-17,良,62,126,39,57,12,46,0.57,94
17,2015-05-18,良,80,226,57,73,13,65,1.05,36
18,2015-05-19,轻度污染,108,304,80,87,10,56,1.02,67
19,2015-05-20,良,84,280,50,74,10,37,0.67,87
20,2015-05-21,良,62,174,26,48,10,37,0.54,105
21,2015-05-22,良,66,175,34,49,9,29,0.57,108
22,2015-05-23,良,59,143,39,52,9,38,0.68,73
23,2015-05-24,良,63,142,43,54,11,34,0.64,78
24,2015-05-25,良,61,130,40,53,10,31,0.59,91
25,2015-05-26,良,62,139,33,52,10,37,0.58,107
26,2015-05-27,良,63,149,44,57,10,30,0.62,90
27,2015-05-28,良,57,128,40,50,9,33,0.65,67
28,2015-05-29,良,55,148,35,47,7,30,0.6,79
29,2015-05-30,良,66,234,47,60,11,41,0.71,49
30,2015-05-31,良,67,173,48,54,10,32,0.62,81
0,2015-04-01,良,84,279,61,71,16,68,0.93,37
1,2015-04-02,良,63,207,41,67,13,43,0.67,57
2,2015-04-03,良,93,300,69,55,13,43,1.23,51
3,2015-04-04,良,86,265,63,75,13,49,1.23,62
4,2015-04-05,良,76,224,53,49,12,43,0.95,54
5,2015-04-06,优,45,106,19,22,8,26,0.61,83
6,2015-04-07,优,45,143,20,39,9,27,0.45,81
7,2015-04-08,优,47,107,27,41,12,34,0.44,82
8,2015-04-09,优,49,85,27,46,11,46,0.45,87
9,2015-04-10,良,64,160,42,56,13,52,0.56,74
10,2015-04-11,良,63,126,42,61,13,47,0.52,91
11,2015-04-12,良,79,261,51,69,13,43,0.55,107
12,2015-04-13,良,73,258,45,80,14,34,0.65,79
13,2015-04-14,良,89,267,65,78,15,47,0.8,80
14,2015-04-15,轻度污染,106,270,79,113,26,90,0.86,78
15,2015-04-16,轻度污染,106,235,74,133,28,78,0.95,61
16,2015-04-17,良,93,177,31,134,10,36,0.56,85
17,2015-04-18,良,85,200,60,98,16,48,0.79,78
18,2015-04-19,中度污染,166,360,126,142,19,70,1.22,59
19,2015-04-20,良,63,198,42,63,11,34,0.76,91
20,2015-04-21,良,71,216,41,84,15,57,0.74,92
21,2015-04-22,轻度污染,114,350,84,118,20,84,0.93,100
22,2015-04-23,轻度污染,103,299,67,96,21,71,0.8,111
23,2015-04-24,良,87,240,63,105,22,91,0.85,60
24,2015-04-25,轻度污染,117,295,82,121,21,92,1.07,69
25,2015-04-26,良,91,223,52,79,18,48,0.66,113
26,2015-04-27,良,78,164,45,74,15,29,0.71,119
27,2015-04-28,良,98,292,72,101,18,40,0.95,100
28,2015-04-29,良,68,150,46,53,12,39,0.82,64
29,2015-04-30,良,98,254,72,94,22,49,0.88,73
0,2015-03-01,轻度污染,102,314,76,85,20,36,0.94,63
1,2015-03-02,轻度污染,144,344,109,115,21,50,1.05,75
2,2015-03-03,轻度污染,110,297,81,62,16,39,0.95,69
3,2015-03-04,优,49,115,19,49,12,23,0.67,75
4,2015-03-05,优,38,61,14,34,10,26,0.56,69
5,2015-03-06,优,37,52,24,36,12,34,0.68,66
6,2015-03-07,优,47,69,30,37,14,39,0.67,74
7,2015-03-08,优,37,26,24,27,10,48,0.74,47
8,2015-03-09,良,58,121,39,47,11,30,0.78,72
9,2015-03-10,优,45,56,19,44,11,24,0.7,77
10,2015-03-11,良,63,140,42,60,19,59,0.79,57
11,2015-03-12,轻度污染,115,293,86,109,30,55,0.92,121
12,2015-03-13,轻度污染,127,299,95,125,26,88,1.19,72
13,2015-03-14,轻度污染,143,303,107,113,17,71,1.31,70
14,2015-03-15,良,75,121,54,51,11,36,0.85,94
15,2015-03-16,优,48,40,31,22,9,40,0.8,70
16,2015-03-17,良,54,69,35,38,10,44,0.91,62
17,2015-03-18,良,78,235,57,53,14,58,1.18,27
18,2015-03-19,轻度污染,107,284,80,86,20,55,1.1,61
19,2015-03-20,良,90,229,66,69,12,60,0.8,70
20,2015-03-21,轻度污染,138,325,103,113,24,85,1.31,50
21,2015-03-22,轻度污染,134,316,88,135,22,70,1.05,61
22,2015-03-23,良,64,140,23,78,12,43,0.59,62
23,2015-03-24,优,44,44,14,41,11,37,0.51,78
24,2015-03-25,优,48,66,19,40,11,34,0.54,91
25,2015-03-26,良,53,90,22,42,10,30,0.55,102
26,2015-03-27,良,51,75,26,27,9,41,0.6,85
27,2015-03-28,轻度污染,107,259,79,94,14,72,0.94,67
28,2015-03-29,轻度污染,120,260,90,96,19,63,1.01,88
29,2015-03-30,良,59,96,39,36,11,36,0.68,88
30,2015-03-31,良,92,252,67,79,15,55,0.97,83
0,2015-02-01,优,37,11,18,34,17,36,0.56,46
1,2015-02-02,优,40,14,27,37,16,49,0.63,31
2,2015-02-03,良,52,36,36,49,21,64,0.7,27
3,2015-02-04,重度污染,215,347,172,198,57,76,1.48,39
4,2015-02-05,轻度污染,132,310,102,114,35,60,1.14,44
5,2015-02-06,良,97,208,72,90,32,84,1.17,29
6,2015-02-07,轻度污染,143,296,108,121,33,95,1.36,37
7,2015-02-08,良,73,160,49,64,20,31,0.8,63
8,2015-02-09,优,42,14,25,36,16,37,0.69,57
9,2015-02-10,良,79,117,57,61,20,67,0.85,43
10,2015-02-11,轻度污染,102,178,76,92,25,76,1.08,51
11,2015-02-12,重度污染,209,343,165,217,51,72,1.59,54
12,2015-02-13,良,65,61,47,59,20,48,0.76,75
13,2015-02-14,良,77,83,56,81,17,37,0.81,94
14,2015-02-15,良,77,114,56,72,13,50,0.96,54
15,2015-02-16,轻度污染,146,274,110,93,16,42,1.46,50
16,2015-02-17,中度污染,160,313,120,172,18,42,1.4,78
17,2015-02-18,良,95,213,69,114,18,40,1.04,79
18,2015-02-19,优,48,17,21,34,13,17,0.53,86
19,2015-02-20,优,42,53,15,25,10,13,0.57,82
20,2015-02-21,良,80,224,56,49,10,26,1.03,32
21,2015-02-22,中度污染,151,294,114,132,14,28,1.24,41
22,2015-02-23,良,93,252,52,134,16,24,0.81,83
23,2015-02-24,良,80,209,44,108,12,24,0.85,82
24,2015-02-25,优,41,78,23,34,9,41,0.81,58
25,2015-02-26,良,70,214,50,67,10,28,0.87,69
26,2015-02-27,优,39,87,19,34,10,27,0.59,71
27,2015-02-28,优,31,65,14,17,8,30,0.58,59
0,2015-01-01,良,63,94,36,73,28,41,0.74,40
1,2015-01-02,轻度污染,104,426,77,113,47,77,1.26,21
2,2015-01-03,轻度污染,132,217,99,132,40,79,1.25,26
3,2015-01-04,中度污染,191,249,145,180,60,142,1.56,27
4,2015-01-05,轻度污染,111,150,82,117,27,81,1.0,27
5,2015-01-06,轻度污染,132,326,91,115,24,44,1.09,43
6,2015-01-07,良,56,71,32,60,20,37,0.62,51
7,2015-01-08,良,94,183,69,92,40,66,1.06,34
8,2015-01-09,中度污染,191,307,147,199,55,122,1.94,21
9,2015-01-10,重度污染,238,343,189,247,65,138,2.21,25
10,2015-01-11,严重污染,256,363,205,246,74,108,1.94,42
11,2015-01-12,优,40,35,23,35,14,31,0.63,53
12,2015-01-13,优,33,32,17,30,13,46,0.6,40
13,2015-01-14,优,34,23,21,25,9,40,0.67,39
14,2015-01-15,良,97,163,72,83,17,53,1.03,21
15,2015-01-16,轻度污染,143,251,108,132,25,63,1.24,19
16,2015-01-17,轻度污染,108,207,82,99,20,37,0.94,48
17,2015-01-18,轻度污染,121,234,90,120,27,72,1.06,35
18,2015-01-19,轻度污染,131,294,90,163,38,72,1.26,36
19,2015-01-20,良,63,50,32,73,15,50,0.66,51
20,2015-01-21,轻度污染,134,244,101,142,31,69,1.09,40
21,2015-01-22,中度污染,164,322,124,132,33,57,1.46,22
22,2015-01-23,轻度污染,142,226,107,122,23,64,1.13,39
23,2015-01-24,轻度污染,147,219,110,125,21,75,1.19,49
24,2015-01-25,中度污染,153,213,122,131,23,69,1.46,30
25,2015-01-26,轻度污染,139,197,104,104,19,49,1.21,26
26,2015-01-27,良,72,147,50,63,14,28,0.84,57
27,2015-01-28,优,34,48,16,32,13,27,0.56,49
28,2015-01-29,优,25,14,12,17,11,39,0.58,40
29,2015-01-30,良,93,256,69,78,21,40,0.87,42
30,2015-01-31,良,51,77,34,44,18,31,0.71,54
0,2014-12-01,良,91,149,45,125,23,34,0.82,50
1,2014-12-02,良,65,88,27,78,29,45,0.86,26
2,2014-12-03,良,83,121,60,84,27,73,1.09,15
3,2014-12-04,轻度污染,109,171,81,121,51,68,1.28,20
4,2014-12-05,轻度污染,106,151,77,114,51,55,1.07,33
5,2014-12-08,良,89,77,65,78,26,51,0.86,51
6,2014-12-09,良,53,21,33,47,17,50,0.64,39
7,2014-12-10,良,80,61,55,80,24,75,1.01,11
8,2014-12-11,轻度污染,117,147,81,124,24,45,1.03,28
9,2014-12-12,良,99,140,71,142,42,62,1.1,25
10,2014-12-13,良,95,126,69,130,50,74,1.28,21
11,2014-12-14,轻度污染,116,118,87,131,40,84,1.47,24
12,2014-12-15,轻度污染,108,80,80,121,37,85,1.3,15
13,2014-12-16,轻度污染,134,183,83,167,43,57,1.16,24
14,2014-12-17,良,79,117,43,107,37,59,1.05,24
15,2014-12-18,良,71,37,46,89,25,64,0.86,29
16,2014-12-19,良,97,103,71,113,31,88,1.17,10
17,2014-12-20,良,84,112,57,91,31,55,0.85,34
18,2014-12-21,良,87,115,63,101,41,56,0.9,24
19,2014-12-22,轻度污染,104,130,77,119,48,73,1.09,19
20,2014-12-23,良,87,35,62,100,28,72,1.0,26
21,2014-12-24,中度污染,168,142,128,172,56,97,1.49,21
22,2014-12-25,良,65,27,45,51,17,39,0.74,48
23,2014-12-26,优,39,5,24,38,17,47,0.61,40
24,2014-12-27,优,39,8,24,39,19,50,0.59,39
25,2014-12-28,良,93,58,68,96,29,79,1.05,24
26,2014-12-29,中度污染,188,144,143,197,51,99,1.66,27
27,2014-12-30,中度污染,174,147,131,174,50,108,1.55,22
28,2014-12-31,中度污染,187,528,143,201,53,89,1.39,22
0,2014-11-01,良,93,122,69,73,18,52,1.22,20
1,2014-11-02,良,78,150,56,67,19,40,0.87,59
2,2014-11-03,良,60,62,34,66,22,47,0.73,60
3,2014-11-04,良,62,26,41,70,18,71,0.85,55
4,2014-11-05,良,55,17,35,57,13,56,0.71,68
5,2014-11-06,中度污染,174,178,131,160,27,67,1.21,80
6,2014-11-07,良,68,96,44,61,14,32,0.65,86
7,2014-11-08,优,40,26,24,38,12,35,0.62,60
8,2014-11-09,优,50,47,33,50,16,31,0.68,74
9,2014-11-10,良,87,75,64,77,20,39,0.95,87
10,2014-11-11,良,77,74,55,80,23,68,0.88,64
11,2014-11-12,中度污染,176,182,137,166,37,66,1.41,41
12,2014-11-13,良,63,62,30,73,22,47,0.65,52
13,2014-11-14,良,71,56,47,86,25,80,0.83,45
14,2014-11-15,良,62,28,40,68,15,57,0.71,60
15,2014-11-16,良,88,71,65,71,14,54,0.87,46
16,2014-11-17,中度污染,158,172,121,136,29,50,1.1,66
17,2014-11-18,良,84,56,62,76,23,55,0.89,59
18,2014-11-19,良,53,10,36,49,14,59,0.68,56
19,2014-11-20,优,50,6,32,51,13,55,0.6,55
20,2014-11-21,良,57,12,38,57,12,57,0.68,48
21,2014-11-22,良,99,64,74,96,15,72,0.94,23
22,2014-11-23,良,53,23,36,34,10,44,0.55,39
23,2014-11-24,优,41,19,27,33,11,37,0.64,41
24,2014-11-25,优,49,34,27,49,12,36,0.66,63
25,2014-11-26,良,64,46,41,71,18,58,0.83,49
26,2014-11-27,优,46,16,21,46,13,54,0.67,51
27,2014-11-28,良,81,114,58,66,15,50,1.21,32
28,2014-11-29,良,64,52,43,54,13,48,0.96,38
29,2014-11-30,良,55,64,37,34,13,38,1.12,36
0,2014-10-01,优,48,36,20,47,13,30,0.61,72
1,2014-10-02,良,79,124,52,86,20,44,1.01,112
2,2014-10-03,良,84,129,53,69,16,24,0.81,116
3,2014-10-04,良,56,64,15,39,11,19,0.58,103
4,2014-10-05,良,59,47,29,61,14,22,0.74,110
5,2014-10-06,良,66,64,36,61,13,22,0.81,113
6,2014-10-07,良,62,19,29,51,13,34,0.72,100
7,2014-10-08,良,51,6,23,45,12,40,0.78,82
8,2014-10-09,良,52,11,25,43,13,40,0.71,86
9,2014-10-10,良,65,42,30,53,13,30,0.72,113
10,2014-10-11,良,59,27,33,55,12,22,0.66,99
11,2014-10-12,良,65,99,29,67,11,16,0.66,118
12,2014-10-13,良,70,129,28,85,17,24,0.68,82
13,2014-10-14,良,70,53,40,89,29,47,0.92,72
14,2014-10-15,轻度污染,129,131,97,142,44,89,1.24,81
15,2014-10-16,轻度污染,141,164,102,143,30,88,1.22,71
16,2014-10-17,良,52,16,21,54,13,47,0.64,67
17,2014-10-18,优,42,6,16,40,9,35,0.64,76
18,2014-10-19,优,50,29,23,50,10,29,0.62,85
19,2014-10-20,良,86,88,62,103,15,59,0.93,83
20,2014-10-21,良,95,121,68,99,20,53,1.09,51
21,2014-10-22,良,68,50,47,70,14,33,0.82,80
22,2014-10-23,良,63,23,42,68,11,56,0.75,69
23,2014-10-24,良,58,15,31,55,11,47,0.64,80
24,2014-10-25,良,55,15,32,49,11,41,0.58,79
25,2014-10-26,良,77,48,55,83,17,55,0.77,84
26,2014-10-27,良,73,71,43,81,12,34,0.68,82
27,2014-10-28,良,54,22,18,57,10,34,0.55,76
28,2014-10-29,良,52,43,24,55,9,57,0.7,52
29,2014-10-30,良,63,84,44,62,12,59,0.83,36
30,2014-10-31,良,80,119,58,48,13,74,1.28,16
0,2014-09-01,良,51,78,34,48,12,28,0.73,75
1,2014-09-02,良,77,173,52,72,16,38,0.81,79
2,2014-09-03,良,61,154,42,53,16,47,1.06,57
3,2014-09-04,轻度污染,137,189,104,115,32,41,1.36,100
4,2014-09-05,轻度污染,120,169,80,94,13,32,0.94,132
5,2014-09-06,良,69,60,41,55,10,27,0.71,105
6,2014-09-07,良,58,59,33,47,10,27,0.66,91
7,2014-09-08,良,62,77,38,52,12,27,0.7,94
8,2014-09-09,良,53,66,33,46,10,22,0.65,97
9,2014-09-10,良,66,95,44,65,12,28,0.73,82
10,2014-09-11,良,55,81,15,38,12,30,0.63,100
11,2014-09-12,优,47,73,20,44,11,34,0.68,79
12,2014-09-13,优,42,58,15,23,9,27,0.63,77
13,2014-09-14,优,43,48,15,35,8,18,0.55,84
14,2014-09-15,优,41,42,13,30,10,22,0.55,84
15,2014-09-16,良,53,104,29,47,10,30,0.64,90
16,2014-09-17,优,45,86,19,40,12,28,0.57,80
17,2014-09-18,优,43,56,19,36,11,33,0.64,75
18,2014-09-19,良,57,78,38,56,15,61,0.94,43
19,2014-09-20,良,89,161,59,71,21,52,1.04,56
20,2014-09-21,优,50,59,12,29,12,20,0.54,98
21,2014-09-22,优,46,37,14,35,10,15,0.58,86
22,2014-09-23,优,27,14,12,17,9,23,0.68,32
23,2014-09-24,优,42,27,27,36,10,34,0.8,59
24,2014-09-25,良,71,85,46,69,14,51,0.79,90
25,2014-09-26,良,85,94,58,74,10,42,0.92,78
26,2014-09-27,良,65,68,40,50,10,30,0.74,91
27,2014-09-28,优,46,35,20,34,9,22,0.64,90
28,2014-09-29,良,79,163,53,87,19,39,1.01,79
29,2014-09-30,优,47,72,17,31,8,19,0.7,87
0,2014-08-01,优,26,14,12,24,8,14,0.47,42
1,2014-08-02,优,34,24,19,31,10,22,0.7,49
2,2014-08-03,良,86,147,57,81,17,33,0.94,92
3,2014-08-04,轻度污染,115,161,73,104,17,36,0.97,125
4,2014-08-05,良,69,119,40,57,10,24,0.7,89
5,2014-08-06,良,55,80,28,47,11,22,0.72,75
6,2014-08-07,优,37,20,20,35,10,18,0.52,50
7,2014-08-09,优,43,46,28,40,8,35,0.59,41
8,2014-08-10,良,72,123,52,68,17,39,1.08,58
9,2014-08-11,良,63,86,34,47,12,27,0.66,94
10,2014-08-12,良,56,83,34,52,13,42,0.72,78
11,2014-08-13,良,75,151,45,61,9,22,0.66,98
12,2014-08-14,优,45,60,25,36,10,30,0.84,62
13,2014-08-15,良,52,48,33,49,14,43,0.82,66
14,2014-08-16,良,58,61,39,44,10,26,0.68,88
15,2014-08-17,优,40,31,23,31,8,31,0.68,78
16,2014-08-18,良,59,99,42,48,15,48,1.08,46
17,2014-08-19,优,37,43,20,22,10,48,0.76,61
18,2014-08-20,优,39,37,25,28,10,50,0.86,48
19,2014-08-21,良,85,104,57,76,18,49,1.03,84
20,2014-08-23,良,71,95,51,69,12,35,0.73,79
21,2014-08-24,良,95,181,66,89,21,38,0.86,102
22,2014-08-25,良,82,157,56,79,17,34,1.08,100
23,2014-08-26,轻度污染,101,154,68,92,16,43,0.99,91
24,2014-08-27,良,54,66,36,50,12,44,0.7,83
25,2014-08-28,良,55,69,36,56,13,34,0.63,80
26,2014-08-29,良,59,94,42,54,13,47,0.9,48
27,2014-08-30,优,39,12,19,31,11,28,0.55,70
28,2014-08-31,优,40,26,21,37,8,26,0.53,70
0,2014-07-01,良,60,59,42,47,7,31,0.69,65
1,2014-07-02,良,68,97,48,62,11,41,1.01,47
2,2014-07-03,轻度污染,112,170,80,95,21,39,1.15,81
3,2014-07-04,良,69,100,47,59,13,35,0.77,91
4,2014-07-05,良,52,61,29,48,9,25,0.63,66
5,2014-07-06,良,74,139,53,58,12,33,0.89,75
6,2014-07-07,良,68,86,45,57,17,37,0.79,66
7,2014-07-08,优,41,7,25,34,8,24,0.56,68
8,2014-07-09,优,45,32,24,44,11,20,0.68,40
9,2014-07-10,轻度污染,127,184,93,143,19,49,1.24,96
10,2014-07-11,中度污染,169,180,127,176,15,55,1.17,94
11,2014-07-12,轻度污染,113,156,76,102,10,46,0.99,80
12,2014-07-13,良,59,86,40,51,10,33,0.93,71
13,2014-07-14,轻度污染,107,148,70,65,10,32,0.9,110
14,2014-07-15,良,57,82,38,48,8,52,0.85,75
15,2014-07-16,良,94,159,69,88,12,52,0.97,48
16,2014-07-17,优,46,40,23,45,9,22,0.57,51
17,2014-07-18,优,37,33,17,37,8,19,0.55,43
18,2014-07-19,优,43,48,22,45,10,24,0.56,53
19,2014-07-20,优,45,50,22,39,8,22,0.57,51
20,2014-07-21,优,38,26,19,33,8,19,0.53,61
21,2014-07-22,优,38,18,15,35,9,17,0.56,60
22,2014-07-23,优,41,34,15,43,6,14,0.5,39
23,2014-07-24,优,48,67,19,50,5,10,0.45,55
24,2014-07-25,良,61,95,36,61,12,27,0.72,71
25,2014-07-26,轻度污染,133,165,101,117,18,39,0.99,72
26,2014-07-27,良,74,85,51,69,12,29,0.67,68
27,2014-07-28,良,69,74,49,64,15,40,0.9,96
28,2014-07-29,良,74,70,46,53,12,27,0.64,72
29,2014-07-30,优,38,14,22,38,9,14,0.51,40
30,2014-07-31,优,33,12,14,32,10,13,0.51,33
0,2014-06-01,优,47,39,20,29,7,17,0.52,86
1,2014-06-02,良,64,105,45,51,9,25,0.83,77
2,2014-06-03,良,61,82,41,55,15,35,0.78,84
3,2014-06-04,良,81,116,59,78,19,40,0.87,78
4,2014-06-05,良,57,45,39,54,11,37,0.68,79
5,2014-06-06,良,70,87,50,64,10,36,0.63,80
6,2014-06-07,良,83,121,58,76,10,29,0.63,103
7,2014-06-08,良,57,45,40,49,7,25,0.52,72
8,2014-06-09,优,48,34,29,44,8,20,0.54,83
9,2014-06-10,优,42,23,26,40,8,24,0.56,57
10,2014-06-11,优,44,16,28,43,10,27,0.57,69
11,2014-06-12,良,74,70,53,74,13,39,0.72,83
12,2014-06-13,轻度污染,121,139,82,120,21,54,0.87,115
13,2014-06-14,轻度污染,139,154,94,139,21,56,0.92,131
14,2014-06-15,良,74,53,50,81,12,42,0.66,70
15,2014-06-16,优,39,6,21,34,7,20,0.56,75
16,2014-06-17,良,56,51,36,53,10,40,0.89,65
17,2014-06-18,优,50,43,23,35,8,29,0.6,97
18,2014-06-19,良,58,76,36,46,6,23,0.58,101
19,2014-06-20,良,52,79,33,42,8,41,0.73,55
20,2014-06-21,优,47,60,29,33,8,34,0.66,53
21,2014-06-22,优,41,37,20,30,7,28,0.55,78
22,2014-06-23,良,51,47,34,44,9,36,0.66,56
23,2014-06-24,良,78,106,49,58,11,35,0.74,88
24,2014-06-25,优,43,40,22,26,8,32,0.7,75
25,2014-06-26,优,40,31,16,21,6,43,0.79,63
26,2014-06-27,优,36,19,21,25,8,37,0.77,59
27,2014-06-28,轻度污染,120,176,90,103,17,58,1.18,64
28,2014-06-29,轻度污染,130,166,97,104,24,53,0.99,94
29,2014-06-30,良,88,120,63,66,12,39,0.86,79
0,2014-05-01,轻度污染,122,141,92,122,21,45,0.85,118
1,2014-05-02,轻度污染,118,161,83,149,30,49,0.92,95
2,2014-05-03,良,68,62,37,84,14,29,0.62,95
3,2014-05-04,良,71,100,48,80,16,58,0.9,53
4,2014-05-05,良,63,84,30,75,14,37,0.54,93
5,2014-05-06,良,69,72,35,85,16,41,0.53,97
6,2014-05-07,良,69,58,41,85,17,38,0.63,106
7,2014-05-08,轻度污染,103,118,72,112,23,53,0.92,91
8,2014-05-09,良,67,76,47,63,11,36,0.68,96
9,2014-05-10,良,57,84,39,47,6,24,0.65,86
10,2014-05-11,良,57,101,36,43,9,29,0.81,54
11,2014-05-12,轻度污染,116,182,83,94,23,52,1.14,99
12,2014-05-13,良,84,100,58,83,19,45,0.79,101
13,2014-05-14,轻度污染,102,139,72,76,19,46,1.06,107
14,2014-05-15,良,86,124,54,98,19,45,0.8,107
15,2014-05-16,良,86,84,52,99,17,51,0.69,110
16,2014-05-17,良,88,94,55,61,7,23,0.69,115
17,2014-05-18,良,57,48,27,42,7,23,0.59,101
18,2014-05-19,良,61,46,42,55,7,35,0.69,76
19,2014-05-20,良,92,88,67,64,14,44,0.89,67
20,2014-05-21,轻度污染,125,136,94,121,18,45,0.95,106
21,2014-05-22,轻度污染,114,118,72,84,12,31,0.69,118
22,2014-05-23,优,50,43,24,37,8,22,0.5,86
23,2014-05-24,优,45,37,22,40,8,19,0.47,82
24,2014-05-25,轻度污染,114,131,84,104,14,50,1.0,55
25,2014-05-26,中度污染,165,178,114,207,22,53,1.02,87
26,2014-05-27,中度污染,189,178,144,239,28,59,1.06,121
27,2014-05-28,中度污染,151,175,109,192,34,67,0.9,98
28,2014-05-29,轻度污染,126,129,86,195,28,68,0.89,122
29,2014-05-30,轻度污染,133,120,93,172,28,59,0.82,109
30,2014-05-31,良,73,67,40,79,13,20,0.55,118
0,2014-04-01,良,67,54,46,60,12,43,0.67,92
1,2014-04-02,良,63,46,45,62,15,52,0.58,68
2,2014-04-03,良,68,66,47,62,15,44,0.55,91
3,2014-04-04,良,74,64,46,93,26,61,0.67,74
4,2014-04-05,良,87,109,59,104,24,54,0.7,74
5,2014-04-06,优,50,11,18,52,10,30,0.37,84
6,2014-04-07,良,58,28,34,56,11,36,0.5,86
7,2014-04-08,良,87,69,64,75,16,63,0.75,57
8,2014-04-09,良,90,72,66,69,11,48,0.69,85
9,2014-04-10,良,85,74,59,76,13,55,0.65,89
10,2014-04-11,良,69,55,50,68,9,35,0.57,90
11,2014-04-12,良,79,102,57,65,11,45,0.79,49
12,2014-04-13,良,66,66,43,28,11,27,0.7,90
13,2014-04-14,良,83,76,61,79,14,52,0.75,101
14,2014-04-15,良,79,79,49,64,15,41,0.65,91
15,2014-04-16,良,63,56,42,58,10,47,0.64,67
16,2014-04-17,中度污染,182,181,140,157,30,87,1.5,15
17,2014-04-18,良,98,141,72,45,18,45,0.87,63
18,2014-04-19,优,46,33,23,21,8,28,0.61,89
19,2014-04-20,良,53,34,34,48,9,28,0.55,93
20,2014-04-21,良,64,80,45,51,10,46,0.68,84
21,2014-04-22,良,74,88,53,63,14,56,0.76,79
22,2014-04-23,轻度污染,102,130,73,99,17,73,1.05,69
23,2014-04-24,良,78,75,53,62,11,32,0.67,98
24,2014-04-25,良,55,43,28,49,8,23,0.55,105
25,2014-04-26,优,41,21,16,21,7,22,0.51,81
26,2014-04-27,良,85,133,59,62,15,43,1.0,43
27,2014-04-28,良,76,116,55,62,19,40,0.84,57
28,2014-04-29,轻度污染,102,146,73,101,32,58,1.04,74
29,2014-04-30,良,84,66,60,91,18,66,0.89,72
0,2014-03-01,优,41,19,26,38,10,45,0.61,57
1,2014-03-02,良,72,64,51,78,21,38,0.85,77
2,2014-03-03,良,59,42,34,61,14,36,0.65,84
3,2014-03-04,优,37,11,23,36,16,51,0.71,52
4,2014-03-05,良,55,42,36,54,14,29,0.67,82
5,2014-03-06,优,44,20,22,40,14,31,0.6,74
6,2014-03-07,优,40,26,20,36,13,36,0.55,69
7,2014-03-08,优,47,27,30,43,11,36,0.53,71
8,2014-03-09,轻度污染,107,127,80,100,31,75,1.01,43
9,2014-03-10,重度污染,201,179,151,171,35,79,1.31,56
10,2014-03-11,良,78,40,51,94,20,36,0.62,90
11,2014-03-12,优,40,7,27,29,13,45,0.73,44
12,2014-03-13,良,58,31,35,65,19,42,0.64,58
13,2014-03-14,轻度污染,106,152,79,119,39,83,1.02,43
14,2014-03-15,轻度污染,113,133,85,125,29,72,0.78,71
15,2014-03-16,良,94,69,69,107,23,56,0.74,87
16,2014-03-17,轻度污染,106,73,79,111,24,69,1.02,74
17,2014-03-18,中度污染,181,134,136,200,35,90,1.4,75
18,2014-03-19,轻度污染,121,137,68,187,13,43,0.77,76
19,2014-03-20,良,88,128,61,97,17,37,0.76,84
20,2014-03-21,良,59,29,25,67,14,45,0.55,68
21,2014-03-22,良,65,34,40,75,16,51,0.59,81
22,2014-03-23,良,54,10,30,56,11,27,0.45,95
23,2014-03-25,良,84,55,61,80,20,78,1.11,23
24,2014-03-26,轻度污染,112,101,84,99,23,67,1.23,47
25,2014-03-27,良,58,21,40,55,10,47,0.59,67
26,2014-03-28,良,55,29,38,41,8,37,0.64,77
27,2014-03-29,良,90,98,67,74,16,64,1.22,21
28,2014-03-30,轻度污染,129,156,97,117,23,48,1.04,82
29,2014-03-31,良,81,84,59,67,14,46,0.64,99
0,2014-02-01,良,89,64,65,68,14,44,0.74,59
1,2014-02-02,重度污染,230,136,185,216,12,39,1.82,25
2,2014-02-03,良,72,87,45,58,10,19,0.64,62
3,2014-02-04,优,39,24,18,36,12,13,0.44,69
4,2014-02-05,优,31,12,14,22,11,19,0.45,59
5,2014-02-06,优,25,20,7,7,9,23,0.45,51
6,2014-02-07,优,27,14,9,9,10,23,0.55,55
7,2014-02-08,良,58,68,40,45,17,23,0.84,57
8,2014-02-09,良,63,109,45,53,17,21,0.7,59
9,2014-02-10,优,38,28,26,33,13,22,0.64,54
10,2014-02-11,优,49,11,34,41,16,28,0.69,51
11,2014-02-12,优,36,4,24,28,13,29,0.71,57
12,2014-02-13,优,39,22,22,33,11,23,0.58,70
13,2014-02-14,良,58,15,40,55,15,32,0.73,69
14,2014-02-15,优,41,1,28,36,14,35,0.52,63
15,2014-02-16,优,31,1,19,20,9,37,0.52,53
16,2014-02-17,优,39,15,25,23,11,41,0.69,36
17,2014-02-18,优,36,28,23,25,11,27,0.74,61
18,2014-02-19,良,79,78,58,67,23,51,1.12,31
19,2014-02-20,中度污染,197,170,149,150,62,67,1.66,27
20,2014-02-21,轻度污染,134,90,101,114,32,46,0.86,91
21,2014-02-22,良,77,26,56,57,16,39,0.72,70
22,2014-02-23,轻度污染,113,77,85,95,23,42,0.85,80
23,2014-02-24,轻度污染,111,55,83,68,15,55,0.92,51
24,2014-02-25,优,47,23,20,9,10,30,0.63,80
25,2014-02-26,良,70,48,46,54,9,47,0.96,74
26,2014-02-27,轻度污染,127,157,96,107,29,84,1.34,33
27,2014-02-28,轻度污染,108,169,81,89,12,43,1.07,67
0,2014-01-01,中度污染,168,163,144,179,61,99,1.71,27
1,2014-01-02,中度污染,166,130,111,129,36,93,1.49,31
2,2014-01-03,中度污染,182,122,142,163,55,95,1.41,25
3,2014-01-04,轻度污染,144,115,113,123,36,62,1.19,23
4,2014-01-05,良,64,5,46,59,24,63,0.99,17
5,2014-01-06,优,44,4,30,40,19,49,0.83,33
6,2014-01-07,良,63,19,45,51,17,58,0.94,32
7,2014-01-08,良,53,38,37,36,16,37,0.69,43
8,2014-01-09,良,52,19,28,55,18,28,0.63,49
9,2014-01-10,良,68,21,45,77,25,46,0.79,39
10,2014-01-11,良,61,18,43,54,21,43,0.75,47
11,2014-01-12,轻度污染,108,100,80,90,28,47,0.92,48
12,2014-01-13,良,72,52,53,59,24,32,0.71,49
13,2014-01-14,优,30,1,19,28,18,38,0.63,40
14,2014-01-15,优,43,3,29,41,19,43,0.63,45
15,2014-01-16,轻度污染,103,43,77,90,25,67,1.02,32
16,2014-01-17,轻度污染,126,54,95,109,34,89,1.33,15
17,2014-01-18,重度污染,207,117,160,174,41,54,1.32,49
18,2014-01-19,中度污染,158,87,119,131,32,61,1.34,39
19,2014-01-20,重度污染,234,180,187,242,60,75,1.79,25
20,2014-01-21,良,72,47,47,89,27,42,0.89,37
21,2014-01-22,良,67,15,48,58,35,58,0.98,30
22,2014-01-24,优,43,3,27,38,19,41,0.55,45
23,2014-01-25,轻度污染,133,101,105,125,27,45,0.96,45
24,2014-01-26,良,52,17,29,48,15,24,0.55,58
25,2014-01-27,优,34,3,18,33,13,43,0.65,35
26,2014-01-28,良,69,59,49,65,24,42,0.84,42
27,2014-01-29,良,79,63,57,68,14,46,0.77,40
28,2014-01-30,重度污染,237,143,188,161,27,49,1.58,38
29,2014-01-31,中度污染,180,68,141,106,17,26,1.1,88
0,2013-12-01,中度污染,197,107,218,248,83,107,2.15,26
1,2013-12-02,严重污染,307,112,252,279,93,121,2.43,18
2,2013-12-03,重度污染,245,85,150,152,48,104,1.55,38
3,2013-12-04,中度污染,170,61,120,140,35,99,1.46,45
4,2013-12-05,重度污染,205,70,241,255,33,128,2.25,30
5,2013-12-06,严重污染,421,114,461,475,67,128,3.08,13
6,2013-12-07,严重污染,354,100,167,158,31,79,1.69,40
7,2013-12-08,中度污染,168,41,108,80,22,59,1.1,46
8,2013-12-09,重度污染,210,66,184,174,46,72,1.86,26
9,2013-12-10,中度污染,164,97,76,100,56,64,1.24,25
10,2013-12-11,轻度污染,140,88,111,146,67,69,1.5,21
11,2013-12-12,轻度污染,115,58,95,137,49,76,1.17,22
12,2013-12-13,中度污染,173,93,115,143,45,67,1.32,29
13,2013-12-14,良,83,23,51,73,26,59,0.85,30
14,2013-12-15,良,99,48,89,103,33,45,0.86,59
15,2013-12-16,良,81,38,22,23,17,35,0.55,41
16,2013-12-17,优,22,14,12,12,16,29,0.67,41
17,2013-12-18,优,33,20,43,57,22,28,0.7,50
18,2013-12-19,良,94,50,100,112,46,52,1.09,28
19,2013-12-20,重度污染,206,83,202,218,89,73,1.73,14
20,2013-12-21,中度污染,169,74,60,66,37,45,0.95,28
21,2013-12-22,良,76,8,54,62,26,45,0.74,28
22,2013-12-23,良,69,4,56,63,26,50,0.87,33
23,2013-12-24,轻度污染,125,36,131,143,58,54,1.45,31
24,2013-12-25,中度污染,169,42,108,123,40,67,1.38,17
25,2013-12-26,重度污染,213,65,220,243,80,72,1.69,13
26,2013-12-27,中度污染,161,93,53,69,39,44,1.02,23
27,2013-12-28,轻度污染,107,62,103,119,71,75,1.52,15
28,2013-12-29,中度污染,171,103,150,180,81,83,1.93,13
29,2013-12-30,中度污染,195,111,135,170,68,92,1.59,19
30,2013-12-31,中度污染,157,149,112,142,60,94,1.29,22
0,2013-11-01,优,48,6,28,46,14,37,0.58,76
1,2013-11-02,良,69,21,49,59,16,50,0.79,68
2,2013-11-03,轻度污染,103,55,77,76,15,40,0.9,71
3,2013-11-04,良,80,40,55,61,20,32,0.78,73
4,2013-11-05,良,62,17,39,67,19,59,0.87,64
5,2013-11-06,轻度污染,112,52,116,148,48,96,1.42,61
6,2013-11-07,重度污染,229,114,204,229,60,113,1.37,63
7,2013-11-08,重度污染,214,109,106,86,23,48,0.99,102
8,2013-11-09,良,86,42,60,75,18,47,0.92,67
9,2013-11-10,良,95,71,50,49,17,28,0.81,58
10,2013-11-11,优,50,21,37,59,25,34,0.68,65
11,2013-11-12,良,52,32,25,47,17,33,0.63,57
12,2013-11-13,优,43,29,21,40,17,43,0.57,56
13,2013-11-14,良,56,31,73,83,29,77,1.15,19
14,2013-11-15,中度污染,187,99,188,221,74,100,2.1,30
15,2013-11-16,重度污染,233,104,144,264,59,102,1.78,40
16,2013-11-17,轻度污染,150,106,76,190,50,56,1.0,38
17,2013-11-18,良,83,53,56,89,50,63,1.05,33
18,2013-11-19,良,97,61,85,126,66,78,1.33,26
19,2013-11-20,轻度污染,134,70,126,176,65,113,1.5,30
20,2013-11-21,中度污染,168,79,105,138,38,89,1.03,62
21,2013-11-22,轻度污染,103,31,64,81,24,57,0.94,66
22,2013-11-23,良,81,19,64,89,19,51,0.88,74
23,2013-11-24,良,80,26,52,51,18,41,1.11,61
24,2013-11-25,良,93,65,69,231,43,53,1.16,30
25,2013-11-26,中度污染,171,110,105,295,46,81,1.54,21
26,2013-11-27,轻度污染,143,110,76,165,43,63,1.04,28
27,2013-11-28,良,79,81,56,89,47,52,0.96,32
28,2013-11-29,良,85,83,66,96,58,61,1.15,24
29,2013-11-30,轻度污染,108,77,104,139,53,81,1.64,25
0,2013-10-28,优,48,5,30,50,13,33,0.57,71
1,2013-10-29,良,60,20,40,57,14,44,0.76,52
2,2013-10-30,良,56,17,40,53,12,34,0.66,69
3,2013-10-31,良,59,16,37,51,14,26,0.64,87
