0,2019-12-01,优,43,121,25,44,19,42,0.61,27
1,2019-12-02,优,38,104,23,40,17,36,0.57,30
2,2019-12-03,优,45,76,29,47,26,44,0.65,24
3,2019-12-04,优,33,39,18,32,17,31,0.45,33
4,2019-12-05,优,39,73,22,40,18,28,0.52,28
5,2019-12-06,良,77,255,54,95,39,48,1.42,15
6,2019-12-07,良,61,131,40,66,27,46,0.75,23
7,2019-12-08,良,79,166,58,97,44,46,1.44,23
8,2019-12-09,轻度污染,148,294,112,156,29,52,1.43,30
9,2019-12-10,中度污染,173,315,132,191,39,63,2.31,10
0,2019-11-01,优,42,80,18,46,16,41,0.48,30
1,2019-11-02,良,78,214,55,101,37,57,1.15,26
2,2019-11-03,优,43,92,19,44,13,26,0.45,33
3,2019-11-04,轻度污染,113,344,84,129,33,69,1.01,16
4,2019-11-05,良,93,310,63,104,29,51,1.0,24
5,2019-11-06,良,87,272,61,109,37,59,1.15,18
6,2019-11-07,优,46,110,24,50,18,34,0.45,26
7,2019-11-08,良,69,236,46,85,43,58,1.23,17
8,2019-11-09,轻度污染,110,286,81,133,42,63,1.6,21
9,2019-11-10,良,70,162,46,82,28,48,0.95,44
10,2019-11-11,优,40,56,23,42,12,35,0.56,26
11,2019-11-12,良,54,118,32,59,32,42,1.08,19
12,2019-11-13,优,39,73,15,40,12,20,0.41,39
13,2019-11-14,优,41,90,16,42,18,28,0.57,33
14,2019-11-15,优,39,54,26,37,16,42,0.63,25
15,2019-11-16,良,66,161,47,67,25,54,0.89,15
16,2019-11-17,良,69,155,46,74,32,55,1.33,13
17,2019-11-18,良,71,210,13,93,10,19,0.38,41
18,2019-11-19,优,40,89,17,43,14,28,0.53,35
19,2019-11-20,良,60,148,39,68,39,51,1.33,13
20,2019-11-21,良,57,139,37,64,30,44,1.07,23
21,2019-11-22,良,53,107,28,57,18,28,0.63,47
22,2019-11-23,优,40,68,25,40,13,30,0.59,26
23,2019-11-24,优,26,35,11,26,11,17,0.38,35
24,2019-11-25,优,46,238,23,49,19,34,0.58,21
25,2019-11-26,良,59,236,35,66,29,40,1.14,21
26,2019-11-27,优,30,66,11,29,10,16,0.36,39
27,2019-11-28,良,55,235,34,60,21,39,0.79,18
28,2019-11-29,良,87,311,62,106,41,56,1.4,13
29,2019-11-30,良,73,279,51,82,35,48,1.24,16
0,2019-10-01,良,80,319,46,86,23,26,1.05,141
1,2019-10-02,良,80,337,50,87,22,43,1.13,111
2,2019-10-03,良,65,240,36,77,8,28,0.58,31
3,2019-10-04,优,23,41,7,23,6,16,0.28,32
4,2019-10-05,优,31,168,13,31,8,28,0.36,34
5,2019-10-06,良,68,350,41,84,23,53,0.93,21
6,2019-10-07,良,77,356,49,95,22,34,1.22,52
7,2019-10-08,优,33,114,9,36,8,21,0.31,38
8,2019-10-09,良,59,263,21,69,22,32,0.99,56
9,2019-10-10,优,50,199,25,56,14,25,0.68,77
10,2019-10-11,优,37,106,12,37,9,27,0.38,37
11,2019-10-12,良,51,191,22,55,10,32,0.45,31
12,2019-10-13,优,43,137,14,44,8,24,0.39,32
13,2019-10-14,优,33,105,14,34,9,27,0.39,31
14,2019-10-15,良,70,350,46,88,19,44,0.91,28
15,2019-10-16,良,82,356,56,107,31,61,1.65,26
16,2019-10-17,轻度污染,111,357,81,143,35,67,1.56,29
17,2019-10-18,中度污染,153,365,115,177,36,74,1.86,30
18,2019-10-19,轻度污染,124,332,93,151,24,55,1.8,49
19,2019-10-20,轻度污染,114,329,84,136,23,36,1.46,92
20,2019-10-21,良,59,143,20,71,14,52,0.75,26
21,2019-10-22,轻度污染,138,353,101,192,27,73,1.97,43
22,2019-10-23,中度污染,155,363,117,199,21,77,2.13,46
23,2019-10-24,轻度污染,121,343,88,154,23,60,1.75,47
24,2019-10-25,优,20,40,8,20,7,18,0.36,40
25,2019-10-26,良,52,212,32,56,15,45,0.7,21
26,2019-10-27,良,91,340,66,106,33,55,1.55,31
27,2019-10-28,良,66,193,36,78,19,30,0.72,55
28,2019-10-29,优,34,77,14,37,14,31,0.45,37
29,2019-10-30,良,79,193,42,109,30,45,1.21,49
30,2019-10-31,良,78,200,41,112,26,44,0.92,41
31,2019-10-31,良,78,200,41,112,26,44,0.92,41
0,2019-09-01,良,51,280,21,51,21,30,1.1,84
1,2019-09-02,良,54,301,21,49,21,23,0.8,118
2,2019-09-03,良,75,355,39,70,22,39,1.35,115
3,2019-09-04,良,65,334,39,75,24,43,1.05,72
4,2019-09-05,优,27,67,12,27,13,23,0.65,42
5,2019-09-06,优,42,172,28,44,15,33,1.03,62
6,2019-09-07,优,37,96,19,39,12,24,0.77,25
7,2019-09-08,优,46,132,30,47,9,27,0.9,67
8,2019-09-09,优,42,157,17,44,11,38,0.58,33
9,2019-09-10,优,36,159,12,36,10,31,0.42,21
10,2019-09-11,优,28,110,8,27,9,24,0.38,38
11,2019-09-12,优,46,241,18,47,24,31,0.87,35
12,2019-09-13,优,25,70,12,24,11,20,0.7,35
13,2019-09-14,优,25,80,11,23,9,24,0.44,40
14,2019-09-15,优,49,276,23,52,18,29,0.99,58
15,2019-09-16,优,27,59,8,26,9,19,0.31,45
16,2019-09-17,良,54,256,21,60,22,31,0.85,44
17,2019-09-18,优,33,110,9,33,11,21,0.28,39
18,2019-09-19,良,60,315,27,69,29,47,1.6,32
19,2019-09-20,良,60,279,30,69,23,41,1.42,75
20,2019-09-21,良,53,252,30,64,15,42,0.91,44
21,2019-09-22,优,38,92,14,38,14,32,0.51,44
22,2019-09-23,良,51,164,22,60,18,47,0.7,35
23,2019-09-24,良,60,204,29,71,22,45,0.95,44
24,2019-09-25,良,68,238,36,85,27,50,1.32,51
25,2019-09-26,良,67,249,38,85,27,54,1.58,75
26,2019-09-27,良,70,267,45,89,24,53,1.3,73
27,2019-09-28,良,67,194,39,79,23,38,1.2,97
28,2019-09-29,良,86,300,62,114,20,56,1.35,69
29,2019-09-30,良,92,335,54,107,19,42,1.46,109
0,2019-08-06,优,50,251,32,50,12,30,1.04,32
1,2019-08-07,良,59,292,39,62,11,31,1.05,51
2,2019-08-08,优,39,130,18,31,6,23,0.67,56
3,2019-08-09,良,59,297,31,50,13,26,1.02,74
4,2019-08-10,优,31,103,16,30,12,22,0.71,32
5,2019-08-11,优,18,13,9,16,7,17,0.62,20
6,2019-08-21,优,36,116,19,34,12,22,0.79,68
7,2019-08-22,优,41,137,19,43,11,27,0.95,47
8,2019-08-23,优,24,43,7,23,9,21,0.48,37
9,2019-08-24,优,34,97,14,31,9,26,0.56,51
10,2019-08-25,优,47,189,22,47,16,29,0.82,70
11,2019-08-26,优,49,243,24,44,15,19,1.03,110
12,2019-08-27,优,39,222,24,38,12,25,0.8,82
13,2019-08-28,优,35,160,19,35,10,20,0.74,82
0,2019-07-01,优,28,25,7,15,5,18,0.39,55
1,2019-07-02,良,55,185,20,43,16,27,0.97,75
2,2019-07-03,良,64,239,19,45,17,24,0.78,107
3,2019-07-04,良,89,315,25,51,17,22,0.97,138
4,2019-07-05,良,69,257,32,53,13,16,0.72,122
5,2019-07-06,良,67,296,26,49,11,19,0.64,117
6,2019-07-07,良,60,260,30,50,7,30,0.72,90
7,2019-07-12,优,48,261,27,49,11,24,0.9,81
8,2019-07-13,优,44,241,29,42,6,27,0.91,100
9,2019-07-14,良,51,253,34,51,8,33,1.15,76
10,2019-07-15,良,54,265,36,57,12,35,1.43,77
11,2019-07-16,优,49,251,28,48,11,23,0.97,92
12,2019-07-17,优,45,234,28,45,10,20,0.88,90
13,2019-07-18,优,50,273,32,52,9,19,0.82,88
14,2019-07-19,良,59,325,34,58,10,25,1.1,103
15,2019-07-20,良,71,343,38,69,10,31,1.0,114
16,2019-07-21,优,37,139,19,37,6,24,0.93,61
17,2019-07-22,良,71,331,39,67,8,24,1.4,124
18,2019-07-23,优,48,266,30,51,8,21,0.92,79
19,2019-07-24,优,39,198,21,37,8,17,0.84,88
20,2019-07-25,优,37,175,21,37,7,21,0.82,83
21,2019-07-26,优,47,234,22,40,8,21,0.91,111
0,2019-06-01,良,59,182,24,58,18,28,0.71,97
1,2019-06-02,良,80,263,35,67,17,18,0.77,130
2,2019-06-03,良,57,158,33,49,11,22,0.83,97
3,2019-06-04,良,66,206,25,41,9,26,0.61,107
4,2019-06-05,良,72,277,31,56,16,28,0.98,108
5,2019-06-06,良,78,352,37,62,19,29,0.95,112
6,2019-06-07,良,67,278,30,58,16,27,1.01,96
7,2019-06-08,良,56,207,14,33,15,23,0.61,104
8,2019-06-09,良,52,196,15,23,6,19,0.57,95
9,2019-06-10,优,44,145,19,31,12,30,0.75,69
10,2019-06-11,良,59,249,39,59,16,37,1.39,36
11,2019-06-14,优,24,42,5,17,6,24,0.37,73
12,2019-06-15,优,18,14,6,17,6,18,0.4,38
13,2019-06-17,优,47,233,26,48,20,38,0.85,68
14,2019-06-18,优,44,236,28,44,13,42,0.96,44
15,2019-06-19,优,46,257,26,45,14,26,1.0,91
16,2019-06-20,良,53,308,32,57,13,26,1.11,108
17,2019-06-25,良,64,254,18,46,17,17,0.57,112
18,2019-06-26,良,58,241,19,44,13,18,0.67,106
19,2019-06-27,良,67,267,29,59,16,25,0.84,103
20,2019-06-28,良,60,262,35,68,18,41,0.98,59
21,2019-06-29,优,44,171,20,35,11,28,0.85,59
22,2019-06-30,优,29,36,6,14,5,12,0.42,60
0,2019-05-01,良,75,283,26,98,7,25,0.44,62
1,2019-05-02,良,75,287,34,96,22,38,0.76,64
2,2019-05-03,良,82,289,48,106,31,39,1.11,91
3,2019-05-04,轻度污染,102,346,51,130,25,19,0.93,164
4,2019-05-05,良,64,195,29,73,13,18,0.52,76
5,2019-05-06,良,60,247,31,68,18,34,0.6,53
6,2019-05-07,良,56,210,24,58,14,24,0.7,77
7,2019-05-08,良,92,357,50,132,25,26,0.99,113
8,2019-05-09,良,93,331,55,120,19,28,0.83,121
9,2019-05-10,轻度污染,127,355,74,150,33,29,1.27,153
10,2019-05-11,良,88,267,41,94,29,30,0.9,131
11,2019-05-12,良,93,251,43,93,23,25,0.77,136
12,2019-05-13,良,68,191,28,81,11,16,0.52,83
13,2019-05-14,良,75,212,32,90,22,22,0.65,109
14,2019-05-15,良,72,230,33,85,21,20,0.66,122
15,2019-05-16,良,57,179,31,64,20,16,0.69,87
16,2019-05-17,优,45,106,20,43,19,14,0.53,81
17,2019-05-18,良,56,208,24,48,18,20,0.55,90
18,2019-05-19,良,51,151,23,52,16,27,0.71,60
19,2019-05-20,良,56,164,12,65,6,15,0.38,64
20,2019-05-21,良,75,265,21,98,6,17,0.34,70
21,2019-05-22,良,67,173,26,79,10,34,0.45,67
22,2019-05-23,良,86,256,36,87,34,37,0.98,108
23,2019-05-24,轻度污染,118,340,39,102,30,26,0.93,176
24,2019-05-25,轻度污染,110,325,41,90,21,18,0.7,163
25,2019-05-26,良,58,220,23,57,9,9,0.52,100
26,2019-05-27,优,39,93,9,23,6,15,0.41,69
27,2019-05-28,良,63,291,22,76,19,32,0.69,52
28,2019-05-29,良,58,218,16,61,10,28,0.42,66
29,2019-05-30,良,51,160,21,49,21,31,0.64,69
30,2019-05-31,优,36,60,14,32,8,19,0.36,67
0,2019-04-01,优,50,128,29,49,15,35,0.63,47
1,2019-04-02,良,59,202,35,62,21,36,0.78,52
2,2019-04-03,良,87,307,50,113,35,43,1.16,58
3,2019-04-04,重度污染,248,359,97,450,25,35,1.14,93
4,2019-04-05,良,91,279,19,129,6,18,0.39,73
5,2019-04-06,良,73,219,37,95,21,35,0.66,51
6,2019-04-07,优,49,85,18,51,11,30,0.44,53
7,2019-04-08,优,44,60,17,39,9,28,0.47,60
8,2019-04-09,良,61,298,35,66,23,40,0.8,52
9,2019-04-10,良,63,287,36,66,11,37,0.53,61
10,2019-04-11,良,70,291,43,86,27,45,0.92,54
11,2019-04-12,轻度污染,103,323,57,144,29,31,1.07,92
12,2019-04-13,轻度污染,147,354,108,164,17,35,1.08,84
13,2019-04-14,良,63,237,27,66,13,30,0.59,63
14,2019-04-15,良,77,306,37,103,33,38,1.1,76
15,2019-04-16,良,94,330,56,124,22,23,0.86,126
16,2019-04-17,良,87,276,36,119,17,19,0.71,126
17,2019-04-18,良,92,273,21,124,7,16,0.39,76
18,2019-04-19,良,78,270,40,103,19,55,0.72,51
19,2019-04-20,良,69,240,44,84,28,43,1.09,58
20,2019-04-21,良,82,282,46,101,14,41,0.69,55
21,2019-04-22,轻度污染,125,348,57,198,32,41,1.04,79
22,2019-04-23,良,72,273,32,92,15,16,0.62,94
23,2019-04-24,良,73,230,22,94,7,19,0.38,60
24,2019-04-25,良,51,148,18,55,8,25,0.41,58
25,2019-04-26,优,49,138,19,44,8,26,0.42,62
26,2019-04-27,良,69,313,41,83,23,36,0.9,71
27,2019-04-28,良,60,251,31,60,17,18,0.68,100
28,2019-04-29,优,46,146,25,45,25,25,0.71,79
29,2019-04-30,良,68,246,45,67,20,28,0.78,77
0,2019-03-01,中度污染,163,324,123,186,43,75,2.07,33
1,2019-03-02,中度污染,184,337,139,216,44,59,1.88,67
2,2019-03-03,重度污染,237,362,186,262,47,66,2.34,91
3,2019-03-04,重度污染,239,356,190,260,36,67,1.91,72
4,2019-03-05,重度污染,227,359,183,246,36,81,2.19,35
5,2019-03-06,良,72,227,38,77,11,30,0.67,56
6,2019-03-07,良,81,285,51,100,23,53,0.86,38
7,2019-03-08,轻度污染,103,347,67,137,37,50,1.6,60
8,2019-03-09,轻度污染,104,339,77,126,26,41,1.02,80
9,2019-03-10,良,95,282,68,104,19,46,0.77,46
10,2019-03-11,轻度污染,105,343,66,118,29,46,1.14,54
11,2019-03-12,良,71,219,12,89,8,18,0.4,62
12,2019-03-13,良,55,107,20,59,12,26,0.46,52
13,2019-03-14,良,59,182,31,69,25,39,0.8,46
14,2019-03-15,良,56,181,35,60,18,39,0.6,43
15,2019-03-16,良,53,102,29,56,28,36,0.81,46
16,2019-03-17,良,57,119,31,59,22,35,0.67,52
17,2019-03-18,良,81,261,41,111,25,26,0.75,86
18,2019-03-19,良,84,276,57,113,23,27,0.87,100
19,2019-03-20,良,89,291,63,106,24,32,0.93,93
20,2019-03-21,优,50,109,26,47,8,22,0.49,59
21,2019-03-22,优,42,114,21,40,13,32,0.55,48
22,2019-03-23,优,34,53,13,27,10,20,0.41,60
23,2019-03-24,轻度污染,107,347,40,160,22,30,1.05,67
24,2019-03-25,良,83,292,46,112,26,33,0.96,69
25,2019-03-26,良,54,120,16,57,12,27,0.46,58
26,2019-03-27,良,55,105,26,58,13,26,0.53,60
27,2019-03-28,优,48,88,21,47,12,32,0.45,52
28,2019-03-29,良,79,277,51,84,33,37,0.88,55
29,2019-03-30,良,65,200,44,65,15,25,0.69,59
30,2019-03-31,优,45,65,23,42,10,29,0.52,55
0,2019-02-01,良,81,219,46,110,27,36,1.32,38
1,2019-02-02,轻度污染,102,246,74,139,23,28,1.11,63
2,2019-02-03,轻度污染,119,285,83,130,15,25,0.91,50
3,2019-02-04,良,59,107,29,65,22,20,0.71,50
4,2019-02-05,良,90,144,60,98,21,14,0.62,54
5,2019-02-06,良,81,185,57,83,16,14,0.65,56
6,2019-02-07,优,47,129,22,49,13,13,0.5,51
7,2019-02-08,良,58,248,37,64,21,25,0.71,41
8,2019-02-09,良,73,275,51,65,21,28,0.73,41
9,2019-02-10,良,95,305,69,90,29,35,1.08,33
10,2019-02-11,良,96,279,70,95,46,41,1.32,34
11,2019-02-12,良,51,150,33,47,17,28,0.65,42
12,2019-02-13,良,82,273,58,74,23,37,0.96,36
13,2019-02-14,良,97,298,69,96,52,51,1.22,30
14,2019-02-15,良,74,264,51,69,19,31,0.86,44
15,2019-02-16,良,52,172,33,49,18,36,0.65,37
16,2019-02-17,良,68,274,46,69,28,41,1.16,38
17,2019-02-18,良,89,298,65,88,44,55,1.8,33
18,2019-02-19,轻度污染,128,295,96,119,32,48,1.3,34
19,2019-02-20,轻度污染,113,252,83,104,20,42,0.95,37
20,2019-02-21,良,98,227,72,95,35,55,1.53,37
21,2019-02-22,中度污染,187,340,143,177,47,82,2.49,28
22,2019-02-23,中度污染,153,291,115,155,52,66,1.81,45
23,2019-02-24,良,80,198,51,84,24,44,1.06,49
24,2019-02-25,良,61,155,37,60,18,41,0.62,40
25,2019-02-26,轻度污染,127,291,96,119,29,53,1.2,48
26,2019-02-27,重度污染,223,355,174,208,54,83,1.88,34
27,2019-02-28,中度污染,151,315,113,162,48,73,2.19,39
0,2019-01-01,轻度污染,117,293,85,113,32,47,1.62,20
1,2019-01-02,轻度污染,102,229,74,111,42,55,1.78,16
2,2019-01-03,轻度污染,102,215,75,117,51,57,2.02,15
3,2019-01-04,良,64,158,36,72,21,39,1.1,31
4,2019-01-05,良,51,126,25,52,17,36,0.87,30
5,2019-01-06,轻度污染,104,244,78,111,50,55,1.56,17
6,2019-01-07,轻度污染,116,247,85,127,38,57,1.68,17
7,2019-01-08,良,55,128,28,57,17,35,0.79,30
8,2019-01-09,良,76,258,43,98,31,43,1.27,24
9,2019-01-10,良,91,243,62,104,30,53,1.34,24
10,2019-01-11,中度污染,180,312,139,197,61,76,2.64,14
11,2019-01-12,重度污染,247,336,201,265,55,75,2.68,15
12,2019-01-13,重度污染,240,321,196,253,23,66,2.25,17
13,2019-01-14,中度污染,179,286,141,201,34,64,2.15,17
14,2019-01-15,良,73,174,18,94,11,21,0.52,41
15,2019-01-16,良,81,274,50,94,28,46,1.13,24
16,2019-01-17,良,99,281,69,98,23,48,1.0,25
17,2019-01-18,轻度污染,113,260,84,117,55,58,1.61,19
18,2019-01-19,轻度污染,118,258,84,126,29,52,1.32,21
19,2019-01-20,良,53,129,27,52,17,29,0.64,39
20,2019-01-21,良,71,178,37,86,21,41,0.96,31
21,2019-01-22,良,95,233,68,120,41,56,1.56,24
22,2019-01-23,优,49,53,28,50,16,35,0.67,37
23,2019-01-24,良,80,140,56,83,41,45,1.11,26
24,2019-01-25,良,54,67,31,54,16,32,0.71,33
25,2019-01-26,良,89,242,64,94,29,52,1.15,21
26,2019-01-27,轻度污染,116,276,69,161,30,45,1.48,33
27,2019-01-28,良,70,151,22,87,13,24,0.61,47
28,2019-01-29,良,90,199,54,123,31,41,1.3,36
29,2019-01-30,良,73,159,34,88,15,21,0.64,52
30,2019-01-31,良,77,302,50,88,23,33,0.79,38
0,2018-12-01,良,61,97,32,70,23,37,0.83,31
1,2018-12-02,良,53,75,27,54,18,29,0.89,45
2,2018-12-03,良,99,212,39,133,11,23,0.61,32
3,2018-12-04,优,44,110,18,43,12,21,0.52,34
4,2018-12-05,良,62,200,41,66,24,42,0.97,19
5,2018-12-06,良,52,217,28,55,16,27,0.69,30
6,2018-12-07,优,34,123,12,34,12,19,0.5,37
7,2018-12-08,优,44,189,19,46,18,28,0.63,35
8,2018-12-09,良,73,273,49,81,46,53,1.59,18
9,2018-12-10,良,81,254,58,87,42,46,1.36,21
10,2018-12-11,轻度污染,124,324,92,123,29,52,1.18,15
11,2018-12-12,良,93,239,65,94,39,50,1.53,18
12,2018-12-13,良,55,105,32,55,17,30,0.66,35
13,2018-12-14,轻度污染,110,279,81,114,41,52,1.47,16
14,2018-12-15,良,85,204,59,95,38,44,1.36,27
15,2018-12-16,轻度污染,121,267,88,128,30,55,1.37,21
16,2018-12-17,良,75,166,51,84,37,54,1.14,22
17,2018-12-18,良,66,133,44,72,40,51,1.38,21
18,2018-12-19,良,78,154,55,85,47,58,1.53,17
19,2018-12-20,良,97,236,69,108,49,63,1.85,16
20,2018-12-21,良,79,198,55,80,26,46,1.31,25
21,2018-12-28,良,62,289,20,72,18,31,0.79,27
22,2018-12-29,优,49,149,21,49,18,32,0.8,30
23,2018-12-30,良,90,327,65,93,27,46,1.36,19
24,2018-12-31,轻度污染,126,340,94,127,35,47,1.58,23
0,2018-11-01,良,90,305,64,108,49,61,1.52,16
1,2018-11-02,轻度污染,106,323,79,123,40,56,1.71,41
2,2018-11-03,良,96,314,71,110,39,47,1.26,77
3,2018-11-04,良,62,206,39,65,17,33,0.69,26
4,2018-11-05,优,38,83,20,37,15,30,0.51,20
5,2018-11-06,良,61,315,39,69,23,46,0.77,15
6,2018-11-07,良,81,346,58,93,25,56,1.01,15
7,2018-11-08,轻度污染,122,360,91,140,32,64,1.58,9
8,2018-11-09,良,97,345,72,98,21,55,1.13,20
9,2018-11-10,优,48,105,24,47,21,41,0.6,20
10,2018-11-11,良,65,214,42,71,36,49,1.08,17
11,2018-11-12,良,69,224,48,81,31,52,1.21,17
12,2018-11-13,良,65,215,43,72,24,46,0.99,23
13,2018-11-14,轻度污染,105,287,78,109,41,60,1.7,24
14,2018-11-15,良,66,240,40,70,19,28,0.84,39
15,2018-11-16,优,39,175,17,39,15,29,0.55,34
16,2018-11-17,良,65,299,43,71,44,51,1.35,14
17,2018-11-18,良,62,236,41,70,35,50,1.37,19
18,2018-11-19,良,70,244,45,82,23,49,0.91,15
19,2018-11-20,良,55,170,32,60,20,36,0.9,22
20,2018-11-21,良,58,216,37,60,25,42,0.86,19
21,2018-11-22,优,42,96,22,43,16,32,0.58,30
22,2018-11-23,良,60,135,38,66,31,45,1.17,19
23,2018-11-24,良,75,169,52,74,27,49,1.37,16
24,2018-11-25,良,99,217,73,106,25,55,1.36,16
25,2018-11-26,中度污染,153,257,118,161,22,36,1.39,60
26,2018-11-27,良,81,154,19,110,12,27,0.48,43
27,2018-11-28,良,68,110,25,85,18,42,0.63,19
28,2018-11-29,良,65,107,41,73,25,44,0.82,18
29,2018-11-30,良,74,130,44,91,29,45,1.13,19
0,2018-10-01,优,26,11,11,23,9,23,0.51,35
1,2018-10-02,良,53,154,29,57,27,36,1.16,33
2,2018-10-03,良,61,161,37,67,33,48,1.42,42
3,2018-10-04,良,71,235,46,81,31,50,1.41,49
4,2018-10-05,良,66,197,42,74,23,50,1.21,46
5,2018-10-06,良,63,174,37,67,15,35,0.78,32
6,2018-10-07,良,59,162,30,69,29,37,0.9,28
7,2018-10-08,良,57,151,31,67,21,40,0.93,28
8,2018-10-09,良,52,161,29,59,15,32,0.71,25
9,2018-10-10,优,28,42,12,27,11,23,0.5,26
10,2018-10-11,优,46,148,24,47,14,34,0.68,20
11,2018-10-12,良,63,222,38,72,28,47,1.21,29
12,2018-10-13,良,82,314,56,92,31,48,1.42,53
13,2018-10-14,良,75,285,49,81,24,43,1.1,65
14,2018-10-15,良,64,260,36,75,15,44,0.88,24
15,2018-10-16,良,51,176,25,56,13,35,0.66,26
16,2018-10-17,良,58,222,33,67,19,38,0.78,26
17,2018-10-18,良,62,260,38,71,14,47,0.8,27
18,2018-10-19,轻度污染,119,358,87,137,30,71,1.56,23
19,2018-10-20,轻度污染,126,359,94,148,31,66,1.73,36
20,2018-10-21,轻度污染,132,350,100,158,39,59,1.9,63
21,2018-10-22,良,84,285,61,95,25,31,1.1,87
22,2018-10-23,优,44,116,26,43,18,31,0.76,44
23,2018-10-24,良,57,174,30,63,26,41,1.17,42
24,2018-10-25,良,70,225,45,86,24,45,1.24,53
25,2018-10-26,优,43,75,8,46,9,18,0.42,45
26,2018-10-27,优,42,81,7,41,8,15,0.38,43
27,2018-10-28,优,28,30,10,27,10,25,0.48,31
28,2018-10-29,优,25,20,8,24,10,20,0.4,26
29,2018-10-30,优,45,92,25,46,22,32,0.8,18
30,2018-10-31,良,67,236,45,75,26,45,0.87,15
0,2018-09-02,优,34,107,14,30,16,20,0.63,59
1,2018-09-03,优,42,142,18,31,13,32,0.73,63
2,2018-09-04,优,28,49,8,25,10,24,0.51,37
3,2018-09-05,优,30,49,6,27,10,25,0.43,45
4,2018-09-06,优,39,105,17,38,20,32,0.79,51
5,2018-09-07,优,27,31,9,24,10,26,0.43,35
6,2018-09-08,优,25,25,7,20,9,22,0.38,39
7,2018-09-09,优,43,100,17,40,14,30,0.66,39
8,2018-09-10,良,57,232,28,62,25,42,1.16,49
9,2018-09-11,优,48,143,19,47,27,30,0.86,55
10,2018-09-12,优,38,83,14,35,23,20,0.65,67
11,2018-09-13,优,50,203,20,40,17,22,0.76,87
12,2018-09-14,良,53,220,26,51,23,37,1.11,62
13,2018-09-15,优,43,165,20,45,21,31,0.89,28
14,2018-09-16,优,46,224,19,45,15,36,0.68,40
15,2018-09-17,良,61,304,36,70,38,61,1.42,26
16,2018-09-18,良,62,311,29,66,28,49,1.26,63
17,2018-09-19,良,66,314,39,76,27,59,1.34,62
18,2018-09-20,良,72,331,44,79,23,46,1.27,71
19,2018-09-21,良,63,291,37,69,25,43,1.26,38
20,2018-09-22,优,47,173,12,49,17,30,0.52,27
21,2018-09-23,优,35,94,14,34,20,27,0.63,28
22,2018-09-24,优,28,56,10,26,12,24,0.43,31
23,2018-09-25,优,47,201,23,49,22,39,0.84,44
24,2018-09-26,优,45,205,22,44,17,34,0.83,37
25,2018-09-27,良,61,289,37,66,25,49,1.15,44
26,2018-09-28,优,44,130,22,45,22,39,1.06,34
27,2018-09-29,优,33,45,19,32,14,32,0.78,26
28,2018-09-30,优,37,77,23,34,8,29,0.52,27
0,2018-08-01,良,53,207,13,35,8,21,0.58,90
1,2018-08-02,良,72,294,16,42,12,27,0.77,119
2,2018-08-03,良,94,332,38,79,18,35,1.25,119
3,2018-08-04,良,65,283,25,52,12,15,0.82,108
4,2018-08-05,优,34,56,6,21,8,13,0.47,71
5,2018-08-06,优,47,146,12,30,10,25,0.63,85
6,2018-08-07,优,39,91,23,36,10,31,0.85,61
7,2018-08-08,优,39,73,12,24,9,21,0.59,75
8,2018-08-09,良,53,152,13,30,8,29,0.6,87
9,2018-08-10,良,57,160,16,40,11,33,0.61,90
10,2018-08-11,良,79,279,18,43,19,34,0.78,125
11,2018-08-12,优,50,161,27,50,15,40,0.86,61
12,2018-08-13,优,43,140,22,41,14,29,0.89,54
13,2018-08-14,优,20,10,11,19,11,26,0.96,20
14,2018-08-15,优,30,49,11,21,7,18,0.7,54
15,2018-08-16,优,35,80,10,27,8,23,0.49,66
16,2018-08-17,良,63,312,23,49,18,31,1.06,101
17,2018-08-18,良,51,261,26,53,20,47,1.35,23
18,2018-08-19,良,55,265,24,48,14,28,0.98,74
19,2018-08-20,优,26,6,13,25,8,27,0.78,39
20,2018-08-21,优,38,40,10,26,8,25,0.61,62
21,2018-08-22,良,59,233,29,67,21,43,1.2,37
22,2018-08-23,优,46,94,18,46,10,29,0.75,43
23,2018-08-25,优,32,36,7,18,8,26,0.48,58
24,2018-08-27,良,70,259,27,53,15,36,0.92,103
25,2018-08-29,优,35,97,16,31,8,24,0.68,47
26,2018-08-31,优,31,73,8,26,8,18,0.5,56
0,2018-07-01,良,55,224,23,43,22,26,0.76,85
1,2018-07-02,良,57,225,24,51,16,36,0.8,82
2,2018-07-03,良,59,261,25,49,14,30,0.99,93
3,2018-07-04,良,94,342,34,69,18,40,0.85,114
4,2018-07-05,良,71,297,17,40,7,23,0.59,120
5,2018-07-06,优,48,230,25,39,7,33,0.84,72
6,2018-07-07,优,33,115,16,32,22,25,1.02,41
7,2018-07-08,优,28,52,13,27,15,22,0.9,37
8,2018-07-09,优,38,182,19,37,16,23,0.9,57
9,2018-07-10,优,49,235,19,38,13,25,0.73,65
10,2018-07-11,优,28,39,12,26,14,21,0.73,43
11,2018-07-12,优,33,89,18,33,11,18,0.71,26
12,2018-07-13,优,26,42,12,25,12,16,0.63,39
13,2018-07-14,优,25,36,12,21,8,17,0.83,44
14,2018-07-15,优,35,96,18,34,15,20,0.94,44
15,2018-07-16,优,26,45,13,24,12,12,0.67,47
16,2018-07-17,优,30,59,14,26,15,13,0.6,48
17,2018-07-18,优,30,54,13,29,14,14,0.59,40
18,2018-07-19,优,35,84,14,30,15,15,0.61,62
19,2018-07-20,优,40,107,16,35,18,17,1.0,51
20,2018-07-21,优,46,105,21,41,18,17,0.72,73
21,2018-07-22,良,61,223,35,57,17,19,0.77,86
22,2018-07-23,良,74,319,42,66,16,22,1.07,96
23,2018-07-24,优,43,127,20,42,18,17,0.7,50
24,2018-07-25,优,36,75,14,30,8,14,0.61,63
25,2018-07-26,优,34,65,17,32,6,28,0.78,30
26,2018-07-27,良,53,225,17,34,6,27,0.72,78
27,2018-07-28,良,75,305,33,61,7,37,0.85,95
28,2018-07-29,轻度污染,101,357,39,70,10,39,0.87,122
29,2018-07-30,良,99,359,54,90,8,37,1.12,118
30,2018-07-31,良,70,305,34,62,6,25,0.83,93
0,2018-06-01,轻度污染,110,316,37,77,31,40,1.57,149
1,2018-06-02,良,91,264,24,64,23,28,0.88,150
2,2018-06-03,轻度污染,101,281,34,77,22,26,0.88,159
3,2018-06-04,良,74,227,26,59,24,23,0.82,129
4,2018-06-05,良,81,254,35,72,15,18,0.81,134
5,2018-06-06,良,77,214,36,68,19,28,1.04,117
6,2018-06-07,良,69,186,30,56,19,29,1.01,108
7,2018-06-08,良,70,264,26,48,14,40,0.65,90
8,2018-06-09,良,89,357,41,74,23,46,1.11,103
9,2018-06-10,优,48,88,16,32,12,24,0.81,87
10,2018-06-11,优,42,45,26,37,15,32,0.95,57
11,2018-06-12,良,81,266,45,67,19,32,1.47,111
12,2018-06-13,优,49,119,21,37,11,27,0.99,83
13,2018-06-14,优,33,24,14,25,8,28,0.79,62
14,2018-06-15,优,40,57,10,18,13,21,0.74,82
15,2018-06-16,优,47,79,19,32,18,17,0.61,91
16,2018-06-17,优,43,63,28,42,17,28,0.87,59
17,2018-06-18,良,57,154,26,44,15,19,0.74,95
18,2018-06-19,优,48,157,27,43,13,29,0.76,62
19,2018-06-20,优,44,134,14,31,10,29,0.69,71
20,2018-06-21,良,66,234,27,62,21,41,0.97,75
21,2018-06-22,良,78,269,28,66,26,34,1.14,118
22,2018-06-23,轻度污染,110,338,41,75,25,27,1.1,173
23,2018-06-24,轻度污染,138,360,50,89,28,38,1.58,195
24,2018-06-25,良,96,352,36,72,22,23,0.94,149
25,2018-06-26,良,83,341,21,47,20,20,0.75,139
26,2018-06-27,良,62,276,30,46,11,23,0.83,90
27,2018-06-28,优,43,147,12,24,7,26,0.52,79
28,2018-06-29,良,81,298,25,55,24,38,1.1,108
29,2018-06-30,良,77,287,22,50,22,23,0.92,130
0,2018-05-01,轻度污染,126,345,95,144,28,63,1.48,49
1,2018-05-02,良,66,218,24,81,9,23,0.6,82
2,2018-05-03,良,61,145,23,69,9,22,0.57,85
3,2018-05-04,良,78,243,38,96,18,43,0.85,85
4,2018-05-05,良,89,305,40,124,19,32,0.84,89
5,2018-05-06,良,76,301,34,97,25,40,0.66,79
6,2018-05-07,良,71,262,24,90,9,21,0.46,86
7,2018-05-08,良,73,252,33,87,12,37,0.58,77
8,2018-05-09,良,78,240,41,86,17,52,0.74,78
9,2018-05-10,轻度污染,114,354,57,153,30,36,1.1,142
10,2018-05-11,良,71,243,42,88,27,33,1.05,87
11,2018-05-12,良,58,130,29,52,19,29,0.81,94
12,2018-05-13,良,99,298,57,98,31,35,1.34,123
13,2018-05-14,良,81,221,37,80,21,22,1.02,131
14,2018-05-15,良,74,247,30,77,20,18,1.0,118
15,2018-05-16,优,47,70,16,46,16,19,0.77,82
16,2018-05-17,良,59,186,19,66,8,25,0.56,75
17,2018-05-18,良,62,174,21,63,7,23,0.45,97
18,2018-05-19,良,62,218,21,55,16,28,0.62,88
19,2018-05-20,良,61,276,18,53,28,23,0.54,96
20,2018-05-21,良,67,307,28,69,29,35,0.73,91
21,2018-05-22,良,55,210,24,59,19,29,0.75,78
22,2018-05-23,轻度污染,112,344,37,174,17,23,0.75,87
23,2018-05-24,轻度污染,117,348,55,165,29,31,1.16,146
24,2018-05-25,轻度污染,118,336,52,125,23,31,1.16,158
25,2018-05-26,轻度污染,107,281,54,105,22,32,1.19,147
26,2018-05-27,良,71,182,24,53,12,22,0.67,118
27,2018-05-28,良,55,93,31,58,12,38,0.92,67
28,2018-05-29,优,49,78,24,46,16,38,1.03,53
29,2018-05-30,优,39,45,16,28,8,32,0.59,71
30,2018-05-31,良,82,258,37,67,24,50,1.05,95
0,2018-04-01,轻度污染,111,259,77,125,28,42,1.46,84
1,2018-04-02,轻度污染,103,257,57,138,18,27,0.97,103
2,2018-04-03,良,67,117,17,82,8,15,0.55,80
3,2018-04-04,良,58,122,30,63,10,21,0.55,82
4,2018-04-05,良,95,301,70,96,15,33,1.02,69
5,2018-04-05,良,95,301,70,96,15,33,1.02,69
6,2018-04-06,良,74,172,44,70,9,26,0.86,56
7,2018-04-07,优,47,23,14,47,8,20,0.5,75
8,2018-04-08,良,63,89,37,68,29,41,1.05,64
9,2018-04-09,良,69,94,42,75,24,31,1.15,87
10,2018-04-10,良,79,139,37,106,14,22,0.77,109
11,2018-04-11,良,60,84,18,69,9,21,0.55,82
12,2018-04-12,良,77,237,24,103,9,30,0.56,72
13,2018-04-13,轻度污染,115,354,67,175,28,49,1.25,62
14,2018-04-14,良,68,225,25,85,8,19,0.77,75
15,2018-04-15,良,51,86,21,44,8,23,0.55,79
16,2018-04-16,良,84,191,41,115,29,33,1.14,96
17,2018-04-17,良,97,229,47,136,26,24,0.85,134
18,2018-04-18,良,91,185,52,129,26,28,0.97,136
19,2018-04-19,良,96,239,59,124,24,43,0.88,109
20,2018-04-20,轻度污染,106,297,50,124,27,33,0.93,132
21,2018-04-21,良,73,279,45,89,19,30,0.8,84
22,2018-04-22,优,40,44,27,37,9,24,0.78,57
23,2018-04-23,良,58,245,39,60,13,40,0.82,48
24,2018-04-24,良,69,276,38,58,11,43,0.72,78
25,2018-04-25,良,92,316,51,90,32,51,1.14,90
26,2018-04-26,良,84,234,41,106,24,30,0.98,115
27,2018-04-27,良,68,146,26,80,12,33,0.57,85
28,2018-04-28,轻度污染,130,336,62,195,27,28,1.13,133
29,2018-04-29,轻度污染,118,310,58,174,19,21,0.94,158
30,2018-04-30,良,64,156,29,72,9,26,0.56,77
0,2018-03-01,良,69,200,33,81,14,24,0.61,71
1,2018-03-02,良,67,185,34,81,33,39,1.09,57
2,2018-03-03,优,50,63,30,49,19,26,0.82,71
3,2018-03-04,优,45,66,23,43,13,16,0.58,78
4,2018-03-05,优,40,63,22,35,15,20,0.58,72
5,2018-03-06,优,37,61,20,33,20,27,0.61,61
6,2018-03-07,良,73,274,52,77,41,50,1.1,33
7,2018-03-08,良,62,216,41,62,20,25,0.67,81
8,2018-03-09,良,85,256,61,82,43,56,1.4,50
9,2018-03-10,良,78,187,56,76,24,36,0.84,76
10,2018-03-11,良,87,227,64,87,42,62,1.24,47
11,2018-03-12,良,94,238,69,101,25,31,1.01,105
12,2018-03-13,轻度污染,103,272,75,103,22,33,1.0,95
13,2018-03-14,轻度污染,148,331,112,152,29,50,1.38,64
14,2018-03-15,优,49,76,23,36,11,20,0.54,83
15,2018-03-16,良,55,185,36,53,33,54,1.04,55
16,2018-03-17,良,83,299,60,87,46,60,1.64,46
17,2018-03-18,良,98,272,72,83,21,40,1.1,62
18,2018-03-19,良,80,251,48,67,17,31,0.98,65
19,2018-03-20,优,43,82,13,25,13,19,0.53,84
20,2018-03-21,良,57,154,38,57,25,46,0.78,57
21,2018-03-22,轻度污染,129,354,97,141,51,78,1.69,48
22,2018-03-23,中度污染,182,357,140,191,57,72,2.23,63
23,2018-03-24,中度污染,194,360,152,195,45,59,2.35,80
24,2018-03-25,轻度污染,139,331,104,178,40,41,1.89,140
25,2018-03-26,轻度污染,115,283,83,145,34,32,1.41,138
26,2018-03-27,良,95,247,64,109,32,27,1.29,140
27,2018-03-28,良,94,252,39,132,15,27,0.77,94
28,2018-03-29,良,73,178,43,82,13,26,0.69,83
29,2018-03-30,轻度污染,105,306,78,122,32,55,1.34,83
30,2018-03-31,轻度污染,120,309,90,137,29,47,1.3,87
0,2018-02-01,良,100,254,74,108,79,60,1.7,27
1,2018-02-02,优,49,51,28,49,23,27,0.65,54
2,2018-02-03,良,53,76,34,55,28,33,0.77,39
3,2018-02-04,轻度污染,102,339,74,103,42,47,1.32,29
4,2018-02-05,良,94,311,68,95,30,44,1.22,34
5,2018-02-06,良,83,242,60,82,32,42,1.19,37
6,2018-02-07,良,82,168,60,80,45,48,1.22,39
7,2018-02-08,轻度污染,104,254,61,129,51,47,1.58,42
8,2018-02-09,良,79,90,51,95,27,31,0.94,65
9,2018-02-10,良,60,77,20,68,20,23,0.57,59
10,2018-02-11,良,51,56,16,54,18,19,0.56,63
11,2018-02-12,良,61,111,24,71,27,32,0.72,50
12,2018-02-13,良,79,206,55,86,46,47,1.37,35
13,2018-02-14,良,60,86,31,67,26,27,0.78,55
14,2018-02-15,良,63,114,38,66,33,25,0.78,62
15,2018-02-16,良,91,118,50,104,24,16,0.63,67
16,2018-02-17,良,55,82,28,57,23,22,0.59,58
17,2018-02-18,良,83,250,60,75,70,42,1.27,48
18,2018-02-19,良,90,292,66,84,45,41,1.17,52
19,2018-02-20,良,70,224,48,62,29,30,0.81,59
20,2018-02-21,轻度污染,107,307,79,99,40,41,1.24,53
21,2018-02-22,轻度污染,110,303,81,108,51,49,1.7,46
22,2018-02-23,良,86,298,61,94,50,41,1.21,50
23,2018-02-24,良,64,209,43,59,25,32,0.77,62
24,2018-02-25,轻度污染,132,357,100,133,54,60,1.64,45
25,2018-02-26,轻度污染,149,332,113,155,56,64,1.93,35
26,2018-02-27,轻度污染,122,296,91,110,24,39,1.13,64
27,2018-02-28,中度污染,158,325,120,146,44,64,1.82,35
0,2018-01-01,良,78,80,55,83,35,42,1.18,26
1,2018-01-02,良,51,55,30,54,27,33,0.79,33
2,2018-01-03,良,63,199,41,67,30,40,1.0,28
3,2018-01-04,轻度污染,105,340,78,103,42,52,1.3,19
4,2018-01-05,轻度污染,150,350,112,148,58,65,1.78,18
5,2018-01-06,良,97,240,71,102,53,61,1.41,19
6,2018-01-07,轻度污染,121,297,91,131,89,69,2.14,13
7,2018-01-08,良,57,138,31,58,25,35,0.79,38
8,2018-01-09,优,46,85,21,47,24,29,0.68,42
9,2018-01-10,优,50,121,18,51,16,21,0.61,39
10,2018-01-11,良,70,232,49,72,36,42,0.95,25
11,2018-01-12,良,96,294,71,95,68,60,1.73,18
12,2018-01-13,轻度污染,108,253,80,107,88,69,2.01,21
13,2018-01-14,良,85,139,62,83,31,42,1.02,44
14,2018-01-15,良,52,36,31,51,39,44,0.81,31
15,2018-01-16,良,85,131,60,93,44,53,1.42,25
16,2018-01-17,轻度污染,133,226,100,154,51,64,1.93,13
17,2018-01-18,轻度污染,126,216,94,127,46,63,1.81,20
18,2018-01-19,良,80,104,56,95,48,62,1.61,24
19,2018-01-20,优,38,14,18,36,23,29,0.54,49
20,2018-01-21,良,56,81,36,56,34,39,0.74,33
21,2018-01-22,优,42,37,25,40,22,24,0.65,44
22,2018-01-23,优,45,56,19,47,20,25,0.65,41
23,2018-01-24,优,38,32,18,37,25,27,0.57,45
24,2018-01-25,良,59,223,40,59,35,37,0.86,35
25,2018-01-26,良,91,314,67,91,56,51,1.24,25
26,2018-01-27,轻度污染,145,353,109,144,98,69,1.77,19
27,2018-01-28,良,67,195,41,68,36,42,0.86,39
28,2018-01-29,良,51,94,21,56,28,34,0.68,44
29,2018-01-30,良,74,150,47,91,58,56,1.55,24
30,2018-01-31,优,47,46,29,48,34,43,0.73,40
0,2017-12-01,良,72,234,50,82,60,55,1.42,15
1,2017-12-02,轻度污染,138,308,103,165,35,51,1.41,33
2,2017-12-03,良,60,115,41,64,26,34,0.87,21
3,2017-12-04,良,51,102,34,52,31,40,0.84,22
4,2017-12-05,良,78,216,55,86,46,50,1.3,15
5,2017-12-06,轻度污染,105,234,78,126,73,59,2.05,12
6,2017-12-07,良,83,148,61,84,27,37,1.03,20
7,2017-12-08,轻度污染,108,336,79,115,47,51,1.59,11
8,2017-12-09,良,87,217,59,101,56,51,1.95,17
9,2017-12-10,良,70,115,36,84,21,29,0.86,30
10,2017-12-11,优,50,70,22,53,19,20,0.75,25
11,2017-12-12,良,52,93,27,54,28,32,0.82,23
12,2017-12-13,轻度污染,106,298,79,118,63,53,1.52,14
13,2017-12-14,轻度污染,150,338,113,167,99,70,2.29,10
14,2017-12-15,轻度污染,108,287,79,114,54,51,1.49,21
15,2017-12-16,优,47,114,22,50,25,31,0.56,31
16,2017-12-17,良,73,215,46,93,51,48,1.3,19
17,2017-12-18,良,54,56,29,60,34,35,0.86,30
18,2017-12-19,良,60,137,25,68,35,34,0.81,31
19,2017-12-20,良,86,235,61,98,69,58,1.44,16
20,2017-12-21,良,74,130,51,86,52,56,1.59,21
21,2017-12-22,轻度污染,122,245,91,128,45,59,1.56,22
22,2017-12-23,中度污染,165,284,127,176,64,74,2.47,15
23,2017-12-24,良,56,47,36,58,31,41,0.9,30
24,2017-12-25,良,53,48,27,56,31,35,0.78,36
25,2017-12-26,优,41,33,20,40,19,25,0.63,35
26,2017-12-27,良,63,75,41,69,51,51,1.2,14
27,2017-12-28,轻度污染,109,168,81,121,82,61,1.84,10
28,2017-12-29,中度污染,164,244,124,162,43,53,1.43,21
29,2017-12-30,中度污染,191,286,146,184,66,70,1.84,11
30,2017-12-31,中度污染,168,275,128,177,57,66,2.07,15
0,2017-11-01,良,62,82,37,77,31,50,0.78,42
1,2017-11-02,中度污染,151,322,117,171,31,60,1.14,17
2,2017-11-03,良,96,221,70,91,21,38,0.78,22
3,2017-11-04,良,73,182,50,84,47,49,1.21,21
4,2017-11-05,良,89,245,62,116,35,44,1.31,52
5,2017-11-06,良,82,160,60,100,31,40,1.04,76
6,2017-11-07,轻度污染,101,180,68,120,26,43,1.12,59
7,2017-11-08,优,42,60,15,45,17,33,0.62,38
8,2017-11-09,良,70,152,42,81,38,43,1.05,30
9,2017-11-10,良,73,211,16,98,10,18,0.48,45
10,2017-11-11,良,58,166,23,66,21,35,0.6,23
11,2017-11-12,良,66,204,41,76,38,43,1.27,33
12,2017-11-13,良,59,138,34,64,24,37,0.78,34
13,2017-11-14,优,37,51,14,36,15,23,0.46,35
14,2017-11-15,优,42,80,15,43,18,25,0.44,35
15,2017-11-16,良,74,201,48,90,46,43,1.2,19
16,2017-11-17,良,91,274,61,87,20,29,0.75,36
17,2017-11-18,优,50,197,27,50,23,25,0.6,32
18,2017-11-19,良,56,181,38,57,33,35,0.74,24
19,2017-11-20,良,55,167,35,59,43,43,1.15,23
20,2017-11-21,良,74,207,42,96,38,42,1.12,31
21,2017-11-22,良,52,137,22,57,22,31,0.58,29
22,2017-11-23,优,44,85,19,44,24,30,0.58,25
23,2017-11-24,优,47,88,27,47,34,37,0.7,23
24,2017-11-25,良,54,92,34,56,30,34,0.92,26
25,2017-11-26,良,55,117,38,55,28,35,0.77,26
26,2017-11-27,良,57,98,32,63,36,34,1.07,39
27,2017-11-28,良,72,107,32,88,21,24,0.75,46
28,2017-11-29,良,54,94,16,60,17,25,0.57,43
29,2017-11-30,优,43,105,24,46,29,39,0.71,31
0,2017-10-01,良,57,230,18,53,13,18,0.53,80
1,2017-10-02,优,40,127,10,39,11,23,0.42,36
2,2017-10-03,优,45,236,20,47,12,30,0.56,34
3,2017-10-05,良,65,329,39,76,30,38,1.23,70
4,2017-10-06,良,55,230,29,55,22,28,0.85,90
5,2017-10-07,良,62,215,41,63,21,33,0.93,81
6,2017-10-08,良,95,317,70,96,27,58,1.66,44
7,2017-10-09,良,58,256,41,56,8,32,0.78,23
8,2017-10-10,优,33,142,18,32,9,27,0.55,29
9,2017-10-11,优,34,133,14,32,9,28,0.47,38
10,2017-10-12,良,63,322,33,74,26,45,0.89,23
11,2017-10-13,良,51,220,29,54,16,41,0.83,30
12,2017-10-14,优,48,214,24,51,14,40,0.63,33
13,2017-10-15,良,64,269,43,75,20,52,1.01,15
14,2017-10-16,良,56,236,36,61,11,43,0.85,29
15,2017-10-17,良,81,304,59,98,22,57,1.08,32
16,2017-10-18,中度污染,156,360,118,169,32,81,1.67,29
17,2017-10-19,轻度污染,123,340,92,153,44,76,2.36,26
18,2017-10-20,轻度污染,129,331,96,151,21,50,2.2,52
19,2017-10-21,良,65,196,41,66,16,30,0.97,54
20,2017-10-22,良,57,132,33,61,11,31,0.55,51
21,2017-10-23,良,77,251,54,87,14,43,0.71,47
22,2017-10-24,轻度污染,126,356,95,142,38,78,1.67,33
23,2017-10-25,中度污染,160,363,122,186,42,95,2.69,33
24,2017-10-26,中度污染,157,345,120,182,37,69,2.06,36
25,2017-10-27,轻度污染,108,273,80,113,34,51,1.29,61
26,2017-10-28,良,83,190,44,91,23,31,0.75,65
27,2017-10-29,优,44,54,12,45,14,27,0.41,36
28,2017-10-30,良,68,185,39,84,43,52,1.01,21
29,2017-10-31,良,79,205,47,106,44,54,1.32,38
0,2017-09-01,良,67,284,45,77,22,49,1.29,46
1,2017-09-02,良,68,271,39,61,14,43,1.13,77
2,2017-09-03,良,80,331,50,81,24,45,1.38,77
3,2017-09-04,良,63,284,36,58,22,24,0.91,95
4,2017-09-05,优,50,211,29,46,18,24,0.73,81
5,2017-09-06,优,47,185,27,48,14,41,0.97,35
6,2017-09-07,良,66,275,33,64,24,37,1.39,76
7,2017-09-08,良,68,269,48,79,36,35,1.36,76
8,2017-09-09,良,54,175,31,58,12,51,0.78,50
9,2017-09-10,良,84,353,54,86,20,36,1.27,75
10,2017-09-11,优,39,103,17,34,12,28,0.57,47
11,2017-09-12,优,45,92,17,47,18,32,0.68,30
12,2017-09-13,优,50,111,22,53,23,40,0.8,33
13,2017-09-14,良,60,174,27,60,22,42,0.85,53
14,2017-09-15,良,62,183,35,70,32,41,1.05,59
15,2017-09-16,良,58,165,28,61,29,33,0.97,75
16,2017-09-17,优,44,93,20,39,15,33,0.71,52
17,2017-09-18,良,62,137,35,69,30,40,1.37,72
18,2017-09-19,优,44,86,17,44,14,24,0.62,62
19,2017-09-20,优,42,102,19,41,14,35,0.54,45
20,2017-09-21,良,60,209,24,53,24,33,1.01,73
21,2017-09-22,良,56,156,26,49,18,30,0.78,77
22,2017-09-23,良,55,169,21,59,24,33,1.11,62
23,2017-09-24,良,56,189,19,58,18,30,0.61,74
24,2017-09-25,良,65,271,39,75,23,35,1.08,63
25,2017-09-26,优,46,154,26,48,19,29,0.73,49
26,2017-09-27,优,38,108,17,37,12,33,0.69,27
27,2017-09-28,优,37,84,13,37,11,29,0.49,35
28,2017-09-29,良,56,214,24,65,31,45,0.87,29
29,2017-09-30,良,90,336,60,109,34,48,1.37,67
0,2017-08-01,良,68,287,32,57,14,25,0.9,102
1,2017-08-02,优,39,119,20,38,17,25,0.77,42
2,2017-08-03,优,34,59,19,31,10,17,0.63,35
3,2017-08-04,优,42,99,10,18,9,15,0.68,79
4,2017-08-05,优,39,73,14,28,14,25,0.73,64
5,2017-08-06,优,48,129,17,35,19,31,0.89,72
6,2017-08-07,优,45,109,20,33,5,28,0.54,65
7,2017-08-08,良,73,316,27,48,16,38,0.7,89
8,2017-08-09,良,81,335,43,79,19,44,1.14,86
9,2017-08-10,良,54,183,28,51,14,31,1.05,66
10,2017-08-11,良,56,190,25,44,14,26,0.94,84
11,2017-08-12,良,54,212,23,45,22,26,0.86,76
12,2017-08-13,良,67,317,28,52,14,28,0.97,92
13,2017-08-14,优,49,202,26,46,12,31,0.75,62
14,2017-08-15,优,32,85,16,26,5,22,0.57,56
15,2017-08-16,优,47,167,26,48,16,34,0.99,37
16,2017-08-17,优,31,55,19,31,9,27,1.03,40
17,2017-08-18,优,32,46,17,31,10,27,0.82,31
18,2017-08-19,优,44,131,24,42,10,29,0.96,55
19,2017-08-20,良,55,245,29,48,12,29,0.87,67
20,2017-08-21,良,51,154,24,44,15,26,0.92,64
21,2017-08-22,良,97,355,70,97,15,22,1.99,120
22,2017-08-23,优,27,26,13,24,7,21,0.6,49
23,2017-08-24,优,34,79,13,27,8,24,0.47,61
24,2017-08-25,优,49,205,20,52,12,31,0.7,37
25,2017-08-26,优,47,194,15,45,14,31,0.49,44
26,2017-08-27,良,52,222,21,50,24,32,0.99,60
27,2017-08-28,优,34,90,15,28,7,16,0.61,56
28,2017-08-29,优,35,108,10,33,12,23,0.33,43
29,2017-08-30,优,44,238,18,43,15,28,0.58,42
30,2017-08-31,良,62,297,33,72,24,47,1.0,40
0,2017-07-01,良,97,305,54,81,18,21,1.01,146
1,2017-07-02,良,52,202,33,53,18,29,0.92,75
2,2017-07-03,良,76,281,30,52,12,31,0.79,91
3,2017-07-04,良,63,227,16,35,15,28,0.58,105
4,2017-07-05,良,96,344,33,58,15,32,0.71,138
5,2017-07-06,良,97,358,36,66,18,29,0.8,134
6,2017-07-07,优,44,167,20,38,9,20,0.57,73
7,2017-07-08,良,76,303,39,51,9,14,0.78,131
8,2017-07-09,良,61,268,22,36,9,18,0.62,107
9,2017-07-10,良,62,232,23,35,5,14,0.59,111
10,2017-07-11,轻度污染,108,327,41,64,10,18,1.09,157
11,2017-07-12,良,97,326,47,73,10,16,0.78,151
12,2017-07-13,良,82,296,31,53,7,15,0.7,133
13,2017-07-14,良,54,183,26,43,6,24,0.72,92
14,2017-07-15,良,69,290,29,48,9,29,1.05,101
15,2017-07-16,良,67,267,30,50,7,21,0.83,96
16,2017-07-17,良,57,209,20,35,6,16,0.62,101
17,2017-07-18,良,64,242,33,50,8,18,0.67,106
18,2017-07-19,良,64,272,30,47,8,18,0.69,103
19,2017-07-20,良,53,195,34,49,5,19,0.82,85
20,2017-07-21,优,42,108,7,17,4,16,0.34,82
21,2017-07-22,优,36,55,17,34,9,39,0.58,34
22,2017-07-23,良,89,311,39,66,10,41,0.73,90
23,2017-07-24,良,77,284,34,65,10,47,0.68,80
24,2017-07-25,优,41,70,10,29,8,27,0.38,74
25,2017-07-26,良,60,178,32,67,24,50,1.26,76
26,2017-07-27,良,59,181,34,57,14,35,0.9,85
27,2017-07-28,良,52,141,17,32,6,24,0.43,89
28,2017-07-29,良,59,204,16,35,10,30,0.61,103
29,2017-07-30,良,86,318,37,67,18,33,0.82,125
30,2017-07-31,良,90,317,35,60,19,27,0.96,139
0,2017-06-01,良,60,170,25,68,11,35,0.44,53
1,2017-06-02,优,44,96,13,41,9,31,0.36,48
2,2017-06-03,优,42,73,14,36,9,29,0.4,66
3,2017-06-04,良,60,203,27,53,20,33,0.9,83
4,2017-06-05,良,74,336,33,56,23,40,0.82,102
5,2017-06-06,良,62,309,35,67,26,38,0.89,93
6,2017-06-07,良,65,233,31,45,12,20,0.62,115
7,2017-06-08,良,80,259,39,57,15,30,0.88,123
8,2017-06-09,良,64,221,21,72,9,26,0.42,74
9,2017-06-10,良,65,265,23,78,20,38,0.47,51
10,2017-06-11,优,48,162,18,48,14,35,0.49,58
11,2017-06-12,优,49,169,21,43,17,36,0.49,64
12,2017-06-13,良,70,262,26,60,18,40,0.46,90
13,2017-06-14,轻度污染,102,317,43,88,26,29,1.14,162
14,2017-06-15,中度污染,152,354,53,105,29,46,1.48,210
15,2017-06-16,轻度污染,126,324,40,100,21,30,0.85,186
16,2017-06-17,中度污染,155,358,71,129,28,24,1.11,218
17,2017-06-18,轻度污染,123,340,65,102,20,28,1.01,173
18,2017-06-19,良,77,280,42,66,13,26,0.78,118
19,2017-06-20,良,64,230,20,31,14,22,0.67,110
20,2017-06-21,良,64,215,28,43,16,31,0.77,86
21,2017-06-22,优,50,176,16,32,8,34,0.46,78
22,2017-06-23,良,64,251,28,48,12,41,0.69,85
23,2017-06-24,良,53,189,21,33,11,27,0.66,91
24,2017-06-25,良,52,170,26,37,7,35,0.63,72
25,2017-06-26,良,92,305,41,65,16,37,1.24,114
26,2017-06-27,良,93,283,38,59,18,27,1.21,131
27,2017-06-28,良,76,252,26,44,17,22,0.72,127
28,2017-06-29,良,58,168,26,47,18,19,0.69,99
29,2017-06-30,良,88,291,52,77,19,20,0.85,133
0,2017-05-01,良,73,167,33,79,17,37,0.63,80
1,2017-05-02,良,83,260,39,97,20,29,0.75,111
2,2017-05-03,良,82,297,43,97,21,19,0.68,131
3,2017-05-04,良,75,249,49,78,15,28,0.66,84
4,2017-05-05,中度污染,159,264,59,208,9,23,0.6,71
5,2017-05-06,严重污染,254,327,65,348,7,16,0.37,69
6,2017-05-07,轻度污染,105,228,46,152,9,24,0.4,81
7,2017-05-08,轻度污染,109,319,70,130,18,40,1.06,127
8,2017-05-09,良,97,332,54,121,15,24,0.77,125
9,2017-05-10,良,75,231,36,87,13,21,0.66,126
10,2017-05-11,良,91,270,43,124,15,25,0.76,106
11,2017-05-12,轻度污染,135,323,53,218,10,29,0.58,63
12,2017-05-13,良,65,170,30,77,8,18,0.49,88
13,2017-05-14,良,62,146,21,73,6,14,0.39,75
14,2017-05-15,优,45,79,19,40,8,21,0.46,75
15,2017-05-16,良,66,229,30,57,16,36,0.96,88
16,2017-05-17,良,93,292,40,84,17,32,0.88,131
17,2017-05-18,轻度污染,126,335,56,159,17,19,0.86,188
18,2017-05-19,轻度污染,147,355,56,129,17,23,0.93,206
19,2017-05-20,轻度污染,123,346,40,85,15,26,0.85,176
20,2017-05-20,轻度污染,123,346,40,85,15,26,0.85,176
21,2017-05-21,良,84,261,33,83,12,32,0.54,115
22,2017-05-22,良,59,224,23,67,9,30,0.47,57
23,2017-05-23,良,51,186,22,40,8,30,0.42,96
24,2017-05-24,良,61,227,29,54,11,37,0.6,82
25,2017-05-25,优,47,87,9,30,6,15,0.31,89
26,2017-05-26,良,52,71,22,42,10,40,0.43,70
27,2017-05-27,良,78,173,26,54,14,41,0.69,100
28,2017-05-28,良,97,237,35,96,11,22,0.56,139
29,2017-05-29,轻度污染,105,288,48,158,14,42,0.66,43
30,2017-05-30,良,72,184,39,68,11,26,0.73,109
31,2017-05-31,良,73,185,36,66,13,31,0.76,107
0,2017-04-01,轻度污染,109,312,75,123,28,56,0.99,61
1,2017-04-02,轻度污染,102,311,70,122,37,51,1.22,76
2,2017-04-03,轻度污染,114,335,82,138,37,42,1.37,119
3,2017-04-04,轻度污染,113,338,78,164,41,33,1.07,140
4,2017-04-05,良,92,258,55,98,29,31,0.87,119
5,2017-04-06,良,96,247,71,102,21,39,0.92,58
6,2017-04-07,轻度污染,123,312,93,128,16,36,0.98,80
7,2017-04-08,良,70,212,32,64,11,26,0.58,81
8,2017-04-09,良,64,284,26,69,12,31,0.52,74
9,2017-04-10,轻度污染,103,354,66,129,36,50,1.28,78
10,2017-04-11,良,68,242,19,83,8,18,0.45,85
11,2017-04-12,良,63,167,21,71,9,27,0.38,73
12,2017-04-13,良,84,272,43,114,43,37,0.81,83
13,2017-04-14,轻度污染,112,347,76,130,27,28,0.95,132
14,2017-04-15,轻度污染,102,304,74,124,38,39,1.18,111
15,2017-04-16,良,85,240,51,99,21,43,0.78,75
16,2017-04-17,良,97,267,60,100,24,33,0.86,98
17,2017-04-18,良,66,155,23,75,9,20,0.49,81
18,2017-04-19,良,65,135,33,78,24,38,0.64,55
19,2017-04-20,良,85,287,42,117,21,28,0.83,70
20,2017-04-21,良,80,296,36,101,13,38,0.61,68
21,2017-04-22,良,88,338,34,125,29,27,0.88,101
22,2017-04-23,良,53,73,20,58,12,23,0.54,75
23,2017-04-23,良,53,73,20,58,12,23,0.54,75
24,2017-04-24,优,50,72,29,52,16,38,0.77,53
25,2017-04-25,优,45,77,18,44,14,31,0.5,58
26,2017-04-26,良,51,146,19,52,12,32,0.43,53
27,2017-04-27,良,66,243,29,81,19,42,0.57,55
28,2017-04-28,良,67,176,31,81,13,42,0.55,56
29,2017-04-29,良,91,279,45,131,27,41,0.95,75
30,2017-04-30,轻度污染,120,339,38,173,9,18,0.36,82
0,2017-03-01,优,37,10,10,27,24,20,0.44,66
1,2017-03-02,良,74,236,46,95,63,53,1.16,35
2,2017-03-03,良,76,168,53,91,62,52,1.04,46
3,2017-03-04,良,79,149,55,85,70,45,0.85,62
4,2017-03-05,良,53,78,36,52,27,24,0.56,69
5,2017-03-06,优,46,69,27,43,31,31,0.57,55
6,2017-03-07,良,53,133,27,56,35,31,0.55,56
7,2017-03-08,良,63,176,33,75,39,37,0.6,55
8,2017-03-09,良,68,151,40,74,36,41,0.6,56
9,2017-03-10,轻度污染,128,336,96,136,69,69,1.31,56
10,2017-03-11,中度污染,184,354,141,208,96,73,1.79,61
11,2017-03-12,良,70,223,34,78,24,27,0.49,75
12,2017-03-13,良,78,325,52,83,38,40,0.6,65
13,2017-03-14,轻度污染,128,359,95,125,53,54,0.89,60
14,2017-03-15,中度污染,189,366,146,194,88,71,1.46,63
15,2017-03-16,中度污染,153,363,117,160,84,75,1.6,62
16,2017-03-17,中度污染,200,365,155,219,83,68,1.71,75
17,2017-03-18,中度污染,179,357,138,182,50,57,1.17,86
18,2017-03-19,轻度污染,149,340,113,163,65,70,1.23,63
19,2017-03-20,良,90,279,57,91,30,40,0.79,67
20,2017-03-21,良,74,222,47,89,33,48,0.76,50
21,2017-03-22,良,77,259,51,84,37,41,0.93,62
22,2017-03-23,轻度污染,119,335,88,123,45,53,0.88,63
23,2017-03-24,轻度污染,131,342,98,146,66,65,1.2,59
24,2017-03-25,轻度污染,135,357,102,144,68,65,1.16,69
25,2017-03-26,中度污染,176,360,133,181,58,66,1.52,57
26,2017-03-27,中度污染,186,360,144,191,49,69,1.34,61
27,2017-03-28,轻度污染,127,352,90,142,49,53,1.25,72
28,2017-03-29,轻度污染,116,291,83,141,30,37,1.14,94
29,2017-03-30,轻度污染,108,294,79,119,24,40,0.71,84
30,2017-03-31,轻度污染,138,351,98,135,32,54,0.81,67
0,2017-02-01,优,42,43,20,37,42,21,0.49,60
1,2017-02-02,轻度污染,106,259,78,105,79,50,1.82,34
2,2017-02-03,中度污染,164,300,124,165,133,68,2.65,38
3,2017-02-04,重度污染,201,328,155,190,68,50,1.71,60
4,2017-02-05,轻度污染,112,228,83,104,50,33,0.91,58
5,2017-02-06,优,36,19,20,33,48,28,0.5,54
6,2017-02-07,轻度污染,126,353,95,129,148,69,1.48,17
7,2017-02-08,良,72,267,40,74,45,33,0.71,45
8,2017-02-09,优,49,116,19,49,33,22,0.47,56
9,2017-02-10,优,43,45,26,42,37,28,0.57,47
10,2017-02-11,良,89,262,60,92,73,45,0.76,41
11,2017-02-12,中度污染,186,338,145,178,83,62,1.39,38
12,2017-02-13,轻度污染,139,286,104,139,100,59,1.5,40
13,2017-02-14,轻度污染,143,272,107,142,105,66,1.57,39
14,2017-02-15,轻度污染,119,219,89,122,55,41,1.22,77
15,2017-02-16,良,87,162,41,101,31,29,0.59,75
16,2017-02-17,良,54,78,24,56,31,24,0.46,72
17,2017-02-18,良,79,153,57,81,70,49,0.95,46
18,2017-02-19,良,86,150,50,107,48,34,0.91,57
19,2017-02-20,良,55,74,30,55,35,26,0.59,65
20,2017-02-21,良,93,325,68,102,100,57,1.4,35
21,2017-02-22,良,69,205,45,76,43,39,0.9,53
22,2017-02-23,优,44,86,21,37,39,30,0.49,67
23,2017-02-24,良,85,257,62,82,83,60,1.22,44
24,2017-02-25,良,64,167,44,59,61,52,0.93,40
25,2017-02-26,良,85,236,61,80,72,58,1.07,37
26,2017-02-27,良,79,183,55,77,83,49,1.36,55
27,2017-02-28,轻度污染,105,267,78,104,55,44,1.17,67
0,2017-01-01,重度污染,216,290,170,221,72,52,1.87,30
1,2017-01-02,良,97,110,70,102,57,44,1.21,35
2,2017-01-03,轻度污染,150,183,114,161,96,75,2.5,17
3,2017-01-04,轻度污染,137,180,102,134,100,72,1.94,21
4,2017-01-05,良,95,170,70,98,126,66,1.09,20
5,2017-01-06,轻度污染,126,269,95,135,139,73,1.78,20
6,2017-01-07,严重污染,261,346,210,268,131,85,2.3,14
7,2017-01-08,严重污染,275,352,224,265,114,82,1.88,21
8,2017-01-09,良,57,113,34,55,61,46,0.74,41
9,2017-01-10,优,45,79,25,47,51,37,0.66,42
10,2017-01-11,良,89,234,64,97,110,64,1.28,21
11,2017-01-12,良,53,116,35,54,62,46,0.75,32
12,2017-01-13,良,55,134,19,60,41,30,0.56,42
13,2017-01-14,优,46,86,24,47,59,36,0.64,30
14,2017-01-15,轻度污染,140,330,105,143,120,67,1.7,11
15,2017-01-16,轻度污染,138,298,104,143,160,63,1.79,18
16,2017-01-17,中度污染,189,319,144,195,140,80,2.17,13
17,2017-01-18,中度污染,159,289,120,157,84,62,1.51,20
18,2017-01-19,中度污染,160,302,122,159,114,55,1.63,22
19,2017-01-20,良,53,115,32,53,66,34,0.68,37
20,2017-01-21,良,91,258,50,106,88,40,1.21,35
21,2017-01-22,良,84,199,54,96,56,33,0.8,39
22,2017-01-23,轻度污染,145,305,108,143,100,53,1.55,27
23,2017-01-24,中度污染,171,302,129,174,148,70,1.94,19
24,2017-01-25,中度污染,155,260,117,160,151,68,2.35,28
25,2017-01-26,轻度污染,124,215,65,157,41,27,0.94,69
26,2017-01-27,良,68,105,27,83,53,26,0.6,57
27,2017-01-28,良,89,100,65,91,86,35,1.04,46
28,2017-01-29,良,70,138,45,69,46,22,0.7,54
29,2017-01-30,良,51,136,31,50,67,28,0.62,46
30,2017-01-31,良,92,289,67,92,121,50,1.6,34
0,2016-12-01,优,47,61,22,57,37,30,0.53,36
1,2016-12-02,良,86,166,55,107,72,58,1.61,19
2,2016-12-03,轻度污染,146,273,110,163,57,45,1.35,53
3,2016-12-04,轻度污染,116,228,87,125,50,41,1.08,45
4,2016-12-05,优,36,9,21,36,32,30,0.59,36
5,2016-12-06,良,90,197,63,105,80,52,1.34,11
6,2016-12-07,轻度污染,114,207,85,120,76,50,0.89,13
7,2016-12-08,轻度污染,117,191,87,123,95,56,1.56,12
8,2016-12-09,轻度污染,105,199,78,102,92,57,0.97,20
9,2016-12-10,中度污染,181,346,140,180,152,79,2.16,14
10,2016-12-11,轻度污染,131,275,99,135,154,59,1.81,26
11,2016-12-12,轻度污染,107,208,79,104,67,49,1.1,29
12,2016-12-13,良,96,243,70,90,63,52,1.04,26
13,2016-12-14,轻度污染,127,326,95,117,96,61,1.18,17
14,2016-12-15,重度污染,248,360,197,254,152,88,2.04,13
15,2016-12-16,轻度污染,127,263,95,131,145,74,2.03,12
16,2016-12-17,轻度污染,148,285,111,150,137,68,1.92,19
17,2016-12-18,重度污染,215,316,168,223,129,89,2.47,19
18,2016-12-19,严重污染,272,310,221,282,88,78,2.59,13
19,2016-12-20,重度污染,230,295,179,236,95,67,2.14,21
20,2016-12-21,中度污染,199,309,154,211,83,57,1.74,15
21,2016-12-22,良,78,183,50,79,32,29,0.78,35
22,2016-12-23,良,65,132,30,70,46,36,0.61,40
23,2016-12-24,中度污染,191,359,148,187,156,79,1.9,16
24,2016-12-25,良,82,231,59,81,101,53,1.53,28
25,2016-12-26,优,50,152,26,52,34,24,0.56,47
26,2016-12-27,良,97,308,72,94,94,53,1.0,21
27,2016-12-28,良,86,238,54,88,85,45,1.23,27
28,2016-12-29,良,51,49,29,54,69,41,0.67,25
29,2016-12-30,轻度污染,107,200,80,119,106,58,1.82,19
30,2016-12-31,中度污染,159,250,122,164,82,56,1.8,22
0,2016-11-01,良,76,285,54,91,81,46,1.07,18
1,2016-11-02,良,72,228,47,82,83,56,1.21,20
2,2016-11-03,良,85,223,61,102,94,59,1.11,17
3,2016-11-04,中度污染,155,325,117,179,115,60,1.54,21
4,2016-11-05,严重污染,252,352,216,271,43,53,1.21,43
5,2016-11-06,轻度污染,123,250,95,115,48,45,0.7,40
6,2016-11-07,重度污染,206,362,169,192,44,48,0.97,39
7,2016-11-08,良,81,289,59,72,50,44,0.61,31
8,2016-11-09,良,90,301,65,96,92,57,1.15,13
9,2016-11-10,优,43,93,26,42,34,30,0.67,45
10,2016-11-11,良,66,193,46,65,47,39,0.66,25
11,2016-11-12,良,70,151,49,79,59,45,0.8,22
12,2016-11-13,良,87,181,61,101,77,45,1.13,31
13,2016-11-14,良,89,183,47,107,32,26,0.63,50
14,2016-11-15,良,81,186,55,89,50,51,0.77,22
15,2016-11-16,轻度污染,120,294,89,136,97,57,1.41,13
16,2016-11-17,重度污染,221,346,174,239,100,69,1.89,20
17,2016-11-18,轻度污染,108,243,80,122,50,39,0.91,39
18,2016-11-19,优,49,51,36,47,29,27,0.55,32
19,2016-11-20,优,47,81,33,43,51,38,0.59,29
20,2016-11-21,优,33,24,19,32,36,25,0.46,41
21,2016-11-22,优,37,143,20,34,37,27,0.48,41
22,2016-11-23,良,70,298,49,77,75,49,0.88,18
23,2016-11-24,良,99,302,72,109,83,53,1.26,18
24,2016-11-25,良,90,229,64,105,100,54,1.52,18
25,2016-11-26,轻度污染,137,298,104,154,66,54,1.38,23
26,2016-11-27,轻度污染,104,235,75,117,54,45,1.21,32
27,2016-11-28,良,90,196,65,102,84,57,1.24,16
28,2016-11-29,良,93,218,67,103,98,56,1.02,21
29,2016-11-30,良,81,179,56,86,55,45,1.15,24
0,2016-10-01,良,88,309,53,103,31,43,1.29,98
1,2016-10-02,良,77,280,55,93,38,45,1.27,76
2,2016-10-03,优,49,141,26,49,14,22,0.67,55
3,2016-10-04,优,42,74,22,42,15,32,0.65,20
4,2016-10-05,优,37,40,25,36,8,23,0.57,26
5,2016-10-06,良,56,155,38,58,13,35,0.75,25
6,2016-10-07,良,67,265,47,75,28,48,1.17,15
7,2016-10-08,优,30,38,15,27,8,22,0.54,35
8,2016-10-09,优,43,137,25,42,18,34,0.49,32
9,2016-10-10,良,67,264,45,76,29,43,1.01,31
10,2016-10-11,优,41,91,25,42,12,29,0.57,36
11,2016-10-12,良,87,291,62,106,29,48,1.19,30
12,2016-10-13,良,92,297,68,108,40,58,1.4,29
13,2016-10-14,轻度污染,111,336,81,127,33,50,1.35,61
14,2016-10-15,良,95,323,66,114,35,41,1.04,97
15,2016-10-16,轻度污染,128,359,96,139,33,48,1.28,53
16,2016-10-17,优,41,57,17,33,11,27,0.54,50
17,2016-10-18,良,90,272,64,109,31,54,1.25,35
18,2016-10-19,轻度污染,130,330,96,144,34,45,1.28,58
19,2016-10-20,良,60,202,41,64,15,36,0.62,34
20,2016-10-21,重度污染,204,358,156,206,38,78,1.42,14
21,2016-10-22,优,48,221,34,44,10,25,0.57,38
22,2016-10-23,优,42,178,27,43,16,36,0.62,35
23,2016-10-24,良,97,348,71,115,43,66,1.34,21
24,2016-10-25,轻度污染,123,352,92,145,42,68,1.49,29
25,2016-10-26,优,39,103,17,37,16,25,0.56,43
26,2016-10-27,轻度污染,106,356,78,118,43,61,1.19,19
27,2016-10-28,良,51,247,33,50,18,37,0.71,33
28,2016-10-29,良,54,239,34,58,28,39,0.73,26
29,2016-10-30,良,63,260,41,68,43,45,1.03,18
30,2016-10-31,优,32,38,15,30,26,23,0.52,39
0,2016-09-01,优,20,14,12,18,11,21,0.65,25
1,2016-09-02,优,42,89,21,36,24,26,0.76,71
2,2016-09-03,优,42,56,25,38,13,35,0.8,56
3,2016-09-04,优,49,78,32,52,15,34,1.02,56
4,2016-09-05,良,69,213,40,66,22,33,1.21,70
5,2016-09-06,良,67,231,40,67,16,29,0.9,68
6,2016-09-07,良,57,205,35,63,25,44,1.22,46
7,2016-09-08,良,54,142,32,56,19,38,1.11,53
8,2016-09-09,良,68,202,43,68,20,37,1.21,67
9,2016-09-10,良,52,177,30,49,21,33,1.05,64
10,2016-09-11,良,58,209,36,61,18,36,0.76,48
11,2016-09-12,良,58,191,40,62,12,40,0.82,37
12,2016-09-13,良,71,247,47,84,17,46,1.05,47
13,2016-09-14,良,77,270,55,87,24,37,1.52,71
14,2016-09-15,良,80,288,58,89,25,27,1.26,86
15,2016-09-16,良,73,286,43,62,13,21,0.76,72
16,2016-09-17,优,30,45,9,25,9,22,0.42,40
17,2016-09-18,优,36,71,13,35,12,27,0.45,19
18,2016-09-19,优,49,147,20,49,14,37,0.53,40
19,2016-09-20,良,64,245,39,79,29,46,0.93,38
20,2016-09-21,良,62,172,38,74,23,39,0.9,51
21,2016-09-22,良,60,131,37,69,32,34,0.87,63
22,2016-09-23,良,58,131,40,60,19,33,0.92,67
23,2016-09-24,良,56,95,33,55,16,19,0.72,100
24,2016-09-25,良,59,144,40,65,13,33,0.65,65
25,2016-09-26,良,95,308,70,115,27,47,1.33,57
26,2016-09-27,优,37,50,23,39,15,24,0.66,29
27,2016-09-28,优,28,42,13,26,9,24,0.44,29
28,2016-09-29,良,75,322,49,83,30,45,0.78,42
29,2016-09-30,轻度污染,103,334,76,127,40,61,1.63,57
0,2016-08-01,良,53,211,29,42,13,31,1.04,69
1,2016-08-02,良,73,328,35,53,12,31,1.06,80
2,2016-08-03,良,86,340,45,66,14,29,0.92,94
3,2016-08-04,轻度污染,109,355,68,99,9,28,1.11,103
4,2016-08-05,良,80,333,43,63,6,20,0.85,96
5,2016-08-06,良,65,283,32,57,17,19,0.88,83
6,2016-08-07,优,37,88,15,27,6,13,0.5,65
7,2016-08-08,优,46,188,14,31,13,23,0.58,73
8,2016-08-09,良,73,322,30,58,21,33,0.9,94
9,2016-08-10,良,70,319,43,72,19,21,1.03,79
10,2016-08-11,良,65,291,36,59,15,15,0.76,96
11,2016-08-12,良,64,277,45,65,15,18,0.84,80
12,2016-08-13,良,92,354,61,83,6,17,1.0,104
13,2016-08-14,良,67,304,38,52,7,17,0.88,69
14,2016-08-15,良,56,260,22,57,18,39,0.68,52
15,2016-08-16,良,74,318,30,65,21,32,0.76,87
16,2016-08-17,良,80,318,35,75,19,34,0.86,105
17,2016-08-18,良,63,239,43,76,23,42,1.27,41
18,2016-08-19,优,30,28,17,28,10,22,0.72,35
19,2016-08-20,优,39,77,16,33,8,21,0.6,53
20,2016-08-21,良,60,211,22,45,11,24,0.62,74
21,2016-08-22,良,51,117,15,34,12,26,0.48,77
22,2016-08-23,良,65,219,32,65,21,38,0.81,66
23,2016-08-24,良,63,175,35,75,46,41,1.32,55
24,2016-08-25,优,36,48,14,30,15,21,0.54,50
25,2016-08-26,良,56,286,25,53,18,40,0.7,53
26,2016-08-27,良,61,271,25,56,21,35,0.76,63
27,2016-08-28,良,60,207,22,51,19,32,0.58,69
28,2016-08-29,优,47,68,15,44,12,23,0.42,60
29,2016-08-30,优,33,43,8,32,10,15,0.31,45
30,2016-08-31,优,18,17,4,8,6,13,0.34,32
0,2016-07-01,良,53,250,22,41,5,25,0.59,74
1,2016-07-02,优,47,178,16,33,8,31,0.46,69
2,2016-07-03,良,83,308,37,67,21,35,1.02,106
3,2016-07-04,良,98,339,56,94,13,38,1.1,115
4,2016-07-05,轻度污染,104,344,60,107,14,44,1.0,103
5,2016-07-06,良,64,260,25,52,19,25,0.88,94
6,2016-07-07,良,82,313,38,71,11,21,0.85,114
7,2016-07-08,良,76,320,31,62,12,21,0.78,114
8,2016-07-09,良,70,298,43,71,6,21,0.9,77
9,2016-07-10,良,75,305,50,79,4,19,0.95,96
10,2016-07-11,良,80,319,37,64,10,18,0.84,109
11,2016-07-12,良,51,191,29,50,12,21,0.66,63
12,2016-07-13,优,41,123,11,21,6,18,0.37,81
13,2016-07-14,优,48,192,17,35,7,23,0.37,74
14,2016-07-15,良,52,238,22,52,15,39,0.54,77
15,2016-07-16,良,81,330,59,94,12,48,0.74,55
16,2016-07-17,良,78,284,50,78,16,37,0.79,69
17,2016-07-18,良,91,318,43,72,23,32,1.11,103
18,2016-07-19,良,78,324,41,66,17,26,0.77,110
19,2016-07-20,良,70,319,40,66,16,34,0.83,77
20,2016-07-21,优,40,119,26,38,6,23,0.79,49
21,2016-07-22,优,23,18,13,20,7,24,0.83,34
22,2016-07-23,优,50,142,32,45,15,15,0.83,78
23,2016-07-24,良,64,236,45,62,12,17,0.97,96
24,2016-07-25,优,48,122,31,44,7,21,0.86,56
25,2016-07-26,优,40,72,22,32,5,17,0.5,60
26,2016-07-27,良,76,292,38,60,14,22,1.02,90
27,2016-07-28,良,92,321,60,82,13,15,1.36,109
28,2016-07-29,良,83,282,56,73,11,19,1.02,112
29,2016-07-30,良,73,261,47,66,16,24,1.1,84
30,2016-07-31,良,54,179,30,41,11,22,0.87,88
0,2016-06-01,良,70,279,37,79,21,55,0.75,62
1,2016-06-02,良,82,310,37,88,31,54,0.95,89
2,2016-06-03,良,89,320,37,86,22,31,0.89,145
3,2016-06-04,良,82,302,41,81,27,35,0.78,119
4,2016-06-05,良,75,271,32,62,21,33,0.79,117
5,2016-06-06,良,67,194,27,58,18,32,0.71,98
6,2016-06-07,优,44,71,16,39,10,36,0.43,72
7,2016-06-08,良,73,236,40,79,22,48,0.76,79
8,2016-06-09,轻度污染,106,325,51,102,19,31,1.23,129
9,2016-06-10,良,61,194,31,66,18,26,0.65,93
10,2016-06-11,优,41,108,23,40,6,25,0.65,55
11,2016-06-12,良,53,193,29,50,15,37,0.79,61
12,2016-06-13,良,65,230,35,63,14,41,0.78,74
13,2016-06-14,良,60,197,35,68,19,52,0.85,61
14,2016-06-15,优,48,142,24,40,6,30,0.6,70
15,2016-06-16,良,73,248,42,70,11,42,0.74,74
16,2016-06-17,良,86,285,63,100,15,48,1.27,79
17,2016-06-18,良,78,257,47,73,10,26,0.95,118
18,2016-06-19,良,62,224,30,49,7,28,0.71,95
19,2016-06-20,良,71,271,46,76,17,44,1.05,84
20,2016-06-21,良,70,285,49,77,13,33,0.99,87
21,2016-06-22,良,54,201,32,51,8,32,0.83,75
22,2016-06-23,良,52,209,27,47,9,31,0.73,77
23,2016-06-24,优,34,84,12,26,6,22,0.42,54
24,2016-06-25,优,32,46,12,23,6,25,0.44,57
25,2016-06-26,良,65,241,30,60,16,35,0.75,69
26,2016-06-27,良,70,242,41,73,23,35,1.04,98
27,2016-06-28,良,99,344,63,101,14,33,1.03,92
28,2016-06-29,良,53,194,34,57,18,27,0.84,70
29,2016-06-30,优,48,173,25,40,8,21,0.74,88
0,2016-05-01,轻度污染,105,294,77,130,22,32,1.09,135
1,2016-05-02,良,77,254,46,92,19,25,0.79,113
2,2016-05-03,优,39,26,11,25,4,15,0.43,75
3,2016-05-04,良,67,166,18,66,6,27,0.47,80
4,2016-05-05,良,67,188,29,80,26,39,0.92,69
5,2016-05-06,轻度污染,120,291,40,168,8,23,0.45,66
6,2016-05-07,良,64,197,21,74,6,24,0.36,77
7,2016-05-08,良,74,292,33,91,27,42,0.85,84
8,2016-05-09,良,87,329,50,114,23,35,0.72,106
9,2016-05-10,轻度污染,113,347,69,133,15,44,0.96,79
10,2016-05-11,良,96,250,51,125,29,43,1.0,112
11,2016-05-12,良,72,143,44,84,10,21,0.68,98
12,2016-05-13,良,60,140,33,64,17,31,0.93,58
13,2016-05-14,良,60,177,30,67,26,36,0.76,63
14,2016-05-15,良,57,239,36,62,7,28,0.63,67
15,2016-05-16,良,80,323,54,103,21,47,0.92,60
16,2016-05-17,良,86,289,36,90,31,36,1.02,127
17,2016-05-18,轻度污染,102,317,47,97,26,29,0.83,162
18,2016-05-19,良,94,264,41,82,25,32,0.74,143
19,2016-05-20,良,75,234,32,65,26,37,0.71,121
20,2016-05-21,良,96,326,55,97,29,61,1.06,118
21,2016-05-22,良,57,213,23,61,11,47,0.47,64
22,2016-05-23,良,80,301,52,104,28,63,0.92,77
23,2016-05-24,良,81,287,42,66,11,26,0.95,126
24,2016-05-25,良,63,200,22,51,14,33,0.76,104
25,2016-05-26,良,67,234,33,73,15,33,0.72,79
26,2016-05-27,良,82,296,28,98,28,44,0.93,92
27,2016-05-28,良,92,328,35,94,29,34,0.86,135
28,2016-05-29,良,65,219,27,64,13,25,0.47,97
29,2016-05-30,良,86,262,39,102,29,41,0.88,96
30,2016-05-31,优,50,112,16,50,8,32,0.37,63
0,2016-04-01,轻度污染,107,272,62,157,17,29,0.78,100
1,2016-04-02,良,75,169,22,101,14,25,0.45,65
2,2016-04-03,良,70,272,24,87,17,28,0.5,63
3,2016-04-04,良,73,264,33,95,27,29,0.96,84
4,2016-04-05,良,70,229,33,82,14,28,0.61,85
5,2016-04-06,良,88,281,55,107,31,37,1.0,97
6,2016-04-07,良,78,255,31,97,13,24,0.53,89
7,2016-04-08,中度污染,174,349,48,272,24,37,0.78,58
8,2016-04-09,轻度污染,103,284,27,136,7,13,0.33,81
9,2016-04-10,良,62,168,30,74,19,26,0.51,65
10,2016-04-11,良,71,193,44,89,25,36,0.71,69
11,2016-04-12,良,81,252,52,102,13,35,0.73,64
12,2016-04-13,轻度污染,123,319,92,134,20,40,1.18,54
13,2016-04-14,轻度污染,107,283,79,121,14,39,0.93,78
14,2016-04-15,良,78,222,50,92,23,45,0.95,80
15,2016-04-16,良,75,289,49,94,19,34,0.89,90
16,2016-04-17,良,63,222,36,76,9,27,0.55,49
17,2016-04-18,良,72,311,46,93,24,42,1.11,46
18,2016-04-19,良,67,217,37,68,14,27,0.8,80
19,2016-04-20,良,61,220,30,63,19,28,0.73,96
20,2016-04-21,良,85,259,57,102,25,26,0.91,133
21,2016-04-22,良,95,262,32,129,10,28,0.39,68
22,2016-04-23,良,83,268,27,113,9,33,0.39,63
23,2016-04-24,良,90,286,39,128,32,40,0.83,75
24,2016-04-25,良,90,282,40,128,16,26,0.55,80
25,2016-04-26,良,65,208,37,77,14,32,0.53,65
26,2016-04-27,良,64,190,35,59,13,30,0.52,85
27,2016-04-28,良,59,122,21,57,8,27,0.43,88
28,2016-04-29,良,81,213,52,107,25,61,0.94,49
29,2016-04-30,良,93,266,67,110,19,48,0.98,87
0,2016-03-01,良,84,190,59,105,74,43,1.06,51
1,2016-03-02,轻度污染,122,274,77,155,77,47,1.17,50
2,2016-03-03,轻度污染,143,286,85,219,83,54,1.21,48
3,2016-03-04,轻度污染,131,232,98,145,78,57,1.4,60
4,2016-03-05,严重污染,257,347,92,341,38,43,0.88,36
5,2016-03-06,严重污染,305,358,98,427,60,42,1.1,39
6,2016-03-07,良,84,172,39,116,48,33,0.75,48
7,2016-03-08,良,59,187,14,67,22,14,0.39,62
8,2016-03-09,优,45,187,16,46,29,19,0.43,57
9,2016-03-10,优,40,109,17,37,33,24,0.46,55
10,2016-03-11,良,62,172,41,68,56,41,0.67,46
11,2016-03-12,良,78,176,51,96,66,40,1.02,59
12,2016-03-13,良,65,142,34,75,41,28,0.58,74
13,2016-03-14,轻度污染,101,259,74,116,75,51,1.1,57
14,2016-03-15,轻度污染,146,327,108,199,102,59,1.83,68
15,2016-03-16,中度污染,156,311,116,208,64,42,1.3,90
16,2016-03-17,良,68,115,41,82,35,25,0.83,101
17,2016-03-18,良,87,157,50,110,34,27,0.69,85
18,2016-03-19,良,74,123,44,90,32,27,0.56,81
19,2016-03-20,轻度污染,137,320,103,153,60,60,1.05,75
20,2016-03-21,中度污染,160,354,122,197,73,63,1.61,80
21,2016-03-22,良,70,183,36,87,25,23,0.53,70
22,2016-03-23,良,62,216,33,72,38,32,0.53,56
23,2016-03-24,良,67,261,39,81,44,38,0.61,58
24,2016-03-25,良,93,321,66,113,53,50,0.83,59
25,2016-03-26,轻度污染,135,358,101,157,71,66,1.26,54
26,2016-03-27,轻度污染,132,357,99,153,74,62,1.36,59
27,2016-03-28,轻度污染,130,350,72,202,51,36,1.03,88
28,2016-03-29,良,62,69,29,74,30,27,0.52,73
29,2016-03-30,良,73,150,44,95,34,43,0.69,57
30,2016-03-31,重度污染,249,364,100,355,43,31,0.98,129
0,2016-02-01,轻度污染,129,323,96,145,138,56,1.48,31
1,2016-02-02,轻度污染,145,325,109,159,139,68,1.65,25
2,2016-02-03,轻度污染,134,292,98,153,145,61,1.85,33
3,2016-02-04,良,68,141,38,77,75,38,0.59,54
4,2016-02-05,良,77,182,54,89,75,39,0.74,41
5,2016-02-06,轻度污染,108,325,79,117,100,48,1.15,34
6,2016-02-07,轻度污染,104,266,76,123,127,47,1.45,46
7,2016-02-08,轻度污染,129,140,97,148,124,39,0.81,49
8,2016-02-09,良,85,182,61,88,88,35,0.89,48
9,2016-02-10,良,70,160,43,79,95,39,1.14,55
10,2016-02-11,良,65,164,36,78,86,35,0.88,68
11,2016-02-12,良,98,240,72,100,73,40,1.05,31
12,2016-02-13,良,62,246,27,71,31,17,0.53,59
13,2016-02-14,良,62,331,19,73,40,17,0.49,62
14,2016-02-15,良,57,300,37,66,72,32,0.8,47
15,2016-02-16,良,51,197,29,53,73,34,0.74,44
16,2016-02-17,良,64,209,28,76,73,33,0.9,46
17,2016-02-18,良,59,85,33,66,67,34,0.8,50
18,2016-02-19,优,50,55,24,53,62,30,0.52,51
19,2016-02-20,优,49,70,22,53,46,22,0.45,58
20,2016-02-21,良,52,51,29,53,76,31,0.62,50
21,2016-02-22,良,72,164,47,86,53,30,0.78,49
22,2016-02-23,良,61,149,39,71,62,28,0.54,46
23,2016-02-24,良,85,247,61,103,100,48,1.16,34
24,2016-02-25,良,61,127,42,64,60,36,0.66,52
25,2016-02-26,轻度污染,101,276,74,107,78,46,0.98,45
26,2016-02-27,良,81,224,58,86,71,41,0.76,48
27,2016-02-28,良,97,256,67,106,75,39,0.91,45
28,2016-02-29,良,52,91,32,55,47,27,0.53,58
0,2016-01-01,轻度污染,142,240,108,158,108,59,1.7,32
1,2016-01-02,中度污染,169,254,127,177,122,60,1.61,19
2,2016-01-03,轻度污染,114,163,86,115,103,48,0.99,25
3,2016-01-04,良,80,138,55,85,83,42,0.89,26
4,2016-01-05,良,71,188,45,82,87,39,0.79,28
5,2016-01-06,良,77,206,54,84,90,45,0.99,27
6,2016-01-07,轻度污染,106,261,78,116,87,50,1.03,24
7,2016-01-08,良,88,207,62,95,75,46,0.81,27
8,2016-01-09,轻度污染,148,266,112,162,137,63,1.53,21
9,2016-01-10,良,78,170,55,79,84,42,0.8,31
10,2016-01-11,轻度污染,102,278,74,110,85,46,1.08,30
11,2016-01-12,轻度污染,118,318,87,132,102,55,1.2,26
12,2016-01-13,良,79,203,54,92,82,49,0.87,34
13,2016-01-14,轻度污染,137,283,104,152,131,63,1.55,24
14,2016-01-15,轻度污染,150,304,113,166,155,65,1.63,21
15,2016-01-16,中度污染,151,278,114,166,89,50,1.09,30
16,2016-01-17,良,85,191,61,99,58,32,0.78,43
17,2016-01-18,优,49,84,29,50,58,31,0.62,40
18,2016-01-19,良,61,101,41,67,74,35,0.7,32
19,2016-01-20,轻度污染,112,296,83,123,101,46,1.07,29
20,2016-01-21,轻度污染,138,323,104,149,123,48,1.19,33
21,2016-01-22,良,93,287,63,98,92,36,0.77,38
22,2016-01-23,良,52,141,25,55,58,24,0.51,45
23,2016-01-24,良,81,338,50,109,113,42,0.86,28
24,2016-01-25,轻度污染,125,355,89,181,173,59,1.81,24
25,2016-01-26,轻度污染,115,319,84,149,124,58,1.46,28
26,2016-01-27,轻度污染,107,261,78,126,134,61,1.35,28
27,2016-01-28,轻度污染,137,285,103,165,162,58,1.72,32
28,2016-01-29,良,66,172,46,73,77,32,0.67,42
29,2016-01-30,良,74,202,52,80,85,36,0.78,40
30,2016-01-31,轻度污染,103,301,76,113,97,46,1.25,33
0,2015-12-01,良,100,224,75,94,137,58,1.48,30
1,2015-12-02,优,39,33,27,36,47,34,0.78,39
2,2015-12-03,优,44,100,27,46,49,27,0.48,34
3,2015-12-04,良,69,244,33,84,87,39,0.66,26
4,2015-12-05,良,57,167,38,60,83,42,0.74,26
5,2015-12-06,轻度污染,135,309,101,148,173,68,1.47,15
6,2015-12-07,重度污染,213,333,165,225,219,81,1.84,13
7,2015-12-08,中度污染,176,304,133,179,169,63,1.96,30
8,2015-12-09,良,96,228,71,92,84,46,1.07,43
9,2015-12-10,良,81,178,59,74,47,33,0.84,44
10,2015-12-11,轻度污染,101,224,75,92,54,36,0.74,44
11,2015-12-12,重度污染,204,348,158,219,190,74,1.83,12
12,2015-12-13,重度污染,250,350,199,252,128,68,1.64,18
13,2015-12-14,严重污染,280,355,229,293,147,77,2.52,11
14,2015-12-15,良,73,210,52,74,74,39,1.04,31
15,2015-12-16,优,42,87,24,42,63,28,0.56,28
16,2015-12-17,良,65,225,43,77,99,38,0.91,16
17,2015-12-18,良,81,214,58,96,95,44,1.12,24
18,2015-12-19,轻度污染,145,299,110,162,149,58,1.74,15
19,2015-12-20,良,71,91,50,77,90,42,1.24,35
20,2015-12-21,中度污染,187,263,144,196,103,58,1.75,16
21,2015-12-22,严重污染,276,322,225,312,138,84,3.1,9
22,2015-12-23,中度污染,196,249,155,205,93,63,2.05,24
23,2015-12-24,良,63,116,43,66,72,41,0.7,31
24,2015-12-25,轻度污染,121,243,91,138,108,56,1.48,12
25,2015-12-26,良,65,122,45,70,55,30,0.64,31
26,2015-12-27,轻度污染,136,323,103,149,115,48,1.2,14
27,2015-12-28,中度污染,161,322,122,172,204,67,1.98,11
28,2015-12-29,轻度污染,148,265,112,158,196,67,2.23,10
29,2015-12-30,重度污染,211,314,165,221,135,66,2.06,19
30,2015-12-31,严重污染,289,360,239,329,182,93,3.12,16
0,2015-11-01,轻度污染,129,341,97,136,109,70,2.3,32
1,2015-11-02,重度污染,227,356,183,247,100,98,2.57,18
2,2015-11-03,中度污染,193,350,152,209,101,64,2.04,58
3,2015-11-04,轻度污染,114,266,85,119,49,40,0.96,89
4,2015-11-05,良,100,266,71,103,30,35,0.71,44
5,2015-11-06,重度污染,215,360,169,209,47,46,0.96,54
6,2015-11-07,严重污染,378,364,334,368,41,67,1.58,22
7,2015-11-08,严重污染,484,365,848,837,54,94,2.55,25
8,2015-11-09,严重污染,387,361,346,383,64,70,1.57,37
9,2015-11-10,重度污染,210,353,171,193,61,54,1.08,36
10,2015-11-11,轻度污染,142,313,107,132,87,55,1.06,32
11,2015-11-12,中度污染,185,335,140,196,144,79,2.51,12
12,2015-11-13,中度污染,167,336,127,169,138,83,2.3,24
13,2015-11-14,轻度污染,129,305,96,140,97,62,2.04,23
14,2015-11-15,轻度污染,119,287,89,127,47,37,1.49,29
15,2015-11-16,轻度污染,109,335,81,113,63,45,0.85,28
16,2015-11-17,中度污染,155,363,119,157,72,45,1.0,27
17,2015-11-18,轻度污染,143,360,108,141,52,44,0.86,38
18,2015-11-19,轻度污染,112,341,84,109,40,32,0.77,34
19,2015-11-20,良,89,282,65,79,54,41,0.74,39
20,2015-11-21,轻度污染,116,343,87,108,80,49,0.85,46
21,2015-11-22,轻度污染,125,355,94,119,81,48,0.98,43
22,2015-11-23,良,76,334,46,97,41,27,0.73,44
23,2015-11-24,良,59,288,38,62,59,31,0.61,40
24,2015-11-25,良,78,301,56,79,74,38,0.66,39
25,2015-11-26,良,54,173,37,55,75,33,0.56,40
26,2015-11-27,轻度污染,110,314,82,123,147,58,1.23,19
27,2015-11-28,中度污染,157,323,121,169,169,70,1.62,24
28,2015-11-29,中度污染,177,319,135,174,208,78,1.84,17
29,2015-11-30,轻度污染,142,272,109,127,148,66,1.24,29
0,2015-10-01,优,41,83,19,41,6,21,0.52,42
1,2015-10-02,良,54,120,15,61,10,22,0.56,46
2,2015-10-03,良,51,107,24,53,12,36,0.46,39
3,2015-10-04,良,92,272,67,106,38,57,1.27,45
4,2015-10-05,轻度污染,101,302,75,122,27,31,1.03,105
5,2015-10-06,轻度污染,130,329,97,149,35,35,1.23,125
6,2015-10-07,良,91,304,65,97,24,30,0.92,102
7,2015-10-08,优,38,83,12,37,6,21,0.43,44
8,2015-10-09,良,57,203,24,65,17,36,0.69,26
9,2015-10-10,优,45,140,22,46,11,32,0.48,31
10,2015-10-11,优,34,54,18,35,7,27,0.56,16
11,2015-10-12,良,60,161,40,69,21,40,0.87,20
12,2015-10-13,良,76,181,54,81,19,55,0.86,37
13,2015-10-14,轻度污染,147,324,112,153,39,72,1.46,49
14,2015-10-15,轻度污染,136,290,102,143,47,71,1.47,79
15,2015-10-16,中度污染,151,307,114,159,43,67,1.55,73
16,2015-10-17,轻度污染,112,253,83,123,29,42,1.11,91
17,2015-10-18,优,50,69,29,52,10,28,0.44,48
18,2015-10-19,轻度污染,126,323,94,140,42,60,1.17,34
19,2015-10-20,良,92,213,63,104,15,43,0.58,39
20,2015-10-21,轻度污染,135,326,101,125,13,50,0.82,32
21,2015-10-22,中度污染,164,348,124,164,30,79,1.52,28
22,2015-10-23,轻度污染,115,282,86,124,39,61,1.69,13
23,2015-10-24,良,86,221,57,94,15,37,0.74,42
24,2015-10-25,严重污染,307,364,256,290,28,81,1.39,43
25,2015-10-26,重度污染,207,357,172,217,47,73,1.88,19
26,2015-10-27,良,55,162,19,62,15,30,0.43,29
27,2015-10-28,优,45,87,25,47,25,33,0.48,25
28,2015-10-29,优,49,122,24,52,27,34,0.45,29
29,2015-10-30,良,54,161,30,58,34,36,0.55,27
30,2015-10-31,轻度污染,106,329,78,118,70,55,1.15,22
0,2015-09-01,良,53,174,26,54,12,40,0.66,49
1,2015-09-02,良,56,207,29,58,13,43,0.66,53
2,2015-09-03,良,56,200,29,57,13,37,0.64,46
3,2015-09-04,优,42,134,14,35,10,33,0.42,54
4,2015-09-05,优,38,85,11,32,9,26,0.37,70
5,2015-09-06,优,42,120,14,37,10,32,0.4,66
6,2015-09-07,良,70,301,37,79,24,63,0.95,66
7,2015-09-08,良,83,321,44,92,30,59,1.21,84
8,2015-09-09,良,60,227,34,72,20,40,0.83,47
9,2015-09-10,优,32,48,10,27,7,25,0.32,53
10,2015-09-11,优,48,176,16,49,13,44,0.41,37
11,2015-09-12,优,40,112,14,38,9,34,0.43,37
12,2015-09-13,良,53,157,23,54,22,39,0.78,58
13,2015-09-14,良,72,274,29,67,23,39,0.98,93
14,2015-09-15,良,82,298,46,91,27,47,1.05,94
15,2015-09-16,良,88,306,56,99,25,50,1.0,83
16,2015-09-17,良,84,283,58,99,25,54,1.16,78
17,2015-09-18,轻度污染,107,326,77,118,21,49,1.19,79
18,2015-09-19,良,55,158,37,58,7,35,0.71,28
19,2015-09-20,良,64,204,32,63,16,62,0.63,76
20,2015-09-21,良,66,195,35,73,33,47,1.03,82
21,2015-09-22,良,58,192,24,50,25,28,0.66,93
22,2015-09-23,良,52,179,32,58,14,37,0.74,27
23,2015-09-24,优,48,150,33,49,5,35,0.61,10
24,2015-09-25,良,76,301,54,90,12,55,1.08,19
25,2015-09-26,良,75,293,51,94,17,59,1.19,33
26,2015-09-27,良,59,182,33,62,21,38,0.91,61
27,2015-09-28,良,53,168,30,57,14,43,0.56,27
28,2015-09-29,良,84,331,58,99,24,53,0.95,23
29,2015-09-30,轻度污染,105,340,77,130,34,52,1.42,39
0,2015-08-01,良,54,186,33,54,9,30,1.04,75
1,2015-08-02,优,46,111,27,46,9,26,0.78,56
2,2015-08-03,良,64,282,39,66,4,22,0.94,83
3,2015-08-04,良,57,219,21,39,5,20,0.76,99
4,2015-08-05,良,79,299,24,52,18,35,1.16,109
5,2015-08-06,优,39,62,16,31,11,29,0.67,64
6,2015-08-07,优,32,33,17,30,7,25,0.71,43
7,2015-08-08,优,47,163,22,39,12,24,0.73,59
8,2015-08-09,良,56,243,34,58,7,26,0.8,66
9,2015-08-10,优,48,198,22,42,10,37,0.67,58
10,2015-08-11,良,58,240,26,54,15,43,0.64,62
11,2015-08-12,良,56,185,19,45,11,38,0.55,75
12,2015-08-13,良,90,286,29,65,14,49,0.8,106
13,2015-08-14,良,87,284,54,95,17,42,1.06,97
14,2015-08-15,良,89,325,59,92,10,24,0.99,119
15,2015-08-16,良,94,296,61,95,14,29,1.31,127
16,2015-08-17,良,91,262,61,96,19,30,1.14,114
17,2015-08-18,良,99,318,66,99,24,33,1.05,112
18,2015-08-19,良,83,335,53,82,19,34,1.0,94
19,2015-08-20,良,54,217,29,47,11,29,0.82,83
20,2015-08-21,良,58,189,25,41,7,30,0.66,88
21,2015-08-22,良,55,141,21,41,8,35,0.51,77
22,2015-08-23,良,56,152,28,50,9,36,0.6,72
23,2015-08-24,良,59,182,22,44,8,31,0.55,81
24,2015-08-25,优,45,97,18,43,8,31,0.52,49
25,2015-08-26,优,35,31,11,32,9,27,0.38,44
26,2015-08-27,优,45,81,16,42,13,37,0.42,41
27,2015-08-28,优,33,42,16,32,6,30,0.45,33
28,2015-08-29,优,33,55,14,30,7,29,0.44,35
29,2015-08-30,良,51,130,23,53,12,41,0.61,37
30,2015-08-31,良,61,215,35,69,16,48,0.8,51
0,2015-07-01,优,30,18,12,23,5,25,0.37,53
1,2015-07-02,优,32,30,15,27,7,31,0.41,42
2,2015-07-03,优,43,110,21,36,5,30,0.43,49
3,2015-07-04,良,67,237,40,72,14,43,0.77,69
4,2015-07-05,良,57,202,27,46,12,34,0.78,90
5,2015-07-06,良,72,282,37,68,23,45,1.16,79
6,2015-07-07,良,89,310,46,88,19,49,0.95,96
7,2015-07-08,良,86,292,46,92,17,53,0.83,94
8,2015-07-09,轻度污染,103,322,46,95,24,55,0.82,120
9,2015-07-10,良,57,173,23,53,14,32,0.63,76
10,2015-07-11,良,57,187,31,59,8,26,0.66,67
11,2015-07-12,良,92,296,67,102,10,37,1.06,73
12,2015-07-13,良,55,79,27,52,5,32,0.53,78
13,2015-07-14,良,85,236,44,89,16,51,0.71,84
14,2015-07-15,优,50,103,19,42,10,32,0.56,75
15,2015-07-16,良,51,117,15,40,7,27,0.44,86
16,2015-07-17,良,60,221,21,54,14,38,0.5,81
17,2015-07-18,良,97,338,44,96,13,43,0.73,116
18,2015-07-19,良,69,267,26,54,14,24,0.55,104
19,2015-07-20,良,67,206,31,62,16,26,0.69,96
20,2015-07-21,良,57,164,32,56,6,21,0.68,93
21,2015-07-22,良,70,257,48,76,8,29,0.9,84
22,2015-07-23,良,71,291,44,82,6,27,0.9,63
23,2015-07-24,良,63,240,42,67,3,26,0.84,56
24,2015-07-25,优,44,107,27,43,5,33,0.89,41
25,2015-07-26,良,85,287,62,86,3,25,0.84,89
26,2015-07-27,轻度污染,104,334,74,91,4,29,0.99,95
27,2015-07-28,良,64,238,42,66,8,33,1.09,68
28,2015-07-29,良,57,199,34,49,6,25,0.77,77
29,2015-07-30,优,43,110,27,39,5,31,0.79,47
30,2015-07-31,良,55,232,31,49,7,34,0.78,57
0,2015-06-01,良,88,235,44,92,14,34,0.71,123
1,2015-06-02,优,48,114,22,44,11,41,0.56,68
2,2015-06-03,良,55,194,25,56,13,49,0.49,51
3,2015-06-04,良,83,310,39,94,36,48,1.17,102
4,2015-06-05,良,54,134,31,48,14,33,0.57,96
5,2015-06-06,良,61,157,38,54,13,26,0.64,104
6,2015-06-07,良,71,256,38,56,8,25,0.62,109
7,2015-06-08,良,52,179,25,35,8,30,0.66,89
8,2015-06-09,良,64,196,34,47,16,31,0.81,100
9,2015-06-10,良,56,157,38,54,17,49,0.98,62
10,2015-06-11,优,48,123,18,27,12,29,0.67,90
11,2015-06-12,良,54,133,27,43,13,37,0.82,78
12,2015-06-13,良,73,265,40,59,14,44,0.8,77
13,2015-06-14,良,75,261,42,69,11,56,0.77,73
14,2015-06-15,良,92,289,48,88,17,51,1.09,97
15,2015-06-16,良,97,307,55,85,25,43,1.53,118
16,2015-06-17,良,91,294,46,72,16,46,1.22,94
17,2015-06-18,良,62,222,32,48,6,27,0.77,97
18,2015-06-19,良,51,139,25,36,7,28,0.69,102
19,2015-06-20,良,63,220,37,58,10,45,0.63,56
20,2015-06-21,良,92,310,51,87,20,42,1.05,111
21,2015-06-22,良,89,294,46,73,18,28,0.99,128
22,2015-06-23,良,65,225,31,56,17,30,0.67,102
23,2015-06-24,良,63,259,33,59,21,33,0.81,96
24,2015-06-25,良,62,269,38,71,19,38,0.85,71
25,2015-06-26,良,96,329,58,94,13,42,0.87,96
26,2015-06-27,良,94,325,63,99,13,30,1.21,98
27,2015-06-28,良,87,313,47,81,18,28,1.03,116
28,2015-06-29,优,49,173,23,38,9,26,0.6,71
29,2015-06-30,优,43,123,20,36,6,31,0.5,58
0,2015-05-01,良,82,233,45,97,27,35,0.91,107
1,2015-05-02,良,94,347,69,102,21,35,0.79,77
2,2015-05-03,良,70,204,40,70,7,27,0.55,68
3,2015-05-04,良,57,131,19,64,7,20,0.36,77
4,2015-05-05,重度污染,205,360,55,280,17,28,0.63,73
5,2015-05-06,轻度污染,146,347,49,187,9,34,0.36,57
6,2015-05-07,良,97,263,44,132,26,46,0.77,59
7,2015-05-08,良,57,127,29,64,9,30,0.45,55
8,2015-05-09,优,45,72,24,41,9,30,0.43,51
9,2015-05-10,良,66,197,41,67,20,41,0.65,64
10,2015-05-11,良,74,327,48,84,17,42,0.66,57
11,2015-05-12,优,37,21,15,19,4,23,0.55,74
12,2015-05-13,良,74,194,51,76,21,48,1.06,90
13,2015-05-14,良,71,173,32,76,14,27,0.56,112
14,2015-05-15,良,55,151,28,56,10,24,0.35,92
15,2015-05-16,良,76,225,46,85,17,33,0.75,99
16,2015-05-17,轻度污染,113,315,64,138,29,29,0.91,166
17,2015-05-18,良,69,165,37,64,19,28,0.68,99
18,2015-05-19,良,51,118,24,51,13,31,0.58,64
19,2015-05-20,优,49,110,22,43,11,35,0.42,70
20,2015-05-21,良,78,275,46,96,27,41,0.99,100
21,2015-05-22,轻度污染,102,328,51,116,29,37,1.14,129
22,2015-05-23,良,97,283,47,90,28,34,0.81,149
23,2015-05-24,轻度污染,104,278,48,91,32,39,0.98,145
24,2015-05-25,轻度污染,117,288,54,106,36,40,1.03,168
25,2015-05-26,轻度污染,118,288,62,112,27,35,0.95,178
26,2015-05-27,轻度污染,135,310,86,135,33,43,1.06,163
27,2015-05-28,良,72,205,22,59,21,36,0.56,120
28,2015-05-29,良,71,259,48,75,18,41,0.65,64
29,2015-05-30,良,56,162,28,40,7,34,0.4,57
30,2015-05-31,良,98,285,43,131,29,39,0.78,120
0,2015-04-01,良,75,242,53,84,22,43,0.6,59
1,2015-04-02,良,90,314,67,92,33,58,0.96,36
2,2015-04-03,良,85,281,62,74,10,24,0.58,67
3,2015-04-10,轻度污染,105,313,78,108,21,38,0.75,78
4,2015-04-11,轻度污染,123,335,92,122,20,41,1.04,66
5,2015-04-12,良,83,285,60,75,14,29,0.69,74
6,2015-04-13,轻度污染,104,345,77,100,16,54,0.76,57
7,2015-04-14,轻度污染,107,322,79,120,32,61,1.09,64
8,2015-04-15,轻度污染,133,313,98,166,42,56,1.52,85
9,2015-04-16,轻度污染,104,227,32,156,7,26,0.41,55
10,2015-04-17,轻度污染,108,236,61,165,32,48,1.09,49
11,2015-04-18,轻度污染,141,342,103,215,44,59,1.49,69
12,2015-04-19,良,89,302,47,126,9,29,0.47,69
13,2015-04-20,良,87,310,55,120,22,52,0.72,49
14,2015-04-21,轻度污染,114,351,82,150,27,51,1.24,54
15,2015-04-22,轻度污染,106,337,74,141,25,57,1.02,50
16,2015-04-23,良,97,276,37,143,16,30,0.56,67
17,2015-04-24,良,88,243,42,126,17,49,0.56,42
18,2015-04-25,轻度污染,121,305,69,191,44,53,1.28,86
19,2015-04-26,轻度污染,141,352,88,209,41,36,1.31,142
20,2015-04-27,轻度污染,111,316,67,130,32,32,0.84,156
21,2015-04-28,良,69,167,40,71,20,34,0.62,102
22,2015-04-29,良,92,269,62,107,32,48,0.82,85
23,2015-04-30,良,82,187,51,95,33,43,1.08,86
0,2015-03-01,良,76,246,53,87,75,38,0.86,36
1,2015-03-02,轻度污染,115,312,86,137,143,59,1.54,26
2,2015-03-03,优,44,48,23,45,62,25,0.42,40
3,2015-03-04,良,53,146,27,56,60,25,0.45,47
4,2015-03-05,良,92,301,67,105,100,48,1.31,33
5,2015-03-06,良,85,235,61,104,73,34,0.78,54
6,2015-03-07,中度污染,151,341,115,161,79,49,1.15,54
7,2015-03-08,良,100,275,73,101,87,50,1.06,31
8,2015-03-09,良,58,122,20,66,54,21,0.43,48
9,2015-03-10,良,54,122,29,58,71,33,0.49,40
10,2015-03-11,良,66,163,46,71,66,40,0.67,36
11,2015-03-12,优,49,76,29,54,54,32,0.47,54
12,2015-03-13,良,70,153,48,81,87,47,0.69,36
13,2015-03-14,轻度污染,109,230,82,127,107,61,1.3,33
14,2015-03-15,良,100,188,65,143,66,36,0.86,54
15,2015-03-16,轻度污染,126,276,94,160,63,48,1.12,43
16,2015-03-17,良,66,143,46,66,54,40,0.69,53
17,2015-03-18,轻度污染,114,332,85,117,109,66,1.15,43
18,2015-03-19,轻度污染,116,306,87,128,92,66,1.18,37
19,2015-03-20,中度污染,151,319,114,168,101,76,1.23,38
20,2015-03-21,轻度污染,117,293,82,150,79,60,1.07,39
21,2015-03-22,轻度污染,125,301,40,199,39,25,0.47,50
22,2015-03-23,良,70,187,44,83,50,36,0.58,49
23,2015-03-24,中度污染,153,358,116,166,93,76,1.24,41
24,2015-03-25,轻度污染,140,349,105,171,90,64,1.4,51
25,2015-03-26,轻度污染,133,340,91,191,56,40,1.01,79
26,2015-03-27,中度污染,197,357,105,270,55,40,1.04,86
27,2015-03-28,轻度污染,149,337,112,186,54,50,1.08,56
28,2015-03-29,中度污染,184,329,141,218,57,60,1.56,51
29,2015-03-30,轻度污染,135,310,86,200,46,43,1.1,77
30,2015-03-31,良,92,253,64,119,29,38,0.72,55
0,2015-02-01,重度污染,206,355,161,221,316,90,2.59,14
1,2015-02-02,中度污染,198,345,153,211,316,96,2.21,21
2,2015-02-03,中度污染,198,314,151,201,268,97,1.98,25
3,2015-02-04,轻度污染,111,206,83,112,120,48,0.88,32
4,2015-02-05,轻度污染,121,286,91,126,178,64,1.03,20
5,2015-02-06,轻度污染,132,308,99,145,156,78,2.14,19
6,2015-02-07,良,100,189,22,145,56,18,0.42,53
7,2015-02-08,良,63,116,26,74,77,25,0.53,39
8,2015-02-09,轻度污染,103,274,75,126,159,61,1.37,18
9,2015-02-10,轻度污染,134,280,101,155,241,73,1.74,15
10,2015-02-11,良,96,156,68,111,116,50,1.17,27
11,2015-02-12,良,55,53,34,59,101,39,0.64,32
12,2015-02-13,轻度污染,103,205,76,114,127,55,1.38,23
13,2015-02-14,中度污染,176,293,135,190,136,65,1.66,34
14,2015-02-15,严重污染,298,357,247,315,223,90,2.53,19
15,2015-02-16,重度污染,238,362,197,247,157,70,2.15,29
16,2015-02-17,良,71,117,51,62,87,37,0.66,38
17,2015-02-18,良,87,178,64,82,124,39,0.8,41
18,2015-02-19,严重污染,337,363,376,433,250,64,1.72,37
19,2015-02-20,良,93,287,70,92,110,40,1.28,44
20,2015-02-21,良,75,208,55,70,66,32,1.1,46
21,2015-02-22,严重污染,429,363,168,912,44,18,0.53,43
22,2015-02-23,良,74,178,34,95,68,21,0.56,48
23,2015-02-24,轻度污染,103,279,76,122,124,49,1.51,32
24,2015-02-25,轻度污染,102,283,74,113,107,42,1.22,33
25,2015-02-26,优,45,89,26,46,83,25,0.44,42
26,2015-02-27,良,65,255,45,67,111,43,0.63,37
27,2015-02-28,轻度污染,108,346,78,118,115,51,1.32,30
0,2015-01-01,良,62,89,35,70,111,31,0.63,24
1,2015-01-02,良,69,168,48,79,133,40,0.9,20
2,2015-01-03,良,76,81,51,97,124,48,1.23,25
3,2015-01-04,轻度污染,119,136,89,138,165,65,1.41,24
4,2015-01-05,轻度污染,122,163,76,153,155,55,1.57,24
5,2015-01-06,良,61,131,26,73,108,35,0.56,38
6,2015-01-07,良,60,91,34,66,117,40,0.6,31
7,2015-01-08,中度污染,186,335,144,208,277,74,2.01,18
8,2015-01-09,严重污染,254,345,204,281,313,89,3.11,11
9,2015-01-10,中度污染,162,264,124,182,231,73,2.48,14
10,2015-01-11,轻度污染,126,229,94,122,129,49,1.09,23
11,2015-01-12,重度污染,218,352,173,242,299,73,2.11,17
12,2015-01-13,中度污染,151,297,115,162,247,73,2.14,16
13,2015-01-14,重度污染,209,332,162,223,231,70,2.13,14
14,2015-01-15,重度污染,214,315,167,222,138,69,1.73,17
15,2015-01-16,轻度污染,107,186,79,107,114,54,0.99,26
16,2015-01-17,良,86,145,63,94,135,60,1.18,24
17,2015-01-18,轻度污染,105,183,78,116,145,61,1.5,20
18,2015-01-19,轻度污染,101,217,75,97,139,55,0.96,27
19,2015-01-20,重度污染,220,358,170,220,254,90,2.06,18
20,2015-01-21,中度污染,171,338,129,166,163,68,1.38,31
21,2015-01-22,严重污染,341,365,291,396,264,125,2.82,22
22,2015-01-23,重度污染,225,354,179,238,243,94,2.48,16
23,2015-01-24,轻度污染,141,211,104,136,150,62,1.25,34
24,2015-01-25,重度污染,234,326,186,244,241,103,2.61,14
25,2015-01-26,轻度污染,122,174,83,127,102,53,1.28,28
26,2015-01-27,良,53,85,29,52,125,40,0.65,33
27,2015-01-28,中度污染,174,362,135,177,247,71,1.6,17
28,2015-01-29,轻度污染,140,341,105,149,221,74,1.89,16
29,2015-01-30,良,51,95,30,50,103,39,0.65,34
30,2015-01-31,轻度污染,141,337,107,146,195,68,1.69,17
0,2014-12-01,轻度污染,140,190,27,201,43,21,0.42,41
1,2014-12-02,良,69,106,20,86,69,25,0.4,36
2,2014-12-03,轻度污染,138,180,27,224,52,28,0.37,42
3,2014-12-04,良,67,104,24,84,61,31,0.43,40
4,2014-12-05,良,65,80,36,73,86,40,0.62,29
5,2014-12-06,良,63,40,39,69,94,40,0.67,27
6,2014-12-07,中度污染,164,175,125,181,191,66,1.43,16
7,2014-12-08,轻度污染,119,127,90,129,127,61,1.33,18
8,2014-12-09,轻度污染,133,147,99,153,173,60,1.45,21
9,2014-12-10,良,100,115,72,107,88,45,0.97,30
10,2014-12-11,轻度污染,105,136,77,106,158,56,0.94,25
11,2014-12-12,轻度污染,119,173,89,125,166,59,1.34,18
12,2014-12-13,良,66,37,46,67,120,45,0.79,18
13,2014-12-14,重度污染,211,182,166,230,333,78,2.1,13
14,2014-12-15,中度污染,198,174,155,214,269,69,1.98,15
15,2014-12-16,良,63,66,43,59,108,41,0.7,24
16,2014-12-17,良,80,118,59,79,130,45,0.94,20
17,2014-12-18,轻度污染,136,158,101,144,216,69,1.44,24
18,2014-12-19,良,68,32,45,77,98,45,0.69,30
19,2014-12-20,良,88,122,62,88,114,48,0.83,26
20,2014-12-21,轻度污染,112,168,84,117,148,56,1.37,16
21,2014-12-22,中度污染,167,182,128,170,252,84,2.01,13
22,2014-12-23,轻度污染,126,118,94,128,198,74,1.82,16
23,2014-12-24,良,92,55,66,87,137,52,0.85,23
24,2014-12-25,轻度污染,138,152,104,144,189,71,1.52,15
25,2014-12-26,重度污染,216,178,171,235,290,83,2.44,13
26,2014-12-27,轻度污染,116,106,87,128,212,69,1.89,17
27,2014-12-28,中度污染,158,128,120,170,158,71,1.62,19
28,2014-12-29,重度污染,248,169,201,280,227,92,3.22,12
29,2014-12-30,良,81,48,58,87,127,52,0.84,24
30,2014-12-31,优,44,48,20,43,89,29,0.45,30
0,2014-11-01,严重污染,305,185,321,422,85,83,1.62,23
1,2014-11-02,良,58,85,28,70,60,40,0.54,34
2,2014-11-03,良,97,176,67,125,87,64,0.93,24
3,2014-11-04,轻度污染,112,162,77,164,112,65,1.56,39
4,2014-11-05,轻度污染,101,105,74,130,81,48,0.9,59
5,2014-11-06,良,64,46,36,71,54,29,0.46,40
6,2014-11-07,中度污染,167,189,128,182,99,68,1.07,31
7,2014-11-08,中度污染,180,187,136,202,155,80,1.58,15
8,2014-11-09,中度污染,156,159,117,194,199,81,2.04,20
9,2014-11-10,中度污染,189,162,145,230,163,87,2.37,27
10,2014-11-11,轻度污染,129,118,92,147,82,50,1.12,38
11,2014-11-12,中度污染,157,170,27,220,35,24,0.38,44
12,2014-11-13,轻度污染,101,169,60,129,86,52,0.8,31
13,2014-11-14,轻度污染,105,143,77,119,113,61,0.95,24
14,2014-11-15,中度污染,187,182,148,228,192,87,2.21,19
15,2014-11-16,重度污染,205,183,161,232,158,79,2.42,11
16,2014-11-17,中度污染,181,185,139,197,132,73,1.38,26
17,2014-11-18,中度污染,192,184,146,213,152,79,1.98,17
18,2014-11-19,轻度污染,143,143,108,162,146,64,1.65,30
19,2014-11-20,轻度污染,109,83,81,118,82,50,0.93,51
20,2014-11-21,中度污染,152,119,113,194,109,79,1.49,18
21,2014-11-22,轻度污染,118,83,88,142,118,64,1.02,27
22,2014-11-23,轻度污染,135,130,102,160,121,65,1.53,21
23,2014-11-24,良,81,111,57,88,78,46,0.75,29
24,2014-11-25,重度污染,210,183,164,239,166,84,1.86,16
25,2014-11-26,良,89,104,61,110,112,55,1.25,37
26,2014-11-27,良,70,90,41,84,67,38,0.59,35
27,2014-11-28,轻度污染,150,183,116,187,180,70,1.23,17
28,2014-11-29,严重污染,252,188,204,311,204,91,2.62,14
29,2014-11-30,轻度污染,116,153,87,141,103,55,1.39,19
0,2014-10-01,良,86,159,62,101,31,53,0.93,18
1,2014-10-02,良,62,68,44,55,11,34,0.74,19
2,2014-10-03,良,58,49,38,64,12,44,0.8,34
3,2014-10-04,良,85,148,61,102,25,60,1.27,25
4,2014-10-05,轻度污染,105,160,77,117,37,52,1.18,50
5,2014-10-06,良,64,55,39,71,22,49,0.7,50
6,2014-10-07,轻度污染,101,134,74,125,47,58,1.33,60
7,2014-10-08,轻度污染,131,151,98,153,49,57,1.41,84
8,2014-10-09,轻度污染,130,145,98,138,26,40,0.99,97
9,2014-10-10,重度污染,222,176,176,244,32,97,1.65,52
10,2014-10-11,轻度污染,140,156,110,166,44,62,1.37,57
11,2014-10-12,优,44,33,15,47,10,22,0.39,45
12,2014-10-13,良,88,158,51,117,15,37,0.58,53
13,2014-10-14,中度污染,197,187,151,212,59,85,1.5,47
14,2014-10-15,轻度污染,116,102,72,163,40,50,1.15,59
15,2014-10-16,良,62,35,33,73,27,47,0.67,36
16,2014-10-17,轻度污染,109,116,75,138,41,56,1.14,50
17,2014-10-18,轻度污染,148,148,111,187,42,53,1.35,81
18,2014-10-19,轻度污染,112,137,80,130,32,29,0.75,113
19,2014-10-20,轻度污染,111,126,78,129,25,39,0.63,69
20,2014-10-21,重度污染,204,188,161,211,25,50,0.88,66
21,2014-10-22,严重污染,252,187,206,258,47,105,1.41,51
22,2014-10-23,中度污染,152,159,117,178,60,60,1.37,61
23,2014-10-24,中度污染,155,167,117,158,35,32,1.06,97
24,2014-10-25,中度污染,160,170,122,169,40,48,1.23,75
25,2014-10-26,轻度污染,104,110,32,146,16,23,0.45,55
26,2014-10-27,良,92,114,51,112,34,43,0.59,39
27,2014-10-28,中度污染,193,184,150,223,81,105,1.61,33
28,2014-10-29,重度污染,211,184,165,247,118,94,1.99,29
29,2014-10-30,重度污染,215,177,182,268,79,75,1.67,28
30,2014-10-31,严重污染,500,190,631,824,72,91,2.32,22
0,2014-09-01,良,88,168,46,84,30,49,1.17,88
1,2014-09-02,良,56,121,31,61,28,38,0.93,47
2,2014-09-03,优,33,24,16,28,8,24,0.47,41
3,2014-09-04,良,69,111,36,84,33,39,1.37,44
4,2014-09-05,良,75,89,38,79,20,57,0.83,67
5,2014-09-06,良,95,143,58,110,28,63,1.26,80
6,2014-09-07,轻度污染,124,168,93,154,36,42,1.56,107
7,2014-09-08,优,45,34,19,34,8,23,0.58,63
8,2014-09-09,良,55,74,23,58,21,43,0.69,42
9,2014-09-10,良,73,116,35,83,28,57,0.84,58
10,2014-09-11,良,69,131,35,76,28,53,0.87,55
11,2014-09-12,良,60,131,28,69,29,52,0.76,52
12,2014-09-13,良,79,161,47,105,43,59,0.96,67
13,2014-09-14,良,56,121,28,67,31,40,0.66,45
14,2014-09-15,良,63,161,32,78,37,39,0.82,34
15,2014-09-16,良,79,179,42,107,40,61,0.84,31
16,2014-09-17,良,75,176,47,95,31,64,0.84,51
17,2014-09-18,良,94,180,64,132,43,70,1.24,67
18,2014-09-19,良,97,171,63,124,46,67,1.37,67
19,2014-09-20,良,76,135,54,92,33,52,1.08,59
20,2014-09-21,良,66,119,41,76,16,56,0.82,50
21,2014-09-22,轻度污染,112,171,82,145,38,70,1.32,68
22,2014-09-23,良,98,171,72,118,47,59,1.32,25
23,2014-09-24,优,34,12,17,32,10,30,0.42,49
24,2014-09-25,良,71,86,44,87,27,64,0.81,32
25,2014-09-26,良,71,67,49,87,31,54,0.84,39
26,2014-09-27,优,50,43,29,53,11,40,0.6,48
27,2014-09-28,良,83,137,58,108,46,66,1.16,42
28,2014-09-29,良,53,78,34,62,28,38,0.72,24
29,2014-09-30,优,48,79,24,49,14,38,0.54,26
0,2014-08-01,良,51,97,23,51,18,19,0.57,56
1,2014-08-02,良,61,107,30,66,21,28,0.9,62
2,2014-08-03,良,61,64,34,66,10,22,0.66,75
3,2014-08-04,优,50,33,22,50,12,22,0.5,64
4,2014-08-05,良,52,76,22,55,19,39,0.53,52
5,2014-08-06,良,66,115,31,77,14,36,0.62,60
6,2014-08-07,良,71,150,46,78,15,35,0.76,74
7,2014-08-09,良,77,149,34,84,32,39,0.89,88
8,2014-08-10,良,78,140,40,87,38,34,0.97,94
9,2014-08-11,良,75,108,42,91,13,41,0.84,64
10,2014-08-12,良,59,91,26,53,11,32,0.61,65
11,2014-08-13,良,64,115,28,68,27,43,0.73,69
12,2014-08-14,良,65,134,31,71,24,39,0.76,73
13,2014-08-15,良,77,123,51,84,33,32,1.1,94
14,2014-08-16,良,90,135,57,96,37,37,1.37,90
15,2014-08-17,良,98,179,68,107,29,40,1.24,90
16,2014-08-18,轻度污染,121,188,91,146,27,58,1.43,51
17,2014-08-19,良,88,158,59,103,27,52,1.02,75
18,2014-08-20,轻度污染,119,175,73,129,34,45,1.47,110
19,2014-08-21,轻度污染,131,169,99,153,33,34,1.66,117
20,2014-08-23,良,97,155,68,117,33,44,1.57,77
21,2014-08-24,良,73,154,49,76,19,29,1.06,101
22,2014-08-25,优,48,42,29,46,11,31,0.81,52
23,2014-08-26,良,66,88,36,67,21,41,0.77,44
24,2014-08-27,良,90,163,41,84,29,40,1.23,104
25,2014-08-28,良,83,149,51,97,39,46,1.39,84
26,2014-08-29,轻度污染,108,176,59,111,34,46,1.11,90
27,2014-08-30,良,86,156,32,69,26,51,0.76,105
28,2014-08-31,轻度污染,105,177,55,104,45,53,1.29,90
0,2014-07-01,轻度污染,105,143,66,113,20,39,1.09,98
1,2014-07-02,良,72,115,39,71,17,33,0.72,89
2,2014-07-03,轻度污染,106,164,77,119,19,31,0.98,100
3,2014-07-04,良,97,151,69,116,27,36,1.09,103
4,2014-07-05,轻度污染,104,166,53,105,23,33,0.93,108
5,2014-07-06,良,66,115,23,56,17,25,0.61,96
6,2014-07-07,良,85,132,43,82,32,34,1.07,107
7,2014-07-08,良,72,98,44,90,23,37,0.9,99
8,2014-07-09,良,65,97,32,69,18,31,0.57,76
9,2014-07-10,良,64,84,31,69,19,36,0.69,62
10,2014-07-11,优,40,31,11,32,11,24,0.39,64
11,2014-07-12,良,53,69,21,45,11,33,0.5,72
12,2014-07-13,良,65,112,30,65,18,36,0.57,66
13,2014-07-14,轻度污染,113,159,60,109,35,37,1.3,118
14,2014-07-15,良,100,169,56,92,17,21,0.84,141
15,2014-07-16,良,61,93,34,63,23,29,0.79,86
16,2014-07-17,良,62,85,40,61,13,25,0.82,92
17,2014-07-18,良,82,136,59,90,22,27,0.94,102
18,2014-07-19,轻度污染,115,177,85,147,19,32,1.22,92
19,2014-07-20,良,93,156,67,109,17,20,0.94,96
20,2014-07-21,良,55,77,35,59,8,24,0.58,71
21,2014-07-22,良,60,87,32,64,8,40,0.75,55
22,2014-07-23,良,79,159,47,91,31,39,1.72,84
23,2014-07-24,良,67,123,45,83,13,41,1.24,57
24,2014-07-25,良,85,155,61,107,31,51,1.07,37
25,2014-07-26,中度污染,165,183,124,155,13,35,1.1,90
26,2014-07-27,中度污染,181,189,135,198,30,50,1.41,121
27,2014-07-28,轻度污染,106,134,68,114,33,34,1.14,118
28,2014-07-29,良,81,88,49,81,35,31,0.88,112
29,2014-07-30,良,72,121,43,75,31,32,0.71,96
30,2014-07-31,良,80,140,54,94,29,37,0.96,85
0,2014-06-01,轻度污染,124,177,85,172,43,49,1.01,139
1,2014-06-02,良,95,161,62,104,21,34,0.87,97
2,2014-06-03,良,72,122,31,55,15,36,0.6,101
3,2014-06-04,轻度污染,110,181,58,104,35,50,0.94,111
4,2014-06-05,良,83,105,43,86,36,43,1.01,106
5,2014-06-06,良,66,77,40,73,26,48,0.71,52
6,2014-06-07,良,54,55,31,58,21,49,0.67,51
7,2014-06-08,优,47,29,28,42,9,26,0.65,69
8,2014-06-09,良,55,64,34,51,20,36,0.72,80
9,2014-06-10,良,65,97,33,51,17,39,0.71,91
10,2014-06-11,良,82,126,56,82,25,53,0.78,60
11,2014-06-12,良,62,39,37,60,13,45,0.58,57
12,2014-06-13,优,46,15,17,46,13,47,0.41,49
13,2014-06-14,良,86,82,41,96,31,56,0.67,74
14,2014-06-15,良,89,77,54,95,34,38,1.09,104
15,2014-06-16,中度污染,162,167,113,160,39,41,1.51,143
16,2014-06-17,轻度污染,124,163,91,115,18,40,1.23,100
17,2014-06-18,良,96,143,68,93,13,32,1.01,86
18,2014-06-19,良,57,72,35,51,9,30,0.55,77
19,2014-06-20,良,72,152,47,73,20,46,1.04,69
20,2014-06-21,良,81,156,49,74,21,43,1.14,78
21,2014-06-22,良,69,115,39,65,15,45,0.66,65
22,2014-06-23,良,74,112,44,82,30,51,0.95,57
23,2014-06-24,良,86,124,51,89,31,41,1.25,99
24,2014-06-25,轻度污染,101,163,51,87,31,29,1.03,131
25,2014-06-26,良,58,85,37,57,18,25,0.67,89
26,2014-06-27,优,46,47,26,45,5,25,0.5,63
27,2014-06-28,优,42,28,22,41,5,27,0.48,53
28,2014-06-29,良,72,108,39,68,8,39,0.66,77
29,2014-06-30,轻度污染,105,147,66,112,17,52,0.86,93
0,2014-05-01,轻度污染,136,160,88,199,52,32,1.15,162
1,2014-05-02,良,77,77,48,102,24,25,0.7,90
2,2014-05-03,良,71,72,36,84,31,32,0.8,65
3,2014-05-04,优,44,19,17,43,9,20,0.43,65
4,2014-05-05,良,55,60,31,59,17,32,0.5,53
5,2014-05-06,良,77,94,46,98,34,36,0.99,76
6,2014-05-07,良,56,36,31,55,15,35,0.7,83
7,2014-05-08,良,74,62,42,75,13,48,0.7,47
8,2014-05-09,良,92,128,59,118,41,68,1.01,53
9,2014-05-10,良,87,169,55,115,43,60,0.93,67
10,2014-05-11,良,87,183,63,103,32,65,1.1,43
11,2014-05-12,优,44,23,20,32,12,31,0.71,83
12,2014-05-13,轻度污染,119,177,88,139,44,50,1.43,103
13,2014-05-14,良,61,55,25,65,12,34,0.51,70
14,2014-05-15,优,48,27,15,47,9,27,0.36,63
15,2014-05-16,良,62,33,31,70,19,49,0.64,49
16,2014-05-17,良,71,58,40,83,18,48,0.66,60
17,2014-05-18,良,84,110,41,105,35,49,0.78,81
18,2014-05-19,良,82,97,53,102,35,58,0.91,62
19,2014-05-20,良,91,87,67,82,18,39,1.06,60
20,2014-05-21,轻度污染,101,97,71,111,31,53,1.42,63
21,2014-05-22,轻度污染,124,137,81,127,28,56,1.26,76
22,2014-05-23,轻度污染,113,164,75,147,45,41,1.09,133
23,2014-05-24,良,90,155,61,114,39,43,1.06,87
24,2014-05-25,良,56,47,28,42,16,31,0.88,72
25,2014-05-26,良,75,62,24,91,11,35,0.73,66
26,2014-05-27,良,78,46,37,96,32,59,0.84,70
27,2014-05-28,良,68,57,22,74,20,41,0.52,78
28,2014-05-29,轻度污染,106,85,48,113,39,63,0.97,107
29,2014-05-30,良,81,63,41,93,29,63,0.66,90
30,2014-05-31,轻度污染,142,144,84,183,46,53,1.17,139
0,2014-04-01,轻度污染,149,184,113,154,64,49,1.52,88
1,2014-04-02,轻度污染,102,136,62,115,33,34,0.83,61
2,2014-04-03,良,61,46,23,71,18,35,0.52,54
3,2014-04-04,良,81,93,42,111,45,45,0.85,42
4,2014-04-05,良,54,15,28,57,17,30,0.54,47
5,2014-04-06,良,87,115,47,122,48,47,1.13,48
6,2014-04-07,轻度污染,108,152,73,155,38,58,1.1,59
7,2014-04-08,中度污染,152,155,115,199,74,74,1.66,68
8,2014-04-09,轻度污染,122,123,81,163,54,43,0.99,85
9,2014-04-10,良,69,45,42,87,22,45,0.58,64
10,2014-04-11,良,90,113,63,109,38,72,1.07,56
11,2014-04-12,中度污染,154,172,116,197,66,97,1.49,52
12,2014-04-13,轻度污染,127,153,96,164,72,77,1.2,67
13,2014-04-14,中度污染,169,173,121,240,38,33,1.2,131
14,2014-04-15,轻度污染,101,124,43,124,16,33,0.54,74
15,2014-04-16,良,78,107,47,103,34,59,0.88,59
16,2014-04-17,良,83,96,51,115,32,51,0.85,65
17,2014-04-18,良,63,56,29,75,16,31,0.47,64
18,2014-04-19,良,78,152,49,104,24,50,0.61,76
19,2014-04-20,良,77,111,43,98,22,38,0.8,70
20,2014-04-21,轻度污染,106,154,70,114,22,52,1.11,49
21,2014-04-22,良,82,117,52,100,35,42,0.96,75
22,2014-04-23,轻度污染,129,160,85,180,49,39,1.08,95
23,2014-04-24,轻度污染,130,171,75,163,41,32,0.88,120
24,2014-04-25,良,81,113,43,107,39,31,0.74,123
25,2014-04-26,良,76,132,48,96,32,31,0.76,88
26,2014-04-27,良,82,127,46,87,19,32,0.69,69
27,2014-04-28,良,88,149,44,125,23,48,0.75,58
28,2014-04-29,轻度污染,118,167,85,177,48,81,1.2,62
29,2014-04-30,轻度污染,126,165,84,167,57,52,1.2,119
0,2014-03-01,良,56,67,37,61,84,37,0.66,50
1,2014-03-02,良,79,74,57,89,110,46,0.77,44
2,2014-03-03,轻度污染,127,142,96,139,153,67,1.42,40
3,2014-03-04,良,76,99,50,65,71,34,0.65,53
4,2014-03-05,良,57,46,32,64,71,38,0.62,47
5,2014-03-06,优,47,39,25,49,62,29,0.57,48
6,2014-03-07,良,73,110,48,90,114,46,0.98,36
7,2014-03-08,良,76,100,52,93,99,44,0.95,48
8,2014-03-09,良,64,59,39,67,80,40,0.66,38
9,2014-03-10,轻度污染,108,110,78,141,140,64,1.52,26
10,2014-03-11,轻度污染,122,121,90,147,91,49,1.05,39
11,2014-03-12,良,61,43,27,71,77,31,0.53,50
12,2014-03-13,轻度污染,139,184,104,150,103,65,1.08,41
13,2014-03-14,中度污染,183,188,141,191,140,73,1.47,42
14,2014-03-15,良,88,51,52,119,77,43,1.0,50
15,2014-03-16,良,95,70,62,130,113,61,1.09,43
16,2014-03-17,中度污染,176,149,95,233,85,51,1.18,53
17,2014-03-18,良,72,32,47,87,62,37,0.71,58
18,2014-03-19,良,82,56,50,102,81,51,0.89,49
19,2014-03-20,良,64,55,28,75,58,34,0.53,45
20,2014-03-21,轻度污染,112,176,81,147,114,71,1.4,31
21,2014-03-22,良,98,131,73,119,100,63,1.09,50
22,2014-03-23,中度污染,161,175,123,173,129,82,1.32,46
23,2014-03-25,中度污染,195,164,152,192,90,58,1.5,85
24,2014-03-26,重度污染,227,173,177,239,103,72,1.86,63
25,2014-03-27,重度污染,226,177,179,252,80,68,1.59,52
26,2014-03-28,轻度污染,138,162,97,168,59,48,1.11,80
27,2014-03-29,轻度污染,121,132,88,100,47,49,1.06,36
28,2014-03-30,良,100,110,74,120,66,71,1.06,40
29,2014-03-31,良,82,86,41,108,61,60,0.77,40
0,2014-02-01,轻度污染,149,115,113,160,218,61,1.81,22
1,2014-02-02,轻度污染,131,89,48,187,88,26,1.09,44
2,2014-02-03,优,49,31,18,51,71,16,0.61,53
3,2014-02-04,良,64,118,40,75,110,31,0.98,35
4,2014-02-05,轻度污染,103,175,76,117,269,55,1.32,24
5,2014-02-06,良,88,144,65,97,206,44,1.23,31
6,2014-02-07,良,87,143,65,90,155,42,1.04,32
7,2014-02-08,良,87,131,61,93,124,38,1.04,36
8,2014-02-09,良,65,111,46,68,107,31,0.9,43
9,2014-02-10,良,83,149,60,96,165,52,1.17,32
10,2014-02-11,轻度污染,121,158,91,136,262,69,1.25,24
11,2014-02-12,轻度污染,128,131,96,134,185,54,1.15,35
12,2014-02-13,中度污染,153,153,115,158,232,70,1.37,28
13,2014-02-14,轻度污染,144,131,104,195,178,67,1.72,36
14,2014-02-15,重度污染,228,161,180,214,181,72,1.8,30
15,2014-02-16,轻度污染,115,125,87,112,132,49,0.98,49
16,2014-02-17,轻度污染,104,130,78,103,138,53,0.96,43
17,2014-02-18,良,80,118,58,83,120,49,0.89,47
18,2014-02-19,良,66,58,46,70,143,48,0.8,41
19,2014-02-20,良,100,100,74,111,181,63,1.24,37
20,2014-02-21,重度污染,229,174,178,229,198,101,2.57,40
21,2014-02-22,轻度污染,149,110,113,161,202,76,1.57,33
22,2014-02-23,中度污染,197,142,151,203,230,94,1.85,26
23,2014-02-24,严重污染,301,176,251,317,178,90,2.57,21
24,2014-02-25,严重污染,286,171,236,298,141,78,2.29,32
25,2014-02-26,中度污染,178,150,133,207,103,49,1.41,69
26,2014-02-27,良,81,79,41,91,64,31,0.56,48
27,2014-02-28,良,95,154,56,128,138,55,0.85,25
0,2014-01-01,良,85,29,32,79,97,38,0.83,28
1,2014-01-02,良,72,16,45,107,104,51,1.12,22
2,2014-01-03,良,62,13,40,70,96,42,0.59,27
3,2014-01-04,轻度污染,138,110,104,151,203,71,1.32,14
4,2014-01-05,轻度污染,123,54,92,134,199,62,1.18,18
5,2014-01-06,中度污染,155,86,117,157,199,61,1.55,18
6,2014-01-07,良,92,64,63,97,104,42,0.9,25
7,2014-01-08,优,50,31,23,54,77,32,0.43,40
8,2014-01-09,轻度污染,106,141,77,125,127,60,1.33,16
9,2014-01-10,轻度污染,112,106,83,137,169,73,1.63,12
10,2014-01-11,轻度污染,142,123,104,163,186,73,1.87,14
11,2014-01-12,良,63,37,36,70,87,32,0.46,37
12,2014-01-13,轻度污染,134,146,101,155,202,67,1.36,11
13,2014-01-14,中度污染,174,137,132,199,261,81,1.99,10
14,2014-01-15,轻度污染,143,96,108,161,195,76,2.03,13
15,2014-01-16,重度污染,219,138,172,241,187,76,2.18,10
16,2014-01-17,中度污染,176,97,134,195,291,78,1.4,9
17,2014-01-18,轻度污染,115,58,85,117,132,53,0.99,20
18,2014-01-19,轻度污染,134,68,101,140,163,63,1.33,12
19,2014-01-20,轻度污染,125,85,94,116,112,52,1.06,21
20,2014-01-21,中度污染,156,180,120,166,198,74,1.43,13
21,2014-01-22,轻度污染,147,164,111,160,251,81,2.09,12
22,2014-01-24,中度污染,155,115,117,138,118,55,1.27,34
23,2014-01-25,轻度污染,126,93,79,133,118,42,0.96,36
24,2014-01-26,良,85,96,55,114,127,53,1.34,20
25,2014-01-27,良,79,75,40,106,86,34,0.82,37
26,2014-01-28,优,48,17,26,51,99,33,0.67,42
27,2014-01-29,良,75,54,43,97,99,35,0.94,44
28,2014-01-30,良,63,18,38,71,98,27,0.73,42
29,2014-01-31,中度污染,200,84,154,204,205,47,1.28,25
0,2013-12-01,轻度污染,124,77,105,167,180,69,2.47,11
1,2013-12-02,轻度污染,124,51,103,161,206,78,2.61,11
2,2013-12-03,中度污染,157,57,124,168,142,76,1.97,11
3,2013-12-04,轻度污染,137,47,88,134,139,68,1.84,16
4,2013-12-05,良,76,12,51,77,88,43,1.04,21
5,2013-12-06,轻度污染,107,44,82,136,149,62,1.53,14
6,2013-12-07,轻度污染,138,39,107,161,247,65,1.71,13
7,2013-12-08,轻度污染,129,26,115,149,173,53,1.74,8
8,2013-12-09,中度污染,151,43,80,98,95,39,1.1,17
9,2013-12-10,轻度污染,130,72,119,163,153,62,1.53,9
10,2013-12-11,轻度污染,105,53,42,63,96,36,1.02,19
11,2013-12-12,良,68,20,43,94,105,34,1.07,21
12,2013-12-13,良,59,13,35,63,88,38,0.94,21
13,2013-12-14,良,67,14,44,86,121,42,1.1,19
14,2013-12-15,良,68,22,60,98,163,55,1.27,13
15,2013-12-16,轻度污染,139,79,121,176,289,67,1.79,9
16,2013-12-17,重度污染,216,93,213,259,213,76,1.97,16
17,2013-12-18,重度污染,249,107,166,211,171,66,1.54,15
18,2013-12-19,轻度污染,149,85,79,124,130,45,1.07,24
19,2013-12-20,良,76,29,47,66,137,43,0.92,23
20,2013-12-21,轻度污染,112,47,107,143,213,66,1.54,13
21,2013-12-22,重度污染,215,89,235,333,313,101,2.74,9
22,2013-12-23,严重污染,339,102,285,365,357,91,2.7,14
23,2013-12-24,严重污染,293,86,240,300,299,97,2.4,12
24,2013-12-25,严重污染,289,84,226,296,276,93,2.95,6
25,2013-12-26,中度污染,166,49,47,72,100,35,0.82,26
26,2013-12-27,轻度污染,109,54,118,174,164,64,1.84,9
27,2013-12-28,重度污染,230,113,184,248,228,78,2.32,9
28,2013-12-29,中度污染,173,105,99,146,195,69,2.1,11
29,2013-12-30,轻度污染,129,73,119,176,193,82,2.68,9
30,2013-12-31,轻度污染,130,101,61,159,131,53,1.36,19
0,2013-11-01,中度污染,164,88,125,209,133,98,2.52,14
1,2013-11-02,重度污染,203,94,156,215,152,79,2.81,21
2,2013-11-03,中度污染,170,102,129,165,109,66,2.28,15
3,2013-11-04,良,90,58,62,115,135,62,1.55,10
4,2013-11-05,良,86,46,59,117,122,60,1.75,25
5,2013-11-06,轻度污染,127,60,105,139,93,55,1.54,45
6,2013-11-07,良,86,37,18,50,55,39,0.35,30
7,2013-11-08,良,63,16,35,77,96,48,1.19,26
8,2013-11-09,良,60,17,41,72,63,42,0.92,26
9,2013-11-10,良,59,31,27,69,63,38,0.91,31
10,2013-11-11,良,58,49,28,57,76,35,0.88,34
11,2013-11-12,良,67,54,58,101,125,53,1.4,20
12,2013-11-13,良,88,64,64,114,120,56,1.46,16
13,2013-11-14,良,72,42,54,88,100,54,1.29,26
14,2013-11-15,轻度污染,107,51,91,171,154,67,2.17,14
15,2013-11-16,轻度污染,116,46,86,151,102,55,1.66,15
16,2013-11-17,良,69,21,19,35,55,24,0.91,29
17,2013-11-18,优,39,11,16,50,48,25,0.92,29
18,2013-11-19,优,48,12,23,45,77,30,1.11,27
19,2013-11-20,良,70,22,68,105,171,54,1.49,11
20,2013-11-21,轻度污染,124,48,114,167,185,72,2.17,10
21,2013-11-22,轻度污染,150,69,108,182,202,77,2.77,13
22,2013-11-23,中度污染,182,70,218,271,196,94,3.04,7
23,2013-11-24,严重污染,315,105,225,287,194,78,3.09,6
24,2013-11-25,轻度污染,133,105,21,54,70,32,1.05,30
25,2013-11-26,良,66,29,40,82,88,40,1.5,20
26,2013-11-27,良,54,12,14,71,57,22,0.88,34
27,2013-11-28,良,69,62,34,95,86,38,1.04,21
28,2013-11-29,良,80,72,56,110,140,55,1.48,14
29,2013-11-30,良,72,38,59,88,107,55,1.18,20
0,2013-10-28,中度污染,161,69,124,166,84,57,1.97,59
1,2013-10-29,优,45,8,30,45,32,33,1.16,30
2,2013-10-30,良,99,60,70,124,77,57,1.75,16
3,2013-10-31,轻度污染,122,72,91,166,116,87,2.34,14
