0,2019-12-01,轻度污染,136,347,102,144,10,57,1.25,19
1,2019-12-02,优,47,160,23,54,10,39,0.55,35
2,2019-12-03,良,54,144,26,61,19,53,0.76,27
3,2019-12-04,良,63,194,32,77,20,66,0.86,18
4,2019-12-05,良,82,260,58,100,9,55,0.9,9
5,2019-12-06,轻度污染,104,316,78,114,13,56,1.06,12
6,2019-12-07,重度污染,204,355,159,238,13,74,2.16,6
7,2019-12-08,重度污染,219,350,169,241,7,70,2.75,3
8,2019-12-09,重度污染,219,339,169,268,10,77,3.48,5
9,2019-12-10,轻度污染,142,292,101,191,13,67,2.61,13
0,2019-11-01,良,95,272,55,136,20,85,0.99,10
1,2019-11-02,良,72,195,45,94,9,51,0.63,26
2,2019-11-03,良,71,252,49,82,7,46,0.76,17
3,2019-11-04,良,73,264,53,86,9,42,0.67,29
4,2019-11-05,轻度污染,101,324,75,125,10,65,1.3,26
5,2019-11-06,中度污染,165,361,126,180,9,67,1.28,19
6,2019-11-07,轻度污染,107,325,75,124,7,56,0.93,5
7,2019-11-08,轻度污染,120,335,86,144,14,68,1.6,8
8,2019-11-09,中度污染,195,359,152,220,12,81,2.11,15
9,2019-11-10,良,74,196,29,96,6,30,0.37,47
10,2019-11-11,良,80,252,35,109,15,61,0.75,21
11,2019-11-12,良,91,302,50,131,18,72,0.88,13
12,2019-11-13,良,77,298,21,103,5,22,0.17,56
13,2019-11-14,良,79,321,37,109,12,54,0.45,17
14,2019-11-15,良,96,332,63,142,17,71,0.93,12
15,2019-11-16,轻度污染,101,305,69,151,13,69,1.22,5
16,2019-11-17,轻度污染,111,274,59,160,8,39,0.8,29
17,2019-11-18,轻度污染,121,340,37,193,8,27,0.25,37
18,2019-11-19,轻度污染,114,331,54,178,19,56,0.8,13
19,2019-11-20,轻度污染,127,346,81,202,24,71,1.12,8
20,2019-11-21,中度污染,154,354,116,228,18,86,1.48,7
21,2019-11-22,中度污染,187,357,141,249,15,96,1.81,6
22,2019-11-23,重度污染,234,358,184,294,11,79,1.88,15
23,2019-11-24,轻度污染,103,306,64,118,7,39,0.9,35
24,2019-11-25,优,48,251,23,52,9,38,0.35,23
25,2019-11-26,良,86,343,54,120,22,67,1.23,5
26,2019-11-27,良,71,284,44,92,12,50,0.97,15
27,2019-11-28,良,77,312,50,102,15,56,0.93,10
28,2019-11-29,轻度污染,107,341,80,132,18,66,1.29,6
29,2019-11-30,轻度污染,145,356,110,150,7,60,1.29,7
0,2019-10-01,良,76,296,37,100,10,30,0.51,104
1,2019-10-02,良,77,322,39,88,9,28,0.62,118
2,2019-10-03,良,87,334,45,102,12,34,0.8,132
3,2019-10-04,良,51,212,33,63,6,18,0.48,55
4,2019-10-05,优,22,57,12,20,5,20,0.22,45
5,2019-10-06,良,51,309,31,50,9,39,0.43,26
6,2019-10-07,良,56,285,37,58,8,40,0.8,28
7,2019-10-08,优,46,213,20,48,9,40,0.42,40
8,2019-10-09,良,57,252,23,67,12,50,0.76,27
9,2019-10-10,良,77,341,56,80,8,41,0.69,34
10,2019-10-11,良,83,334,61,91,7,48,0.69,35
11,2019-10-12,良,80,347,55,99,8,55,0.64,12
12,2019-10-13,良,61,288,33,73,8,48,0.72,17
13,2019-10-14,优,39,159,22,38,5,35,0.46,25
14,2019-10-15,良,54,304,25,58,9,45,0.56,21
15,2019-10-16,良,55,259,35,55,6,48,0.9,7
16,2019-10-17,良,92,332,68,90,7,50,1.32,7
17,2019-10-18,轻度污染,133,359,100,142,11,50,1.49,26
18,2019-10-19,中度污染,197,366,150,194,11,58,1.61,44
19,2019-10-20,中度污染,172,358,129,204,9,50,1.35,56
20,2019-10-21,轻度污染,103,319,65,150,8,64,0.9,35
21,2019-10-22,轻度污染,109,328,74,166,11,70,0.97,38
22,2019-10-23,轻度污染,117,338,88,168,10,66,1.04,46
23,2019-10-24,轻度污染,111,332,77,133,7,55,0.84,26
24,2019-10-25,优,40,154,17,41,6,33,0.28,34
25,2019-10-26,良,70,334,37,91,18,55,0.61,18
26,2019-10-27,良,78,297,42,105,19,62,0.86,27
27,2019-10-28,轻度污染,146,315,45,216,8,33,0.26,56
28,2019-10-29,轻度污染,101,281,41,152,22,59,0.54,26
29,2019-10-30,轻度污染,101,254,47,153,22,74,0.89,20
30,2019-10-31,良,68,142,30,87,18,64,0.6,30
31,2019-10-31,良,68,142,30,87,18,64,0.6,30
0,2019-09-01,良,65,347,19,66,15,44,0.55,92
1,2019-09-02,良,82,361,28,83,13,51,0.68,116
2,2019-09-03,良,75,356,30,86,13,52,0.72,100
3,2019-09-04,良,76,349,27,80,13,49,0.6,101
4,2019-09-05,良,89,362,38,97,18,51,0.9,127
5,2019-09-06,良,92,352,50,112,13,49,0.98,119
6,2019-09-07,良,80,319,32,83,13,46,0.77,124
7,2019-09-08,良,87,314,33,96,19,58,0.9,126
8,2019-09-09,良,95,356,52,119,14,47,0.88,119
9,2019-09-10,优,46,215,31,51,6,25,0.75,68
10,2019-09-11,优,31,136,18,29,5,33,0.61,27
11,2019-09-12,优,41,204,24,42,7,26,0.6,39
12,2019-09-13,优,46,240,27,44,7,37,1.0,22
13,2019-09-14,良,54,310,24,60,12,43,0.76,35
14,2019-09-15,良,61,341,28,73,14,38,0.73,55
15,2019-09-16,良,71,361,43,86,9,35,0.79,80
16,2019-09-17,轻度污染,105,365,79,130,9,44,0.95,68
17,2019-09-18,良,58,291,24,66,8,34,0.52,63
18,2019-09-19,良,70,350,26,90,21,58,0.61,29
19,2019-09-20,良,59,275,28,71,14,58,0.82,24
20,2019-09-21,良,76,338,36,83,14,50,0.88,90
21,2019-09-22,良,96,359,63,123,12,65,1.16,104
22,2019-09-23,良,84,348,54,102,12,60,0.94,72
23,2019-09-24,优,45,96,15,44,11,40,0.51,78
24,2019-09-25,良,71,256,24,71,11,51,0.76,94
25,2019-09-26,良,65,233,29,68,10,55,0.73,90
26,2019-09-27,良,69,253,28,72,10,55,0.69,91
27,2019-09-28,良,65,186,30,70,10,45,0.63,94
28,2019-09-29,良,75,238,38,90,12,45,0.68,102
29,2019-09-30,良,82,295,41,105,11,39,0.61,111
0,2019-08-06,良,69,351,45,75,7,19,0.65,91
1,2019-08-07,良,67,330,38,63,7,16,0.59,91
2,2019-08-08,良,71,344,39,66,7,23,0.6,94
3,2019-08-09,良,66,330,35,60,11,19,0.63,100
4,2019-08-10,良,60,318,31,47,6,16,0.73,93
5,2019-08-11,优,46,226,22,42,6,18,0.5,63
6,2019-08-21,良,67,332,37,72,8,25,0.62,92
7,2019-08-22,良,55,230,22,63,9,48,0.74,58
8,2019-08-23,良,56,228,17,57,12,44,0.71,76
9,2019-08-24,优,44,157,19,47,8,40,0.55,54
10,2019-08-25,良,54,241,28,59,9,38,0.51,62
11,2019-08-26,良,83,355,59,107,9,47,1.07,63
12,2019-08-27,良,71,343,42,85,9,37,0.83,72
13,2019-08-28,优,45,254,12,44,10,33,0.28,67
0,2019-07-01,良,88,343,18,55,15,33,0.47,124
1,2019-07-02,轻度污染,118,357,25,70,12,24,0.64,175
2,2019-07-03,轻度污染,109,343,29,63,8,23,0.64,165
3,2019-07-04,轻度污染,130,358,35,91,17,40,1.04,183
4,2019-07-05,轻度污染,113,348,38,79,12,28,0.99,158
5,2019-07-06,优,41,139,16,32,7,15,0.47,76
6,2019-07-07,良,52,202,19,37,6,14,0.4,93
7,2019-07-12,良,80,355,35,76,12,37,0.9,122
8,2019-07-13,良,93,359,39,86,16,34,0.91,158
9,2019-07-14,良,81,350,36,77,10,23,0.69,143
10,2019-07-15,良,86,354,45,85,9,25,0.84,152
11,2019-07-16,良,64,310,42,74,10,22,0.78,121
12,2019-07-17,良,70,342,43,69,7,16,0.73,134
13,2019-07-18,良,91,360,66,104,8,23,0.87,132
14,2019-07-19,轻度污染,106,364,72,116,9,37,0.83,118
15,2019-07-20,良,77,353,52,85,10,30,0.98,86
16,2019-07-21,良,88,356,55,86,11,28,1.08,105
17,2019-07-22,良,85,355,62,104,10,34,0.88,61
18,2019-07-23,良,66,351,28,48,10,16,0.73,115
19,2019-07-24,良,80,360,30,84,14,37,0.83,117
20,2019-07-25,良,67,342,26,58,12,25,0.7,124
21,2019-07-26,良,94,360,46,95,14,22,0.91,156
0,2019-06-01,良,97,340,33,91,21,37,0.8,127
1,2019-06-02,轻度污染,120,357,47,123,24,42,1.07,160
2,2019-06-03,轻度污染,107,346,36,97,14,22,0.73,165
3,2019-06-04,良,86,288,45,106,15,23,0.89,140
4,2019-06-05,良,82,305,56,107,9,24,1.02,108
5,2019-06-06,良,53,226,30,49,4,18,0.8,92
6,2019-06-07,良,94,346,52,89,11,24,0.99,115
7,2019-06-08,良,81,315,21,54,12,28,0.64,129
8,2019-06-09,良,66,266,15,50,9,20,0.41,104
9,2019-06-10,良,90,339,15,62,14,32,0.56,127
10,2019-06-11,良,86,345,26,103,24,54,0.56,77
11,2019-06-14,良,85,336,25,60,10,28,0.62,178
12,2019-06-15,轻度污染,109,365,58,121,13,27,1.1,184
13,2019-06-17,良,70,319,30,65,8,21,0.68,126
14,2019-06-18,良,100,356,40,99,13,31,0.91,175
15,2019-06-19,良,97,362,56,113,9,19,0.97,185
16,2019-06-20,良,86,358,55,114,11,30,1.15,133
17,2019-06-25,轻度污染,114,357,37,91,18,29,0.82,162
18,2019-06-26,轻度污染,113,356,37,84,15,26,0.72,168
19,2019-06-27,轻度污染,116,359,36,87,17,34,0.73,160
20,2019-06-28,轻度污染,118,360,47,79,10,19,1.09,170
21,2019-06-29,良,97,352,47,88,12,22,0.91,105
22,2019-06-30,良,52,229,9,24,8,14,0.39,102
0,2019-05-01,良,51,117,13,42,10,33,0.56,71
1,2019-05-02,良,69,213,22,70,17,35,0.57,96
2,2019-05-03,良,88,318,39,109,23,47,0.83,94
3,2019-05-04,良,94,328,46,111,23,40,0.83,107
4,2019-05-05,良,95,309,43,136,12,28,0.5,77
5,2019-05-06,良,65,283,26,75,13,30,0.38,77
6,2019-05-07,良,72,317,28,88,16,43,0.62,80
7,2019-05-08,良,86,343,44,117,21,47,0.77,76
8,2019-05-09,良,62,196,20,55,14,26,0.6,105
9,2019-05-10,良,82,268,38,95,21,48,0.84,90
10,2019-05-11,良,72,189,27,68,16,42,0.63,88
11,2019-05-12,轻度污染,103,278,41,150,11,40,0.63,70
12,2019-05-13,良,63,157,20,74,11,25,0.39,79
13,2019-05-14,轻度污染,102,286,46,151,28,53,1.11,69
14,2019-05-15,轻度污染,120,327,57,164,23,47,1.31,100
15,2019-05-16,良,92,288,48,129,17,35,0.95,96
16,2019-05-17,轻度污染,110,353,58,138,21,31,0.93,120
17,2019-05-18,良,76,312,50,94,14,19,0.74,77
18,2019-05-19,良,75,281,29,99,7,13,0.41,90
19,2019-05-20,良,54,148,13,46,9,18,0.35,90
20,2019-05-21,良,67,204,20,63,19,40,0.53,93
21,2019-05-22,良,73,214,23,72,20,43,0.66,98
22,2019-05-23,良,98,293,25,82,21,40,0.71,136
23,2019-05-24,轻度污染,102,319,41,126,32,48,1.15,119
24,2019-05-25,轻度污染,124,347,39,114,21,27,0.88,161
25,2019-05-26,良,96,340,48,120,22,28,1.01,106
26,2019-05-27,良,55,252,13,44,7,10,0.36,95
27,2019-05-28,良,72,340,16,61,17,33,0.58,104
28,2019-05-29,良,93,349,26,87,22,40,0.72,118
29,2019-05-30,良,86,351,24,82,21,36,0.76,117
30,2019-05-31,良,57,211,16,51,11,25,0.41,92
0,2019-04-01,良,68,263,30,85,11,35,0.56,68
1,2019-04-02,良,91,328,58,127,17,48,0.77,81
2,2019-04-03,良,95,321,65,136,23,45,0.79,90
3,2019-04-04,轻度污染,124,328,86,192,30,66,1.18,88
4,2019-04-05,轻度污染,129,322,85,189,21,44,0.92,106
5,2019-04-06,轻度污染,143,346,35,227,10,27,0.61,80
6,2019-04-07,良,93,290,39,135,18,39,0.66,87
7,2019-04-08,良,80,258,36,107,11,29,0.7,70
8,2019-04-09,优,44,102,24,44,3,18,0.46,58
9,2019-04-10,良,59,264,39,60,8,30,0.75,67
10,2019-04-11,良,80,314,55,84,9,30,0.68,72
11,2019-04-12,良,96,307,68,122,14,51,0.97,55
12,2019-04-13,良,88,292,61,111,12,43,0.91,44
13,2019-04-14,良,52,141,15,53,10,28,0.44,75
14,2019-04-15,良,82,330,34,113,19,46,0.7,60
15,2019-04-16,良,79,288,39,101,19,42,0.74,85
16,2019-04-17,轻度污染,101,324,58,149,24,44,0.88,79
17,2019-04-18,中度污染,185,360,54,268,13,26,0.56,77
18,2019-04-19,良,63,184,19,73,10,23,0.45,68
19,2019-04-20,良,77,284,43,100,18,52,0.74,31
20,2019-04-21,轻度污染,101,329,75,126,12,36,0.88,81
21,2019-04-22,中度污染,160,360,120,187,22,41,1.23,92
22,2019-04-23,轻度污染,143,358,108,149,14,25,1.14,65
23,2019-04-24,良,82,270,57,92,12,19,0.54,66
24,2019-04-25,优,36,25,17,32,6,10,0.37,68
25,2019-04-26,良,53,191,34,57,6,20,0.5,76
26,2019-04-27,良,62,268,43,65,9,29,0.55,58
27,2019-04-28,良,58,224,40,61,8,20,0.59,81
28,2019-04-29,轻度污染,125,354,94,141,16,34,1.13,90
29,2019-04-30,轻度污染,120,344,58,159,7,31,0.66,71
0,2019-03-01,严重污染,275,364,228,329,29,78,2.25,49
1,2019-03-02,中度污染,182,336,141,217,23,59,1.43,66
2,2019-03-03,中度污染,180,330,136,205,32,52,1.45,55
3,2019-03-04,重度污染,218,352,170,252,33,72,2.01,43
4,2019-03-05,中度污染,192,345,150,236,19,54,1.56,65
5,2019-03-06,良,58,175,20,65,7,18,0.46,71
6,2019-03-07,良,68,223,31,84,12,33,0.61,55
7,2019-03-08,良,88,319,54,123,20,47,1.01,49
8,2019-03-09,良,97,320,68,139,17,46,0.87,49
9,2019-03-10,轻度污染,132,339,97,187,18,55,1.11,48
10,2019-03-11,良,64,175,21,77,10,24,0.43,62
11,2019-03-12,良,54,95,18,58,8,16,0.38,68
12,2019-03-13,良,59,143,26,69,14,35,0.58,50
13,2019-03-14,良,62,203,31,74,11,37,0.6,50
14,2019-03-15,良,64,251,21,76,10,29,0.47,60
15,2019-03-16,良,68,232,30,86,13,37,0.6,54
16,2019-03-17,轻度污染,101,323,70,146,19,44,0.85,71
17,2019-03-18,轻度污染,106,340,74,154,26,49,0.93,69
18,2019-03-19,良,98,323,56,144,20,46,0.85,76
19,2019-03-20,良,83,273,50,106,14,20,0.6,89
20,2019-03-21,良,69,226,18,87,5,9,0.3,75
21,2019-03-22,良,62,285,27,73,12,34,0.47,57
22,2019-03-23,良,59,269,22,68,7,20,0.38,68
23,2019-03-24,良,81,282,37,110,18,48,0.62,45
24,2019-03-25,良,71,218,28,91,15,39,0.57,62
25,2019-03-26,良,81,265,32,110,18,51,0.69,58
26,2019-03-27,轻度污染,131,346,90,205,16,55,1.16,67
27,2019-03-28,良,67,212,29,83,8,19,0.42,69
28,2019-03-29,良,77,263,31,102,10,35,0.47,53
29,2019-03-30,优,48,69,15,47,5,14,0.29,78
30,2019-03-31,良,63,252,22,75,10,37,0.47,57
0,2019-02-01,良,76,194,36,100,25,22,0.74,56
1,2019-02-02,中度污染,178,355,136,204,24,43,1.58,30
2,2019-02-03,中度污染,158,337,89,204,11,30,1.1,42
3,2019-02-04,轻度污染,140,305,87,206,30,31,1.34,52
4,2019-02-05,重度污染,215,326,167,276,28,32,1.67,55
5,2019-02-06,轻度污染,122,293,92,170,10,19,1.13,31
6,2019-02-07,良,72,234,40,90,11,14,0.73,49
7,2019-02-08,良,61,262,37,70,19,16,0.76,51
8,2019-02-09,良,83,292,58,95,18,25,0.96,42
9,2019-02-10,良,76,265,52,84,22,27,1.0,36
10,2019-02-11,中度污染,159,350,121,175,24,42,1.73,30
11,2019-02-12,中度污染,154,332,116,170,13,38,1.52,27
12,2019-02-13,良,90,282,66,98,8,26,1.07,27
13,2019-02-14,良,93,291,69,90,7,27,0.98,42
14,2019-02-15,轻度污染,106,312,75,106,12,36,0.98,42
15,2019-02-16,良,55,186,35,55,15,30,0.76,50
16,2019-02-17,良,76,297,53,77,25,48,1.02,37
17,2019-02-18,轻度污染,125,348,94,133,29,57,1.5,23
18,2019-02-19,重度污染,217,361,169,218,15,43,1.61,22
19,2019-02-20,严重污染,270,354,219,318,12,50,2.17,25
20,2019-02-21,严重污染,277,359,224,356,14,60,2.58,33
21,2019-02-22,严重污染,309,363,258,373,22,90,3.38,35
22,2019-02-23,重度污染,229,358,181,258,24,75,2.15,53
23,2019-02-24,重度污染,242,361,192,272,27,84,2.12,47
24,2019-02-25,重度污染,229,355,179,253,23,70,1.9,66
25,2019-02-26,轻度污染,145,308,109,176,22,64,1.48,29
26,2019-02-27,轻度污染,138,303,104,176,29,71,1.55,27
27,2019-02-28,严重污染,253,360,202,306,38,90,2.38,32
0,2019-01-01,中度污染,155,339,117,188,51,72,2.11,12
1,2019-01-02,重度污染,224,356,173,260,49,89,2.8,10
2,2019-01-03,严重污染,253,357,202,293,48,98,3.18,8
3,2019-01-04,重度污染,232,332,184,268,39,94,2.84,12
4,2019-01-05,重度污染,237,345,187,278,31,95,2.72,10
5,2019-01-06,重度污染,240,343,189,286,38,96,2.98,9
6,2019-01-07,严重污染,267,347,216,321,47,106,3.67,7
7,2019-01-08,重度污染,221,339,177,272,35,89,2.83,13
8,2019-01-09,轻度污染,115,322,84,155,45,68,1.5,11
9,2019-01-10,中度污染,191,351,145,243,55,89,2.58,12
10,2019-01-11,严重污染,304,364,252,366,61,113,3.72,11
11,2019-01-12,严重污染,372,365,322,443,45,112,4.57,15
12,2019-01-13,严重污染,335,360,284,388,21,93,4.05,17
13,2019-01-14,严重污染,364,363,305,440,22,105,4.02,15
14,2019-01-15,轻度污染,112,259,43,150,10,25,0.66,52
15,2019-01-16,轻度污染,101,331,61,149,48,63,1.52,14
16,2019-01-17,良,89,226,55,118,49,61,1.33,21
17,2019-01-18,中度污染,151,328,114,188,52,84,2.1,13
18,2019-01-19,轻度污染,129,273,92,156,29,69,1.61,20
19,2019-01-20,良,74,198,41,95,25,53,1.06,28
20,2019-01-21,良,75,202,31,99,30,50,0.84,32
21,2019-01-22,良,74,141,36,95,47,52,0.9,35
22,2019-01-23,轻度污染,127,317,94,166,40,78,1.68,25
23,2019-01-24,轻度污染,148,300,112,179,28,75,1.84,15
24,2019-01-25,轻度污染,109,246,81,134,20,56,1.44,29
25,2019-01-26,轻度污染,108,280,78,137,26,59,1.51,29
26,2019-01-27,中度污染,166,335,125,205,50,81,2.25,14
27,2019-01-28,中度污染,162,330,120,208,32,66,2.05,28
28,2019-01-29,中度污染,161,324,123,212,46,82,2.16,16
29,2019-01-30,中度污染,200,346,144,255,39,64,2.14,29
30,2019-01-31,良,60,223,34,70,15,25,0.77,39
0,2018-12-01,重度污染,220,318,169,342,17,78,2.41,9
1,2018-12-02,重度污染,220,311,170,332,11,54,1.78,23
2,2018-12-03,重度污染,222,334,130,325,10,48,1.31,21
3,2018-12-04,轻度污染,124,311,51,195,12,38,0.6,28
4,2018-12-05,轻度污染,115,336,80,165,16,52,1.19,5
5,2018-12-06,轻度污染,117,358,80,146,8,36,1.0,24
6,2018-12-07,良,63,320,34,75,13,34,0.57,26
7,2018-12-08,良,56,265,26,63,16,33,0.52,31
8,2018-12-09,良,95,339,69,123,33,53,1.27,15
9,2018-12-10,轻度污染,135,338,101,165,27,65,1.59,11
10,2018-12-11,轻度污染,121,321,84,145,23,55,1.23,17
11,2018-12-12,轻度污染,113,290,81,149,36,69,1.78,10
12,2018-12-13,轻度污染,109,255,80,143,36,64,1.57,19
13,2018-12-14,轻度污染,129,313,96,152,32,67,1.54,17
14,2018-12-15,中度污染,194,348,148,231,39,91,2.38,8
15,2018-12-16,中度污染,163,337,121,217,25,78,2.18,17
16,2018-12-17,良,82,202,44,109,24,55,1.01,26
17,2018-12-18,轻度污染,117,291,84,157,29,75,1.87,17
18,2018-12-19,中度污染,162,303,123,209,31,82,2.1,14
19,2018-12-20,中度污染,167,326,129,207,32,76,1.92,18
20,2018-12-21,轻度污染,106,275,71,138,27,66,1.43,17
21,2018-12-28,良,57,253,31,64,15,32,0.97,32
22,2018-12-29,良,62,258,35,73,22,44,1.04,24
23,2018-12-30,良,90,328,65,115,25,55,1.45,19
24,2018-12-31,中度污染,169,360,129,183,41,70,2.1,14
0,2018-11-01,轻度污染,141,361,107,182,22,85,1.45,35
1,2018-11-02,中度污染,186,364,140,224,21,79,1.52,59
2,2018-11-03,中度污染,194,363,150,233,18,75,1.58,54
3,2018-11-04,中度污染,198,367,155,221,13,55,1.42,42
4,2018-11-05,优,48,172,31,45,6,29,0.62,19
5,2018-11-06,良,65,333,41,77,10,44,0.93,12
6,2018-11-07,良,73,328,46,94,15,54,0.88,16
7,2018-11-08,良,84,334,59,110,22,53,1.15,24
8,2018-11-09,良,94,338,64,121,21,57,1.15,29
9,2018-11-10,良,89,309,58,114,15,53,0.92,24
10,2018-11-11,良,80,280,55,100,17,58,1.09,25
11,2018-11-12,中度污染,152,353,115,184,23,66,1.77,30
12,2018-11-13,重度污染,241,366,190,273,15,75,2.56,21
13,2018-11-14,严重污染,258,366,207,299,10,55,2.16,32
14,2018-11-15,重度污染,215,358,172,256,8,50,1.76,16
15,2018-11-16,优,47,249,27,50,8,30,0.4,35
16,2018-11-17,良,80,345,53,100,18,52,0.94,15
17,2018-11-18,良,66,264,38,77,14,44,0.66,31
18,2018-11-19,良,94,308,60,132,23,65,1.11,18
19,2018-11-20,轻度污染,133,351,100,186,22,77,1.46,16
20,2018-11-21,轻度污染,108,323,78,150,17,61,1.07,19
21,2018-11-22,良,94,314,64,123,18,56,0.99,21
22,2018-11-23,中度污染,152,358,115,182,20,65,1.3,19
23,2018-11-24,中度污染,158,322,120,192,21,71,1.57,23
24,2018-11-25,中度污染,198,332,151,241,28,95,2.24,15
25,2018-11-26,严重污染,287,337,229,360,27,110,2.9,12
26,2018-11-27,严重污染,303,340,131,426,16,48,1.04,29
27,2018-11-28,重度污染,203,309,102,331,20,58,1.21,19
28,2018-11-29,中度污染,157,281,92,261,23,67,1.5,14
29,2018-11-30,中度污染,172,287,117,289,21,76,2.02,10
0,2018-10-01,优,39,117,15,34,7,27,0.47,60
1,2018-10-02,良,51,138,20,51,11,45,0.64,49
2,2018-10-03,良,60,155,27,67,15,52,0.81,55
3,2018-10-04,良,81,296,45,107,22,60,1.06,76
4,2018-10-05,轻度污染,102,341,70,150,25,70,1.37,84
5,2018-10-06,良,95,314,63,131,15,52,1.03,66
6,2018-10-07,良,75,231,35,98,15,51,0.71,38
7,2018-10-08,良,72,227,35,92,18,58,0.83,44
8,2018-10-09,良,66,249,32,81,10,35,0.51,44
9,2018-10-10,良,61,274,29,70,13,43,0.6,32
10,2018-10-11,良,74,335,40,96,12,54,0.82,33
11,2018-10-12,良,94,353,63,134,15,71,1.17,23
12,2018-10-13,轻度污染,120,361,86,165,17,79,1.39,24
13,2018-10-14,中度污染,177,364,134,234,21,83,1.73,35
14,2018-10-15,严重污染,251,367,200,311,16,77,1.78,38
15,2018-10-16,中度污染,153,365,115,159,8,44,1.38,53
16,2018-10-17,轻度污染,112,346,83,124,8,59,1.23,36
17,2018-10-18,良,95,357,70,110,11,60,1.02,40
18,2018-10-19,良,90,349,66,120,13,66,1.05,40
19,2018-10-20,良,96,342,70,127,20,79,1.32,21
20,2018-10-21,轻度污染,116,343,87,152,20,76,1.63,25
21,2018-10-22,轻度污染,109,332,71,146,12,55,1.14,35
22,2018-10-23,良,57,195,20,63,13,42,0.58,39
23,2018-10-24,良,89,288,48,125,23,65,1.24,37
24,2018-10-25,轻度污染,118,338,79,181,21,82,1.35,17
25,2018-10-26,良,64,245,18,77,6,26,0.49,45
26,2018-10-27,良,59,203,24,70,11,47,0.66,23
27,2018-10-28,良,55,153,18,61,10,39,0.55,37
28,2018-10-29,良,66,260,32,80,11,41,0.62,31
29,2018-10-30,良,75,306,43,99,15,55,0.88,31
30,2018-10-31,轻度污染,103,349,73,139,21,76,1.11,25
0,2018-09-02,良,72,343,39,62,14,22,1.09,120
1,2018-09-03,良,51,225,18,45,10,20,0.49,83
2,2018-09-04,优,39,123,13,33,11,32,0.52,58
3,2018-09-05,良,52,193,19,54,16,41,0.67,57
4,2018-09-06,良,63,257,23,74,13,22,0.5,64
5,2018-09-07,优,36,99,14,31,9,22,0.35,56
6,2018-09-08,优,49,233,19,47,13,35,0.49,57
7,2018-09-09,良,64,300,28,69,17,44,0.63,74
8,2018-09-10,良,84,355,47,104,22,40,0.85,89
9,2018-09-11,良,88,359,56,101,20,34,0.9,90
10,2018-09-12,良,72,315,49,83,19,36,0.92,86
11,2018-09-13,良,64,295,37,74,14,45,0.92,58
12,2018-09-14,轻度污染,108,358,79,142,20,55,1.41,57
13,2018-09-15,良,91,362,62,111,13,43,1.08,30
14,2018-09-16,良,66,343,38,80,13,44,0.8,33
15,2018-09-17,良,67,324,41,82,14,50,0.96,28
16,2018-09-18,良,57,288,32,61,10,46,0.95,36
17,2018-09-19,良,57,281,37,57,10,42,1.09,31
18,2018-09-20,良,56,277,28,60,13,47,0.98,40
19,2018-09-21,良,66,305,28,80,12,37,0.77,43
20,2018-09-22,优,47,172,16,48,12,39,0.56,36
21,2018-09-23,良,51,195,19,55,13,43,0.69,37
22,2018-09-24,良,61,256,27,71,13,38,0.76,49
23,2018-09-25,良,77,361,52,96,10,49,0.81,34
24,2018-09-26,良,54,274,34,59,12,42,0.85,45
25,2018-09-27,轻度污染,116,362,87,138,18,51,1.62,63
26,2018-09-28,良,78,338,41,91,11,36,0.88,48
27,2018-09-29,良,63,262,30,75,12,38,0.59,52
28,2018-09-30,优,50,162,20,53,8,29,0.43,46
0,2018-08-01,良,83,342,44,78,9,26,0.7,107
1,2018-08-02,良,85,328,49,95,8,27,0.72,104
2,2018-08-03,良,96,337,52,96,10,28,0.87,122
3,2018-08-04,轻度污染,101,344,50,88,11,19,0.74,144
4,2018-08-05,良,63,267,39,74,9,24,0.62,67
5,2018-08-06,良,56,204,36,59,7,15,0.68,75
6,2018-08-07,良,79,320,51,82,7,17,1.0,103
7,2018-08-08,良,69,293,40,63,7,14,0.95,99
8,2018-08-09,优,40,59,18,35,6,23,0.81,68
9,2018-08-10,良,66,221,29,55,10,25,0.77,103
10,2018-08-11,良,87,300,44,80,9,15,0.89,142
11,2018-08-12,良,78,306,45,69,8,12,0.79,120
12,2018-08-13,良,66,304,42,67,6,16,0.77,99
13,2018-08-14,良,51,236,27,45,6,11,0.62,93
14,2018-08-15,优,49,237,18,37,7,13,0.57,89
15,2018-08-16,优,45,207,18,42,7,18,0.63,83
16,2018-08-17,良,80,345,25,56,11,26,0.64,131
17,2018-08-18,良,82,356,37,76,11,24,0.96,117
18,2018-08-19,优,41,145,24,38,7,16,0.63,63
19,2018-08-20,优,50,200,24,46,10,20,0.71,84
20,2018-08-21,良,60,239,23,57,10,29,0.55,89
21,2018-08-22,优,45,112,20,44,9,39,0.64,56
22,2018-08-23,良,57,175,20,39,9,28,0.68,97
23,2018-08-25,良,94,313,56,98,17,25,1.07,141
24,2018-08-27,轻度污染,114,353,67,114,18,26,0.98,132
25,2018-08-29,良,75,301,31,53,11,19,0.7,130
26,2018-08-31,优,45,199,27,46,8,34,1.02,44
0,2018-07-01,良,95,337,34,67,10,21,0.49,151
1,2018-07-02,良,92,342,46,83,10,21,0.51,143
2,2018-07-03,轻度污染,111,358,66,118,14,28,0.94,141
3,2018-07-04,轻度污染,124,363,68,124,17,31,1.0,150
4,2018-07-05,轻度污染,106,342,48,98,21,37,0.99,139
5,2018-07-06,轻度污染,119,352,53,105,8,16,0.84,180
6,2018-07-07,良,86,342,58,104,10,23,0.66,103
7,2018-07-08,良,74,341,52,77,6,19,0.72,105
8,2018-07-09,良,55,280,32,52,6,22,0.51,84
9,2018-07-10,优,46,209,27,42,5,18,0.52,79
10,2018-07-11,良,53,234,34,55,6,25,0.75,48
11,2018-07-12,良,58,279,31,54,5,19,0.99,96
12,2018-07-13,良,60,299,37,65,6,29,0.76,45
13,2018-07-14,良,51,227,27,44,6,19,0.54,75
14,2018-07-15,良,69,313,43,74,6,26,0.65,83
15,2018-07-16,良,78,339,53,88,6,25,0.84,64
16,2018-07-17,良,70,319,50,67,6,20,0.87,67
17,2018-07-18,良,85,354,61,93,6,14,0.78,101
18,2018-07-19,良,73,322,40,71,7,14,0.67,115
19,2018-07-20,良,96,352,49,87,15,20,0.78,125
20,2018-07-21,良,100,356,49,92,14,22,0.76,123
21,2018-07-22,良,82,331,52,89,12,20,0.73,116
22,2018-07-23,良,76,326,48,79,8,21,0.87,101
23,2018-07-24,良,85,344,41,74,12,18,0.86,118
24,2018-07-25,良,60,240,20,39,9,17,0.53,102
25,2018-07-26,良,74,310,28,58,11,24,0.56,107
26,2018-07-27,良,80,346,52,83,7,16,0.9,108
27,2018-07-28,良,82,328,54,82,7,17,0.75,107
28,2018-07-29,良,73,279,47,69,7,13,0.82,121
29,2018-07-30,良,78,321,51,78,8,17,0.72,105
30,2018-07-31,良,75,322,47,74,9,22,0.64,104
0,2018-06-01,轻度污染,104,292,32,94,21,47,0.64,135
1,2018-06-02,轻度污染,129,345,56,142,34,56,1.04,154
2,2018-06-03,轻度污染,113,309,62,153,30,38,1.04,147
3,2018-06-04,良,99,309,52,136,16,32,0.73,123
4,2018-06-05,良,87,279,31,98,22,32,0.67,136
5,2018-06-06,轻度污染,127,346,44,140,24,42,1.01,157
6,2018-06-07,轻度污染,109,312,42,116,14,25,0.8,168
7,2018-06-08,良,75,285,37,93,11,28,0.71,100
8,2018-06-09,优,48,119,18,30,4,14,0.51,94
9,2018-06-10,良,63,216,28,47,9,20,0.64,106
10,2018-06-11,良,99,333,57,108,15,29,1.0,137
11,2018-06-12,轻度污染,126,359,65,131,15,28,1.2,154
12,2018-06-13,良,92,318,39,92,9,27,0.86,133
13,2018-06-14,良,89,297,40,89,13,27,0.75,127
14,2018-06-15,轻度污染,105,318,45,91,14,29,0.8,153
15,2018-06-16,轻度污染,115,348,54,109,19,31,1.11,166
16,2018-06-17,良,64,200,30,61,17,32,0.7,104
17,2018-06-18,良,95,337,44,90,13,33,0.85,132
18,2018-06-19,良,90,340,37,79,10,29,0.64,134
19,2018-06-20,轻度污染,109,355,43,94,11,30,0.64,150
20,2018-06-21,良,95,315,44,90,12,35,0.82,133
21,2018-06-22,良,94,322,41,80,15,37,0.61,122
22,2018-06-23,轻度污染,123,356,42,93,21,36,0.77,172
23,2018-06-24,轻度污染,113,339,46,98,17,25,0.8,161
24,2018-06-25,良,87,340,47,98,19,35,0.79,122
25,2018-06-26,轻度污染,128,364,76,134,14,30,1.13,162
26,2018-06-27,轻度污染,105,353,58,106,15,37,1.02,115
27,2018-06-28,良,60,266,20,52,10,28,0.34,89
28,2018-06-29,良,87,313,24,68,17,41,0.55,121
29,2018-06-30,良,99,355,31,70,17,35,0.75,134
0,2018-05-01,轻度污染,102,317,55,150,15,31,0.79,79
1,2018-05-02,良,57,139,22,55,8,28,0.53,73
2,2018-05-03,良,69,224,23,82,19,39,0.6,78
3,2018-05-04,良,96,324,50,139,38,52,0.98,89
4,2018-05-05,轻度污染,109,338,54,165,19,41,0.86,80
5,2018-05-06,轻度污染,121,358,56,189,18,37,0.81,90
6,2018-05-07,轻度污染,108,351,57,147,32,33,0.88,128
7,2018-05-08,良,81,284,36,103,20,31,0.65,96
8,2018-05-09,轻度污染,103,315,45,124,29,40,0.77,123
9,2018-05-10,轻度污染,119,355,64,164,31,45,0.95,114
10,2018-05-11,良,98,349,64,129,24,33,0.78,109
11,2018-05-12,轻度污染,133,352,95,164,18,37,1.02,91
12,2018-05-13,轻度污染,101,304,70,136,22,39,1.04,99
13,2018-05-14,轻度污染,148,363,101,193,24,37,1.22,117
14,2018-05-15,轻度污染,108,341,76,153,21,36,1.03,73
15,2018-05-16,轻度污染,108,332,78,144,12,30,0.99,89
16,2018-05-17,良,81,314,52,103,10,25,0.86,88
17,2018-05-18,良,82,301,50,106,19,20,0.82,132
18,2018-05-19,良,77,321,48,99,24,29,0.68,99
19,2018-05-20,良,58,242,38,57,5,20,0.69,103
20,2018-05-21,良,67,306,48,69,5,22,0.75,69
21,2018-05-22,良,75,299,37,99,7,25,0.51,79
22,2018-05-23,良,91,275,35,128,20,41,0.55,87
23,2018-05-24,良,100,295,47,137,29,48,0.9,98
24,2018-05-25,轻度污染,128,341,86,186,28,39,1.2,114
25,2018-05-26,中度污染,200,345,100,286,27,51,0.97,68
26,2018-05-27,良,88,250,35,124,15,27,0.38,98
27,2018-05-28,良,96,253,38,141,27,29,0.51,109
28,2018-05-29,良,82,212,28,89,16,36,0.46,107
29,2018-05-30,良,78,230,28,79,17,39,0.55,104
30,2018-05-31,良,89,277,27,83,17,46,0.57,112
0,2018-04-01,中度污染,169,345,117,256,33,64,1.42,81
1,2018-04-02,中度污染,154,338,92,255,48,55,1.11,110
2,2018-04-03,中度污染,156,319,54,231,14,28,0.73,72
3,2018-04-04,良,61,147,36,68,7,23,0.59,52
4,2018-04-05,良,67,229,44,84,14,34,0.74,46
5,2018-04-05,良,67,229,44,84,14,34,0.74,46
6,2018-04-06,良,79,195,27,106,5,15,0.37,88
7,2018-04-07,良,72,191,27,91,19,41,0.63,63
8,2018-04-08,良,94,315,54,135,30,51,0.82,62
9,2018-04-09,轻度污染,148,341,102,217,44,67,1.33,76
10,2018-04-10,严重污染,266,344,149,425,22,56,0.96,60
11,2018-04-11,良,82,203,41,105,25,39,0.53,61
12,2018-04-12,轻度污染,121,346,72,188,37,49,0.88,69
13,2018-04-13,良,58,219,37,63,5,26,0.68,64
14,2018-04-14,良,73,250,33,89,7,23,0.51,77
15,2018-04-15,良,69,193,24,86,14,37,0.55,68
16,2018-04-16,轻度污染,132,310,69,213,35,52,1.07,71
17,2018-04-17,轻度污染,144,352,74,236,28,46,1.0,78
18,2018-04-18,轻度污染,141,353,82,230,27,43,1.07,84
19,2018-04-19,中度污染,184,362,138,271,20,50,1.36,72
20,2018-04-20,轻度污染,119,326,76,165,25,38,0.99,110
21,2018-04-21,良,97,343,68,118,13,37,1.18,70
22,2018-04-22,优,40,43,22,32,5,16,0.68,77
23,2018-04-23,良,53,181,33,56,6,26,0.59,82
24,2018-04-24,良,71,289,42,81,9,37,0.79,73
25,2018-04-25,良,92,315,60,128,26,64,1.07,71
26,2018-04-26,轻度污染,117,343,86,169,33,61,1.3,70
27,2018-04-27,轻度污染,136,357,94,198,23,49,1.16,89
28,2018-04-28,中度污染,153,356,106,215,25,61,1.32,100
29,2018-04-29,轻度污染,101,268,58,146,44,59,1.47,87
30,2018-04-30,轻度污染,109,307,63,161,18,31,0.97,99
0,2018-03-01,中度污染,152,362,112,180,18,42,1.52,60
1,2018-03-02,轻度污染,127,350,94,171,39,51,1.66,56
2,2018-03-03,重度污染,249,363,198,275,28,47,2.07,41
3,2018-03-04,中度污染,180,359,134,220,15,40,1.56,35
4,2018-03-05,良,68,297,41,83,18,25,0.98,62
5,2018-03-06,良,98,345,72,122,25,42,1.35,41
6,2018-03-07,轻度污染,106,340,77,130,22,39,1.39,50
7,2018-03-08,轻度污染,122,350,91,142,19,42,1.46,56
8,2018-03-09,中度污染,164,358,125,197,37,62,2.04,54
9,2018-03-10,重度污染,220,358,170,266,28,62,2.08,74
10,2018-03-11,轻度污染,130,306,97,154,18,37,1.39,66
11,2018-03-12,中度污染,197,347,154,234,26,61,2.03,75
12,2018-03-13,严重污染,317,360,266,373,34,80,2.81,113
13,2018-03-14,严重污染,394,364,343,470,31,68,3.05,156
14,2018-03-15,中度污染,162,335,107,208,9,27,1.42,67
15,2018-03-16,良,53,161,28,55,8,18,0.78,83
16,2018-03-17,良,87,308,63,89,7,34,1.11,52
17,2018-03-18,轻度污染,135,340,101,124,5,39,1.31,34
18,2018-03-19,中度污染,153,341,115,151,12,44,1.52,78
19,2018-03-20,良,60,206,38,66,14,30,0.9,78
20,2018-03-21,良,67,239,43,82,21,39,1.03,63
21,2018-03-22,轻度污染,104,298,76,147,30,61,1.41,50
22,2018-03-23,轻度污染,115,296,80,170,38,65,1.35,56
23,2018-03-24,良,87,212,57,109,16,41,1.04,83
24,2018-03-25,轻度污染,108,271,75,148,31,59,1.18,87
25,2018-03-26,轻度污染,118,293,86,165,40,58,1.33,84
26,2018-03-27,轻度污染,123,320,76,183,42,53,1.28,75
27,2018-03-28,严重污染,285,355,89,440,31,50,1.2,64
28,2018-03-29,轻度污染,101,274,35,149,13,29,0.76,75
29,2018-03-30,良,75,186,38,99,23,45,0.81,71
30,2018-03-31,中度污染,158,352,112,236,40,83,1.38,61
0,2018-02-01,良,93,227,56,133,60,59,1.34,27
1,2018-02-02,良,58,85,22,68,10,17,0.66,60
2,2018-02-03,良,54,87,27,59,28,41,0.91,36
3,2018-02-04,良,87,294,60,106,39,53,1.42,29
4,2018-02-05,良,64,140,42,75,25,37,1.12,42
5,2018-02-06,轻度污染,112,327,84,136,57,60,1.92,27
6,2018-02-07,良,100,256,61,126,28,46,1.37,46
7,2018-02-08,轻度污染,108,271,79,148,58,64,1.9,28
8,2018-02-09,中度污染,184,310,92,262,33,47,1.57,42
9,2018-02-10,良,73,131,28,93,15,19,0.77,60
10,2018-02-11,良,75,152,25,98,15,20,0.67,62
11,2018-02-12,良,55,84,20,58,16,16,0.63,71
12,2018-02-13,良,64,109,39,73,39,38,1.25,62
13,2018-02-14,轻度污染,103,282,74,119,31,39,1.47,51
14,2018-02-15,轻度污染,106,278,79,117,38,27,1.47,64
15,2018-02-16,中度污染,181,290,137,183,51,32,1.74,77
16,2018-02-17,重度污染,225,350,174,222,54,38,2.36,58
17,2018-02-18,严重污染,269,361,218,275,59,50,3.04,72
18,2018-02-19,严重污染,317,366,266,330,51,51,3.28,63
19,2018-02-20,重度污染,212,359,170,226,29,34,2.33,53
20,2018-02-21,轻度污染,127,322,94,131,32,31,1.7,73
21,2018-02-22,良,68,220,39,79,33,33,1.05,65
22,2018-02-23,良,95,321,69,129,38,39,1.44,66
23,2018-02-24,良,78,272,47,98,16,19,1.01,70
24,2018-02-25,轻度污染,102,315,76,130,55,49,1.67,47
25,2018-02-26,中度污染,187,356,143,229,53,73,2.4,58
26,2018-02-27,严重污染,251,361,200,289,28,68,2.46,25
27,2018-02-28,重度污染,246,361,195,284,21,54,2.24,44
0,2018-01-01,轻度污染,110,182,82,151,39,66,1.7,18
1,2018-01-02,轻度污染,112,241,84,141,26,57,1.76,10
2,2018-01-03,轻度污染,116,332,87,139,30,57,1.63,14
3,2018-01-04,轻度污染,108,342,80,125,45,56,1.41,15
4,2018-01-05,中度污染,177,357,133,194,56,71,2.26,13
5,2018-01-06,严重污染,252,366,201,273,50,83,2.99,18
6,2018-01-07,轻度污染,147,329,112,155,29,49,1.59,31
7,2018-01-08,良,79,238,32,96,15,18,0.62,55
8,2018-01-09,良,58,193,21,64,15,20,0.53,53
9,2018-01-10,良,60,200,30,69,19,39,0.83,38
10,2018-01-11,良,65,194,42,75,24,42,0.91,29
11,2018-01-12,轻度污染,104,305,77,132,52,64,1.85,17
12,2018-01-13,中度污染,196,349,150,221,67,80,2.83,15
13,2018-01-14,严重污染,262,359,211,293,89,105,3.52,11
14,2018-01-15,严重污染,265,352,216,296,49,95,3.17,12
15,2018-01-16,中度污染,182,306,135,223,52,80,2.4,18
16,2018-01-17,重度污染,210,324,161,275,48,86,2.75,11
17,2018-01-18,重度污染,234,333,183,291,63,90,3.07,15
18,2018-01-19,重度污染,206,287,161,250,77,87,3.02,18
19,2018-01-20,严重污染,275,346,225,318,65,103,3.28,17
20,2018-01-21,良,82,166,57,107,23,47,1.3,14
21,2018-01-22,轻度污染,104,253,77,116,17,44,1.39,15
22,2018-01-23,轻度污染,103,256,76,105,16,34,1.2,31
23,2018-01-24,轻度污染,111,333,83,120,18,45,1.38,29
24,2018-01-25,轻度污染,143,360,107,150,32,57,1.75,23
25,2018-01-26,良,73,269,52,81,22,37,1.1,36
26,2018-01-27,轻度污染,143,351,107,152,35,56,1.81,19
27,2018-01-28,中度污染,187,351,140,193,25,53,1.85,26
28,2018-01-29,良,81,214,49,92,21,41,1.03,35
29,2018-01-30,良,68,130,38,83,37,54,1.26,27
30,2018-01-31,良,66,112,33,80,33,43,0.98,40
0,2017-12-01,轻度污染,140,339,105,173,40,81,1.79,17
1,2017-12-02,重度污染,222,357,174,255,54,104,2.78,15
2,2017-12-03,重度污染,236,354,194,277,36,95,2.61,19
3,2017-12-04,良,89,246,63,111,20,55,1.16,25
4,2017-12-05,良,69,183,35,80,31,48,0.81,31
5,2017-12-06,良,74,111,45,96,51,62,1.14,24
6,2017-12-07,轻度污染,102,207,64,122,36,45,1.12,29
7,2017-12-08,良,66,154,31,80,28,49,0.82,24
8,2017-12-09,轻度污染,131,352,98,171,72,81,2.04,16
9,2017-12-10,良,62,79,24,73,17,37,0.56,45
10,2017-12-11,良,73,152,46,92,20,45,0.88,26
11,2017-12-12,良,54,95,33,57,17,38,0.67,31
12,2017-12-13,良,100,270,74,116,36,58,1.52,11
13,2017-12-14,轻度污染,146,333,110,150,25,63,1.68,8
14,2017-12-15,重度污染,215,359,165,212,28,68,2.11,9
15,2017-12-16,良,76,239,40,81,14,31,0.63,44
16,2017-12-17,良,61,137,30,71,39,45,0.76,33
17,2017-12-18,良,65,140,33,77,30,45,0.74,31
18,2017-12-19,良,75,221,46,96,36,52,1.15,20
19,2017-12-20,良,67,145,37,83,30,50,0.89,29
20,2017-12-21,轻度污染,131,338,98,163,64,83,2.24,15
21,2017-12-22,中度污染,197,351,151,240,73,110,3.19,13
22,2017-12-23,重度污染,243,358,192,284,64,104,3.17,10
23,2017-12-24,良,95,179,46,123,18,33,0.73,51
24,2017-12-25,良,85,185,58,110,42,60,1.34,27
25,2017-12-26,轻度污染,110,228,81,140,39,76,1.73,15
26,2017-12-27,中度污染,159,306,122,192,42,88,2.23,9
27,2017-12-28,重度污染,201,311,153,215,30,83,2.15,12
28,2017-12-29,严重污染,346,348,300,401,34,100,4.22,9
29,2017-12-30,中度污染,194,289,144,234,22,55,2.11,29
30,2017-12-31,良,70,87,37,89,39,56,1.2,24
0,2017-11-01,轻度污染,138,340,104,197,23,77,1.66,24
1,2017-11-02,轻度污染,113,263,81,163,27,71,1.4,29
2,2017-11-03,良,65,105,44,75,11,38,0.62,41
3,2017-11-04,良,83,251,58,111,19,59,1.03,27
4,2017-11-05,轻度污染,138,339,104,181,19,73,1.51,24
5,2017-11-06,重度污染,230,360,180,270,19,77,1.83,31
6,2017-11-07,轻度污染,146,297,98,179,13,57,1.02,36
7,2017-11-08,良,95,202,60,137,19,64,0.92,20
8,2017-11-09,良,90,240,58,127,18,68,1.16,14
9,2017-11-10,良,71,197,26,92,7,26,0.43,47
10,2017-11-11,良,62,192,37,72,13,45,0.59,26
11,2017-11-12,轻度污染,108,346,77,156,24,71,1.18,11
12,2017-11-13,良,90,285,53,123,31,54,0.98,31
13,2017-11-14,良,67,214,34,82,12,45,0.58,25
14,2017-11-15,良,84,258,54,116,20,57,1.13,23
15,2017-11-16,轻度污染,103,279,76,136,26,69,1.34,14
16,2017-11-17,轻度污染,111,301,78,147,21,58,1.41,25
17,2017-11-18,良,69,309,41,81,20,43,0.75,30
18,2017-11-19,中度污染,169,363,127,208,44,84,2.03,11
19,2017-11-20,中度污染,162,354,122,203,40,77,2.09,18
20,2017-11-21,中度污染,156,345,115,198,39,72,1.81,23
21,2017-11-22,良,65,187,24,77,13,33,0.52,43
22,2017-11-23,良,65,207,25,79,12,32,0.61,39
23,2017-11-24,良,77,252,34,101,19,40,0.75,29
24,2017-11-25,轻度污染,128,349,88,181,39,72,1.57,17
25,2017-11-26,轻度污染,124,337,86,151,25,59,1.3,24
26,2017-11-27,轻度污染,124,314,92,166,32,72,1.76,12
27,2017-11-28,轻度污染,150,324,110,197,27,69,1.82,21
28,2017-11-29,良,54,100,30,59,13,31,0.56,39
29,2017-11-30,良,93,330,69,116,31,60,1.14,22
0,2017-10-01,轻度污染,112,353,79,154,11,49,0.94,56
1,2017-10-02,良,74,318,43,97,7,48,0.62,25
2,2017-10-03,优,42,211,23,41,5,33,0.42,25
3,2017-10-05,良,66,330,40,80,19,43,0.96,36
4,2017-10-06,良,91,354,63,118,21,50,1.07,40
5,2017-10-07,良,95,331,70,112,12,57,0.91,8
6,2017-10-08,优,45,121,29,44,6,34,0.73,14
7,2017-10-09,优,35,104,23,31,6,28,0.69,25
8,2017-10-10,优,25,50,16,23,4,17,0.46,42
9,2017-10-11,良,60,319,42,65,8,35,0.56,22
10,2017-10-12,良,83,354,60,101,17,52,0.94,27
11,2017-10-13,轻度污染,132,359,99,161,21,49,1.16,39
12,2017-10-14,轻度污染,114,340,84,147,13,61,1.3,10
13,2017-10-15,轻度污染,132,351,98,162,15,61,1.62,14
14,2017-10-16,轻度污染,141,352,106,184,12,58,1.49,18
15,2017-10-17,中度污染,156,360,118,199,9,61,1.78,11
16,2017-10-18,轻度污染,120,349,90,132,8,42,1.4,32
17,2017-10-19,轻度污染,113,333,85,135,10,52,1.55,34
18,2017-10-20,轻度污染,147,348,110,186,13,60,1.82,42
19,2017-10-21,中度污染,162,356,123,199,12,50,1.73,32
20,2017-10-22,良,66,188,47,71,7,31,0.94,34
21,2017-10-23,良,65,186,39,77,11,42,0.71,33
22,2017-10-24,良,98,304,71,128,15,50,1.21,36
23,2017-10-25,中度污染,160,362,121,190,10,65,1.82,12
24,2017-10-26,重度污染,210,363,167,250,11,64,2.15,24
25,2017-10-27,重度污染,238,356,187,294,12,51,1.91,36
26,2017-10-28,中度污染,157,344,115,217,11,42,1.59,36
27,2017-10-29,优,42,50,19,41,7,31,0.35,41
28,2017-10-30,良,63,157,30,75,15,52,0.71,30
29,2017-10-31,轻度污染,114,330,78,165,28,74,1.38,19
0,2017-09-01,轻度污染,142,364,102,196,18,51,1.77,44
1,2017-09-02,良,91,347,61,123,16,47,0.98,29
2,2017-09-03,轻度污染,103,363,76,133,22,47,1.39,50
3,2017-09-04,轻度污染,112,364,82,154,26,48,1.23,59
4,2017-09-05,轻度污染,120,364,83,178,28,57,1.42,40
5,2017-09-06,轻度污染,112,362,80,158,27,46,1.36,77
6,2017-09-07,良,98,353,60,144,22,52,1.05,76
7,2017-09-08,轻度污染,108,356,55,163,19,77,1.1,20
8,2017-09-09,重度污染,210,366,160,289,17,60,1.77,138
9,2017-09-10,良,99,360,62,141,23,56,1.13,55
10,2017-09-11,良,86,349,48,114,16,47,0.95,78
11,2017-09-12,轻度污染,114,363,75,167,24,54,1.26,108
12,2017-09-13,轻度污染,148,365,100,196,16,50,1.34,116
13,2017-09-14,良,99,350,57,133,25,54,1.17,87
14,2017-09-15,良,97,344,54,142,24,58,0.86,62
15,2017-09-16,轻度污染,121,358,86,184,25,64,1.36,56
16,2017-09-17,良,98,314,63,133,15,51,0.94,60
17,2017-09-18,良,73,184,35,95,18,58,0.68,59
18,2017-09-19,良,63,171,25,76,19,49,0.57,63
19,2017-09-20,良,88,324,36,110,19,56,0.64,81
20,2017-09-21,轻度污染,112,352,58,168,29,74,1.13,89
21,2017-09-22,轻度污染,106,356,40,160,16,43,0.54,53
22,2017-09-23,轻度污染,137,363,64,222,27,62,0.98,75
23,2017-09-24,中度污染,158,366,105,263,24,72,1.45,112
24,2017-09-25,轻度污染,140,363,101,200,15,53,1.06,92
25,2017-09-26,轻度污染,112,356,80,152,12,51,0.97,54
26,2017-09-27,良,63,298,27,73,13,34,0.46,39
27,2017-09-28,良,72,315,34,92,14,46,0.53,41
28,2017-09-29,轻度污染,112,354,61,171,30,67,1.0,58
29,2017-09-30,轻度污染,134,359,94,202,23,66,1.32,51
0,2017-08-01,轻度污染,114,356,85,156,9,39,0.98,78
1,2017-08-02,良,77,346,51,98,8,27,0.68,75
2,2017-08-03,良,82,337,41,90,15,30,0.69,96
3,2017-08-04,轻度污染,110,352,50,127,19,44,1.0,113
4,2017-08-05,良,82,303,41,103,16,47,0.91,86
5,2017-08-06,良,92,316,49,101,19,37,0.88,107
6,2017-08-07,良,79,296,32,92,18,46,0.77,95
7,2017-08-08,良,76,327,31,83,31,39,0.69,93
8,2017-08-09,良,74,320,38,80,15,27,0.71,115
9,2017-08-10,良,97,345,52,119,25,43,1.11,102
10,2017-08-11,轻度污染,127,363,82,168,12,37,1.33,120
11,2017-08-12,良,78,328,45,93,11,39,0.94,76
12,2017-08-13,良,64,302,42,75,10,25,0.94,89
13,2017-08-14,良,71,317,45,84,10,26,0.78,90
14,2017-08-15,良,74,309,43,83,15,31,0.68,90
15,2017-08-16,良,90,342,53,101,15,49,1.05,97
16,2017-08-17,良,79,331,56,97,6,24,0.83,71
17,2017-08-18,良,78,339,55,94,11,31,0.86,70
18,2017-08-19,良,71,327,51,78,10,27,0.84,64
19,2017-08-20,良,82,343,55,96,13,34,0.83,92
20,2017-08-21,轻度污染,107,363,76,136,20,42,1.01,99
21,2017-08-22,良,100,358,74,134,17,42,0.99,69
22,2017-08-23,良,65,290,25,51,11,20,0.71,124
23,2017-08-24,良,75,328,40,89,16,37,0.7,77
24,2017-08-25,良,73,343,29,84,21,41,0.6,90
25,2017-08-26,良,61,290,27,75,17,50,0.7,33
26,2017-08-27,优,37,97,24,34,6,21,0.58,65
27,2017-08-28,良,54,268,37,58,10,45,1.16,23
28,2017-08-29,良,60,334,37,69,11,39,0.74,31
29,2017-08-30,良,56,303,32,61,17,35,0.72,58
30,2017-08-31,轻度污染,131,365,97,182,9,54,1.64,24
0,2017-07-01,轻度污染,114,337,57,122,26,37,0.88,142
1,2017-07-02,轻度污染,128,350,69,143,25,35,0.98,164
2,2017-07-03,轻度污染,143,361,84,167,30,40,1.0,159
3,2017-07-04,良,90,321,59,124,14,36,0.96,96
4,2017-07-05,轻度污染,116,360,71,135,13,35,0.99,123
5,2017-07-06,轻度污染,103,361,74,130,9,26,1.11,94
6,2017-07-07,轻度污染,114,362,61,113,18,27,1.06,113
7,2017-07-08,轻度污染,118,359,42,101,28,34,1.01,159
8,2017-07-09,轻度污染,137,363,71,147,21,28,1.03,157
9,2017-07-10,良,72,269,26,71,19,34,0.69,104
10,2017-07-11,轻度污染,132,356,42,121,20,43,1.18,156
11,2017-07-12,轻度污染,107,338,40,99,19,38,0.95,130
12,2017-07-13,轻度污染,116,354,63,142,14,28,1.05,126
13,2017-07-14,轻度污染,113,355,34,104,14,30,0.7,139
14,2017-07-15,良,79,328,28,62,8,16,0.67,131
15,2017-07-16,良,79,329,49,87,8,22,0.98,107
16,2017-07-17,良,93,358,58,116,12,31,0.9,98
17,2017-07-18,良,85,337,60,112,11,23,1.07,101
18,2017-07-19,轻度污染,105,359,74,144,15,28,1.28,101
19,2017-07-20,轻度污染,134,363,93,176,8,26,0.96,123
20,2017-07-21,良,59,252,40,59,5,23,0.93,56
21,2017-07-22,良,64,248,43,68,7,16,0.74,60
22,2017-07-23,轻度污染,109,344,81,147,5,26,1.05,80
23,2017-07-24,良,99,333,65,121,6,30,0.95,59
24,2017-07-25,优,50,130,28,51,6,22,0.61,77
25,2017-07-26,良,67,211,45,75,6,31,0.78,60
26,2017-07-27,良,94,331,69,113,7,44,1.17,42
27,2017-07-28,良,72,264,48,80,7,37,1.18,49
28,2017-07-29,优,47,116,20,36,7,21,0.51,93
29,2017-07-30,良,84,309,54,101,16,31,0.78,99
30,2017-07-31,轻度污染,110,343,80,146,13,41,0.97,105
0,2017-06-01,轻度污染,103,301,58,119,19,36,1.01,136
1,2017-06-02,良,86,261,49,120,29,37,0.89,93
2,2017-06-03,良,63,212,28,62,16,27,0.67,89
3,2017-06-04,良,79,315,34,94,27,49,0.75,92
4,2017-06-05,轻度污染,122,365,85,187,49,76,1.07,56
5,2017-06-06,良,52,215,32,52,11,19,0.46,95
6,2017-06-07,良,79,305,47,91,26,31,0.63,96
7,2017-06-08,良,85,279,40,104,29,42,0.79,104
8,2017-06-09,良,85,282,42,106,34,49,0.82,91
9,2017-06-10,良,98,341,34,144,21,37,0.61,88
10,2017-06-11,良,95,331,39,138,23,40,0.59,97
11,2017-06-12,良,98,337,59,138,20,33,0.95,126
12,2017-06-13,轻度污染,104,345,77,117,9,30,1.05,80
13,2017-06-14,轻度污染,105,326,58,103,14,43,0.98,121
14,2017-06-15,轻度污染,114,305,59,125,26,37,0.89,163
15,2017-06-16,轻度污染,141,342,88,176,35,47,1.27,153
16,2017-06-17,轻度污染,123,314,67,154,35,48,1.21,141
17,2017-06-18,轻度污染,115,326,62,137,41,54,1.14,126
18,2017-06-19,轻度污染,114,344,64,120,23,45,1.0,128
19,2017-06-20,轻度污染,110,341,58,131,18,38,1.01,138
20,2017-06-21,轻度污染,121,355,70,143,21,37,1.05,141
21,2017-06-22,良,64,265,44,59,8,18,0.82,90
22,2017-06-23,良,78,314,51,76,8,20,1.13,101
23,2017-06-24,良,69,282,42,65,10,22,0.77,97
24,2017-06-25,良,83,305,40,86,16,41,0.74,96
25,2017-06-26,良,78,264,29,66,16,40,0.72,107
26,2017-06-27,轻度污染,115,330,50,117,27,54,0.95,146
27,2017-06-28,轻度污染,142,363,69,148,33,49,1.14,163
28,2017-06-29,轻度污染,128,356,65,134,24,42,0.99,150
29,2017-06-30,轻度污染,114,346,48,111,16,43,0.95,136
0,2017-05-01,轻度污染,117,327,54,181,29,51,0.94,81
1,2017-05-02,轻度污染,131,346,75,197,40,49,1.04,118
2,2017-05-03,良,92,309,62,127,34,39,0.95,65
3,2017-05-04,严重污染,350,341,202,789,13,39,0.78,53
4,2017-05-05,严重污染,276,322,147,522,18,29,0.67,75
5,2017-05-06,良,88,185,35,119,18,27,0.55,97
6,2017-05-07,良,94,207,45,137,27,54,0.91,81
7,2017-05-08,轻度污染,116,332,67,178,41,59,1.14,82
8,2017-05-09,良,100,338,59,146,35,40,1.15,87
9,2017-05-10,轻度污染,101,333,56,150,24,47,0.79,90
10,2017-05-11,轻度污染,102,302,41,152,22,48,0.69,72
11,2017-05-12,轻度污染,118,309,43,182,23,33,0.59,100
12,2017-05-13,轻度污染,103,328,44,154,23,32,0.57,98
13,2017-05-14,良,88,285,39,123,25,42,0.72,90
14,2017-05-15,良,85,332,44,111,24,41,0.68,90
15,2017-05-16,良,85,339,37,102,29,35,0.81,110
16,2017-05-17,轻度污染,124,361,82,172,38,52,1.29,120
17,2017-05-18,中度污染,155,362,111,228,29,65,1.41,122
18,2017-05-19,轻度污染,124,333,77,186,34,55,1.15,103
19,2017-05-20,轻度污染,114,329,67,143,29,39,0.98,111
20,2017-05-20,轻度污染,114,329,67,143,29,39,0.98,111
21,2017-05-21,轻度污染,110,325,60,136,30,44,1.06,122
22,2017-05-22,轻度污染,101,318,75,129,21,27,1.02,68
23,2017-05-23,良,54,209,21,47,13,24,0.45,100
24,2017-05-24,良,57,195,20,56,13,43,0.51,78
25,2017-05-25,良,78,282,28,103,17,43,0.65,90
26,2017-05-26,轻度污染,111,344,52,137,40,43,0.93,133
27,2017-05-27,中度污染,152,363,82,195,39,60,1.42,155
28,2017-05-28,中度污染,192,364,127,250,32,46,1.63,184
29,2017-05-29,轻度污染,126,349,63,196,24,28,1.22,144
30,2017-05-30,良,99,307,44,130,18,38,1.05,104
31,2017-05-31,良,78,203,38,73,16,40,0.87,110
0,2017-04-01,良,67,165,33,81,26,36,0.83,57
1,2017-04-02,轻度污染,103,314,70,147,40,52,1.33,62
2,2017-04-03,轻度污染,146,356,108,219,52,59,1.66,64
3,2017-04-04,轻度污染,104,314,75,135,40,41,1.03,51
4,2017-04-05,良,85,236,61,84,19,26,0.96,75
5,2017-04-06,中度污染,160,352,120,181,42,54,1.61,67
6,2017-04-07,重度污染,228,363,177,250,40,59,1.57,61
7,2017-04-08,轻度污染,147,354,109,162,28,39,1.21,46
8,2017-04-09,良,55,209,23,60,31,35,0.8,49
9,2017-04-10,良,85,329,51,110,56,57,1.52,32
10,2017-04-11,良,95,340,52,132,37,44,1.2,62
11,2017-04-12,良,100,329,59,147,37,62,1.05,62
12,2017-04-13,良,88,290,55,123,26,65,1.16,35
13,2017-04-14,良,84,278,45,114,35,61,1.0,41
14,2017-04-15,良,78,170,33,104,30,58,0.88,59
15,2017-04-16,良,82,229,43,111,36,52,1.02,54
16,2017-04-17,中度污染,157,343,57,261,23,32,0.64,73
17,2017-04-18,良,72,181,26,91,16,25,0.55,82
18,2017-04-19,轻度污染,112,342,64,170,41,70,1.22,23
19,2017-04-20,轻度污染,110,350,55,167,23,41,1.03,56
20,2017-04-21,良,57,148,20,60,10,21,0.58,81
21,2017-04-22,良,83,315,36,114,27,44,0.82,74
22,2017-04-23,良,98,350,60,142,33,50,1.05,79
23,2017-04-23,良,98,350,60,142,33,50,1.05,79
24,2017-04-24,良,94,319,58,133,26,42,0.97,99
25,2017-04-25,良,66,210,34,79,18,31,0.67,66
26,2017-04-26,良,68,272,27,84,17,40,0.75,62
27,2017-04-27,良,71,277,26,87,19,44,0.8,64
28,2017-04-28,良,73,218,28,94,21,48,0.82,69
29,2017-04-29,良,92,282,39,132,30,47,1.04,66
30,2017-04-30,中度污染,170,363,55,251,32,49,1.04,71
0,2017-03-01,良,80,192,29,107,20,25,0.84,69
1,2017-03-02,良,72,221,32,91,34,45,1.2,44
2,2017-03-03,轻度污染,101,328,69,143,60,52,1.69,42
3,2017-03-04,中度污染,189,359,144,231,53,60,2.06,53
4,2017-03-05,轻度污染,149,332,114,189,35,51,1.77,55
5,2017-03-06,良,89,305,47,126,30,45,1.3,47
6,2017-03-07,良,51,113,21,53,20,22,0.78,60
7,2017-03-08,良,58,151,25,66,25,37,0.88,54
8,2017-03-09,良,62,116,30,76,37,46,0.92,42
9,2017-03-10,轻度污染,108,298,66,159,52,59,1.49,45
10,2017-03-11,轻度污染,120,296,84,176,50,60,1.51,41
11,2017-03-12,良,75,238,39,95,24,31,0.86,57
12,2017-03-13,良,77,320,40,103,32,47,0.99,45
13,2017-03-14,良,84,307,42,115,38,51,1.15,50
14,2017-03-15,轻度污染,108,344,70,164,49,58,1.6,58
15,2017-03-16,轻度污染,104,317,68,155,40,53,1.17,64
16,2017-03-17,中度污染,154,352,116,214,50,68,1.61,37
17,2017-03-18,重度污染,215,363,166,284,55,66,2.25,65
18,2017-03-19,重度污染,218,361,171,279,50,67,1.67,77
19,2017-03-20,良,90,278,59,121,20,33,0.91,103
20,2017-03-21,良,93,283,63,126,34,33,0.96,64
21,2017-03-22,中度污染,173,358,131,232,46,64,1.54,34
22,2017-03-23,轻度污染,103,314,76,114,30,39,1.06,39
23,2017-03-24,轻度污染,134,346,101,145,17,39,1.45,22
24,2017-03-25,良,83,259,56,106,15,34,1.22,43
25,2017-03-26,优,50,69,23,52,17,28,0.67,58
26,2017-03-27,良,78,222,47,103,33,42,0.92,47
27,2017-03-28,良,83,243,59,94,20,32,0.8,61
28,2017-03-29,轻度污染,135,334,99,186,48,51,1.41,51
29,2017-03-30,中度污染,173,358,131,243,40,54,1.41,44
30,2017-03-31,良,97,315,69,130,20,37,1.0,58
0,2017-02-01,中度污染,168,356,130,186,91,55,2.21,46
1,2017-02-02,重度污染,237,362,186,253,124,80,3.41,35
2,2017-02-03,严重污染,300,360,249,332,123,82,3.91,37
3,2017-02-04,严重污染,378,366,334,437,76,75,3.61,24
4,2017-02-05,严重污染,364,362,314,417,87,84,3.86,55
5,2017-02-06,中度污染,181,346,148,201,58,55,2.19,41
6,2017-02-07,良,84,273,61,99,56,39,1.21,43
7,2017-02-08,轻度污染,109,327,73,121,49,39,1.44,49
8,2017-02-09,优,46,92,20,47,23,27,0.79,60
9,2017-02-10,良,53,100,29,59,35,36,0.89,47
10,2017-02-11,良,94,278,65,118,80,53,1.41,32
11,2017-02-12,轻度污染,136,302,100,157,105,61,1.91,30
12,2017-02-13,重度污染,204,351,159,232,99,75,2.3,40
13,2017-02-14,严重污染,353,366,306,415,123,108,3.71,16
14,2017-02-15,严重污染,442,367,406,528,138,126,4.54,26
15,2017-02-16,严重污染,325,366,268,418,82,85,3.26,32
16,2017-02-17,良,73,169,41,93,41,28,0.97,51
17,2017-02-18,中度污染,152,332,115,205,89,70,2.03,30
18,2017-02-19,重度污染,234,357,183,303,88,88,2.87,36
19,2017-02-20,良,66,119,28,80,24,24,0.95,61
20,2017-02-21,良,78,292,52,88,31,33,1.01,42
21,2017-02-22,轻度污染,131,330,98,127,40,37,1.35,43
22,2017-02-23,良,63,192,41,70,36,33,1.08,63
23,2017-02-24,良,86,261,59,100,52,48,1.36,45
24,2017-02-25,良,64,166,39,79,38,40,1.02,52
25,2017-02-26,良,73,185,46,90,44,44,1.18,49
26,2017-02-27,良,86,215,58,114,54,47,1.31,55
27,2017-02-28,良,84,169,55,111,42,46,1.28,53
0,2017-01-01,严重污染,426,364,266,517,49,115,6.18,17
1,2017-01-02,严重污染,333,354,253,415,75,112,5.93,24
2,2017-01-03,严重污染,324,353,248,428,66,111,7.35,17
3,2017-01-04,严重污染,405,361,278,517,41,119,7.15,20
4,2017-01-05,严重污染,328,356,270,423,46,112,6.24,10
5,2017-01-06,重度污染,250,351,199,304,68,80,3.88,14
6,2017-01-07,严重污染,293,358,242,346,53,80,3.94,8
7,2017-01-08,重度污染,222,336,172,296,39,75,4.5,16
8,2017-01-09,中度污染,169,332,127,231,35,64,3.17,25
9,2017-01-10,轻度污染,143,310,108,170,51,59,1.99,27
10,2017-01-11,重度污染,230,355,182,258,96,81,3.39,15
11,2017-01-12,轻度污染,116,289,81,141,76,59,1.83,30
12,2017-01-13,中度污染,155,336,117,180,78,63,2.41,27
13,2017-01-14,中度污染,186,357,144,205,87,69,2.44,19
14,2017-01-15,严重污染,260,360,211,287,77,70,2.86,8
15,2017-01-16,重度污染,228,349,177,244,55,62,2.24,9
16,2017-01-17,严重污染,257,343,207,283,79,74,2.56,14
17,2017-01-18,严重污染,411,366,367,484,76,80,3.77,9
18,2017-01-19,重度污染,203,340,153,250,47,39,1.79,43
19,2017-01-20,良,81,243,52,98,62,44,1.16,38
20,2017-01-21,轻度污染,111,314,75,130,66,44,1.6,38
21,2017-01-22,良,95,245,68,116,62,44,1.38,37
22,2017-01-23,重度污染,242,356,191,262,110,74,3.04,22
23,2017-01-24,重度污染,229,341,180,249,94,79,2.78,24
24,2017-01-25,严重污染,331,351,284,373,143,102,4.01,19
25,2017-01-26,严重污染,322,347,276,381,107,79,3.64,31
26,2017-01-27,中度污染,189,330,158,224,75,41,1.92,51
27,2017-01-28,严重污染,312,349,268,348,122,60,2.67,33
28,2017-01-29,严重污染,260,356,224,307,68,43,2.29,41
29,2017-01-30,良,57,166,37,61,40,22,0.95,60
30,2017-01-31,中度污染,161,356,123,170,119,57,2.21,37
0,2016-12-01,中度污染,167,335,129,198,64,76,2.31,26
1,2016-12-02,重度污染,241,356,193,286,107,103,3.23,15
2,2016-12-03,严重污染,424,366,402,540,104,138,5.61,17
3,2016-12-04,严重污染,500,366,566,740,82,167,6.45,19
4,2016-12-05,重度污染,244,358,202,305,47,82,2.95,22
5,2016-12-06,中度污染,194,350,151,229,70,73,2.54,24
6,2016-12-07,重度污染,205,348,161,241,61,75,2.42,29
7,2016-12-08,中度污染,157,275,115,184,59,62,1.84,29
8,2016-12-09,良,78,110,55,87,41,42,1.08,34
9,2016-12-10,中度污染,189,350,144,203,76,69,2.33,16
10,2016-12-11,严重污染,286,364,235,324,84,87,2.98,11
11,2016-12-12,严重污染,357,364,309,415,86,93,3.46,10
12,2016-12-13,中度污染,184,344,146,216,46,62,2.28,15
13,2016-12-14,中度污染,182,355,139,188,46,55,2.25,13
14,2016-12-15,重度污染,202,353,157,224,62,63,2.59,16
15,2016-12-16,严重污染,295,366,244,328,107,91,3.92,15
16,2016-12-17,严重污染,430,366,390,515,95,130,5.62,14
17,2016-12-18,严重污染,451,363,429,564,92,141,5.71,14
18,2016-12-19,严重污染,499,364,543,724,100,164,6.79,17
19,2016-12-20,严重污染,500,366,558,789,77,141,9.36,19
20,2016-12-21,严重污染,489,366,481,680,62,102,7.53,16
21,2016-12-22,重度污染,205,356,159,255,53,61,2.92,22
22,2016-12-23,轻度污染,124,296,93,137,45,58,1.94,26
23,2016-12-24,重度污染,235,365,185,248,77,77,2.84,9
24,2016-12-25,严重污染,254,365,204,275,69,79,2.91,10
25,2016-12-26,严重污染,257,366,210,282,38,76,2.97,12
26,2016-12-27,轻度污染,149,350,111,156,42,49,1.89,24
27,2016-12-28,严重污染,279,366,228,319,52,72,2.59,13
28,2016-12-29,严重污染,259,361,208,283,75,80,3.13,15
29,2016-12-30,严重污染,331,365,280,377,95,92,3.68,10
30,2016-12-31,严重污染,469,366,450,640,97,118,6.17,15
0,2016-11-01,良,100,336,70,142,47,59,0.96,14
1,2016-11-02,中度污染,180,356,139,258,75,83,2.23,11
2,2016-11-03,重度污染,229,362,179,301,43,78,3.2,16
3,2016-11-04,严重污染,251,356,199,344,49,93,3.67,18
4,2016-11-05,重度污染,237,346,187,301,36,84,3.46,28
5,2016-11-06,轻度污染,139,289,105,156,24,38,0.83,54
6,2016-11-07,重度污染,212,364,163,220,28,71,1.25,23
7,2016-11-08,轻度污染,117,349,82,142,36,54,0.99,22
8,2016-11-09,中度污染,173,360,132,237,50,74,2.0,15
9,2016-11-10,良,92,283,39,133,29,44,0.81,46
10,2016-11-11,中度污染,182,351,137,259,64,81,1.63,20
11,2016-11-12,重度污染,213,361,163,296,51,89,2.47,21
12,2016-11-13,严重污染,298,365,237,398,59,97,3.21,19
13,2016-11-14,严重污染,313,366,252,416,43,88,3.34,26
14,2016-11-15,中度污染,187,348,140,231,66,94,1.9,27
15,2016-11-16,重度污染,249,362,198,321,86,108,2.75,14
16,2016-11-17,严重污染,266,357,214,346,58,109,2.86,8
17,2016-11-18,严重污染,371,366,262,478,41,92,2.86,6
18,2016-11-19,严重污染,290,363,233,379,47,97,3.1,16
19,2016-11-20,中度污染,162,336,126,195,29,47,1.79,13
20,2016-11-21,良,57,203,40,51,11,27,0.94,23
21,2016-11-22,良,73,335,52,77,32,35,0.8,26
22,2016-11-23,轻度污染,131,364,97,147,62,52,1.57,15
23,2016-11-24,轻度污染,144,350,109,169,95,65,1.98,17
24,2016-11-25,严重污染,287,360,236,334,129,92,3.75,13
25,2016-11-26,中度污染,176,341,114,246,66,59,1.79,32
26,2016-11-27,轻度污染,127,299,86,188,65,56,1.53,29
27,2016-11-28,中度污染,176,355,136,223,100,84,2.51,16
28,2016-11-29,严重污染,254,363,203,307,101,98,2.93,8
29,2016-11-30,严重污染,336,366,284,403,92,114,3.52,14
0,2016-10-01,严重污染,273,364,218,367,75,118,2.68,57
1,2016-10-02,严重污染,311,365,253,392,48,90,2.5,88
2,2016-10-03,严重污染,335,366,284,412,43,82,2.45,113
3,2016-10-04,严重污染,301,366,251,356,23,63,1.75,44
4,2016-10-05,良,83,314,55,108,32,50,0.86,39
5,2016-10-06,轻度污染,141,364,104,198,40,81,1.12,23
6,2016-10-07,轻度污染,128,359,96,134,16,57,1.04,10
7,2016-10-08,良,62,246,34,69,20,41,0.61,42
8,2016-10-09,良,94,357,59,131,44,68,1.04,15
9,2016-10-10,轻度污染,124,362,90,185,46,75,1.59,28
10,2016-10-11,中度污染,170,363,129,227,43,79,1.34,56
11,2016-10-12,中度污染,182,363,138,212,27,57,0.98,46
12,2016-10-13,重度污染,211,363,160,264,43,74,1.44,51
13,2016-10-14,良,96,316,65,133,50,60,1.49,50
14,2016-10-15,良,94,322,67,119,36,59,0.73,26
15,2016-10-16,轻度污染,126,357,94,141,21,53,1.06,26
16,2016-10-17,中度污染,159,360,121,199,21,55,1.51,46
17,2016-10-18,重度污染,213,364,167,267,33,69,1.59,50
18,2016-10-19,严重污染,291,366,238,365,45,88,2.55,35
19,2016-10-20,重度污染,217,364,172,262,14,47,1.32,14
20,2016-10-21,良,72,303,52,72,4,34,1.03,16
21,2016-10-22,良,61,303,43,58,8,37,1.04,11
22,2016-10-23,良,68,336,48,77,10,48,0.94,9
23,2016-10-24,良,96,347,70,120,29,59,0.96,6
24,2016-10-25,轻度污染,132,359,99,158,29,66,2.56,4
25,2016-10-26,中度污染,161,365,121,220,20,67,2.69,5
26,2016-10-27,良,57,261,36,62,9,36,0.51,18
27,2016-10-28,良,53,258,30,53,10,38,0.64,29
28,2016-10-29,良,65,314,34,78,28,50,0.51,23
29,2016-10-30,轻度污染,126,357,87,180,40,68,1.41,16
30,2016-10-31,良,56,253,27,61,14,27,0.29,41
0,2016-09-01,优,34,75,11,32,12,35,0.47,44
1,2016-09-02,优,45,96,15,45,20,47,0.79,39
2,2016-09-03,良,57,141,21,63,14,40,0.89,55
3,2016-09-04,良,59,140,24,67,16,37,1.23,65
4,2016-09-05,良,63,193,28,74,15,45,1.28,59
5,2016-09-06,良,70,245,44,85,18,47,1.19,50
6,2016-09-07,优,49,142,21,51,19,31,0.41,72
7,2016-09-08,良,56,156,21,58,25,34,0.44,91
8,2016-09-09,良,82,259,34,112,36,59,0.74,68
9,2016-09-10,良,92,340,45,119,36,55,0.83,78
10,2016-09-11,良,67,264,39,79,18,38,0.67,88
11,2016-09-12,良,96,346,68,117,17,40,0.89,112
12,2016-09-13,轻度污染,136,362,99,167,26,51,1.21,111
13,2016-09-14,轻度污染,145,360,108,192,29,53,1.59,118
14,2016-09-15,中度污染,168,365,126,222,39,51,1.83,130
15,2016-09-16,中度污染,178,364,129,221,38,47,1.86,143
16,2016-09-17,轻度污染,116,352,87,143,20,35,1.19,96
17,2016-09-18,良,51,182,35,49,6,30,0.8,38
18,2016-09-19,良,58,244,34,61,10,41,0.61,55
19,2016-09-20,良,81,336,42,107,21,57,0.74,70
20,2016-09-21,中度污染,154,364,112,213,52,72,1.74,82
21,2016-09-22,重度污染,216,366,166,282,44,65,1.89,110
22,2016-09-23,重度污染,242,367,191,318,38,65,1.87,137
23,2016-09-24,严重污染,252,366,202,333,40,75,2.02,110
24,2016-09-25,严重污染,261,364,210,328,22,62,1.69,98
25,2016-09-26,重度污染,225,366,176,241,15,60,1.41,57
26,2016-09-27,轻度污染,144,360,105,163,19,53,1.1,34
27,2016-09-28,良,60,280,35,69,19,42,0.62,55
28,2016-09-29,良,100,361,69,143,34,70,0.82,63
29,2016-09-30,中度污染,163,361,123,226,48,85,1.31,80
0,2016-08-01,良,67,288,36,83,7,21,1.18,60
1,2016-08-02,良,66,304,32,80,8,21,1.18,68
2,2016-08-03,良,59,261,30,65,8,24,0.85,81
3,2016-08-04,良,58,258,30,64,9,28,0.85,67
4,2016-08-05,良,64,282,36,76,9,38,0.88,50
5,2016-08-06,良,58,234,29,64,13,36,0.9,49
6,2016-08-07,良,61,291,29,70,10,25,0.94,55
7,2016-08-08,优,40,109,19,38,9,23,0.72,62
8,2016-08-09,良,53,214,29,56,9,24,0.9,71
9,2016-08-10,良,63,293,34,72,15,30,1.26,68
10,2016-08-11,良,64,289,36,71,12,29,1.24,63
11,2016-08-12,良,62,266,34,73,11,26,1.09,61
12,2016-08-13,优,44,152,22,42,8,19,0.72,61
13,2016-08-14,优,34,64,17,33,7,34,0.74,36
14,2016-08-15,优,31,61,13,24,5,25,0.49,54
15,2016-08-16,优,42,110,20,41,11,46,1.0,24
16,2016-08-17,良,59,199,30,67,13,37,1.1,28
17,2016-08-18,良,72,285,36,88,9,30,1.26,32
18,2016-08-19,优,43,132,20,42,23,22,1.14,48
19,2016-08-20,优,44,112,20,44,13,26,0.84,51
20,2016-08-21,良,62,227,28,73,15,37,1.12,51
21,2016-08-22,良,59,189,26,65,14,31,1.06,52
22,2016-08-23,良,71,268,40,85,16,35,1.3,69
23,2016-08-24,良,83,294,49,113,11,31,1.21,59
24,2016-08-25,良,51,146,23,58,8,23,0.68,45
25,2016-08-26,优,34,41,15,33,6,30,0.52,36
26,2016-08-27,优,36,39,15,34,10,46,0.61,37
27,2016-08-28,优,33,15,9,30,12,34,0.55,41
28,2016-08-29,优,48,83,16,51,21,56,0.83,47
29,2016-08-30,良,52,124,23,55,21,60,1.04,44
30,2016-08-31,优,47,97,17,45,22,36,0.64,59
0,2016-07-01,良,62,281,34,73,13,28,0.75,64
1,2016-07-02,良,68,276,31,78,17,38,0.96,79
2,2016-07-03,良,69,271,37,86,14,24,0.86,70
3,2016-07-04,良,62,239,28,72,9,28,0.85,56
4,2016-07-05,良,74,276,38,94,6,24,0.92,66
5,2016-07-06,良,64,261,32,74,8,32,0.9,72
6,2016-07-07,良,73,288,39,92,11,34,1.05,76
7,2016-07-08,良,91,339,58,108,8,32,0.85,62
8,2016-07-09,轻度污染,130,361,98,128,8,23,0.9,61
9,2016-07-10,轻度污染,108,355,80,117,16,31,0.97,70
10,2016-07-11,中度污染,161,364,121,185,20,42,1.22,98
11,2016-07-12,轻度污染,101,358,74,102,12,26,0.74,74
12,2016-07-13,良,86,341,49,83,14,36,0.68,100
13,2016-07-14,轻度污染,101,352,75,121,12,51,0.85,64
14,2016-07-15,良,55,262,37,51,11,25,0.53,92
15,2016-07-16,轻度污染,110,361,83,120,26,44,0.85,77
16,2016-07-17,轻度污染,138,358,104,140,19,32,1.01,99
17,2016-07-18,中度污染,192,364,144,205,20,44,1.16,102
18,2016-07-19,中度污染,168,365,128,165,14,30,1.15,75
19,2016-07-20,优,39,132,20,26,8,12,0.61,67
20,2016-07-21,良,70,324,51,66,15,33,0.82,54
21,2016-07-22,中度污染,157,365,118,159,23,44,1.54,95
22,2016-07-23,中度污染,168,366,128,173,22,37,1.61,100
23,2016-07-24,轻度污染,124,363,90,144,12,31,1.61,83
24,2016-07-25,良,78,310,50,77,9,21,0.86,98
25,2016-07-26,良,66,239,28,59,13,27,0.66,100
26,2016-07-27,良,88,338,61,115,22,44,1.29,70
27,2016-07-28,良,89,319,54,111,16,32,1.23,79
28,2016-07-29,良,67,212,43,79,15,32,1.12,86
29,2016-07-30,良,80,289,52,101,9,25,1.09,82
30,2016-07-31,良,61,233,32,71,7,22,0.79,79
0,2016-06-01,良,64,250,29,68,17,31,0.87,89
1,2016-06-02,良,88,328,39,87,22,49,0.93,104
2,2016-06-03,良,95,332,63,129,42,73,1.21,61
3,2016-06-04,轻度污染,118,355,89,149,31,45,1.47,66
4,2016-06-05,良,74,268,53,78,10,23,0.78,85
5,2016-06-06,良,84,304,56,92,13,33,0.82,95
6,2016-06-07,轻度污染,130,359,98,146,12,30,1.38,71
7,2016-06-08,轻度污染,117,345,84,137,17,39,1.49,92
8,2016-06-09,轻度污染,102,318,56,108,27,40,1.32,131
9,2016-06-10,良,82,301,44,90,29,33,1.11,119
10,2016-06-11,优,46,144,15,44,14,21,0.38,77
11,2016-06-12,良,72,298,26,81,31,44,0.7,90
12,2016-06-13,良,97,336,57,132,25,38,1.06,111
13,2016-06-14,良,61,198,40,61,10,17,0.86,69
14,2016-06-15,优,42,95,18,36,9,21,0.57,59
15,2016-06-16,优,43,88,14,42,16,35,0.48,59
16,2016-06-17,良,61,164,23,66,26,44,0.67,77
17,2016-06-18,良,66,208,34,72,13,21,0.67,100
18,2016-06-19,良,68,251,41,82,14,27,0.89,78
19,2016-06-20,良,72,278,42,79,15,26,1.01,85
20,2016-06-21,良,65,259,37,75,18,27,0.97,70
21,2016-06-22,良,62,258,30,67,23,27,0.85,79
22,2016-06-23,优,41,108,23,35,16,21,0.45,60
23,2016-06-24,良,54,258,18,44,17,34,0.43,75
24,2016-06-25,良,64,282,17,53,18,31,0.41,96
25,2016-06-26,良,91,316,32,90,34,47,0.64,121
26,2016-06-27,轻度污染,107,344,62,125,45,45,0.86,120
27,2016-06-28,轻度污染,111,357,82,127,18,32,0.89,62
28,2016-06-29,良,89,332,50,126,16,27,1.2,54
29,2016-06-30,轻度污染,108,349,69,122,16,31,1.08,82
0,2016-05-01,良,94,267,57,129,42,48,1.3,64
1,2016-05-02,良,71,214,34,89,15,20,0.48,59
2,2016-05-03,良,63,178,19,71,15,35,0.42,69
3,2016-05-04,良,94,317,48,136,44,58,0.97,79
4,2016-05-05,良,98,300,63,137,41,55,1.01,77
5,2016-05-06,轻度污染,122,292,48,191,18,34,0.48,72
6,2016-05-07,良,69,217,29,87,28,41,0.6,66
7,2016-05-08,良,72,282,39,91,44,48,0.98,56
8,2016-05-09,良,89,336,60,119,42,49,1.0,63
9,2016-05-10,轻度污染,101,331,73,126,41,41,0.91,105
10,2016-05-11,中度污染,185,356,137,224,49,52,1.41,90
11,2016-05-12,轻度污染,108,294,57,139,19,30,0.57,87
12,2016-05-13,良,83,291,41,112,39,46,0.67,73
13,2016-05-14,良,61,191,41,55,16,39,0.77,55
14,2016-05-15,良,63,286,29,64,17,33,0.55,62
15,2016-05-16,良,61,160,22,68,37,44,0.61,75
16,2016-05-17,良,89,305,49,115,50,58,0.95,90
17,2016-05-18,轻度污染,102,315,72,126,37,46,0.94,94
18,2016-05-19,轻度污染,123,338,79,131,36,48,1.02,126
19,2016-05-20,轻度污染,116,330,75,133,34,62,1.05,130
20,2016-05-21,轻度污染,130,351,88,157,34,66,1.24,133
21,2016-05-22,良,92,321,52,95,32,39,0.69,131
22,2016-05-23,轻度污染,110,352,82,126,43,61,1.01,83
23,2016-05-24,良,51,97,16,51,22,25,0.48,95
24,2016-05-25,良,61,179,28,71,22,51,0.61,55
25,2016-05-26,良,55,159,22,60,27,29,0.55,77
26,2016-05-27,良,72,265,41,89,33,57,0.93,54
27,2016-05-28,良,66,235,42,79,30,42,1.11,68
28,2016-05-29,良,88,319,61,104,23,35,0.94,93
29,2016-05-30,良,94,281,62,124,35,44,1.23,86
30,2016-05-31,良,90,287,52,125,23,32,1.02,60
0,2016-04-01,中度污染,156,352,57,260,44,49,0.95,69
1,2016-04-02,良,65,117,22,79,19,19,0.45,73
2,2016-04-03,优,43,50,21,43,16,20,0.43,65
3,2016-04-04,良,82,300,54,108,40,43,0.85,50
4,2016-04-05,轻度污染,117,345,81,174,58,50,1.31,65
5,2016-04-06,中度污染,186,360,143,234,42,56,1.65,33
6,2016-04-07,轻度污染,149,350,92,210,28,41,1.12,49
7,2016-04-08,良,83,258,28,114,30,41,0.61,55
8,2016-04-09,良,84,254,33,116,39,51,0.7,64
9,2016-04-10,轻度污染,118,322,46,185,23,32,0.69,75
10,2016-04-11,良,85,254,35,117,24,34,0.54,68
11,2016-04-12,轻度污染,143,337,106,170,37,58,1.13,50
12,2016-04-13,轻度污染,149,340,100,196,34,67,1.13,44
13,2016-04-14,轻度污染,109,292,57,166,28,43,0.75,72
14,2016-04-15,轻度污染,101,286,64,146,44,51,0.97,65
15,2016-04-16,优,49,113,17,49,12,18,0.49,63
16,2016-04-17,优,46,88,15,48,18,35,0.43,49
17,2016-04-18,良,55,174,17,61,16,23,0.37,60
18,2016-04-19,良,82,302,49,111,32,53,0.83,36
19,2016-04-20,良,95,313,68,125,27,53,1.05,53
20,2016-04-21,良,82,249,38,112,41,55,0.93,66
21,2016-04-22,良,91,254,29,129,25,31,0.57,67
22,2016-04-23,良,88,280,38,124,28,44,0.85,37
23,2016-04-24,轻度污染,102,306,50,151,45,44,1.18,57
24,2016-04-25,良,78,240,50,103,37,33,1.25,65
25,2016-04-26,轻度污染,108,348,77,154,33,39,1.09,80
26,2016-04-27,轻度污染,115,349,86,145,27,51,1.31,67
27,2016-04-28,轻度污染,112,344,82,123,26,41,1.0,110
28,2016-04-29,轻度污染,149,353,110,198,56,56,1.73,86
29,2016-04-30,轻度污染,125,349,94,178,44,48,1.42,89
0,2016-03-01,轻度污染,116,321,87,159,93,68,1.79,36
1,2016-03-02,轻度污染,118,263,80,148,89,60,1.62,45
2,2016-03-03,轻度污染,134,270,97,202,92,83,1.79,45
3,2016-03-04,严重污染,255,350,204,309,67,74,2.52,48
4,2016-03-05,轻度污染,149,250,58,235,33,42,0.76,51
5,2016-03-06,中度污染,169,288,96,285,82,76,1.53,27
6,2016-03-07,轻度污染,147,292,87,240,59,70,1.59,45
7,2016-03-08,良,63,209,23,74,17,24,0.49,52
8,2016-03-09,良,73,312,44,94,46,44,0.77,35
9,2016-03-10,良,66,288,25,80,31,38,0.61,47
10,2016-03-11,良,71,218,36,94,51,46,0.88,43
11,2016-03-12,轻度污染,113,313,83,163,77,74,1.48,24
12,2016-03-13,良,85,228,40,114,40,44,0.94,56
13,2016-03-14,良,93,231,44,134,59,54,0.98,62
14,2016-03-15,轻度污染,150,334,113,224,97,80,1.74,42
15,2016-03-16,重度污染,212,347,164,277,84,74,1.96,79
16,2016-03-17,重度污染,209,338,160,267,80,84,2.08,52
17,2016-03-18,严重污染,276,362,222,357,88,94,2.73,82
18,2016-03-19,中度污染,174,318,120,242,43,64,1.37,52
19,2016-03-20,良,98,238,62,145,46,74,1.09,22
20,2016-03-21,轻度污染,122,313,86,189,74,84,1.36,47
21,2016-03-22,重度污染,203,364,127,296,64,92,1.59,36
22,2016-03-23,轻度污染,104,334,69,151,37,65,0.95,41
23,2016-03-24,良,95,344,64,130,38,60,0.9,45
24,2016-03-25,良,81,297,47,109,33,51,0.82,53
25,2016-03-26,良,61,102,26,70,25,40,0.67,53
26,2016-03-27,良,71,166,25,93,38,47,0.67,47
27,2016-03-28,轻度污染,101,294,60,150,64,64,1.14,40
28,2016-03-29,良,92,256,25,132,25,31,0.41,57
29,2016-03-30,轻度污染,105,274,57,152,48,53,0.96,52
30,2016-03-31,中度污染,177,348,93,275,63,63,1.47,66
0,2016-02-01,良,73,176,47,81,67,56,1.26,33
1,2016-02-02,良,68,103,44,81,77,58,1.33,33
2,2016-02-03,轻度污染,127,278,96,145,124,75,2.06,25
3,2016-02-04,中度污染,172,335,133,184,96,69,2.36,30
4,2016-02-05,良,94,225,62,99,50,39,1.33,44
5,2016-02-06,优,49,67,23,50,55,32,0.78,48
6,2016-02-07,良,90,217,56,93,68,32,0.89,46
7,2016-02-08,良,98,84,67,114,81,31,1.15,57
8,2016-02-09,轻度污染,137,308,102,143,70,38,1.7,52
9,2016-02-10,中度污染,158,324,119,170,79,46,2.17,52
10,2016-02-11,重度污染,227,351,176,227,86,63,2.93,35
11,2016-02-12,严重污染,288,357,237,337,51,52,3.79,16
12,2016-02-13,良,60,231,39,63,19,18,1.18,46
13,2016-02-14,优,35,101,9,18,13,11,0.48,69
14,2016-02-15,优,30,36,11,22,23,15,0.47,60
15,2016-02-16,优,33,19,11,24,26,21,0.51,63
16,2016-02-17,良,57,156,31,63,65,52,1.09,38
17,2016-02-18,良,64,116,31,71,42,41,0.85,50
18,2016-02-19,良,90,185,43,125,27,26,0.68,54
19,2016-02-20,优,49,69,26,53,27,26,0.65,52
20,2016-02-21,轻度污染,117,310,87,138,64,62,1.73,19
21,2016-02-22,重度污染,234,360,184,275,116,88,3.11,15
22,2016-02-23,良,67,167,44,70,30,32,0.81,51
23,2016-02-24,良,85,246,60,96,50,44,1.05,36
24,2016-02-25,轻度污染,116,287,86,146,76,66,1.73,33
25,2016-02-26,良,80,215,49,104,51,48,1.13,42
26,2016-02-27,良,92,269,66,108,45,50,1.25,36
27,2016-02-28,良,60,114,35,64,21,29,0.8,48
28,2016-02-29,良,59,120,29,66,40,34,0.72,43
0,2016-01-01,严重污染,290,363,246,365,114,102,4.28,14
1,2016-01-02,严重污染,463,366,436,570,123,153,6.72,14
2,2016-01-03,严重污染,385,349,335,486,97,138,5.53,10
3,2016-01-04,中度污染,192,282,150,236,47,90,2.91,18
4,2016-01-05,良,98,261,72,106,68,63,1.66,20
5,2016-01-06,中度污染,172,327,131,197,92,80,2.6,14
6,2016-01-07,轻度污染,144,327,108,164,76,65,2.09,15
7,2016-01-08,轻度污染,115,282,81,130,84,59,1.83,19
8,2016-01-09,重度污染,225,330,178,259,141,86,3.52,10
9,2016-01-10,严重污染,264,338,216,306,94,98,4.03,6
10,2016-01-11,良,70,209,46,79,40,40,1.04,21
11,2016-01-12,轻度污染,131,336,98,152,77,61,1.99,13
12,2016-01-13,轻度污染,116,277,80,139,110,70,2.31,22
13,2016-01-14,良,75,150,38,91,97,53,1.02,31
14,2016-01-15,轻度污染,141,290,105,185,133,84,2.41,16
15,2016-01-16,重度污染,231,340,181,258,71,86,2.88,6
16,2016-01-17,中度污染,156,310,117,173,45,58,1.87,15
17,2016-01-18,良,82,200,51,88,37,42,1.14,36
18,2016-01-19,轻度污染,149,310,112,174,94,74,2.43,19
19,2016-01-20,重度污染,226,359,176,259,127,90,3.29,6
20,2016-01-21,重度污染,213,359,164,239,81,91,3.28,5
21,2016-01-22,良,89,273,60,96,26,41,1.25,34
22,2016-01-23,良,71,264,35,82,30,27,0.73,46
23,2016-01-24,良,51,135,17,54,39,28,0.53,48
24,2016-01-25,良,62,164,31,70,88,48,0.8,34
25,2016-01-26,良,67,148,38,76,82,51,0.85,33
26,2016-01-27,中度污染,173,348,133,199,135,92,2.85,12
27,2016-01-28,重度污染,219,354,169,245,102,105,2.81,12
28,2016-01-29,中度污染,155,318,119,169,46,71,2.11,11
29,2016-01-30,良,91,248,67,96,41,46,1.19,22
30,2016-01-31,轻度污染,113,323,83,115,53,52,1.52,32
0,2015-12-01,严重污染,319,363,266,401,129,123,5.04,17
1,2015-12-02,轻度污染,110,290,67,146,44,45,1.95,37
2,2015-12-03,优,40,81,13,40,27,27,0.48,42
3,2015-12-04,良,67,229,33,77,73,52,1.02,19
4,2015-12-05,良,95,256,61,123,129,75,1.68,13
5,2015-12-06,重度污染,230,360,186,289,154,106,3.59,5
6,2015-12-07,严重污染,263,348,212,299,117,102,3.48,6
7,2015-12-08,严重污染,332,359,281,401,128,103,4.51,5
8,2015-12-09,严重污染,385,359,336,443,104,133,4.93,5
9,2015-12-10,严重污染,365,356,314,418,111,125,5.71,13
10,2015-12-11,重度污染,226,344,179,246,76,95,3.95,13
11,2015-12-12,中度污染,173,326,135,185,98,70,2.34,20
12,2015-12-13,重度污染,244,346,193,281,125,100,3.62,8
13,2015-12-14,良,99,220,66,100,52,54,1.47,28
14,2015-12-15,优,43,86,13,42,34,31,0.46,37
15,2015-12-16,优,35,52,11,34,24,25,0.42,36
16,2015-12-17,良,73,280,47,89,97,59,1.54,15
17,2015-12-18,轻度污染,119,311,86,138,118,78,2.99,11
18,2015-12-19,轻度污染,134,288,101,158,93,84,3.25,8
19,2015-12-20,重度污染,211,320,165,264,99,113,5.26,9
20,2015-12-21,严重污染,361,353,332,455,132,144,6.35,10
21,2015-12-22,严重污染,381,357,339,435,95,123,5.63,4
22,2015-12-23,严重污染,332,337,278,392,63,95,7.61,10
23,2015-12-24,严重污染,301,329,250,350,56,62,3.86,11
24,2015-12-25,重度污染,224,315,180,290,43,50,3.01,13
25,2015-12-26,重度污染,217,351,172,270,30,40,3.68,9
26,2015-12-27,优,48,87,30,49,13,13,0.24,13
27,2015-12-28,中度污染,151,312,114,168,45,35,1.17,9
28,2015-12-29,严重污染,298,360,247,336,56,52,2.85,10
29,2015-12-30,轻度污染,125,197,92,148,30,30,1.39,14
30,2015-12-31,中度污染,154,244,114,209,54,44,2.15,8
0,2015-11-01,良,78,260,52,91,44,71,1.23,24
1,2015-11-02,良,78,195,50,101,79,67,0.99,28
2,2015-11-03,轻度污染,148,324,112,192,72,91,1.82,23
3,2015-11-04,重度污染,250,365,199,309,59,99,2.41,23
4,2015-11-05,中度污染,198,352,148,236,31,61,1.2,26
5,2015-11-06,优,40,104,25,37,4,29,0.54,24
6,2015-11-07,良,57,229,38,56,10,36,0.77,28
7,2015-11-08,良,74,229,53,72,26,45,0.78,18
8,2015-11-09,轻度污染,124,308,93,142,51,68,1.7,6
9,2015-11-10,轻度污染,117,292,88,137,32,53,1.57,6
10,2015-11-11,中度污染,176,335,132,203,48,59,1.79,4
11,2015-11-12,中度污染,175,326,133,187,53,65,2.29,12
12,2015-11-13,重度污染,245,362,194,277,51,82,3.21,11
13,2015-11-14,中度污染,200,352,150,238,71,77,2.93,13
14,2015-11-15,重度污染,212,360,162,251,59,76,3.25,7
15,2015-11-16,良,64,189,41,69,25,42,1.2,18
16,2015-11-17,良,84,303,61,100,42,54,1.65,2
17,2015-11-18,优,48,145,32,47,24,34,0.68,28
18,2015-11-19,良,66,235,43,78,37,41,0.88,11
19,2015-11-20,良,90,283,66,96,33,46,1.73,2
20,2015-11-21,优,45,82,31,41,20,46,2.12,1
21,2015-11-22,优,47,160,32,42,24,43,1.53,14
22,2015-11-23,良,67,308,47,61,23,35,1.29,29
23,2015-11-24,良,74,336,52,73,45,40,1.04,30
24,2015-11-25,良,82,309,59,77,54,39,1.17,29
25,2015-11-26,良,83,320,61,73,62,46,1.22,40
26,2015-11-27,严重污染,283,366,232,275,120,91,3.19,15
27,2015-11-28,严重污染,327,364,276,329,108,108,4.15,20
28,2015-11-29,严重污染,382,364,334,418,138,136,5.64,19
29,2015-11-30,严重污染,391,361,348,446,157,135,6.28,25
0,2015-10-01,优,43,100,14,41,12,31,0.37,51
1,2015-10-02,良,63,165,20,75,34,53,0.45,45
2,2015-10-03,良,67,178,28,84,32,69,0.76,38
3,2015-10-04,良,98,287,59,141,54,89,1.44,34
4,2015-10-05,轻度污染,116,323,82,172,68,84,1.53,71
5,2015-10-06,轻度污染,140,336,104,205,60,87,1.68,63
6,2015-10-07,轻度污染,113,335,78,156,46,60,1.32,60
7,2015-10-08,良,53,210,16,59,18,30,0.3,40
8,2015-10-09,良,57,205,10,62,23,38,0.31,48
9,2015-10-10,优,47,146,11,47,13,29,0.3,42
10,2015-10-11,优,44,127,8,42,17,44,0.41,44
11,2015-10-12,优,47,86,13,49,25,51,0.56,40
12,2015-10-13,良,93,255,52,135,60,84,1.32,45
13,2015-10-14,轻度污染,109,245,74,153,63,78,1.36,53
14,2015-10-15,良,85,159,52,115,43,71,1.03,57
15,2015-10-16,轻度污染,105,212,72,151,64,84,1.4,80
16,2015-10-17,中度污染,181,343,136,268,84,107,2.24,75
17,2015-10-18,轻度污染,123,310,82,169,29,46,1.14,40
18,2015-10-19,良,100,264,62,143,42,64,1.61,22
19,2015-10-20,轻度污染,131,313,98,192,28,69,1.79,11
20,2015-10-21,良,57,78,34,66,17,45,1.11,14
21,2015-10-22,优,30,8,18,28,6,33,0.54,20
22,2015-10-23,良,63,96,44,70,21,51,1.04,17
23,2015-10-24,良,90,236,62,110,18,69,1.96,16
24,2015-10-25,优,47,75,25,48,12,47,0.74,20
25,2015-10-26,优,50,88,19,56,13,41,0.4,28
26,2015-10-27,优,48,115,15,53,25,47,0.38,33
27,2015-10-28,良,59,164,25,66,27,50,0.82,28
28,2015-10-29,良,69,237,38,85,39,61,0.97,27
29,2015-10-30,良,64,234,40,75,35,62,0.98,25
30,2015-10-31,良,89,299,62,113,65,84,1.72,13
0,2015-09-01,优,30,40,15,27,10,8,0.41,40
1,2015-09-02,优,17,3,6,16,6,15,0.24,19
2,2015-09-03,优,23,12,7,22,7,14,0.25,12
3,2015-09-04,优,41,121,19,41,8,10,0.49,13
4,2015-09-05,良,52,223,28,54,7,9,0.44,18
5,2015-09-06,优,36,69,16,35,7,19,0.51,28
6,2015-09-07,良,53,172,20,48,15,33,0.63,56
7,2015-09-08,良,81,309,40,94,30,54,1.08,73
8,2015-09-09,轻度污染,104,358,77,119,22,46,1.37,62
9,2015-09-10,优,43,131,24,46,10,29,0.87,28
10,2015-09-11,优,41,116,19,41,12,28,0.63,45
11,2015-09-12,优,37,89,11,29,18,32,0.4,62
12,2015-09-13,良,59,215,18,69,42,56,0.72,66
13,2015-09-14,良,94,353,57,126,52,63,1.12,79
14,2015-09-15,轻度污染,102,345,65,135,40,65,1.15,91
15,2015-09-16,良,97,331,61,140,39,75,1.31,80
16,2015-09-17,轻度污染,125,356,92,181,44,79,1.96,83
17,2015-09-18,轻度污染,102,318,73,123,33,43,1.43,90
18,2015-09-19,良,86,276,58,113,28,70,1.49,16
19,2015-09-20,良,74,257,46,95,49,47,0.86,102
20,2015-09-21,轻度污染,112,322,81,144,50,62,1.5,74
21,2015-09-22,轻度污染,131,356,98,168,52,65,1.46,44
22,2015-09-23,良,70,283,43,89,31,54,0.97,55
23,2015-09-24,良,96,326,62,127,49,57,1.27,77
24,2015-09-25,良,57,223,27,59,26,40,0.59,73
25,2015-09-26,良,62,219,25,70,42,61,0.87,60
26,2015-09-27,良,92,321,55,125,46,69,1.41,84
27,2015-09-28,良,69,276,45,78,17,31,0.96,78
28,2015-09-29,良,54,192,30,58,14,48,1.47,19
29,2015-09-30,优,43,114,21,43,18,45,0.79,20
0,2015-08-01,良,84,331,60,97,7,18,0.54,36
1,2015-08-02,轻度污染,119,356,89,141,9,21,0.58,42
2,2015-08-03,优,49,139,30,51,7,15,0.49,43
3,2015-08-04,优,39,79,20,41,11,19,0.36,44
4,2015-08-05,轻度污染,114,358,83,141,21,24,0.7,51
5,2015-08-06,轻度污染,104,363,77,133,26,27,0.47,55
6,2015-08-07,轻度污染,121,361,91,145,15,19,0.39,58
7,2015-08-08,轻度污染,106,355,79,136,14,18,0.42,69
8,2015-08-09,中度污染,156,364,117,196,12,27,0.51,68
9,2015-08-10,轻度污染,149,359,113,194,30,44,0.65,75
10,2015-08-11,轻度污染,144,360,108,190,25,27,0.63,68
11,2015-08-12,轻度污染,110,336,80,156,21,25,0.62,89
12,2015-08-13,轻度污染,121,344,85,164,26,35,1.04,112
13,2015-08-14,良,87,283,57,117,17,39,0.84,76
14,2015-08-15,良,76,284,39,93,21,38,0.67,85
15,2015-08-16,轻度污染,103,310,55,120,25,39,0.85,119
16,2015-08-17,中度污染,157,355,118,212,39,56,1.17,80
17,2015-08-18,中度污染,169,361,128,189,14,27,0.81,57
18,2015-08-19,良,66,268,47,70,17,28,0.83,74
19,2015-08-20,轻度污染,106,353,77,127,18,34,0.95,86
20,2015-08-21,良,86,314,47,106,17,32,0.8,69
21,2015-08-22,良,69,246,34,86,17,28,0.54,50
22,2015-08-23,良,73,264,48,90,13,20,0.69,58
23,2015-08-24,良,61,196,39,69,10,22,0.68,41
24,2015-08-25,良,61,188,36,70,9,26,0.52,45
25,2015-08-26,良,69,202,39,86,12,36,0.54,51
26,2015-08-27,良,67,200,32,83,16,37,0.62,45
27,2015-08-28,良,66,201,39,81,19,24,0.67,72
28,2015-08-29,良,70,244,42,87,16,15,0.63,76
29,2015-08-30,良,60,174,39,67,12,15,0.54,63
30,2015-08-31,优,43,87,24,39,8,7,0.49,63
0,2015-07-01,优,47,145,23,47,18,29,0.33,37
1,2015-07-02,优,38,65,16,36,12,15,0.21,41
2,2015-07-03,良,61,226,29,70,15,19,0.38,55
3,2015-07-04,良,68,243,35,84,19,15,0.26,51
4,2015-07-05,良,90,317,66,91,16,11,0.36,73
5,2015-07-06,轻度污染,119,353,89,126,19,11,0.29,57
6,2015-07-07,中度污染,158,362,119,178,25,19,0.4,71
7,2015-07-08,轻度污染,116,331,82,119,29,27,0.47,114
8,2015-07-09,轻度污染,135,349,102,171,31,34,0.72,108
9,2015-07-10,轻度污染,113,350,84,147,27,25,0.56,98
10,2015-07-11,轻度污染,105,338,76,135,24,23,0.56,72
11,2015-07-12,良,79,255,53,98,23,23,0.47,74
12,2015-07-13,轻度污染,113,329,77,159,37,28,0.65,102
13,2015-07-14,轻度污染,111,320,82,135,24,18,0.52,79
14,2015-07-15,轻度污染,121,348,90,147,31,25,0.48,52
15,2015-07-16,良,82,305,60,82,20,16,0.55,59
16,2015-07-17,良,92,329,68,98,11,11,0.41,56
17,2015-07-18,良,91,325,66,99,14,15,0.52,57
18,2015-07-19,良,90,334,66,94,12,10,0.36,37
19,2015-07-20,轻度污染,146,362,110,151,12,15,0.48,34
20,2015-07-21,中度污染,173,362,134,182,15,16,0.64,45
21,2015-07-22,良,85,307,62,92,14,15,0.44,49
22,2015-07-23,良,90,329,61,114,28,22,0.51,51
23,2015-07-24,良,70,280,48,85,15,17,0.38,53
24,2015-07-25,良,74,275,45,97,16,19,0.43,65
25,2015-07-26,轻度污染,101,326,73,140,12,18,0.59,64
26,2015-07-27,轻度污染,124,350,91,154,9,17,0.52,54
27,2015-07-28,轻度污染,105,350,78,129,10,13,0.41,36
28,2015-07-29,轻度污染,139,359,104,165,9,13,0.55,31
29,2015-07-30,良,71,312,49,85,11,14,0.36,30
30,2015-07-31,良,54,224,33,60,6,15,0.57,32
0,2015-06-01,轻度污染,130,327,96,165,63,54,1.24,98
1,2015-06-02,良,94,309,54,103,23,29,0.45,111
2,2015-06-03,轻度污染,114,359,57,122,34,49,0.51,124
3,2015-06-04,良,86,317,52,117,42,42,0.67,83
4,2015-06-05,轻度污染,114,355,71,175,39,42,0.67,76
5,2015-06-06,良,93,278,60,118,31,23,0.66,110
6,2015-06-07,良,64,219,42,70,19,17,0.46,74
7,2015-06-08,良,68,273,40,72,31,21,0.38,72
8,2015-06-09,轻度污染,103,303,56,143,52,29,0.86,115
9,2015-06-10,轻度污染,116,316,79,147,24,18,0.84,117
10,2015-06-11,优,42,75,16,44,9,10,0.14,52
11,2015-06-12,良,53,119,17,57,15,13,0.19,42
12,2015-06-13,优,44,95,18,44,9,9,0.23,49
13,2015-06-14,良,67,222,39,81,17,18,0.43,73
14,2015-06-15,轻度污染,106,317,78,149,35,30,0.79,68
15,2015-06-16,轻度污染,139,350,97,164,31,34,0.98,117
16,2015-06-17,轻度污染,106,312,73,132,36,41,0.91,94
17,2015-06-18,良,82,304,52,91,18,23,0.65,86
18,2015-06-19,良,81,293,55,106,27,25,0.59,80
19,2015-06-20,良,73,282,51,78,17,25,0.47,66
20,2015-06-21,良,76,241,47,98,34,29,0.61,89
21,2015-06-22,良,99,313,71,133,29,24,0.8,105
22,2015-06-23,轻度污染,132,345,98,169,28,31,1.08,80
23,2015-06-24,良,83,315,59,87,21,15,0.65,79
24,2015-06-25,轻度污染,102,355,76,112,21,24,0.88,69
25,2015-06-26,轻度污染,143,362,107,144,21,23,0.85,85
26,2015-06-27,轻度污染,140,359,105,152,19,27,0.84,79
27,2015-06-28,轻度污染,125,346,94,137,27,33,0.79,94
28,2015-06-29,轻度污染,104,349,77,103,12,19,0.55,57
29,2015-06-30,良,60,260,42,60,14,21,0.54,47
0,2015-05-01,轻度污染,116,333,86,133,45,39,0.81,59
1,2015-05-02,良,57,159,36,51,17,26,0.55,77
2,2015-05-03,轻度污染,108,322,75,131,32,46,0.76,62
3,2015-05-04,良,75,236,36,99,31,42,0.57,64
4,2015-05-05,轻度污染,124,339,88,163,73,67,1.3,66
5,2015-05-06,良,87,225,41,115,30,36,0.7,75
6,2015-05-07,良,74,151,36,97,39,42,0.58,63
7,2015-05-08,良,94,321,64,125,41,32,0.88,107
8,2015-05-09,优,46,77,29,46,8,17,0.61,56
9,2015-05-10,优,38,17,23,34,8,26,0.58,32
10,2015-05-11,优,44,88,22,37,14,27,0.45,56
11,2015-05-12,优,42,52,16,43,17,18,0.22,55
12,2015-05-13,良,68,148,35,85,31,25,0.37,62
13,2015-05-14,良,70,172,32,87,17,20,0.25,58
14,2015-05-15,良,81,272,48,110,26,34,0.75,60
15,2015-05-16,良,91,292,64,126,36,35,0.83,76
16,2015-05-17,轻度污染,128,337,93,171,46,33,1.05,58
17,2015-05-18,良,72,177,41,89,20,20,0.38,59
18,2015-05-19,良,72,199,37,91,24,24,0.47,59
19,2015-05-20,良,53,135,29,55,19,24,0.33,58
20,2015-05-21,良,59,151,35,68,17,22,0.33,63
21,2015-05-22,良,94,304,69,111,39,34,0.74,74
22,2015-05-23,轻度污染,122,328,92,145,40,35,0.87,91
23,2015-05-24,轻度污染,122,320,88,146,39,37,0.9,96
24,2015-05-25,轻度污染,107,264,80,141,44,42,0.94,92
25,2015-05-26,轻度污染,135,315,102,168,44,39,1.04,85
26,2015-05-27,中度污染,167,343,127,176,28,28,0.79,85
27,2015-05-28,中度污染,156,344,117,167,46,31,0.85,89
28,2015-05-29,轻度污染,111,338,81,124,26,33,0.52,72
29,2015-05-30,良,88,316,58,93,30,33,0.34,87
30,2015-05-31,良,96,282,54,99,34,39,0.49,126
0,2015-04-01,良,94,305,69,90,14,31,0.8,39
1,2015-04-02,良,73,271,52,71,19,28,0.74,60
2,2015-04-03,轻度污染,146,351,110,151,26,50,1.1,60
3,2015-04-04,轻度污染,123,317,92,118,23,38,0.52,70
4,2015-04-05,轻度污染,113,295,70,135,24,39,0.51,51
5,2015-04-06,良,52,161,29,55,13,18,0.31,56
6,2015-04-07,轻度污染,104,342,77,129,38,43,0.62,52
7,2015-04-08,轻度污染,134,347,100,150,49,60,1.21,32
8,2015-04-09,中度污染,193,348,148,190,35,57,1.44,44
9,2015-04-10,轻度污染,112,320,82,142,36,58,0.96,49
10,2015-04-11,轻度污染,128,338,96,176,52,56,1.25,52
11,2015-04-12,良,76,233,33,95,9,12,0.4,76
12,2015-04-13,良,51,41,30,50,28,29,0.5,72
13,2015-04-14,良,72,155,43,93,45,57,0.8,66
14,2015-04-15,中度污染,185,338,101,290,59,63,1.16,54
15,2015-04-16,轻度污染,142,315,53,221,15,19,0.28,82
16,2015-04-17,轻度污染,150,347,79,248,54,54,0.93,55
17,2015-04-18,中度污染,190,363,130,304,56,71,1.29,24
18,2015-04-19,轻度污染,112,345,82,138,26,39,0.99,56
19,2015-04-20,轻度污染,109,351,79,145,37,51,1.19,48
20,2015-04-21,良,95,311,63,134,54,53,1.05,51
21,2015-04-22,良,76,234,34,100,43,50,0.79,59
22,2015-04-23,良,82,219,47,113,55,56,0.97,69
23,2015-04-24,良,90,248,48,127,37,38,0.77,83
24,2015-04-25,轻度污染,121,304,83,186,63,80,1.31,61
25,2015-04-26,轻度污染,121,328,87,179,68,67,1.19,61
26,2015-04-27,良,99,283,69,139,61,53,0.99,66
27,2015-04-28,轻度污染,128,343,95,153,47,42,0.98,70
28,2015-04-29,中度污染,151,348,113,195,41,56,1.06,90
29,2015-04-30,轻度污染,146,334,105,173,45,45,1.0,103
0,2015-03-01,良,51,114,23,54,44,29,0.63,43
1,2015-03-02,良,79,208,52,100,72,39,0.9,24
2,2015-03-03,良,59,114,22,70,12,13,0.37,58
3,2015-03-04,良,79,299,53,97,63,39,1.1,40
4,2015-03-05,轻度污染,101,325,75,127,77,50,1.43,28
5,2015-03-06,轻度污染,133,333,99,175,82,51,1.59,39
6,2015-03-07,重度污染,226,360,176,256,110,72,2.29,36
7,2015-03-08,严重污染,294,362,243,346,100,87,2.92,29
8,2015-03-09,良,92,274,60,106,35,39,1.04,44
9,2015-03-10,轻度污染,104,312,77,143,75,53,1.25,39
10,2015-03-11,轻度污染,107,313,73,145,64,51,1.16,44
11,2015-03-12,轻度污染,146,336,108,199,80,66,1.65,56
12,2015-03-13,中度污染,178,345,136,212,70,74,1.86,46
13,2015-03-14,中度污染,160,327,119,220,99,83,1.78,33
14,2015-03-15,中度污染,177,329,123,249,72,69,1.75,47
15,2015-03-16,重度污染,227,349,178,289,70,65,2.02,37
16,2015-03-17,重度污染,216,356,169,275,45,48,1.68,60
17,2015-03-18,良,89,275,54,125,42,45,0.63,50
18,2015-03-19,轻度污染,145,336,108,227,79,71,1.48,47
19,2015-03-20,轻度污染,121,286,69,182,52,55,0.79,44
20,2015-03-21,良,93,241,37,134,28,35,0.36,57
21,2015-03-22,轻度污染,137,319,44,210,36,43,0.63,32
22,2015-03-23,轻度污染,105,319,37,158,42,48,0.68,40
23,2015-03-24,轻度污染,125,341,80,193,72,58,1.16,53
24,2015-03-25,中度污染,171,360,129,234,58,61,1.11,49
25,2015-03-26,轻度污染,102,302,71,142,55,59,0.88,56
26,2015-03-27,轻度污染,102,277,75,137,59,56,0.9,54
27,2015-03-28,轻度污染,106,251,53,153,42,50,0.69,50
28,2015-03-29,轻度污染,146,301,68,241,57,56,0.86,64
29,2015-03-30,中度污染,173,334,121,269,58,58,1.13,61
30,2015-03-31,中度污染,193,347,150,220,34,45,1.54,32
0,2015-02-01,重度污染,214,358,167,244,147,88,3.04,10
1,2015-02-02,严重污染,252,359,201,290,163,99,3.5,8
2,2015-02-03,重度污染,232,335,183,261,179,90,3.37,15
3,2015-02-04,良,53,70,30,54,41,30,0.82,39
4,2015-02-05,良,67,123,43,77,33,23,0.67,24
5,2015-02-06,中度污染,158,342,119,188,81,39,1.88,17
6,2015-02-07,良,75,104,45,93,34,21,0.76,31
7,2015-02-08,良,79,196,52,100,33,21,0.75,24
8,2015-02-09,轻度污染,135,325,102,172,75,37,1.44,14
9,2015-02-10,轻度污染,135,282,97,162,77,32,1.29,23
10,2015-02-11,轻度污染,110,198,81,137,47,34,1.28,28
11,2015-02-12,中度污染,160,284,122,182,76,45,1.7,37
12,2015-02-13,中度污染,172,308,131,198,105,72,2.4,31
13,2015-02-14,中度污染,200,322,154,232,137,82,2.94,35
14,2015-02-15,重度污染,222,340,173,259,86,61,2.41,41
15,2015-02-16,轻度污染,142,269,93,189,70,44,1.44,40
16,2015-02-17,轻度污染,115,246,83,149,58,33,1.21,46
17,2015-02-18,轻度污染,128,292,96,143,76,33,1.3,49
18,2015-02-19,严重污染,272,355,221,276,96,42,2.09,15
19,2015-02-20,重度污染,238,361,189,227,45,34,1.98,8
20,2015-02-21,中度污染,196,351,142,210,63,28,1.61,32
21,2015-02-22,良,70,150,24,87,32,14,0.39,54
22,2015-02-23,良,100,272,68,131,76,32,1.28,37
23,2015-02-24,中度污染,194,355,152,246,96,54,2.51,16
24,2015-02-25,中度污染,185,349,145,230,64,38,1.9,39
25,2015-02-26,良,65,196,45,68,48,28,0.97,48
26,2015-02-27,良,82,309,60,87,46,33,1.17,29
27,2015-02-28,轻度污染,132,357,100,126,50,41,1.32,19
0,2015-01-01,轻度污染,119,310,88,155,126,65,2.07,18
1,2015-01-02,中度污染,172,621,130,219,115,69,2.65,21
2,2015-01-03,严重污染,278,357,224,358,180,105,4.11,13
3,2015-01-04,严重污染,443,359,391,540,259,170,6.97,9
4,2015-01-05,严重污染,330,346,286,402,176,140,5.64,13
5,2015-01-06,良,81,217,52,105,77,52,1.2,27
6,2015-01-07,中度污染,184,360,139,233,180,95,3.57,10
7,2015-01-08,重度污染,204,345,156,258,201,112,4.25,9
8,2015-01-09,严重污染,253,344,203,306,178,119,4.61,19
9,2015-01-10,重度污染,221,331,178,265,167,110,4.45,20
10,2015-01-11,轻度污染,125,228,94,150,105,75,2.37,25
11,2015-01-12,轻度污染,133,286,100,148,104,67,2.19,19
12,2015-01-13,重度污染,243,359,195,284,173,93,3.41,13
13,2015-01-14,严重污染,263,358,212,303,148,101,3.43,6
14,2015-01-15,严重污染,358,362,310,418,144,112,5.48,9
15,2015-01-16,重度污染,202,320,157,253,47,64,3.65,29
16,2015-01-17,轻度污染,111,214,82,142,113,73,1.88,19
17,2015-01-18,轻度污染,110,203,54,153,65,42,1.21,44
18,2015-01-19,良,87,151,55,115,103,72,2.0,25
19,2015-01-20,中度污染,153,317,115,190,129,82,2.71,13
20,2015-01-21,良,100,174,70,118,66,51,1.37,39
21,2015-01-22,中度污染,152,304,114,187,143,76,2.51,19
22,2015-01-23,重度污染,212,348,164,263,189,100,3.95,12
23,2015-01-24,重度污染,231,326,184,283,111,94,3.54,5
24,2015-01-25,轻度污染,128,183,96,129,50,48,1.42,12
25,2015-01-26,重度污染,235,308,190,276,66,65,2.74,12
26,2015-01-27,良,66,132,47,69,60,35,0.98,34
27,2015-01-28,轻度污染,121,347,90,127,82,50,1.52,24
28,2015-01-29,中度污染,162,351,124,171,84,58,1.75,20
29,2015-01-30,轻度污染,106,280,76,128,81,54,1.36,30
30,2015-01-31,中度污染,159,350,120,189,125,73,2.32,20
0,2014-12-01,良,61,56,27,71,33,26,0.54,29
1,2014-12-02,轻度污染,118,184,87,157,83,45,1.98,9
2,2014-12-03,良,59,55,28,67,35,30,0.5,44
3,2014-12-04,良,62,88,24,70,39,30,0.61,45
4,2014-12-05,轻度污染,120,165,80,164,125,67,1.87,13
5,2014-12-06,重度污染,211,180,163,253,139,83,3.4,10
6,2014-12-07,中度污染,174,178,132,218,101,73,2.99,12
7,2014-12-08,重度污染,205,185,158,243,117,71,3.5,7
8,2014-12-09,严重污染,292,187,240,351,166,93,4.57,11
9,2014-12-10,重度污染,249,186,175,336,96,59,2.26,27
10,2014-12-11,良,99,128,61,139,88,54,1.05,21
11,2014-12-12,良,80,104,36,106,52,34,0.71,39
12,2014-12-13,轻度污染,108,151,74,146,121,61,1.63,16
13,2014-12-14,中度污染,176,168,137,238,194,83,2.45,10
14,2014-12-15,中度污染,161,151,101,221,102,49,1.7,29
15,2014-12-16,良,66,72,22,79,45,28,0.52,41
16,2014-12-17,良,97,157,64,128,89,54,1.36,22
17,2014-12-18,严重污染,310,187,259,393,216,121,4.39,10
18,2014-12-19,重度污染,211,181,163,267,88,70,2.95,25
19,2014-12-20,良,77,96,53,87,63,43,0.99,20
20,2014-12-21,良,78,93,44,97,54,38,0.7,29
21,2014-12-22,良,87,79,53,108,110,54,1.18,26
22,2014-12-23,严重污染,269,186,218,333,210,97,4.08,13
23,2014-12-24,中度污染,185,159,143,237,118,71,2.38,21
24,2014-12-25,轻度污染,147,160,108,190,143,67,2.24,18
25,2014-12-26,严重污染,288,188,237,350,205,97,4.4,7
26,2014-12-27,严重污染,386,188,320,477,260,119,6.2,8
27,2014-12-28,中度污染,180,142,139,237,126,73,2.68,25
28,2014-12-29,轻度污染,149,119,110,217,143,74,2.5,19
29,2014-12-30,轻度污染,146,128,111,192,107,68,2.32,21
30,2014-12-31,轻度污染,104,374,30,150,31,18,0.4,48
0,2014-11-01,中度污染,165,167,116,223,41,67,1.3,26
1,2014-11-02,良,54,70,20,61,19,35,0.43,35
2,2014-11-03,良,65,82,32,79,38,43,0.59,24
3,2014-11-04,轻度污染,116,168,84,172,71,66,1.55,24
4,2014-11-05,良,96,94,64,124,47,55,1.06,26
5,2014-11-06,良,61,37,32,72,17,34,0.5,32
6,2014-11-07,良,58,54,34,63,20,31,0.42,20
7,2014-11-08,良,93,142,69,98,16,46,0.81,10
8,2014-11-09,轻度污染,133,148,100,146,31,56,1.35,20
9,2014-11-10,轻度污染,150,139,113,161,40,65,1.54,27
10,2014-11-11,轻度污染,102,96,66,114,83,44,0.84,35
11,2014-11-12,优,43,35,17,43,11,25,0.41,37
12,2014-11-13,良,56,46,26,64,30,42,0.69,22
13,2014-11-14,良,72,57,41,93,46,48,0.96,19
14,2014-11-15,轻度污染,138,160,104,189,60,55,1.64,11
15,2014-11-16,良,100,93,67,119,27,37,1.16,22
16,2014-11-17,良,65,29,33,80,65,46,0.78,18
17,2014-11-18,轻度污染,143,156,99,198,109,66,2.24,25
18,2014-11-19,严重污染,265,186,214,341,126,98,3.42,6
19,2014-11-20,严重污染,394,188,342,479,98,117,3.65,12
20,2014-11-21,严重污染,422,182,380,519,95,118,4.14,15
21,2014-11-22,重度污染,244,166,206,300,65,80,2.8,16
22,2014-11-23,中度污染,168,149,127,217,91,65,2.62,10
23,2014-11-24,中度污染,171,169,128,191,64,56,2.26,12
24,2014-11-25,重度污染,229,187,181,262,95,81,3.07,11
25,2014-11-26,严重污染,344,189,293,416,91,101,4.17,11
26,2014-11-27,重度污染,246,183,201,299,45,79,2.74,6
27,2014-11-28,轻度污染,121,164,91,141,60,53,1.65,9
28,2014-11-29,重度污染,203,180,156,264,49,58,3.39,3
29,2014-11-30,轻度污染,132,159,77,187,35,36,1.59,27
0,2014-10-01,轻度污染,104,178,76,134,18,25,0.91,6
1,2014-10-02,中度污染,168,187,128,198,26,43,1.48,13
2,2014-10-03,中度污染,168,184,127,204,35,37,1.43,33
3,2014-10-04,轻度污染,149,184,112,142,21,28,1.06,35
4,2014-10-05,良,94,152,66,105,17,29,0.75,32
5,2014-10-06,良,80,118,53,105,25,35,0.81,39
6,2014-10-07,重度污染,234,186,188,281,52,61,1.9,39
7,2014-10-08,严重污染,337,187,287,397,42,57,1.88,32
8,2014-10-09,严重污染,429,188,386,507,55,70,2.42,46
9,2014-10-10,严重污染,327,186,275,365,32,57,1.52,48
10,2014-10-11,严重污染,283,189,232,313,36,54,1.41,48
11,2014-10-12,优,40,27,23,40,13,17,0.38,26
12,2014-10-13,优,42,19,20,43,20,23,0.48,23
13,2014-10-14,良,85,99,55,114,37,36,0.84,26
14,2014-10-15,良,76,25,35,97,26,27,0.48,34
15,2014-10-16,良,77,65,37,103,35,40,0.7,21
16,2014-10-17,轻度污染,119,131,76,186,57,65,1.4,39
17,2014-10-18,轻度污染,137,139,89,216,66,80,1.5,35
18,2014-10-19,重度污染,249,185,199,337,51,77,1.79,27
19,2014-10-20,严重污染,269,189,218,334,27,53,1.72,26
20,2014-10-21,轻度污染,116,151,78,138,31,29,0.89,24
21,2014-10-22,轻度污染,117,143,81,147,28,41,0.97,18
22,2014-10-23,严重污染,292,188,233,371,43,72,2.43,32
23,2014-10-24,严重污染,411,189,330,518,36,73,2.7,29
24,2014-10-25,严重污染,365,189,267,466,28,64,2.98,26
25,2014-10-26,中度污染,168,180,116,230,25,39,1.6,39
26,2014-10-27,良,74,73,38,96,33,30,0.71,38
27,2014-10-28,良,100,149,65,145,64,56,1.27,27
28,2014-10-29,重度污染,207,183,158,293,63,88,1.68,6
29,2014-10-30,重度污染,247,180,196,309,96,93,2.7,11
30,2014-10-31,严重污染,283,181,231,369,84,97,2.58,25
0,2014-09-01,轻度污染,149,185,113,153,33,22,0.92,69
1,2014-09-02,良,56,122,39,51,15,14,0.67,58
2,2014-09-03,优,32,22,13,25,13,16,0.34,45
3,2014-09-04,良,61,73,21,65,37,34,0.74,74
4,2014-09-05,良,97,139,64,123,43,47,1.18,87
5,2014-09-06,轻度污染,127,177,95,166,36,31,0.94,57
6,2014-09-07,轻度污染,141,175,107,171,30,31,1.08,48
7,2014-09-08,良,97,149,63,111,22,24,0.66,45
8,2014-09-09,良,78,133,41,105,36,29,0.66,57
9,2014-09-10,良,100,169,71,128,48,36,0.91,70
10,2014-09-11,轻度污染,119,189,89,136,24,45,0.94,32
11,2014-09-12,优,36,32,23,35,5,12,0.34,35
12,2014-09-13,良,68,139,47,77,15,18,0.62,40
13,2014-09-14,良,85,167,62,98,11,23,0.68,18
14,2014-09-15,良,53,114,29,55,11,21,0.56,16
15,2014-09-16,良,66,159,34,85,29,28,0.87,16
16,2014-09-17,优,36,53,24,36,7,20,0.36,16
17,2014-09-18,良,56,102,35,61,15,17,0.54,38
18,2014-09-19,良,88,153,63,104,22,27,0.97,35
19,2014-09-20,中度污染,155,186,117,180,26,25,1.31,52
20,2014-09-21,中度污染,167,185,126,191,22,22,1.22,68
21,2014-09-22,轻度污染,149,183,113,190,18,20,1.07,46
22,2014-09-23,轻度污染,112,178,84,130,25,33,1.49,23
23,2014-09-24,轻度污染,114,176,85,120,14,27,0.84,50
24,2014-09-25,轻度污染,119,173,89,139,15,20,0.6,46
25,2014-09-26,轻度污染,146,177,110,178,21,23,0.77,46
26,2014-09-27,轻度污染,117,155,84,133,12,15,0.63,55
27,2014-09-28,轻度污染,127,178,96,146,12,21,0.78,18
28,2014-09-29,良,99,181,73,120,10,15,0.61,35
29,2014-09-30,优,49,81,26,55,23,21,0.47,18
0,2014-08-01,中度污染,187,188,142,200,21,28,0.86,79
1,2014-08-02,中度污染,191,189,145,217,20,29,0.87,77
2,2014-08-03,重度污染,204,190,156,230,24,25,1.01,82
3,2014-08-04,中度污染,159,185,118,187,23,25,0.91,45
4,2014-08-05,优,39,20,21,36,11,17,0.31,48
5,2014-08-06,优,25,4,11,23,11,20,0.28,30
6,2014-08-07,优,50,61,27,52,19,21,0.65,70
7,2014-08-09,良,96,175,69,129,35,40,1.04,75
8,2014-08-10,轻度污染,135,188,102,180,50,40,1.56,96
9,2014-08-11,良,97,148,63,119,34,37,1.0,60
10,2014-08-12,良,81,142,39,101,36,37,0.69,78
11,2014-08-13,良,60,101,39,62,19,20,0.7,73
12,2014-08-14,良,61,122,33,67,27,30,0.6,63
13,2014-08-15,良,58,68,26,62,27,34,0.52,69
14,2014-08-16,轻度污染,103,158,70,141,42,44,1.14,74
15,2014-08-17,良,80,149,56,101,35,30,0.96,77
16,2014-08-18,轻度污染,115,186,86,133,41,39,1.49,54
17,2014-08-19,良,90,159,60,108,33,28,0.73,91
18,2014-08-20,轻度污染,116,168,85,154,48,37,1.31,92
19,2014-08-21,中度污染,153,180,113,189,42,35,1.29,95
20,2014-08-23,轻度污染,114,173,79,168,46,36,1.52,84
21,2014-08-24,良,53,77,22,52,27,18,0.5,86
22,2014-08-25,良,70,120,31,82,31,29,0.69,77
23,2014-08-26,良,94,142,58,124,39,33,0.97,102
24,2014-08-27,轻度污染,133,186,101,166,46,41,1.39,94
25,2014-08-28,良,100,172,71,106,27,19,0.95,101
26,2014-08-29,良,85,151,62,86,23,17,0.95,89
27,2014-08-30,轻度污染,129,181,97,141,30,22,1.08,76
28,2014-08-31,轻度污染,121,185,90,121,29,22,1.0,66
0,2014-07-01,中度污染,156,183,118,191,51,46,1.25,105
1,2014-07-02,中度污染,161,190,123,165,32,31,0.97,85
2,2014-07-03,严重污染,260,190,209,293,43,43,1.38,98
3,2014-07-04,轻度污染,119,171,89,141,24,33,0.82,99
4,2014-07-05,轻度污染,118,178,88,125,24,26,0.62,108
5,2014-07-06,重度污染,209,187,164,243,39,42,1.16,118
6,2014-07-07,重度污染,236,190,188,277,47,42,1.29,125
7,2014-07-08,严重污染,253,190,201,298,44,42,1.58,118
8,2014-07-09,优,44,27,27,40,12,31,0.4,65
9,2014-07-10,良,72,97,45,73,17,27,0.69,80
10,2014-07-11,轻度污染,143,162,96,150,37,39,1.14,75
11,2014-07-12,良,76,121,31,93,31,43,0.6,71
12,2014-07-13,良,75,136,28,83,35,43,0.54,83
13,2014-07-14,良,92,129,47,117,61,53,0.8,88
14,2014-07-15,轻度污染,113,185,74,152,46,31,0.88,138
15,2014-07-16,轻度污染,125,183,92,154,34,38,1.06,124
16,2014-07-17,中度污染,168,188,126,196,17,34,1.01,115
17,2014-07-18,中度污染,177,188,130,203,20,40,1.09,100
18,2014-07-19,轻度污染,113,174,82,136,20,35,0.74,67
19,2014-07-20,良,95,162,69,131,29,46,0.97,67
20,2014-07-21,轻度污染,112,186,82,143,23,35,1.04,72
21,2014-07-22,良,55,74,33,62,15,31,0.57,51
22,2014-07-23,优,50,66,18,50,23,42,0.52,60
23,2014-07-24,良,59,99,27,67,24,46,0.65,57
24,2014-07-25,良,92,165,50,106,28,45,1.04,98
25,2014-07-26,轻度污染,150,179,106,174,41,38,1.23,115
26,2014-07-27,轻度污染,144,176,106,181,34,44,1.01,98
27,2014-07-28,中度污染,151,181,112,186,29,36,1.08,88
28,2014-07-29,轻度污染,145,181,110,157,19,26,0.8,55
29,2014-07-30,轻度污染,119,184,89,122,14,19,0.74,68
30,2014-07-31,中度污染,167,186,126,168,19,22,0.82,76
0,2014-06-01,轻度污染,116,170,88,146,27,36,0.89,76
1,2014-06-02,良,66,110,43,76,21,16,0.44,84
2,2014-06-03,良,88,155,55,108,33,32,0.61,84
3,2014-06-04,良,98,158,65,124,41,26,0.64,114
4,2014-06-05,轻度污染,115,161,72,151,50,34,0.8,110
5,2014-06-06,轻度污染,125,151,91,171,57,42,1.03,75
6,2014-06-07,良,62,82,29,62,27,23,0.38,71
7,2014-06-08,良,89,114,38,126,26,18,0.43,76
8,2014-06-09,良,82,127,32,114,27,22,0.51,63
9,2014-06-10,轻度污染,105,161,61,158,40,26,0.64,83
10,2014-06-11,良,94,142,63,121,23,15,0.66,101
11,2014-06-12,良,98,128,49,116,42,33,0.73,112
12,2014-06-13,中度污染,155,175,95,211,63,47,1.03,145
13,2014-06-14,轻度污染,119,131,74,165,53,33,0.89,123
14,2014-06-15,轻度污染,147,160,107,207,62,62,1.27,68
15,2014-06-16,重度污染,210,188,162,226,33,29,1.05,93
16,2014-06-17,重度污染,227,190,176,235,32,28,1.12,89
17,2014-06-18,重度污染,211,189,163,245,42,57,1.22,45
18,2014-06-19,中度污染,199,188,159,227,30,59,1.49,27
19,2014-06-20,良,69,141,44,67,26,27,0.72,93
20,2014-06-21,轻度污染,112,184,83,120,31,35,0.81,105
21,2014-06-22,轻度污染,115,179,83,136,32,57,0.9,97
22,2014-06-23,轻度污染,101,174,68,106,44,64,1.18,96
23,2014-06-24,轻度污染,147,187,111,188,56,65,1.13,107
24,2014-06-25,中度污染,181,190,138,179,36,40,1.2,86
25,2014-06-26,中度污染,189,189,139,207,43,49,1.35,97
26,2014-06-27,轻度污染,112,182,68,127,40,41,0.78,95
27,2014-06-28,良,83,127,36,100,52,53,0.66,81
28,2014-06-29,良,95,136,64,137,74,62,0.94,87
29,2014-06-30,轻度污染,103,141,65,129,60,49,0.83,101
0,2014-05-01,严重污染,256,188,177,351,44,31,0.94,59
1,2014-05-02,良,77,78,25,101,17,14,0.17,69
2,2014-05-03,轻度污染,101,151,43,152,28,25,0.38,55
3,2014-05-04,良,62,69,24,74,12,16,0.18,71
4,2014-05-05,良,73,111,33,95,37,40,0.41,58
5,2014-05-06,轻度污染,129,185,73,206,52,58,0.95,56
6,2014-05-07,轻度污染,132,182,96,197,42,42,0.82,101
7,2014-05-08,轻度污染,128,177,96,167,57,38,0.89,90
8,2014-05-09,轻度污染,133,174,99,182,61,40,1.02,71
9,2014-05-10,轻度污染,102,182,70,138,39,34,1.18,61
10,2014-05-11,良,56,98,37,53,18,24,0.66,67
11,2014-05-12,良,79,116,36,106,53,48,0.74,58
12,2014-05-13,轻度污染,130,181,80,203,83,73,1.07,55
13,2014-05-14,良,93,122,38,133,35,38,0.37,62
14,2014-05-15,轻度污染,109,167,42,167,59,45,0.44,65
15,2014-05-16,轻度污染,117,148,57,184,77,39,0.74,115
16,2014-05-17,轻度污染,123,161,84,181,80,42,1.05,114
17,2014-05-18,中度污染,151,180,112,235,89,63,1.14,109
18,2014-05-19,中度污染,171,184,103,279,76,56,1.06,72
19,2014-05-20,中度污染,172,180,109,289,72,51,1.23,110
20,2014-05-21,中度污染,182,176,132,266,47,32,0.96,112
21,2014-05-22,轻度污染,142,161,97,230,53,38,0.87,97
22,2014-05-23,轻度污染,133,178,87,197,52,39,0.76,84
23,2014-05-24,轻度污染,147,181,109,164,26,22,0.64,92
24,2014-05-25,轻度污染,148,161,71,220,21,20,0.25,74
25,2014-05-26,良,79,71,23,106,28,31,0.24,72
26,2014-05-27,轻度污染,131,133,41,208,27,24,0.24,77
27,2014-05-28,轻度污染,113,124,47,175,37,34,0.73,85
28,2014-05-29,轻度污染,117,109,58,178,49,22,0.56,125
29,2014-05-30,中度污染,157,149,102,248,52,38,0.96,120
30,2014-05-31,中度污染,200,187,151,298,50,51,1.27,80
0,2014-04-01,轻度污染,120,158,89,155,66,45,0.99,67
1,2014-04-02,重度污染,221,190,166,306,99,72,1.74,44
2,2014-04-03,良,91,137,55,131,37,34,0.69,64
3,2014-04-04,轻度污染,132,177,64,201,57,56,0.83,43
4,2014-04-05,轻度污染,132,169,47,196,43,31,0.53,66
5,2014-04-06,轻度污染,149,186,84,248,76,68,1.0,43
6,2014-04-07,中度污染,180,188,131,284,95,84,1.38,43
7,2014-04-08,严重污染,253,190,172,355,101,78,1.83,71
8,2014-04-09,重度污染,213,186,160,298,96,72,1.59,69
9,2014-04-10,中度污染,187,185,66,283,34,26,0.78,55
10,2014-04-11,轻度污染,107,144,61,161,24,31,0.79,40
11,2014-04-12,轻度污染,148,168,110,209,41,39,1.19,42
12,2014-04-13,重度污染,227,186,176,285,64,43,1.55,46
13,2014-04-14,中度污染,175,177,127,232,60,31,1.1,66
14,2014-04-15,轻度污染,111,139,80,133,35,33,0.68,38
15,2014-04-16,良,82,118,56,107,34,32,0.62,44
16,2014-04-17,轻度污染,107,133,80,114,20,22,0.76,58
17,2014-04-18,重度污染,211,182,165,221,39,49,1.39,33
18,2014-04-19,中度污染,169,189,131,178,33,37,0.85,30
19,2014-04-20,中度污染,199,188,155,213,36,27,0.84,42
20,2014-04-21,重度污染,225,187,183,261,48,35,1.03,44
21,2014-04-22,轻度污染,130,167,96,183,44,33,0.72,51
22,2014-04-23,中度污染,160,179,118,212,47,37,0.76,37
23,2014-04-24,中度污染,159,178,122,192,39,30,0.61,56
24,2014-04-25,中度污染,161,175,119,200,43,32,0.7,57
25,2014-04-26,良,98,159,47,144,14,14,0.34,51
26,2014-04-27,轻度污染,113,169,56,173,26,25,0.61,56
27,2014-04-28,轻度污染,113,175,82,159,28,24,0.68,73
28,2014-04-29,轻度污染,119,170,82,181,37,30,0.73,77
29,2014-04-30,中度污染,171,184,130,236,36,32,0.85,73
0,2014-03-01,中度污染,151,177,114,202,89,50,1.15,33
1,2014-03-02,中度污染,181,164,138,257,104,63,1.51,21
2,2014-03-03,严重污染,351,190,291,440,79,81,2.54,12
3,2014-03-04,重度污染,235,187,191,303,57,59,2.18,27
4,2014-03-05,良,85,117,55,106,46,35,0.67,38
5,2014-03-06,轻度污染,103,153,70,143,57,43,0.93,38
6,2014-03-07,中度污染,154,181,115,215,117,67,1.43,19
7,2014-03-08,严重污染,265,188,213,344,166,103,1.92,25
8,2014-03-09,重度污染,246,186,198,303,100,76,1.76,36
9,2014-03-10,重度污染,241,188,191,293,132,84,1.81,27
10,2014-03-11,严重污染,337,190,271,427,146,123,2.61,30
11,2014-03-12,轻度污染,113,140,67,146,44,44,0.69,39
12,2014-03-13,良,94,144,60,134,75,54,0.9,29
13,2014-03-14,轻度污染,105,151,45,160,65,53,0.74,37
14,2014-03-15,轻度污染,109,119,62,167,106,64,1.34,39
15,2014-03-16,重度污染,216,188,166,321,112,82,2.1,41
16,2014-03-17,严重污染,384,188,215,498,109,99,2.32,24
17,2014-03-18,严重污染,296,175,152,413,73,62,1.6,42
18,2014-03-19,轻度污染,104,114,74,148,62,58,0.76,36
19,2014-03-20,良,73,74,27,95,39,37,1.27,50
20,2014-03-21,良,91,150,44,131,69,60,0.81,39
21,2014-03-22,轻度污染,121,165,76,189,102,80,1.42,41
22,2014-03-23,中度污染,155,171,118,207,78,68,1.34,61
23,2014-03-25,重度污染,222,175,171,282,112,90,1.92,60
24,2014-03-26,严重污染,264,181,214,330,117,89,2.04,41
25,2014-03-27,严重污染,317,190,262,387,55,77,1.94,14
26,2014-03-28,重度污染,245,187,197,328,52,64,1.73,45
27,2014-03-29,中度污染,188,172,133,281,50,63,1.37,50
28,2014-03-30,中度污染,176,183,126,282,74,71,1.4,51
29,2014-03-31,轻度污染,104,138,72,151,52,52,0.87,54
0,2014-02-01,重度污染,220,153,170,294,97,37,1.69,20
1,2014-02-02,严重污染,269,168,191,391,75,35,2.2,19
2,2014-02-03,轻度污染,115,149,71,164,49,19,0.84,35
3,2014-02-04,轻度污染,116,169,82,172,71,25,1.04,27
4,2014-02-05,轻度污染,114,180,86,132,65,22,0.7,19
5,2014-02-06,轻度污染,136,180,103,153,87,23,0.74,27
6,2014-02-07,中度污染,153,177,116,166,62,23,1.0,28
7,2014-02-08,中度污染,155,175,118,170,60,20,0.89,40
8,2014-02-09,优,44,67,25,43,36,13,0.45,47
9,2014-02-10,良,63,119,37,75,46,27,0.96,30
10,2014-02-11,中度污染,182,182,143,229,156,65,2.26,18
11,2014-02-12,严重污染,380,190,299,482,231,97,3.55,13
12,2014-02-13,严重污染,372,189,305,476,257,100,3.22,24
13,2014-02-14,严重污染,424,189,339,541,231,108,3.09,18
14,2014-02-15,严重污染,491,189,457,690,171,113,3.61,14
15,2014-02-16,严重污染,481,189,506,741,176,155,4.32,8
16,2014-02-17,重度污染,223,183,178,291,109,79,1.8,30
17,2014-02-18,轻度污染,119,170,89,169,83,55,0.93,32
18,2014-02-19,重度污染,212,188,163,277,87,64,1.52,26
19,2014-02-20,严重污染,284,190,232,365,124,71,2.11,16
20,2014-02-21,严重污染,398,189,351,472,133,106,2.62,29
21,2014-02-22,严重污染,405,189,357,486,117,105,3.18,15
22,2014-02-23,严重污染,400,187,346,474,114,97,3.46,13
23,2014-02-24,严重污染,347,183,297,409,124,89,3.03,22
24,2014-02-25,严重污染,459,189,428,596,167,119,3.93,20
25,2014-02-26,严重污染,476,189,498,710,125,98,4.39,21
26,2014-02-27,中度污染,153,175,118,167,24,24,1.17,35
27,2014-02-28,轻度污染,110,171,82,136,64,42,0.91,23
0,2014-01-01,良,86,30,45,118,96,54,0.93,41
1,2014-01-02,中度污染,153,110,150,255,226,104,2.48,16
2,2014-01-03,轻度污染,144,94,105,209,178,74,1.58,28
3,2014-01-04,重度污染,241,179,180,335,175,88,3.11,16
4,2014-01-05,严重污染,290,183,224,373,150,85,3.25,19
5,2014-01-06,严重污染,390,189,325,475,150,86,4.3,14
6,2014-01-07,严重污染,404,189,346,504,180,85,4.25,11
7,2014-01-08,重度污染,215,185,171,270,108,57,2.68,20
8,2014-01-09,中度污染,162,172,116,240,126,63,2.18,16
9,2014-01-10,严重污染,261,182,204,372,265,96,3.01,7
10,2014-01-11,严重污染,463,190,368,591,301,130,5.53,8
11,2014-01-12,中度污染,185,166,143,258,129,71,1.89,29
12,2014-01-13,重度污染,248,185,188,346,198,87,5.05,15
13,2014-01-14,严重污染,347,189,260,461,257,111,5.35,9
14,2014-01-15,严重污染,453,190,403,638,273,135,5.34,8
15,2014-01-16,严重污染,500,190,519,701,209,142,5.31,10
16,2014-01-17,严重污染,500,190,484,724,150,128,5.22,9
17,2014-01-18,严重污染,459,189,424,594,175,120,5.29,13
18,2014-01-19,严重污染,489,190,329,654,136,103,3.7,20
19,2014-01-20,良,100,61,28,143,46,33,0.63,45
20,2014-01-21,轻度污染,138,172,97,208,127,65,1.94,18
21,2014-01-22,严重污染,276,190,204,394,272,112,3.82,13
22,2014-01-24,严重污染,411,190,299,515,236,153,4.68,11
23,2014-01-25,重度污染,208,161,161,291,141,85,3.04,28
24,2014-01-26,重度污染,243,176,189,329,155,76,2.82,14
25,2014-01-27,严重污染,404,189,299,507,176,94,4.33,20
26,2014-01-28,严重污染,316,181,238,412,148,75,3.63,25
27,2014-01-29,严重污染,377,190,270,485,180,88,4.04,25
28,2014-01-30,重度污染,221,125,173,323,113,54,2.56,34
29,2014-01-31,重度污染,236,113,188,319,110,35,1.5,22
0,2013-12-01,中度污染,166,99,166,338,203,100,3.09,12
1,2013-12-02,严重污染,273,106,264,491,262,127,4.47,11
2,2013-12-03,严重污染,361,109,194,360,209,103,2.74,13
3,2013-12-04,重度污染,215,74,196,388,201,114,2.91,14
4,2013-12-05,重度污染,221,76,123,256,111,85,1.95,14
5,2013-12-06,中度污染,169,74,202,390,181,111,4.28,14
6,2013-12-07,严重污染,397,109,343,566,142,124,4.74,12
7,2013-12-08,严重污染,461,112,269,503,88,127,3.98,7
8,2013-12-09,重度污染,240,84,31,108,100,44,0.62,27
9,2013-12-10,轻度污染,111,59,75,208,137,57,1.46,27
10,2013-12-11,轻度污染,104,51,33,136,89,51,0.88,31
11,2013-12-12,轻度污染,105,53,67,179,134,64,1.39,24
12,2013-12-13,严重污染,319,114,399,225,149,69,1.63,16
13,2013-12-14,严重污染,345,113,181,315,219,112,3.35,12
14,2013-12-15,严重污染,277,103,281,433,234,130,4.19,14
15,2013-12-16,严重污染,384,109,327,489,213,134,4.82,19
16,2013-12-17,严重污染,306,107,169,282,138,105,3.61,6
17,2013-12-18,中度污染,197,97,171,246,134,67,3.26,11
18,2013-12-19,严重污染,312,108,312,480,161,85,4.34,12
19,2013-12-20,严重污染,480,112,477,645,150,117,6.31,15
20,2013-12-21,严重污染,498,113,448,615,171,118,5.86,11
21,2013-12-22,严重污染,440,114,427,620,188,122,6.37,9
22,2013-12-23,严重污染,500,114,580,770,260,162,8.78,12
23,2013-12-24,严重污染,500,114,508,731,283,154,7.83,9
24,2013-12-25,严重污染,500,112,653,843,262,186,9.46,10
25,2013-12-26,严重污染,342,103,28,82,41,31,0.63,33
26,2013-12-27,良,65,23,47,95,140,53,1.29,16
27,2013-12-28,良,84,32,65,125,105,57,1.85,25
28,2013-12-29,良,89,36,42,128,104,54,0.81,32
29,2013-12-30,良,87,22,36,129,97,60,0.67,36
30,2013-12-31,良,96,36,32,139,64,53,0.55,46
0,2013-11-01,严重污染,288,110,226,359,63,76,1.84,5
1,2013-11-02,严重污染,263,106,213,348,64,69,2.14,14
2,2013-11-03,轻度污染,144,86,90,201,39,52,1.39,27
3,2013-11-04,轻度污染,134,97,76,216,83,69,1.19,15
4,2013-11-05,重度污染,214,113,138,348,113,89,1.81,16
5,2013-11-06,轻度污染,138,69,57,204,87,52,0.69,38
6,2013-11-07,轻度污染,115,69,51,196,77,60,0.39,20
7,2013-11-08,中度污染,160,93,149,349,85,94,1.68,11
8,2013-11-09,重度污染,249,113,169,335,70,87,2.11,6
9,2013-11-10,轻度污染,133,87,41,137,58,40,0.7,24
10,2013-11-11,轻度污染,120,111,68,193,64,53,1.14,22
11,2013-11-12,轻度污染,137,105,134,296,122,86,1.95,10
12,2013-11-13,严重污染,269,111,245,529,167,109,3.96,7
13,2013-11-14,严重污染,384,111,122,350,83,60,1.35,29
14,2013-11-15,中度污染,173,95,87,338,106,60,0.75,32
15,2013-11-16,中度污染,194,95,59,258,49,38,0.38,40
16,2013-11-17,轻度污染,107,65,48,135,80,47,0.65,25
17,2013-11-18,轻度污染,106,87,83,218,110,66,1.06,14
18,2013-11-19,轻度污染,139,101,95,198,81,57,1.27,17
19,2013-11-20,中度污染,167,91,169,358,137,96,2.4,9
20,2013-11-21,严重污染,308,113,234,459,206,115,2.91,9
21,2013-11-22,严重污染,392,113,293,555,284,127,4.79,13
22,2013-11-23,严重污染,498,114,378,670,237,147,6.23,11
23,2013-11-24,严重污染,420,111,196,398,125,73,2.25,13
24,2013-11-25,轻度污染,129,103,42,150,69,40,0.58,24
25,2013-11-26,轻度污染,115,89,100,249,120,60,1.52,17
26,2013-11-27,轻度污染,104,78,29,122,45,27,0.42,42
27,2013-11-28,良,91,103,40,131,83,49,0.8,28
28,2013-11-29,良,90,88,60,165,164,69,1.06,22
29,2013-11-30,轻度污染,127,98,88,214,163,72,1.45,21
0,2013-10-28,严重污染,462,113,308,577,100,109,3.55,28
1,2013-10-29,严重污染,300,106,230,385,66,81,2.33,28
2,2013-10-30,中度污染,191,106,144,281,54,70,1.69,25
3,2013-10-31,严重污染,270,114,204,387,59,85,2.31,8
