0,2019-12-01,优,34,67,16,34,15,26,0.43,52
1,2019-12-02,优,35,81,14,35,11,24,0.39,52
2,2019-12-03,良,71,229,47,94,41,57,0.98,24
3,2019-12-04,良,72,230,48,96,39,59,0.94,25
4,2019-12-05,良,70,226,42,88,24,61,0.88,15
5,2019-12-06,轻度污染,135,349,101,155,33,69,1.45,8
6,2019-12-07,中度污染,153,315,115,176,40,83,1.69,10
7,2019-12-08,轻度污染,148,296,112,175,44,81,1.63,16
8,2019-12-09,轻度污染,106,238,75,131,43,67,1.3,21
9,2019-12-10,良,71,113,35,93,18,41,0.61,36
0,2019-11-01,良,97,281,62,143,29,76,1.19,7
1,2019-11-02,轻度污染,118,334,88,149,24,74,1.17,9
2,2019-11-03,良,79,282,58,86,14,47,1.0,18
3,2019-11-04,良,95,326,70,101,13,57,1.28,18
4,2019-11-05,良,77,254,55,90,16,60,1.07,32
5,2019-11-06,良,96,294,71,112,15,71,1.1,20
6,2019-11-07,良,95,314,71,111,12,56,0.88,16
7,2019-11-08,中度污染,163,351,123,179,23,67,1.24,19
8,2019-11-09,中度污染,178,341,137,187,28,65,1.39,19
9,2019-11-10,良,64,124,24,81,7,27,0.33,51
10,2019-11-11,良,98,338,51,146,25,68,0.91,17
11,2019-11-12,良,98,327,64,146,33,61,1.05,28
12,2019-11-13,良,60,207,19,73,7,19,0.31,59
13,2019-11-14,良,78,320,39,106,31,54,0.78,25
14,2019-11-15,良,85,312,50,121,29,70,1.0,15
15,2019-11-16,轻度污染,101,306,66,144,32,74,1.2,15
16,2019-11-17,轻度污染,106,256,58,148,10,35,0.61,43
17,2019-11-18,轻度污染,104,318,44,159,12,31,0.48,42
18,2019-11-19,轻度污染,109,320,65,169,37,67,1.04,17
19,2019-11-20,轻度污染,130,350,92,193,49,83,1.55,7
20,2019-11-21,轻度污染,102,323,76,125,43,58,1.16,22
21,2019-11-22,轻度污染,121,329,91,150,18,69,1.33,17
22,2019-11-23,中度污染,168,338,127,202,30,86,1.58,13
23,2019-11-24,优,41,111,14,42,9,24,0.46,47
24,2019-11-25,良,67,316,32,83,21,50,0.9,16
25,2019-11-26,轻度污染,103,354,73,153,42,70,1.56,10
26,2019-11-27,良,74,296,44,97,24,54,0.97,23
27,2019-11-28,良,90,337,61,125,36,61,1.31,14
28,2019-11-29,轻度污染,109,346,81,135,26,59,1.27,16
29,2019-11-30,中度污染,176,362,135,163,29,48,1.28,21
0,2019-10-01,良,74,285,46,81,9,38,0.84,105
1,2019-10-02,良,66,247,44,74,10,38,0.83,87
2,2019-10-03,良,76,297,53,94,15,51,1.06,78
3,2019-10-04,优,41,157,27,47,11,30,0.77,33
4,2019-10-05,优,22,58,9,22,7,26,0.48,29
5,2019-10-06,优,47,286,26,48,10,41,0.71,7
6,2019-10-07,良,69,343,49,70,11,43,1.03,35
7,2019-10-08,良,60,299,32,73,14,52,0.88,33
8,2019-10-09,良,92,362,59,121,16,64,1.16,21
9,2019-10-10,轻度污染,139,365,105,147,23,73,1.69,39
10,2019-10-11,良,95,359,71,121,17,64,1.23,35
11,2019-10-12,轻度污染,105,365,79,121,14,53,1.32,30
12,2019-10-13,良,52,218,34,51,8,43,0.99,39
13,2019-10-14,优,40,175,24,40,8,36,0.74,18
14,2019-10-15,优,44,230,25,45,11,48,0.8,14
15,2019-10-16,优,49,224,33,45,8,46,1.01,6
16,2019-10-17,良,99,343,74,98,10,51,1.38,25
17,2019-10-18,良,74,283,51,93,13,54,1.14,26
18,2019-10-19,良,83,280,58,107,15,50,0.97,36
19,2019-10-20,良,80,254,45,110,14,53,0.83,28
20,2019-10-21,良,93,304,55,136,20,56,1.08,30
21,2019-10-22,轻度污染,109,327,79,156,17,59,1.23,35
22,2019-10-23,轻度污染,123,344,93,157,17,55,1.23,38
23,2019-10-24,良,53,174,32,59,10,34,0.64,41
24,2019-10-25,良,63,273,29,76,12,47,0.65,20
25,2019-10-26,良,78,348,44,106,23,58,0.86,22
26,2019-10-27,良,90,337,54,130,29,68,1.03,26
27,2019-10-28,中度污染,200,343,82,322,7,29,0.44,55
28,2019-10-29,轻度污染,136,320,70,223,27,69,0.97,20
29,2019-10-30,良,100,253,55,149,24,68,0.98,26
30,2019-10-31,良,94,257,52,139,28,75,1.18,18
31,2019-10-31,良,94,257,52,139,28,75,1.18,18
0,2019-09-01,良,70,355,32,76,12,49,0.92,94
1,2019-09-02,良,61,330,32,69,11,46,0.77,80
2,2019-09-03,良,55,295,21,61,11,49,0.65,72
3,2019-09-04,良,61,320,24,69,10,52,0.66,78
4,2019-09-05,良,71,333,34,83,13,60,0.85,87
5,2019-09-06,良,84,341,43,92,14,52,0.98,127
6,2019-09-07,良,69,280,34,80,13,59,0.9,98
7,2019-09-08,良,87,313,39,106,15,72,0.93,87
8,2019-09-09,良,83,330,38,101,10,54,0.84,109
9,2019-09-10,良,62,292,44,70,5,32,0.93,80
10,2019-09-11,优,18,26,9,14,4,30,0.72,40
11,2019-09-12,优,25,63,16,24,7,36,0.89,18
12,2019-09-13,优,41,210,29,38,12,40,1.15,18
13,2019-09-14,良,70,359,46,90,20,45,1.13,26
14,2019-09-15,良,71,359,48,89,17,44,1.05,43
15,2019-09-16,良,57,311,26,65,13,44,0.73,55
16,2019-09-17,良,70,341,42,89,15,59,1.01,49
17,2019-09-18,良,58,290,29,67,13,47,0.83,49
18,2019-09-19,良,55,274,26,63,10,50,0.74,47
19,2019-09-20,良,60,281,39,73,20,47,0.9,44
20,2019-09-21,优,48,212,22,48,12,52,0.75,42
21,2019-09-22,良,56,271,22,65,12,56,0.77,41
22,2019-09-23,良,66,307,29,83,12,58,0.75,38
23,2019-09-24,良,56,173,23,64,11,52,0.68,40
24,2019-09-25,良,56,158,20,63,12,50,0.75,45
25,2019-09-26,良,51,125,22,55,12,43,0.65,69
26,2019-09-27,良,58,183,31,64,10,42,0.67,80
27,2019-09-28,良,65,185,42,76,9,53,0.76,62
28,2019-09-29,良,60,165,37,67,10,54,0.79,60
29,2019-09-30,良,62,174,40,72,9,52,0.98,70
0,2019-08-06,良,58,304,23,46,8,26,0.66,102
1,2019-08-07,良,67,331,24,50,9,25,0.73,112
2,2019-08-08,良,84,359,43,70,6,21,0.81,124
3,2019-08-09,良,70,347,43,70,10,25,0.9,93
4,2019-08-10,良,60,317,18,39,6,20,0.59,109
5,2019-08-11,良,57,308,22,45,6,18,0.62,98
6,2019-08-21,优,39,136,19,32,8,32,0.72,60
7,2019-08-22,良,55,235,31,62,14,51,1.0,47
8,2019-08-23,良,61,264,34,71,15,53,1.04,45
9,2019-08-24,优,31,81,17,30,6,31,0.72,55
10,2019-08-25,优,41,141,25,39,7,33,0.89,69
11,2019-08-26,良,64,316,45,76,8,53,1.32,25
12,2019-08-27,优,45,258,22,44,8,36,0.83,49
13,2019-08-28,优,48,275,16,53,10,40,0.6,54
0,2019-07-01,良,73,307,23,66,12,39,0.64,99
1,2019-07-02,良,92,320,28,66,13,28,0.74,148
2,2019-07-03,良,76,294,23,56,9,27,0.7,132
3,2019-07-04,良,95,326,40,85,12,33,0.88,138
4,2019-07-05,良,79,286,26,67,15,28,0.7,114
5,2019-07-06,优,49,183,12,36,6,14,0.38,99
6,2019-07-07,良,58,251,19,53,9,27,0.48,97
7,2019-07-12,良,62,313,26,47,9,41,0.78,95
8,2019-07-13,良,69,314,30,63,11,43,0.75,118
9,2019-07-14,良,69,327,26,57,11,42,0.77,118
10,2019-07-15,良,92,361,52,87,8,32,0.93,149
11,2019-07-16,良,56,284,38,58,8,29,1.03,129
12,2019-07-17,良,86,357,47,69,8,27,0.9,133
13,2019-07-18,良,84,355,47,79,11,31,0.87,130
14,2019-07-19,轻度污染,105,363,70,101,7,29,1.05,145
15,2019-07-20,良,76,350,53,78,5,39,0.92,83
16,2019-07-21,良,56,267,23,46,8,37,0.7,99
17,2019-07-22,良,62,300,42,63,4,40,0.97,67
18,2019-07-23,良,65,348,31,47,6,38,0.89,101
19,2019-07-24,良,69,337,34,76,11,48,0.78,84
20,2019-07-25,良,79,363,33,78,9,51,0.69,94
21,2019-07-26,良,93,358,42,92,11,49,0.9,132
0,2019-06-01,良,69,236,26,73,10,32,0.49,102
1,2019-06-02,良,84,277,50,115,13,45,0.57,85
2,2019-06-03,良,68,230,31,75,11,36,0.55,93
3,2019-06-04,良,89,295,39,100,14,44,0.82,117
4,2019-06-05,良,57,218,28,64,7,31,0.66,75
5,2019-06-06,良,68,311,25,48,6,21,0.62,115
6,2019-06-07,良,81,319,42,72,10,30,0.85,96
7,2019-06-08,良,57,210,16,39,9,24,0.59,101
8,2019-06-09,良,55,218,13,44,10,29,0.57,93
9,2019-06-10,良,77,304,22,61,12,34,0.69,121
10,2019-06-11,良,68,281,26,72,12,49,0.7,89
11,2019-06-14,良,51,243,17,37,7,36,0.48,137
12,2019-06-15,良,84,342,39,93,14,51,0.83,120
13,2019-06-17,良,70,324,34,51,9,27,0.91,133
14,2019-06-18,良,84,334,39,78,14,42,0.94,134
15,2019-06-19,良,81,345,43,85,17,48,0.98,128
16,2019-06-20,良,60,330,32,51,10,25,0.68,136
17,2019-06-25,良,86,321,39,77,15,33,0.69,123
18,2019-06-26,轻度污染,102,342,50,95,14,35,0.9,154
19,2019-06-27,良,98,339,53,100,13,30,0.9,144
20,2019-06-28,良,68,299,33,60,8,23,0.67,105
21,2019-06-29,良,72,325,33,75,16,28,0.68,84
22,2019-06-30,优,46,180,10,37,7,22,0.39,87
0,2019-05-01,良,68,238,25,82,10,41,0.6,68
1,2019-05-02,良,88,345,42,115,18,48,0.74,76
2,2019-05-03,良,87,310,41,110,12,53,0.78,89
3,2019-05-04,良,97,337,52,121,20,44,0.84,106
4,2019-05-05,轻度污染,114,341,50,175,10,28,0.56,89
5,2019-05-06,良,76,336,30,100,7,31,0.5,91
6,2019-05-07,良,95,359,49,137,20,48,0.8,77
7,2019-05-08,良,78,318,41,105,20,40,0.8,74
8,2019-05-09,良,58,170,27,60,8,37,0.64,73
9,2019-05-10,良,62,157,24,67,11,28,0.6,97
10,2019-05-11,良,67,152,28,82,12,43,0.6,71
11,2019-05-12,轻度污染,119,301,50,166,6,26,0.43,86
12,2019-05-13,良,75,212,32,98,11,37,0.54,79
13,2019-05-14,轻度污染,130,340,80,208,19,62,1.02,57
14,2019-05-15,轻度污染,124,333,73,190,10,44,0.67,73
15,2019-05-16,轻度污染,108,319,56,163,15,59,0.73,61
16,2019-05-17,轻度污染,108,352,58,155,15,46,0.72,98
17,2019-05-18,轻度污染,107,348,61,144,12,41,0.79,122
18,2019-05-19,良,75,279,24,95,4,10,0.36,102
19,2019-05-20,良,55,155,19,61,6,23,0.41,82
20,2019-05-21,良,67,205,25,79,13,39,0.52,78
21,2019-05-22,良,79,253,32,96,15,50,0.65,76
22,2019-05-23,良,84,241,33,91,18,52,0.73,94
23,2019-05-24,良,88,251,36,90,14,51,0.74,110
24,2019-05-25,轻度污染,103,308,43,97,16,40,0.91,143
25,2019-05-26,良,83,322,40,109,9,20,0.64,119
26,2019-05-27,优,49,205,11,42,6,16,0.4,96
27,2019-05-28,良,76,351,30,75,18,35,0.67,107
28,2019-05-29,良,80,324,34,76,17,30,0.72,111
29,2019-05-30,良,67,296,28,78,18,25,0.65,99
30,2019-05-31,良,61,236,18,65,13,30,0.52,90
0,2019-04-01,良,64,238,25,75,13,40,0.68,70
1,2019-04-02,良,75,289,34,97,15,37,0.75,78
2,2019-04-03,轻度污染,104,333,73,143,21,56,0.97,93
3,2019-04-04,轻度污染,115,316,82,170,27,70,1.09,78
4,2019-04-05,轻度污染,101,295,53,150,25,57,0.88,75
5,2019-04-06,轻度污染,110,316,53,168,19,48,0.81,77
6,2019-04-07,轻度污染,108,318,44,164,14,51,0.79,76
7,2019-04-08,轻度污染,108,314,58,163,12,35,0.84,96
8,2019-04-09,良,52,209,26,56,6,22,0.68,76
9,2019-04-10,良,61,276,38,71,9,35,0.75,58
10,2019-04-11,优,46,138,17,44,6,27,0.49,73
11,2019-04-12,良,80,273,47,101,20,49,0.86,52
12,2019-04-13,轻度污染,118,339,81,127,15,43,0.95,48
13,2019-04-14,良,63,235,24,74,12,45,0.67,58
14,2019-04-15,良,82,331,36,112,19,44,0.77,71
15,2019-04-16,良,78,283,40,103,14,46,0.71,70
16,2019-04-17,轻度污染,105,336,55,158,26,53,0.89,81
17,2019-04-18,轻度污染,149,356,63,246,11,39,0.69,87
18,2019-04-19,良,98,322,32,143,10,32,0.51,73
19,2019-04-20,良,77,285,44,95,11,47,0.87,50
20,2019-04-21,良,86,296,48,108,9,38,0.98,64
21,2019-04-22,良,89,308,55,125,13,39,0.86,75
22,2019-04-23,良,84,319,55,104,17,38,1.04,88
23,2019-04-24,轻度污染,107,329,77,121,12,35,1.08,97
24,2019-04-25,良,56,199,25,60,7,28,0.65,55
25,2019-04-26,良,56,221,24,61,8,26,0.65,67
26,2019-04-27,优,47,109,21,48,5,27,0.67,72
27,2019-04-28,良,91,350,64,96,13,49,1.13,50
28,2019-04-29,轻度污染,132,358,93,149,30,42,1.17,76
29,2019-04-30,良,88,293,22,123,5,20,0.44,88
0,2019-03-01,轻度污染,149,312,113,170,27,55,1.38,73
1,2019-03-02,中度污染,195,349,148,208,38,72,1.86,60
2,2019-03-03,中度污染,168,321,127,187,53,66,1.49,52
3,2019-03-04,中度污染,171,336,129,191,40,70,1.56,54
4,2019-03-05,良,91,218,57,110,20,48,0.92,55
5,2019-03-06,良,60,187,17,68,12,29,0.62,63
6,2019-03-07,良,77,274,40,101,20,51,0.98,50
7,2019-03-08,轻度污染,113,355,81,158,33,64,1.16,54
8,2019-03-09,轻度污染,104,338,75,138,36,54,1.22,54
9,2019-03-10,轻度污染,104,304,54,152,16,46,0.89,51
10,2019-03-11,良,63,165,18,74,7,16,0.57,76
11,2019-03-12,优,45,46,12,44,10,22,0.53,64
12,2019-03-13,良,55,106,18,58,12,39,0.65,47
13,2019-03-14,良,69,263,23,85,14,40,0.69,50
14,2019-03-15,良,57,192,17,63,13,34,0.62,59
15,2019-03-16,良,64,200,30,77,24,46,0.74,46
16,2019-03-17,良,66,186,29,80,22,55,0.87,44
17,2019-03-18,良,87,293,47,122,20,59,0.81,59
18,2019-03-19,良,83,274,45,114,23,54,0.83,72
19,2019-03-20,良,78,258,39,103,14,32,0.67,78
20,2019-03-21,良,67,213,18,83,10,18,0.55,78
21,2019-03-22,良,59,272,21,66,12,35,0.7,61
22,2019-03-23,良,57,259,19,62,13,28,0.65,72
23,2019-03-24,良,77,262,36,102,22,46,0.84,64
24,2019-03-25,良,73,233,28,93,14,39,0.68,71
25,2019-03-26,良,85,279,37,119,21,49,0.84,63
26,2019-03-27,轻度污染,103,322,45,154,13,46,0.75,62
27,2019-03-28,轻度污染,104,333,57,156,13,44,0.86,57
28,2019-03-29,良,81,285,29,109,11,31,0.64,68
29,2019-03-30,良,60,157,14,68,7,18,0.49,82
30,2019-03-31,良,56,189,19,60,11,31,0.61,72
0,2019-02-01,良,79,207,53,101,43,37,1.07,44
1,2019-02-02,轻度污染,113,271,82,131,49,57,1.51,29
2,2019-02-03,轻度污染,101,232,33,150,8,11,0.47,77
3,2019-02-04,良,94,223,53,136,69,32,1.04,51
4,2019-02-05,中度污染,159,265,117,179,93,42,1.49,46
5,2019-02-06,良,86,204,60,97,52,35,1.13,48
6,2019-02-07,良,80,253,26,107,16,15,0.74,63
7,2019-02-08,轻度污染,109,355,80,117,34,31,1.32,41
8,2019-02-09,良,54,202,21,56,16,18,0.7,57
9,2019-02-10,良,98,314,71,105,57,38,1.21,32
10,2019-02-11,中度污染,176,354,133,172,41,45,1.74,29
11,2019-02-12,重度污染,217,360,167,214,29,47,1.9,43
12,2019-02-13,中度污染,181,351,137,178,23,42,1.7,27
13,2019-02-14,中度污染,156,359,120,140,25,34,1.47,33
14,2019-02-15,良,65,233,35,73,15,18,0.73,60
15,2019-02-16,优,42,123,17,40,15,25,0.63,54
16,2019-02-17,良,57,224,34,59,32,49,1.06,35
17,2019-02-18,轻度污染,138,352,105,143,41,63,1.52,16
18,2019-02-19,中度污染,161,337,126,150,46,42,1.41,49
19,2019-02-20,良,67,141,46,70,23,45,0.98,41
20,2019-02-21,良,84,196,61,99,40,60,1.29,29
21,2019-02-22,轻度污染,106,257,78,127,39,69,1.52,28
22,2019-02-23,轻度污染,108,227,80,125,37,73,1.5,36
23,2019-02-24,中度污染,195,335,148,213,67,101,2.14,16
24,2019-02-25,中度污染,187,333,141,207,35,72,1.88,60
25,2019-02-26,重度污染,205,351,155,201,31,57,1.73,71
26,2019-02-27,中度污染,192,340,148,197,30,63,1.66,52
27,2019-02-28,轻度污染,122,287,92,143,25,62,1.27,50
0,2019-01-01,轻度污染,143,325,107,173,49,67,1.82,12
1,2019-01-02,轻度污染,150,303,113,192,56,78,2.11,11
2,2019-01-03,重度污染,224,343,173,279,69,99,2.95,6
3,2019-01-04,中度污染,158,287,121,193,48,75,2.08,15
4,2019-01-05,中度污染,158,305,122,201,62,80,2.15,8
5,2019-01-06,严重污染,299,360,248,354,81,100,3.33,6
6,2019-01-07,重度污染,207,318,163,237,57,82,2.39,14
7,2019-01-08,良,71,185,38,90,25,53,1.16,23
8,2019-01-09,轻度污染,146,343,112,184,56,77,2.18,9
9,2019-01-10,严重污染,251,366,200,298,89,94,2.9,10
10,2019-01-11,严重污染,336,367,285,391,99,107,3.39,9
11,2019-01-12,严重污染,270,349,219,310,75,100,2.78,13
12,2019-01-13,轻度污染,121,220,88,162,48,74,1.81,17
13,2019-01-14,轻度污染,117,202,72,174,52,70,1.61,21
14,2019-01-15,良,82,199,18,112,15,29,0.76,45
15,2019-01-16,良,86,296,41,119,45,61,1.42,16
16,2019-01-17,良,98,276,66,145,55,70,1.68,16
17,2019-01-18,轻度污染,112,258,76,170,56,77,1.82,14
18,2019-01-19,良,83,174,52,114,39,63,1.34,19
19,2019-01-20,良,68,184,32,84,29,41,0.93,35
20,2019-01-21,良,87,246,51,123,56,54,1.28,27
21,2019-01-22,轻度污染,123,320,90,176,70,81,1.83,16
22,2019-01-23,轻度污染,106,253,74,157,51,77,1.8,17
23,2019-01-24,轻度污染,117,241,85,163,55,81,1.86,15
24,2019-01-25,良,87,198,58,115,32,52,1.12,31
25,2019-01-26,轻度污染,136,311,102,161,54,72,1.6,16
26,2019-01-27,严重污染,255,363,209,276,101,89,2.48,17
27,2019-01-28,良,75,172,41,98,29,51,1.06,27
28,2019-01-29,轻度污染,143,301,108,174,73,78,1.93,12
29,2019-01-30,轻度污染,101,240,59,139,33,45,1.09,34
30,2019-01-31,良,89,335,37,126,20,23,0.69,49
0,2018-12-01,轻度污染,146,268,102,226,42,80,1.65,8
1,2018-12-02,重度污染,233,320,179,324,50,89,2.29,13
2,2018-12-03,中度污染,181,309,71,310,17,33,0.69,36
3,2018-12-04,轻度污染,104,291,36,156,13,29,0.63,48
4,2018-12-05,中度污染,161,362,109,241,40,64,1.49,5
5,2018-12-06,良,73,298,19,94,6,16,0.43,56
6,2018-12-07,良,59,307,14,66,10,24,0.44,40
7,2018-12-08,良,62,297,28,72,23,43,0.84,21
8,2018-12-09,良,99,343,64,132,65,62,1.35,11
9,2018-12-10,中度污染,160,357,122,207,71,72,2.0,7
10,2018-12-11,良,71,212,29,90,19,32,0.7,36
11,2018-12-12,良,95,248,56,132,51,63,1.35,11
12,2018-12-13,轻度污染,121,283,84,185,56,76,1.88,11
13,2018-12-14,轻度污染,138,326,98,203,60,85,1.87,8
14,2018-12-15,中度污染,197,349,148,264,97,88,2.32,13
15,2018-12-16,轻度污染,114,250,65,175,43,54,1.25,30
16,2018-12-17,良,79,194,36,107,28,53,0.89,33
17,2018-12-18,轻度污染,109,271,65,165,54,81,1.49,14
18,2018-12-19,轻度污染,105,235,64,158,53,79,1.44,12
19,2018-12-20,轻度污染,123,283,78,183,53,80,1.79,7
20,2018-12-21,轻度污染,115,286,70,161,41,59,1.4,23
21,2018-12-28,良,72,339,23,93,25,33,0.82,29
22,2018-12-29,良,72,308,38,92,41,50,1.23,18
23,2018-12-30,良,73,266,42,94,38,54,1.3,12
24,2018-12-31,轻度污染,117,335,85,144,61,67,1.73,9
0,2018-11-01,轻度污染,118,350,71,177,25,73,1.11,30
1,2018-11-02,轻度污染,150,360,111,223,18,77,1.29,50
2,2018-11-03,中度污染,173,362,130,232,22,83,1.39,51
3,2018-11-04,良,89,307,51,123,13,45,0.78,28
4,2018-11-05,良,53,211,24,55,11,39,0.61,19
5,2018-11-06,良,67,338,30,83,17,51,0.73,10
6,2018-11-07,轻度污染,116,366,77,156,33,64,1.35,7
7,2018-11-08,中度污染,191,367,147,235,46,67,2.01,14
8,2018-11-09,轻度污染,116,361,82,163,30,67,1.18,20
9,2018-11-10,良,91,314,58,130,24,60,0.94,12
10,2018-11-11,轻度污染,103,343,75,123,19,53,1.01,17
11,2018-11-12,轻度污染,113,316,84,156,23,67,1.23,17
12,2018-11-13,轻度污染,121,310,90,169,24,73,1.24,23
13,2018-11-14,中度污染,170,339,129,204,33,75,1.61,28
14,2018-11-15,轻度污染,125,329,88,162,26,57,1.24,13
15,2018-11-16,良,60,296,26,67,17,39,0.61,24
16,2018-11-17,良,61,284,32,71,17,32,0.61,39
17,2018-11-18,良,66,263,31,80,20,38,0.68,40
18,2018-11-19,轻度污染,103,326,67,153,48,71,1.32,15
19,2018-11-20,轻度污染,104,315,61,156,27,65,1.11,19
20,2018-11-21,良,62,239,16,72,8,22,0.39,60
21,2018-11-22,良,90,302,50,127,36,65,1.09,18
22,2018-11-23,轻度污染,108,318,73,161,43,76,1.48,11
23,2018-11-24,轻度污染,120,292,86,179,49,83,1.74,8
24,2018-11-25,轻度污染,122,253,85,190,39,83,1.72,12
25,2018-11-26,重度污染,202,296,110,296,40,70,1.47,19
26,2018-11-27,中度污染,165,264,76,269,31,50,0.91,34
27,2018-11-28,中度污染,169,282,105,285,55,83,1.7,10
28,2018-11-29,中度污染,176,303,105,296,41,81,1.6,10
29,2018-11-30,重度污染,205,319,145,337,54,100,2.21,6
0,2018-10-01,良,51,201,13,53,6,33,0.49,49
1,2018-10-02,良,71,305,29,90,15,52,0.81,43
2,2018-10-03,良,80,319,33,108,15,58,0.83,36
3,2018-10-04,良,92,339,46,132,19,67,1.01,52
4,2018-10-05,轻度污染,107,348,62,162,20,72,1.09,65
5,2018-10-06,良,66,194,23,80,12,31,0.51,47
6,2018-10-07,良,64,183,19,76,15,39,0.53,41
7,2018-10-08,良,77,247,28,102,18,50,0.67,36
8,2018-10-09,良,60,213,13,67,7,27,0.42,49
9,2018-10-10,良,74,350,26,96,15,45,0.64,33
10,2018-10-11,良,67,313,32,82,18,49,0.73,34
11,2018-10-12,良,77,312,42,103,14,59,0.86,22
12,2018-10-13,良,77,293,53,87,11,57,1.0,35
13,2018-10-14,轻度污染,110,351,80,160,19,68,1.35,42
14,2018-10-15,轻度污染,117,356,83,167,14,64,1.23,19
15,2018-10-16,良,54,199,25,58,10,41,0.63,35
16,2018-10-17,良,81,301,53,105,12,51,0.93,44
17,2018-10-18,良,88,350,65,111,8,48,0.92,34
18,2018-10-19,良,81,336,57,102,12,45,0.91,46
19,2018-10-20,良,88,335,57,117,19,63,1.09,31
20,2018-10-21,轻度污染,129,349,97,177,28,67,1.4,20
21,2018-10-22,轻度污染,122,351,77,174,15,50,1.3,36
22,2018-10-23,良,85,332,37,117,21,59,0.95,33
23,2018-10-24,轻度污染,111,342,59,171,23,70,1.13,30
24,2018-10-25,轻度污染,123,341,62,195,15,66,1.01,26
25,2018-10-26,良,65,259,15,79,4,19,0.31,53
26,2018-10-27,良,61,221,19,70,14,37,0.52,41
27,2018-10-28,良,58,168,15,65,9,30,0.38,54
28,2018-10-29,良,61,217,18,71,9,38,0.39,51
29,2018-10-30,良,75,305,30,98,17,52,0.7,33
30,2018-10-31,轻度污染,105,351,48,159,19,66,0.85,21
0,2018-09-02,良,73,344,37,60,7,25,0.92,100
1,2018-09-03,良,55,245,14,58,7,19,0.44,91
2,2018-09-04,良,58,256,15,64,7,31,0.5,51
3,2018-09-05,良,76,320,28,96,18,41,0.78,61
4,2018-09-06,良,73,307,17,93,7,17,0.45,61
5,2018-09-07,优,45,201,8,44,5,22,0.37,47
6,2018-09-08,良,62,312,19,73,10,41,0.56,46
7,2018-09-09,良,74,336,30,96,14,51,0.82,65
8,2018-09-10,良,76,338,38,99,9,44,0.78,71
9,2018-09-11,良,86,358,44,94,10,36,0.76,95
10,2018-09-12,良,60,252,32,66,9,42,0.9,61
11,2018-09-13,良,62,282,31,72,9,51,0.86,28
12,2018-09-14,良,81,345,51,110,10,50,1.03,31
13,2018-09-15,良,63,292,25,74,8,36,0.64,25
14,2018-09-16,良,61,326,23,71,15,44,0.75,29
15,2018-09-17,良,77,353,34,102,11,44,0.93,14
16,2018-09-18,优,45,216,22,44,6,44,0.82,19
17,2018-09-19,优,37,128,22,36,6,40,0.83,16
18,2018-09-20,良,67,319,39,80,8,39,1.04,36
19,2018-09-21,良,80,343,25,107,7,33,0.53,43
20,2018-09-22,良,66,304,16,80,9,34,0.45,40
21,2018-09-23,良,70,305,21,88,11,44,0.56,28
22,2018-09-24,良,69,292,24,86,16,39,0.69,59
23,2018-09-25,优,41,140,24,40,5,33,0.86,45
24,2018-09-26,优,50,241,28,53,9,38,0.89,46
25,2018-09-27,良,79,342,48,104,12,43,1.12,28
26,2018-09-28,良,71,323,26,90,9,39,0.73,32
27,2018-09-29,良,85,341,30,117,16,42,0.82,36
28,2018-09-30,优,49,157,9,49,6,21,0.43,51
0,2018-08-01,良,75,326,43,76,5,26,0.74,100
1,2018-08-02,良,81,318,53,74,4,23,0.71,109
2,2018-08-03,轻度污染,107,358,65,107,7,31,0.91,124
3,2018-08-04,轻度污染,108,352,58,117,9,29,0.91,140
4,2018-08-05,良,84,342,44,92,5,23,0.76,121
5,2018-08-06,良,68,281,32,75,8,30,0.83,88
6,2018-08-07,良,94,352,48,83,9,37,1.12,103
7,2018-08-08,良,72,306,40,87,7,34,0.98,82
8,2018-08-09,良,61,223,20,53,5,29,0.83,86
9,2018-08-10,良,72,255,24,57,6,30,0.8,101
10,2018-08-11,良,71,240,42,62,5,32,0.89,103
11,2018-08-12,轻度污染,108,359,69,124,17,37,1.15,109
12,2018-08-13,良,65,293,42,78,6,35,1.09,77
13,2018-08-14,良,66,320,37,61,5,25,0.96,96
14,2018-08-15,良,69,327,27,70,7,24,0.7,92
15,2018-08-16,优,50,261,15,49,5,19,0.56,81
16,2018-08-17,良,58,281,16,62,9,26,0.63,81
17,2018-08-18,良,75,347,41,82,7,24,0.72,111
18,2018-08-19,良,57,283,26,60,5,23,0.7,61
19,2018-08-20,良,70,327,27,87,8,35,0.79,69
20,2018-08-21,良,77,318,25,101,10,37,0.72,74
21,2018-08-22,优,38,56,17,35,4,37,0.8,54
22,2018-08-23,良,68,265,37,68,8,37,0.96,94
23,2018-08-25,轻度污染,102,334,62,118,12,40,1.29,122
24,2018-08-27,轻度污染,122,359,77,130,8,28,1.22,144
25,2018-08-29,良,98,333,61,116,9,24,0.96,142
26,2018-08-31,优,28,46,16,25,5,32,0.85,43
0,2018-07-01,良,84,319,35,79,7,40,0.76,101
1,2018-07-02,轻度污染,111,357,69,115,12,36,0.95,150
2,2018-07-03,轻度污染,130,364,78,129,14,42,1.18,117
3,2018-07-04,轻度污染,112,358,64,118,20,48,1.43,101
4,2018-07-05,轻度污染,119,358,51,125,13,46,1.03,123
5,2018-07-06,轻度污染,111,348,52,110,8,31,0.89,155
6,2018-07-07,轻度污染,119,363,86,121,5,31,1.19,134
7,2018-07-08,轻度污染,115,365,75,88,12,29,1.35,109
8,2018-07-09,优,45,232,10,29,3,27,0.64,84
9,2018-07-10,优,38,145,21,36,3,36,0.77,51
10,2018-07-11,优,34,79,20,30,3,34,1.19,35
11,2018-07-12,良,59,290,37,60,6,38,1.58,28
12,2018-07-13,优,42,158,19,40,3,29,1.05,62
13,2018-07-14,良,95,362,50,77,5,26,1.22,107
14,2018-07-15,良,72,324,41,74,4,24,0.89,95
15,2018-07-16,优,50,213,29,49,4,31,0.84,44
16,2018-07-17,良,60,270,41,55,8,24,0.86,79
17,2018-07-18,良,76,341,51,80,3,30,0.84,68
18,2018-07-19,良,66,305,37,76,2,27,0.77,74
19,2018-07-20,良,93,349,51,92,9,24,0.75,117
20,2018-07-21,良,96,353,61,103,10,27,0.71,121
21,2018-07-22,良,86,340,57,105,5,33,0.86,82
22,2018-07-23,良,77,329,49,78,4,25,0.7,108
23,2018-07-24,良,96,362,52,102,9,27,0.82,107
24,2018-07-25,良,78,316,16,63,7,29,0.56,111
25,2018-07-26,良,93,358,35,80,8,29,0.72,125
26,2018-07-27,良,75,330,43,71,4,22,0.74,117
27,2018-07-28,良,86,335,46,77,5,24,0.75,124
28,2018-07-29,良,93,346,44,81,7,27,0.85,125
29,2018-07-30,良,77,308,42,86,6,28,0.91,94
30,2018-07-31,良,71,306,48,88,5,33,0.88,85
0,2018-06-01,轻度污染,120,338,40,120,15,57,0.9,140
1,2018-06-02,轻度污染,135,355,65,166,33,64,1.14,136
2,2018-06-03,轻度污染,117,317,55,181,18,60,0.69,77
3,2018-06-04,轻度污染,101,316,33,144,18,46,0.59,86
4,2018-06-05,轻度污染,121,342,45,169,38,59,0.85,99
5,2018-06-06,轻度污染,124,338,51,177,33,57,0.83,108
6,2018-06-07,良,81,247,26,110,8,26,0.37,94
7,2018-06-08,良,70,261,24,87,9,39,0.54,67
8,2018-06-09,优,43,84,16,35,4,26,0.56,77
9,2018-06-10,良,62,209,34,64,22,48,0.85,65
10,2018-06-11,良,94,316,38,98,22,49,0.88,97
11,2018-06-12,良,94,304,36,121,21,60,0.9,92
12,2018-06-13,良,75,251,20,89,11,42,0.59,85
13,2018-06-14,良,83,271,24,92,10,46,0.72,99
14,2018-06-15,轻度污染,128,359,60,160,21,60,1.23,136
15,2018-06-16,轻度污染,123,356,64,127,11,33,1.11,161
16,2018-06-17,良,65,203,41,67,6,34,0.89,92
17,2018-06-18,良,84,300,56,96,9,41,1.04,88
18,2018-06-19,良,82,324,34,78,8,32,0.68,102
19,2018-06-20,轻度污染,101,338,54,107,13,38,0.98,134
20,2018-06-21,良,100,327,71,130,9,52,1.07,66
21,2018-06-22,良,89,305,36,76,7,43,0.8,105
22,2018-06-23,轻度污染,118,351,53,137,15,62,0.97,121
23,2018-06-24,轻度污染,130,355,57,163,15,58,1.01,129
24,2018-06-25,轻度污染,107,362,74,135,16,45,1.23,118
25,2018-06-26,轻度污染,122,362,71,136,11,48,1.26,95
26,2018-06-27,轻度污染,117,360,54,153,14,46,0.99,102
27,2018-06-28,良,64,282,12,67,7,31,0.43,81
28,2018-06-29,轻度污染,107,358,37,145,19,57,0.84,91
29,2018-06-30,良,93,337,42,113,12,50,0.88,100
0,2018-05-01,轻度污染,113,334,47,173,11,37,0.58,73
1,2018-05-02,良,62,193,15,69,6,27,0.34,81
2,2018-05-03,良,92,355,40,130,27,59,0.66,68
3,2018-05-04,轻度污染,113,351,57,165,34,54,0.8,94
4,2018-05-05,轻度污染,120,345,57,189,23,49,0.89,66
5,2018-05-06,中度污染,163,364,72,274,26,54,0.84,72
6,2018-05-07,轻度污染,114,357,50,175,32,42,0.87,97
7,2018-05-08,轻度污染,109,344,50,150,15,46,0.84,111
8,2018-05-09,轻度污染,115,336,54,146,21,47,0.87,124
9,2018-05-10,轻度污染,111,349,59,143,24,38,0.89,142
10,2018-05-11,轻度污染,106,354,73,133,29,43,1.28,92
11,2018-05-12,良,99,319,48,144,23,53,0.98,64
12,2018-05-13,轻度污染,132,360,64,203,36,54,0.95,102
13,2018-05-14,轻度污染,146,362,79,229,34,61,1.07,117
14,2018-05-15,轻度污染,128,359,81,183,15,38,0.97,120
15,2018-05-16,轻度污染,131,346,84,143,12,25,1.11,144
16,2018-05-17,轻度污染,103,353,64,121,15,26,0.95,125
17,2018-05-18,良,97,348,37,140,9,24,0.67,127
18,2018-05-19,良,66,264,34,80,4,23,0.76,99
19,2018-05-20,优,43,90,25,38,5,26,0.67,82
20,2018-05-21,优,31,30,11,22,4,36,0.89,56
21,2018-05-22,良,83,316,37,118,4,20,0.4,88
22,2018-05-23,轻度污染,110,342,45,158,36,59,0.83,83
23,2018-05-24,轻度污染,105,310,40,136,21,61,0.85,93
24,2018-05-25,轻度污染,116,332,46,135,18,58,1.01,123
25,2018-05-26,重度污染,230,355,104,348,8,45,0.54,71
26,2018-05-27,轻度污染,117,329,52,182,14,45,0.6,75
27,2018-05-28,轻度污染,106,294,47,159,31,55,0.9,69
28,2018-05-29,良,90,249,28,123,13,36,0.62,98
29,2018-05-30,良,80,239,25,92,12,43,0.61,89
30,2018-05-31,良,98,309,30,98,13,42,0.74,117
0,2018-04-01,轻度污染,102,237,41,152,22,41,0.64,81
1,2018-04-02,中度污染,159,342,88,266,70,65,1.13,90
2,2018-04-03,中度污染,184,340,81,287,21,43,0.88,63
3,2018-04-04,良,86,274,30,120,8,31,0.68,40
4,2018-04-05,良,98,307,57,112,18,26,1.0,60
5,2018-04-05,良,98,307,57,112,18,26,1.0,60
6,2018-04-06,良,79,189,16,105,3,10,0.38,92
7,2018-04-07,良,80,253,29,107,39,42,0.93,64
8,2018-04-08,良,98,331,42,144,42,53,0.95,58
9,2018-04-09,轻度污染,123,330,66,193,37,65,0.97,61
10,2018-04-10,严重污染,345,357,162,500,5,27,0.43,86
11,2018-04-11,轻度污染,112,276,48,172,15,47,0.69,59
12,2018-04-12,轻度污染,124,349,71,195,18,43,0.81,78
13,2018-04-13,良,72,299,36,93,5,28,0.71,72
14,2018-04-14,严重污染,259,359,73,375,4,20,0.52,85
15,2018-04-15,良,94,265,33,136,17,51,0.77,64
16,2018-04-16,轻度污染,117,288,66,182,35,61,1.05,69
17,2018-04-17,轻度污染,128,329,75,204,39,64,1.04,82
18,2018-04-18,轻度污染,130,337,77,205,29,65,1.08,82
19,2018-04-19,中度污染,155,358,98,235,19,56,1.07,101
20,2018-04-20,轻度污染,107,298,52,145,13,34,0.8,125
21,2018-04-21,良,94,340,65,105,11,37,1.12,63
22,2018-04-22,优,36,21,11,29,4,26,0.86,71
23,2018-04-23,良,52,174,24,54,11,35,0.86,75
24,2018-04-24,良,60,234,26,68,16,36,0.73,65
25,2018-04-25,良,86,284,57,115,27,47,1.0,68
26,2018-04-26,轻度污染,103,315,62,148,29,55,0.97,65
27,2018-04-27,轻度污染,113,333,46,163,20,57,0.73,86
28,2018-04-28,轻度污染,127,327,67,181,31,60,0.99,108
29,2018-04-29,轻度污染,122,316,62,184,50,58,0.9,93
30,2018-04-30,轻度污染,139,350,76,226,15,43,0.72,98
0,2018-03-01,良,79,239,29,105,34,40,0.84,56
1,2018-03-02,轻度污染,133,355,100,180,79,55,1.26,60
2,2018-03-03,轻度污染,141,330,105,176,75,51,1.43,73
3,2018-03-04,轻度污染,143,350,97,217,14,33,1.03,71
4,2018-03-05,中度污染,184,361,141,232,50,56,1.53,21
5,2018-03-06,中度污染,170,361,128,209,30,56,1.55,29
6,2018-03-07,轻度污染,107,343,68,133,41,36,0.94,52
7,2018-03-08,良,70,245,25,89,29,32,0.69,57
8,2018-03-09,轻度污染,118,326,84,175,86,68,1.3,45
9,2018-03-10,轻度污染,131,322,93,195,56,59,1.37,60
10,2018-03-11,中度污染,178,329,131,254,65,64,1.52,82
11,2018-03-12,中度污染,179,341,135,217,76,63,1.65,80
12,2018-03-13,轻度污染,138,327,104,197,62,76,1.56,61
13,2018-03-14,轻度污染,112,301,80,163,56,73,1.43,57
14,2018-03-15,轻度污染,143,322,64,234,19,38,0.94,57
15,2018-03-16,良,77,277,29,101,11,27,0.65,73
16,2018-03-17,良,74,273,50,82,10,43,0.95,40
17,2018-03-18,轻度污染,146,345,110,137,24,61,1.45,26
18,2018-03-19,良,90,272,61,95,16,42,0.82,70
19,2018-03-20,轻度污染,114,337,84,118,13,39,0.85,105
20,2018-03-21,轻度污染,111,342,81,131,48,53,1.19,65
21,2018-03-22,良,75,174,49,95,25,38,0.85,61
22,2018-03-23,良,82,170,51,109,40,53,1.06,55
23,2018-03-24,良,65,82,27,76,16,45,0.82,56
24,2018-03-25,良,80,180,48,102,39,59,1.01,64
25,2018-03-26,轻度污染,111,275,76,148,55,70,1.17,62
26,2018-03-27,轻度污染,120,313,62,187,49,64,1.04,49
27,2018-03-28,重度污染,229,349,90,333,28,53,1.07,61
28,2018-03-29,重度污染,246,357,65,355,10,26,0.79,99
29,2018-03-30,轻度污染,112,319,57,170,38,36,0.97,108
30,2018-03-31,轻度污染,108,277,61,164,40,40,0.98,89
0,2018-02-01,良,88,207,53,124,66,48,1.26,32
1,2018-02-02,良,51,56,14,53,5,14,0.66,63
2,2018-02-03,良,59,129,27,66,26,39,1.04,35
3,2018-02-04,良,66,164,32,81,36,42,1.13,33
4,2018-02-05,良,74,225,45,94,55,52,1.25,28
5,2018-02-06,良,71,176,40,90,40,51,1.13,32
6,2018-02-07,良,67,99,25,82,17,35,0.79,48
7,2018-02-08,轻度污染,107,266,69,148,110,65,1.39,22
8,2018-02-09,重度污染,203,323,90,293,31,31,0.86,60
9,2018-02-10,良,92,193,27,132,4,11,0.49,74
10,2018-02-11,良,72,136,17,93,5,10,0.48,73
11,2018-02-12,良,53,66,16,55,13,14,0.51,72
12,2018-02-13,良,80,208,55,90,114,44,1.29,48
13,2018-02-14,良,63,105,38,74,36,34,0.93,53
14,2018-02-15,良,99,263,71,105,99,40,1.38,55
15,2018-02-16,中度污染,192,301,152,197,102,45,1.81,61
16,2018-02-17,轻度污染,123,272,92,118,71,47,1.55,43
17,2018-02-18,中度污染,190,343,148,189,106,54,2.04,48
18,2018-02-19,轻度污染,133,331,100,145,82,44,1.5,60
19,2018-02-20,中度污染,182,354,141,186,37,30,1.63,82
20,2018-02-21,良,58,205,29,58,18,19,0.75,78
21,2018-02-22,良,62,203,31,72,39,36,1.03,61
22,2018-02-23,良,74,245,39,96,48,45,0.99,53
23,2018-02-24,轻度污染,110,337,81,145,27,37,1.11,77
24,2018-02-25,轻度污染,114,336,85,147,80,63,1.37,49
25,2018-02-26,轻度污染,114,294,82,152,70,61,1.39,50
26,2018-02-27,中度污染,198,349,158,234,43,63,1.59,54
27,2018-02-28,严重污染,257,364,200,293,40,52,1.74,54
0,2018-01-01,轻度污染,127,237,83,201,78,73,1.88,15
1,2018-01-02,轻度污染,109,231,69,167,60,61,1.47,12
2,2018-01-03,良,70,222,33,87,41,41,0.93,23
3,2018-01-04,良,84,298,55,104,43,44,1.11,18
4,2018-01-05,轻度污染,131,334,98,135,47,52,1.51,15
5,2018-01-06,轻度污染,108,267,80,113,41,47,1.29,23
6,2018-01-07,轻度污染,106,268,79,110,38,40,1.36,29
7,2018-01-08,优,46,82,14,45,6,10,0.55,70
8,2018-01-09,良,53,138,17,57,21,21,0.65,61
9,2018-01-10,优,44,86,13,43,7,17,0.5,70
10,2018-01-11,良,63,181,32,74,40,47,0.97,31
11,2018-01-12,轻度污染,107,310,75,138,70,74,1.76,11
12,2018-01-13,中度污染,161,322,122,193,106,87,2.26,10
13,2018-01-14,中度污染,195,341,152,222,113,85,2.39,20
14,2018-01-15,轻度污染,146,259,110,190,108,84,2.29,10
15,2018-01-16,轻度污染,129,241,73,201,65,54,1.24,41
16,2018-01-17,轻度污染,144,245,95,207,88,56,1.54,38
17,2018-01-18,轻度污染,135,233,93,183,148,79,2.12,12
18,2018-01-19,轻度污染,143,225,100,187,107,63,2.0,32
19,2018-01-20,良,91,153,57,128,85,70,1.32,22
20,2018-01-21,中度污染,178,292,137,219,181,85,2.5,19
21,2018-01-22,良,72,166,31,92,10,26,0.58,64
22,2018-01-23,良,64,155,28,75,26,37,0.85,38
23,2018-01-24,良,62,193,29,73,36,49,0.81,30
24,2018-01-25,良,96,327,66,113,46,56,1.16,26
25,2018-01-26,重度污染,208,367,159,199,48,69,1.89,16
26,2018-01-27,中度污染,186,363,142,199,87,65,1.89,13
27,2018-01-28,轻度污染,131,322,90,148,69,37,1.27,41
28,2018-01-29,良,60,143,25,68,30,34,0.82,45
29,2018-01-30,良,77,162,49,98,82,49,1.29,31
30,2018-01-31,良,70,130,35,87,29,31,0.87,49
0,2017-12-01,轻度污染,109,314,72,159,78,66,1.55,15
1,2017-12-02,中度污染,158,331,120,217,106,88,2.28,14
2,2017-12-03,轻度污染,116,269,79,158,43,59,1.61,34
3,2017-12-04,良,57,143,21,63,16,34,0.8,38
4,2017-12-05,良,67,177,34,83,52,48,1.07,31
5,2017-12-06,轻度污染,103,229,73,146,102,71,1.77,17
6,2017-12-07,良,76,131,38,98,31,41,0.89,34
7,2017-12-08,良,81,239,41,107,53,49,1.31,27
8,2017-12-09,轻度污染,125,346,84,187,105,63,1.97,22
9,2017-12-10,良,64,93,22,77,14,31,0.81,52
10,2017-12-11,良,91,232,65,128,77,72,1.71,14
11,2017-12-12,轻度污染,126,342,94,166,74,73,1.8,14
12,2017-12-13,轻度污染,150,356,114,184,63,71,1.98,12
13,2017-12-14,严重污染,261,366,216,280,112,80,2.56,7
14,2017-12-15,重度污染,219,360,177,225,86,52,2.04,27
15,2017-12-16,优,47,112,12,46,6,15,0.43,63
16,2017-12-17,良,71,198,43,87,70,46,1.23,33
17,2017-12-18,良,75,216,45,94,62,47,1.21,29
18,2017-12-19,良,79,236,42,107,53,51,1.13,28
19,2017-12-20,良,67,141,35,82,51,45,0.89,42
20,2017-12-21,轻度污染,115,305,83,153,89,79,1.67,12
21,2017-12-22,轻度污染,139,291,105,196,74,84,2.15,12
22,2017-12-23,中度污染,167,286,123,217,103,70,2.11,30
23,2017-12-24,良,72,92,28,92,10,22,0.55,65
24,2017-12-25,轻度污染,131,335,89,183,93,75,1.77,11
25,2017-12-26,中度污染,151,334,114,211,92,86,2.17,12
26,2017-12-27,中度污染,155,302,117,205,97,88,2.18,10
27,2017-12-28,重度污染,212,315,165,267,103,99,2.71,11
28,2017-12-29,重度污染,237,300,189,303,101,96,3.0,11
29,2017-12-30,良,79,109,29,106,23,31,0.72,46
30,2017-12-31,轻度污染,112,180,68,172,89,68,1.6,14
0,2017-11-01,重度污染,250,362,199,338,72,88,3.22,7
1,2017-11-02,中度污染,194,355,146,253,78,72,2.47,27
2,2017-11-03,良,67,114,22,81,17,43,0.54,40
3,2017-11-04,轻度污染,102,308,63,148,44,66,1.18,21
4,2017-11-05,中度污染,177,360,135,241,72,84,1.81,27
5,2017-11-06,重度污染,227,358,176,301,65,98,2.23,20
6,2017-11-07,良,84,137,40,108,14,42,0.7,50
7,2017-11-08,良,98,212,49,144,34,69,1.09,19
8,2017-11-09,轻度污染,138,322,92,207,46,73,1.37,27
9,2017-11-10,良,74,213,22,96,9,25,0.48,48
10,2017-11-11,轻度污染,102,351,62,142,67,66,1.29,13
11,2017-11-12,中度污染,181,366,138,257,135,84,2.33,5
12,2017-11-13,轻度污染,122,343,75,158,39,42,1.37,41
13,2017-11-14,良,67,211,25,82,21,48,0.78,33
14,2017-11-15,良,79,241,40,105,31,63,1.09,20
15,2017-11-16,轻度污染,148,339,107,208,61,90,1.79,11
16,2017-11-17,轻度污染,122,316,69,178,32,55,1.2,30
17,2017-11-18,良,82,344,43,107,41,51,1.22,25
18,2017-11-19,轻度污染,137,359,100,200,83,79,2.05,8
19,2017-11-20,中度污染,156,352,117,236,79,83,2.06,15
20,2017-11-21,轻度污染,129,324,82,192,51,55,1.33,37
21,2017-11-22,良,69,213,20,86,5,20,0.35,61
22,2017-11-23,良,77,274,19,101,15,26,0.48,56
23,2017-11-24,良,91,324,40,129,62,53,0.98,30
24,2017-11-25,轻度污染,114,330,66,176,86,58,1.42,30
25,2017-11-26,良,78,210,36,105,25,55,0.87,32
26,2017-11-27,中度污染,169,352,129,230,94,86,1.99,17
27,2017-11-28,轻度污染,147,319,95,204,38,58,1.35,35
28,2017-11-29,轻度污染,112,291,61,167,55,66,1.33,13
29,2017-11-30,轻度污染,109,352,62,165,50,55,1.34,21
0,2017-10-01,轻度污染,119,354,83,183,28,53,1.39,54
1,2017-10-02,良,87,343,49,123,13,46,1.05,37
2,2017-10-03,优,43,212,14,42,7,36,0.63,27
3,2017-10-05,良,78,353,54,97,40,46,1.13,20
4,2017-10-06,轻度污染,133,364,100,176,56,62,1.57,35
5,2017-10-07,轻度污染,102,343,74,138,21,59,1.61,11
6,2017-10-08,优,37,64,16,37,5,39,1.08,17
7,2017-10-09,优,21,6,10,20,4,31,0.91,26
8,2017-10-10,优,25,51,11,24,6,29,0.83,23
9,2017-10-11,优,47,259,25,48,13,36,0.86,23
10,2017-10-12,良,72,339,40,89,21,39,0.94,37
11,2017-10-13,良,94,337,63,135,30,56,1.15,30
12,2017-10-14,轻度污染,114,342,84,162,22,54,1.28,29
13,2017-10-15,轻度污染,136,354,103,181,49,59,1.63,21
14,2017-10-16,轻度污染,143,353,108,198,45,58,1.56,25
15,2017-10-17,轻度污染,103,330,71,134,26,49,1.22,26
16,2017-10-18,良,67,277,45,66,25,40,1.2,28
17,2017-10-19,良,100,311,73,121,19,51,1.64,23
18,2017-10-20,轻度污染,130,332,96,169,43,62,1.69,27
19,2017-10-21,轻度污染,127,336,95,177,32,66,1.78,22
20,2017-10-22,轻度污染,105,311,75,152,26,59,1.43,24
21,2017-10-23,良,84,282,48,116,20,49,1.03,30
22,2017-10-24,轻度污染,106,331,74,149,19,57,1.17,40
23,2017-10-25,轻度污染,123,331,92,163,22,66,1.49,13
24,2017-10-26,中度污染,157,343,118,177,53,62,1.91,25
25,2017-10-27,轻度污染,116,294,84,173,45,68,1.54,26
26,2017-10-28,良,89,211,46,127,17,50,0.98,22
27,2017-10-29,良,56,113,18,60,17,40,0.69,30
28,2017-10-30,良,98,344,60,141,39,71,1.36,14
29,2017-10-31,中度污染,180,358,134,275,95,95,2.45,8
0,2017-09-01,良,89,348,54,127,31,54,1.25,53
1,2017-09-02,良,98,355,68,134,27,39,1.57,72
2,2017-09-03,良,71,299,38,90,40,43,1.01,59
3,2017-09-04,轻度污染,115,365,82,171,73,56,1.61,49
4,2017-09-05,轻度污染,115,361,77,169,74,63,1.57,34
5,2017-09-06,轻度污染,104,360,68,149,49,51,1.38,59
6,2017-09-07,轻度污染,103,355,63,150,57,62,1.19,62
7,2017-09-08,轻度污染,110,358,53,168,36,72,1.03,11
8,2017-09-09,轻度污染,101,346,56,150,46,75,1.19,62
9,2017-09-10,轻度污染,108,361,62,164,41,54,1.15,46
10,2017-09-11,良,100,361,42,148,26,56,0.83,55
11,2017-09-12,轻度污染,106,355,56,160,36,63,1.08,65
12,2017-09-13,轻度污染,109,357,63,156,23,52,1.13,90
13,2017-09-14,良,97,347,58,133,29,50,1.03,95
14,2017-09-15,良,91,335,66,128,27,46,1.14,91
15,2017-09-16,轻度污染,124,359,88,163,41,74,1.72,29
16,2017-09-17,良,100,317,66,140,24,55,1.35,39
17,2017-09-18,良,72,181,42,88,27,55,1.12,48
18,2017-09-19,良,80,229,32,109,22,53,0.9,42
19,2017-09-20,良,83,311,31,114,26,61,0.89,55
20,2017-09-21,良,96,328,49,141,27,63,1.06,45
21,2017-09-22,良,91,323,41,130,23,47,0.8,43
22,2017-09-23,轻度污染,125,362,63,198,54,66,1.22,42
23,2017-09-24,轻度污染,114,355,70,177,42,56,1.38,74
24,2017-09-25,轻度污染,122,358,82,182,20,45,1.29,109
25,2017-09-26,良,89,343,49,127,16,48,0.85,54
26,2017-09-27,良,88,354,45,123,33,56,0.84,38
27,2017-09-28,良,79,337,29,106,33,53,0.74,39
28,2017-09-29,轻度污染,112,353,56,173,45,67,1.07,45
29,2017-09-30,轻度污染,128,356,74,205,36,75,1.39,46
0,2017-08-01,良,96,343,63,112,10,25,0.94,114
1,2017-08-02,良,69,333,43,79,9,28,0.89,82
2,2017-08-03,良,80,333,41,82,9,37,0.88,89
3,2017-08-04,良,82,321,33,101,15,44,0.8,81
4,2017-08-05,良,73,268,35,94,12,49,0.95,71
5,2017-08-06,良,98,331,47,106,18,49,1.12,91
6,2017-08-07,良,71,268,28,89,24,52,0.94,53
7,2017-08-08,良,94,348,57,124,63,50,1.27,72
8,2017-08-09,良,72,311,36,90,27,50,1.03,64
9,2017-08-10,良,94,340,52,127,42,57,1.22,77
10,2017-08-11,轻度污染,108,343,58,145,33,52,1.17,91
11,2017-08-12,良,93,355,46,119,16,45,1.08,92
12,2017-08-13,良,63,297,34,62,9,32,0.99,83
13,2017-08-14,良,80,345,44,83,16,38,1.06,92
14,2017-08-15,良,96,351,55,116,21,43,1.22,96
15,2017-08-16,良,85,336,41,95,16,51,1.07,81
16,2017-08-17,轻度污染,110,364,82,144,22,41,1.35,108
17,2017-08-18,良,76,331,53,93,13,36,1.22,76
18,2017-08-19,良,64,301,32,59,11,30,1.14,88
19,2017-08-20,良,79,336,45,84,17,38,1.09,99
20,2017-08-21,良,97,353,63,120,19,38,1.19,97
21,2017-08-22,良,90,342,66,95,8,35,1.38,74
22,2017-08-23,良,66,298,17,40,10,22,0.64,116
23,2017-08-24,良,61,295,21,63,13,31,0.68,88
24,2017-08-25,良,72,342,28,92,23,54,0.93,55
25,2017-08-26,良,73,334,32,95,24,49,0.99,37
26,2017-08-27,优,30,56,16,28,5,39,0.98,31
27,2017-08-28,良,56,287,37,54,16,52,1.93,19
28,2017-08-29,良,60,332,36,69,15,43,1.47,29
29,2017-08-30,良,71,352,47,86,27,49,1.38,48
30,2017-08-31,良,96,356,58,139,31,49,1.21,57
0,2017-07-01,轻度污染,117,342,57,118,15,44,0.92,124
1,2017-07-02,轻度污染,136,356,69,143,19,49,1.16,155
2,2017-07-03,轻度污染,134,352,76,169,26,54,1.18,144
3,2017-07-04,良,95,329,56,97,10,27,1.04,143
4,2017-07-05,良,96,342,54,107,15,42,1.05,109
5,2017-07-06,良,92,350,67,84,12,36,1.14,92
6,2017-07-07,良,100,358,45,102,33,50,1.05,103
7,2017-07-08,轻度污染,123,362,55,126,49,49,1.17,148
8,2017-07-09,轻度污染,112,355,44,146,24,61,0.95,102
9,2017-07-10,良,84,314,28,98,20,54,0.8,86
10,2017-07-11,轻度污染,103,321,39,123,30,52,0.95,103
11,2017-07-12,轻度污染,108,340,40,122,29,54,0.96,113
12,2017-07-13,轻度污染,123,358,62,151,26,58,1.08,126
13,2017-07-14,轻度污染,107,349,51,125,13,34,0.92,142
14,2017-07-15,良,72,308,33,67,9,30,0.93,113
15,2017-07-16,良,76,310,31,63,11,28,0.84,111
16,2017-07-17,良,76,315,40,76,13,29,0.84,109
17,2017-07-18,良,80,324,47,79,11,28,0.95,115
18,2017-07-19,轻度污染,103,356,60,106,22,37,0.97,118
19,2017-07-20,轻度污染,109,353,66,121,20,30,1.11,123
20,2017-07-21,良,82,340,50,98,14,34,1.04,94
21,2017-07-22,良,75,306,42,80,13,32,1.15,83
22,2017-07-23,良,73,268,45,88,14,39,1.16,61
23,2017-07-24,良,53,158,22,47,8,34,0.98,62
24,2017-07-25,优,42,77,19,38,9,27,0.89,79
25,2017-07-26,良,52,125,35,54,7,33,1.27,69
26,2017-07-27,优,46,93,25,44,5,41,0.97,47
27,2017-07-28,优,35,26,12,26,4,34,0.7,62
28,2017-07-29,优,50,137,19,30,9,24,0.83,101
29,2017-07-30,轻度污染,112,360,66,129,26,41,1.22,104
30,2017-07-31,良,95,325,50,106,15,37,0.97,103
0,2017-06-01,良,82,256,31,90,18,52,0.85,93
1,2017-06-02,轻度污染,102,290,54,120,27,41,1.09,133
2,2017-06-03,良,81,284,49,103,12,33,0.96,86
3,2017-06-04,良,74,288,31,85,18,43,0.89,85
4,2017-06-05,良,61,274,27,70,15,41,0.94,76
5,2017-06-06,优,45,118,21,41,7,26,0.69,69
6,2017-06-07,良,86,339,41,82,19,44,1.01,84
7,2017-06-08,良,80,260,33,76,27,47,0.85,95
8,2017-06-09,良,84,279,47,116,34,72,1.07,64
9,2017-06-10,轻度污染,114,356,60,137,58,61,1.29,104
10,2017-06-11,良,98,336,41,118,26,41,0.95,123
11,2017-06-12,良,98,338,47,106,20,36,1.03,131
12,2017-06-13,良,77,284,49,86,10,36,1.13,99
13,2017-06-14,良,89,290,33,64,12,35,0.94,125
14,2017-06-15,轻度污染,103,293,48,101,25,49,1.07,141
15,2017-06-16,轻度污染,122,316,59,127,22,50,1.08,148
16,2017-06-17,轻度污染,128,330,75,145,34,37,1.2,149
17,2017-06-18,轻度污染,106,312,62,123,26,39,1.14,124
18,2017-06-19,良,69,250,30,69,12,40,0.86,82
19,2017-06-20,良,70,262,25,67,12,40,0.7,86
20,2017-06-21,轻度污染,102,335,54,113,18,39,0.98,127
21,2017-06-22,良,71,301,38,63,7,21,0.9,112
22,2017-06-23,良,52,176,20,39,8,27,0.82,88
23,2017-06-24,良,60,240,20,49,10,39,0.78,77
24,2017-06-25,良,71,274,27,67,15,40,0.84,80
25,2017-06-26,良,76,251,20,69,15,43,0.81,92
26,2017-06-27,良,97,292,35,100,21,53,0.92,106
27,2017-06-28,轻度污染,114,328,52,128,26,51,0.97,121
28,2017-06-29,良,87,277,42,98,17,46,0.88,101
29,2017-06-30,良,93,307,51,102,16,52,1.06,100
0,2017-05-01,轻度污染,124,343,68,195,18,30,1.05,96
1,2017-05-02,轻度污染,104,311,65,150,17,27,1.21,122
2,2017-05-03,良,71,260,39,89,10,26,1.01,85
3,2017-05-04,严重污染,365,343,163,538,12,31,0.85,69
4,2017-05-05,重度污染,206,284,107,364,5,15,0.61,91
5,2017-05-06,良,83,169,40,114,15,30,0.73,75
6,2017-05-07,良,80,162,40,108,19,52,0.93,54
7,2017-05-08,良,85,260,50,114,19,49,0.89,70
8,2017-05-09,良,97,331,58,142,23,46,0.81,71
9,2017-05-10,良,78,251,26,103,9,27,0.55,76
10,2017-05-11,良,89,262,37,126,15,41,0.66,63
11,2017-05-12,良,97,292,36,143,14,39,0.61,71
12,2017-05-13,良,82,276,26,112,10,29,0.62,78
13,2017-05-14,良,60,129,24,68,13,33,0.75,77
14,2017-05-15,良,68,251,34,75,23,30,0.83,90
15,2017-05-16,良,73,276,37,77,28,40,0.94,84
16,2017-05-17,良,91,287,44,96,25,39,1.04,104
17,2017-05-18,良,89,236,40,102,20,41,1.06,112
18,2017-05-19,良,76,187,31,87,17,41,0.79,82
19,2017-05-20,良,83,252,38,85,20,37,0.9,109
20,2017-05-20,良,83,252,38,85,20,37,0.9,109
21,2017-05-21,良,89,274,40,79,18,27,1.0,136
22,2017-05-22,良,75,271,44,84,15,26,0.99,90
23,2017-05-23,良,52,194,12,35,7,23,0.54,96
24,2017-05-24,良,59,215,21,54,13,41,0.69,73
25,2017-05-25,良,73,255,30,84,25,48,0.85,78
26,2017-05-26,良,99,315,38,92,25,44,1.0,128
27,2017-05-27,良,100,268,43,106,34,52,0.99,115
28,2017-05-28,轻度污染,107,285,54,127,32,48,1.0,121
29,2017-05-29,轻度污染,128,352,62,138,20,29,1.25,183
30,2017-05-30,轻度污染,101,312,46,137,21,35,1.04,110
31,2017-05-31,良,76,196,30,73,13,41,0.84,90
0,2017-04-01,良,70,187,26,88,30,43,0.89,50
1,2017-04-02,良,84,236,38,116,43,56,1.13,48
2,2017-04-03,良,97,291,55,141,34,53,1.26,59
3,2017-04-04,良,63,90,40,74,22,28,1.06,70
4,2017-04-05,良,77,209,55,82,24,47,1.23,52
5,2017-04-06,良,87,221,59,115,34,49,1.47,71
6,2017-04-07,轻度污染,125,319,94,149,38,38,1.57,91
7,2017-04-08,良,79,254,49,86,16,30,1.17,54
8,2017-04-09,优,33,30,16,30,9,28,1.03,50
9,2017-04-10,良,99,351,72,107,59,56,1.64,30
10,2017-04-11,良,96,343,57,113,32,40,1.22,49
11,2017-04-12,良,82,275,36,113,41,59,0.94,39
12,2017-04-13,良,91,309,47,129,31,57,1.07,38
13,2017-04-14,良,100,335,45,148,35,67,1.22,35
14,2017-04-15,良,97,287,43,141,35,68,1.17,41
15,2017-04-16,良,95,279,54,134,73,58,1.44,43
16,2017-04-17,轻度污染,140,329,64,229,44,38,1.2,60
17,2017-04-18,良,73,185,19,94,9,25,0.58,69
18,2017-04-19,轻度污染,101,325,45,151,32,49,0.84,36
19,2017-04-20,轻度污染,123,356,54,194,40,36,0.91,49
20,2017-04-21,良,66,216,21,81,12,30,0.67,56
21,2017-04-22,良,82,304,43,111,43,53,1.0,48
22,2017-04-23,轻度污染,106,362,64,159,52,60,1.13,56
23,2017-04-23,轻度污染,106,362,64,159,52,60,1.13,56
24,2017-04-24,良,84,267,39,116,20,40,0.79,61
25,2017-04-25,良,80,274,41,106,21,33,0.82,62
26,2017-04-26,良,68,273,35,83,18,36,0.73,57
27,2017-04-27,良,74,291,31,95,15,43,0.77,54
28,2017-04-28,良,95,351,47,138,27,52,0.97,50
29,2017-04-29,轻度污染,101,327,53,150,28,50,0.97,54
30,2017-04-30,轻度污染,109,322,61,165,26,52,1.11,64
0,2017-03-01,良,51,56,17,54,20,18,0.77,58
1,2017-03-02,良,81,288,52,100,142,59,1.66,27
2,2017-03-03,良,99,322,72,129,112,64,1.89,29
3,2017-03-04,轻度污染,101,242,73,140,96,70,2.02,25
4,2017-03-05,良,59,121,23,65,29,25,1.01,52
5,2017-03-06,优,50,105,17,51,27,24,1.0,51
6,2017-03-07,优,44,68,17,43,26,20,1.0,51
7,2017-03-08,优,50,95,23,50,38,32,1.04,42
8,2017-03-09,良,71,174,45,88,77,52,1.42,30
9,2017-03-10,良,89,240,61,119,88,64,1.63,26
10,2017-03-11,良,93,245,65,131,76,58,1.52,38
11,2017-03-12,良,58,148,20,64,26,22,0.78,56
12,2017-03-13,良,68,290,33,83,47,48,1.07,37
13,2017-03-14,良,84,308,54,117,70,54,1.4,35
14,2017-03-15,良,80,277,50,109,64,51,1.36,41
15,2017-03-16,轻度污染,113,335,84,142,116,55,1.52,46
16,2017-03-17,轻度污染,150,349,113,173,115,65,1.76,42
17,2017-03-18,良,100,265,69,137,51,48,1.45,62
18,2017-03-19,中度污染,168,348,127,188,47,42,1.54,84
19,2017-03-20,良,98,302,73,105,34,40,1.28,63
20,2017-03-21,轻度污染,120,331,90,136,52,51,1.47,54
21,2017-03-22,轻度污染,121,327,91,142,37,44,1.47,51
22,2017-03-23,良,76,264,55,71,25,42,1.6,32
23,2017-03-24,良,90,285,57,91,53,33,1.29,42
24,2017-03-25,优,42,71,18,41,11,15,0.71,63
25,2017-03-26,优,40,24,18,37,15,21,0.69,62
26,2017-03-27,良,70,154,38,88,48,45,1.1,47
27,2017-03-28,良,78,209,53,95,27,31,1.03,57
28,2017-03-29,良,87,212,56,119,56,57,1.2,50
29,2017-03-30,良,76,212,33,100,34,45,0.92,49
30,2017-03-31,良,60,168,24,68,22,31,0.79,56
0,2017-02-01,良,95,277,70,106,105,42,1.46,28
1,2017-02-02,中度污染,198,355,153,198,210,66,2.52,19
2,2017-02-03,严重污染,255,357,204,257,272,79,3.11,18
3,2017-02-04,重度污染,232,337,187,242,241,73,3.03,25
4,2017-02-05,良,89,190,65,104,101,54,1.71,27
5,2017-02-06,轻度污染,140,315,108,152,66,46,1.67,33
6,2017-02-07,轻度污染,124,350,93,129,131,54,1.7,20
7,2017-02-08,良,90,304,53,92,68,28,1.08,40
8,2017-02-09,优,47,99,22,47,45,23,0.75,45
9,2017-02-10,良,61,143,38,63,89,43,1.15,30
10,2017-02-11,轻度污染,102,293,75,116,159,55,1.77,22
11,2017-02-12,良,97,212,71,106,132,57,1.69,24
12,2017-02-13,良,96,192,70,114,111,63,1.82,25
13,2017-02-14,中度污染,160,291,122,181,186,82,2.22,19
14,2017-02-15,重度污染,209,343,163,230,174,71,2.35,33
15,2017-02-16,中度污染,156,302,114,182,106,56,1.88,31
16,2017-02-17,良,75,173,41,95,73,46,1.25,29
17,2017-02-18,轻度污染,115,269,84,162,149,63,2.04,31
18,2017-02-19,轻度污染,135,249,91,185,117,54,1.91,41
19,2017-02-20,良,70,141,21,87,28,23,0.96,49
20,2017-02-21,良,75,280,41,84,46,30,1.07,42
21,2017-02-22,中度污染,169,359,129,162,137,50,1.94,32
22,2017-02-23,良,58,172,36,62,57,39,1.09,41
23,2017-02-24,良,74,218,51,91,98,49,1.53,37
24,2017-02-25,良,69,189,47,83,65,48,1.35,36
25,2017-02-26,良,75,196,52,95,96,54,1.6,26
26,2017-02-27,良,95,249,69,120,109,56,1.72,33
27,2017-02-28,良,90,192,63,117,81,55,1.54,28
0,2017-01-01,严重污染,330,351,285,370,296,101,3.99,7
1,2017-01-02,严重污染,388,362,342,430,344,116,4.65,8
2,2017-01-03,严重污染,345,355,298,386,317,117,4.39,9
3,2017-01-04,中度污染,171,222,131,201,187,83,2.53,12
4,2017-01-05,轻度污染,127,224,95,132,83,51,1.7,46
5,2017-01-06,重度污染,211,335,166,205,152,71,2.54,15
6,2017-01-07,严重污染,317,362,270,326,241,81,3.77,12
7,2017-01-08,轻度污染,101,248,75,102,118,48,1.49,24
8,2017-01-09,良,90,224,66,100,93,52,1.48,20
9,2017-01-10,良,71,179,47,83,72,49,1.2,20
10,2017-01-11,良,95,251,64,107,117,47,1.47,27
11,2017-01-12,良,75,207,48,87,73,41,1.24,33
12,2017-01-13,良,82,220,55,105,95,53,1.51,20
13,2017-01-14,良,92,268,65,111,95,63,1.51,12
14,2017-01-15,严重污染,278,364,227,301,160,89,3.09,5
15,2017-01-16,严重污染,318,359,267,353,271,97,3.75,8
16,2017-01-17,轻度污染,121,263,90,138,131,56,1.71,25
17,2017-01-18,良,92,183,65,110,122,63,1.46,16
18,2017-01-19,良,90,168,47,98,58,24,1.0,49
19,2017-01-20,良,72,202,42,83,111,45,1.2,29
20,2017-01-21,良,88,247,56,94,95,34,1.3,39
21,2017-01-22,良,79,185,53,97,119,50,1.57,23
22,2017-01-23,轻度污染,115,271,86,130,177,69,2.07,15
23,2017-01-24,中度污染,158,289,120,177,192,73,2.37,17
24,2017-01-25,严重污染,331,350,281,351,275,93,3.52,18
25,2017-01-26,重度污染,224,306,179,261,158,48,2.47,37
26,2017-01-27,良,84,145,51,108,106,35,1.36,39
27,2017-01-28,重度污染,248,314,199,270,231,60,2.45,29
28,2017-01-29,轻度污染,108,251,61,128,59,22,1.24,42
29,2017-01-30,良,63,186,31,69,70,26,1.09,35
30,2017-01-31,中度污染,155,354,117,157,214,56,2.17,16
0,2016-12-01,良,99,203,70,127,120,57,1.63,17
1,2016-12-02,中度污染,197,336,156,233,260,84,2.77,8
2,2016-12-03,严重污染,373,365,328,429,371,114,4.16,7
3,2016-12-04,严重污染,341,362,290,389,284,93,3.39,8
4,2016-12-05,轻度污染,117,244,80,135,87,40,1.61,31
5,2016-12-06,轻度污染,137,325,104,167,221,71,2.23,11
6,2016-12-07,轻度污染,128,239,94,159,166,63,1.95,19
7,2016-12-08,轻度污染,134,234,96,154,160,59,2.01,19
8,2016-12-09,良,91,154,62,111,91,58,1.48,14
9,2016-12-10,中度污染,197,354,151,232,194,82,2.91,7
10,2016-12-11,中度污染,194,337,147,207,133,72,2.4,8
11,2016-12-12,严重污染,362,365,316,376,263,88,3.79,8
12,2016-12-13,中度污染,152,326,115,140,72,45,2.17,20
13,2016-12-14,中度污染,195,358,154,179,133,57,2.55,12
14,2016-12-15,中度污染,184,342,147,191,147,60,2.63,15
15,2016-12-16,中度污染,190,333,148,207,228,74,2.68,8
16,2016-12-17,重度污染,238,354,188,255,257,93,3.5,7
17,2016-12-18,重度污染,232,326,182,252,231,90,3.46,9
18,2016-12-19,重度污染,212,275,165,233,192,85,3.26,12
19,2016-12-20,中度污染,162,230,122,171,134,71,1.93,13
20,2016-12-21,中度污染,161,284,125,155,85,44,1.92,20
21,2016-12-22,良,59,123,40,59,46,28,0.89,35
22,2016-12-23,轻度污染,112,268,83,127,150,66,1.89,13
23,2016-12-24,轻度污染,146,333,110,158,142,67,2.04,17
24,2016-12-25,重度污染,237,364,191,238,206,75,2.48,7
25,2016-12-26,轻度污染,138,346,107,140,135,39,1.62,28
26,2016-12-27,良,64,210,37,72,76,31,0.85,35
27,2016-12-28,良,97,267,70,115,111,50,1.37,18
28,2016-12-29,轻度污染,120,275,87,133,160,58,1.59,12
29,2016-12-30,中度污染,195,324,153,214,266,79,2.58,9
30,2016-12-31,严重污染,329,352,278,366,345,105,3.99,8
0,2016-11-01,轻度污染,135,358,103,175,118,66,1.56,10
1,2016-11-02,重度污染,209,363,165,275,153,76,2.45,12
2,2016-11-03,重度污染,228,360,172,315,215,96,2.88,12
3,2016-11-04,严重污染,296,359,226,386,221,109,3.35,13
4,2016-11-05,中度污染,199,336,151,282,146,90,2.45,21
5,2016-11-06,轻度污染,143,302,108,177,42,58,1.45,28
6,2016-11-07,轻度污染,106,272,71,112,41,43,1.2,18
7,2016-11-08,良,84,292,54,104,77,52,1.21,16
8,2016-11-09,中度污染,185,363,141,234,199,75,2.32,8
9,2016-11-10,良,82,256,38,111,56,38,0.91,43
10,2016-11-11,中度污染,166,346,111,276,169,72,2.04,15
11,2016-11-12,中度污染,180,347,132,293,190,78,2.28,16
12,2016-11-13,重度污染,236,350,182,331,233,99,2.96,11
13,2016-11-14,轻度污染,130,273,89,190,109,62,1.8,22
14,2016-11-15,中度污染,191,351,147,267,176,89,2.34,20
15,2016-11-16,严重污染,294,366,240,384,179,106,3.19,10
16,2016-11-17,严重污染,281,361,228,346,175,107,3.23,10
17,2016-11-18,严重污染,324,363,266,391,242,94,3.43,8
18,2016-11-19,轻度污染,112,276,78,137,80,50,1.71,22
19,2016-11-20,中度污染,165,338,126,224,142,73,2.3,11
20,2016-11-21,良,93,303,62,115,45,41,1.54,17
21,2016-11-22,良,62,313,24,72,50,31,1.01,33
22,2016-11-23,良,70,293,38,86,77,39,1.15,26
23,2016-11-24,轻度污染,108,322,80,139,176,62,1.71,19
24,2016-11-25,中度污染,181,344,137,214,248,73,2.43,26
25,2016-11-26,轻度污染,103,235,52,155,50,29,0.85,49
26,2016-11-27,轻度污染,119,276,77,184,124,59,1.69,24
27,2016-11-28,轻度污染,140,333,106,189,166,75,2.29,14
28,2016-11-29,严重污染,291,365,240,361,265,91,3.48,6
29,2016-11-30,中度污染,181,352,142,206,121,52,1.86,27
0,2016-10-01,中度污染,160,351,121,206,55,71,2.04,42
1,2016-10-02,中度污染,182,357,139,243,64,77,2.21,58
2,2016-10-03,中度污染,157,351,119,206,54,66,1.8,67
3,2016-10-04,轻度污染,134,351,98,164,21,47,1.46,52
4,2016-10-05,良,74,272,35,97,31,54,1.09,28
5,2016-10-06,良,87,323,49,122,25,70,1.35,13
6,2016-10-07,良,54,195,33,61,11,43,1.05,30
7,2016-10-08,良,54,207,21,59,25,47,0.9,31
8,2016-10-09,良,74,332,42,97,53,59,1.32,13
9,2016-10-10,良,90,338,63,124,64,57,1.49,31
10,2016-10-11,良,95,334,65,138,49,63,1.51,31
11,2016-10-12,中度污染,163,360,123,220,65,79,1.99,36
12,2016-10-13,轻度污染,132,338,97,174,66,67,1.91,33
13,2016-10-14,良,95,314,65,132,58,63,1.51,36
14,2016-10-15,良,67,229,42,83,18,47,1.13,24
15,2016-10-16,良,65,216,38,73,23,47,1.45,22
16,2016-10-17,良,79,277,36,107,36,60,1.32,25
17,2016-10-18,轻度污染,131,337,92,189,44,68,1.63,35
18,2016-10-19,中度污染,173,355,131,240,63,79,1.7,34
19,2016-10-20,轻度污染,129,346,94,160,15,54,1.47,19
20,2016-10-21,良,54,236,30,59,12,38,1.2,5
21,2016-10-22,优,35,113,19,34,10,37,0.98,7
22,2016-10-23,优,28,44,15,27,14,37,0.82,10
23,2016-10-24,良,73,314,49,91,30,50,1.45,3
24,2016-10-25,轻度污染,131,358,98,148,70,54,1.97,5
25,2016-10-26,轻度污染,135,358,101,170,43,50,1.86,21
26,2016-10-27,良,74,316,51,86,16,48,1.4,12
27,2016-10-28,优,40,139,17,43,14,26,0.56,36
28,2016-10-29,良,93,356,51,134,88,48,1.02,18
29,2016-10-30,轻度污染,118,356,85,171,106,55,1.63,17
30,2016-10-31,良,68,307,38,73,37,41,0.75,25
0,2016-09-01,良,55,170,19,64,21,38,0.58,40
1,2016-09-02,良,75,272,26,97,40,50,0.87,44
2,2016-09-03,良,81,258,39,110,37,60,1.06,47
3,2016-09-04,良,65,195,28,71,31,40,0.87,62
4,2016-09-05,良,66,201,24,81,29,48,0.83,44
5,2016-09-06,良,62,207,24,74,26,46,0.79,24
6,2016-09-07,良,58,215,23,64,25,39,0.79,39
7,2016-09-08,良,55,145,21,58,24,43,0.75,53
8,2016-09-09,良,81,253,36,110,50,64,1.1,29
9,2016-09-10,良,75,278,34,98,39,49,1.01,41
10,2016-09-11,良,53,181,19,56,18,36,0.7,45
11,2016-09-12,良,57,182,23,64,22,43,0.84,31
12,2016-09-13,良,60,171,27,69,29,42,0.91,44
13,2016-09-14,良,74,260,43,95,27,54,1.04,48
14,2016-09-15,良,90,317,57,128,35,53,1.09,51
15,2016-09-16,良,99,340,74,125,34,41,1.36,67
16,2016-09-17,良,96,338,70,126,25,51,1.28,35
17,2016-09-18,良,62,256,43,67,11,35,1.25,35
18,2016-09-19,优,45,98,20,45,15,33,0.91,34
19,2016-09-20,良,65,248,36,77,24,40,0.99,44
20,2016-09-21,轻度污染,122,360,91,168,52,53,1.56,36
21,2016-09-22,轻度污染,132,360,99,168,48,64,1.62,41
22,2016-09-23,良,91,270,65,122,45,66,1.34,54
23,2016-09-24,良,100,300,68,140,56,69,1.41,54
24,2016-09-25,轻度污染,107,316,80,145,31,47,1.4,46
25,2016-09-26,良,69,204,48,87,16,48,1.24,42
26,2016-09-27,良,70,262,42,88,18,33,1.11,35
27,2016-09-28,良,52,232,20,53,18,37,0.85,40
28,2016-09-29,良,91,351,59,123,33,58,1.41,37
29,2016-09-30,轻度污染,149,357,112,184,45,65,1.95,54
0,2016-08-01,良,65,275,41,74,12,30,0.84,56
1,2016-08-02,良,59,262,35,59,11,26,0.85,71
2,2016-08-03,良,62,278,36,66,12,23,0.77,92
3,2016-08-04,良,65,282,35,69,12,30,0.84,88
4,2016-08-05,良,74,311,50,87,13,32,0.87,66
5,2016-08-06,良,67,292,36,72,15,35,0.95,67
6,2016-08-07,良,64,303,35,77,16,32,0.86,57
7,2016-08-08,优,45,187,15,41,12,20,0.62,77
8,2016-08-09,良,54,221,24,57,14,24,0.75,68
9,2016-08-10,良,65,301,42,71,21,27,0.92,71
10,2016-08-11,良,74,322,47,87,27,37,0.96,67
11,2016-08-12,良,79,342,53,96,30,34,0.89,73
12,2016-08-13,良,66,298,45,77,13,31,1.09,50
13,2016-08-14,优,41,119,22,41,9,34,0.9,21
14,2016-08-15,优,30,53,15,28,9,29,0.85,27
15,2016-08-16,优,32,54,17,30,10,27,0.98,48
16,2016-08-17,良,53,153,32,55,12,37,1.18,27
17,2016-08-18,良,91,337,66,98,18,47,1.6,30
18,2016-08-19,良,57,231,32,51,12,28,1.06,57
19,2016-08-20,优,48,149,21,48,12,33,0.85,57
20,2016-08-21,良,55,164,24,51,14,29,0.77,63
21,2016-08-22,良,58,178,28,66,16,30,0.69,78
22,2016-08-23,良,85,323,61,105,29,39,1.1,74
23,2016-08-24,轻度污染,102,346,74,124,23,48,1.42,53
24,2016-08-25,优,36,46,14,33,10,19,0.54,51
25,2016-08-26,优,50,230,17,51,15,32,0.66,40
26,2016-08-27,优,49,160,15,50,15,34,0.62,40
27,2016-08-28,良,55,176,17,62,17,39,0.65,39
28,2016-08-29,良,62,195,20,73,23,46,0.69,31
29,2016-08-30,良,83,308,46,113,45,52,1.02,41
30,2016-08-31,良,86,282,54,110,31,44,0.94,48
0,2016-07-01,良,73,327,42,80,14,34,1.06,77
1,2016-07-02,良,74,305,44,70,14,27,1.13,92
2,2016-07-03,良,81,301,54,82,14,28,1.21,91
3,2016-07-04,良,99,340,71,113,13,26,1.22,85
4,2016-07-05,良,83,300,59,98,10,26,1.01,94
5,2016-07-06,轻度污染,102,335,72,118,15,24,0.99,105
6,2016-07-07,良,98,333,66,105,19,22,0.94,124
7,2016-07-08,良,89,336,65,103,11,29,1.03,61
8,2016-07-09,良,53,200,34,56,7,32,0.88,36
9,2016-07-10,良,52,186,24,48,13,29,0.87,64
10,2016-07-11,轻度污染,110,352,82,136,34,43,1.27,56
11,2016-07-12,良,54,212,27,49,13,26,0.79,63
12,2016-07-13,良,61,267,23,68,23,34,0.7,68
13,2016-07-14,优,48,190,21,46,10,24,0.72,73
14,2016-07-15,优,40,113,21,36,14,30,0.79,61
15,2016-07-16,良,58,246,36,56,17,38,0.96,52
16,2016-07-17,良,61,222,28,55,16,29,0.84,73
17,2016-07-18,良,97,325,72,115,14,34,1.16,70
18,2016-07-19,优,49,177,18,32,6,18,0.98,84
19,2016-07-20,优,46,198,16,25,7,26,1.03,59
20,2016-07-21,优,44,161,27,44,10,34,1.0,33
21,2016-07-22,轻度污染,101,353,70,129,24,41,1.36,73
22,2016-07-23,良,79,314,52,90,24,34,1.17,66
23,2016-07-24,良,77,300,52,97,12,34,1.12,62
24,2016-07-25,优,50,133,30,48,11,23,0.9,44
25,2016-07-26,良,52,142,23,55,14,31,0.77,58
26,2016-07-27,良,86,329,53,110,24,35,0.92,81
27,2016-07-28,良,93,328,63,118,22,46,1.11,60
28,2016-07-29,良,81,274,56,110,16,34,1.12,69
29,2016-07-30,良,81,291,54,101,14,32,1.01,70
30,2016-07-31,良,65,257,37,77,18,30,0.86,75
0,2016-06-01,良,93,341,38,135,20,27,1.06,89
1,2016-06-02,轻度污染,115,361,76,164,47,37,1.42,124
2,2016-06-03,轻度污染,120,359,90,142,39,41,1.52,49
3,2016-06-04,良,92,328,68,106,26,43,1.41,48
4,2016-06-05,良,92,336,65,100,14,37,1.5,67
5,2016-06-06,良,92,328,52,97,21,38,1.35,107
6,2016-06-07,良,88,305,61,102,16,37,1.5,85
7,2016-06-08,良,88,294,50,91,22,39,1.29,83
8,2016-06-09,良,95,309,50,111,52,43,1.18,108
9,2016-06-10,良,84,307,44,93,38,31,1.06,95
10,2016-06-11,良,54,188,17,59,25,29,0.75,58
11,2016-06-12,良,66,266,28,79,33,35,0.93,60
12,2016-06-13,良,70,256,31,75,26,32,1.01,78
13,2016-06-14,良,58,181,26,64,16,19,0.79,58
14,2016-06-15,优,41,93,10,35,11,21,0.71,77
15,2016-06-16,良,67,218,25,75,30,40,0.95,70
16,2016-06-17,良,93,307,41,123,54,54,1.28,84
17,2016-06-18,良,95,318,38,95,23,31,1.21,146
18,2016-06-19,良,86,308,41,91,18,30,1.33,119
19,2016-06-20,良,79,304,47,91,20,38,1.43,76
20,2016-06-21,良,59,221,31,65,15,37,1.13,55
21,2016-06-22,良,72,294,32,86,21,39,1.13,71
22,2016-06-23,良,53,213,19,55,11,28,0.99,63
23,2016-06-24,优,50,217,19,51,14,31,0.84,56
24,2016-06-25,良,55,233,19,56,17,36,0.76,62
25,2016-06-26,良,91,317,52,124,53,48,1.12,89
26,2016-06-27,良,93,318,60,128,44,49,1.16,75
27,2016-06-28,良,100,346,66,142,25,45,1.06,52
28,2016-06-29,良,90,335,56,109,22,40,1.12,86
29,2016-06-30,良,96,333,56,110,19,38,1.21,95
0,2016-05-01,轻度污染,103,286,64,145,44,38,1.02,71
1,2016-05-02,良,88,299,33,124,7,9,0.59,71
2,2016-05-03,良,57,136,24,64,11,18,0.63,63
3,2016-05-04,良,95,321,57,139,56,43,0.98,59
4,2016-05-05,良,100,305,49,147,23,29,0.9,67
5,2016-05-06,轻度污染,107,277,36,163,16,20,0.62,52
6,2016-05-07,良,85,268,39,118,48,31,0.86,38
7,2016-05-08,良,79,323,49,104,72,33,1.1,59
8,2016-05-09,良,96,349,68,126,66,30,1.23,60
9,2016-05-10,良,89,302,57,111,30,36,1.11,71
10,2016-05-11,良,94,238,52,123,57,35,1.16,91
11,2016-05-12,良,76,157,30,100,15,20,0.7,84
12,2016-05-13,良,78,260,38,103,40,40,1.03,50
13,2016-05-14,良,91,318,66,89,42,40,1.38,25
14,2016-05-15,良,51,182,21,55,17,29,0.88,44
15,2016-05-16,良,84,337,39,116,68,51,1.04,48
16,2016-05-17,良,82,258,38,105,47,47,0.99,65
17,2016-05-18,良,81,218,40,103,37,39,0.95,80
18,2016-05-19,轻度污染,105,301,69,129,28,30,1.14,106
19,2016-05-20,良,82,266,41,88,26,23,0.98,124
20,2016-05-21,良,86,304,54,119,23,29,0.92,103
21,2016-05-22,良,82,299,50,102,21,22,0.88,111
22,2016-05-23,良,69,251,44,83,22,22,0.92,63
23,2016-05-24,良,52,101,21,55,36,23,0.68,65
24,2016-05-25,良,54,135,22,59,47,34,0.73,46
25,2016-05-26,良,77,289,40,103,51,41,0.94,45
26,2016-05-27,良,88,315,57,119,59,38,1.14,38
27,2016-05-28,良,73,275,39,93,32,42,0.97,56
28,2016-05-29,良,93,330,56,132,47,40,1.01,68
29,2016-05-30,轻度污染,103,315,64,153,39,41,0.96,78
30,2016-05-31,轻度污染,127,346,78,197,34,42,1.03,62
0,2016-04-01,良,87,180,26,123,17,16,0.75,70
1,2016-04-02,良,75,164,21,99,17,20,0.84,52
2,2016-04-03,优,48,83,21,49,15,21,0.9,41
3,2016-04-04,良,96,339,71,116,80,37,1.41,40
4,2016-04-05,良,80,267,54,104,54,41,1.26,45
5,2016-04-06,轻度污染,113,322,78,160,83,47,1.59,43
6,2016-04-07,良,86,281,36,120,33,26,0.99,53
7,2016-04-08,良,53,115,12,55,24,25,0.74,51
8,2016-04-09,良,80,245,29,109,53,37,0.98,44
9,2016-04-10,良,92,275,33,132,35,35,0.95,55
10,2016-04-11,轻度污染,120,333,55,186,37,30,1.27,87
11,2016-04-12,良,67,176,32,77,21,22,0.92,51
12,2016-04-13,良,82,201,33,111,49,31,0.96,42
13,2016-04-14,良,82,203,30,113,25,26,0.72,59
14,2016-04-15,良,89,262,41,127,24,29,0.94,58
15,2016-04-16,良,52,156,15,56,9,15,0.64,52
16,2016-04-17,良,62,214,15,72,10,19,0.58,50
17,2016-04-18,良,70,299,24,87,18,25,0.74,49
18,2016-04-19,良,93,334,58,134,35,37,1.08,41
19,2016-04-20,良,97,319,59,143,32,32,0.98,45
20,2016-04-21,良,100,286,51,147,38,30,0.84,46
21,2016-04-22,良,96,265,39,140,18,29,0.72,57
22,2016-04-23,轻度污染,114,318,58,176,32,37,0.89,52
23,2016-04-24,轻度污染,118,324,71,185,54,41,1.08,59
24,2016-04-25,轻度污染,113,334,73,166,44,31,1.1,83
25,2016-04-26,良,91,309,58,122,16,20,1.02,77
26,2016-04-27,良,88,301,58,111,14,24,1.08,58
27,2016-04-28,良,57,97,32,56,16,27,0.9,68
28,2016-04-29,良,99,284,66,135,58,41,1.12,62
29,2016-04-30,轻度污染,111,318,74,159,49,38,1.1,60
0,2016-03-01,良,79,164,55,101,112,45,2.1,28
1,2016-03-02,良,80,119,53,100,111,41,2.02,34
2,2016-03-03,良,97,188,69,131,108,52,2.14,36
3,2016-03-04,良,100,184,41,147,66,29,1.72,37
4,2016-03-05,轻度污染,118,197,39,185,24,14,1.24,55
5,2016-03-06,良,98,162,50,143,79,34,1.77,32
6,2016-03-07,良,71,124,28,90,35,24,1.46,48
7,2016-03-08,良,75,263,33,98,31,27,1.5,38
8,2016-03-09,良,55,255,25,60,26,19,1.39,39
9,2016-03-10,优,44,136,13,43,17,11,1.2,51
10,2016-03-11,良,61,161,34,70,55,27,1.54,34
11,2016-03-12,轻度污染,103,276,74,132,103,47,2.09,15
12,2016-03-13,良,64,140,25,75,32,22,1.43,44
13,2016-03-14,良,79,164,45,105,70,37,1.83,29
14,2016-03-15,轻度污染,147,328,111,201,91,43,1.97,46
15,2016-03-16,中度污染,174,328,131,196,82,46,1.98,47
16,2016-03-17,中度污染,162,301,122,197,122,60,2.14,31
17,2016-03-18,轻度污染,117,222,79,171,72,46,1.82,46
18,2016-03-19,中度污染,200,341,153,283,48,44,1.87,88
19,2016-03-20,中度污染,163,346,123,214,53,39,1.51,54
20,2016-03-21,中度污染,168,361,127,213,62,48,1.51,70
21,2016-03-22,轻度污染,150,351,113,179,50,52,1.58,59
22,2016-03-23,轻度污染,109,339,79,112,47,39,1.33,36
23,2016-03-24,良,83,321,59,95,62,37,1.17,24
24,2016-03-25,良,57,134,34,60,37,21,0.88,33
25,2016-03-26,优,49,41,15,51,34,21,0.74,36
26,2016-03-27,良,69,154,33,86,108,30,1.02,32
27,2016-03-28,良,82,204,45,112,121,39,1.15,28
28,2016-03-29,良,75,147,22,98,44,27,0.84,41
29,2016-03-30,良,83,189,34,114,73,35,1.16,41
30,2016-03-31,良,94,235,47,137,83,34,1.19,69
0,2016-02-01,良,56,117,35,58,83,30,2.3,26
1,2016-02-02,良,70,114,48,74,111,37,2.52,19
2,2016-02-03,良,88,146,64,97,153,45,2.85,13
3,2016-02-04,良,63,116,41,68,93,33,2.36,30
4,2016-02-05,优,34,15,9,33,21,10,1.72,54
5,2016-02-06,优,43,32,19,42,55,16,2.0,46
6,2016-02-07,优,50,36,29,51,71,20,2.24,38
7,2016-02-08,轻度污染,112,109,82,122,152,33,2.97,34
8,2016-02-09,良,72,123,50,74,136,33,2.74,29
9,2016-02-10,良,96,250,71,101,110,40,2.91,36
10,2016-02-11,轻度污染,138,286,104,136,94,42,3.16,23
11,2016-02-12,中度污染,156,306,119,146,86,36,3.41,10
12,2016-02-13,优,23,1,6,15,20,8,1.95,46
13,2016-02-14,优,29,30,4,12,16,5,1.85,57
14,2016-02-15,优,29,34,6,14,20,8,1.82,58
15,2016-02-16,优,30,9,10,20,34,13,1.68,52
16,2016-02-17,优,45,43,29,45,89,26,1.52,35
17,2016-02-18,良,53,55,27,57,60,25,1.2,39
18,2016-02-19,轻度污染,131,295,45,200,14,7,0.88,60
19,2016-02-20,良,53,91,17,58,31,12,1.02,52
20,2016-02-21,良,68,102,43,72,115,39,1.67,15
21,2016-02-22,轻度污染,102,261,69,119,160,35,2.07,25
22,2016-02-23,优,38,48,17,37,40,20,1.23,43
23,2016-02-24,优,38,51,19,36,49,22,1.32,38
24,2016-02-25,优,48,63,23,50,73,26,1.51,37
25,2016-02-26,优,43,51,18,44,62,26,1.42,39
26,2016-02-27,良,60,123,31,70,91,33,1.78,28
27,2016-02-28,优,35,6,9,30,22,14,1.19,52
28,2016-02-29,优,49,73,26,51,67,34,1.55,32
0,2016-01-01,重度污染,207,330,162,244,287,67,3.57,4
1,2016-01-02,重度污染,235,323,184,264,269,75,3.8,5
2,2016-01-03,中度污染,182,267,142,209,187,59,3.31,12
3,2016-01-04,良,96,172,71,119,115,50,2.32,10
4,2016-01-05,良,84,231,60,97,86,41,1.79,12
5,2016-01-06,优,40,49,17,39,37,23,1.2,33
6,2016-01-07,良,55,125,27,58,62,34,1.48,17
7,2016-01-08,良,69,153,44,81,92,40,1.87,12
8,2016-01-09,良,97,187,71,119,161,48,2.48,7
9,2016-01-10,轻度污染,118,237,87,143,162,52,2.78,9
10,2016-01-11,良,53,138,28,58,49,31,1.57,23
11,2016-01-12,良,54,140,30,58,68,34,1.65,17
12,2016-01-13,良,71,179,44,84,114,35,2.03,18
13,2016-01-14,良,59,94,33,68,93,32,1.81,26
14,2016-01-15,良,92,179,67,113,178,48,2.44,12
15,2016-01-16,轻度污染,106,207,78,135,185,52,2.79,11
16,2016-01-17,优,43,66,11,42,24,14,1.33,50
17,2016-01-18,优,35,16,9,34,20,13,1.31,48
18,2016-01-19,良,62,102,38,70,130,39,2.07,16
19,2016-01-20,良,98,253,71,115,174,52,2.57,6
20,2016-01-21,轻度污染,109,297,80,124,149,41,2.58,15
21,2016-01-22,优,43,112,14,43,23,13,1.45,44
22,2016-01-23,优,40,76,8,40,13,8,1.39,51
23,2016-01-24,良,51,133,20,53,54,19,1.62,36
24,2016-01-25,良,72,254,49,84,125,35,2.38,19
25,2016-01-26,良,65,130,42,72,106,37,2.23,23
26,2016-01-27,良,95,223,69,114,162,48,2.94,10
27,2016-01-28,轻度污染,111,248,83,128,174,55,3.19,10
28,2016-01-29,轻度污染,127,289,96,142,102,56,3.12,13
29,2016-01-30,轻度污染,129,299,97,133,86,43,2.99,7
30,2016-01-31,优,44,80,26,43,55,23,2.02,32
0,2015-12-01,中度污染,179,321,134,217,94,25,1.93,24
1,2015-12-02,良,58,131,10,65,12,5,0.4,43
2,2015-12-03,优,35,56,7,34,13,7,0.44,38
3,2015-12-04,良,56,150,32,63,52,21,0.78,23
4,2015-12-05,轻度污染,105,271,78,145,98,31,1.56,7
5,2015-12-06,轻度污染,141,317,105,181,163,39,1.75,4
6,2015-12-07,中度污染,199,324,157,255,137,41,2.11,4
7,2015-12-08,严重污染,254,342,206,295,153,47,2.5,5
8,2015-12-09,严重污染,268,339,217,288,158,40,2.45,4
9,2015-12-10,重度污染,205,313,161,222,134,41,1.79,11
10,2015-12-11,良,94,212,69,110,56,31,1.09,16
11,2015-12-12,轻度污染,145,298,109,171,107,38,1.61,10
12,2015-12-13,严重污染,294,361,243,352,188,44,2.65,3
13,2015-12-14,良,53,104,31,54,32,12,0.9,37
14,2015-12-15,优,39,58,11,38,21,11,0.69,35
15,2015-12-16,优,32,28,12,32,22,12,0.72,30
16,2015-12-17,良,99,337,73,128,114,32,1.61,7
17,2015-12-18,轻度污染,127,324,93,168,123,38,1.96,8
18,2015-12-19,良,95,217,69,119,95,38,1.63,8
19,2015-12-20,重度污染,209,317,164,240,220,54,2.65,4
20,2015-12-21,轻度污染,134,206,101,150,122,45,2.07,9
21,2015-12-22,中度污染,184,254,144,202,180,53,2.37,4
22,2015-12-23,中度污染,167,222,129,183,147,49,2.13,11
23,2015-12-24,中度污染,158,279,122,181,128,41,2.08,22
24,2015-12-25,良,60,108,28,70,78,32,1.1,27
25,2015-12-26,轻度污染,105,216,75,154,137,45,1.95,15
26,2015-12-27,良,97,244,71,126,46,39,2.01,11
27,2015-12-28,重度污染,201,347,158,240,192,54,2.94,5
28,2015-12-29,重度污染,212,330,171,250,203,56,2.87,13
29,2015-12-30,良,54,69,30,61,72,34,1.21,22
30,2015-12-31,良,100,145,72,125,163,47,2.2,6
0,2015-11-01,轻度污染,102,316,70,149,141,46,2.0,16
1,2015-11-02,轻度污染,133,309,96,204,152,47,2.43,12
2,2015-11-03,轻度污染,101,228,70,145,135,56,1.94,21
3,2015-11-04,中度污染,161,340,122,229,195,71,2.37,5
4,2015-11-05,轻度污染,150,327,112,172,80,45,1.63,24
5,2015-11-06,优,23,9,12,21,25,30,0.96,10
6,2015-11-07,良,100,319,74,95,100,45,1.56,7
7,2015-11-08,轻度污染,134,326,100,133,153,48,2.0,10
8,2015-11-09,良,76,184,53,94,90,43,1.48,13
9,2015-11-10,良,95,262,69,128,115,48,1.66,13
10,2015-11-11,良,78,209,55,96,104,51,1.29,14
11,2015-11-12,良,84,230,62,101,109,46,1.59,8
12,2015-11-13,轻度污染,115,294,86,121,137,47,1.39,8
13,2015-11-14,中度污染,170,339,128,185,193,48,1.93,12
14,2015-11-15,良,98,256,72,113,91,34,1.42,19
15,2015-11-16,良,65,192,44,70,76,42,1.89,17
16,2015-11-17,良,92,320,67,115,95,37,1.98,5
17,2015-11-18,良,51,172,35,51,63,43,1.4,6
18,2015-11-19,轻度污染,140,359,106,148,192,52,2.46,11
19,2015-11-20,轻度污染,111,332,83,124,108,36,1.78,9
20,2015-11-21,良,56,148,37,60,65,21,1.42,3
21,2015-11-22,优,22,6,11,21,36,20,1.02,5
22,2015-11-23,优,40,123,25,39,50,19,0.99,10
23,2015-11-24,良,59,287,38,64,71,23,0.92,21
24,2015-11-25,良,73,288,49,74,120,20,1.02,29
25,2015-11-26,良,54,175,35,56,100,27,0.97,18
26,2015-11-27,轻度污染,126,333,94,134,176,33,1.77,9
27,2015-11-28,重度污染,209,348,161,218,157,40,2.68,12
28,2015-11-29,轻度污染,132,276,99,140,112,39,1.99,9
29,2015-11-30,轻度污染,119,251,89,144,111,39,1.85,6
0,2015-10-01,优,32,21,11,32,14,11,0.62,46
1,2015-10-02,良,71,210,36,90,43,36,0.96,33
2,2015-10-03,良,96,282,60,134,65,48,1.29,30
3,2015-10-04,轻度污染,108,312,79,155,69,52,1.46,30
4,2015-10-05,良,97,293,67,140,59,52,1.43,35
5,2015-10-06,轻度污染,127,327,90,185,77,64,1.68,35
6,2015-10-07,轻度污染,125,344,91,148,62,47,1.56,46
7,2015-10-08,优,46,158,13,47,23,22,0.76,31
8,2015-10-09,良,56,196,22,62,40,29,0.96,30
9,2015-10-10,优,47,147,14,46,16,24,0.8,31
10,2015-10-11,良,56,182,23,60,32,35,1.03,29
11,2015-10-12,良,74,228,34,96,46,42,1.29,23
12,2015-10-13,良,94,257,57,135,64,58,1.63,26
13,2015-10-14,轻度污染,101,217,71,141,59,51,1.56,17
14,2015-10-15,良,79,133,48,105,57,45,1.59,29
15,2015-10-16,良,93,178,50,135,51,57,1.72,34
16,2015-10-17,轻度污染,142,311,101,222,73,77,2.13,30
17,2015-10-18,轻度污染,129,319,92,179,44,50,1.92,32
18,2015-10-19,中度污染,181,355,138,223,51,58,2.49,33
19,2015-10-20,中度污染,164,339,123,201,41,53,2.18,37
20,2015-10-21,轻度污染,114,292,83,133,28,41,2.04,28
21,2015-10-22,优,33,15,18,32,19,30,1.76,5
22,2015-10-23,良,76,153,56,76,28,46,2.4,6
23,2015-10-24,良,66,120,44,76,35,38,1.74,7
24,2015-10-25,优,27,8,14,26,14,30,1.21,25
25,2015-10-26,优,46,69,17,48,19,27,1.18,23
26,2015-10-27,良,74,280,30,96,41,32,1.39,23
27,2015-10-28,良,95,310,49,137,56,37,1.69,14
28,2015-10-29,良,70,246,33,89,39,31,1.32,23
29,2015-10-30,良,81,316,42,110,48,38,1.55,20
30,2015-10-31,轻度污染,122,342,87,183,166,51,2.15,9
0,2015-09-01,优,35,58,13,26,14,20,0.82,47
1,2015-09-02,优,32,62,9,25,14,22,0.77,46
2,2015-09-03,优,37,80,11,34,19,22,0.77,44
3,2015-09-04,优,39,103,19,36,10,17,0.83,51
4,2015-09-05,良,52,222,31,53,20,23,1.08,43
5,2015-09-06,优,25,14,10,23,11,24,1.07,35
6,2015-09-07,优,40,66,16,39,16,32,1.11,46
7,2015-09-08,良,62,218,34,72,19,31,1.32,53
8,2015-09-09,良,74,288,53,73,13,29,1.51,46
9,2015-09-10,优,46,142,31,40,10,27,1.28,49
10,2015-09-11,优,39,93,18,38,14,22,1.08,26
11,2015-09-12,优,37,90,10,37,14,23,0.71,39
12,2015-09-13,良,74,317,33,95,36,42,1.1,24
13,2015-09-14,良,84,331,45,115,31,33,1.17,48
14,2015-09-15,轻度污染,112,351,83,150,24,30,1.34,73
15,2015-09-16,轻度污染,111,350,82,148,29,46,1.38,53
16,2015-09-17,轻度污染,119,351,88,156,32,41,1.33,54
17,2015-09-18,良,80,252,55,94,20,33,1.03,53
18,2015-09-19,良,79,261,44,106,32,45,1.15,15
19,2015-09-20,轻度污染,103,343,76,138,37,51,1.3,69
20,2015-09-21,轻度污染,140,358,106,186,35,43,1.36,63
21,2015-09-22,轻度污染,129,354,96,157,29,41,1.33,51
22,2015-09-23,良,73,292,50,85,34,44,1.24,17
23,2015-09-24,良,74,290,48,95,55,43,1.21,42
24,2015-09-25,优,45,120,17,47,21,33,0.81,45
25,2015-09-26,良,69,262,38,86,42,46,1.13,41
26,2015-09-27,良,87,313,63,112,40,43,1.23,59
27,2015-09-28,良,71,286,50,75,16,23,1.12,55
28,2015-09-29,优,30,35,18,26,10,23,1.2,39
29,2015-09-30,良,53,201,36,54,17,37,1.19,17
0,2015-08-01,优,50,151,30,56,11,23,1.15,40
1,2015-08-02,优,44,94,27,45,9,31,0.87,61
2,2015-08-03,良,55,209,37,58,15,35,0.93,34
3,2015-08-04,良,55,204,26,63,15,27,0.81,32
4,2015-08-05,良,90,321,62,115,28,27,0.95,35
5,2015-08-06,良,63,244,33,74,19,28,0.79,40
6,2015-08-07,良,69,274,45,86,13,22,0.83,49
7,2015-08-08,良,83,325,57,108,11,22,0.84,41
8,2015-08-09,良,64,283,41,77,13,26,0.77,39
9,2015-08-10,良,60,279,33,71,15,27,0.71,36
10,2015-08-11,良,66,285,31,80,19,36,0.73,24
11,2015-08-12,良,67,244,37,83,20,33,0.75,35
12,2015-08-13,良,82,265,53,111,29,33,0.85,50
13,2015-08-14,良,70,232,44,85,13,22,0.68,40
14,2015-08-15,良,72,273,45,92,26,32,0.8,34
15,2015-08-16,良,77,253,43,102,31,37,0.8,40
16,2015-08-17,良,92,264,54,133,30,41,0.82,35
17,2015-08-18,轻度污染,111,335,68,169,36,36,0.94,52
18,2015-08-19,轻度污染,105,355,73,146,43,32,1.1,64
19,2015-08-20,良,56,244,22,64,23,36,0.75,42
20,2015-08-21,良,65,238,23,78,24,41,0.82,47
21,2015-08-22,良,53,132,18,58,20,32,0.71,45
22,2015-08-23,良,55,145,18,58,20,31,0.74,56
23,2015-08-24,优,48,122,16,46,14,28,0.79,61
24,2015-08-25,良,52,140,22,53,14,26,0.89,53
25,2015-08-26,良,59,153,28,68,19,35,0.92,39
26,2015-08-27,良,60,170,25,69,18,32,0.86,35
27,2015-08-28,良,62,175,25,72,19,30,0.81,46
28,2015-08-29,良,61,181,31,71,23,29,0.96,61
29,2015-08-30,良,78,263,55,97,19,22,1.08,64
30,2015-08-31,优,44,96,26,44,11,20,0.89,54
0,2015-07-01,良,69,286,30,76,30,43,1.05,58
1,2015-07-02,良,67,264,20,76,22,44,0.82,56
2,2015-07-03,良,66,244,18,61,21,38,0.8,89
3,2015-07-04,良,92,319,42,100,57,35,1.03,116
4,2015-07-05,良,99,341,63,132,57,37,1.11,106
5,2015-07-06,轻度污染,134,358,93,154,24,26,1.14,125
6,2015-07-07,轻度污染,129,351,87,135,23,31,1.26,120
7,2015-07-08,轻度污染,130,342,88,137,20,25,1.15,122
8,2015-07-09,良,83,272,47,90,25,33,0.91,124
9,2015-07-10,轻度污染,113,349,84,137,39,36,1.14,113
10,2015-07-11,良,86,299,61,101,31,35,1.24,94
11,2015-07-12,良,78,252,48,91,24,40,1.14,92
12,2015-07-13,良,81,222,44,110,50,75,1.1,57
13,2015-07-14,良,74,179,39,95,28,46,0.94,69
14,2015-07-15,良,51,108,26,56,10,22,0.75,59
15,2015-07-16,优,47,91,22,37,7,14,0.75,76
16,2015-07-17,良,60,223,40,59,13,22,0.99,62
17,2015-07-18,优,43,76,23,38,12,20,0.87,60
18,2015-07-19,良,58,188,37,59,18,20,0.87,54
19,2015-07-20,良,54,132,31,57,16,22,0.88,50
20,2015-07-21,良,55,147,33,59,18,20,0.86,69
21,2015-07-22,良,52,155,29,56,16,25,0.85,43
22,2015-07-23,优,46,153,19,43,16,25,0.81,43
23,2015-07-24,良,52,183,19,54,21,33,0.89,38
24,2015-07-25,良,61,201,27,67,24,34,0.98,56
25,2015-07-26,良,58,169,32,64,19,25,0.89,59
26,2015-07-27,良,84,298,61,104,18,22,1.17,66
27,2015-07-28,良,77,305,56,91,18,22,1.02,60
28,2015-07-29,良,51,164,30,58,14,24,0.86,44
29,2015-07-30,良,72,315,42,91,20,28,1.02,47
30,2015-07-31,良,62,274,37,71,7,16,1.03,35
0,2015-06-01,良,88,234,43,105,67,55,1.34,73
1,2015-06-02,良,61,202,20,69,17,33,0.81,71
2,2015-06-03,良,71,289,31,91,30,39,1.05,80
3,2015-06-04,良,69,260,31,86,24,26,1.04,76
4,2015-06-05,良,92,320,47,132,43,44,1.22,57
5,2015-06-06,良,96,289,46,140,63,54,1.33,58
6,2015-06-07,良,69,243,33,85,19,32,1.19,77
7,2015-06-08,良,78,302,45,91,46,42,1.42,66
8,2015-06-09,良,87,269,41,101,65,35,1.39,108
9,2015-06-10,良,76,241,29,98,17,27,1.11,69
10,2015-06-11,优,46,112,13,46,11,15,0.97,74
11,2015-06-12,良,66,201,25,79,29,32,1.18,62
12,2015-06-13,优,50,132,13,38,14,20,1.05,86
13,2015-06-14,良,71,235,26,64,27,33,1.27,101
14,2015-06-15,良,96,297,65,126,48,40,1.8,120
15,2015-06-16,轻度污染,125,337,78,133,59,40,1.8,109
16,2015-06-17,良,99,304,58,111,33,38,1.77,131
17,2015-06-18,良,68,255,23,55,18,34,1.17,88
18,2015-06-19,良,76,278,35,99,35,44,1.33,82
19,2015-06-20,良,84,310,44,106,19,26,1.34,106
20,2015-06-21,良,95,323,68,122,50,38,1.65,84
21,2015-06-22,良,98,312,64,105,34,37,1.68,121
22,2015-06-23,轻度污染,128,341,91,153,26,39,1.82,115
23,2015-06-24,良,51,195,25,49,21,25,1.21,86
24,2015-06-25,良,100,351,71,129,28,39,1.61,93
25,2015-06-26,轻度污染,139,359,91,159,44,38,1.62,106
26,2015-06-27,轻度污染,129,353,89,144,31,22,1.51,134
27,2015-06-28,轻度污染,119,343,89,136,19,21,1.33,114
28,2015-06-29,良,79,318,57,81,9,26,1.24,77
29,2015-06-30,良,62,270,39,60,14,28,1.09,80
0,2015-05-01,良,98,293,64,131,20,20,1.5,56
1,2015-05-02,良,76,299,45,101,24,30,1.52,45
2,2015-05-03,良,97,304,47,142,21,29,1.38,45
3,2015-05-04,良,70,209,29,87,25,25,1.15,55
4,2015-05-05,轻度污染,112,321,78,158,46,36,1.24,60
5,2015-05-06,良,89,232,53,127,17,29,0.92,70
6,2015-05-07,良,98,266,60,144,25,34,1.01,55
7,2015-05-08,良,83,294,46,110,45,34,0.8,90
8,2015-05-09,良,80,287,50,106,13,29,0.89,60
9,2015-05-10,良,52,105,26,57,16,34,1.16,29
10,2015-05-11,优,44,87,12,42,12,15,0.51,84
11,2015-05-12,良,65,204,23,71,22,35,0.7,78
12,2015-05-13,轻度污染,103,335,57,145,83,58,1.12,68
13,2015-05-14,轻度污染,112,323,55,173,53,50,1.03,57
14,2015-05-15,良,98,317,53,141,42,45,0.99,84
15,2015-05-16,良,98,313,51,132,49,47,1.04,99
16,2015-05-17,轻度污染,115,319,70,171,59,50,1.13,86
17,2015-05-18,良,64,138,28,68,16,27,0.58,91
18,2015-05-19,良,57,143,19,62,16,27,0.59,78
19,2015-05-20,良,56,153,20,51,20,30,0.64,78
20,2015-05-21,良,59,150,32,67,25,33,0.9,91
21,2015-05-22,良,94,303,57,98,48,51,1.17,74
22,2015-05-23,良,94,277,50,105,49,51,1.1,93
23,2015-05-24,轻度污染,116,306,61,124,43,49,1.41,136
24,2015-05-25,轻度污染,109,268,58,112,43,46,1.26,132
25,2015-05-26,轻度污染,111,269,66,124,80,49,1.39,123
26,2015-05-27,轻度污染,138,315,96,178,65,45,1.61,145
27,2015-05-28,中度污染,165,349,122,210,50,43,1.88,124
28,2015-05-29,良,56,159,32,62,15,33,0.96,61
29,2015-05-30,良,55,153,23,55,28,40,1.02,56
30,2015-05-31,良,80,233,41,84,68,51,1.31,73
0,2015-04-01,优,42,48,21,41,11,18,2.04,40
1,2015-04-02,良,71,257,51,71,27,31,2.39,31
2,2015-04-03,良,65,175,44,67,20,25,1.93,33
3,2015-04-04,轻度污染,103,299,77,104,20,29,2.09,28
4,2015-04-05,优,49,94,19,50,12,14,1.41,49
5,2015-04-06,优,49,134,22,49,19,21,1.49,38
6,2015-04-07,良,62,252,38,71,27,29,1.62,37
7,2015-04-08,轻度污染,116,338,86,124,29,33,1.99,32
8,2015-04-09,良,53,111,32,56,16,25,1.68,38
9,2015-04-10,良,65,169,37,78,32,38,1.83,28
10,2015-04-11,良,74,193,35,95,28,34,1.69,34
11,2015-04-12,良,66,157,19,81,9,9,1.36,52
12,2015-04-13,良,60,123,29,67,17,20,1.56,50
13,2015-04-14,良,100,309,73,139,51,47,2.03,42
14,2015-04-15,中度污染,158,331,94,245,66,39,1.74,39
15,2015-04-16,轻度污染,130,300,50,208,17,18,1.16,47
16,2015-04-17,轻度污染,108,234,54,163,37,34,1.49,35
17,2015-04-18,轻度污染,115,304,66,178,30,37,1.5,37
18,2015-04-19,良,66,203,37,81,17,21,1.25,42
19,2015-04-20,轻度污染,102,344,69,142,34,36,1.52,31
20,2015-04-21,轻度污染,102,332,63,149,32,34,1.51,34
21,2015-04-22,良,87,285,45,122,36,33,1.37,36
22,2015-04-23,良,95,271,51,138,43,37,1.5,49
23,2015-04-24,良,86,237,41,120,23,32,1.34,52
24,2015-04-25,良,86,201,51,119,39,45,1.54,40
25,2015-04-26,良,81,164,44,110,32,42,1.45,41
26,2015-04-27,良,89,238,59,110,35,34,1.41,57
27,2015-04-28,轻度污染,104,310,65,150,16,23,1.22,56
28,2015-04-29,轻度污染,124,326,89,189,28,37,1.46,67
29,2015-04-30,轻度污染,112,299,77,173,35,36,1.68,78
0,2015-03-01,良,60,167,35,67,117,27,2.49,27
1,2015-03-02,良,79,207,49,92,121,30,2.68,27
2,2015-03-03,良,55,96,15,58,35,11,1.9,42
3,2015-03-04,优,46,89,23,47,83,30,2.35,25
4,2015-03-05,良,94,310,69,98,134,36,2.69,24
5,2015-03-06,中度污染,156,350,117,152,174,42,3.12,26
6,2015-03-07,轻度污染,142,337,108,152,181,54,2.86,24
7,2015-03-08,轻度污染,108,293,75,126,137,42,2.6,26
8,2015-03-09,优,50,88,19,50,34,17,1.76,40
9,2015-03-10,良,57,143,32,62,81,33,2.15,26
10,2015-03-11,良,58,118,33,65,77,32,2.17,32
11,2015-03-12,良,75,168,47,92,126,41,2.49,38
12,2015-03-13,良,60,112,30,70,65,34,2.2,30
13,2015-03-14,良,82,155,50,105,89,38,2.36,30
14,2015-03-15,良,96,176,50,139,81,36,2.29,38
15,2015-03-16,轻度污染,137,296,103,178,115,45,2.83,45
16,2015-03-17,轻度污染,101,275,69,137,42,28,2.5,49
17,2015-03-18,中度污染,174,359,132,217,91,54,3.19,35
18,2015-03-19,轻度污染,126,320,87,153,83,44,2.94,29
19,2015-03-20,良,76,178,41,98,60,30,2.31,36
20,2015-03-21,良,75,169,30,99,46,29,1.93,39
21,2015-03-22,良,72,123,25,92,40,29,1.93,33
22,2015-03-23,良,87,280,30,122,45,31,1.89,31
23,2015-03-24,良,82,251,48,112,72,38,1.91,32
24,2015-03-25,轻度污染,105,315,77,143,48,33,2.04,40
25,2015-03-26,良,83,243,59,94,52,33,1.79,40
26,2015-03-27,轻度污染,109,291,81,116,92,42,2.11,36
27,2015-03-28,轻度污染,107,258,73,135,82,40,2.08,33
28,2015-03-29,良,92,188,52,132,63,39,1.88,44
29,2015-03-30,轻度污染,115,286,78,154,52,37,1.98,62
30,2015-03-31,轻度污染,144,335,105,184,29,26,2.32,58
0,2015-02-01,轻度污染,121,288,91,126,173,48,2.36,19
1,2015-02-02,轻度污染,150,296,113,151,142,52,2.72,15
2,2015-02-03,中度污染,198,313,152,196,221,54,3.16,16
3,2015-02-04,良,51,62,32,50,68,27,1.59,31
4,2015-02-05,良,53,67,34,52,93,34,1.77,26
5,2015-02-06,良,97,206,72,109,174,49,2.35,15
6,2015-02-07,良,73,99,46,76,90,30,1.97,26
7,2015-02-08,良,56,84,30,58,102,33,1.72,24
8,2015-02-09,轻度污染,104,277,77,116,209,53,2.65,16
9,2015-02-10,轻度污染,118,236,86,128,200,51,2.74,27
10,2015-02-11,良,64,60,35,75,62,24,1.65,39
11,2015-02-12,良,79,126,49,105,115,36,2.12,21
12,2015-02-13,良,93,182,67,118,155,42,2.54,22
13,2015-02-14,轻度污染,131,222,99,151,237,60,3.16,18
14,2015-02-15,轻度污染,127,245,88,142,152,44,2.93,24
15,2015-02-16,良,67,68,26,81,53,17,1.8,39
16,2015-02-17,良,56,62,33,64,96,26,2.2,32
17,2015-02-18,良,72,120,50,86,70,21,2.23,48
18,2015-02-19,轻度污染,115,202,86,125,80,26,2.51,31
19,2015-02-20,中度污染,172,354,132,159,134,36,3.06,19
20,2015-02-21,轻度污染,146,327,102,148,140,29,2.82,30
21,2015-02-22,良,58,110,22,64,51,15,1.86,40
22,2015-02-23,良,83,205,57,94,132,36,2.51,24
23,2015-02-24,轻度污染,127,317,95,145,201,43,3.16,19
24,2015-02-25,良,64,182,25,78,41,13,1.96,39
25,2015-02-26,优,43,75,20,43,59,20,2.14,30
26,2015-02-27,良,65,256,45,68,60,21,2.33,32
27,2015-02-28,良,78,290,55,72,102,25,2.63,27
0,2015-01-01,轻度污染,111,288,81,132,243,39,3.04,11
1,2015-01-02,轻度污染,135,554,102,161,331,49,3.69,9
2,2015-01-03,重度污染,221,342,172,248,428,63,4.65,9
3,2015-01-04,轻度污染,112,118,83,129,214,52,3.15,10
4,2015-01-05,轻度污染,137,185,98,154,226,43,3.43,12
5,2015-01-06,良,63,143,35,71,119,31,2.43,13
6,2015-01-07,轻度污染,131,327,98,152,258,49,3.54,9
7,2015-01-08,轻度污染,119,250,86,141,235,41,3.38,15
8,2015-01-09,良,92,143,65,124,196,39,3.07,13
9,2015-01-10,轻度污染,128,218,97,157,268,51,3.64,10
10,2015-01-11,轻度污染,118,212,88,144,226,49,3.5,12
11,2015-01-12,轻度污染,128,271,96,147,177,51,3.53,10
12,2015-01-13,中度污染,183,331,138,199,169,53,3.37,16
13,2015-01-14,中度污染,199,325,152,212,213,60,3.13,12
14,2015-01-15,中度污染,171,284,130,182,154,48,2.67,13
15,2015-01-16,良,54,32,32,57,64,26,1.7,23
16,2015-01-17,良,89,157,61,102,156,41,2.13,13
17,2015-01-18,良,54,40,25,58,46,17,1.26,33
18,2015-01-19,轻度污染,107,239,78,121,203,47,2.44,17
19,2015-01-20,良,100,197,69,118,162,40,2.39,23
20,2015-01-21,优,46,28,23,49,61,23,1.32,26
21,2015-01-22,良,100,175,74,115,201,49,2.15,16
22,2015-01-23,轻度污染,133,202,100,155,240,62,2.61,14
23,2015-01-24,轻度污染,106,142,79,125,124,47,1.91,16
24,2015-01-25,中度污染,197,281,153,199,168,54,2.73,13
25,2015-01-26,中度污染,180,250,138,182,140,44,2.63,19
26,2015-01-27,优,45,53,22,44,71,26,1.4,24
27,2015-01-28,良,61,211,42,66,102,37,1.64,17
28,2015-01-29,轻度污染,102,293,75,100,153,36,2.07,21
29,2015-01-30,良,51,93,32,52,72,26,1.45,25
30,2015-01-31,良,66,165,45,67,115,39,1.79,17
0,2014-12-01,良,60,50,24,67,52,20,1.15,24
1,2014-12-02,良,70,108,43,87,110,30,1.55,9
2,2014-12-03,良,56,46,20,61,37,13,1.09,33
3,2014-12-04,优,48,53,18,49,51,15,1.07,29
4,2014-12-05,轻度污染,128,176,96,149,190,40,2.02,13
5,2014-12-06,中度污染,176,173,135,218,243,44,2.63,11
6,2014-12-07,良,79,66,40,106,55,19,1.38,27
7,2014-12-08,轻度污染,105,105,72,153,136,37,1.97,11
8,2014-12-09,中度污染,177,174,134,220,180,45,2.39,7
9,2014-12-10,良,87,83,35,121,38,11,1.34,31
10,2014-12-11,良,68,68,31,84,63,18,1.51,24
11,2014-12-12,良,51,26,18,53,44,13,1.4,28
12,2014-12-13,轻度污染,143,183,108,172,232,37,2.64,12
13,2014-12-14,中度污染,192,177,150,243,258,46,3.12,9
14,2014-12-15,轻度污染,101,64,52,130,77,15,1.86,26
15,2014-12-16,良,62,65,21,73,59,15,1.61,23
16,2014-12-17,轻度污染,103,165,68,126,166,31,2.04,15
17,2014-12-18,严重污染,252,184,204,300,387,60,3.27,8
18,2014-12-19,轻度污染,129,158,94,157,138,28,2.08,19
19,2014-12-20,良,69,74,44,86,98,27,1.64,12
20,2014-12-21,良,51,27,23,53,59,15,1.34,22
21,2014-12-22,中度污染,166,180,129,198,284,42,2.73,9
22,2014-12-23,严重污染,261,185,210,307,348,54,3.57,8
23,2014-12-24,轻度污染,114,87,84,138,136,36,2.18,10
24,2014-12-25,轻度污染,117,117,87,151,154,36,2.27,10
25,2014-12-26,重度污染,209,174,164,249,269,48,3.05,7
26,2014-12-27,严重污染,304,185,255,370,300,56,3.84,9
27,2014-12-28,轻度污染,122,99,86,135,166,32,2.64,18
28,2014-12-29,轻度污染,107,78,78,136,255,43,3.01,11
29,2014-12-30,轻度污染,111,93,72,138,143,29,2.67,20
30,2014-12-31,良,63,149,16,74,35,10,1.66,25
0,2014-11-01,优,43,24,19,42,44,17,1.33,28
1,2014-11-02,优,36,13,11,35,40,15,1.15,33
2,2014-11-03,良,90,163,61,112,153,39,1.9,15
3,2014-11-04,中度污染,153,187,117,219,224,52,2.08,13
4,2014-11-05,轻度污染,117,138,87,145,140,39,1.27,20
5,2014-11-06,良,65,47,31,78,79,29,0.78,21
6,2014-11-07,良,84,136,54,97,83,36,1.08,13
7,2014-11-08,轻度污染,106,159,79,110,107,37,1.36,11
8,2014-11-09,轻度污染,120,138,90,138,119,38,1.49,14
9,2014-11-10,中度污染,182,158,142,211,216,48,2.15,8
10,2014-11-11,中度污染,162,150,127,179,181,32,1.88,19
11,2014-11-12,优,32,16,11,31,38,15,0.67,33
12,2014-11-13,良,66,73,41,78,125,36,1.13,17
13,2014-11-14,良,78,70,49,102,135,38,1.4,13
14,2014-11-15,轻度污染,105,114,74,142,206,41,1.6,13
15,2014-11-16,良,54,17,27,60,58,23,0.84,24
16,2014-11-17,轻度污染,101,97,72,132,153,40,1.52,15
17,2014-11-18,中度污染,164,173,125,226,218,53,2.26,14
18,2014-11-19,重度污染,217,182,169,284,250,64,2.67,17
19,2014-11-20,中度污染,183,164,143,231,163,47,2.07,22
20,2014-11-21,轻度污染,120,97,90,167,183,48,1.91,15
21,2014-11-22,轻度污染,141,104,106,177,132,46,1.73,15
22,2014-11-23,严重污染,283,186,232,325,199,63,2.83,13
23,2014-11-24,中度污染,179,171,138,193,157,47,2.26,13
24,2014-11-25,重度污染,204,180,160,221,241,52,2.74,12
25,2014-11-26,轻度污染,146,164,110,152,157,36,2.18,12
26,2014-11-27,中度污染,158,169,119,173,142,37,2.3,11
27,2014-11-28,轻度污染,148,181,112,175,173,45,2.21,13
28,2014-11-29,轻度污染,125,148,93,135,152,44,2.17,12
29,2014-11-30,良,80,132,42,84,60,21,1.36,34
0,2014-10-01,良,83,157,57,112,42,30,1.41,16
1,2014-10-02,良,88,146,56,114,44,26,1.32,27
2,2014-10-03,良,86,135,49,119,34,27,1.2,32
3,2014-10-04,良,64,97,37,79,19,23,1.14,24
4,2014-10-05,良,53,28,17,57,23,22,0.89,27
5,2014-10-06,良,90,148,56,118,45,34,1.24,36
6,2014-10-07,中度污染,159,174,121,213,61,42,1.61,33
7,2014-10-08,重度污染,207,175,159,295,74,49,2.04,30
8,2014-10-09,中度污染,198,169,153,259,43,36,1.87,42
9,2014-10-10,严重污染,260,180,211,302,27,30,1.89,57
10,2014-10-11,中度污染,191,178,149,214,51,28,1.5,34
11,2014-10-12,优,29,10,9,28,15,12,0.83,34
12,2014-10-13,良,57,71,30,63,33,22,1.13,19
13,2014-10-14,良,86,102,60,118,70,35,1.46,20
14,2014-10-15,良,93,57,51,133,49,29,1.26,23
15,2014-10-16,良,100,99,53,147,64,39,1.36,19
16,2014-10-17,轻度污染,118,128,83,183,78,46,1.65,23
17,2014-10-18,轻度污染,101,90,58,150,51,46,1.57,22
18,2014-10-19,中度污染,198,183,147,304,105,61,2.15,17
19,2014-10-20,轻度污染,144,158,107,223,49,48,1.96,11
20,2014-10-21,重度污染,245,190,194,324,61,47,2.13,28
21,2014-10-22,重度污染,224,185,175,277,85,54,2.4,15
22,2014-10-23,中度污染,199,178,153,255,81,51,2.52,15
23,2014-10-24,中度污染,195,175,148,256,92,57,2.44,20
24,2014-10-25,中度污染,151,167,114,228,93,58,2.35,18
25,2014-10-26,良,95,92,57,137,45,33,1.55,32
26,2014-10-27,良,71,66,31,90,29,28,1.32,36
27,2014-10-28,轻度污染,102,151,69,150,58,44,1.76,20
28,2014-10-29,轻度污染,138,165,104,187,62,45,1.94,10
29,2014-10-30,轻度污染,141,159,106,160,74,43,2.06,8
30,2014-10-31,中度污染,154,156,117,173,79,36,2.28,8
0,2014-09-01,良,78,157,54,91,37,19,1.13,62
1,2014-09-02,优,45,60,23,46,14,19,0.81,41
2,2014-09-03,优,43,65,16,43,20,25,0.68,41
3,2014-09-04,良,68,105,34,84,38,33,0.94,49
4,2014-09-05,良,91,124,56,121,47,33,1.1,81
5,2014-09-06,良,94,140,69,122,30,19,1.11,81
6,2014-09-07,轻度污染,122,165,91,136,49,25,1.41,52
7,2014-09-08,良,82,120,58,94,31,22,1.08,44
8,2014-09-09,良,79,137,56,93,43,23,1.08,53
9,2014-09-10,良,81,140,57,109,37,21,1.19,62
10,2014-09-11,良,78,151,53,102,27,23,1.17,42
11,2014-09-12,优,28,10,15,27,10,15,0.88,32
12,2014-09-13,优,46,76,25,48,20,22,1.12,19
13,2014-09-14,良,62,142,37,78,28,20,1.16,14
14,2014-09-15,优,37,30,17,37,20,18,0.78,21
15,2014-09-16,优,46,77,19,48,21,19,0.86,16
16,2014-09-17,优,37,59,20,37,17,22,0.95,12
17,2014-09-18,优,46,64,20,46,20,19,0.95,27
18,2014-09-19,良,93,164,60,133,72,32,1.41,34
19,2014-09-20,轻度污染,117,173,87,163,65,36,1.72,40
20,2014-09-21,轻度污染,101,166,70,148,35,30,1.4,54
21,2014-09-22,轻度污染,103,167,75,140,26,27,1.43,46
22,2014-09-23,良,87,160,64,103,45,34,1.32,26
23,2014-09-24,良,66,123,44,76,34,28,1.22,38
24,2014-09-25,良,80,104,53,109,32,31,1.23,34
25,2014-09-26,轻度污染,104,142,73,145,59,32,1.34,39
26,2014-09-27,良,82,96,39,112,28,32,1.01,29
27,2014-09-28,良,85,140,52,119,22,32,1.27,20
28,2014-09-29,良,60,103,35,67,19,22,1.08,36
29,2014-09-30,优,48,78,25,53,16,24,1.18,21
0,2014-08-01,轻度污染,122,173,85,145,20,31,1.09,133
1,2014-08-02,轻度污染,136,183,100,161,29,38,1.34,134
2,2014-08-03,轻度污染,133,179,97,169,30,40,1.35,116
3,2014-08-04,轻度污染,141,181,104,164,28,34,1.48,97
4,2014-08-05,优,50,68,22,50,17,30,0.75,51
5,2014-08-06,优,39,36,15,38,14,39,0.77,38
6,2014-08-07,优,48,53,22,44,24,33,0.82,60
7,2014-08-09,轻度污染,113,185,75,125,43,50,1.59,69
8,2014-08-10,良,95,171,65,129,42,53,1.39,79
9,2014-08-11,良,64,88,30,77,27,41,0.89,44
10,2014-08-12,良,65,107,30,78,30,41,0.94,37
11,2014-08-13,优,49,69,26,52,28,28,0.99,48
12,2014-08-14,良,54,93,24,57,28,33,0.9,45
13,2014-08-15,良,58,67,28,64,32,39,0.94,47
14,2014-08-16,良,64,75,33,75,35,40,1.01,47
15,2014-08-17,优,48,57,27,48,22,31,0.95,43
16,2014-08-18,良,59,96,33,67,27,36,1.03,37
17,2014-08-19,良,67,109,37,81,29,36,1.06,53
18,2014-08-20,良,72,105,42,92,33,37,1.06,51
19,2014-08-21,良,67,60,34,81,27,33,0.9,49
20,2014-08-23,良,55,53,30,62,20,23,0.91,42
21,2014-08-24,优,35,19,12,32,13,15,0.66,43
22,2014-08-25,优,39,22,11,36,16,20,0.6,44
23,2014-08-26,良,51,36,16,52,21,24,0.75,45
24,2014-08-27,良,63,93,33,74,21,20,0.93,67
25,2014-08-28,良,53,60,32,56,17,20,0.92,56
26,2014-08-29,良,72,135,49,87,25,22,1.1,53
27,2014-08-30,良,72,136,49,84,22,19,1.13,63
28,2014-08-31,良,71,145,49,85,30,22,1.17,54
0,2014-07-01,良,76,95,41,99,24,46,1.68,52
1,2014-07-02,良,71,111,46,85,30,45,1.58,68
2,2014-07-03,良,77,113,46,101,31,49,1.51,61
3,2014-07-04,良,67,90,39,81,22,46,1.43,58
4,2014-07-05,良,73,122,49,93,17,35,1.19,68
5,2014-07-06,良,90,154,63,122,27,43,1.48,75
6,2014-07-07,轻度污染,142,176,107,189,39,51,1.43,92
7,2014-07-08,轻度污染,124,167,84,142,18,38,1.08,70
8,2014-07-09,优,36,12,12,27,8,24,0.51,66
9,2014-07-10,优,46,42,21,38,19,37,0.97,77
10,2014-07-11,良,89,106,52,112,32,46,1.23,73
11,2014-07-12,良,61,87,23,70,17,36,0.62,71
12,2014-07-13,良,74,134,40,96,33,50,0.97,49
13,2014-07-14,良,83,115,43,113,42,55,1.06,56
14,2014-07-15,良,94,160,50,125,62,54,1.01,97
15,2014-07-16,轻度污染,117,179,57,133,46,57,1.02,124
16,2014-07-17,轻度污染,121,181,75,159,45,48,1.01,110
17,2014-07-18,轻度污染,110,173,69,150,24,40,1.06,117
18,2014-07-19,良,84,136,50,102,15,24,0.76,103
19,2014-07-20,良,85,144,53,103,29,38,0.84,82
20,2014-07-21,良,84,153,55,109,31,44,0.93,49
21,2014-07-22,优,44,37,19,45,11,33,0.58,52
22,2014-07-23,优,42,37,12,36,15,34,0.56,68
23,2014-07-24,良,57,90,18,54,19,36,0.59,67
24,2014-07-25,良,68,115,23,66,21,43,0.72,88
25,2014-07-26,良,91,110,46,115,41,55,0.89,73
26,2014-07-27,良,92,112,51,116,33,44,0.82,97
27,2014-07-28,轻度污染,116,146,74,147,42,51,1.1,119
28,2014-07-29,轻度污染,117,162,84,152,26,43,1.31,110
29,2014-07-30,良,86,162,43,86,26,40,0.97,100
30,2014-07-31,良,95,157,59,111,22,36,0.91,110
0,2014-06-01,良,66,84,38,78,22,32,0.96,91
1,2014-06-02,良,65,106,38,76,16,35,0.99,66
2,2014-06-03,良,52,46,20,49,17,29,0.95,82
3,2014-06-04,良,67,74,36,81,32,45,1.2,85
4,2014-06-05,良,73,85,42,89,29,50,1.35,77
5,2014-06-06,良,64,73,31,78,19,42,1.23,63
6,2014-06-07,良,55,62,20,59,25,44,1.0,55
7,2014-06-08,良,69,66,29,86,33,42,0.99,62
8,2014-06-09,良,55,63,16,60,17,32,0.83,56
9,2014-06-10,良,53,66,17,56,22,35,0.94,53
10,2014-06-11,良,66,76,31,82,20,36,1.01,70
11,2014-06-12,良,81,83,50,99,23,39,1.21,91
12,2014-06-13,良,89,90,55,125,40,53,1.5,76
13,2014-06-14,良,91,92,66,117,35,52,1.56,73
14,2014-06-15,轻度污染,115,121,86,149,39,46,1.55,79
15,2014-06-16,轻度污染,115,124,83,160,34,62,1.52,72
16,2014-06-17,良,96,147,63,116,35,38,1.46,89
17,2014-06-18,轻度污染,108,160,73,123,21,50,1.62,52
18,2014-06-19,良,51,59,23,55,13,37,1.23,35
19,2014-06-20,良,51,76,22,52,20,35,1.19,59
20,2014-06-21,良,76,143,51,97,18,36,1.49,75
21,2014-06-22,良,97,165,66,120,23,37,1.61,89
22,2014-06-23,良,87,151,59,112,21,35,1.55,97
23,2014-06-24,轻度污染,112,159,83,142,24,36,1.67,104
24,2014-06-25,良,76,129,55,87,14,39,1.75,74
25,2014-06-26,良,87,143,57,109,24,52,1.72,60
26,2014-06-27,良,63,103,25,75,26,45,1.34,57
27,2014-06-28,良,68,91,30,82,34,45,1.45,72
28,2014-06-29,良,73,110,47,93,36,40,1.68,61
29,2014-06-30,良,80,107,47,107,32,46,1.61,61
0,2014-05-01,轻度污染,120,134,61,189,29,29,1.69,34
1,2014-05-02,良,66,49,15,82,17,10,1.24,47
2,2014-05-03,良,75,84,30,98,27,20,1.46,36
3,2014-05-04,良,76,117,28,102,15,18,1.14,42
4,2014-05-05,良,76,125,32,101,28,40,1.12,33
5,2014-05-06,轻度污染,105,164,56,160,60,51,1.09,43
6,2014-05-07,良,83,103,34,115,23,38,0.51,46
7,2014-05-08,轻度污染,126,174,86,200,44,50,0.99,71
8,2014-05-09,中度污染,160,183,119,229,35,42,1.11,65
9,2014-05-10,良,97,181,68,107,11,35,1.09,47
10,2014-05-11,良,57,100,32,63,17,36,0.81,47
11,2014-05-12,良,97,164,57,143,49,58,1.11,43
12,2014-05-13,轻度污染,115,175,71,179,63,73,1.24,43
13,2014-05-14,良,68,72,22,86,20,36,0.56,44
14,2014-05-15,良,86,123,41,122,54,57,1.0,39
15,2014-05-16,良,99,117,56,147,75,62,1.15,45
16,2014-05-17,良,91,103,49,131,33,44,0.97,75
17,2014-05-18,良,92,122,61,134,50,55,1.01,72
18,2014-05-19,轻度污染,104,134,64,156,45,51,0.77,42
19,2014-05-20,轻度污染,108,124,74,165,65,56,1.0,49
20,2014-05-21,轻度污染,123,132,79,195,42,60,0.87,57
21,2014-05-22,轻度污染,117,121,78,183,29,46,0.83,75
22,2014-05-23,良,71,87,40,90,22,39,0.77,76
23,2014-05-24,良,61,91,34,61,20,30,0.82,73
24,2014-05-25,良,91,100,34,130,11,20,0.42,72
25,2014-05-26,良,77,67,32,102,35,54,0.77,48
26,2014-05-27,良,94,71,39,137,52,54,1.04,46
27,2014-05-28,良,77,73,31,102,44,63,0.89,47
28,2014-05-29,良,87,57,43,120,70,67,1.1,61
29,2014-05-30,良,91,78,48,131,63,68,1.3,65
30,2014-05-31,良,89,85,52,126,38,54,1.11,80
0,2014-04-01,轻度污染,106,139,77,125,33,22,2.28,34
1,2014-04-02,轻度污染,112,157,75,172,36,26,2.34,27
2,2014-04-03,良,68,67,35,83,20,16,1.82,37
3,2014-04-04,良,93,123,41,134,34,25,2.02,29
4,2014-04-05,良,95,129,29,139,19,17,1.84,40
5,2014-04-06,轻度污染,105,160,51,159,33,29,2.19,32
6,2014-04-07,轻度污染,120,170,71,188,40,33,2.39,39
7,2014-04-08,轻度污染,125,121,70,200,34,33,2.35,39
8,2014-04-09,轻度污染,140,146,90,228,42,37,2.45,46
9,2014-04-10,轻度污染,137,156,90,215,20,18,2.41,40
10,2014-04-11,轻度污染,112,155,77,173,21,25,2.5,21
11,2014-04-12,中度污染,157,173,118,208,28,33,2.97,20
12,2014-04-13,中度污染,176,167,134,225,38,26,2.92,37
13,2014-04-14,良,94,106,62,131,30,22,2.0,63
14,2014-04-15,良,52,17,30,59,18,12,1.56,47
15,2014-04-16,良,65,64,43,75,22,24,1.74,34
16,2014-04-17,轻度污染,110,136,82,125,36,29,2.27,25
17,2014-04-18,良,96,137,69,137,23,22,2.01,23
18,2014-04-19,良,63,98,42,71,22,25,1.83,27
19,2014-04-20,良,80,121,51,109,30,25,1.76,27
20,2014-04-21,良,78,114,40,105,28,24,1.45,34
21,2014-04-22,良,87,126,55,121,31,24,1.41,39
22,2014-04-23,良,90,97,57,129,37,27,1.44,38
23,2014-04-24,轻度污染,103,143,72,146,30,22,1.56,50
24,2014-04-25,轻度污染,124,164,69,190,22,19,1.35,34
25,2014-04-26,轻度污染,109,168,45,167,20,18,1.13,37
26,2014-04-27,良,81,125,33,111,23,21,1.2,37
27,2014-04-28,良,74,108,35,97,27,24,1.38,39
28,2014-04-29,良,87,99,53,124,30,29,1.63,43
29,2014-04-30,良,89,80,54,127,32,34,1.69,44
0,2014-03-01,中度污染,164,180,125,188,147,35,2.43,23
1,2014-03-02,轻度污染,104,120,76,144,136,32,2.26,28
2,2014-03-03,轻度污染,104,119,72,154,120,30,2.22,21
3,2014-03-04,良,58,47,25,66,45,19,1.47,28
4,2014-03-05,良,68,77,36,84,56,25,1.7,24
5,2014-03-06,良,52,55,21,57,39,19,1.39,28
6,2014-03-07,轻度污染,109,153,75,149,89,31,2.2,15
7,2014-03-08,轻度污染,115,142,81,128,73,25,2.04,33
8,2014-03-09,良,96,112,63,135,83,29,2.25,28
9,2014-03-10,中度污染,154,149,117,201,79,39,2.53,34
10,2014-03-11,轻度污染,122,120,91,165,79,33,2.34,33
11,2014-03-12,良,65,54,32,80,36,17,1.64,33
12,2014-03-13,良,64,57,24,77,44,18,1.68,31
13,2014-03-14,良,82,65,38,114,63,24,1.99,29
14,2014-03-15,轻度污染,106,114,68,158,86,28,2.37,28
15,2014-03-16,轻度污染,118,116,70,184,88,30,2.4,35
16,2014-03-17,中度污染,172,146,71,268,48,26,1.81,27
17,2014-03-18,轻度污染,101,69,43,150,37,22,1.67,27
18,2014-03-19,轻度污染,128,146,56,202,37,23,1.88,30
19,2014-03-20,良,63,48,26,76,30,17,1.62,37
20,2014-03-21,良,90,146,49,129,60,26,2.16,25
21,2014-03-22,良,93,115,54,136,66,28,2.34,25
22,2014-03-23,良,89,84,52,126,47,28,2.18,36
23,2014-03-25,良,100,85,64,148,64,38,2.47,41
24,2014-03-26,轻度污染,105,87,60,158,53,35,2.34,34
25,2014-03-27,轻度污染,123,115,78,194,53,29,2.36,44
26,2014-03-28,良,92,107,41,134,24,13,1.84,42
27,2014-03-29,良,87,96,37,122,33,22,2.05,31
28,2014-03-30,轻度污染,101,113,46,152,36,22,2.23,42
29,2014-03-31,良,86,101,61,98,26,19,2.27,35
0,2014-02-01,重度污染,245,163,195,270,186,63,3.51,16
1,2014-02-02,中度污染,192,115,151,221,158,55,3.24,22
2,2014-02-03,良,53,51,21,57,31,18,1.3,30
3,2014-02-04,优,48,54,20,49,39,20,1.37,21
4,2014-02-05,良,71,134,49,73,44,24,1.74,15
5,2014-02-06,轻度污染,102,160,76,96,57,28,1.91,12
6,2014-02-07,轻度污染,131,168,98,124,94,35,2.1,12
7,2014-02-08,良,91,139,66,92,65,26,1.8,20
8,2014-02-09,优,24,17,13,24,36,18,1.12,27
9,2014-02-10,良,65,125,46,69,80,30,1.72,15
10,2014-02-11,轻度污染,110,138,82,117,125,40,2.28,13
11,2014-02-12,良,70,48,48,80,91,26,1.88,13
12,2014-02-13,轻度污染,114,120,85,127,96,23,1.83,17
13,2014-02-14,中度污染,193,156,149,209,108,25,2.15,20
14,2014-02-15,严重污染,252,168,202,279,136,30,2.6,16
15,2014-02-16,中度污染,179,151,138,197,84,22,2.42,24
16,2014-02-17,轻度污染,120,141,90,127,44,17,1.72,36
17,2014-02-18,轻度污染,134,179,101,142,85,24,1.74,21
18,2014-02-19,良,80,86,56,94,50,16,1.42,22
19,2014-02-20,良,84,74,61,100,68,18,1.63,18
20,2014-02-21,重度污染,217,169,169,219,113,30,2.1,29
21,2014-02-22,严重污染,253,177,203,280,165,32,2.54,15
22,2014-02-23,重度污染,218,156,173,239,135,31,2.63,13
23,2014-02-24,中度污染,180,136,136,206,99,29,1.99,19
24,2014-02-25,中度污染,193,140,148,228,109,31,2.2,24
25,2014-02-26,中度污染,180,151,137,220,136,35,2.46,13
26,2014-02-27,良,61,45,25,71,50,20,1.3,27
27,2014-02-28,轻度污染,125,181,92,149,90,31,2.05,13
0,2014-01-01,良,88,34,68,149,99,33,2.81,17
1,2014-01-02,轻度污染,104,49,86,156,155,38,3.63,13
2,2014-01-03,良,80,28,55,102,90,32,2.38,19
3,2014-01-04,轻度污染,103,63,76,129,132,37,2.84,14
4,2014-01-05,良,93,24,66,119,109,36,2.83,10
5,2014-01-06,轻度污染,126,60,95,162,128,44,3.16,6
6,2014-01-07,轻度污染,145,119,109,171,121,41,2.98,8
7,2014-01-08,良,56,46,23,61,41,20,1.9,30
8,2014-01-09,良,77,105,50,98,96,34,2.59,13
9,2014-01-10,轻度污染,105,88,78,131,128,39,3.07,7
10,2014-01-11,轻度污染,104,77,75,128,145,35,3.07,15
11,2014-01-12,良,59,27,33,68,65,27,2.37,22
12,2014-01-13,良,85,72,61,109,117,37,3.05,9
13,2014-01-14,轻度污染,112,89,84,136,128,41,3.33,9
14,2014-01-15,轻度污染,147,103,112,171,181,43,3.84,8
15,2014-01-16,中度污染,173,116,132,186,179,46,3.92,11
16,2014-01-17,轻度污染,109,43,79,125,125,33,3.35,13
17,2014-01-18,轻度污染,113,56,84,140,157,40,3.56,9
18,2014-01-19,轻度污染,111,42,69,133,104,26,3.04,23
19,2014-01-20,良,53,12,21,57,45,20,2.41,29
20,2014-01-21,良,89,98,64,106,110,41,3.34,13
21,2014-01-22,中度污染,152,165,116,168,175,51,4.23,13
22,2014-01-24,中度污染,165,128,128,176,164,54,3.71,16
23,2014-01-25,轻度污染,111,80,83,122,125,53,2.99,13
24,2014-01-26,中度污染,153,152,117,169,138,56,3.32,12
25,2014-01-27,中度污染,200,161,154,203,159,55,3.41,12
26,2014-01-28,良,74,73,50,86,83,34,1.73,20
27,2014-01-29,轻度污染,142,141,108,166,130,59,2.22,19
28,2014-01-30,良,96,52,71,115,108,49,1.94,26
29,2014-01-31,中度污染,190,75,146,215,111,45,2.48,18
0,2013-12-01,轻度污染,116,69,89,170,208,52,4.24,8
1,2013-12-02,中度污染,154,69,140,256,332,70,6.13,6
2,2013-12-03,中度污染,178,64,111,198,182,59,4.25,8
3,2013-12-04,中度污染,154,54,135,234,218,64,4.89,10
4,2013-12-05,中度污染,176,64,127,223,184,55,3.99,12
5,2013-12-06,中度污染,157,73,123,211,202,61,1.99,13
6,2013-12-07,中度污染,159,51,147,248,204,72,0.47,12
7,2013-12-08,重度污染,211,56,109,197,155,49,0.16,15
8,2013-12-09,良,79,19,33,77,77,28,2.22,21
9,2013-12-10,良,84,25,65,129,107,36,2.03,22
10,2013-12-11,良,70,17,30,79,55,28,1.62,27
11,2013-12-12,良,85,30,61,110,83,27,1.28,23
12,2013-12-13,良,84,32,92,114,76,24,1.43,18
13,2013-12-14,中度污染,168,85,87,130,85,22,1.51,25
14,2013-12-15,良,82,32,78,114,75,31,1.52,16
15,2013-12-16,轻度污染,127,72,105,148,99,38,1.77,13
16,2013-12-17,轻度污染,122,74,82,111,50,36,1.5,14
17,2013-12-18,良,82,66,50,73,50,30,1.34,16
18,2013-12-19,良,98,52,86,118,83,33,1.77,12
19,2013-12-20,轻度污染,124,56,104,135,101,31,1.89,13
20,2013-12-21,轻度污染,146,62,132,160,114,31,2.19,9
21,2013-12-22,重度污染,215,91,165,195,130,33,2.27,10
22,2013-12-23,重度污染,223,83,124,179,120,39,2.08,8
23,2013-12-24,中度污染,193,60,141,232,175,41,2.61,8
24,2013-12-25,重度污染,202,57,129,215,129,34,2.33,19
25,2013-12-26,良,71,9,16,46,34,22,1.36,25
26,2013-12-27,良,63,18,42,85,78,26,1.78,17
27,2013-12-28,良,67,17,19,47,40,30,1.45,56
28,2013-12-29,良,61,11,42,88,91,37,1.69,29
29,2013-12-30,良,69,7,37,79,60,27,1.66,26
30,2013-12-31,良,74,9,28,95,42,23,1.77,30
0,2013-11-01,中度污染,175,93,132,185,113,58,2.56,5
1,2013-11-02,轻度污染,144,77,109,160,157,50,2.64,13
2,2013-11-03,良,99,51,71,130,104,41,1.96,14
3,2013-11-04,良,98,65,70,131,158,52,2.05,10
4,2013-11-05,轻度污染,110,73,81,128,153,47,1.97,19
5,2013-11-06,轻度污染,107,46,58,118,107,36,1.88,24
6,2013-11-07,良,78,24,67,147,153,52,1.66,14
7,2013-11-08,轻度污染,124,71,100,195,192,63,2.35,15
8,2013-11-09,轻度污染,124,71,68,126,118,46,2.14,10
9,2013-11-10,良,63,41,24,57,91,33,1.77,14
10,2013-11-11,良,63,60,55,119,143,47,2.12,12
11,2013-11-12,轻度污染,114,100,87,182,138,51,2.35,10
12,2013-11-13,轻度污染,125,87,87,176,97,46,2.22,15
13,2013-11-14,良,90,55,35,118,35,25,1.59,35
14,2013-11-15,轻度污染,118,58,93,229,103,47,2.37,16
15,2013-11-16,轻度污染,116,45,37,109,43,22,1.61,32
16,2013-11-17,良,71,24,42,99,68,34,2.0,16
17,2013-11-18,良,82,50,52,118,107,38,2.28,14
18,2013-11-19,良,98,64,94,193,150,52,2.6,9
19,2013-11-20,中度污染,152,85,115,244,188,55,2.83,8
20,2013-11-21,轻度污染,141,68,96,203,146,49,2.66,9
21,2013-11-22,轻度污染,128,54,130,257,194,61,2.88,7
22,2013-11-23,重度污染,218,80,164,304,269,69,2.77,7
23,2013-11-24,轻度污染,127,54,34,129,38,17,1.9,28
24,2013-11-25,良,79,51,20,66,46,21,2.09,28
25,2013-11-26,良,75,49,49,114,111,30,2.75,19
26,2013-11-27,良,58,15,10,45,35,13,1.96,37
27,2013-11-28,优,46,9,19,49,50,23,2.18,28
28,2013-11-29,良,81,73,97,180,196,52,2.74,10
29,2013-11-30,中度污染,152,107,111,203,204,53,3.13,10
0,2013-10-28,中度污染,184,81,138,270,117,62,2.46,23
1,2013-10-29,良,98,47,66,137,84,56,1.86,23
2,2013-10-30,中度污染,190,105,146,242,104,75,2.11,18
3,2013-10-31,重度污染,205,106,158,251,127,74,2.5,8
