0,2019-12-01,优,31,50,17,32,5,29,0.45,45
1,2019-12-02,优,36,91,14,38,7,34,0.52,39
2,2019-12-03,良,72,237,49,84,13,63,1.05,17
3,2019-12-04,良,58,153,33,67,10,61,0.86,21
4,2019-12-05,优,48,110,30,47,11,39,0.75,26
5,2019-12-06,良,57,170,40,53,12,51,0.74,25
6,2019-12-07,中度污染,172,339,131,147,12,74,1.66,10
7,2019-12-08,中度污染,200,341,152,132,6,56,1.51,15
8,2019-12-09,重度污染,224,343,174,171,6,75,2.22,10
9,2019-12-10,中度污染,198,331,155,171,7,75,2.72,11
0,2019-11-01,良,58,138,28,71,10,55,0.93,27
1,2019-11-02,良,59,154,29,69,18,67,1.45,9
2,2019-11-03,良,67,231,38,77,19,50,1.27,17
3,2019-11-04,良,84,297,59,92,13,56,1.07,29
4,2019-11-05,良,76,250,50,73,12,53,0.88,26
5,2019-11-06,良,67,197,42,72,11,64,0.83,19
6,2019-11-07,良,51,131,23,52,11,39,0.63,30
7,2019-11-08,良,85,288,59,94,12,60,1.02,27
8,2019-11-09,重度污染,203,362,159,163,12,82,1.73,29
9,2019-11-10,良,89,276,49,80,6,31,0.62,44
10,2019-11-11,良,58,133,24,67,8,56,0.64,25
11,2019-11-12,良,88,290,59,115,20,79,1.31,21
12,2019-11-13,良,67,244,24,79,7,31,0.46,44
13,2019-11-14,良,74,308,36,102,18,62,0.94,17
14,2019-11-15,良,65,181,36,82,15,50,1.22,20
15,2019-11-16,良,51,98,33,53,14,44,0.99,17
16,2019-11-17,轻度污染,127,306,54,166,13,46,1.35,15
17,2019-11-18,良,79,248,20,108,5,25,0.46,39
18,2019-11-19,良,63,187,26,77,8,50,0.65,21
19,2019-11-20,轻度污染,109,330,67,165,24,86,1.55,8
20,2019-11-21,中度污染,152,353,116,185,17,97,1.77,5
21,2019-11-22,中度污染,154,346,116,145,15,83,1.99,9
22,2019-11-23,中度污染,158,334,120,130,16,77,2.2,3
23,2019-11-24,优,46,149,22,35,5,22,0.43,36
24,2019-11-25,优,29,93,14,29,6,36,0.45,26
25,2019-11-26,良,66,275,45,78,15,60,0.9,21
26,2019-11-27,良,63,256,37,74,17,50,1.02,39
27,2019-11-28,良,54,232,32,59,14,53,0.84,33
28,2019-11-29,良,77,283,56,80,16,63,1.11,32
29,2019-11-30,轻度污染,116,341,87,90,12,59,1.21,28
0,2019-10-01,良,77,301,47,73,9,23,0.86,136
1,2019-10-02,良,77,323,45,68,8,25,0.89,132
2,2019-10-03,良,84,324,54,87,9,31,1.01,113
3,2019-10-04,优,36,126,13,38,6,19,0.59,42
4,2019-10-05,优,28,125,11,24,6,30,0.58,38
5,2019-10-06,优,42,250,24,40,9,39,0.83,43
6,2019-10-07,良,61,315,41,50,7,30,0.77,55
7,2019-10-08,优,46,212,20,45,8,41,0.62,36
8,2019-10-09,良,67,316,39,72,11,44,0.91,65
9,2019-10-10,良,68,310,49,44,5,32,0.8,56
10,2019-10-11,良,66,277,29,61,8,40,0.68,31
11,2019-10-12,良,54,205,17,59,12,46,0.66,29
12,2019-10-13,优,46,156,18,47,9,41,0.82,17
13,2019-10-14,优,36,132,18,35,8,35,0.7,26
14,2019-10-15,良,60,333,40,59,12,55,0.76,29
15,2019-10-16,良,71,326,51,67,13,55,0.81,24
16,2019-10-17,良,99,342,74,56,7,48,1.09,16
17,2019-10-18,轻度污染,149,364,113,76,7,61,1.25,26
18,2019-10-19,中度污染,191,363,145,103,11,67,1.52,55
19,2019-10-20,中度污染,162,356,106,141,8,62,1.18,33
20,2019-10-21,良,78,268,27,107,10,52,0.87,25
21,2019-10-22,良,75,237,39,101,11,70,1.13,30
22,2019-10-23,轻度污染,146,360,109,150,11,93,1.44,34
23,2019-10-24,轻度污染,102,317,77,64,7,54,1.0,31
24,2019-10-25,优,25,72,10,23,5,27,0.34,42
25,2019-10-26,良,61,289,38,68,10,49,0.7,28
26,2019-10-27,良,99,350,74,115,14,68,1.01,24
27,2019-10-28,轻度污染,130,302,42,171,8,31,0.48,45
28,2019-10-29,良,69,211,29,93,10,52,0.63,33
29,2019-10-30,轻度污染,144,319,82,237,19,81,1.1,24
30,2019-10-31,轻度污染,102,283,65,143,14,73,1.11,25
31,2019-10-31,轻度污染,102,283,65,143,14,73,1.11,25
0,2019-09-01,良,65,348,24,55,12,36,0.81,113
1,2019-09-02,良,89,363,44,75,10,32,1.0,147
2,2019-09-03,良,93,364,51,74,10,33,1.01,140
3,2019-09-04,良,56,293,26,56,9,49,0.8,93
4,2019-09-05,良,71,332,36,71,10,46,0.78,107
5,2019-09-06,良,97,359,57,88,7,38,0.88,143
6,2019-09-07,轻度污染,114,358,72,93,7,36,1.01,158
7,2019-09-08,良,89,322,48,89,12,30,1.1,152
8,2019-09-09,良,87,340,59,106,8,41,1.14,127
9,2019-09-10,优,43,202,19,43,13,34,0.92,38
10,2019-09-11,优,41,220,17,42,15,43,0.83,22
11,2019-09-12,优,48,260,19,49,9,40,0.74,40
12,2019-09-13,优,41,209,27,31,4,22,0.64,58
13,2019-09-14,良,54,309,35,51,14,44,1.18,53
14,2019-09-15,良,63,349,37,64,11,35,0.91,84
15,2019-09-16,优,43,196,18,46,8,31,0.63,51
16,2019-09-17,良,57,284,23,65,8,43,0.68,56
17,2019-09-18,良,53,262,24,56,11,32,0.64,51
18,2019-09-19,优,46,210,16,48,10,43,0.73,42
19,2019-09-20,良,75,348,47,94,12,62,1.03,51
20,2019-09-21,轻度污染,105,361,77,105,12,52,1.35,77
21,2019-09-22,良,91,356,63,75,20,50,1.53,87
22,2019-09-23,良,96,363,62,94,10,51,1.13,109
23,2019-09-24,良,76,314,43,79,12,47,0.88,73
24,2019-09-25,良,53,140,21,54,9,51,0.86,70
25,2019-09-26,良,63,216,31,60,13,46,0.96,98
26,2019-09-27,良,81,327,49,62,7,36,0.93,112
27,2019-09-28,轻度污染,101,332,70,84,8,40,1.07,116
28,2019-09-29,良,91,328,56,109,8,38,0.88,124
29,2019-09-30,良,80,279,46,91,9,30,0.83,133
0,2019-08-06,良,71,355,50,79,13,35,1.0,96
1,2019-08-07,良,64,318,43,73,13,31,0.94,92
2,2019-08-08,良,72,345,49,77,13,30,0.97,111
3,2019-08-09,良,61,309,40,70,13,26,0.84,104
4,2019-08-10,良,64,330,42,75,13,27,0.9,94
5,2019-08-11,良,57,309,34,62,14,26,1.08,63
6,2019-08-21,良,58,273,33,46,5,46,0.84,57
7,2019-08-22,良,52,203,24,59,8,57,0.72,46
8,2019-08-23,优,49,179,21,51,8,37,0.74,69
9,2019-08-24,良,65,284,31,57,10,32,1.0,117
10,2019-08-25,良,60,280,27,56,8,32,0.8,110
11,2019-08-26,良,77,347,56,72,6,30,1.22,111
12,2019-08-27,良,88,361,55,61,6,35,0.83,88
13,2019-08-28,良,52,296,18,59,7,32,0.6,54
0,2019-07-01,良,63,260,39,73,16,30,0.96,109
1,2019-07-02,良,70,259,43,77,18,33,1.05,124
2,2019-07-03,良,75,290,40,72,16,31,1.01,135
3,2019-07-04,良,86,310,45,80,17,32,0.98,149
4,2019-07-05,良,82,292,51,90,15,27,0.94,140
5,2019-07-06,良,66,293,43,79,13,27,1.02,109
6,2019-07-07,良,63,278,42,71,13,25,0.91,107
7,2019-07-12,良,85,362,45,57,6,23,0.8,148
8,2019-07-13,良,80,334,48,62,9,23,1.1,144
9,2019-07-14,良,63,306,35,45,7,18,1.04,147
10,2019-07-15,良,73,329,35,43,5,22,0.87,139
11,2019-07-16,优,45,218,29,43,7,17,0.81,99
12,2019-07-17,良,92,359,68,73,9,21,1.19,92
13,2019-07-18,轻度污染,122,365,91,76,5,23,1.13,110
14,2019-07-19,优,39,214,23,35,5,17,0.71,95
15,2019-07-20,优,46,251,30,41,4,23,0.69,69
16,2019-07-21,轻度污染,111,364,73,71,4,19,1.11,135
17,2019-07-22,良,86,356,53,77,6,33,1.11,139
18,2019-07-23,良,67,355,35,38,3,16,0.8,131
19,2019-07-24,良,90,365,45,59,3,28,0.92,139
20,2019-07-25,良,63,333,35,66,3,33,0.81,105
21,2019-07-26,良,90,354,50,90,4,26,1.04,154
0,2019-06-01,良,69,244,42,87,17,38,0.89,106
1,2019-06-02,良,84,276,54,101,19,36,1.09,144
2,2019-06-03,良,74,257,50,87,16,30,1.01,139
3,2019-06-04,良,72,235,52,81,16,30,0.92,117
4,2019-06-05,良,95,340,70,96,17,44,1.32,95
5,2019-06-06,良,92,361,68,98,14,42,1.14,96
6,2019-06-07,良,79,315,54,87,14,33,0.93,118
7,2019-06-08,良,77,298,50,89,14,33,0.87,116
8,2019-06-09,良,65,260,44,73,14,27,0.85,109
9,2019-06-10,良,71,268,45,78,17,31,0.92,128
10,2019-06-11,良,63,261,43,69,15,26,1.02,124
11,2019-06-14,良,79,332,52,81,12,29,1.34,179
12,2019-06-15,良,56,245,33,44,8,22,0.77,98
13,2019-06-17,良,52,270,32,50,13,35,1.04,84
14,2019-06-18,良,86,336,48,83,8,33,0.92,151
15,2019-06-19,良,78,338,57,57,6,21,0.91,106
16,2019-06-20,轻度污染,115,366,77,84,7,30,1.06,150
17,2019-06-25,良,89,328,48,94,17,29,0.96,148
18,2019-06-26,良,76,303,43,81,17,28,0.88,130
19,2019-06-27,良,85,319,48,84,16,30,0.92,141
20,2019-06-28,良,70,309,46,80,15,29,0.93,132
21,2019-06-29,良,79,335,53,82,14,26,0.93,119
22,2019-06-30,良,58,265,34,65,14,27,0.79,106
0,2019-05-01,良,63,201,38,74,14,40,0.76,88
1,2019-05-02,良,67,203,44,82,18,35,0.8,109
2,2019-05-03,良,76,245,52,93,18,32,0.86,125
3,2019-05-04,良,79,270,55,94,19,31,0.92,131
4,2019-05-05,良,75,243,47,98,16,29,0.77,97
5,2019-05-06,良,64,279,39,75,15,35,0.73,92
6,2019-05-07,良,67,303,44,81,17,32,0.76,105
7,2019-05-08,良,87,347,63,103,21,38,0.99,114
8,2019-05-09,良,99,345,73,113,21,45,1.05,111
9,2019-05-10,良,82,265,59,98,20,35,0.98,130
10,2019-05-11,良,95,303,68,96,17,43,1.06,119
11,2019-05-12,中度污染,154,317,84,184,16,39,1.06,97
12,2019-05-13,良,81,232,50,111,14,29,0.69,97
13,2019-05-14,良,97,275,60,143,20,38,0.96,118
14,2019-05-15,良,98,287,63,142,17,30,0.99,122
15,2019-05-16,良,90,285,66,103,17,29,1.01,131
16,2019-05-17,良,83,317,60,90,16,29,0.99,110
17,2019-05-18,良,58,232,37,63,15,26,0.84,106
18,2019-05-19,良,75,278,46,93,14,26,0.76,96
19,2019-05-20,良,65,230,37,78,13,29,0.68,93
20,2019-05-21,良,64,169,39,75,15,40,0.75,92
21,2019-05-22,良,72,213,46,88,18,46,0.85,99
22,2019-05-23,良,99,296,58,112,20,48,1.13,139
23,2019-05-24,良,77,207,43,97,16,29,0.82,136
24,2019-05-25,良,82,255,53,103,18,36,1.0,138
25,2019-05-26,良,79,316,54,93,14,29,1.09,98
26,2019-05-27,良,58,273,35,62,13,26,0.69,96
27,2019-05-28,良,63,292,39,73,16,38,0.73,103
28,2019-05-29,良,86,339,51,97,20,36,0.93,133
29,2019-05-30,良,68,301,38,78,15,30,0.75,124
30,2019-05-31,良,60,229,33,68,13,34,0.66,90
0,2019-04-01,良,65,250,42,78,22,39,1.09,84
1,2019-04-02,良,65,248,44,77,20,41,1.01,85
2,2019-04-03,良,72,259,50,85,18,46,0.91,94
3,2019-04-04,轻度污染,122,324,88,157,22,37,1.07,124
4,2019-04-05,重度污染,211,355,49,287,16,32,0.8,92
5,2019-04-06,良,79,246,43,107,22,38,1.06,92
6,2019-04-07,良,73,228,42,93,18,45,0.95,85
7,2019-04-08,良,63,178,35,74,16,33,0.85,86
8,2019-04-09,良,60,295,39,68,16,32,0.91,88
9,2019-04-10,良,66,299,45,74,14,36,0.85,89
10,2019-04-11,良,84,318,61,89,17,36,0.91,100
11,2019-04-12,良,98,312,73,95,17,36,1.02,100
12,2019-04-13,轻度污染,133,351,100,110,19,44,1.14,84
13,2019-04-14,良,69,282,38,85,14,33,0.73,95
14,2019-04-15,良,76,301,51,97,19,34,0.9,100
15,2019-04-16,良,91,323,67,99,19,38,1.02,115
16,2019-04-17,轻度污染,102,325,69,123,19,37,1.0,107
17,2019-04-18,轻度污染,117,325,51,181,17,37,0.93,91
18,2019-04-19,良,66,212,36,79,15,36,0.81,87
19,2019-04-20,良,71,252,47,85,18,47,0.97,80
20,2019-04-21,良,87,301,62,106,19,46,1.17,82
21,2019-04-22,轻度污染,104,332,77,108,18,44,1.06,102
22,2019-04-23,轻度污染,101,342,75,92,15,34,1.06,88
23,2019-04-24,良,73,231,41,93,15,33,0.94,75
24,2019-04-25,良,59,223,36,64,13,26,0.8,99
25,2019-04-26,良,68,296,45,81,13,28,0.78,103
26,2019-04-27,良,74,326,51,83,14,39,0.9,84
27,2019-04-28,良,77,325,56,94,15,37,0.9,96
28,2019-04-29,轻度污染,102,338,76,101,16,45,0.99,103
29,2019-04-30,良,98,314,66,105,14,41,0.9,88
0,2019-03-01,中度污染,156,320,118,126,22,75,1.51,45
1,2019-03-02,中度污染,153,307,116,121,22,65,1.47,68
2,2019-03-03,中度污染,166,319,125,135,22,58,1.48,68
3,2019-03-04,中度污染,158,328,119,130,20,59,1.57,53
4,2019-03-05,轻度污染,132,293,93,95,18,57,1.52,43
5,2019-03-06,良,56,170,19,64,13,30,0.77,61
6,2019-03-07,良,63,176,39,71,16,52,1.08,44
7,2019-03-08,良,72,242,51,83,18,53,1.16,55
8,2019-03-09,良,89,289,65,90,22,66,1.25,43
9,2019-03-10,良,85,260,62,87,19,69,1.45,37
10,2019-03-11,良,81,259,50,70,14,45,1.07,47
11,2019-03-12,优,43,39,15,43,13,29,0.73,61
12,2019-03-13,优,49,61,20,50,15,41,0.77,51
13,2019-03-14,良,58,175,29,68,17,46,1.26,41
14,2019-03-15,良,52,126,16,55,14,31,0.71,60
15,2019-03-16,良,67,224,36,83,20,53,1.09,41
16,2019-03-17,良,79,260,55,94,22,61,1.29,51
17,2019-03-18,轻度污染,108,341,81,128,25,52,1.27,70
18,2019-03-19,良,83,272,60,102,19,40,1.12,84
19,2019-03-20,良,87,279,64,98,18,48,1.12,82
20,2019-03-21,良,59,170,36,66,14,29,0.74,88
21,2019-03-22,良,62,281,40,71,15,41,0.79,80
22,2019-03-23,良,59,268,33,65,14,27,0.7,93
23,2019-03-24,良,71,236,48,91,18,37,0.9,89
24,2019-03-25,良,88,312,60,102,17,43,0.87,85
25,2019-03-26,良,96,315,70,116,21,49,1.18,83
26,2019-03-27,良,91,278,61,116,20,47,1.17,81
27,2019-03-28,良,58,163,34,65,15,33,0.7,86
28,2019-03-29,良,71,229,40,89,16,44,0.79,81
29,2019-03-30,良,63,175,33,74,13,25,0.66,92
30,2019-03-31,良,61,237,38,70,15,39,0.74,82
0,2019-02-01,良,95,287,65,124,24,43,1.43,37
1,2019-02-02,轻度污染,128,306,96,124,20,45,1.78,37
2,2019-02-03,轻度污染,128,299,68,161,14,31,1.25,45
3,2019-02-04,轻度污染,119,263,74,165,22,35,1.39,52
4,2019-02-05,中度污染,154,255,111,191,21,34,1.69,37
5,2019-02-06,良,60,125,34,69,21,25,1.18,49
6,2019-02-07,优,42,97,16,43,12,19,0.81,60
7,2019-02-08,优,48,205,26,48,18,32,1.03,47
8,2019-02-09,优,40,109,21,41,15,24,0.85,52
9,2019-02-10,良,54,181,36,55,20,38,1.12,37
10,2019-02-11,轻度污染,115,315,86,112,21,44,1.54,38
11,2019-02-12,良,89,274,58,80,18,39,1.22,36
12,2019-02-13,良,62,206,43,63,23,41,1.37,36
13,2019-02-14,优,44,126,25,43,15,35,0.82,47
14,2019-02-15,优,50,160,25,53,13,30,0.79,49
15,2019-02-16,优,33,59,14,32,13,27,0.72,57
16,2019-02-17,优,37,86,19,37,14,34,0.8,52
17,2019-02-18,轻度污染,106,330,79,94,26,67,1.47,32
18,2019-02-19,中度污染,151,320,114,100,17,47,1.42,31
19,2019-02-20,轻度污染,144,283,108,118,16,54,1.41,39
20,2019-02-21,重度污染,209,336,162,134,20,69,1.89,48
21,2019-02-22,严重污染,257,358,209,135,22,79,2.38,45
22,2019-02-23,轻度污染,110,233,81,92,24,77,1.82,42
23,2019-02-24,中度污染,199,337,153,127,31,96,2.28,38
24,2019-02-25,良,74,192,51,76,27,66,1.72,27
25,2019-02-26,良,56,118,30,62,21,68,1.41,19
26,2019-02-27,良,81,238,58,92,23,68,1.55,30
27,2019-02-28,中度污染,179,337,138,154,26,81,1.74,45
0,2019-01-01,良,79,225,55,83,28,64,1.62,16
1,2019-01-02,良,92,206,67,94,25,70,1.43,17
2,2019-01-03,轻度污染,148,277,111,136,35,87,1.86,14
3,2019-01-04,良,89,228,58,79,18,56,1.21,28
4,2019-01-05,优,48,115,23,50,17,54,1.0,25
5,2019-01-06,良,69,162,48,78,27,72,1.54,16
6,2019-01-07,良,82,202,54,83,21,66,1.37,21
7,2019-01-08,优,46,100,18,46,14,42,0.8,34
8,2019-01-09,良,61,187,38,67,24,57,1.13,24
9,2019-01-10,轻度污染,128,307,96,141,33,70,1.77,15
10,2019-01-11,重度污染,240,350,189,191,28,81,2.48,13
11,2019-01-12,严重污染,261,343,210,150,18,67,2.54,11
12,2019-01-13,严重污染,254,327,204,190,17,82,2.94,18
13,2019-01-14,重度污染,236,323,184,175,22,81,2.62,23
14,2019-01-15,良,63,144,17,78,14,31,0.81,46
15,2019-01-16,良,80,269,49,107,26,58,1.38,22
16,2019-01-17,轻度污染,109,309,81,131,34,78,1.77,16
17,2019-01-18,轻度污染,145,315,110,157,38,88,2.02,13
18,2019-01-19,良,99,222,69,107,28,67,1.79,22
19,2019-01-20,优,47,99,22,50,15,40,0.91,40
20,2019-01-21,良,89,251,63,99,26,60,1.39,27
21,2019-01-22,轻度污染,102,260,75,116,36,75,1.59,23
22,2019-01-23,良,73,129,47,79,24,66,1.32,25
23,2019-01-24,良,65,87,45,75,20,63,1.32,18
24,2019-01-25,良,58,88,32,61,16,47,1.03,33
25,2019-01-26,优,50,85,27,52,19,53,1.16,30
26,2019-01-27,轻度污染,110,263,82,117,26,64,1.57,25
27,2019-01-28,良,51,65,24,56,15,39,0.95,47
28,2019-01-29,轻度污染,113,255,83,121,34,73,1.75,23
29,2019-01-30,轻度污染,129,285,85,133,22,55,1.52,35
30,2019-01-31,优,44,100,23,46,15,30,0.9,46
0,2018-12-01,轻度污染,137,257,104,182,26,84,2.14,13
1,2018-12-02,轻度污染,138,255,104,130,20,67,2.48,9
2,2018-12-03,中度污染,177,307,69,236,15,41,1.19,28
3,2018-12-04,良,75,241,24,98,18,46,0.9,24
4,2018-12-05,良,75,253,32,97,18,57,0.99,14
5,2018-12-06,良,57,244,28,62,14,36,0.83,32
6,2018-12-07,优,45,209,14,45,14,32,0.69,35
7,2018-12-08,良,52,243,18,55,15,36,0.77,36
8,2018-12-09,良,68,259,46,76,25,56,1.17,20
9,2018-12-10,良,75,231,54,86,29,74,1.41,11
10,2018-12-11,良,72,218,37,81,18,48,1.02,23
11,2018-12-12,良,94,242,65,109,28,64,1.39,15
12,2018-12-13,良,77,155,46,76,19,54,1.05,26
13,2018-12-14,良,67,134,45,74,25,69,1.21,17
14,2018-12-15,轻度污染,148,326,112,136,28,72,1.64,16
15,2018-12-16,严重污染,260,361,210,238,35,101,2.54,14
16,2018-12-17,良,76,182,50,81,21,63,1.15,26
17,2018-12-18,良,83,197,55,93,23,64,1.31,22
18,2018-12-19,良,73,134,45,92,21,77,1.42,17
19,2018-12-20,良,77,172,52,98,29,79,1.68,16
20,2018-12-21,良,79,199,51,87,20,60,1.34,21
21,2018-12-28,良,52,212,16,54,13,30,0.76,37
22,2018-12-29,良,58,223,29,63,19,47,1.01,24
23,2018-12-30,良,56,177,30,60,22,58,1.38,16
24,2018-12-31,良,67,215,47,79,29,69,1.82,12
0,2018-11-01,良,89,304,65,93,22,85,1.68,27
1,2018-11-02,轻度污染,111,336,83,102,35,82,1.63,46
2,2018-11-03,轻度污染,139,356,105,113,27,77,1.51,57
3,2018-11-04,轻度污染,125,354,90,103,18,68,1.52,15
4,2018-11-05,良,56,226,26,62,17,41,1.12,20
5,2018-11-06,良,54,285,30,57,16,53,0.98,14
6,2018-11-07,良,64,303,38,75,18,65,1.09,12
7,2018-11-08,良,75,322,54,80,22,59,1.22,24
8,2018-11-09,良,86,320,55,81,15,48,1.07,23
9,2018-11-10,良,58,164,23,65,21,52,1.1,20
10,2018-11-11,良,63,195,37,68,18,57,1.08,31
11,2018-11-12,良,99,295,74,90,20,67,1.35,31
12,2018-11-13,中度污染,159,341,120,109,25,78,1.83,38
13,2018-11-14,中度污染,193,355,145,108,20,78,2.28,21
14,2018-11-15,轻度污染,144,341,107,90,17,57,1.93,12
15,2018-11-16,优,48,252,24,49,17,43,1.02,27
16,2018-11-17,良,74,332,53,78,24,58,1.21,18
17,2018-11-18,良,91,330,61,97,18,57,1.3,17
18,2018-11-19,轻度污染,114,339,85,122,24,70,1.61,17
19,2018-11-20,轻度污染,112,332,82,111,24,66,1.54,18
20,2018-11-21,良,54,193,31,57,18,47,1.04,22
21,2018-11-22,良,82,279,58,85,19,61,1.27,18
22,2018-11-23,轻度污染,109,319,81,117,27,75,1.89,16
23,2018-11-24,轻度污染,120,291,90,111,23,67,1.67,24
24,2018-11-25,重度污染,209,336,161,161,27,94,2.04,17
25,2018-11-26,严重污染,267,327,216,145,20,81,2.16,16
26,2018-11-27,中度污染,180,276,110,233,16,62,1.52,23
27,2018-11-28,轻度污染,113,224,50,175,24,69,1.56,10
28,2018-11-29,良,74,145,34,96,24,52,1.23,16
29,2018-11-30,良,91,185,51,129,21,69,1.32,20
0,2018-10-01,优,44,140,16,44,13,40,0.77,42
1,2018-10-02,优,45,103,18,47,13,46,0.78,40
2,2018-10-03,良,59,152,32,69,16,61,1.0,40
3,2018-10-04,良,78,282,47,80,23,53,1.37,85
4,2018-10-05,良,72,234,48,75,21,53,1.16,79
5,2018-10-06,良,56,129,24,59,13,40,0.83,41
6,2018-10-07,良,58,158,23,64,14,52,0.92,35
7,2018-10-08,良,64,189,36,76,18,63,1.09,33
8,2018-10-09,优,45,115,14,47,14,32,0.76,38
9,2018-10-10,优,44,140,16,44,14,40,0.79,24
10,2018-10-11,优,43,125,17,45,13,45,0.77,31
11,2018-10-12,良,69,274,48,81,20,64,1.29,41
12,2018-10-13,轻度污染,105,352,77,116,25,68,1.34,58
13,2018-10-14,轻度污染,105,345,78,112,20,70,1.21,54
14,2018-10-15,轻度污染,108,353,80,107,20,70,1.33,47
15,2018-10-16,良,75,290,51,73,16,51,1.68,30
16,2018-10-17,良,60,230,36,67,26,59,1.69,21
17,2018-10-18,良,64,272,40,71,22,64,1.5,29
18,2018-10-19,良,73,316,51,79,22,66,1.25,46
19,2018-10-20,良,98,344,73,90,25,69,1.47,58
20,2018-10-21,轻度污染,124,346,93,110,25,78,1.55,28
21,2018-10-22,轻度污染,113,341,83,109,20,58,1.32,35
22,2018-10-23,良,57,193,24,64,15,45,0.86,35
23,2018-10-24,良,87,281,59,116,27,72,1.42,31
24,2018-10-25,轻度污染,110,328,79,119,33,78,1.78,35
25,2018-10-26,良,61,227,20,69,23,40,1.05,38
26,2018-10-27,良,51,142,21,55,15,47,0.84,31
27,2018-10-28,良,53,141,22,59,19,42,0.97,42
28,2018-10-29,良,59,206,28,70,34,58,1.5,33
29,2018-10-30,良,56,151,28,63,16,55,0.99,25
30,2018-10-31,良,65,220,39,75,21,67,1.26,23
0,2018-09-02,良,77,353,55,73,15,36,1.36,69
1,2018-09-03,优,50,209,23,47,15,34,0.92,57
2,2018-09-04,优,39,124,13,39,12,33,0.73,56
3,2018-09-05,良,55,215,21,58,16,45,1.03,64
4,2018-09-06,良,63,256,24,75,28,43,1.28,53
5,2018-09-07,优,41,162,13,41,11,36,0.76,46
6,2018-09-08,优,46,204,15,45,14,36,0.92,44
7,2018-09-09,良,51,193,20,52,17,39,1.0,68
8,2018-09-10,良,66,296,31,70,21,44,1.23,87
9,2018-09-11,良,63,267,33,66,19,33,1.08,110
10,2018-09-12,良,71,309,42,76,21,40,1.17,96
11,2018-09-13,良,77,340,50,91,18,48,1.16,93
12,2018-09-14,良,94,354,68,96,17,47,1.26,84
13,2018-09-15,良,69,319,38,68,15,38,1.02,37
14,2018-09-16,优,49,240,18,53,14,46,0.91,37
15,2018-09-17,良,71,341,37,90,20,67,1.14,30
16,2018-09-18,良,66,318,42,73,18,47,1.05,54
17,2018-09-19,良,88,356,64,81,14,48,1.32,49
18,2018-09-20,良,60,292,40,63,16,44,1.37,63
19,2018-09-21,良,75,330,41,72,13,43,1.04,43
20,2018-09-22,良,56,246,17,60,14,44,0.85,35
21,2018-09-23,优,50,184,13,50,12,34,0.71,39
22,2018-09-24,优,44,161,17,46,21,39,1.07,40
23,2018-09-25,良,51,237,23,56,26,48,1.25,47
24,2018-09-26,良,57,294,27,62,17,55,1.02,40
25,2018-09-27,良,60,284,36,65,20,50,1.11,69
26,2018-09-28,良,77,336,49,76,13,46,1.11,53
27,2018-09-29,优,46,144,21,47,14,39,0.94,38
28,2018-09-30,优,45,128,17,46,14,37,0.77,31
0,2018-08-01,良,96,358,60,101,13,41,1.48,114
1,2018-08-02,轻度污染,123,365,66,76,14,37,1.62,120
2,2018-08-03,良,98,344,46,87,15,38,1.47,139
3,2018-08-04,良,77,317,35,64,14,27,1.07,117
4,2018-08-05,良,54,198,25,58,11,22,0.93,86
5,2018-08-06,良,53,185,25,56,13,31,1.16,85
6,2018-08-07,良,55,215,34,58,13,41,1.43,82
7,2018-08-08,良,53,195,29,50,11,35,1.38,63
8,2018-08-09,良,64,237,26,52,13,36,1.49,98
9,2018-08-10,轻度污染,111,355,45,73,12,43,1.54,151
10,2018-08-11,良,93,324,49,76,14,33,1.51,137
11,2018-08-12,良,78,307,44,69,12,30,1.5,128
12,2018-08-13,良,84,356,41,71,13,31,1.21,113
13,2018-08-14,优,33,94,15,31,11,27,1.12,27
14,2018-08-15,优,36,104,15,35,12,24,1.01,54
15,2018-08-16,良,57,317,20,53,18,32,1.13,90
16,2018-08-17,良,72,334,25,60,19,36,1.27,117
17,2018-08-18,良,58,302,32,63,17,39,1.41,56
18,2018-08-19,优,37,107,17,36,11,29,0.88,51
19,2018-08-20,优,47,178,23,46,13,24,1.11,85
20,2018-08-21,良,55,197,23,53,14,30,1.02,92
21,2018-08-22,良,63,269,29,73,15,60,1.31,53
22,2018-08-23,良,77,310,41,84,21,47,1.68,111
23,2018-08-25,良,80,275,32,71,17,33,1.19,132
24,2018-08-27,良,76,278,27,61,17,33,1.13,127
25,2018-08-29,良,53,217,17,47,13,27,0.94,101
26,2018-08-31,良,65,321,27,57,17,36,1.18,120
0,2018-07-01,良,70,283,47,71,13,30,1.27,81
1,2018-07-02,良,64,270,32,54,11,27,1.02,94
2,2018-07-03,良,55,232,25,50,12,31,0.92,94
3,2018-07-04,良,77,312,36,70,14,36,1.01,112
4,2018-07-05,良,96,330,48,95,14,39,1.2,123
5,2018-07-06,良,78,315,52,75,20,40,1.7,80
6,2018-07-07,良,51,261,29,53,14,33,0.97,66
7,2018-07-08,良,67,331,46,64,10,29,0.97,91
8,2018-07-09,良,56,293,35,52,13,34,0.95,46
9,2018-07-10,优,42,186,20,39,11,28,0.83,71
10,2018-07-11,良,52,224,31,52,14,38,1.0,62
11,2018-07-12,良,77,340,52,76,11,40,1.26,78
12,2018-07-13,良,55,266,34,56,10,40,1.0,37
13,2018-07-14,优,50,220,30,52,10,34,1.09,56
14,2018-07-15,良,58,254,36,57,10,26,1.06,93
15,2018-07-16,良,76,332,47,72,11,28,1.08,96
16,2018-07-17,良,71,320,47,77,11,36,1.15,86
17,2018-07-18,良,74,334,46,72,11,33,1.11,100
18,2018-07-19,良,91,352,58,87,11,33,1.14,118
19,2018-07-20,良,81,323,47,78,12,29,1.01,120
20,2018-07-21,良,89,336,47,82,12,27,1.01,137
21,2018-07-22,良,90,350,60,99,14,35,1.19,120
22,2018-07-23,良,58,235,34,61,14,32,0.9,44
23,2018-07-24,优,40,107,16,39,10,22,0.89,42
24,2018-07-25,良,52,192,28,53,11,30,1.36,80
25,2018-07-26,良,64,264,37,64,13,31,1.61,83
26,2018-07-27,良,61,282,36,57,14,26,1.16,95
27,2018-07-28,良,74,304,46,69,14,31,1.31,102
28,2018-07-29,良,87,330,63,78,13,30,1.2,93
29,2018-07-30,良,78,315,50,77,14,34,1.3,88
30,2018-07-31,良,80,343,45,78,11,38,1.18,94
0,2018-06-01,良,97,267,39,85,21,53,1.14,129
1,2018-06-02,轻度污染,104,297,45,96,23,47,1.15,146
2,2018-06-03,良,90,251,51,121,17,36,1.12,126
3,2018-06-04,良,78,253,34,85,14,40,1.02,113
4,2018-06-05,良,99,303,43,139,18,35,1.03,141
5,2018-06-06,轻度污染,121,334,48,155,18,37,1.12,165
6,2018-06-07,良,82,248,43,76,12,34,1.2,125
7,2018-06-08,良,61,219,23,54,13,41,1.05,90
8,2018-06-09,优,50,151,24,48,11,34,1.06,88
9,2018-06-10,良,54,132,30,55,10,30,1.2,88
10,2018-06-11,良,77,241,51,71,12,38,1.12,98
11,2018-06-12,良,88,285,47,74,15,38,1.14,131
12,2018-06-13,良,65,206,37,59,12,36,1.27,91
13,2018-06-14,良,84,273,47,69,13,41,1.56,110
14,2018-06-15,良,69,208,40,59,14,35,1.4,103
15,2018-06-16,良,88,287,50,80,14,36,1.13,128
16,2018-06-17,良,68,217,42,70,12,40,1.08,104
17,2018-06-18,轻度污染,103,349,64,94,14,37,1.23,129
18,2018-06-19,良,77,318,47,71,12,33,1.2,110
19,2018-06-20,良,85,310,42,70,12,39,1.17,106
20,2018-06-21,良,87,299,51,93,17,49,1.25,119
21,2018-06-22,轻度污染,124,365,77,100,15,46,1.31,130
22,2018-06-23,良,95,302,38,84,15,35,0.97,147
23,2018-06-24,良,95,304,35,80,14,32,0.96,153
24,2018-06-25,良,85,337,56,102,16,45,1.25,117
25,2018-06-26,良,83,340,50,73,11,32,1.12,107
26,2018-06-27,良,89,340,47,82,12,32,1.02,112
27,2018-06-28,良,53,226,16,53,13,36,0.79,81
28,2018-06-29,良,87,312,26,73,15,34,0.94,138
29,2018-06-30,良,84,316,35,85,16,34,1.07,127
0,2018-05-01,良,83,268,53,109,22,50,1.52,60
1,2018-05-02,良,61,185,34,61,11,36,0.87,65
2,2018-05-03,良,53,83,18,55,11,39,0.73,71
3,2018-05-04,良,75,216,42,97,18,42,1.01,97
4,2018-05-05,良,84,290,44,114,15,40,1.08,98
5,2018-05-06,良,89,339,45,126,14,43,1.13,96
6,2018-05-07,良,75,280,35,97,25,48,1.32,66
7,2018-05-08,良,69,228,29,85,19,61,1.1,57
8,2018-05-09,良,75,222,39,94,20,67,1.13,81
9,2018-05-10,良,88,282,55,102,22,49,1.24,122
10,2018-05-11,良,90,333,66,94,17,51,1.2,97
11,2018-05-12,轻度污染,109,333,80,94,14,37,1.16,104
12,2018-05-13,良,79,207,48,80,13,44,1.23,100
13,2018-05-14,良,98,305,62,110,15,42,1.25,106
14,2018-05-15,良,96,309,68,100,17,47,1.44,92
15,2018-05-16,良,87,300,64,78,11,46,1.38,49
16,2018-05-17,良,65,239,31,77,15,37,1.05,73
17,2018-05-18,良,63,191,31,73,29,54,1.46,64
18,2018-05-19,良,67,276,31,78,18,63,1.24,76
19,2018-05-20,良,53,191,35,54,13,44,1.06,48
20,2018-05-21,优,49,155,29,48,13,40,0.97,66
21,2018-05-22,良,84,317,42,105,11,35,0.91,69
22,2018-05-23,轻度污染,146,358,52,235,15,42,0.97,87
23,2018-05-24,良,98,284,48,133,18,36,1.05,120
24,2018-05-25,良,85,258,51,107,14,34,1.13,112
25,2018-05-26,轻度污染,103,275,68,118,14,39,1.21,105
26,2018-05-27,良,95,276,47,138,11,36,0.75,85
27,2018-05-28,轻度污染,111,310,40,158,14,39,0.85,73
28,2018-05-29,良,69,166,31,85,14,50,1.05,80
29,2018-05-30,良,75,216,35,82,16,52,1.2,91
30,2018-05-31,良,89,278,36,82,16,59,1.17,112
0,2018-04-01,中度污染,194,356,146,184,20,87,1.94,66
1,2018-04-02,中度污染,153,334,110,167,27,58,1.61,86
2,2018-04-03,轻度污染,102,261,25,153,14,34,0.98,56
3,2018-04-04,良,61,143,29,71,13,42,1.16,41
4,2018-04-05,良,73,252,47,84,11,40,1.03,41
5,2018-04-05,良,73,252,47,84,11,40,1.03,41
6,2018-04-06,良,74,171,27,97,11,25,0.74,70
7,2018-04-07,优,48,31,18,48,11,31,0.76,74
8,2018-04-08,良,61,67,34,70,20,49,1.37,59
9,2018-04-09,良,92,255,65,127,26,71,1.36,57
10,2018-04-10,轻度污染,105,259,59,154,17,56,1.47,45
11,2018-04-11,良,57,64,24,63,12,44,0.8,63
12,2018-04-12,良,80,247,31,108,16,49,0.96,58
13,2018-04-13,良,58,217,31,67,13,55,1.07,42
14,2018-04-14,良,86,286,23,120,11,29,0.74,68
15,2018-04-15,良,99,280,28,146,11,45,0.8,59
16,2018-04-16,轻度污染,103,255,53,155,19,50,1.05,78
17,2018-04-17,轻度污染,122,309,55,192,18,42,1.01,98
18,2018-04-18,轻度污染,118,298,61,185,18,42,1.05,104
19,2018-04-19,轻度污染,107,285,68,155,20,45,1.15,121
20,2018-04-20,轻度污染,120,327,83,142,19,63,1.38,122
21,2018-04-21,良,87,326,61,99,17,54,1.36,51
22,2018-04-22,优,49,152,21,51,13,35,1.07,56
23,2018-04-23,良,59,256,31,67,24,56,1.33,48
24,2018-04-24,良,56,206,32,57,12,58,0.85,62
25,2018-04-25,良,72,207,44,77,18,56,0.88,84
26,2018-04-26,轻度污染,120,349,90,125,23,61,1.37,95
27,2018-04-27,轻度污染,113,334,36,169,17,47,0.97,75
28,2018-04-28,轻度污染,112,300,76,133,25,62,1.34,112
29,2018-04-29,良,83,186,50,100,17,42,1.1,116
30,2018-04-30,良,65,158,28,79,15,34,1.01,76
0,2018-03-01,良,56,122,19,62,15,30,0.81,67
1,2018-03-02,良,82,262,55,107,29,55,1.36,44
2,2018-03-03,轻度污染,142,332,107,134,17,52,1.39,26
3,2018-03-04,轻度污染,120,336,56,152,16,40,1.08,45
4,2018-03-05,良,63,275,31,75,21,49,1.17,45
5,2018-03-06,良,54,213,25,56,18,44,1.02,49
6,2018-03-07,良,62,235,38,68,17,56,1.12,33
7,2018-03-08,良,66,234,45,67,23,49,1.4,45
8,2018-03-09,良,79,246,57,89,24,59,1.22,51
9,2018-03-10,轻度污染,101,282,73,112,21,62,1.56,47
10,2018-03-11,良,82,203,59,81,18,55,1.31,50
11,2018-03-12,中度污染,151,321,114,132,22,83,1.85,34
12,2018-03-13,严重污染,287,357,236,200,31,123,2.66,49
13,2018-03-14,中度污染,153,337,117,113,23,77,1.73,46
14,2018-03-15,良,97,266,48,114,15,37,1.1,65
15,2018-03-16,良,53,162,28,56,18,50,1.13,48
16,2018-03-17,良,57,162,36,60,25,67,1.21,30
17,2018-03-18,轻度污染,108,298,80,85,12,64,1.32,29
18,2018-03-19,轻度污染,114,304,79,90,17,60,1.48,43
19,2018-03-20,良,54,170,23,58,17,46,0.96,52
20,2018-03-21,良,65,220,40,76,20,64,1.15,45
21,2018-03-22,良,96,271,70,98,27,73,1.42,46
22,2018-03-23,中度污染,176,354,133,156,27,90,1.76,39
23,2018-03-24,中度污染,188,357,148,129,21,86,1.98,65
24,2018-03-25,轻度污染,115,287,85,106,22,62,1.37,93
25,2018-03-26,轻度污染,123,308,92,115,22,46,1.25,109
26,2018-03-27,轻度污染,113,298,80,133,20,43,1.17,81
27,2018-03-28,重度污染,218,345,65,313,15,41,1.03,63
28,2018-03-29,良,82,213,26,113,17,43,0.93,59
29,2018-03-30,良,68,140,43,84,22,67,1.23,47
30,2018-03-31,轻度污染,132,329,100,149,22,85,1.74,53
0,2018-02-01,良,80,148,49,105,28,67,1.5,24
1,2018-02-02,优,50,52,15,52,12,28,0.74,54
2,2018-02-03,优,40,21,18,39,13,36,0.83,44
3,2018-02-04,优,46,30,22,47,16,45,1.03,38
4,2018-02-05,优,45,40,22,46,16,40,1.16,42
5,2018-02-06,良,52,63,31,56,20,54,1.13,31
6,2018-02-07,良,70,114,48,78,25,53,1.52,30
7,2018-02-08,良,79,128,54,78,23,57,1.45,28
8,2018-02-09,轻度污染,102,157,51,142,21,50,1.3,38
9,2018-02-10,优,50,37,18,51,13,32,0.87,52
10,2018-02-11,良,61,91,21,71,15,39,0.96,45
11,2018-02-12,良,63,123,29,75,18,39,1.13,46
12,2018-02-13,良,77,191,54,90,30,50,1.44,41
13,2018-02-14,良,69,137,41,71,18,37,1.16,55
14,2018-02-15,良,84,209,60,87,31,42,1.25,52
15,2018-02-16,轻度污染,149,236,112,154,37,37,1.37,56
16,2018-02-17,良,79,159,57,81,32,45,1.49,42
17,2018-02-18,轻度污染,114,301,85,108,27,50,1.81,37
18,2018-02-19,轻度污染,134,334,101,123,17,41,1.68,36
19,2018-02-20,轻度污染,117,322,87,107,28,47,1.86,49
20,2018-02-21,轻度污染,109,308,82,103,26,48,1.71,53
21,2018-02-22,轻度污染,113,308,82,107,21,50,1.51,45
22,2018-02-23,轻度污染,124,348,87,129,30,62,1.83,45
23,2018-02-24,优,43,66,16,45,15,27,0.8,61
24,2018-02-25,良,52,94,34,55,25,50,1.15,45
25,2018-02-26,中度污染,159,339,119,148,25,68,2.0,37
26,2018-02-27,轻度污染,144,315,108,130,20,50,1.61,52
27,2018-02-28,轻度污染,131,308,98,130,20,54,1.45,57
0,2018-01-01,良,80,84,52,87,34,63,1.8,23
1,2018-01-02,良,58,87,39,62,27,56,1.63,18
2,2018-01-03,优,43,85,19,42,14,38,0.84,37
3,2018-01-04,良,52,196,26,54,22,51,1.33,22
4,2018-01-05,良,92,272,67,103,27,69,1.66,17
5,2018-01-06,良,92,232,66,97,34,79,2.28,15
6,2018-01-07,轻度污染,135,315,101,125,41,83,2.54,16
7,2018-01-08,良,62,169,21,73,13,29,0.84,52
8,2018-01-09,良,58,190,23,67,15,39,1.03,38
9,2018-01-10,优,39,50,14,38,12,27,0.77,51
10,2018-01-11,优,37,31,15,37,15,33,0.86,37
11,2018-01-12,良,78,235,56,94,33,63,1.57,21
12,2018-01-13,轻度污染,119,267,90,119,27,69,1.75,19
13,2018-01-14,轻度污染,133,282,100,132,29,75,1.84,24
14,2018-01-15,良,91,146,61,90,23,66,1.74,21
15,2018-01-16,良,75,105,39,97,19,59,1.48,24
16,2018-01-17,良,94,147,65,131,28,78,2.11,12
17,2018-01-18,良,92,137,66,110,27,79,2.0,19
18,2018-01-19,中度污染,161,250,122,172,35,91,2.51,15
19,2018-01-20,轻度污染,118,199,80,117,26,67,1.92,29
20,2018-01-21,良,55,78,25,59,17,36,0.95,38
21,2018-01-22,良,58,101,39,58,24,45,1.5,30
22,2018-01-23,优,44,44,20,44,14,32,0.99,50
23,2018-01-24,良,60,176,38,62,21,61,1.37,24
24,2018-01-25,良,61,238,39,65,26,62,1.53,26
25,2018-01-26,良,71,266,51,70,25,67,1.41,22
26,2018-01-27,良,83,261,61,74,41,65,1.39,25
27,2018-01-28,良,66,192,33,67,17,43,1.11,41
28,2018-01-29,良,69,172,26,84,15,43,1.07,42
29,2018-01-30,良,74,153,52,81,27,65,1.59,25
30,2018-01-31,良,64,102,22,76,16,47,0.99,40
0,2017-12-01,良,89,275,65,99,26,72,1.43,19
1,2017-12-02,中度污染,196,348,152,192,26,90,2.18,16
2,2017-12-03,中度污染,155,309,120,138,21,74,2.11,19
3,2017-12-04,优,37,33,16,37,12,38,0.86,38
4,2017-12-05,良,82,231,55,91,25,62,1.44,21
5,2017-12-06,良,82,143,57,97,25,70,1.62,17
6,2017-12-07,良,52,58,28,54,16,51,1.19,25
7,2017-12-08,良,57,88,31,67,18,52,1.16,21
8,2017-12-09,轻度污染,120,337,89,144,36,84,2.13,12
9,2017-12-10,良,70,116,31,76,14,40,1.07,45
10,2017-12-11,优,42,51,17,41,15,39,1.1,36
11,2017-12-12,优,46,67,20,45,21,48,1.39,19
12,2017-12-13,良,68,159,44,82,33,69,2.5,13
13,2017-12-14,良,76,206,55,79,29,69,1.98,13
14,2017-12-15,良,89,255,58,78,17,49,1.3,27
15,2017-12-16,良,56,167,16,60,11,33,0.84,45
16,2017-12-17,良,68,185,43,82,24,62,1.38,21
17,2017-12-18,良,67,153,34,73,19,44,1.13,33
18,2017-12-19,良,52,83,27,58,19,48,1.1,26
19,2017-12-20,良,70,157,44,78,23,59,1.36,25
20,2017-12-21,良,89,197,65,102,31,78,1.64,15
21,2017-12-22,轻度污染,112,216,77,117,27,75,1.79,21
22,2017-12-23,良,94,127,68,108,37,87,1.98,13
23,2017-12-24,良,77,110,39,86,19,50,1.2,40
24,2017-12-25,优,49,42,27,54,18,54,1.21,30
25,2017-12-26,良,55,73,29,61,21,54,1.26,28
26,2017-12-27,良,84,131,59,89,29,70,1.59,15
27,2017-12-28,中度污染,152,257,115,168,23,71,2.52,9
28,2017-12-29,重度污染,209,281,159,193,23,73,2.66,14
29,2017-12-30,重度污染,218,307,170,196,22,83,3.01,11
30,2017-12-31,中度污染,193,307,153,191,26,83,2.8,18
0,2017-11-01,轻度污染,105,273,76,128,23,82,1.78,20
1,2017-11-02,中度污染,153,328,114,143,25,83,2.01,23
2,2017-11-03,良,52,68,27,55,19,53,1.26,25
3,2017-11-04,良,67,149,44,75,19,63,1.35,25
4,2017-11-05,良,73,175,51,88,21,58,1.25,33
5,2017-11-06,轻度污染,101,242,75,112,22,70,1.45,26
6,2017-11-07,轻度污染,127,258,84,130,17,69,1.49,28
7,2017-11-08,良,51,90,20,55,20,57,1.3,24
8,2017-11-09,良,84,216,55,108,22,69,1.41,19
9,2017-11-10,良,66,155,28,77,13,40,0.98,37
10,2017-11-11,优,48,108,26,52,16,50,1.15,26
11,2017-11-12,良,97,333,71,115,27,76,1.69,13
12,2017-11-13,轻度污染,101,317,63,111,18,61,1.48,25
13,2017-11-14,优,42,88,17,43,13,44,0.95,30
14,2017-11-15,良,52,134,26,57,15,55,1.11,27
15,2017-11-16,良,64,173,38,74,23,73,1.53,19
16,2017-11-17,良,70,221,40,76,16,51,1.19,31
17,2017-11-18,优,45,162,25,48,13,35,0.81,37
18,2017-11-19,轻度污染,109,344,82,117,24,78,1.5,15
19,2017-11-20,中度污染,171,356,131,160,35,91,2.06,16
20,2017-11-21,中度污染,167,355,126,152,27,79,1.8,14
21,2017-11-22,良,54,145,21,61,12,35,0.74,39
22,2017-11-23,优,48,106,18,51,13,35,0.78,34
23,2017-11-24,优,47,84,22,51,15,42,0.87,28
24,2017-11-25,良,76,206,51,96,24,69,1.39,13
25,2017-11-26,优,50,98,22,54,14,41,0.92,35
26,2017-11-27,良,76,186,54,88,30,69,1.61,13
27,2017-11-28,轻度污染,101,232,61,117,21,52,1.61,28
28,2017-11-29,优,50,78,20,52,16,47,1.04,30
29,2017-11-30,良,53,179,28,57,16,56,1.07,23
0,2017-10-01,轻度污染,101,343,69,116,21,62,1.5,62
1,2017-10-02,良,58,274,17,63,20,35,1.13,40
2,2017-10-03,良,52,310,23,55,21,44,1.23,32
3,2017-10-05,良,60,317,38,63,18,38,1.13,60
4,2017-10-06,良,74,330,52,79,21,45,1.29,65
5,2017-10-07,轻度污染,110,349,82,94,20,63,1.72,27
6,2017-10-08,轻度污染,109,344,82,87,13,51,1.47,25
7,2017-10-09,良,62,274,37,67,13,39,1.32,27
8,2017-10-10,优,37,161,15,37,13,33,1.06,34
9,2017-10-11,优,49,277,24,50,14,46,1.13,24
10,2017-10-12,良,62,317,42,68,17,59,1.33,26
11,2017-10-13,轻度污染,102,348,76,95,18,69,1.64,27
12,2017-10-14,良,76,293,46,69,19,56,1.48,31
13,2017-10-15,轻度污染,105,326,78,95,19,62,1.64,28
14,2017-10-16,良,79,303,51,75,18,51,1.41,30
15,2017-10-17,良,59,264,34,66,20,68,1.27,23
16,2017-10-18,良,76,305,55,75,18,64,1.39,18
17,2017-10-19,轻度污染,103,316,76,90,15,54,1.81,33
18,2017-10-20,轻度污染,112,308,84,98,16,71,1.87,41
19,2017-10-21,轻度污染,101,299,69,84,16,56,1.51,34
20,2017-10-22,良,55,117,29,61,22,50,1.44,31
21,2017-10-23,良,57,135,30,62,20,57,1.43,28
22,2017-10-24,良,66,161,46,74,20,65,1.35,33
23,2017-10-25,轻度污染,102,277,75,109,21,77,1.62,26
24,2017-10-26,中度污染,170,353,129,140,20,70,1.84,28
25,2017-10-27,重度污染,221,354,171,141,18,81,2.37,30
26,2017-10-28,轻度污染,109,289,73,92,13,47,1.44,32
27,2017-10-29,优,38,24,17,39,12,36,0.83,37
28,2017-10-30,良,60,136,36,68,18,61,1.3,24
29,2017-10-31,良,91,274,67,115,24,76,1.52,17
0,2017-09-01,良,79,328,56,75,15,35,1.26,69
1,2017-09-02,良,68,268,45,67,15,38,1.22,82
2,2017-09-03,良,84,338,58,84,17,40,1.31,95
3,2017-09-04,良,76,336,53,78,18,38,1.31,89
4,2017-09-05,良,80,329,55,79,17,37,1.36,80
5,2017-09-06,良,89,350,60,89,17,44,1.43,76
6,2017-09-07,良,95,349,69,101,18,32,1.61,103
7,2017-09-08,轻度污染,101,349,75,98,16,35,1.64,63
8,2017-09-09,良,90,319,52,94,17,29,1.29,141
9,2017-09-10,良,74,331,47,75,20,38,1.37,72
10,2017-09-11,良,65,276,36,70,17,42,1.27,56
11,2017-09-12,良,72,263,37,79,21,43,1.34,92
12,2017-09-13,良,77,274,48,95,25,47,1.41,100
13,2017-09-14,良,80,305,49,86,18,42,1.27,104
14,2017-09-15,良,91,334,63,99,22,49,1.42,106
15,2017-09-16,轻度污染,140,364,103,118,24,54,1.76,102
16,2017-09-17,良,72,225,42,76,16,49,1.15,56
17,2017-09-18,良,83,228,47,102,21,59,1.42,93
18,2017-09-19,良,63,173,26,74,15,53,1.02,60
19,2017-09-20,良,66,255,26,81,22,59,1.37,45
20,2017-09-21,良,80,288,45,103,25,46,1.36,98
21,2017-09-22,良,73,265,26,92,13,42,1.0,63
22,2017-09-23,轻度污染,104,335,40,156,24,57,1.25,81
23,2017-09-24,轻度污染,120,359,89,146,21,50,1.74,96
24,2017-09-25,轻度污染,107,348,76,103,17,42,1.45,93
25,2017-09-26,良,64,283,35,75,17,39,1.05,55
26,2017-09-27,优,48,200,18,49,21,39,1.27,42
27,2017-09-28,优,47,190,18,49,14,40,0.92,43
28,2017-09-29,良,85,317,54,114,28,59,1.58,73
29,2017-09-30,良,93,342,66,105,22,47,1.47,90
0,2017-08-01,良,57,224,37,58,14,34,1.14,50
1,2017-08-02,优,48,211,25,49,12,28,0.97,41
2,2017-08-03,优,48,173,21,46,12,24,0.98,78
3,2017-08-04,良,82,322,47,79,12,39,1.26,103
4,2017-08-05,良,66,240,38,62,12,32,1.14,91
5,2017-08-06,良,77,280,34,61,13,36,1.15,112
6,2017-08-07,良,71,267,30,68,16,40,1.21,95
7,2017-08-08,良,83,335,36,67,18,38,1.29,111
8,2017-08-09,良,60,255,27,48,13,33,1.09,111
9,2017-08-10,良,82,302,50,75,19,38,1.35,109
10,2017-08-11,轻度污染,110,345,80,112,15,34,1.46,128
11,2017-08-12,良,76,320,51,85,14,37,1.71,86
12,2017-08-13,良,71,337,47,71,12,35,1.3,50
13,2017-08-14,优,46,182,22,45,14,31,1.18,63
14,2017-08-15,良,62,257,32,61,15,41,1.26,77
15,2017-08-16,良,65,259,40,64,14,39,1.33,69
16,2017-08-17,良,61,261,36,58,22,41,2.17,79
17,2017-08-18,良,63,269,40,63,17,41,1.43,73
18,2017-08-19,良,53,226,31,55,14,34,1.03,67
19,2017-08-20,良,69,310,45,68,16,35,1.47,70
20,2017-08-21,良,67,252,42,70,15,34,1.16,90
21,2017-08-22,良,82,326,59,89,16,42,1.43,95
22,2017-08-23,良,53,227,25,57,13,40,1.19,78
23,2017-08-24,良,67,316,38,66,15,47,1.29,59
24,2017-08-25,良,59,284,21,61,16,55,0.99,60
25,2017-08-26,良,65,310,30,77,21,60,1.28,44
26,2017-08-27,优,42,139,22,42,13,37,1.07,56
27,2017-08-28,良,55,277,31,61,13,36,1.39,53
28,2017-08-29,良,53,302,25,56,18,39,1.22,51
29,2017-08-30,优,45,239,21,43,14,27,1.04,81
30,2017-08-31,良,60,285,41,59,12,29,1.19,70
0,2017-07-01,轻度污染,117,341,79,117,13,34,1.32,143
1,2017-07-02,良,64,251,38,70,17,32,1.15,91
2,2017-07-03,良,61,237,38,69,13,36,1.32,55
3,2017-07-04,良,63,226,40,69,12,42,1.32,52
4,2017-07-05,良,72,266,38,69,12,31,1.09,108
5,2017-07-06,良,96,355,70,102,11,35,1.18,68
6,2017-07-07,良,74,317,53,79,11,27,1.25,101
7,2017-07-08,良,90,329,55,105,12,35,1.25,120
8,2017-07-09,良,78,318,53,92,11,30,1.02,105
9,2017-07-10,良,79,294,29,62,13,39,1.02,123
10,2017-07-11,轻度污染,103,320,53,111,17,46,1.28,134
11,2017-07-12,良,81,274,42,89,11,29,1.01,122
12,2017-07-13,良,71,253,42,82,12,28,1.05,112
13,2017-07-14,良,100,345,44,109,13,33,1.21,126
14,2017-07-15,良,79,330,52,96,12,30,1.33,86
15,2017-07-16,良,70,286,46,72,11,25,1.02,69
16,2017-07-17,良,54,182,31,56,12,27,1.04,68
17,2017-07-18,良,94,356,69,96,12,31,1.15,82
18,2017-07-19,良,63,265,42,65,11,28,1.03,77
19,2017-07-20,良,85,330,58,93,11,34,1.13,90
20,2017-07-21,良,51,187,27,54,11,32,1.25,52
21,2017-07-22,良,52,169,33,53,14,40,1.55,51
22,2017-07-23,良,68,247,49,71,14,42,1.28,83
23,2017-07-24,轻度污染,111,343,83,95,13,46,1.78,88
24,2017-07-25,良,78,275,47,71,17,43,1.4,69
25,2017-07-26,良,59,169,28,66,17,52,1.33,56
26,2017-07-27,良,93,327,69,88,15,48,1.79,75
27,2017-07-28,良,99,348,71,96,20,58,2.03,59
28,2017-07-29,良,67,262,40,73,29,49,1.65,49
29,2017-07-30,良,72,247,44,74,23,42,1.42,85
30,2017-07-31,良,78,281,50,71,14,35,1.38,86
0,2017-06-01,良,67,206,40,71,20,37,1.44,93
1,2017-06-02,良,52,136,19,57,14,34,0.84,62
2,2017-06-03,良,55,156,30,59,22,45,1.44,65
3,2017-06-04,良,68,255,34,68,26,49,1.14,98
4,2017-06-05,良,79,344,47,91,27,53,1.09,96
5,2017-06-06,良,56,257,35,59,12,37,1.0,74
6,2017-06-07,良,72,270,45,70,13,39,1.08,95
7,2017-06-08,良,86,281,50,91,19,45,1.2,103
8,2017-06-09,良,81,268,38,92,17,36,1.24,106
9,2017-06-10,良,57,226,17,62,14,32,0.99,67
10,2017-06-11,良,61,235,25,70,20,51,1.12,68
11,2017-06-12,良,64,259,31,69,16,40,1.14,94
12,2017-06-13,良,62,232,41,69,18,51,1.31,86
13,2017-06-14,良,94,301,51,87,19,59,1.3,107
14,2017-06-15,良,100,283,52,103,19,39,1.14,145
15,2017-06-16,良,98,266,60,107,16,36,1.15,137
16,2017-06-17,良,86,229,50,107,16,40,1.17,125
17,2017-06-18,良,87,264,42,96,16,32,1.07,143
18,2017-06-19,良,96,325,56,107,17,37,1.21,133
19,2017-06-20,良,71,269,27,61,13,32,1.05,123
20,2017-06-21,良,69,244,34,72,15,37,1.17,102
21,2017-06-22,良,67,277,45,67,11,36,1.4,85
22,2017-06-23,良,53,190,31,53,10,27,1.01,76
23,2017-06-24,良,60,239,40,63,12,31,1.41,75
24,2017-06-25,良,87,318,49,74,12,39,1.24,97
25,2017-06-26,良,84,284,46,83,14,48,1.15,110
26,2017-06-27,轻度污染,109,317,66,103,19,40,1.3,130
27,2017-06-28,轻度污染,109,319,67,112,17,38,1.29,148
28,2017-06-29,轻度污染,108,333,69,110,16,39,1.28,136
29,2017-06-30,轻度污染,105,329,65,102,13,36,1.21,135
0,2017-05-01,良,87,247,38,121,24,55,1.23,61
1,2017-05-02,轻度污染,107,319,61,144,28,65,1.43,94
2,2017-05-03,良,73,269,45,90,20,43,1.08,89
3,2017-05-04,严重污染,337,334,204,692,13,43,0.98,66
4,2017-05-05,严重污染,307,334,171,617,14,39,0.98,65
5,2017-05-06,良,96,204,47,140,18,40,1.04,77
6,2017-05-07,良,99,218,60,141,21,56,1.27,82
7,2017-05-08,轻度污染,128,345,81,200,24,48,1.4,104
8,2017-05-09,良,71,243,40,81,18,34,1.06,99
9,2017-05-10,良,73,218,44,87,20,46,1.11,88
10,2017-05-11,轻度污染,113,327,57,172,21,48,1.15,83
11,2017-05-12,中度污染,169,337,59,275,17,34,0.97,91
12,2017-05-13,良,89,297,33,127,16,36,1.11,70
13,2017-05-14,良,57,115,22,66,19,39,1.12,70
14,2017-05-15,良,66,241,28,79,24,45,1.19,69
15,2017-05-16,良,73,277,38,92,21,41,1.13,95
16,2017-05-17,良,89,275,44,106,20,41,1.17,118
17,2017-05-18,良,97,262,56,121,17,43,1.17,126
18,2017-05-19,良,93,264,54,123,17,37,1.08,121
19,2017-05-20,轻度污染,104,304,59,109,19,44,1.18,130
20,2017-05-20,轻度污染,104,304,59,109,19,44,1.18,130
21,2017-05-21,良,71,220,47,81,16,38,1.13,81
22,2017-05-22,良,60,226,39,66,14,38,1.09,42
23,2017-05-23,良,55,220,25,56,11,37,0.82,104
24,2017-05-24,良,67,271,38,71,17,47,0.97,82
25,2017-05-25,良,69,221,22,86,14,38,0.83,68
26,2017-05-26,良,61,130,27,66,23,45,0.84,93
27,2017-05-27,良,89,223,55,112,21,59,1.24,107
28,2017-05-28,轻度污染,102,258,64,118,20,54,1.39,113
29,2017-05-29,良,83,194,36,113,16,35,1.16,87
30,2017-05-30,良,76,203,53,84,14,49,1.69,78
31,2017-05-31,良,96,285,61,88,15,45,1.25,101
0,2017-04-01,良,95,281,69,115,31,62,1.57,65
1,2017-04-02,轻度污染,121,350,90,139,35,86,1.61,53
2,2017-04-03,中度污染,156,358,117,160,37,82,1.68,87
3,2017-04-04,轻度污染,120,343,90,127,43,65,1.49,74
4,2017-04-05,良,69,162,49,75,19,48,1.19,69
5,2017-04-06,轻度污染,125,321,93,127,22,55,1.43,72
6,2017-04-07,良,85,239,59,112,22,56,1.37,65
7,2017-04-08,良,94,291,57,121,23,75,1.7,31
8,2017-04-09,良,76,328,45,99,30,68,1.54,33
9,2017-04-10,良,77,303,52,98,29,56,1.31,56
10,2017-04-11,良,75,276,41,98,22,52,1.29,52
11,2017-04-12,轻度污染,102,331,61,146,28,63,1.51,57
12,2017-04-13,轻度污染,109,346,75,146,30,72,1.75,45
13,2017-04-14,良,94,323,63,109,26,55,1.36,56
14,2017-04-15,轻度污染,114,332,77,158,32,70,1.5,58
15,2017-04-16,轻度污染,136,351,98,179,31,71,1.7,57
16,2017-04-17,轻度污染,132,321,90,165,19,45,1.33,66
17,2017-04-18,良,90,263,30,129,12,34,0.93,79
18,2017-04-19,良,84,235,38,116,19,63,1.24,47
19,2017-04-20,轻度污染,103,339,70,135,23,59,1.45,53
20,2017-04-21,良,72,253,38,91,19,48,1.19,68
21,2017-04-22,良,89,339,49,126,21,41,1.14,82
22,2017-04-23,良,79,263,42,107,19,43,1.1,81
23,2017-04-23,良,79,263,42,107,19,43,1.1,81
24,2017-04-24,良,91,307,62,117,28,59,1.69,69
25,2017-04-25,良,60,180,30,69,17,50,1.04,49
26,2017-04-26,良,64,243,33,77,18,53,1.03,56
27,2017-04-27,良,68,258,32,84,17,51,0.94,62
28,2017-04-28,良,72,217,38,93,19,54,1.01,66
29,2017-04-29,良,82,224,44,111,18,54,1.03,63
30,2017-04-30,轻度污染,127,344,52,198,22,46,1.1,67
0,2017-03-01,良,69,129,38,80,22,48,1.36,54
1,2017-03-02,良,64,129,31,78,22,54,1.27,47
2,2017-03-03,良,92,289,65,128,31,66,1.59,38
3,2017-03-04,轻度污染,121,294,91,135,33,81,1.92,39
4,2017-03-05,良,83,225,54,86,21,49,1.48,49
5,2017-03-06,良,60,171,32,69,20,49,1.3,48
6,2017-03-07,优,46,86,18,46,15,33,1.0,61
7,2017-03-08,良,56,142,25,62,18,48,1.17,53
8,2017-03-09,良,62,117,34,71,22,59,1.2,48
9,2017-03-10,轻度污染,103,286,76,126,41,84,1.67,40
10,2017-03-11,轻度污染,119,293,89,139,45,89,1.6,40
11,2017-03-12,良,56,136,22,61,16,38,0.96,65
12,2017-03-13,良,68,287,38,83,26,67,1.36,38
13,2017-03-14,良,90,324,62,110,37,74,1.75,37
14,2017-03-15,良,89,311,64,104,44,77,1.48,49
15,2017-03-16,轻度污染,119,344,89,139,38,81,1.52,58
16,2017-03-17,轻度污染,127,328,95,144,31,76,1.46,58
17,2017-03-18,重度污染,222,365,171,238,44,112,2.76,55
18,2017-03-19,中度污染,200,359,153,184,43,91,2.09,75
19,2017-03-20,轻度污染,113,329,74,138,32,68,1.52,51
20,2017-03-21,良,91,278,66,112,30,64,1.55,50
21,2017-03-22,轻度污染,122,328,92,141,54,82,1.68,47
22,2017-03-23,轻度污染,105,320,77,93,25,66,1.38,50
23,2017-03-24,良,73,230,51,75,17,50,1.15,62
24,2017-03-25,轻度污染,107,342,80,97,18,58,1.76,41
25,2017-03-26,良,57,111,32,59,16,48,1.03,56
26,2017-03-27,良,54,45,26,57,16,51,0.93,58
27,2017-03-28,良,71,145,48,84,27,67,1.2,54
28,2017-03-29,轻度污染,105,267,77,105,25,51,1.32,67
29,2017-03-30,轻度污染,112,300,77,132,27,64,1.35,48
30,2017-03-31,良,74,269,48,89,21,59,1.14,55
0,2017-02-01,良,60,149,40,58,22,30,1.16,56
1,2017-02-02,轻度污染,104,253,77,100,35,53,1.58,44
2,2017-02-03,重度污染,204,333,157,177,33,65,2.06,48
3,2017-02-04,重度污染,234,338,184,194,20,50,1.87,34
4,2017-02-05,良,99,208,69,104,12,37,1.15,54
5,2017-02-06,优,38,30,19,36,15,36,0.98,53
6,2017-02-07,良,62,174,44,58,37,63,1.23,27
7,2017-02-08,良,81,282,48,80,15,41,1.18,52
8,2017-02-09,优,44,81,11,40,5,18,0.62,74
9,2017-02-10,优,40,26,13,38,7,25,0.67,67
10,2017-02-11,良,83,223,59,92,36,54,1.19,43
11,2017-02-12,重度污染,217,353,169,229,71,105,2.47,21
12,2017-02-13,重度污染,233,357,187,235,42,102,2.98,25
13,2017-02-14,轻度污染,134,259,101,130,26,89,1.99,24
14,2017-02-15,严重污染,274,355,225,293,43,125,3.13,18
15,2017-02-16,重度污染,229,350,164,269,34,92,2.82,22
16,2017-02-17,良,54,79,30,58,13,47,1.05,50
17,2017-02-18,轻度污染,125,296,94,139,45,83,1.71,33
18,2017-02-19,中度污染,175,315,128,197,33,72,1.87,38
19,2017-02-20,良,51,59,14,50,7,29,0.75,70
20,2017-02-21,良,74,271,52,84,39,79,1.57,18
21,2017-02-22,轻度污染,138,337,103,124,26,66,2.12,41
22,2017-02-23,优,47,115,27,48,17,44,1.12,58
23,2017-02-24,良,84,250,58,92,28,65,1.61,41
24,2017-02-25,良,59,144,36,65,22,66,1.29,38
25,2017-02-26,良,73,184,51,85,30,71,1.9,31
26,2017-02-27,轻度污染,115,305,86,130,43,86,1.94,34
27,2017-02-28,轻度污染,101,253,69,123,33,77,1.91,36
0,2017-01-01,重度污染,239,313,188,237,26,79,3.7,6
1,2017-01-02,严重污染,335,355,284,329,30,134,6.25,13
2,2017-01-03,严重污染,319,352,268,315,27,113,6.07,7
3,2017-01-04,严重污染,290,345,239,277,23,130,7.82,6
4,2017-01-05,轻度污染,136,242,103,63,29,70,2.21,16
5,2017-01-06,轻度污染,134,280,101,117,38,92,1.99,7
6,2017-01-07,重度污染,230,335,180,191,40,99,3.03,7
7,2017-01-08,中度污染,175,322,133,120,25,71,2.91,18
8,2017-01-09,良,56,111,39,51,16,47,1.17,35
9,2017-01-10,良,75,188,50,72,16,50,1.23,36
10,2017-01-11,中度污染,172,329,134,170,46,91,2.45,13
11,2017-01-12,中度污染,185,328,147,177,43,101,2.96,13
12,2017-01-13,优,49,109,26,46,9,34,0.81,50
13,2017-01-14,优,40,57,17,40,14,40,0.96,37
14,2017-01-15,优,44,86,28,42,25,50,0.91,26
15,2017-01-16,良,86,209,63,83,25,68,1.75,9
16,2017-01-17,中度污染,163,302,124,152,38,73,2.96,5
17,2017-01-18,中度污染,158,288,121,147,37,80,2.94,14
18,2017-01-19,良,98,184,59,101,23,47,1.51,36
19,2017-01-20,优,40,49,21,33,13,35,0.92,51
20,2017-01-21,良,68,138,37,72,18,41,1.16,41
21,2017-01-22,优,43,33,27,43,13,40,1.06,41
22,2017-01-23,良,74,151,54,72,41,72,1.82,19
23,2017-01-24,轻度污染,118,245,89,107,34,81,2.84,19
24,2017-01-25,重度污染,243,322,199,219,68,94,2.89,18
25,2017-01-26,严重污染,274,331,230,221,36,74,2.9,26
26,2017-01-27,良,78,132,51,80,29,31,1.02,61
27,2017-01-28,重度污染,232,304,185,237,89,59,2.18,21
28,2017-01-29,轻度污染,122,275,77,130,17,28,1.51,51
29,2017-01-30,优,38,30,17,22,9,21,0.78,65
30,2017-01-31,良,88,273,65,80,31,41,1.58,52
0,2016-12-01,良,65,122,42,67,19,56,1.3,34
1,2016-12-02,中度污染,154,297,119,153,67,94,2.14,16
2,2016-12-03,严重污染,286,360,235,272,37,93,2.47,14
3,2016-12-04,严重污染,323,360,276,336,22,101,3.93,8
4,2016-12-05,良,56,69,33,47,22,48,1.44,29
5,2016-12-06,中度污染,153,344,115,155,31,75,2.1,14
6,2016-12-07,中度污染,177,331,140,177,31,82,2.5,14
7,2016-12-08,轻度污染,138,239,98,132,36,67,1.62,28
8,2016-12-09,优,43,24,27,45,18,56,1.05,29
9,2016-12-10,轻度污染,136,298,103,142,41,94,2.21,14
10,2016-12-11,重度污染,216,353,169,199,73,111,2.57,9
11,2016-12-12,严重污染,282,358,232,266,55,111,3.11,6
12,2016-12-13,良,92,232,68,71,36,71,2.14,11
13,2016-12-14,良,59,164,38,60,29,64,1.6,22
14,2016-12-15,良,90,221,59,90,26,61,1.46,27
15,2016-12-16,中度污染,152,302,114,152,42,79,1.94,16
16,2016-12-17,重度污染,237,353,186,204,33,86,2.17,16
17,2016-12-18,严重污染,338,349,288,330,43,119,4.76,9
18,2016-12-19,严重污染,294,324,243,287,18,128,6.56,8
19,2016-12-20,严重污染,289,317,238,285,20,130,6.22,9
20,2016-12-21,严重污染,307,355,256,347,27,128,8.3,6
21,2016-12-22,中度污染,198,352,154,200,19,94,6.38,14
22,2016-12-23,优,43,38,26,42,14,48,0.88,35
23,2016-12-24,良,85,181,62,82,57,79,1.55,15
24,2016-12-25,中度污染,168,346,128,154,75,88,2.17,4
25,2016-12-26,中度污染,153,354,120,114,27,74,2.48,11
26,2016-12-27,轻度污染,108,317,80,85,24,69,1.93,17
27,2016-12-28,轻度污染,102,276,75,90,21,62,1.47,21
28,2016-12-29,良,79,178,57,76,17,58,1.27,28
29,2016-12-30,重度污染,229,340,178,206,39,83,2.57,9
30,2016-12-31,严重污染,323,351,272,309,29,95,3.78,6
0,2016-11-01,良,96,331,70,102,25,63,1.52,25
1,2016-11-02,轻度污染,137,343,103,136,35,72,1.74,19
2,2016-11-03,重度污染,219,355,169,204,21,68,2.26,11
3,2016-11-04,重度污染,227,350,176,224,14,75,2.68,5
4,2016-11-05,轻度污染,135,278,101,142,9,60,2.37,34
5,2016-11-06,良,63,76,42,63,12,42,0.99,36
6,2016-11-07,良,88,216,64,93,12,63,1.53,15
7,2016-11-08,良,71,250,50,79,20,59,1.56,17
8,2016-11-09,轻度污染,122,347,92,109,32,65,1.65,25
9,2016-11-10,重度污染,220,352,173,220,21,71,2.15,8
10,2016-11-11,重度污染,201,356,154,209,32,81,3.16,10
11,2016-11-12,良,92,246,64,113,30,58,2.49,16
12,2016-11-13,中度污染,156,307,120,174,20,72,1.98,12
13,2016-11-14,轻度污染,135,280,95,141,14,57,1.92,25
14,2016-11-15,良,60,104,28,68,18,46,1.16,30
15,2016-11-16,中度污染,178,345,136,205,46,87,2.45,6
16,2016-11-17,轻度污染,117,269,87,116,18,54,1.7,12
17,2016-11-18,重度污染,210,331,160,235,22,75,2.96,5
18,2016-11-19,中度污染,169,339,128,159,16,58,2.77,19
19,2016-11-20,良,55,125,38,49,10,35,1.16,27
20,2016-11-21,优,34,37,22,21,9,26,1.13,41
21,2016-11-22,优,36,125,13,32,8,28,0.8,46
22,2016-11-23,良,79,321,56,84,28,56,1.41,23
23,2016-11-24,中度污染,171,357,130,177,51,77,2.5,12
24,2016-11-25,重度污染,209,352,161,181,45,75,2.06,10
25,2016-11-26,严重污染,253,362,194,279,56,91,2.67,9
26,2016-11-27,轻度污染,113,259,78,157,26,56,1.68,29
27,2016-11-28,轻度污染,117,284,87,124,49,76,2.13,17
28,2016-11-29,中度污染,164,327,124,175,47,99,2.99,9
29,2016-11-30,严重污染,306,365,264,325,41,108,3.18,15
0,2016-10-01,轻度污染,146,349,111,153,35,73,1.48,79
1,2016-10-02,轻度污染,138,341,103,128,20,65,1.6,56
2,2016-10-03,轻度污染,144,347,108,129,19,49,1.58,62
3,2016-10-04,良,53,146,29,51,7,24,1.11,53
4,2016-10-05,良,54,136,37,45,13,42,1.67,32
5,2016-10-06,优,43,77,27,42,8,31,1.01,46
6,2016-10-07,优,49,144,33,44,8,41,1.37,23
7,2016-10-08,优,39,113,21,38,5,30,0.81,39
8,2016-10-09,良,61,243,37,69,21,60,1.47,18
9,2016-10-10,轻度污染,104,351,77,111,30,66,1.56,30
10,2016-10-11,良,93,332,66,99,16,55,1.27,24
11,2016-10-12,良,61,204,41,63,15,59,1.18,34
12,2016-10-13,重度污染,223,364,178,217,29,93,2.01,30
13,2016-10-14,良,70,240,46,69,13,32,0.7,54
14,2016-10-15,轻度污染,126,356,94,122,27,64,1.22,26
15,2016-10-16,良,82,297,59,61,9,31,1.08,35
16,2016-10-17,轻度污染,110,341,80,103,14,43,1.42,34
17,2016-10-18,轻度污染,134,339,98,123,21,55,1.42,41
18,2016-10-19,重度污染,210,361,163,179,16,67,1.71,58
19,2016-10-20,良,84,281,49,78,9,34,0.85,46
20,2016-10-21,良,63,277,43,70,22,49,1.93,15
21,2016-10-22,优,48,223,31,38,12,37,1.79,24
22,2016-10-23,良,55,275,32,60,19,47,1.34,24
23,2016-10-24,轻度污染,115,357,86,124,32,78,2.21,14
24,2016-10-25,中度污染,155,362,117,133,33,72,2.41,10
25,2016-10-26,良,93,331,57,88,12,46,1.48,17
26,2016-10-27,良,68,296,42,73,15,59,2.18,9
27,2016-10-28,优,34,78,18,26,5,31,0.88,33
28,2016-10-29,良,56,254,32,62,15,54,1.22,21
29,2016-10-30,良,90,338,64,98,21,49,1.39,24
30,2016-10-31,优,36,72,13,35,5,24,0.82,43
0,2016-09-01,优,39,93,10,38,5,17,0.36,35
1,2016-09-02,优,47,107,17,49,14,30,0.58,39
2,2016-09-03,良,59,154,27,60,15,29,0.76,66
3,2016-09-04,良,54,104,28,48,16,18,0.88,77
4,2016-09-05,良,56,147,26,53,10,29,0.93,85
5,2016-09-06,良,86,299,48,81,15,40,1.24,98
6,2016-09-07,优,50,143,22,35,8,29,0.92,93
7,2016-09-08,良,59,169,25,50,8,45,0.96,84
8,2016-09-09,良,92,292,52,98,16,65,1.31,86
9,2016-09-10,轻度污染,110,360,81,130,17,57,1.97,80
10,2016-09-11,良,55,193,35,43,8,27,1.38,80
11,2016-09-12,良,64,223,42,64,13,43,2.05,58
12,2016-09-13,良,91,327,62,80,11,45,1.54,80
13,2016-09-14,轻度污染,128,356,95,127,13,46,1.52,101
14,2016-09-15,中度污染,162,362,122,147,11,39,1.54,108
15,2016-09-16,中度污染,170,363,128,157,11,27,1.56,124
16,2016-09-17,良,65,264,41,57,10,28,1.44,50
17,2016-09-18,优,41,112,25,40,11,32,1.53,17
18,2016-09-19,优,45,100,21,44,9,38,1.05,35
19,2016-09-20,良,57,180,32,62,14,55,1.02,52
20,2016-09-21,良,69,214,38,69,26,44,1.15,78
21,2016-09-22,良,100,320,71,127,26,46,1.21,103
22,2016-09-23,轻度污染,118,352,88,148,16,50,1.27,102
23,2016-09-24,轻度污染,124,346,92,143,14,59,1.41,88
24,2016-09-25,轻度污染,118,333,86,126,16,43,1.5,90
25,2016-09-26,轻度污染,107,330,79,106,9,50,1.86,41
26,2016-09-27,良,71,266,44,68,6,34,1.15,32
27,2016-09-28,优,42,158,19,44,14,36,0.94,41
28,2016-09-29,良,74,317,52,84,24,65,1.44,54
29,2016-09-30,良,85,307,61,96,34,62,1.31,77
0,2016-08-01,良,67,287,47,65,7,20,1.13,64
1,2016-08-02,良,62,283,39,55,6,22,1.0,68
2,2016-08-03,良,87,341,51,76,10,32,1.64,104
3,2016-08-04,良,53,228,32,49,7,22,0.79,76
4,2016-08-05,优,49,195,30,50,6,27,0.6,62
5,2016-08-06,良,78,325,56,83,7,30,0.8,77
6,2016-08-07,良,57,277,36,45,5,18,0.95,71
7,2016-08-08,优,42,135,21,37,9,22,0.87,67
8,2016-08-09,良,71,310,48,75,7,38,0.93,60
9,2016-08-10,轻度污染,114,361,85,103,5,29,0.87,80
10,2016-08-11,良,73,318,52,82,6,26,0.78,72
11,2016-08-12,良,68,299,46,62,4,28,0.86,59
12,2016-08-13,良,56,243,35,52,4,43,0.8,40
13,2016-08-14,良,70,313,41,87,9,53,1.17,59
14,2016-08-15,良,57,266,39,52,5,38,0.89,52
15,2016-08-16,良,65,289,32,54,7,42,0.75,82
16,2016-08-17,良,68,261,42,78,14,53,0.92,69
17,2016-08-18,轻度污染,116,364,87,98,9,47,1.34,42
18,2016-08-19,优,40,111,26,33,6,28,1.41,48
19,2016-08-20,良,60,253,31,51,10,37,1.16,76
20,2016-08-21,轻度污染,107,362,57,89,13,46,1.07,105
21,2016-08-22,良,77,306,38,75,20,45,1.1,83
22,2016-08-23,良,68,237,43,77,17,35,0.87,78
23,2016-08-24,良,88,311,65,85,6,26,0.89,52
24,2016-08-25,良,51,148,29,49,6,14,0.48,21
25,2016-08-26,优,40,106,18,42,9,17,0.4,19
26,2016-08-27,优,49,156,23,54,6,18,0.39,24
27,2016-08-28,优,44,86,16,46,6,19,0.54,23
28,2016-08-29,良,57,136,29,65,11,22,0.6,44
29,2016-08-30,良,65,200,37,76,11,23,0.62,69
30,2016-08-31,良,63,163,37,70,6,23,0.55,52
0,2016-07-01,良,70,314,49,54,7,17,0.78,61
1,2016-07-02,良,67,265,37,57,8,22,0.71,85
2,2016-07-03,良,78,294,54,79,11,26,0.79,80
3,2016-07-04,良,83,304,61,81,7,26,0.83,70
4,2016-07-05,良,99,339,59,73,9,28,1.03,97
5,2016-07-06,良,94,322,55,89,13,39,1.11,109
6,2016-07-07,轻度污染,102,341,65,92,8,36,1.08,104
7,2016-07-08,良,64,273,43,66,5,29,0.89,68
8,2016-07-09,良,85,334,59,89,5,34,0.96,78
9,2016-07-10,轻度污染,104,348,77,101,6,23,1.01,87
10,2016-07-11,轻度污染,121,357,90,115,8,27,1.02,100
11,2016-07-12,良,99,357,72,103,7,40,0.91,56
12,2016-07-13,良,73,318,36,54,10,28,1.08,98
13,2016-07-14,良,76,323,49,83,18,48,1.07,90
14,2016-07-15,良,55,261,37,44,6,28,0.72,71
15,2016-07-16,良,83,338,46,67,12,33,0.95,99
16,2016-07-17,良,81,296,46,58,8,27,0.95,102
17,2016-07-18,良,61,217,36,62,9,35,0.76,77
18,2016-07-19,良,92,343,68,68,5,19,0.82,76
19,2016-07-20,优,34,88,20,26,2,10,0.61,52
20,2016-07-21,良,60,280,42,50,3,24,0.82,46
21,2016-07-22,良,86,340,62,80,4,32,0.88,75
22,2016-07-23,轻度污染,101,352,74,88,5,37,0.88,58
23,2016-07-24,良,81,311,57,71,5,37,0.76,55
24,2016-07-25,良,87,336,64,73,4,36,0.89,36
25,2016-07-26,优,46,103,27,39,4,16,0.89,72
26,2016-07-27,良,70,259,49,72,5,18,0.82,76
27,2016-07-28,良,89,318,61,97,5,20,0.83,118
28,2016-07-29,良,98,331,72,107,4,20,0.92,94
29,2016-07-30,轻度污染,106,344,76,93,3,17,0.87,69
30,2016-07-31,良,53,174,34,49,3,17,0.88,77
0,2016-06-01,良,63,240,32,63,21,45,1.3,69
1,2016-06-02,良,93,339,47,84,26,61,1.23,99
2,2016-06-03,良,91,324,62,112,34,54,1.18,116
3,2016-06-04,轻度污染,126,360,85,121,26,34,1.23,117
4,2016-06-05,良,68,232,37,62,23,30,0.91,97
5,2016-06-06,轻度污染,111,350,82,107,14,38,1.17,110
6,2016-06-07,良,94,325,68,102,11,41,1.62,60
7,2016-06-08,轻度污染,117,344,85,110,13,43,1.49,118
8,2016-06-09,轻度污染,130,352,89,131,15,34,1.2,144
9,2016-06-10,轻度污染,111,359,72,122,10,25,1.08,137
10,2016-06-11,优,50,169,16,35,4,22,0.58,84
11,2016-06-12,良,80,320,40,64,11,27,0.94,120
12,2016-06-13,良,60,193,36,60,14,40,1.24,67
13,2016-06-14,良,88,337,65,73,6,30,1.67,53
14,2016-06-15,良,56,198,25,40,5,26,0.78,95
15,2016-06-16,良,94,331,50,85,13,46,0.97,112
16,2016-06-17,轻度污染,109,346,55,122,20,35,1.06,138
17,2016-06-18,良,58,174,31,56,4,46,1.11,91
18,2016-06-19,轻度污染,130,361,86,115,11,55,1.39,142
19,2016-06-20,良,91,329,60,84,6,30,0.89,133
20,2016-06-21,轻度污染,111,359,81,98,6,29,0.86,108
21,2016-06-22,良,70,285,37,58,6,29,0.74,102
22,2016-06-23,良,90,359,64,93,6,44,0.92,47
23,2016-06-24,优,40,135,17,33,4,23,0.49,66
24,2016-06-25,优,41,130,17,38,7,27,0.39,64
25,2016-06-26,良,64,236,32,65,17,30,0.69,83
26,2016-06-27,良,65,225,40,68,11,25,0.73,89
27,2016-06-28,良,57,199,39,51,5,28,0.77,62
28,2016-06-29,轻度污染,119,356,89,96,5,28,0.95,76
29,2016-06-30,轻度污染,104,344,76,79,4,30,0.79,55
0,2016-05-01,轻度污染,119,323,80,132,14,26,0.72,71
1,2016-05-02,良,80,273,40,109,9,20,0.61,70
2,2016-05-03,良,57,135,25,64,5,29,0.6,67
3,2016-05-04,良,65,150,33,75,14,52,0.89,64
4,2016-05-05,良,74,229,48,85,18,50,1.11,68
5,2016-05-06,轻度污染,149,330,68,219,8,31,0.66,70
6,2016-05-07,良,58,166,28,66,12,42,0.69,62
7,2016-05-08,良,78,314,48,87,25,43,1.09,82
8,2016-05-09,良,78,297,55,92,20,45,1.09,69
9,2016-05-10,良,71,228,44,76,12,47,0.86,77
10,2016-05-11,轻度污染,127,324,95,137,17,33,1.13,114
11,2016-05-12,良,54,43,31,54,7,32,0.6,65
12,2016-05-13,良,70,221,47,72,17,45,0.95,67
13,2016-05-14,良,67,229,48,53,8,43,1.04,56
14,2016-05-15,良,75,345,49,51,5,39,0.87,44
15,2016-05-16,良,67,210,37,75,17,43,0.93,71
16,2016-05-17,良,91,321,54,106,21,40,1.06,105
17,2016-05-18,轻度污染,101,308,59,106,25,43,1.01,137
18,2016-05-19,轻度污染,127,344,77,110,27,51,1.1,149
19,2016-05-20,良,81,258,51,79,26,48,1.03,107
20,2016-05-21,良,92,319,60,80,26,55,1.0,95
21,2016-05-22,良,80,290,50,94,28,57,1.43,91
22,2016-05-23,良,88,325,62,110,36,76,1.81,61
23,2016-05-24,良,61,161,30,48,10,26,0.74,97
24,2016-05-25,良,62,194,23,61,9,33,0.61,89
25,2016-05-26,良,81,309,45,90,14,47,0.79,69
26,2016-05-27,良,88,316,54,123,28,51,1.17,100
27,2016-05-28,良,85,304,54,82,21,33,1.11,104
28,2016-05-29,轻度污染,113,353,74,112,16,33,1.24,86
29,2016-05-30,轻度污染,125,352,81,134,21,34,1.45,133
30,2016-05-31,良,80,243,36,108,10,28,0.8,73
0,2016-04-01,轻度污染,105,264,48,155,16,34,1.02,76
1,2016-04-02,良,52,64,17,58,13,28,0.9,68
2,2016-04-03,良,79,307,30,106,23,44,1.24,56
3,2016-04-04,良,95,334,67,126,26,48,1.59,76
4,2016-04-05,轻度污染,133,356,100,170,34,56,1.53,76
5,2016-04-06,中度污染,158,352,119,166,33,76,1.62,69
6,2016-04-07,轻度污染,124,331,75,162,19,66,1.23,49
7,2016-04-08,良,79,247,27,107,12,33,0.94,76
8,2016-04-09,中度污染,189,346,79,275,25,46,1.38,60
9,2016-04-10,良,98,289,35,144,19,31,1.2,67
10,2016-04-11,良,68,182,34,84,17,42,0.99,56
11,2016-04-12,轻度污染,133,326,99,145,22,79,1.67,29
12,2016-04-13,严重污染,274,364,223,288,29,89,2.12,50
13,2016-04-14,良,76,180,41,92,13,40,0.84,57
14,2016-04-15,轻度污染,126,339,94,157,28,74,1.64,55
15,2016-04-16,良,81,308,51,89,11,31,0.9,58
16,2016-04-17,良,51,141,20,53,5,29,0.54,64
17,2016-04-18,优,49,112,19,54,4,24,0.41,63
18,2016-04-19,良,74,259,51,92,21,55,1.03,42
19,2016-04-20,轻度污染,121,334,91,137,28,52,1.9,54
20,2016-04-21,轻度污染,137,329,92,132,17,38,0.72,55
21,2016-04-22,轻度污染,108,294,35,164,5,25,0.3,58
22,2016-04-23,良,66,213,28,80,14,35,0.62,35
23,2016-04-24,良,90,287,48,129,15,31,0.53,56
24,2016-04-25,良,88,272,60,116,14,24,0.55,81
25,2016-04-26,良,79,264,52,103,17,30,0.58,68
26,2016-04-27,良,87,300,63,100,17,38,0.69,55
27,2016-04-28,良,88,291,59,94,12,33,0.6,62
28,2016-04-29,轻度污染,115,316,78,132,13,29,0.63,75
29,2016-04-30,良,100,287,73,111,14,19,0.63,78
0,2016-03-01,轻度污染,128,339,95,135,64,70,1.91,24
1,2016-03-02,重度污染,220,359,169,219,51,80,2.01,35
2,2016-03-03,严重污染,265,362,214,267,55,93,2.15,33
3,2016-03-04,中度污染,187,307,144,163,20,51,1.66,43
4,2016-03-05,重度污染,241,337,87,346,15,45,1.31,38
5,2016-03-06,重度污染,231,338,112,369,63,84,1.99,16
6,2016-03-07,轻度污染,102,221,53,152,24,42,1.81,39
7,2016-03-08,良,52,130,19,57,13,29,1.05,42
8,2016-03-09,优,43,164,22,46,15,35,1.07,36
9,2016-03-10,良,58,248,24,67,14,36,0.95,39
10,2016-03-11,良,74,238,43,94,26,57,1.31,28
11,2016-03-12,轻度污染,109,298,79,141,52,66,1.45,29
12,2016-03-13,良,93,249,60,111,23,47,1.4,36
13,2016-03-14,轻度污染,118,310,86,142,37,62,1.84,32
14,2016-03-15,轻度污染,136,311,102,158,38,51,1.64,50
15,2016-03-16,重度污染,212,346,165,191,36,61,1.95,40
16,2016-03-17,中度污染,184,321,138,164,38,60,1.76,34
17,2016-03-18,重度污染,233,349,183,234,35,72,2.34,37
18,2016-03-19,良,88,173,55,84,15,30,1.16,35
19,2016-03-20,良,71,118,48,85,20,54,1.39,25
20,2016-03-21,轻度污染,107,285,77,122,30,58,1.85,29
21,2016-03-22,轻度污染,140,342,91,176,24,53,1.72,21
22,2016-03-23,良,59,197,32,68,14,38,1.25,25
23,2016-03-24,良,56,194,29,65,18,37,1.33,24
24,2016-03-25,良,67,223,44,80,24,46,1.58,24
25,2016-03-26,良,69,181,43,73,17,44,1.2,30
26,2016-03-27,良,72,173,42,89,19,41,1.26,32
27,2016-03-28,轻度污染,108,314,68,160,33,49,1.58,36
28,2016-03-29,良,74,145,22,98,13,30,0.74,72
29,2016-03-30,轻度污染,111,299,67,161,38,70,1.69,50
30,2016-03-31,中度污染,171,347,103,245,30,52,1.42,93
0,2016-02-01,良,84,209,58,82,26,53,1.37,25
1,2016-02-02,优,49,61,32,53,21,51,1.21,31
2,2016-02-03,轻度污染,149,311,112,152,60,86,2.7,22
3,2016-02-04,良,65,126,43,70,23,43,1.23,35
4,2016-02-05,良,51,91,15,56,11,18,0.69,49
5,2016-02-06,优,46,51,26,50,18,28,0.96,44
6,2016-02-07,轻度污染,133,327,100,165,51,44,1.65,40
7,2016-02-08,中度污染,183,263,147,224,77,39,1.52,32
8,2016-02-09,良,79,155,57,88,41,44,1.59,28
9,2016-02-10,良,81,204,58,93,43,55,1.73,21
10,2016-02-11,良,98,239,72,112,16,38,1.8,14
11,2016-02-12,中度污染,167,312,127,177,29,44,3.06,19
12,2016-02-13,优,36,61,22,23,9,13,1.02,45
13,2016-02-14,优,31,49,9,23,6,9,0.8,57
14,2016-02-15,优,47,216,17,50,13,21,1.02,46
15,2016-02-16,良,67,307,33,80,17,33,1.32,38
16,2016-02-17,良,52,95,33,57,24,44,1.07,35
17,2016-02-18,良,68,148,38,71,20,42,1.0,35
18,2016-02-19,良,56,70,29,64,21,45,1.18,30
19,2016-02-20,优,35,11,19,35,11,24,0.7,44
20,2016-02-21,良,89,187,65,100,39,57,1.26,24
21,2016-02-22,轻度污染,148,322,109,167,39,53,1.75,25
22,2016-02-23,优,39,55,19,38,11,23,0.7,46
23,2016-02-24,良,66,173,45,68,26,52,1.2,27
24,2016-02-25,良,59,113,31,63,26,53,1.16,23
25,2016-02-26,良,55,114,31,61,21,54,1.02,26
26,2016-02-27,良,70,179,46,82,34,54,1.55,25
27,2016-02-28,良,65,136,35,70,17,33,0.96,39
28,2016-02-29,优,42,36,24,42,19,34,0.96,40
0,2016-01-01,重度污染,219,340,171,235,62,77,1.7,6
1,2016-01-02,严重污染,389,361,331,471,62,137,3.43,3
2,2016-01-03,轻度污染,129,188,96,116,34,53,1.3,12
3,2016-01-04,轻度污染,141,229,106,149,36,64,1.56,12
4,2016-01-05,良,53,115,33,61,25,43,0.87,25
5,2016-01-06,良,74,196,48,84,33,53,1.1,19
6,2016-01-07,优,47,85,23,51,18,33,0.89,30
7,2016-01-08,优,50,80,31,52,22,44,1.1,26
8,2016-01-09,重度污染,221,329,177,255,84,94,2.89,9
9,2016-01-10,中度污染,162,273,126,188,50,70,2.31,18
10,2016-01-11,优,47,112,26,50,24,43,1.16,25
11,2016-01-12,优,48,113,25,55,22,39,1.11,30
12,2016-01-13,轻度污染,106,256,78,123,43,72,2.1,15
13,2016-01-14,轻度污染,138,285,104,169,64,99,2.93,10
14,2016-01-15,重度污染,230,351,180,258,82,108,3.13,5
15,2016-01-16,轻度污染,114,220,85,114,26,48,1.28,15
16,2016-01-17,良,82,184,60,82,27,44,1.75,23
17,2016-01-18,良,73,170,26,84,14,30,1.03,36
18,2016-01-19,良,63,109,36,78,31,55,1.43,20
19,2016-01-20,良,84,204,61,101,71,70,1.77,8
20,2016-01-21,良,74,227,53,72,25,51,1.19,9
21,2016-01-22,良,57,171,27,54,17,24,0.84,37
22,2016-01-23,良,54,164,10,67,9,13,0.71,45
23,2016-01-24,良,57,195,17,67,14,26,0.89,36
24,2016-01-25,良,74,264,45,95,28,54,1.47,26
25,2016-01-26,良,80,235,42,95,25,51,1.29,25
26,2016-01-27,轻度污染,108,266,80,140,65,82,2.05,12
27,2016-01-28,轻度污染,120,264,90,137,52,79,2.58,8
28,2016-01-29,良,54,137,21,58,19,33,0.8,30
29,2016-01-30,良,62,156,37,70,27,55,1.24,11
30,2016-01-31,良,62,169,38,67,18,37,1.08,33
0,2015-12-01,重度污染,228,341,180,258,60,72,3.83,2
1,2015-12-02,中度污染,174,357,133,195,43,51,3.2,20
2,2015-12-03,优,30,30,12,29,16,21,0.84,32
3,2015-12-04,优,47,109,27,54,29,39,1.11,22
4,2015-12-05,良,98,263,66,125,55,58,2.3,6
5,2015-12-06,良,82,223,59,101,66,51,1.62,14
6,2015-12-07,良,85,180,62,102,40,51,1.77,3
7,2015-12-08,重度污染,207,321,162,247,58,65,3.47,2
8,2015-12-09,严重污染,281,343,230,318,60,72,4.14,2
9,2015-12-10,中度污染,199,310,161,225,38,52,3.71,20
10,2015-12-11,良,65,155,41,73,43,45,1.91,11
11,2015-12-12,轻度污染,106,246,79,125,51,69,1.23,12
12,2015-12-13,轻度污染,146,296,110,161,57,75,1.49,5
13,2015-12-14,重度污染,238,340,195,260,45,79,1.86,6
14,2015-12-15,良,94,261,67,92,18,39,1.2,22
15,2015-12-16,优,25,9,11,23,14,21,0.49,25
16,2015-12-17,良,51,125,32,58,32,40,0.82,14
17,2015-12-18,轻度污染,110,294,81,133,49,62,1.4,13
18,2015-12-19,良,81,180,59,88,32,68,1.24,7
19,2015-12-20,中度污染,194,307,152,210,75,95,1.88,5
20,2015-12-21,严重污染,392,357,337,459,90,142,3.44,3
21,2015-12-22,严重污染,354,349,305,389,51,114,3.17,2
22,2015-12-23,严重污染,343,339,292,380,60,110,3.26,5
23,2015-12-24,严重污染,289,324,238,300,47,95,2.81,6
24,2015-12-25,严重污染,254,335,204,262,33,89,3.44,7
25,2015-12-26,轻度污染,135,270,101,151,22,55,2.08,18
26,2015-12-27,优,37,43,22,38,23,35,0.71,22
27,2015-12-28,轻度污染,150,310,113,169,56,64,1.65,7
28,2015-12-29,重度污染,241,344,190,273,52,73,1.91,5
29,2015-12-30,中度污染,185,282,149,231,34,72,1.83,14
30,2015-12-31,中度污染,176,276,135,195,52,91,1.94,7
0,2015-11-01,中度污染,188,360,141,208,55,83,2.19,18
1,2015-11-02,中度污染,162,334,123,196,42,87,2.18,15
2,2015-11-03,轻度污染,147,322,110,161,49,72,1.72,47
3,2015-11-04,中度污染,157,334,119,178,48,86,1.81,49
4,2015-11-05,轻度污染,130,310,84,147,28,59,1.72,18
5,2015-11-06,优,34,62,16,30,10,27,1.06,31
6,2015-11-07,优,33,47,22,28,7,28,0.99,31
7,2015-11-08,良,89,272,66,86,11,41,1.42,24
8,2015-11-09,轻度污染,116,300,87,116,15,42,1.77,21
9,2015-11-10,轻度污染,127,311,96,131,16,44,1.53,24
10,2015-11-11,轻度污染,130,294,98,144,28,61,2.41,6
11,2015-11-12,中度污染,158,318,120,186,45,75,3.58,4
12,2015-11-13,中度污染,159,331,121,170,38,70,3.37,9
13,2015-11-14,中度污染,188,346,141,186,46,66,3.17,19
14,2015-11-15,中度污染,182,351,139,188,38,56,2.39,21
15,2015-11-16,良,52,122,25,60,30,39,1.09,23
16,2015-11-17,良,88,314,60,116,39,53,1.53,9
17,2015-11-18,优,49,160,29,53,24,44,1.02,15
18,2015-11-19,良,72,273,52,80,24,52,1.23,5
19,2015-11-20,良,51,91,35,44,11,35,1.03,12
20,2015-11-21,良,51,120,35,45,18,30,1.26,21
21,2015-11-22,优,46,149,31,38,31,34,1.55,27
22,2015-11-23,优,40,122,27,37,32,35,1.59,29
23,2015-11-24,优,49,226,31,50,48,49,1.96,20
24,2015-11-25,良,86,316,60,87,39,43,2.14,20
25,2015-11-26,优,43,113,21,43,19,33,0.94,39
26,2015-11-27,轻度污染,144,346,109,149,58,72,2.05,18
27,2015-11-28,中度污染,195,340,148,212,70,87,3.03,6
28,2015-11-29,重度污染,238,340,190,276,70,91,3.82,12
29,2015-11-30,严重污染,353,357,295,408,79,116,5.37,17
0,2015-10-01,优,42,92,19,31,5,17,0.57,35
1,2015-10-02,良,71,209,36,90,14,25,0.71,37
2,2015-10-03,良,62,155,22,73,11,22,0.55,39
3,2015-10-04,轻度污染,101,295,68,129,20,32,0.9,65
4,2015-10-05,重度污染,222,358,175,255,24,34,1.14,70
5,2015-10-06,轻度污染,137,335,102,162,14,30,0.84,60
6,2015-10-07,轻度污染,124,343,91,133,14,29,0.84,47
7,2015-10-08,良,51,202,15,52,5,15,0.45,31
8,2015-10-09,良,61,225,28,72,10,20,0.64,27
9,2015-10-10,优,36,86,8,35,4,11,0.43,30
10,2015-10-11,优,46,139,15,48,6,19,0.52,31
11,2015-10-12,良,53,115,24,59,9,28,0.63,26
12,2015-10-13,良,90,238,57,118,19,42,0.93,28
13,2015-10-14,轻度污染,147,326,110,176,28,63,1.23,33
14,2015-10-15,轻度污染,118,261,89,137,24,69,1.47,66
15,2015-10-16,中度污染,171,325,130,175,31,64,1.64,83
16,2015-10-17,重度污染,215,355,165,232,43,63,1.82,87
17,2015-10-18,轻度污染,105,278,73,104,18,30,1.1,35
18,2015-10-19,良,69,114,40,88,22,53,1.33,26
19,2015-10-20,良,73,126,44,85,18,49,1.6,23
20,2015-10-21,良,57,79,33,60,21,41,1.44,21
21,2015-10-22,优,44,44,30,40,17,54,2.15,7
22,2015-10-23,良,63,98,45,56,13,51,1.73,19
23,2015-10-24,良,71,142,36,82,11,42,1.23,27
24,2015-10-25,良,58,134,18,67,12,46,0.73,22
25,2015-10-26,良,54,107,37,55,10,43,1.12,21
26,2015-10-27,良,63,222,21,77,11,41,0.81,32
27,2015-10-28,良,53,121,26,61,14,43,1.03,24
28,2015-10-29,优,45,95,17,49,8,36,0.65,34
29,2015-10-30,优,50,133,20,57,11,42,0.83,27
30,2015-10-31,轻度污染,103,322,72,131,34,72,1.64,17
0,2015-09-01,优,30,39,20,23,4,12,0.99,22
1,2015-09-02,优,31,57,15,30,4,14,0.61,26
2,2015-09-03,优,49,151,26,49,5,17,0.67,37
3,2015-09-04,良,64,262,45,54,5,11,0.84,45
4,2015-09-05,优,31,37,21,23,4,15,0.83,30
5,2015-09-06,优,41,106,21,40,8,18,0.75,31
6,2015-09-07,良,59,220,34,68,8,25,0.74,37
7,2015-09-08,良,68,250,41,74,13,30,0.73,42
8,2015-09-09,良,71,280,42,89,18,35,1.19,27
9,2015-09-10,优,40,107,16,41,12,20,0.82,12
10,2015-09-11,优,25,18,13,24,4,14,0.44,28
11,2015-09-12,优,25,11,9,23,5,14,0.39,36
12,2015-09-13,良,59,214,30,68,13,23,0.72,51
13,2015-09-14,良,72,273,48,91,17,24,0.66,76
14,2015-09-15,轻度污染,104,346,77,123,15,37,0.9,73
15,2015-09-16,轻度污染,105,343,77,115,16,33,0.91,69
16,2015-09-17,良,94,315,69,104,15,29,0.96,66
17,2015-09-18,轻度污染,116,342,81,122,14,36,0.96,53
18,2015-09-19,轻度污染,102,305,72,122,23,41,1.88,18
19,2015-09-20,良,55,154,19,59,14,21,0.53,71
20,2015-09-21,良,68,210,39,83,24,26,0.68,75
21,2015-09-22,轻度污染,123,348,92,126,15,19,0.91,79
22,2015-09-23,轻度污染,118,348,88,125,9,26,1.02,53
23,2015-09-24,中度污染,155,352,116,148,10,26,0.94,62
24,2015-09-25,优,48,146,24,42,5,20,0.58,53
25,2015-09-26,良,68,259,38,81,16,35,0.78,41
26,2015-09-27,良,87,312,61,110,27,33,0.99,69
27,2015-09-28,良,56,191,39,46,10,18,0.93,46
28,2015-09-29,优,44,126,26,44,14,27,1.34,10
29,2015-09-30,良,61,245,43,59,15,31,1.65,5
0,2015-08-01,良,64,253,34,67,9,21,0.82,74
1,2015-08-02,良,77,315,49,92,4,16,0.84,58
2,2015-08-03,良,64,283,44,70,4,24,0.97,35
3,2015-08-04,良,57,220,20,57,8,21,0.75,73
4,2015-08-05,良,82,304,56,105,8,17,0.78,87
5,2015-08-06,良,80,329,56,93,10,14,0.67,87
6,2015-08-07,良,69,273,44,77,9,20,0.7,72
7,2015-08-08,良,71,297,42,87,8,22,0.77,96
8,2015-08-09,轻度污染,120,355,90,163,8,31,1.04,101
9,2015-08-10,中度污染,160,361,116,200,8,33,1.23,101
10,2015-08-11,轻度污染,148,361,109,145,8,25,1.4,81
11,2015-08-12,轻度污染,107,333,75,127,15,26,1.15,82
12,2015-08-13,良,95,299,65,118,12,22,0.99,86
13,2015-08-14,良,86,280,54,104,10,27,0.86,71
14,2015-08-15,轻度污染,104,349,61,129,15,45,1.12,75
15,2015-08-16,轻度污染,102,309,65,132,16,33,1.03,84
16,2015-08-17,轻度污染,101,290,72,126,14,22,1.02,91
17,2015-08-18,良,98,315,68,123,14,33,1.08,56
18,2015-08-19,良,76,315,52,96,11,38,1.27,52
19,2015-08-20,轻度污染,107,354,77,125,13,30,1.24,75
20,2015-08-21,良,66,240,34,78,13,27,0.9,70
21,2015-08-22,良,79,288,42,101,17,33,1.08,78
22,2015-08-23,良,61,187,34,70,23,31,1.79,46
23,2015-08-24,良,53,157,28,56,13,24,1.42,48
24,2015-08-25,优,45,99,21,47,9,20,1.13,56
25,2015-08-26,良,53,120,32,54,10,20,1.11,59
26,2015-08-27,良,53,130,34,54,10,19,1.05,38
27,2015-08-28,良,53,134,32,53,6,18,0.68,42
28,2015-08-29,优,44,104,24,44,6,16,0.79,39
29,2015-08-30,优,45,98,25,45,10,16,1.04,28
30,2015-08-31,优,45,100,30,41,5,18,1.1,22
0,2015-07-01,良,58,234,34,57,5,17,0.46,39
1,2015-07-02,优,38,66,14,41,4,20,0.36,36
2,2015-07-03,优,46,136,19,48,8,13,0.57,58
3,2015-07-04,优,45,108,21,46,7,19,0.52,41
4,2015-07-05,良,61,220,40,59,8,18,0.58,58
5,2015-07-06,良,65,251,44,63,8,16,0.57,61
6,2015-07-07,良,66,243,46,71,9,18,0.62,65
7,2015-07-08,良,74,260,53,73,5,16,0.55,74
8,2015-07-09,良,62,189,35,65,7,18,0.48,66
9,2015-07-10,良,59,190,31,67,6,13,0.49,87
10,2015-07-11,轻度污染,113,346,82,155,7,19,0.71,90
11,2015-07-12,轻度污染,124,347,90,153,6,17,0.73,100
12,2015-07-13,良,94,276,53,114,8,23,0.74,94
13,2015-07-14,良,87,249,39,113,12,25,0.93,110
14,2015-07-15,良,98,319,57,143,10,33,0.97,78
15,2015-07-16,良,67,246,38,83,6,13,0.68,83
16,2015-07-17,优,49,124,24,50,6,13,0.54,59
17,2015-07-18,良,51,129,31,54,5,14,0.64,75
18,2015-07-19,良,82,312,57,87,4,18,0.76,62
19,2015-07-20,良,61,176,42,64,6,16,0.66,48
20,2015-07-21,良,91,322,67,95,6,15,0.69,79
21,2015-07-22,良,62,220,42,67,5,20,0.83,72
22,2015-07-23,良,78,308,55,92,5,23,0.83,76
23,2015-07-24,良,95,339,68,96,5,22,0.93,71
24,2015-07-25,良,83,300,58,100,6,23,0.96,87
25,2015-07-26,轻度污染,112,342,84,137,5,15,0.93,104
26,2015-07-27,轻度污染,128,355,95,165,6,17,1.03,106
27,2015-07-28,良,92,335,64,103,5,15,1.17,94
28,2015-07-29,轻度污染,110,352,80,131,5,15,0.89,74
29,2015-07-30,良,55,215,24,49,6,13,0.85,86
30,2015-07-31,良,56,236,23,49,7,15,0.95,93
0,2015-06-01,轻度污染,108,291,78,121,9,23,1.5,105
1,2015-06-02,良,75,264,45,80,10,24,1.6,92
2,2015-06-03,良,64,258,30,67,15,41,1.07,79
3,2015-06-04,良,73,274,50,87,24,51,1.53,58
4,2015-06-05,良,76,261,50,73,18,40,1.65,85
5,2015-06-06,良,82,250,56,93,19,31,1.69,115
6,2015-06-07,良,68,241,37,65,12,32,1.32,86
7,2015-06-08,良,60,233,28,51,14,40,1.37,82
8,2015-06-09,良,98,296,57,106,30,41,1.41,122
9,2015-06-10,良,100,295,72,109,17,36,2.34,83
10,2015-06-11,良,59,179,29,44,9,28,1.12,79
11,2015-06-12,优,50,104,19,41,10,36,0.95,66
12,2015-06-13,良,62,214,31,59,16,41,1.79,76
13,2015-06-14,良,72,240,38,59,11,34,1.67,96
14,2015-06-15,良,95,296,65,92,23,39,1.88,111
15,2015-06-16,轻度污染,113,324,76,121,23,41,1.29,126
16,2015-06-17,轻度污染,145,339,106,183,22,43,1.69,117
17,2015-06-18,良,89,315,51,91,22,28,1.87,91
18,2015-06-19,良,67,230,38,79,18,37,1.45,57
19,2015-06-20,良,72,273,45,62,11,33,1.16,69
20,2015-06-21,良,98,328,57,93,23,38,1.23,112
21,2015-06-22,轻度污染,126,344,93,154,19,41,1.45,131
22,2015-06-23,中度污染,175,361,132,180,14,37,1.46,140
23,2015-06-24,轻度污染,121,356,91,120,14,28,1.13,111
24,2015-06-25,轻度污染,128,361,95,126,14,35,1.15,102
25,2015-06-26,轻度污染,105,343,78,96,9,33,1.22,61
26,2015-06-27,良,71,280,50,72,5,18,0.63,49
27,2015-06-28,轻度污染,113,339,84,107,4,17,0.79,65
28,2015-06-29,良,88,331,64,81,4,16,0.76,41
29,2015-06-30,优,35,59,20,32,5,16,0.63,31
0,2015-05-01,良,100,296,70,107,13,20,0.66,86
1,2015-05-02,良,67,239,47,58,5,14,0.73,72
2,2015-05-03,良,87,281,55,88,5,19,0.54,57
3,2015-05-04,良,53,94,20,59,3,11,0.42,75
4,2015-05-05,良,93,283,59,121,11,22,0.71,67
5,2015-05-06,轻度污染,102,279,44,151,8,19,0.62,51
6,2015-05-07,良,76,161,44,95,6,21,0.77,65
7,2015-05-08,轻度污染,111,344,83,111,15,18,0.77,88
8,2015-05-09,优,32,22,18,28,6,12,0.49,52
9,2015-05-10,优,45,57,25,40,6,22,0.64,40
10,2015-05-11,良,60,237,41,37,5,19,0.92,34
11,2015-05-12,优,50,101,26,51,7,19,0.61,66
12,2015-05-13,良,81,244,49,107,16,24,0.72,71
13,2015-05-14,良,72,177,28,91,4,16,0.46,74
14,2015-05-15,良,69,231,43,86,11,33,0.84,49
15,2015-05-16,良,83,260,51,99,12,22,0.72,85
16,2015-05-17,轻度污染,102,286,70,128,10,12,0.71,97
17,2015-05-18,良,65,140,37,71,4,17,0.55,60
18,2015-05-19,良,62,164,21,73,3,14,0.44,66
19,2015-05-20,优,48,100,21,45,8,31,0.74,64
20,2015-05-21,良,68,214,39,76,28,39,1.2,80
21,2015-05-22,良,86,273,54,85,32,43,1.43,100
22,2015-05-23,轻度污染,122,329,81,115,30,49,1.6,128
23,2015-05-24,轻度污染,119,310,73,107,33,41,1.81,137
24,2015-05-25,轻度污染,121,295,72,114,27,38,1.56,142
25,2015-05-26,轻度污染,115,279,74,115,23,35,1.6,146
26,2015-05-27,轻度污染,127,301,84,123,26,35,1.68,148
27,2015-05-28,轻度污染,109,296,67,106,24,42,1.54,117
28,2015-05-29,良,83,295,60,86,10,48,1.8,42
29,2015-05-30,良,84,309,56,80,14,47,1.73,53
30,2015-05-31,良,92,268,64,117,21,28,1.55,103
0,2015-04-01,良,69,210,46,74,16,32,1.1,21
1,2015-04-02,良,69,249,48,56,5,26,0.96,24
2,2015-04-03,良,61,147,42,56,10,27,0.83,33
3,2015-04-04,良,93,285,68,85,20,42,1.25,56
4,2015-04-05,良,89,261,58,80,15,33,0.97,57
5,2015-04-06,优,42,87,24,43,11,19,0.79,60
6,2015-04-07,良,65,265,45,71,18,32,0.97,52
7,2015-04-08,良,92,314,67,89,24,38,0.96,47
8,2015-04-09,轻度污染,103,322,76,94,20,38,0.98,50
9,2015-04-10,轻度污染,139,342,105,120,22,43,1.16,57
10,2015-04-11,轻度污染,144,351,109,115,24,36,1.3,51
11,2015-04-12,优,45,35,27,38,8,17,0.84,60
12,2015-04-13,良,61,146,42,61,8,29,0.93,78
13,2015-04-14,轻度污染,140,354,105,134,27,50,1.5,62
14,2015-04-15,中度污染,151,326,90,188,18,28,0.87,35
15,2015-04-16,轻度污染,104,228,28,139,3,10,0.46,45
16,2015-04-17,轻度污染,104,227,54,157,14,26,0.7,32
17,2015-04-18,轻度污染,122,316,81,192,18,45,1.01,16
18,2015-04-19,良,80,275,44,107,12,28,0.89,18
19,2015-04-20,良,98,338,67,126,12,26,0.86,29
20,2015-04-21,良,97,321,63,126,13,19,0.71,36
21,2015-04-22,良,80,249,54,87,10,31,0.8,30
22,2015-04-23,轻度污染,104,304,70,136,16,25,0.81,38
23,2015-04-24,良,99,283,50,146,9,29,0.6,27
24,2015-04-25,轻度污染,115,291,77,169,20,30,0.87,45
25,2015-04-26,良,86,193,59,106,12,15,0.72,62
26,2015-04-27,轻度污染,106,303,78,129,20,21,0.85,93
27,2015-04-28,良,77,206,54,80,10,23,0.74,74
28,2015-04-29,轻度污染,103,294,76,103,10,30,0.8,58
29,2015-04-30,轻度污染,147,335,111,144,16,28,0.85,103
0,2015-03-01,轻度污染,114,330,67,167,44,40,1.59,37
1,2015-03-02,轻度污染,109,301,75,156,58,59,1.81,28
2,2015-03-03,良,68,145,19,89,18,19,0.91,51
3,2015-03-04,良,54,149,22,61,35,35,1.01,38
4,2015-03-05,良,76,257,51,96,62,49,1.34,33
5,2015-03-06,轻度污染,134,336,101,182,61,51,1.56,36
6,2015-03-07,中度污染,152,342,114,187,56,67,1.77,31
7,2015-03-08,中度污染,159,342,121,184,53,66,1.99,18
8,2015-03-09,良,54,108,19,58,17,27,0.91,46
9,2015-03-10,良,72,230,42,90,50,54,1.41,32
10,2015-03-11,良,87,263,53,118,42,46,1.58,36
11,2015-03-12,轻度污染,113,290,82,147,77,75,2.39,31
12,2015-03-13,良,88,208,59,107,56,63,2.18,32
13,2015-03-14,良,91,178,62,128,60,75,1.66,28
14,2015-03-15,轻度污染,146,304,86,231,54,73,2.35,28
15,2015-03-16,重度污染,210,343,155,263,43,66,1.92,31
16,2015-03-17,轻度污染,143,323,98,170,22,45,1.28,43
17,2015-03-18,良,85,262,55,117,34,80,1.53,27
18,2015-03-19,中度污染,180,351,121,279,48,99,2.35,27
19,2015-03-20,中度污染,181,335,102,282,29,76,1.96,35
20,2015-03-21,轻度污染,115,291,41,178,12,38,0.9,36
21,2015-03-22,轻度污染,117,285,32,171,12,32,0.91,31
22,2015-03-23,良,77,230,43,100,22,48,1.14,28
23,2015-03-24,轻度污染,101,306,71,136,33,65,1.59,23
24,2015-03-25,轻度污染,107,319,78,131,27,62,1.35,38
25,2015-03-26,良,96,281,67,114,22,38,0.79,39
26,2015-03-27,良,86,227,59,108,16,24,0.59,34
27,2015-03-28,严重污染,281,361,86,402,10,22,0.6,25
28,2015-03-29,重度污染,226,340,95,363,14,35,0.99,27
29,2015-03-30,中度污染,153,324,85,244,23,29,0.97,47
30,2015-03-31,良,91,251,67,89,9,23,0.99,26
0,2015-02-01,中度污染,176,350,134,205,105,89,2.74,10
1,2015-02-02,中度污染,166,315,126,180,126,98,2.11,9
2,2015-02-03,中度污染,196,310,149,206,107,86,2.37,17
3,2015-02-04,优,47,48,17,50,32,28,0.62,44
4,2015-02-05,优,46,35,26,53,36,41,0.82,38
5,2015-02-06,轻度污染,138,317,104,166,102,72,2.07,16
6,2015-02-07,轻度污染,104,209,58,130,49,49,1.33,28
7,2015-02-08,优,40,18,15,42,21,28,0.68,43
8,2015-02-09,轻度污染,115,299,84,149,91,68,1.99,19
9,2015-02-10,中度污染,166,332,126,203,89,81,2.18,15
10,2015-02-11,轻度污染,126,235,94,155,69,70,2.61,24
11,2015-02-12,良,64,77,39,72,42,48,1.39,32
12,2015-02-13,轻度污染,116,232,85,139,84,63,1.76,29
13,2015-02-14,重度污染,234,350,186,275,73,81,2.46,41
14,2015-02-15,中度污染,162,284,124,193,45,49,1.78,39
15,2015-02-16,中度污染,163,299,120,164,52,50,2.1,29
16,2015-02-17,良,68,100,42,85,31,33,1.26,39
17,2015-02-18,良,89,185,64,113,61,40,1.78,34
18,2015-02-19,轻度污染,117,203,82,133,83,36,1.52,39
19,2015-02-20,良,84,264,61,80,35,38,1.5,25
20,2015-02-21,中度污染,183,349,115,214,40,30,1.87,26
21,2015-02-22,重度污染,245,339,39,335,27,16,1.11,50
22,2015-02-23,良,98,265,43,144,53,35,1.67,32
23,2015-02-24,轻度污染,140,331,97,224,58,57,2.23,14
24,2015-02-25,轻度污染,123,305,86,173,59,41,3.01,30
25,2015-02-26,良,63,190,36,76,28,32,1.38,38
26,2015-02-27,优,47,160,21,51,32,33,1.17,33
27,2015-02-28,良,77,288,54,82,31,33,1.4,30
0,2015-01-01,良,88,228,61,104,66,55,1.37,18
1,2015-01-02,良,95,367,67,110,61,56,1.82,18
2,2015-01-03,重度污染,219,340,179,262,133,91,2.88,6
3,2015-01-04,严重污染,383,356,314,450,175,175,5.93,6
4,2015-01-05,中度污染,163,230,116,192,77,70,3.83,15
5,2015-01-06,良,53,88,29,66,39,40,1.16,33
6,2015-01-07,轻度污染,110,291,76,143,85,63,2.17,11
7,2015-01-08,中度污染,159,314,118,203,114,93,3.17,7
8,2015-01-09,中度污染,181,294,138,224,84,87,3.3,17
9,2015-01-10,重度污染,231,337,183,296,132,110,3.58,11
10,2015-01-11,良,88,136,59,101,59,59,1.66,16
11,2015-01-12,良,60,104,36,69,60,62,1.4,16
12,2015-01-13,中度污染,153,299,115,193,101,85,2.12,8
13,2015-01-14,严重污染,256,355,204,309,100,111,3.94,4
14,2015-01-15,严重污染,261,344,211,275,107,89,4.11,4
15,2015-01-16,轻度污染,138,239,99,146,56,54,2.11,24
16,2015-01-17,良,55,39,37,59,43,50,1.01,30
17,2015-01-18,轻度污染,137,288,92,175,75,56,1.52,28
18,2015-01-19,良,70,83,30,87,52,59,1.17,22
19,2015-01-20,轻度污染,124,273,87,173,80,75,2.48,7
20,2015-01-21,轻度污染,101,175,68,123,59,56,2.13,20
21,2015-01-22,轻度污染,117,227,88,133,67,63,1.91,17
22,2015-01-23,中度污染,194,334,150,241,89,86,2.6,9
23,2015-01-24,轻度污染,148,222,110,177,53,65,2.37,19
24,2015-01-25,轻度污染,105,133,77,115,66,52,2.05,18
25,2015-01-26,中度污染,191,272,146,201,53,58,2.54,15
26,2015-01-27,优,35,23,17,36,22,31,0.84,38
27,2015-01-28,良,87,305,62,109,82,69,1.9,9
28,2015-01-29,良,84,259,60,90,58,43,1.16,25
29,2015-01-30,优,41,48,18,44,28,33,0.63,35
30,2015-01-31,良,61,128,37,72,48,50,1.05,23
0,2014-12-01,良,85,131,21,105,33,27,1.06,38
1,2014-12-02,良,52,40,31,57,50,47,1.22,16
2,2014-12-03,良,66,78,22,80,30,30,0.76,41
3,2014-12-04,良,58,78,23,65,43,36,0.88,38
4,2014-12-05,优,48,39,23,49,33,34,0.86,40
5,2014-12-06,良,69,52,44,82,66,75,1.62,7
6,2014-12-07,良,98,109,72,93,61,58,2.29,11
7,2014-12-08,轻度污染,107,109,79,114,67,63,2.16,14
8,2014-12-09,重度污染,201,181,155,183,122,80,2.71,6
9,2014-12-10,中度污染,195,174,145,188,54,54,1.96,20
10,2014-12-11,优,50,24,34,49,43,43,1.08,30
11,2014-12-12,良,67,70,43,70,42,40,1.18,27
12,2014-12-13,轻度污染,106,148,79,116,70,64,1.77,12
13,2014-12-14,中度污染,185,175,141,175,102,74,2.49,11
14,2014-12-15,中度污染,186,166,134,205,70,60,2.8,23
15,2014-12-16,良,52,39,23,57,46,34,0.97,26
16,2014-12-17,轻度污染,102,164,74,126,71,66,1.78,12
17,2014-12-18,严重污染,257,185,206,290,120,105,3.12,9
18,2014-12-19,中度污染,166,174,127,170,67,60,2.36,25
19,2014-12-20,优,43,22,29,41,46,39,0.99,23
20,2014-12-21,良,55,34,33,62,46,37,0.98,28
21,2014-12-22,中度污染,171,184,130,202,117,79,2.6,9
22,2014-12-23,重度污染,237,182,187,247,124,97,2.69,6
23,2014-12-24,中度污染,158,138,123,153,65,71,2.38,19
24,2014-12-25,轻度污染,116,116,85,112,77,65,2.12,19
25,2014-12-26,中度污染,154,149,117,159,83,93,2.54,11
26,2014-12-27,严重污染,333,186,282,344,176,113,3.7,4
27,2014-12-28,严重污染,372,187,328,405,127,113,3.87,9
28,2014-12-29,严重污染,325,186,274,355,138,119,3.79,11
29,2014-12-30,中度污染,159,135,122,181,77,83,2.62,12
30,2014-12-31,轻度污染,102,368,19,152,22,17,0.78,43
0,2014-11-01,中度污染,157,164,117,149,14,67,1.67,16
1,2014-11-02,优,49,56,19,52,7,33,0.65,37
2,2014-11-03,良,93,169,65,103,33,60,1.19,23
3,2014-11-04,轻度污染,111,160,78,141,44,62,1.26,32
4,2014-11-05,轻度污染,109,124,77,124,35,58,1.24,33
5,2014-11-06,优,44,16,20,46,18,29,1.06,39
6,2014-11-07,良,59,55,36,64,24,48,1.21,16
7,2014-11-08,良,83,120,60,82,22,52,1.14,22
8,2014-11-09,中度污染,157,160,119,144,26,65,1.77,26
9,2014-11-10,重度污染,223,179,174,191,44,79,2.17,36
10,2014-11-11,轻度污染,134,126,95,133,16,47,1.24,27
11,2014-11-12,良,61,78,14,72,14,24,0.65,46
12,2014-11-13,良,68,84,41,82,38,56,1.22,23
13,2014-11-14,良,91,105,63,109,67,72,1.92,17
14,2014-11-15,轻度污染,106,115,79,126,90,80,1.91,13
15,2014-11-16,轻度污染,114,114,85,102,51,53,1.39,19
16,2014-11-17,优,49,14,29,56,39,50,0.95,27
17,2014-11-18,中度污染,177,179,133,181,104,82,2.4,15
18,2014-11-19,中度污染,188,175,142,177,103,84,2.01,18
19,2014-11-20,重度污染,238,175,189,244,84,91,2.61,13
20,2014-11-21,严重污染,423,183,386,486,99,173,5.3,9
21,2014-11-22,轻度污染,129,95,93,125,61,77,2.02,16
22,2014-11-23,中度污染,177,154,135,187,66,88,2.7,4
23,2014-11-24,中度污染,162,167,117,158,55,73,2.74,8
24,2014-11-25,良,99,138,72,120,51,73,1.49,12
25,2014-11-26,严重污染,309,187,261,314,93,87,2.89,11
26,2014-11-27,重度污染,240,182,198,258,67,69,3.05,13
27,2014-11-28,轻度污染,137,175,103,152,68,65,2.41,16
28,2014-11-29,重度污染,243,187,192,225,69,70,2.78,4
29,2014-11-30,重度污染,216,186,116,250,47,44,1.86,30
0,2014-10-01,轻度污染,103,176,73,103,35,48,0.86,25
1,2014-10-02,轻度污染,103,168,77,78,13,40,1.09,22
2,2014-10-03,良,89,141,64,73,14,32,1.27,39
3,2014-10-04,优,47,18,33,43,7,21,0.74,41
4,2014-10-05,良,52,27,31,48,6,26,1.02,27
5,2014-10-06,良,55,27,31,60,10,40,0.74,27
6,2014-10-07,轻度污染,135,167,101,165,27,57,1.27,45
7,2014-10-08,重度污染,209,177,163,222,29,63,1.23,49
8,2014-10-09,重度污染,222,177,172,221,29,69,1.41,45
9,2014-10-10,重度污染,230,177,180,228,26,63,1.62,51
10,2014-10-11,轻度污染,133,153,100,130,13,49,1.22,32
11,2014-10-12,优,41,28,16,42,5,24,0.49,25
12,2014-10-13,优,49,39,24,56,8,31,0.64,22
13,2014-10-14,轻度污染,112,153,83,131,26,54,0.91,24
14,2014-10-15,轻度污染,124,118,82,141,17,42,0.87,28
15,2014-10-16,良,71,55,34,91,14,45,0.77,19
16,2014-10-17,中度污染,160,176,117,231,28,76,1.26,21
17,2014-10-18,重度污染,208,176,161,256,27,77,1.35,32
18,2014-10-19,中度污染,185,177,140,194,21,55,1.26,27
19,2014-10-20,中度污染,168,170,125,154,11,38,1.19,17
20,2014-10-21,良,59,29,26,69,17,35,0.82,20
21,2014-10-22,良,74,59,42,95,17,53,0.79,9
22,2014-10-23,重度污染,203,179,161,231,19,64,1.18,6
23,2014-10-24,严重污染,283,185,232,292,12,58,1.32,12
24,2014-10-25,严重污染,262,184,211,267,8,70,1.87,4
25,2014-10-26,中度污染,166,178,121,189,9,42,1.65,19
26,2014-10-27,良,59,26,24,66,11,38,0.71,18
27,2014-10-28,良,64,55,36,75,12,54,0.84,14
28,2014-10-29,轻度污染,141,168,104,166,39,78,1.31,20
29,2014-10-30,中度污染,188,172,143,202,48,97,1.81,12
30,2014-10-31,中度污染,188,165,143,177,23,75,1.84,17
0,2014-09-01,良,92,171,66,84,11,29,1.33,45
1,2014-09-02,优,50,87,35,37,7,18,0.91,51
2,2014-09-03,优,33,23,14,32,8,22,0.73,44
3,2014-09-04,良,60,66,32,69,16,28,0.76,54
4,2014-09-05,良,83,110,59,94,21,27,1.0,74
5,2014-09-06,轻度污染,134,179,101,130,16,34,1.05,73
6,2014-09-07,中度污染,152,183,114,136,17,33,1.17,62
7,2014-09-08,良,72,101,43,70,9,23,0.75,47
8,2014-09-09,良,56,80,25,57,15,29,0.99,61
9,2014-09-10,良,62,78,30,72,11,39,0.88,64
10,2014-09-11,良,74,144,46,90,28,40,1.0,46
11,2014-09-12,良,72,162,51,73,13,36,0.96,35
12,2014-09-13,良,80,166,52,87,26,42,1.37,68
13,2014-09-14,良,97,178,70,110,23,58,1.63,23
14,2014-09-15,良,59,148,34,64,19,48,1.34,23
15,2014-09-16,良,93,187,66,111,35,54,1.44,33
16,2014-09-17,良,54,118,37,53,21,34,1.05,42
17,2014-09-18,良,93,178,64,96,30,57,2.04,54
18,2014-09-19,良,89,154,65,91,28,38,1.22,59
19,2014-09-20,轻度污染,120,176,90,127,33,47,1.7,41
20,2014-09-21,良,68,125,45,77,21,41,1.43,51
21,2014-09-22,良,84,149,58,96,27,48,1.49,60
22,2014-09-23,轻度污染,111,177,83,106,27,48,2.93,25
23,2014-09-24,良,57,94,39,59,31,40,2.05,24
24,2014-09-25,良,67,72,46,70,27,47,1.6,66
25,2014-09-26,轻度污染,140,175,105,152,42,48,1.95,67
26,2014-09-27,轻度污染,102,131,69,97,13,42,1.19,34
27,2014-09-28,良,66,100,36,80,13,50,0.74,23
28,2014-09-29,良,94,177,60,105,20,43,1.15,19
29,2014-09-30,优,45,55,19,47,18,35,0.93,21
0,2014-08-01,良,84,154,58,86,11,33,1.44,51
1,2014-08-02,良,68,128,45,75,15,32,1.13,55
2,2014-08-03,良,95,156,64,123,23,48,1.97,66
3,2014-08-04,良,86,130,63,84,12,38,2.52,40
4,2014-08-05,优,47,49,30,50,13,36,1.42,63
5,2014-08-06,良,87,172,58,102,25,56,1.9,67
6,2014-08-07,良,74,161,45,91,30,47,1.74,63
7,2014-08-09,良,71,139,43,88,14,35,1.14,86
8,2014-08-10,良,80,141,48,95,20,31,1.34,115
9,2014-08-11,良,87,126,50,103,22,44,1.4,75
10,2014-08-12,良,86,151,49,114,45,62,2.21,79
11,2014-08-13,优,48,64,25,48,10,31,1.17,69
12,2014-08-14,良,67,144,37,59,14,34,1.11,80
13,2014-08-15,良,85,147,48,95,27,44,1.4,89
14,2014-08-16,轻度污染,137,183,102,171,31,55,1.83,94
15,2014-08-17,良,68,113,41,78,15,28,1.3,90
16,2014-08-18,良,86,169,57,92,23,36,1.4,69
17,2014-08-19,良,100,172,67,104,28,39,1.72,88
18,2014-08-20,轻度污染,103,148,76,124,32,36,1.47,92
19,2014-08-21,轻度污染,140,172,99,157,24,35,1.62,93
20,2014-08-23,轻度污染,108,169,79,126,20,34,1.58,82
21,2014-08-24,良,57,94,32,60,10,29,1.46,79
22,2014-08-25,良,53,58,24,58,14,33,1.25,56
23,2014-08-26,良,86,129,51,104,17,49,0.93,64
24,2014-08-27,轻度污染,114,181,73,159,18,66,1.02,72
25,2014-08-28,轻度污染,115,183,81,139,20,44,1.01,54
26,2014-08-29,良,89,158,66,84,9,23,0.89,68
27,2014-08-30,轻度污染,102,170,76,99,14,29,0.86,57
28,2014-08-31,良,62,123,44,57,6,25,1.18,53
0,2014-07-01,轻度污染,111,150,79,140,37,44,1.44,121
1,2014-07-02,良,91,166,58,82,10,29,1.25,102
2,2014-07-03,中度污染,153,182,115,138,30,41,1.58,93
3,2014-07-04,中度污染,175,187,135,158,6,55,1.75,77
4,2014-07-05,轻度污染,135,184,102,136,10,58,1.94,84
5,2014-07-06,轻度污染,124,171,87,110,18,33,1.2,115
6,2014-07-07,良,98,157,63,100,40,40,1.21,118
7,2014-07-08,中度污染,164,183,114,156,21,40,1.47,119
8,2014-07-09,良,73,116,33,93,17,62,1.27,55
9,2014-07-10,良,84,129,31,84,24,35,1.46,103
10,2014-07-11,轻度污染,122,143,74,114,22,30,1.55,135
11,2014-07-12,轻度污染,139,175,91,140,33,38,2.55,139
12,2014-07-13,轻度污染,120,181,70,103,25,41,1.55,115
13,2014-07-14,轻度污染,117,165,61,132,39,58,1.44,112
14,2014-07-15,良,96,163,40,72,20,21,0.98,159
15,2014-07-16,轻度污染,119,181,83,111,25,37,1.3,109
16,2014-07-17,良,82,145,52,77,12,32,1.34,120
17,2014-07-18,轻度污染,127,179,89,120,8,34,1.22,100
18,2014-07-19,轻度污染,113,175,82,114,10,29,1.14,109
19,2014-07-20,良,78,127,51,86,14,24,0.97,95
20,2014-07-21,良,93,170,63,97,10,30,1.15,84
21,2014-07-22,良,63,100,30,75,18,53,1.37,35
22,2014-07-23,良,59,103,26,65,23,43,1.54,68
23,2014-07-24,良,80,146,54,98,22,51,1.82,51
24,2014-07-25,良,96,169,63,116,31,44,2.28,90
25,2014-07-26,轻度污染,107,128,68,111,29,34,1.37,127
26,2014-07-27,轻度污染,130,160,97,138,29,33,1.44,128
27,2014-07-28,中度污染,154,182,114,149,23,30,1.44,130
28,2014-07-29,中度污染,166,188,125,178,33,34,1.88,131
29,2014-07-30,轻度污染,117,182,88,123,13,31,1.83,74
30,2014-07-31,轻度污染,116,173,86,111,20,34,1.62,66
0,2014-06-01,良,96,146,63,113,15,25,1.5,105
1,2014-06-02,良,53,61,29,54,10,21,1.09,95
2,2014-06-03,良,76,136,50,82,20,37,1.39,91
3,2014-06-04,良,98,159,68,108,34,53,1.79,77
4,2014-06-05,良,73,86,42,79,19,34,1.34,95
5,2014-06-06,轻度污染,103,129,71,117,33,40,1.44,72
6,2014-06-07,优,36,18,17,26,6,28,0.84,61
7,2014-06-08,良,91,116,58,96,29,44,1.17,91
8,2014-06-09,良,79,123,48,77,19,40,1.28,92
9,2014-06-10,良,81,127,58,83,16,37,1.45,64
10,2014-06-11,轻度污染,106,163,75,89,16,37,1.49,78
11,2014-06-12,轻度污染,110,146,70,100,25,45,1.79,116
12,2014-06-13,良,71,64,38,82,23,48,1.64,74
13,2014-06-14,良,82,69,37,73,18,43,1.3,109
14,2014-06-15,轻度污染,103,104,71,130,24,42,1.44,112
15,2014-06-16,轻度污染,143,157,107,136,14,25,1.45,127
16,2014-06-17,轻度污染,123,162,92,123,20,35,1.68,113
17,2014-06-18,轻度污染,132,179,100,130,18,47,1.9,81
18,2014-06-19,轻度污染,108,159,76,101,21,47,1.56,63
19,2014-06-20,良,53,83,30,50,12,35,1.22,71
20,2014-06-21,良,66,124,42,64,14,30,1.0,79
21,2014-06-22,良,74,128,45,72,11,38,1.03,87
22,2014-06-23,良,75,119,37,60,18,39,1.24,95
23,2014-06-24,良,98,137,52,93,30,44,1.45,110
24,2014-06-25,轻度污染,105,166,72,109,29,53,1.38,69
25,2014-06-26,轻度污染,137,181,99,126,17,40,1.55,107
26,2014-06-27,良,63,104,27,63,10,39,0.93,81
27,2014-06-28,良,78,122,38,85,27,55,1.27,78
28,2014-06-29,轻度污染,109,149,53,141,30,66,1.55,95
29,2014-06-30,轻度污染,105,146,53,114,36,49,1.43,109
0,2014-05-01,轻度污染,115,125,79,158,45,40,1.3,112
1,2014-05-02,良,57,28,28,65,5,21,0.74,65
2,2014-05-03,良,97,143,40,143,19,36,0.95,60
3,2014-05-04,良,72,104,28,93,4,19,0.73,60
4,2014-05-05,良,60,72,34,72,20,42,1.06,49
5,2014-05-06,良,99,154,71,139,51,58,1.45,62
6,2014-05-07,轻度污染,101,150,74,114,22,43,1.57,75
7,2014-05-08,良,82,78,60,87,25,52,1.55,72
8,2014-05-09,良,78,100,52,102,31,49,1.41,76
9,2014-05-10,良,63,115,39,73,18,44,1.05,70
10,2014-05-11,优,45,49,29,21,7,25,1.14,76
11,2014-05-12,良,68,78,45,71,21,37,1.32,66
12,2014-05-13,良,95,128,67,129,36,54,1.21,78
13,2014-05-14,良,65,65,30,80,10,33,0.71,53
14,2014-05-15,轻度污染,116,176,74,178,42,63,1.38,44
15,2014-05-16,轻度污染,112,143,76,167,42,61,1.85,63
16,2014-05-17,良,79,76,52,98,25,65,1.51,53
17,2014-05-18,良,94,125,66,127,55,57,1.34,90
18,2014-05-19,轻度污染,143,169,107,183,44,49,1.7,92
19,2014-05-20,中度污染,161,176,119,174,23,41,1.84,77
20,2014-05-21,中度污染,199,186,153,214,36,64,2.14,75
21,2014-05-22,中度污染,155,172,115,177,25,56,1.35,80
22,2014-05-23,轻度污染,136,181,98,168,39,53,1.42,103
23,2014-05-24,轻度污染,105,165,71,107,16,45,1.1,36
24,2014-05-25,中度污染,157,166,111,172,12,46,1.22,41
25,2014-05-26,良,85,75,47,114,32,52,1.21,60
26,2014-05-27,轻度污染,126,124,64,199,25,51,1.26,53
27,2014-05-28,良,83,81,46,111,24,59,1.13,59
28,2014-05-29,良,100,82,60,132,35,61,1.34,108
29,2014-05-30,轻度污染,132,119,95,196,49,66,2.15,143
30,2014-05-31,中度污染,159,163,120,212,34,72,2.2,88
0,2014-04-01,轻度污染,150,185,113,143,38,57,1.34,76
1,2014-04-02,轻度污染,141,179,99,170,36,54,1.12,61
2,2014-04-03,良,84,120,33,116,12,30,0.66,57
3,2014-04-04,良,96,131,46,139,32,41,0.94,58
4,2014-04-05,轻度污染,105,151,33,158,16,34,0.8,55
5,2014-04-06,轻度污染,116,176,67,179,40,44,1.13,64
6,2014-04-07,轻度污染,120,172,89,165,41,48,1.27,72
7,2014-04-08,中度污染,186,179,142,228,52,75,1.82,70
8,2014-04-09,中度污染,189,181,127,217,32,41,1.62,86
9,2014-04-10,中度污染,185,183,68,268,30,47,1.41,51
10,2014-04-11,良,96,124,71,123,56,87,2.15,23
11,2014-04-12,轻度污染,117,151,86,158,43,90,1.68,32
12,2014-04-13,中度污染,190,172,145,189,42,70,1.66,59
13,2014-04-14,轻度污染,150,163,110,163,29,36,1.14,97
14,2014-04-15,轻度污染,119,146,76,153,38,62,1.14,34
15,2014-04-16,轻度污染,116,172,71,180,51,77,1.7,38
16,2014-04-17,轻度污染,146,168,111,166,39,80,2.29,29
17,2014-04-18,轻度污染,119,158,89,116,32,54,1.46,44
18,2014-04-19,良,89,170,60,111,28,69,1.39,36
19,2014-04-20,轻度污染,107,166,78,127,21,67,1.5,44
20,2014-04-21,中度污染,155,176,116,176,29,57,1.4,59
21,2014-04-22,轻度污染,127,161,93,140,36,44,1.48,72
22,2014-04-23,轻度污染,139,166,104,150,28,32,1.14,72
23,2014-04-24,轻度污染,120,167,91,130,45,47,1.19,95
24,2014-04-25,轻度污染,104,153,74,140,45,56,1.23,75
25,2014-04-26,良,65,99,41,75,10,31,1.26,44
26,2014-04-27,良,100,156,73,113,30,50,2.27,40
27,2014-04-28,良,81,127,54,105,25,54,1.29,54
28,2014-04-29,良,97,136,69,132,36,60,1.33,72
29,2014-04-30,轻度污染,108,133,76,136,35,52,1.18,96
0,2014-03-01,良,92,139,64,112,70,65,1.76,34
1,2014-03-02,重度污染,206,176,159,238,119,106,3.08,14
2,2014-03-03,中度污染,183,173,141,199,86,75,2.54,12
3,2014-03-04,轻度污染,134,170,98,140,77,60,2.57,28
4,2014-03-05,良,81,111,58,88,63,52,1.67,37
5,2014-03-06,良,60,89,34,63,58,47,1.56,35
6,2014-03-07,良,83,131,59,102,108,62,1.91,26
7,2014-03-08,重度污染,225,182,180,256,108,89,2.91,25
8,2014-03-09,轻度污染,108,128,79,118,80,53,1.96,38
9,2014-03-10,轻度污染,124,125,92,151,111,82,2.52,21
10,2014-03-11,重度污染,241,186,192,245,100,91,2.54,40
11,2014-03-12,良,77,88,48,99,49,42,1.18,38
12,2014-03-13,良,92,139,66,107,83,64,1.66,23
13,2014-03-14,良,83,73,40,115,39,43,0.97,40
14,2014-03-15,中度污染,172,188,130,235,101,89,2.27,26
15,2014-03-16,中度污染,193,185,146,212,79,77,2.13,32
16,2014-03-17,重度污染,218,168,128,268,73,67,2.03,28
17,2014-03-18,轻度污染,133,93,65,193,52,56,1.41,43
18,2014-03-19,良,96,99,71,108,47,72,1.45,31
19,2014-03-20,良,60,44,37,65,27,44,1.02,42
20,2014-03-21,轻度污染,125,181,93,136,59,74,1.88,33
21,2014-03-22,轻度污染,139,178,91,182,46,59,1.4,43
22,2014-03-23,重度污染,205,185,157,230,78,88,2.45,48
23,2014-03-25,重度污染,238,181,187,251,74,91,1.9,49
24,2014-03-26,严重污染,251,179,201,253,59,81,1.99,52
25,2014-03-27,重度污染,217,173,168,242,48,86,2.37,30
26,2014-03-28,重度污染,235,184,185,272,52,106,3.17,11
27,2014-03-29,中度污染,171,163,129,158,35,60,2.73,40
28,2014-03-30,中度污染,157,178,114,166,30,65,1.8,49
29,2014-03-31,中度污染,184,187,141,218,47,76,1.71,52
0,2014-02-01,良,73,46,53,63,43,34,1.59,14
1,2014-02-02,轻度污染,108,70,68,124,53,32,1.69,31
2,2014-02-03,优,50,32,12,55,35,16,0.88,52
3,2014-02-04,优,43,41,19,46,61,24,1.07,45
4,2014-02-05,良,55,109,33,58,96,39,1.42,34
5,2014-02-06,良,63,126,43,67,85,44,1.67,30
6,2014-02-07,良,72,122,52,69,66,40,1.71,32
7,2014-02-08,良,85,129,62,89,85,46,2.17,29
8,2014-02-09,优,30,30,13,22,45,23,1.25,49
9,2014-02-10,良,53,89,34,54,104,48,1.8,29
10,2014-02-11,良,85,100,62,86,101,59,2.03,26
11,2014-02-12,中度污染,189,170,144,196,158,85,3.54,15
12,2014-02-13,轻度污染,126,133,95,124,82,55,2.08,42
13,2014-02-14,重度污染,217,168,178,236,202,80,2.65,22
14,2014-02-15,重度污染,246,167,195,246,116,68,2.41,31
15,2014-02-16,重度污染,209,165,168,230,98,71,3.06,22
16,2014-02-17,良,67,80,42,73,71,45,1.6,38
17,2014-02-18,良,60,77,39,69,72,53,1.59,29
18,2014-02-19,良,78,76,56,90,100,63,1.68,21
19,2014-02-20,轻度污染,114,111,86,109,94,63,1.47,24
20,2014-02-21,重度污染,246,176,195,290,207,122,3.37,10
21,2014-02-22,严重污染,251,176,201,264,118,96,2.91,15
22,2014-02-23,中度污染,191,138,145,171,67,65,1.92,15
23,2014-02-24,重度污染,235,154,186,259,184,97,3.03,9
24,2014-02-25,严重污染,289,173,239,328,208,124,4.1,10
25,2014-02-26,重度污染,249,175,202,276,109,93,2.96,26
26,2014-02-27,良,60,44,38,42,38,36,1.12,41
27,2014-02-28,良,58,72,28,66,66,53,1.02,29
0,2014-01-01,轻度污染,141,121,89,210,121,75,2.28,13
1,2014-01-02,轻度污染,142,92,112,220,139,96,3.03,7
2,2014-01-03,轻度污染,115,65,82,148,107,71,2.32,12
3,2014-01-04,良,69,25,50,73,121,64,1.36,12
4,2014-01-05,轻度污染,121,52,91,141,107,67,2.52,13
5,2014-01-06,轻度污染,139,71,105,142,86,69,2.22,10
6,2014-01-07,轻度污染,137,111,103,143,105,67,2.25,9
7,2014-01-08,良,55,44,33,59,60,44,1.2,23
8,2014-01-09,良,73,92,46,90,79,57,1.42,18
9,2014-01-10,中度污染,198,165,152,241,150,86,2.5,10
10,2014-01-11,严重污染,361,184,309,434,144,113,4.33,8
11,2014-01-12,轻度污染,124,117,88,142,76,57,1.78,24
12,2014-01-13,轻度污染,113,119,85,136,132,74,2.3,9
13,2014-01-14,轻度污染,150,124,113,193,137,86,3.26,7
14,2014-01-15,严重污染,324,177,269,387,164,110,4.49,8
15,2014-01-16,严重污染,286,164,235,309,108,86,3.92,6
16,2014-01-17,轻度污染,127,55,95,120,111,62,2.3,12
17,2014-01-18,重度污染,237,138,192,264,140,88,4.31,12
18,2014-01-19,重度污染,244,139,196,267,163,93,3.59,9
19,2014-01-20,良,65,22,17,80,41,27,1.17,42
20,2014-01-21,优,38,6,26,39,60,42,1.44,29
21,2014-01-22,轻度污染,137,152,103,177,147,79,2.33,12
22,2014-01-24,重度污染,244,169,195,300,175,114,4.68,7
23,2014-01-25,轻度污染,106,75,73,116,106,63,1.96,24
24,2014-01-26,良,56,28,34,63,70,55,1.48,22
25,2014-01-27,轻度污染,138,138,104,178,100,72,2.28,14
26,2014-01-28,良,82,86,47,103,69,48,1.56,27
27,2014-01-29,轻度污染,107,103,79,144,118,59,1.8,14
28,2014-01-30,中度污染,151,87,112,187,88,48,2.37,31
29,2014-01-31,中度污染,159,56,120,206,125,44,3.22,12
0,2013-12-01,良,99,52,105,172,118,77,2.0,12
1,2013-12-02,重度污染,206,90,222,356,190,115,3.23,10
2,2013-12-03,严重污染,283,94,175,271,142,111,3.23,15
3,2013-12-04,重度污染,207,72,224,359,196,129,3.84,10
4,2013-12-05,重度污染,219,74,91,176,99,68,2.21,10
5,2013-12-06,良,84,25,85,154,114,67,1.56,10
6,2013-12-07,重度污染,202,66,244,397,142,108,3.0,8
7,2013-12-08,严重污染,309,85,202,334,89,87,4.03,6
8,2013-12-09,中度污染,163,46,23,41,39,34,1.02,25
9,2013-12-10,良,94,38,75,172,89,56,1.93,20
10,2013-12-11,良,81,32,38,90,76,50,1.4,20
11,2013-12-12,良,95,42,42,112,63,41,1.31,27
12,2013-12-13,良,65,19,49,106,90,53,1.56,17
13,2013-12-14,良,96,33,77,152,113,67,2.24,18
14,2013-12-15,轻度污染,128,62,120,223,178,102,3.28,9
15,2013-12-16,重度污染,201,93,153,270,177,120,4.38,7
16,2013-12-17,轻度污染,148,82,93,131,122,57,3.03,6
17,2013-12-18,轻度污染,114,79,64,101,112,52,2.72,15
18,2013-12-19,良,98,53,75,124,119,62,2.41,15
19,2013-12-20,轻度污染,108,47,82,137,132,67,2.56,16
20,2013-12-21,良,98,40,86,144,136,72,2.15,12
21,2013-12-22,中度污染,193,83,189,268,184,88,3.09,10
22,2013-12-23,严重污染,261,95,268,414,261,129,5.57,8
23,2013-12-24,严重污染,292,85,173,250,164,94,4.3,11
24,2013-12-25,严重污染,277,79,330,476,218,112,4.31,10
25,2013-12-26,严重污染,264,80,16,31,46,33,1.13,31
26,2013-12-27,优,43,4,26,44,66,49,1.24,19
27,2013-12-28,良,61,11,40,71,74,53,1.38,21
28,2013-12-29,良,96,45,99,174,146,69,2.65,11
29,2013-12-30,轻度污染,129,74,98,194,141,77,3.01,14
30,2013-12-31,轻度污染,133,112,91,241,117,71,2.55,16
0,2013-11-01,中度污染,189,96,145,207,55,89,2.27,14
1,2013-11-02,严重污染,260,105,210,253,62,69,2.59,10
2,2013-11-03,轻度污染,131,71,95,126,23,47,1.9,19
3,2013-11-04,良,82,44,56,102,33,65,1.41,17
4,2013-11-05,轻度污染,131,90,98,163,85,75,1.88,19
5,2013-11-06,重度污染,233,111,135,215,59,70,1.94,22
6,2013-11-07,轻度污染,105,61,28,71,31,41,0.45,24
7,2013-11-08,良,90,40,95,188,147,85,1.72,16
8,2013-11-09,中度污染,190,98,161,261,84,89,2.61,7
9,2013-11-10,轻度污染,112,77,24,61,29,33,0.59,37
10,2013-11-11,良,71,78,51,103,60,55,1.14,17
11,2013-11-12,良,85,78,68,127,79,64,1.72,19
12,2013-11-13,轻度污染,111,79,111,176,130,82,2.28,10
13,2013-11-14,中度污染,166,89,113,198,81,72,1.72,19
14,2013-11-15,轻度污染,141,69,125,290,108,73,2.09,14
15,2013-11-16,中度污染,165,81,69,188,54,38,1.1,24
16,2013-11-17,良,71,23,22,54,37,30,0.87,23
17,2013-11-18,优,47,13,17,40,28,28,0.76,24
18,2013-11-19,优,43,7,26,71,39,32,0.95,25
19,2013-11-20,轻度污染,113,48,128,222,118,81,2.41,13
20,2013-11-21,重度污染,212,98,190,288,154,101,3.22,14
21,2013-11-22,严重污染,268,98,232,341,194,99,3.21,16
22,2013-11-23,严重污染,313,99,318,463,149,100,3.68,10
23,2013-11-24,严重污染,325,107,192,272,96,68,2.93,12
24,2013-11-25,轻度污染,101,79,33,49,46,34,1.1,20
25,2013-11-26,良,68,31,38,110,48,34,1.23,25
26,2013-11-27,良,77,44,29,59,30,21,0.93,37
27,2013-11-28,良,79,85,46,68,64,42,1.24,24
28,2013-11-29,轻度污染,104,100,104,192,130,76,2.6,15
29,2013-11-30,轻度污染,127,100,77,142,107,64,1.84,13
0,2013-10-28,严重污染,253,97,203,311,76,89,2.29,26
1,2013-10-29,中度污染,159,74,119,187,41,56,3.07,21
2,2013-10-30,轻度污染,111,69,83,119,33,61,1.61,30
3,2013-10-31,中度污染,151,89,115,173,76,77,1.66,21
