0,2019-12-01,良,91,320,67,80,6,42,0.95,23
1,2019-12-02,良,86,307,61,92,10,63,1.2,20
2,2019-12-03,良,82,282,60,101,10,89,1.24,17
3,2019-12-04,良,87,288,63,106,11,93,1.32,25
4,2019-12-05,良,65,204,42,78,11,66,0.83,35
5,2019-12-06,轻度污染,130,346,99,114,16,70,1.09,37
6,2019-12-07,良,98,253,73,107,15,79,1.15,26
7,2019-12-08,良,96,223,71,110,15,87,1.08,29
8,2019-12-09,良,85,171,62,104,13,94,1.04,24
9,2019-12-10,轻度污染,104,228,78,134,14,109,1.45,14
0,2019-11-01,良,86,239,53,122,11,93,1.15,47
1,2019-11-02,良,91,271,61,127,12,89,1.1,53
2,2019-11-03,良,97,333,69,121,10,38,0.96,105
3,2019-11-04,轻度污染,103,337,77,117,7,30,1.04,73
4,2019-11-05,良,85,282,62,99,11,53,1.17,68
5,2019-11-06,良,69,206,46,88,10,57,0.98,64
6,2019-11-07,良,67,217,43,79,8,41,0.85,88
7,2019-11-08,良,74,257,53,84,14,67,1.31,77
8,2019-11-09,良,87,247,62,108,12,83,1.09,54
9,2019-11-10,良,82,242,59,101,10,76,0.94,54
10,2019-11-11,良,77,227,52,98,13,80,1.0,45
11,2019-11-12,良,66,190,45,78,11,51,0.91,61
12,2019-11-13,良,54,172,27,58,7,43,0.72,37
13,2019-11-14,良,51,144,20,54,8,58,0.63,27
14,2019-11-15,良,60,144,31,71,14,73,0.86,32
15,2019-11-16,良,83,254,55,116,20,100,1.32,23
16,2019-11-17,轻度污染,113,282,83,118,8,52,1.13,33
17,2019-11-18,良,55,145,14,67,6,26,0.47,47
18,2019-11-19,良,72,218,30,94,10,53,0.73,23
19,2019-11-20,良,68,195,34,87,13,63,0.77,26
20,2019-11-21,良,79,271,52,109,17,81,1.03,15
21,2019-11-22,良,93,300,62,133,17,91,1.25,25
22,2019-11-23,良,83,249,54,116,17,96,1.28,16
23,2019-11-24,轻度污染,119,332,89,137,11,51,1.15,36
24,2019-11-25,优,26,62,13,26,6,20,0.56,38
25,2019-11-26,优,36,91,25,30,6,31,0.78,15
26,2019-11-27,优,25,37,17,19,5,25,0.68,23
27,2019-11-28,良,90,336,66,89,10,39,1.1,24
28,2019-11-29,良,55,197,31,58,9,43,0.81,26
29,2019-11-30,良,62,213,44,55,6,39,0.72,17
0,2019-10-01,良,69,256,34,62,15,44,0.9,124
1,2019-10-02,良,58,194,34,56,11,36,0.88,102
2,2019-10-03,良,73,284,44,70,13,50,1.07,98
3,2019-10-04,良,85,350,51,87,14,49,1.11,118
4,2019-10-05,优,50,291,32,54,6,18,0.84,60
5,2019-10-06,优,24,56,15,22,7,22,0.73,24
6,2019-10-07,优,19,23,7,15,5,19,0.6,53
7,2019-10-08,优,22,34,11,19,6,21,0.73,61
8,2019-10-09,优,36,104,22,35,9,37,0.88,56
9,2019-10-10,良,60,268,40,67,8,45,1.07,42
10,2019-10-11,优,32,68,20,29,6,30,0.9,44
11,2019-10-12,优,49,178,34,44,6,23,1.0,57
12,2019-10-13,优,38,104,26,35,6,26,0.95,43
13,2019-10-14,良,54,292,30,58,7,23,0.85,73
14,2019-10-15,优,45,247,22,46,6,23,0.67,73
15,2019-10-16,优,33,85,19,31,6,26,0.68,56
16,2019-10-17,优,45,140,28,43,6,26,0.62,66
17,2019-10-18,优,48,144,28,45,6,43,0.88,80
18,2019-10-19,良,55,141,35,53,8,60,1.02,65
19,2019-10-20,良,65,171,45,66,10,71,1.08,62
20,2019-10-21,良,69,213,46,73,10,76,1.12,67
21,2019-10-22,良,60,172,43,65,9,44,0.93,71
22,2019-10-23,优,45,124,29,45,8,41,1.0,59
23,2019-10-24,优,50,156,31,51,8,52,0.94,66
24,2019-10-25,优,43,171,22,44,6,24,0.59,48
25,2019-10-26,优,47,190,20,48,7,33,0.53,32
26,2019-10-27,优,49,149,30,49,8,40,0.61,31
27,2019-10-28,优,49,146,31,50,8,42,0.69,43
28,2019-10-29,良,73,230,40,95,8,60,0.87,38
29,2019-10-30,良,95,233,51,139,12,78,1.11,42
30,2019-10-31,良,94,255,59,138,12,91,1.37,43
31,2019-10-31,良,94,255,59,138,12,91,1.37,43
0,2019-09-01,优,48,266,31,48,7,44,0.95,63
1,2019-09-02,良,55,308,35,54,10,38,1.12,88
2,2019-09-03,优,42,196,22,38,9,25,0.92,85
3,2019-09-04,优,48,231,25,45,9,27,0.95,96
4,2019-09-05,良,57,277,28,52,12,37,1.18,102
5,2019-09-06,优,49,220,24,47,9,29,0.94,102
6,2019-09-07,良,57,233,26,51,9,34,0.9,119
7,2019-09-08,良,77,278,38,76,13,55,1.15,108
8,2019-09-09,良,81,322,44,78,14,41,1.23,143
9,2019-09-10,良,76,338,43,75,13,30,1.16,146
10,2019-09-11,良,76,354,38,65,13,35,0.99,140
11,2019-09-12,良,83,358,46,80,12,36,1.05,147
12,2019-09-13,良,77,362,44,77,12,22,1.02,150
13,2019-09-14,优,48,273,25,48,9,15,0.9,106
14,2019-09-15,良,54,308,35,57,9,21,1.0,94
15,2019-09-16,优,49,267,29,49,8,20,0.75,67
16,2019-09-17,优,46,187,26,47,8,22,0.83,71
17,2019-09-18,优,48,226,32,48,7,24,0.85,64
18,2019-09-19,良,64,330,35,71,11,34,0.99,105
19,2019-09-20,优,43,159,14,43,9,27,0.62,97
20,2019-09-21,优,45,181,19,44,9,28,0.66,109
21,2019-09-22,良,51,222,24,53,10,28,0.68,118
22,2019-09-23,良,51,168,23,54,11,37,0.71,109
23,2019-09-24,良,59,199,27,60,14,58,0.82,89
24,2019-09-25,良,68,235,38,84,18,85,1.02,68
25,2019-09-26,良,76,302,47,96,15,86,1.1,76
26,2019-09-27,良,66,238,38,76,16,64,0.93,82
27,2019-09-28,良,73,233,43,75,14,65,1.0,97
28,2019-09-29,良,84,285,49,91,13,81,1.08,93
29,2019-09-30,良,75,251,43,80,16,67,1.07,101
0,2019-08-06,良,64,338,26,49,5,29,0.93,91
1,2019-08-07,良,57,279,25,47,6,29,1.03,79
2,2019-08-08,良,52,239,23,37,4,21,0.83,90
3,2019-08-09,良,57,287,29,47,4,22,0.8,95
4,2019-08-10,优,31,107,14,28,4,13,0.65,57
5,2019-08-11,优,42,202,19,27,4,14,0.73,84
6,2019-08-21,良,75,360,44,91,7,48,1.06,96
7,2019-08-22,良,67,313,47,69,7,22,1.12,118
8,2019-08-23,良,76,349,50,78,9,27,1.27,130
9,2019-08-24,良,76,336,45,74,12,31,1.33,142
10,2019-08-25,良,67,318,35,61,11,27,1.28,143
11,2019-08-26,优,47,228,27,47,7,20,1.03,85
12,2019-08-27,优,42,241,20,40,6,25,0.92,62
13,2019-08-28,优,26,67,14,22,5,18,0.91,62
0,2019-07-01,良,67,284,23,55,5,34,0.86,97
1,2019-07-02,良,97,334,37,67,7,40,1.03,136
2,2019-07-03,良,88,310,38,73,8,40,0.98,107
3,2019-07-04,良,59,227,35,66,6,36,0.95,69
4,2019-07-05,良,61,219,37,64,4,28,0.85,75
5,2019-07-06,优,45,159,24,41,4,23,0.81,71
6,2019-07-07,良,75,346,27,60,6,31,0.89,108
7,2019-07-12,优,37,168,22,38,6,31,1.08,60
8,2019-07-13,优,31,115,15,27,5,24,0.76,86
9,2019-07-14,优,50,243,30,49,5,32,0.89,91
10,2019-07-15,优,49,236,25,47,7,30,0.99,94
11,2019-07-16,优,43,207,19,39,6,30,0.95,83
12,2019-07-17,良,52,283,28,56,5,38,1.0,53
13,2019-07-18,优,33,152,20,32,4,26,1.0,56
14,2019-07-19,优,35,161,20,32,4,19,0.7,78
15,2019-07-20,良,59,320,25,48,5,34,0.8,109
16,2019-07-21,良,57,272,33,62,5,38,0.85,89
17,2019-07-22,良,51,253,29,56,4,27,0.83,74
18,2019-07-23,优,39,197,17,38,4,22,0.71,57
19,2019-07-24,优,36,171,16,35,4,22,0.72,77
20,2019-07-25,优,40,203,19,39,4,27,0.64,58
21,2019-07-26,优,40,189,18,39,5,23,0.63,78
0,2019-06-01,良,76,275,41,72,5,47,0.91,90
1,2019-06-02,良,61,173,27,47,4,29,0.68,92
2,2019-06-03,良,68,229,31,67,4,45,0.76,83
3,2019-06-04,良,77,247,36,70,6,28,0.78,121
4,2019-06-05,良,61,235,33,62,5,25,0.83,88
5,2019-06-06,良,56,243,10,20,3,13,0.72,105
6,2019-06-07,良,70,291,21,37,6,26,1.02,118
7,2019-06-08,良,63,253,28,47,5,25,0.98,97
8,2019-06-09,良,69,279,39,65,3,35,1.05,88
9,2019-06-10,良,79,315,42,78,3,32,0.95,99
10,2019-06-11,良,66,275,34,68,6,38,0.96,91
11,2019-06-14,良,63,299,31,60,7,45,0.92,153
12,2019-06-15,良,76,324,36,75,10,47,0.96,116
13,2019-06-17,优,28,69,17,24,4,26,0.9,63
14,2019-06-18,优,26,89,15,21,4,24,0.98,56
15,2019-06-19,优,36,178,22,36,5,30,1.22,51
16,2019-06-20,优,37,224,20,36,5,23,1.04,61
17,2019-06-25,良,85,315,37,68,7,41,0.88,114
18,2019-06-26,良,85,319,45,79,8,41,1.05,112
19,2019-06-27,良,83,314,45,78,7,47,1.02,101
20,2019-06-28,良,56,244,30,61,5,28,0.99,69
21,2019-06-29,优,39,126,13,20,4,20,0.88,72
22,2019-06-30,优,46,189,17,33,4,22,0.78,87
0,2019-05-01,良,68,241,28,71,6,32,0.8,84
1,2019-05-02,良,66,193,24,65,10,45,0.83,91
2,2019-05-03,良,93,341,44,99,11,60,0.97,97
3,2019-05-04,良,84,295,46,101,13,52,1.04,92
4,2019-05-05,良,70,218,37,88,14,63,1.01,54
5,2019-05-06,良,59,225,27,61,7,30,0.75,88
6,2019-05-07,良,54,187,20,55,9,37,0.73,75
7,2019-05-08,良,65,250,25,59,8,40,0.67,89
8,2019-05-09,良,68,223,32,65,10,43,0.67,102
9,2019-05-10,良,79,254,38,72,10,55,0.79,88
10,2019-05-11,良,96,307,44,100,9,74,1.05,90
11,2019-05-12,良,92,249,64,122,10,75,1.19,65
12,2019-05-13,轻度污染,116,298,57,170,7,34,0.82,68
13,2019-05-14,轻度污染,116,321,66,171,6,62,1.08,25
14,2019-05-15,优,42,82,28,38,4,32,1.06,19
15,2019-05-16,良,59,189,41,62,4,45,1.2,26
16,2019-05-17,良,56,195,37,59,4,46,1.33,51
17,2019-05-18,良,68,292,39,72,4,42,1.34,66
18,2019-05-19,优,42,80,23,42,4,23,0.73,61
19,2019-05-20,良,79,327,22,106,6,27,0.53,90
20,2019-05-21,良,77,279,43,102,7,55,0.73,51
21,2019-05-22,良,96,324,59,112,7,48,0.8,82
22,2019-05-23,轻度污染,103,309,49,112,8,66,0.92,96
23,2019-05-24,良,78,213,50,90,10,44,0.98,89
24,2019-05-25,良,51,117,32,52,3,36,0.92,43
25,2019-05-26,优,38,111,10,16,3,28,0.89,73
26,2019-05-27,良,66,311,19,72,4,30,0.75,85
27,2019-05-28,良,63,293,19,44,5,20,0.61,112
28,2019-05-29,良,51,166,23,44,7,31,0.74,94
29,2019-05-30,优,50,154,27,36,4,29,0.72,88
30,2019-05-31,良,69,292,41,59,5,38,0.9,86
0,2019-04-01,良,74,290,36,89,11,56,0.95,67
1,2019-04-02,良,55,163,33,57,8,53,1.08,52
2,2019-04-03,优,50,137,31,48,8,38,0.86,72
3,2019-04-04,良,70,221,48,85,9,61,1.02,55
4,2019-04-05,良,52,125,30,50,6,32,0.8,66
5,2019-04-06,良,68,198,37,73,9,53,0.94,65
6,2019-04-07,良,79,250,46,93,13,60,1.13,68
7,2019-04-08,良,73,230,41,86,12,47,1.08,78
8,2019-04-09,优,42,79,22,39,6,21,0.83,61
9,2019-04-10,优,42,90,26,33,5,18,0.67,66
10,2019-04-11,良,52,192,35,46,5,29,0.78,65
11,2019-04-12,良,56,178,26,52,8,38,0.91,69
12,2019-04-13,良,66,218,40,79,12,53,1.11,59
13,2019-04-14,良,65,256,34,78,7,41,0.86,67
14,2019-04-15,良,68,239,34,67,9,41,0.84,85
15,2019-04-16,良,52,113,28,48,6,28,0.75,77
16,2019-04-17,良,65,185,31,70,7,47,0.87,68
17,2019-04-18,良,71,208,38,87,14,51,1.23,64
18,2019-04-19,良,68,225,45,74,8,32,1.15,77
19,2019-04-20,良,82,316,50,91,10,29,1.21,115
20,2019-04-21,良,55,152,38,50,5,21,1.02,64
21,2019-04-22,良,78,273,57,73,5,34,1.56,30
22,2019-04-23,良,58,197,40,60,5,37,1.35,61
23,2019-04-24,良,88,290,57,93,9,61,1.77,87
24,2019-04-25,良,80,312,53,102,8,53,1.53,56
25,2019-04-26,良,51,165,25,54,7,26,1.0,42
26,2019-04-27,优,50,140,24,51,8,26,0.9,62
27,2019-04-28,优,36,48,20,34,4,21,0.83,46
28,2019-04-29,优,22,8,12,18,4,22,0.82,42
29,2019-04-30,良,57,201,38,57,5,37,0.93,65
0,2019-03-01,优,40,58,27,38,5,41,0.92,19
1,2019-03-02,良,61,165,43,48,4,30,0.9,40
2,2019-03-03,良,69,183,49,73,5,37,0.76,69
3,2019-03-04,良,72,184,50,81,10,53,1.13,48
4,2019-03-05,良,54,133,37,45,5,39,0.82,43
5,2019-03-06,良,59,179,41,61,8,50,0.88,56
6,2019-03-07,良,68,226,35,79,7,34,0.6,77
7,2019-03-08,良,82,296,59,91,11,49,0.9,58
8,2019-03-09,良,99,327,73,109,9,52,0.96,60
9,2019-03-10,良,97,289,72,118,10,65,0.87,70
10,2019-03-11,良,98,336,61,126,9,76,0.9,52
11,2019-03-12,良,84,301,44,115,9,74,0.75,51
12,2019-03-13,良,96,345,62,129,14,74,0.98,38
13,2019-03-14,良,72,283,47,75,6,37,0.74,64
14,2019-03-15,良,72,308,44,91,10,68,0.8,57
15,2019-03-16,良,81,327,48,109,13,71,0.97,40
16,2019-03-17,良,72,228,50,91,11,67,1.02,35
17,2019-03-18,良,70,215,48,73,7,38,0.86,62
18,2019-03-19,良,74,214,49,83,12,44,1.17,52
19,2019-03-20,良,60,169,38,65,8,38,1.0,58
20,2019-03-21,良,71,235,37,90,8,33,0.97,53
21,2019-03-22,优,44,148,22,44,5,26,0.67,45
22,2019-03-23,良,52,219,35,56,8,43,0.73,47
23,2019-03-24,良,76,255,54,93,11,56,0.91,32
24,2019-03-25,优,49,106,28,50,7,34,0.7,59
25,2019-03-26,良,72,235,43,91,12,57,1.08,35
26,2019-03-27,良,65,173,44,71,9,56,1.28,8
27,2019-03-28,良,76,257,54,77,7,56,1.94,12
28,2019-03-29,良,82,290,58,95,10,59,1.68,32
29,2019-03-30,良,90,310,59,121,8,44,1.13,57
30,2019-03-31,良,57,198,34,59,9,37,0.93,74
0,2019-02-01,轻度污染,106,325,79,82,6,33,1.24,62
1,2019-02-02,良,78,167,56,64,9,40,1.26,31
2,2019-02-03,良,95,218,71,103,9,27,1.07,47
3,2019-02-04,轻度污染,148,320,112,143,11,43,1.55,29
4,2019-02-05,轻度污染,145,240,109,136,9,31,1.26,37
5,2019-02-06,良,93,227,69,81,8,30,1.21,28
6,2019-02-07,轻度污染,142,348,106,120,4,15,1.09,30
7,2019-02-08,优,28,29,16,20,4,12,0.55,48
8,2019-02-09,优,47,161,32,33,4,13,0.65,40
9,2019-02-10,良,73,258,53,50,4,16,0.85,44
10,2019-02-11,良,97,283,72,74,4,26,0.92,36
11,2019-02-12,良,57,187,41,44,5,27,0.97,20
12,2019-02-13,良,81,269,59,54,4,25,0.89,23
13,2019-02-14,优,44,128,30,29,4,24,0.87,23
14,2019-02-15,良,60,206,42,39,4,27,1.06,21
15,2019-02-16,良,90,308,66,71,5,26,0.96,30
16,2019-02-17,良,99,333,74,83,6,29,0.79,47
17,2019-02-18,良,67,238,48,41,4,29,0.73,30
18,2019-02-19,良,88,240,65,68,5,31,0.94,30
19,2019-02-20,轻度污染,123,264,92,97,6,33,0.85,24
20,2019-02-21,轻度污染,107,241,80,76,4,32,0.9,37
21,2019-02-22,良,63,150,44,48,5,28,0.7,65
22,2019-02-23,良,73,175,53,66,7,52,0.96,26
23,2019-02-24,良,81,201,59,71,8,57,1.05,25
24,2019-02-25,良,100,239,74,101,11,77,1.28,19
25,2019-02-26,中度污染,155,320,118,140,13,64,1.52,26
26,2019-02-27,良,55,143,38,45,4,29,0.73,51
27,2019-02-28,优,50,99,35,44,5,42,0.78,29
0,2019-01-01,良,63,175,44,46,5,42,0.79,23
1,2019-01-02,良,80,178,58,70,6,55,1.0,10
2,2019-01-03,良,95,197,70,81,11,48,1.22,14
3,2019-01-04,轻度污染,122,271,91,91,5,44,1.18,19
4,2019-01-05,重度污染,209,337,162,125,6,44,1.4,27
5,2019-01-06,重度污染,213,333,167,139,9,53,1.83,16
6,2019-01-07,中度污染,154,288,117,107,6,42,1.39,26
7,2019-01-08,轻度污染,120,277,90,87,5,37,1.2,24
8,2019-01-09,良,55,162,39,40,5,42,1.53,12
9,2019-01-10,优,48,135,34,31,4,34,1.08,13
10,2019-01-11,良,93,208,69,55,4,40,1.16,13
11,2019-01-12,轻度污染,141,260,106,101,9,57,1.69,19
12,2019-01-13,轻度污染,145,258,110,120,13,66,2.0,15
13,2019-01-14,轻度污染,112,193,84,89,6,45,1.64,11
14,2019-01-15,轻度污染,147,307,111,122,5,41,1.65,19
15,2019-01-16,良,81,276,48,95,9,49,1.29,21
16,2019-01-17,轻度污染,127,345,96,144,9,67,1.71,13
17,2019-01-18,轻度污染,130,295,98,137,7,69,1.84,13
18,2019-01-19,轻度污染,125,271,94,112,6,56,1.5,10
19,2019-01-20,中度污染,184,350,140,143,9,46,1.53,37
20,2019-01-21,中度污染,187,361,143,161,14,69,1.6,26
21,2019-01-22,轻度污染,149,360,112,135,12,67,1.12,38
22,2019-01-23,轻度污染,105,249,78,114,12,81,1.17,31
23,2019-01-24,轻度污染,108,217,80,114,16,82,1.18,38
24,2019-01-25,中度污染,171,343,131,167,13,76,1.27,33
25,2019-01-26,中度污染,196,350,149,162,12,54,1.38,23
26,2019-01-27,良,93,235,69,94,14,59,0.92,24
27,2019-01-28,中度污染,176,344,133,122,7,50,1.1,20
28,2019-01-29,轻度污染,124,278,93,92,5,41,1.21,12
29,2019-01-30,良,63,130,45,49,4,34,1.12,9
30,2019-01-31,良,73,290,54,45,4,25,1.2,44
0,2018-12-01,重度污染,215,313,164,192,10,53,2.09,18
1,2018-12-02,轻度污染,150,271,113,126,6,46,1.8,4
2,2018-12-03,良,72,154,52,59,4,37,1.75,20
3,2018-12-04,良,88,260,52,117,4,28,1.15,25
4,2018-12-05,良,59,187,40,74,5,28,0.88,8
5,2018-12-06,优,19,20,13,14,4,20,0.64,25
6,2018-12-07,良,59,305,40,48,4,22,0.77,27
7,2018-12-08,优,34,117,20,32,5,21,0.52,33
8,2018-12-09,良,54,189,37,49,8,30,0.73,22
9,2018-12-10,良,80,251,58,56,5,31,0.79,13
10,2018-12-11,轻度污染,130,331,98,60,6,36,0.95,15
11,2018-12-12,中度污染,180,353,136,145,13,48,1.31,30
12,2018-12-13,轻度污染,140,325,106,137,13,75,1.32,20
13,2018-12-14,轻度污染,112,286,84,101,13,56,1.08,25
14,2018-12-15,轻度污染,140,316,106,113,10,54,1.05,17
15,2018-12-16,中度污染,174,346,132,135,9,51,1.13,30
16,2018-12-17,轻度污染,130,315,98,127,13,82,1.52,25
17,2018-12-18,轻度污染,117,289,88,126,15,84,1.63,15
18,2018-12-19,良,92,207,67,97,21,70,1.4,8
19,2018-12-20,良,60,91,42,46,5,52,0.94,13
20,2018-12-21,良,74,174,53,62,7,51,0.95,10
21,2018-12-28,良,57,258,40,47,5,22,0.76,30
22,2018-12-29,优,49,152,31,50,7,24,0.6,40
23,2018-12-30,优,47,109,32,36,4,26,0.62,33
24,2018-12-31,良,65,208,46,49,7,38,0.84,24
0,2018-11-01,良,81,283,53,96,15,61,0.97,70
1,2018-11-02,良,63,166,41,69,13,44,0.81,87
2,2018-11-03,良,60,175,42,63,13,44,0.79,66
3,2018-11-04,良,70,257,50,82,11,56,0.92,37
4,2018-11-05,良,85,338,61,80,6,33,1.07,45
5,2018-11-06,优,13,1,5,9,3,22,0.82,13
6,2018-11-07,优,20,22,13,13,3,20,0.71,22
7,2018-11-08,优,44,171,30,25,5,28,0.77,30
8,2018-11-09,优,50,159,33,49,9,50,1.04,23
9,2018-11-10,优,45,85,31,40,9,52,1.01,19
10,2018-11-11,优,48,95,34,36,4,28,0.64,57
11,2018-11-12,良,94,286,70,74,6,47,0.94,44
12,2018-11-13,良,80,250,58,69,8,48,1.12,33
13,2018-11-14,良,61,180,42,50,7,44,1.0,20
14,2018-11-15,良,64,234,45,51,4,32,0.83,32
15,2018-11-16,良,61,301,44,49,5,28,0.77,44
16,2018-11-17,良,53,250,37,39,4,29,0.81,12
17,2018-11-18,优,40,148,28,29,4,28,0.81,23
18,2018-11-19,良,73,258,52,59,8,52,1.23,19
19,2018-11-20,良,60,202,42,54,8,54,1.07,19
20,2018-11-21,良,96,309,71,75,7,41,1.03,42
21,2018-11-22,轻度污染,113,342,84,101,12,59,1.21,40
22,2018-11-23,良,88,270,64,89,8,61,1.0,41
23,2018-11-24,良,100,267,74,96,13,74,1.23,33
24,2018-11-25,中度污染,172,311,130,153,10,82,1.52,28
25,2018-11-26,轻度污染,135,240,102,137,8,83,1.73,31
26,2018-11-27,轻度污染,127,235,96,124,12,89,1.75,38
27,2018-11-28,轻度污染,138,256,104,182,13,89,1.56,29
28,2018-11-29,轻度污染,141,268,108,143,12,74,1.57,33
29,2018-11-30,严重污染,256,357,205,223,12,53,2.04,30
0,2018-10-01,优,48,177,15,46,9,27,0.62,77
1,2018-10-02,良,54,165,23,49,10,42,0.81,75
2,2018-10-03,良,62,169,31,55,13,50,0.87,83
3,2018-10-04,良,74,254,33,61,12,44,0.84,102
4,2018-10-05,良,74,247,37,60,12,37,0.81,118
5,2018-10-06,良,97,327,61,97,13,70,0.96,99
6,2018-10-07,轻度污染,103,326,66,112,16,77,1.15,100
7,2018-10-08,良,95,309,70,109,13,59,1.08,100
8,2018-10-09,良,89,332,66,82,8,40,0.98,68
9,2018-10-10,良,65,307,27,73,12,43,0.83,78
10,2018-10-11,良,57,233,26,58,14,46,0.73,70
11,2018-10-12,良,65,242,35,64,14,45,0.79,94
12,2018-10-13,良,70,250,50,79,16,53,1.0,83
13,2018-10-14,良,59,218,41,49,5,33,0.85,62
14,2018-10-15,良,57,231,39,48,5,34,0.83,36
15,2018-10-16,优,50,172,34,49,5,40,0.93,22
16,2018-10-17,良,58,214,37,57,8,42,0.89,57
17,2018-10-18,良,74,316,52,74,11,43,1.08,89
18,2018-10-19,良,54,207,31,56,11,43,0.84,55
19,2018-10-20,优,49,152,34,43,7,42,0.79,30
20,2018-10-21,良,57,202,40,46,4,37,0.76,27
21,2018-10-22,良,52,161,36,50,5,37,0.76,34
22,2018-10-23,良,72,265,49,79,9,67,1.07,40
23,2018-10-24,良,90,292,66,105,11,63,1.35,53
24,2018-10-25,良,72,230,51,69,7,55,1.02,25
25,2018-10-26,良,57,185,29,61,6,46,0.77,42
26,2018-10-27,良,52,153,20,56,9,44,0.6,46
27,2018-10-28,良,67,254,40,80,10,64,0.75,42
28,2018-10-29,良,64,244,32,73,9,71,0.75,68
29,2018-10-30,良,80,330,51,106,13,89,1.14,32
30,2018-10-31,良,76,281,52,99,14,88,1.08,42
0,2018-09-02,优,41,167,19,31,4,30,0.76,74
1,2018-09-03,良,53,237,24,38,4,35,0.82,72
2,2018-09-04,良,78,343,25,67,9,53,1.1,97
3,2018-09-05,良,89,351,38,90,13,54,1.05,99
4,2018-09-06,优,48,157,31,47,5,36,1.0,75
5,2018-09-07,优,42,171,13,40,5,24,0.63,61
6,2018-09-08,优,48,225,12,33,7,28,0.64,85
7,2018-09-09,良,63,294,25,48,11,41,0.99,95
8,2018-09-10,良,55,222,31,55,9,41,0.86,87
9,2018-09-11,良,63,268,35,54,9,42,0.98,82
10,2018-09-12,良,69,294,48,79,11,55,1.07,77
11,2018-09-13,良,72,327,49,77,8,44,1.01,66
12,2018-09-14,良,60,274,26,44,7,32,0.89,85
13,2018-09-15,良,51,206,28,42,6,21,0.8,88
14,2018-09-16,良,58,301,40,58,5,16,0.87,93
15,2018-09-17,优,43,209,26,39,6,18,0.91,65
16,2018-09-18,优,34,139,17,29,6,30,0.93,45
17,2018-09-19,优,42,173,19,37,5,29,0.76,53
18,2018-09-20,优,41,135,17,36,5,27,1.08,47
19,2018-09-21,优,38,96,16,26,5,24,0.94,67
20,2018-09-22,良,54,239,23,58,7,53,0.86,44
21,2018-09-23,良,85,358,47,101,15,69,1.42,75
22,2018-09-24,良,75,319,43,77,10,45,1.02,90
23,2018-09-25,良,58,291,35,56,9,31,0.9,102
24,2018-09-26,优,35,74,21,29,5,29,0.71,53
25,2018-09-27,优,40,105,21,36,7,32,0.76,61
26,2018-09-28,良,55,226,26,44,6,32,0.73,86
27,2018-09-29,良,61,246,31,65,8,55,0.88,63
28,2018-09-30,良,75,325,39,97,10,64,0.98,62
0,2018-08-01,良,80,334,31,58,8,40,1.09,93
1,2018-08-02,良,75,302,31,61,6,33,0.95,100
2,2018-08-03,良,51,220,21,37,6,29,1.02,81
3,2018-08-04,优,48,185,21,38,5,28,0.87,78
4,2018-08-05,良,61,249,25,42,5,27,0.85,101
5,2018-08-06,良,67,275,31,54,5,33,1.08,97
6,2018-08-07,良,78,317,29,48,5,34,0.99,115
7,2018-08-08,良,71,299,34,59,5,40,0.98,106
8,2018-08-09,良,86,344,36,60,6,42,1.06,107
9,2018-08-10,良,79,285,37,64,6,39,0.98,110
10,2018-08-11,轻度污染,105,354,43,70,6,37,1.0,146
11,2018-08-12,轻度污染,104,356,47,75,7,30,1.03,139
12,2018-08-13,优,41,126,19,30,4,15,0.72,69
13,2018-08-14,优,35,111,15,31,5,24,0.83,66
14,2018-08-15,优,48,229,24,38,4,16,0.82,93
15,2018-08-16,优,47,230,17,35,4,12,0.72,89
16,2018-08-17,优,37,95,21,33,3,14,0.71,68
17,2018-08-18,优,38,102,20,31,4,20,0.77,72
18,2018-08-19,优,38,115,18,28,4,24,0.77,70
19,2018-08-20,优,32,46,10,18,4,21,0.68,63
20,2018-08-21,优,49,143,15,28,6,22,0.73,96
21,2018-08-22,良,59,231,22,38,5,20,0.81,102
22,2018-08-23,良,69,271,43,60,5,16,0.97,122
23,2018-08-25,良,81,278,26,47,7,21,0.88,146
24,2018-08-27,优,43,98,20,32,5,17,0.75,76
25,2018-08-29,良,53,218,22,42,6,26,0.99,84
26,2018-08-31,优,41,171,19,34,6,26,0.86,70
0,2018-07-01,优,46,170,21,34,4,23,0.91,84
1,2018-07-02,优,49,186,31,48,3,36,1.04,60
2,2018-07-03,良,54,228,35,56,3,42,1.13,50
3,2018-07-04,优,49,181,27,45,3,31,0.96,56
4,2018-07-05,优,27,25,13,23,2,23,0.84,44
5,2018-07-06,优,37,128,19,31,3,14,0.71,56
6,2018-07-07,优,20,3,7,15,3,13,0.56,36
7,2018-07-08,优,29,72,16,28,3,24,0.79,34
8,2018-07-09,优,28,66,14,25,3,28,0.78,48
9,2018-07-10,良,62,332,33,60,5,42,1.03,73
10,2018-07-11,良,51,212,32,50,4,23,0.87,67
11,2018-07-12,优,44,195,19,43,5,25,0.74,45
12,2018-07-13,优,37,114,15,31,3,21,0.61,65
13,2018-07-14,良,53,243,23,49,4,32,0.7,64
14,2018-07-15,良,52,227,23,48,6,26,0.69,66
15,2018-07-16,良,62,293,31,59,8,28,0.79,81
16,2018-07-17,良,66,305,30,59,8,27,0.77,91
17,2018-07-18,良,60,266,28,55,8,24,0.67,89
18,2018-07-19,良,55,231,23,50,8,27,0.71,74
19,2018-07-20,良,67,268,26,56,9,35,0.76,87
20,2018-07-21,良,78,312,33,69,8,36,0.76,93
21,2018-07-22,良,63,247,33,58,7,23,0.82,89
22,2018-07-23,优,48,145,21,43,6,26,0.7,75
23,2018-07-24,良,73,322,34,68,5,37,0.77,88
24,2018-07-25,良,54,210,21,46,5,28,0.65,72
25,2018-07-26,良,54,198,20,45,5,23,0.66,78
26,2018-07-27,良,51,216,19,50,8,31,0.83,56
27,2018-07-28,优,47,149,19,40,8,28,0.88,57
28,2018-07-29,良,60,217,22,49,10,30,1.0,79
29,2018-07-30,良,74,293,22,52,6,31,0.87,95
30,2018-07-31,良,56,216,23,49,8,36,0.94,79
0,2018-06-01,良,79,209,41,72,6,47,1.11,84
1,2018-06-02,良,63,133,26,45,5,41,0.82,111
2,2018-06-03,良,83,223,40,67,5,36,0.83,123
3,2018-06-04,良,74,220,47,81,6,46,0.9,97
4,2018-06-05,良,77,236,56,82,5,40,0.93,79
5,2018-06-06,良,92,256,47,81,5,44,1.02,102
6,2018-06-07,良,79,236,33,66,10,47,1.12,97
7,2018-06-08,优,44,107,23,43,6,33,0.9,44
8,2018-06-09,良,52,168,28,49,3,22,0.89,79
9,2018-06-10,良,75,313,26,51,4,26,0.9,126
10,2018-06-11,良,80,259,29,66,6,51,0.83,110
11,2018-06-12,良,90,291,37,91,8,62,0.91,93
12,2018-06-13,良,69,229,28,55,6,26,0.72,111
13,2018-06-14,良,78,251,29,60,11,42,1.0,107
14,2018-06-15,良,98,302,38,79,12,47,0.99,126
15,2018-06-16,轻度污染,128,362,46,83,10,33,0.98,190
16,2018-06-17,轻度污染,120,363,47,83,11,32,0.99,179
17,2018-06-18,良,100,343,46,78,11,32,1.03,152
18,2018-06-19,良,59,246,37,53,5,25,0.93,68
19,2018-06-20,优,42,113,18,31,4,26,0.77,66
20,2018-06-21,良,71,245,32,54,6,34,0.92,91
21,2018-06-22,优,43,128,24,37,4,32,0.96,67
22,2018-06-23,良,61,207,25,42,5,30,0.98,95
23,2018-06-24,良,55,189,26,48,5,26,0.99,71
24,2018-06-25,优,46,161,16,35,3,26,0.78,66
25,2018-06-26,优,44,170,14,38,4,20,0.61,69
26,2018-06-27,优,47,183,17,40,5,18,0.59,79
27,2018-06-28,优,44,159,21,42,5,28,0.78,56
28,2018-06-29,良,54,172,28,53,4,39,0.95,57
29,2018-06-30,优,43,127,20,42,4,39,0.87,39
0,2018-05-01,优,47,76,24,43,4,35,0.87,73
1,2018-05-02,良,82,311,51,98,3,24,0.96,102
2,2018-05-03,良,74,280,27,87,10,53,0.9,89
3,2018-05-04,良,68,160,34,83,13,58,0.87,73
4,2018-05-05,良,56,139,35,52,4,27,0.87,59
5,2018-05-06,优,31,12,13,24,2,22,0.77,54
6,2018-05-07,良,51,134,11,24,2,18,0.64,98
7,2018-05-08,优,48,93,20,44,5,37,0.71,74
8,2018-05-09,良,83,259,33,87,9,55,0.96,89
9,2018-05-10,良,69,189,39,76,13,49,1.0,107
10,2018-05-11,良,92,340,68,78,7,53,1.37,38
11,2018-05-12,良,65,185,38,54,3,26,1.01,75
12,2018-05-13,良,79,214,38,66,5,42,0.85,83
13,2018-05-14,良,67,149,39,81,6,48,0.97,58
14,2018-05-15,良,57,131,25,63,4,27,0.65,70
15,2018-05-16,良,58,197,22,63,4,22,0.62,86
16,2018-05-17,良,62,219,25,68,5,29,0.74,87
17,2018-05-18,优,48,57,24,51,4,43,0.99,61
18,2018-05-19,优,46,76,21,41,4,28,0.94,87
19,2018-05-20,优,40,61,22,38,4,29,1.08,45
20,2018-05-21,优,35,42,18,34,3,28,1.05,24
21,2018-05-22,良,51,178,23,64,2,19,0.74,46
22,2018-05-23,轻度污染,105,326,52,158,5,28,0.79,80
23,2018-05-24,良,71,168,43,90,5,38,1.03,75
24,2018-05-25,良,69,194,40,69,5,33,1.04,72
25,2018-05-26,优,35,28,12,24,3,17,0.99,69
26,2018-05-27,轻度污染,140,352,62,215,4,24,0.63,84
27,2018-05-28,轻度污染,104,283,44,155,7,56,0.69,61
28,2018-05-29,轻度污染,115,333,56,178,12,79,1.04,61
29,2018-05-30,良,73,208,44,93,6,50,0.99,53
30,2018-05-31,良,55,122,30,53,4,39,0.9,81
0,2018-04-01,轻度污染,124,297,93,175,9,100,1.61,53
1,2018-04-02,良,88,204,60,107,7,56,1.17,71
2,2018-04-03,良,81,197,50,108,11,52,1.23,62
3,2018-04-04,轻度污染,121,323,46,191,6,29,0.85,43
4,2018-04-05,优,38,20,25,32,2,21,0.76,41
5,2018-04-05,优,38,20,25,32,2,21,0.76,41
6,2018-04-06,良,95,275,32,141,3,21,0.63,67
7,2018-04-07,良,89,299,25,127,6,33,0.57,77
8,2018-04-08,良,94,318,37,136,7,51,0.64,68
9,2018-04-09,良,92,251,43,131,11,62,0.87,64
10,2018-04-10,良,98,249,54,139,10,61,0.89,86
11,2018-04-11,轻度污染,104,262,68,157,9,79,1.22,48
12,2018-04-12,良,81,252,59,86,5,43,1.25,38
13,2018-04-13,优,41,61,23,35,2,26,0.77,39
14,2018-04-14,良,53,145,23,58,3,24,0.68,66
15,2018-04-15,严重污染,315,364,62,404,5,49,0.78,54
16,2018-04-16,重度污染,246,363,70,373,7,63,0.81,59
17,2018-04-17,轻度污染,141,344,57,230,8,58,0.84,74
18,2018-04-18,轻度污染,112,280,58,171,13,50,1.01,90
19,2018-04-19,良,93,213,48,132,16,52,0.93,93
20,2018-04-20,良,88,250,55,122,15,45,0.93,96
21,2018-04-21,良,58,133,39,62,4,30,0.9,60
22,2018-04-22,良,52,175,34,60,8,35,1.13,25
23,2018-04-23,优,34,32,20,30,2,18,0.81,45
24,2018-04-24,良,59,229,42,62,2,21,0.77,71
25,2018-04-25,良,62,142,42,69,7,33,0.98,90
26,2018-04-26,良,67,145,47,76,7,39,0.96,90
27,2018-04-27,良,85,233,56,81,5,47,1.08,82
28,2018-04-28,良,85,210,53,85,7,57,1.24,73
29,2018-04-29,良,67,117,46,77,5,52,1.15,48
30,2018-04-30,良,57,130,33,61,4,39,1.15,57
0,2018-03-01,良,75,223,54,65,8,46,1.24,36
1,2018-03-02,良,77,241,56,56,6,42,1.35,35
2,2018-03-03,良,85,230,62,74,7,48,1.66,26
3,2018-03-04,良,53,119,38,47,8,39,1.55,17
4,2018-03-05,优,35,36,23,32,4,24,0.82,53
5,2018-03-06,优,45,120,31,40,6,37,0.77,42
6,2018-03-07,优,40,93,27,21,3,26,0.65,46
7,2018-03-08,良,60,209,43,44,4,40,0.71,45
8,2018-03-09,良,78,237,53,79,7,55,0.84,49
9,2018-03-10,良,80,205,51,93,14,61,1.01,50
10,2018-03-11,良,80,193,48,107,20,77,1.12,38
11,2018-03-12,良,82,195,52,113,12,76,1.14,46
12,2018-03-13,良,92,244,66,123,13,80,1.14,39
13,2018-03-14,良,72,173,51,69,8,44,0.98,47
14,2018-03-15,良,67,185,44,70,7,45,1.03,43
15,2018-03-16,优,49,114,27,51,4,31,0.67,48
16,2018-03-17,良,55,147,38,50,8,41,1.01,30
17,2018-03-18,优,36,36,22,21,2,28,0.86,36
18,2018-03-19,良,64,201,45,32,2,29,0.98,35
19,2018-03-20,良,60,211,43,47,2,30,0.81,67
20,2018-03-21,良,65,223,41,71,6,59,0.67,49
21,2018-03-22,良,90,248,64,111,7,85,1.06,29
22,2018-03-23,良,96,233,58,129,14,76,1.25,45
23,2018-03-24,良,86,211,50,120,14,65,1.01,40
24,2018-03-25,良,71,132,46,87,10,54,0.9,46
25,2018-03-26,良,72,129,44,87,5,55,0.89,58
26,2018-03-27,良,75,158,42,92,7,68,0.87,57
27,2018-03-28,良,86,211,49,118,10,74,1.06,60
28,2018-03-29,良,95,258,58,139,19,92,1.34,35
29,2018-03-30,轻度污染,118,324,88,146,8,50,1.25,87
30,2018-03-31,轻度污染,113,288,78,141,6,70,1.15,77
0,2018-02-01,轻度污染,104,273,78,127,20,84,1.32,23
1,2018-02-02,良,88,244,56,110,14,58,0.77,40
2,2018-02-03,良,66,212,26,81,9,33,0.49,51
3,2018-02-04,良,61,127,34,70,14,50,0.73,41
4,2018-02-05,良,78,244,54,97,12,67,0.83,33
5,2018-02-06,良,93,284,69,112,16,85,1.07,28
6,2018-02-07,轻度污染,118,317,88,131,22,99,1.3,18
7,2018-02-08,轻度污染,118,298,88,121,17,77,1.16,46
8,2018-02-09,轻度污染,128,222,96,143,26,96,1.55,23
9,2018-02-10,中度污染,171,346,130,152,13,53,1.21,58
10,2018-02-11,中度污染,155,353,111,185,12,64,1.21,50
11,2018-02-12,良,79,217,36,105,13,51,0.92,59
12,2018-02-13,良,89,250,62,125,13,64,1.08,56
13,2018-02-14,轻度污染,114,306,86,146,20,74,1.47,27
14,2018-02-15,轻度污染,118,298,89,105,6,30,1.04,41
15,2018-02-16,轻度污染,133,215,100,119,7,25,1.02,44
16,2018-02-17,轻度污染,107,236,80,83,8,24,1.28,57
17,2018-02-18,轻度污染,120,311,90,75,4,20,1.05,57
18,2018-02-19,良,60,182,43,33,3,19,0.78,35
19,2018-02-20,优,28,12,19,15,2,21,0.75,32
20,2018-02-21,良,88,288,64,63,2,20,1.01,48
21,2018-02-22,轻度污染,115,313,86,89,4,33,1.2,62
22,2018-02-23,良,80,273,55,63,9,34,1.16,59
23,2018-02-24,良,74,261,49,96,13,41,1.14,43
24,2018-02-25,轻度污染,110,331,82,121,6,43,1.02,43
25,2018-02-26,轻度污染,101,277,75,87,10,55,1.2,44
26,2018-02-27,优,44,49,30,37,9,53,1.19,19
27,2018-02-28,良,51,108,34,43,4,34,0.91,57
0,2018-01-01,轻度污染,120,219,88,164,18,73,1.41,30
1,2018-01-02,中度污染,163,311,127,169,13,70,1.6,13
2,2018-01-03,轻度污染,117,333,90,36,4,39,1.64,11
3,2018-01-04,优,50,187,35,7,3,26,0.99,26
4,2018-01-05,轻度污染,105,305,78,38,4,31,1.12,25
5,2018-01-06,良,97,241,72,5,3,32,1.11,31
6,2018-01-07,中度污染,164,346,123,3,5,30,1.38,54
7,2018-01-08,轻度污染,103,286,73,36,6,39,0.97,48
8,2018-01-09,良,73,281,49,76,8,59,0.98,30
9,2018-01-10,良,81,311,53,84,9,63,1.05,30
10,2018-01-11,良,75,262,45,96,14,63,0.89,35
11,2018-01-12,轻度污染,102,304,76,101,16,62,1.03,31
12,2018-01-13,良,91,183,67,97,24,73,1.2,15
13,2018-01-14,良,98,190,72,113,18,74,1.14,23
14,2018-01-15,轻度污染,124,225,93,150,27,86,1.53,4
15,2018-01-16,中度污染,167,294,125,101,10,66,1.24,14
16,2018-01-17,中度污染,152,258,114,99,11,50,1.13,39
17,2018-01-18,中度污染,191,309,146,81,6,51,1.28,24
18,2018-01-19,重度污染,214,298,163,3,4,50,1.47,13
19,2018-01-20,重度污染,227,315,176,62,9,66,2.21,7
20,2018-01-21,中度污染,173,286,131,84,7,69,1.97,10
21,2018-01-22,轻度污染,115,280,86,82,8,57,1.37,25
22,2018-01-23,中度污染,155,340,117,71,5,40,1.44,16
23,2018-01-24,良,69,231,50,5,2,30,0.85,12
24,2018-01-25,优,49,174,34,4,3,24,0.69,44
25,2018-01-26,良,56,186,39,22,4,24,0.73,49
26,2018-01-27,良,69,230,49,12,4,19,0.68,65
27,2018-01-28,良,78,242,57,11,4,17,0.67,68
28,2018-01-29,轻度污染,106,265,79,73,8,37,0.92,68
29,2018-01-30,轻度污染,101,231,75,85,13,73,1.11,44
30,2018-01-31,良,88,207,65,84,12,53,0.79,60
0,2017-12-01,良,73,238,53,63,5,37,0.9,14
1,2017-12-02,良,90,226,66,85,7,53,0.99,20
2,2017-12-03,轻度污染,109,260,81,109,10,64,1.29,13
3,2017-12-04,重度污染,220,354,175,170,8,53,1.43,39
4,2017-12-05,重度污染,206,359,162,88,13,62,1.69,44
5,2017-12-06,中度污染,176,353,132,160,21,83,1.71,11
6,2017-12-07,轻度污染,136,293,102,130,16,71,1.26,15
7,2017-12-08,轻度污染,116,350,85,109,15,51,1.08,38
8,2017-12-09,良,93,255,67,120,13,69,1.09,29
9,2017-12-10,轻度污染,112,318,73,145,16,73,1.25,26
10,2017-12-11,良,87,212,54,121,18,76,1.29,21
11,2017-12-12,良,91,256,65,107,18,65,1.07,12
12,2017-12-13,良,98,265,72,80,8,45,0.92,10
13,2017-12-14,良,63,165,44,12,3,33,0.77,14
14,2017-12-15,良,78,225,56,29,3,31,0.96,14
15,2017-12-16,轻度污染,121,333,91,78,7,31,0.98,45
16,2017-12-17,良,92,316,67,84,10,54,0.94,36
17,2017-12-18,轻度污染,103,333,76,116,12,76,1.14,24
18,2017-12-19,轻度污染,114,343,85,137,14,85,1.35,21
19,2017-12-20,轻度污染,111,330,83,125,17,81,1.11,24
20,2017-12-21,轻度污染,128,333,97,153,17,99,1.34,21
21,2017-12-22,轻度污染,112,214,83,129,28,92,1.36,21
22,2017-12-23,中度污染,161,278,123,187,23,101,1.38,7
23,2017-12-24,中度污染,174,331,134,173,16,77,1.35,31
24,2017-12-25,良,89,205,56,118,19,76,1.04,24
25,2017-12-26,轻度污染,113,239,83,156,29,94,1.41,20
26,2017-12-27,轻度污染,141,276,107,160,29,85,1.38,15
27,2017-12-28,中度污染,167,280,126,112,17,67,1.36,10
28,2017-12-29,中度污染,184,261,142,150,8,65,1.35,16
29,2017-12-30,中度污染,185,283,142,208,16,65,1.46,32
30,2017-12-31,中度污染,170,278,127,201,17,80,1.8,28
0,2017-11-01,轻度污染,101,258,72,138,15,94,1.32,38
1,2017-11-02,轻度污染,115,269,86,154,14,102,1.37,48
2,2017-11-03,中度污染,164,350,124,174,15,75,1.38,71
3,2017-11-04,轻度污染,119,333,88,102,10,44,1.1,76
4,2017-11-05,良,67,132,37,81,17,56,0.88,55
5,2017-11-06,良,91,200,65,117,18,80,1.2,46
6,2017-11-07,轻度污染,137,282,103,167,13,105,1.46,27
7,2017-11-08,中度污染,184,349,140,205,15,103,1.62,41
8,2017-11-09,轻度污染,121,302,89,139,17,72,1.38,79
9,2017-11-10,轻度污染,115,334,78,134,15,62,1.16,38
10,2017-11-11,良,72,267,30,90,9,38,0.67,39
11,2017-11-12,良,73,248,52,72,6,50,0.95,16
12,2017-11-13,良,75,234,54,58,5,50,1.05,16
13,2017-11-14,良,87,286,64,91,8,59,1.31,10
14,2017-11-15,轻度污染,130,334,98,138,14,77,1.66,19
15,2017-11-16,轻度污染,120,315,91,114,13,64,1.37,26
16,2017-11-17,轻度污染,107,298,80,81,4,45,1.21,11
17,2017-11-18,良,76,329,50,81,6,38,0.94,31
18,2017-11-19,良,71,251,51,73,9,43,0.94,17
19,2017-11-20,良,77,271,56,71,10,43,0.75,36
20,2017-11-21,良,90,269,66,95,10,59,0.87,18
21,2017-11-22,良,100,308,62,108,11,49,0.8,25
22,2017-11-23,良,84,308,44,116,12,66,0.8,26
23,2017-11-24,良,90,317,60,128,13,78,1.07,22
24,2017-11-25,良,88,258,63,121,17,81,1.06,24
25,2017-11-26,轻度污染,111,316,83,134,14,89,1.28,22
26,2017-11-27,轻度污染,123,313,91,149,20,88,1.54,29
27,2017-11-28,轻度污染,137,297,104,145,16,85,1.5,19
28,2017-11-29,中度污染,161,359,122,123,8,43,1.27,37
29,2017-11-30,良,58,206,41,36,3,33,0.89,9
0,2017-10-01,良,62,258,39,71,8,36,1.25,48
1,2017-10-02,优,23,11,9,18,4,18,0.96,43
2,2017-10-03,优,23,13,6,12,4,19,0.78,46
3,2017-10-05,优,17,3,8,14,4,27,0.9,21
4,2017-10-06,优,39,100,22,42,8,40,1.24,17
5,2017-10-07,良,57,185,32,63,8,42,1.22,26
6,2017-10-08,良,80,282,52,102,9,61,1.5,62
7,2017-10-09,良,90,342,65,123,8,68,1.66,53
8,2017-10-10,良,56,275,37,52,6,24,1.28,33
9,2017-10-11,优,22,20,14,16,5,23,0.95,22
10,2017-10-12,优,17,9,5,9,5,25,0.84,34
11,2017-10-13,优,27,43,13,25,6,27,0.7,38
12,2017-10-14,优,38,111,20,37,6,29,0.69,36
13,2017-10-15,优,33,94,12,25,6,22,0.65,61
14,2017-10-16,优,27,52,12,19,5,22,0.6,54
15,2017-10-17,优,32,98,15,26,5,26,0.67,53
16,2017-10-18,优,34,84,20,33,5,28,0.63,33
17,2017-10-19,优,34,64,19,32,5,28,0.6,49
18,2017-10-20,良,65,208,43,75,9,54,1.01,43
19,2017-10-21,良,59,166,34,65,8,53,0.84,58
20,2017-10-22,良,84,260,61,104,9,72,1.01,58
21,2017-10-23,轻度污染,133,358,101,132,9,52,1.29,66
22,2017-10-24,良,95,288,66,110,12,60,1.15,52
23,2017-10-25,良,72,164,40,91,14,65,0.9,47
24,2017-10-26,良,76,167,48,99,9,65,0.88,56
25,2017-10-27,轻度污染,101,240,71,146,13,93,1.3,46
26,2017-10-28,良,88,210,61,117,13,79,1.21,58
27,2017-10-29,良,84,263,48,103,9,40,0.83,67
28,2017-10-30,良,60,142,19,69,9,50,0.59,45
29,2017-10-31,良,82,219,47,110,16,72,0.97,39
0,2017-09-01,优,39,83,16,40,6,33,0.88,26
1,2017-09-02,优,42,88,21,41,5,34,1.0,19
2,2017-09-03,优,21,3,11,19,5,28,0.86,36
3,2017-09-04,优,36,84,15,34,5,31,0.86,47
4,2017-09-05,良,51,212,24,54,6,48,1.06,22
5,2017-09-06,优,32,51,15,28,5,27,0.85,43
6,2017-09-07,良,58,237,19,52,7,44,0.85,78
7,2017-09-08,良,82,319,48,113,7,91,1.33,10
8,2017-09-09,良,95,330,52,115,9,41,1.34,114
9,2017-09-10,优,49,180,29,50,6,26,0.98,51
10,2017-09-11,优,43,146,16,36,6,24,0.8,71
11,2017-09-12,良,61,208,28,60,9,41,1.09,70
12,2017-09-13,良,76,268,31,76,10,50,0.98,93
13,2017-09-14,良,81,310,34,79,11,42,0.95,112
14,2017-09-15,良,82,305,26,76,11,48,0.96,99
15,2017-09-16,良,83,296,33,86,10,49,0.95,96
16,2017-09-17,良,85,273,34,90,11,53,0.85,100
17,2017-09-18,良,99,286,66,135,15,63,1.18,80
18,2017-09-19,良,72,207,52,67,7,42,1.24,58
19,2017-09-20,优,43,112,24,41,6,37,0.94,51
20,2017-09-21,良,59,207,35,66,8,60,1.12,20
21,2017-09-22,良,71,251,49,83,7,68,1.28,39
22,2017-09-23,良,53,158,33,50,6,49,1.18,40
23,2017-09-24,良,57,204,33,67,8,38,1.3,48
24,2017-09-25,良,65,272,37,77,6,37,1.18,42
25,2017-09-26,良,55,225,31,59,6,30,1.29,51
26,2017-09-27,优,30,47,14,23,4,22,1.08,52
27,2017-09-28,优,36,78,14,29,4,24,0.9,64
28,2017-09-29,优,37,64,20,36,7,42,0.99,37
29,2017-09-30,良,51,177,32,56,9,44,1.23,23
0,2017-08-01,优,25,9,12,21,3,22,0.81,39
1,2017-08-02,优,27,12,12,22,3,21,0.77,51
2,2017-08-03,良,52,205,22,47,3,33,0.95,69
3,2017-08-04,良,61,218,33,69,3,48,1.07,54
4,2017-08-05,良,66,238,34,74,3,43,1.04,65
5,2017-08-06,良,64,231,25,57,3,28,0.73,82
6,2017-08-07,良,58,207,22,59,5,31,0.66,72
7,2017-08-08,优,41,109,17,41,3,26,0.72,58
8,2017-08-09,优,50,189,20,38,3,22,0.81,82
9,2017-08-10,良,52,171,16,43,4,23,0.67,91
10,2017-08-11,良,60,206,25,69,6,38,0.91,51
11,2017-08-12,优,21,4,9,18,3,22,0.68,31
12,2017-08-13,优,23,5,10,22,3,24,0.78,41
13,2017-08-14,优,48,194,26,49,4,30,0.95,64
14,2017-08-15,良,65,276,38,65,5,39,1.11,80
15,2017-08-16,良,65,264,37,67,5,45,1.04,56
16,2017-08-17,优,35,73,12,33,6,25,0.81,38
17,2017-08-18,优,50,190,19,52,8,29,0.87,47
18,2017-08-19,优,49,185,20,49,6,23,0.65,58
19,2017-08-20,良,55,244,25,58,6,36,0.95,56
20,2017-08-21,良,61,223,31,63,6,31,1.06,67
21,2017-08-22,良,66,266,29,62,7,28,0.97,83
22,2017-08-23,良,69,313,22,54,8,27,0.89,101
23,2017-08-24,良,62,299,23,61,9,36,1.02,56
24,2017-08-25,优,47,191,25,45,5,35,1.15,57
25,2017-08-26,优,49,219,22,48,6,24,1.09,84
26,2017-08-27,良,65,306,31,64,8,22,1.05,92
27,2017-08-28,良,57,294,21,58,9,27,0.93,71
28,2017-08-29,良,56,321,21,44,5,17,1.17,92
29,2017-08-30,优,28,47,8,26,5,19,0.75,46
30,2017-08-31,优,36,98,14,35,5,23,0.68,38
0,2017-07-01,优,18,6,7,15,3,22,0.67,27
1,2017-07-02,优,33,92,12,27,3,21,0.65,59
2,2017-07-03,良,56,212,22,47,3,27,0.91,68
3,2017-07-04,优,43,120,16,39,3,24,0.84,46
4,2017-07-05,优,40,99,15,38,3,24,0.75,42
5,2017-07-06,优,43,141,14,41,3,26,0.72,47
6,2017-07-07,优,43,162,13,42,4,28,0.58,43
7,2017-07-08,优,44,145,16,44,4,29,0.63,36
8,2017-07-09,优,30,63,10,28,3,25,0.62,27
9,2017-07-10,优,34,81,12,29,3,22,0.62,64
10,2017-07-11,优,36,65,11,32,4,24,0.62,48
11,2017-07-12,优,36,51,10,35,4,19,0.6,51
12,2017-07-13,优,48,117,19,47,5,23,0.7,67
13,2017-07-14,优,46,123,18,46,4,24,0.66,64
14,2017-07-15,良,58,242,21,60,5,29,0.69,69
15,2017-07-16,良,59,223,22,58,4,33,0.68,63
16,2017-07-17,良,60,235,20,63,4,33,0.66,66
17,2017-07-18,良,53,178,19,51,4,24,0.6,69
18,2017-07-19,优,38,111,10,32,5,18,0.49,56
19,2017-07-20,优,39,107,9,34,4,17,0.49,61
20,2017-07-21,优,44,132,11,41,5,20,0.5,69
21,2017-07-22,良,65,253,20,62,6,30,0.61,93
22,2017-07-23,良,73,265,27,75,6,37,0.67,91
23,2017-07-24,良,66,234,28,72,5,33,0.67,74
24,2017-07-25,良,87,302,30,92,6,50,0.85,84
25,2017-07-26,良,77,265,35,89,5,40,0.81,86
26,2017-07-27,良,84,294,45,99,5,32,0.84,108
27,2017-07-28,良,90,330,58,119,5,36,1.19,90
28,2017-07-29,良,98,354,64,102,3,22,1.58,105
29,2017-07-30,良,71,243,46,75,4,17,1.05,77
30,2017-07-31,优,46,118,24,45,4,15,0.93,62
0,2017-06-01,良,58,157,28,63,4,26,0.73,87
1,2017-06-02,良,83,250,50,97,5,45,1.21,88
2,2017-06-03,良,99,326,60,126,5,42,1.14,113
3,2017-06-04,良,80,320,41,106,5,24,0.99,105
4,2017-06-05,优,40,62,23,34,3,23,0.87,68
5,2017-06-06,优,44,106,12,24,3,18,0.73,88
6,2017-06-07,良,66,236,25,51,4,39,0.86,102
7,2017-06-08,良,72,236,34,73,6,41,1.09,82
8,2017-06-09,优,46,134,25,49,3,40,1.07,24
9,2017-06-10,优,41,144,25,39,3,25,0.94,40
10,2017-06-11,优,38,76,20,37,3,31,0.89,57
11,2017-06-12,优,35,68,21,33,3,45,1.07,26
12,2017-06-13,优,30,46,16,28,3,29,0.85,45
13,2017-06-14,良,54,181,30,57,4,43,0.91,60
14,2017-06-15,良,57,168,39,58,3,45,0.89,48
15,2017-06-16,良,65,189,35,65,5,38,0.85,85
16,2017-06-17,良,73,196,43,80,5,46,0.87,95
17,2017-06-18,良,66,187,36,67,7,33,0.9,94
18,2017-06-19,良,63,225,38,74,6,39,0.95,64
19,2017-06-20,良,79,295,49,90,5,42,1.0,87
20,2017-06-21,良,66,230,42,74,4,34,0.89,82
21,2017-06-22,良,59,229,22,58,5,36,0.86,76
22,2017-06-23,优,48,144,25,51,3,35,0.92,42
23,2017-06-24,良,57,217,30,64,4,43,1.39,43
24,2017-06-25,良,63,235,36,71,2,44,0.95,58
25,2017-06-26,良,53,165,30,55,3,34,0.85,68
26,2017-06-27,良,57,170,21,40,3,22,0.75,101
27,2017-06-28,良,65,191,26,55,3,27,0.85,113
28,2017-06-29,良,61,187,26,57,4,31,0.93,84
29,2017-06-30,优,24,28,9,16,2,23,0.69,39
0,2017-05-01,良,86,243,57,104,9,58,1.1,49
1,2017-05-02,良,73,199,45,80,8,42,1.01,75
2,2017-05-03,优,48,91,27,46,6,25,0.94,61
3,2017-05-04,优,38,45,16,31,5,22,0.82,67
4,2017-05-05,良,84,197,34,117,7,39,0.89,74
5,2017-05-06,严重污染,422,356,160,617,13,42,0.91,60
6,2017-05-07,中度污染,177,336,104,286,7,61,1.2,18
7,2017-05-08,良,55,111,29,58,4,29,0.73,59
8,2017-05-09,良,63,188,29,74,5,45,0.86,54
9,2017-05-10,良,84,285,42,115,7,65,1.07,61
10,2017-05-11,良,90,267,57,127,8,64,1.31,40
11,2017-05-12,良,52,106,19,48,5,30,0.62,79
12,2017-05-13,良,73,231,29,88,6,53,0.81,72
13,2017-05-14,轻度污染,109,352,57,155,9,58,1.19,85
14,2017-05-15,良,70,262,41,88,5,35,0.89,87
15,2017-05-16,良,70,260,40,85,5,31,0.81,87
16,2017-05-17,良,90,281,42,101,6,56,0.87,94
17,2017-05-18,轻度污染,104,286,57,132,9,60,1.11,93
18,2017-05-19,良,92,254,67,118,9,49,1.12,66
19,2017-05-20,轻度污染,104,305,71,132,7,56,1.18,78
20,2017-05-20,轻度污染,104,305,71,132,7,56,1.18,78
21,2017-05-21,良,89,273,55,110,7,45,1.03,90
22,2017-05-22,优,50,166,33,51,4,29,0.87,56
23,2017-05-23,优,30,13,13,24,4,19,0.77,59
24,2017-05-24,良,56,193,23,48,5,23,0.69,100
25,2017-05-25,良,71,241,31,76,8,53,0.85,94
26,2017-05-26,良,89,278,43,93,7,52,0.83,104
27,2017-05-27,良,98,258,39,106,8,63,0.92,96
28,2017-05-28,轻度污染,103,261,40,125,8,62,0.99,86
29,2017-05-29,良,96,255,42,114,11,55,0.93,95
30,2017-05-30,良,89,271,53,125,8,59,0.99,79
31,2017-05-31,良,80,214,56,102,5,33,0.93,82
0,2017-04-01,良,86,250,63,93,9,56,0.99,62
1,2017-04-02,良,80,207,48,91,12,63,0.95,69
2,2017-04-03,良,87,234,55,122,29,63,1.19,58
3,2017-04-04,良,86,226,59,111,20,68,1.21,31
4,2017-04-05,轻度污染,103,290,76,94,7,56,1.48,17
5,2017-04-06,良,51,66,35,48,5,37,1.18,26
6,2017-04-07,良,65,160,44,72,6,48,1.4,33
7,2017-04-08,良,62,175,40,67,8,40,1.67,50
8,2017-04-09,优,35,49,7,11,5,18,1.0,73
9,2017-04-10,优,34,39,9,14,5,21,0.7,64
10,2017-04-11,良,55,162,38,52,6,34,1.01,59
11,2017-04-12,良,70,216,48,85,9,60,1.23,50
12,2017-04-13,良,79,244,49,96,10,67,1.21,61
13,2017-04-14,良,77,225,42,101,9,58,1.01,64
14,2017-04-15,良,89,245,53,126,13,59,1.34,64
15,2017-04-16,良,79,214,54,104,7,51,1.38,29
16,2017-04-17,良,54,107,17,58,6,21,0.64,69
17,2017-04-18,良,87,250,31,122,8,41,0.9,61
18,2017-04-19,轻度污染,103,329,51,153,9,62,1.22,34
19,2017-04-20,良,69,208,27,85,6,32,0.78,52
20,2017-04-21,良,80,299,30,107,8,43,0.79,32
21,2017-04-22,良,85,322,32,118,9,52,0.74,58
22,2017-04-23,良,89,317,40,122,9,65,0.86,66
23,2017-04-23,良,89,317,40,122,9,65,0.86,66
24,2017-04-24,良,89,294,47,124,15,57,0.95,77
25,2017-04-25,良,81,279,52,102,9,52,1.01,52
26,2017-04-26,良,79,329,56,83,5,23,1.04,77
27,2017-04-27,良,71,276,32,74,10,37,0.79,107
28,2017-04-28,良,79,270,40,94,10,65,0.79,83
29,2017-04-29,良,78,196,35,94,11,61,0.77,81
30,2017-04-30,良,93,262,46,118,13,62,0.87,84
0,2017-03-01,良,100,298,54,127,11,53,0.85,54
1,2017-03-02,良,81,291,28,110,15,52,0.78,49
2,2017-03-03,良,80,206,44,108,26,63,0.97,46
3,2017-03-04,轻度污染,106,257,74,128,18,84,1.31,12
4,2017-03-05,良,81,212,59,74,8,48,1.02,33
5,2017-03-06,严重污染,266,366,216,244,12,63,1.85,44
6,2017-03-07,中度污染,183,355,144,178,14,71,1.56,59
7,2017-03-08,轻度污染,114,339,85,124,19,65,1.11,65
8,2017-03-09,轻度污染,108,331,81,140,26,84,1.27,55
9,2017-03-10,良,80,207,58,81,15,51,1.05,59
10,2017-03-11,轻度污染,102,265,75,119,14,72,1.29,20
11,2017-03-12,良,79,253,57,69,8,53,1.1,41
12,2017-03-13,优,41,74,26,25,5,22,0.87,65
13,2017-03-14,良,57,205,31,63,11,38,1.0,59
14,2017-03-15,良,65,190,44,70,13,55,0.96,44
15,2017-03-16,良,89,275,65,83,11,60,1.1,42
16,2017-03-17,良,99,278,73,83,9,83,1.19,21
17,2017-03-18,轻度污染,120,305,90,83,7,62,1.14,22
18,2017-03-19,轻度污染,105,285,78,68,7,61,1.27,12
19,2017-03-20,良,60,143,43,24,4,31,0.82,48
20,2017-03-21,良,71,208,50,59,7,48,0.96,41
21,2017-03-22,优,48,115,33,37,4,49,0.98,41
22,2017-03-23,良,61,192,43,44,6,43,1.18,30
23,2017-03-24,优,48,86,33,33,4,34,0.78,35
24,2017-03-25,良,75,227,42,85,8,47,0.87,36
25,2017-03-26,良,99,322,34,145,10,60,0.89,45
26,2017-03-27,良,98,317,41,145,12,64,0.92,58
27,2017-03-28,良,86,258,45,119,15,48,0.88,62
28,2017-03-29,轻度污染,101,251,73,128,14,40,1.09,64
29,2017-03-30,良,84,242,62,77,8,35,1.19,52
30,2017-03-31,良,59,167,38,53,7,27,0.75,88
0,2017-02-01,良,80,226,58,32,4,16,1.0,36
1,2017-02-02,良,88,218,65,31,4,25,1.08,28
2,2017-02-03,良,86,194,63,27,5,29,1.28,14
3,2017-02-04,良,61,88,43,31,6,26,1.23,16
4,2017-02-05,良,80,176,58,68,7,34,1.48,24
5,2017-02-06,轻度污染,116,280,87,96,9,43,1.66,22
6,2017-02-07,良,76,240,55,55,7,28,1.05,43
7,2017-02-08,良,63,243,45,39,5,18,0.85,58
8,2017-02-09,轻度污染,112,325,84,81,10,36,1.2,50
9,2017-02-10,良,85,273,62,78,15,50,1.05,48
10,2017-02-11,良,67,126,47,71,20,54,1.05,44
11,2017-02-12,良,95,207,69,101,14,73,1.16,42
12,2017-02-13,良,95,188,69,108,26,89,1.42,35
13,2017-02-14,良,76,107,53,98,20,80,1.18,38
14,2017-02-15,轻度污染,112,197,82,147,23,100,1.52,35
15,2017-02-16,轻度污染,121,259,90,143,21,75,1.28,60
16,2017-02-17,重度污染,207,360,164,221,13,53,1.64,32
17,2017-02-18,轻度污染,133,310,99,131,13,59,1.39,22
18,2017-02-19,中度污染,177,318,133,171,13,63,1.54,28
19,2017-02-20,轻度污染,137,322,103,150,11,46,1.46,30
20,2017-02-21,优,45,43,23,47,7,30,0.91,31
21,2017-02-22,良,83,267,61,49,7,29,0.99,39
22,2017-02-23,良,83,258,61,72,13,48,1.09,40
23,2017-02-24,良,79,229,57,83,13,64,1.02,39
24,2017-02-25,良,85,247,62,92,15,65,0.97,51
25,2017-02-26,良,94,267,69,117,13,79,1.12,44
26,2017-02-27,良,100,271,72,133,25,86,1.31,43
27,2017-02-28,良,98,235,72,122,25,80,1.17,54
0,2017-01-01,轻度污染,147,200,111,165,24,91,1.82,14
1,2017-01-02,中度污染,169,231,128,157,15,69,1.38,33
2,2017-01-03,重度污染,208,277,159,199,19,93,1.82,20
3,2017-01-04,重度污染,235,301,185,215,13,87,2.14,5
4,2017-01-05,优,43,39,30,29,4,40,1.69,12
5,2017-01-06,优,24,2,16,14,4,33,0.83,24
6,2017-01-07,优,37,50,26,30,4,34,0.98,16
7,2017-01-08,良,82,197,59,72,9,43,1.26,36
8,2017-01-09,轻度污染,140,305,106,121,17,58,1.76,37
9,2017-01-10,轻度污染,121,274,91,98,10,41,1.38,52
10,2017-01-11,轻度污染,149,311,113,103,10,45,1.47,24
11,2017-01-12,轻度污染,127,306,96,72,9,46,1.29,35
12,2017-01-13,轻度污染,107,280,80,106,9,70,1.43,15
13,2017-01-14,良,95,278,71,101,19,57,1.21,32
14,2017-01-15,良,68,185,47,75,12,47,0.95,33
15,2017-01-16,良,94,236,69,96,13,57,1.16,31
16,2017-01-17,良,91,194,67,94,10,56,1.0,28
17,2017-01-18,轻度污染,124,250,93,105,9,50,1.04,16
18,2017-01-19,轻度污染,150,284,113,127,10,33,1.05,44
19,2017-01-20,良,92,276,55,118,14,36,0.78,51
20,2017-01-21,良,87,240,59,118,16,60,1.1,31
21,2017-01-22,轻度污染,132,313,100,155,16,76,1.49,28
22,2017-01-23,轻度污染,116,273,87,124,20,67,1.28,37
23,2017-01-24,良,89,184,65,90,19,50,1.19,50
24,2017-01-25,轻度污染,109,191,81,93,10,42,1.17,45
25,2017-01-26,良,85,113,62,74,9,45,1.08,46
26,2017-01-27,中度污染,170,315,122,232,14,35,1.34,53
27,2017-01-28,中度污染,197,265,150,193,21,36,1.64,47
28,2017-01-29,中度污染,153,310,116,130,10,17,1.38,40
29,2017-01-30,轻度污染,146,348,109,124,12,17,1.48,55
30,2017-01-31,良,93,293,68,74,9,22,1.22,44
0,2016-12-01,中度污染,155,321,117,168,13,83,1.62,13
1,2016-12-02,轻度污染,137,281,100,160,13,85,1.62,23
2,2016-12-03,中度污染,154,291,117,182,18,91,1.46,23
3,2016-12-04,轻度污染,135,273,101,123,12,52,1.17,31
4,2016-12-05,轻度污染,128,272,94,150,19,60,1.43,37
5,2016-12-06,轻度污染,111,260,82,123,16,57,1.34,37
6,2016-12-07,中度污染,161,312,122,174,14,102,1.54,20
7,2016-12-08,中度污染,185,316,140,193,15,104,1.68,32
8,2016-12-09,中度污染,177,345,133,172,20,77,1.68,43
9,2016-12-10,良,93,187,69,87,10,40,1.0,36
10,2016-12-11,轻度污染,103,208,76,98,11,55,1.18,17
11,2016-12-12,轻度污染,131,273,99,105,8,54,1.23,6
12,2016-12-13,中度污染,151,323,114,74,6,37,1.23,13
13,2016-12-14,良,85,267,62,45,7,30,1.04,24
14,2016-12-15,轻度污染,112,269,84,102,13,57,1.15,28
15,2016-12-16,轻度污染,148,296,112,129,16,69,1.33,35
16,2016-12-17,轻度污染,107,189,80,109,23,75,1.3,24
17,2016-12-18,轻度污染,103,162,76,117,22,78,1.32,22
18,2016-12-19,轻度污染,119,150,89,117,15,79,1.33,10
19,2016-12-20,中度污染,183,255,137,61,7,48,1.45,8
20,2016-12-21,良,72,139,52,41,5,43,1.86,20
21,2016-12-22,良,99,246,73,87,8,71,1.8,13
22,2016-12-23,轻度污染,111,267,83,122,11,74,1.69,13
23,2016-12-24,良,91,211,67,86,10,54,1.25,14
24,2016-12-25,良,75,207,55,23,5,38,1.16,7
25,2016-12-26,良,58,194,41,41,7,36,1.11,12
26,2016-12-27,良,95,306,70,74,14,42,1.34,29
27,2016-12-28,轻度污染,113,302,84,110,18,59,1.41,23
28,2016-12-29,轻度污染,127,287,96,115,15,56,1.28,33
29,2016-12-30,轻度污染,142,279,107,140,16,63,1.41,22
30,2016-12-31,轻度污染,146,230,110,161,23,89,1.93,14
0,2016-11-01,优,44,139,28,40,6,31,0.91,14
1,2016-11-02,良,52,140,34,52,6,36,0.76,32
2,2016-11-03,良,81,210,58,92,8,51,0.96,25
3,2016-11-04,良,84,193,58,105,9,64,1.36,27
4,2016-11-05,轻度污染,102,214,71,128,18,73,1.49,26
5,2016-11-06,轻度污染,110,211,78,128,13,58,1.32,37
6,2016-11-07,轻度污染,108,277,78,76,7,31,1.38,26
7,2016-11-08,良,67,239,48,53,7,24,0.86,44
8,2016-11-09,良,62,233,44,53,7,37,0.67,33
9,2016-11-10,良,57,180,39,56,8,47,0.73,41
10,2016-11-11,良,71,221,47,83,13,58,1.05,20
11,2016-11-12,良,83,218,55,111,15,66,1.23,19
12,2016-11-13,轻度污染,106,248,78,141,17,73,1.75,12
13,2016-11-14,轻度污染,123,263,92,162,15,83,1.9,17
14,2016-11-15,中度污染,198,353,151,193,12,84,1.73,17
15,2016-11-16,轻度污染,122,298,92,106,10,52,1.56,24
16,2016-11-17,良,56,94,39,51,7,36,1.26,7
17,2016-11-18,良,52,57,36,56,7,41,1.48,3
18,2016-11-19,良,71,139,50,77,8,45,1.51,9
19,2016-11-20,良,94,264,68,93,9,43,1.59,21
20,2016-11-21,良,59,215,39,60,7,43,1.88,5
21,2016-11-22,优,15,2,7,11,5,23,0.99,25
22,2016-11-23,优,28,86,18,18,5,19,1.05,42
23,2016-11-24,良,63,182,45,62,12,44,1.15,25
24,2016-11-25,良,58,126,39,65,10,55,0.84,17
25,2016-11-26,良,76,177,55,73,10,46,0.7,28
26,2016-11-27,轻度污染,103,230,76,136,14,83,1.54,22
27,2016-11-28,轻度污染,111,269,76,154,14,79,1.44,26
28,2016-11-29,轻度污染,130,297,98,155,13,63,1.26,16
29,2016-11-30,轻度污染,130,297,99,132,11,50,1.04,28
0,2016-10-01,优,49,123,33,48,7,46,0.84,20
1,2016-10-02,良,53,168,37,54,6,37,0.8,21
2,2016-10-03,良,84,285,60,100,8,60,1.44,26
3,2016-10-04,良,77,281,51,93,11,67,1.42,43
4,2016-10-05,良,68,227,44,83,10,52,0.91,64
5,2016-10-06,良,87,321,62,108,10,48,1.06,74
6,2016-10-07,良,82,315,58,97,10,35,1.06,71
7,2016-10-08,良,66,266,43,74,8,24,0.75,76
8,2016-10-09,良,65,281,34,67,13,32,0.87,88
9,2016-10-10,良,55,179,23,59,10,31,0.69,71
10,2016-10-11,良,63,225,37,68,10,38,0.77,33
11,2016-10-12,优,46,101,30,37,6,39,0.81,25
12,2016-10-13,良,52,124,36,49,7,40,0.75,28
13,2016-10-14,良,57,168,40,58,6,47,0.93,21
14,2016-10-15,良,75,258,52,91,8,55,1.21,19
15,2016-10-16,优,50,89,32,50,6,35,0.97,31
16,2016-10-17,良,67,213,43,81,11,64,1.25,38
17,2016-10-18,良,66,185,39,78,10,57,1.1,50
18,2016-10-19,轻度污染,111,299,83,131,9,63,1.55,22
19,2016-10-20,良,79,267,57,75,6,45,1.51,9
20,2016-10-21,优,30,55,15,28,6,30,1.14,20
21,2016-10-22,优,17,1,7,15,5,27,1.16,18
22,2016-10-23,优,24,18,12,21,5,29,1.28,15
23,2016-10-24,优,29,39,14,28,5,27,1.11,7
24,2016-10-25,优,28,30,16,23,5,38,1.16,17
25,2016-10-26,优,18,3,11,15,4,32,1.12,9
26,2016-10-27,优,34,65,21,32,5,34,1.45,6
27,2016-10-28,优,25,19,14,21,5,24,0.89,32
28,2016-10-29,优,22,22,13,18,4,27,0.79,35
29,2016-10-30,优,43,112,29,41,6,40,0.94,20
30,2016-10-31,优,33,41,21,25,5,34,0.89,18
0,2016-09-01,良,88,320,55,99,9,28,0.77,101
1,2016-09-02,轻度污染,101,340,46,112,10,55,0.86,118
2,2016-09-03,轻度污染,116,342,63,150,14,72,1.14,98
3,2016-09-04,良,89,283,49,123,16,65,1.01,84
4,2016-09-05,良,97,306,46,120,16,68,0.95,84
5,2016-09-06,良,65,224,30,74,9,42,0.64,75
6,2016-09-07,良,79,326,44,95,16,45,0.65,87
7,2016-09-08,良,95,329,53,129,12,56,0.78,90
8,2016-09-09,良,92,291,64,126,12,56,0.87,61
9,2016-09-10,良,70,256,41,78,8,41,0.74,78
10,2016-09-11,良,93,337,45,110,11,49,0.82,100
11,2016-09-12,良,89,326,45,102,15,41,0.92,105
12,2016-09-13,良,77,282,34,86,16,45,0.84,97
13,2016-09-14,良,96,317,45,102,12,44,0.88,123
14,2016-09-15,良,56,187,25,56,7,22,0.61,93
15,2016-09-16,优,34,88,11,31,5,15,0.43,57
16,2016-09-17,优,41,122,12,36,6,20,0.44,74
17,2016-09-18,良,59,244,26,66,10,34,0.72,77
18,2016-09-19,良,74,324,38,90,11,26,0.72,105
19,2016-09-20,良,76,316,32,93,13,25,0.6,112
20,2016-09-21,良,78,266,37,93,14,46,0.69,101
21,2016-09-22,轻度污染,114,351,61,155,15,73,0.98,90
22,2016-09-23,轻度污染,109,338,66,151,19,75,1.03,94
23,2016-09-24,轻度污染,117,331,74,165,19,80,1.09,84
24,2016-09-25,轻度污染,114,327,85,160,19,65,1.29,66
25,2016-09-26,轻度污染,129,354,93,157,12,47,1.18,90
26,2016-09-27,良,66,244,39,63,7,21,0.87,65
27,2016-09-28,优,45,183,13,48,6,16,0.75,54
28,2016-09-29,优,34,75,19,32,7,20,0.63,42
29,2016-09-30,优,34,61,20,31,7,29,0.59,41
0,2016-08-01,良,94,356,35,95,6,36,0.81,103
1,2016-08-02,良,59,255,24,63,6,30,0.81,74
2,2016-08-03,优,46,191,19,45,5,28,0.84,43
3,2016-08-04,优,31,66,14,30,4,29,0.7,32
4,2016-08-05,良,56,239,28,62,5,31,0.8,47
5,2016-08-06,良,51,190,25,55,4,43,0.73,33
6,2016-08-07,良,56,269,25,60,5,40,0.83,46
7,2016-08-08,优,46,193,20,45,4,29,0.68,43
8,2016-08-09,良,57,252,29,60,5,26,0.7,66
9,2016-08-10,良,57,244,24,60,5,29,0.65,68
10,2016-08-11,良,70,309,26,68,5,31,0.76,80
11,2016-08-12,良,74,332,29,72,5,31,0.74,88
12,2016-08-13,良,74,328,25,76,5,33,0.7,78
13,2016-08-14,良,67,300,24,65,5,33,0.79,76
14,2016-08-15,良,75,339,28,80,6,33,0.83,87
15,2016-08-16,良,86,344,49,104,7,30,0.97,110
16,2016-08-17,轻度污染,103,354,58,114,5,29,1.18,118
17,2016-08-18,良,98,349,46,104,7,36,0.93,117
18,2016-08-19,良,77,323,31,93,7,37,0.76,80
19,2016-08-20,良,82,348,43,110,5,35,1.03,79
20,2016-08-21,良,62,226,33,66,4,14,0.97,98
21,2016-08-22,良,75,296,48,91,5,21,1.01,100
22,2016-08-23,良,77,304,47,96,5,34,1.18,87
23,2016-08-24,良,97,333,57,128,5,47,1.2,90
24,2016-08-25,良,88,322,55,108,6,39,1.13,80
25,2016-08-26,优,27,8,9,21,4,15,0.6,45
26,2016-08-27,良,59,259,18,53,9,22,0.65,103
27,2016-08-28,良,71,272,24,66,11,41,0.66,104
28,2016-08-29,良,86,355,31,90,18,55,0.93,104
29,2016-08-30,良,95,350,45,112,15,44,0.86,118
30,2016-08-31,良,81,252,43,94,10,35,0.65,102
0,2016-07-01,优,18,3,9,15,4,22,0.57,32
1,2016-07-02,优,19,4,8,12,4,31,0.61,27
2,2016-07-03,优,29,69,12,26,4,27,0.62,53
3,2016-07-04,优,31,92,8,16,4,22,0.57,64
4,2016-07-05,优,30,59,13,25,4,33,0.62,41
5,2016-07-06,优,22,13,10,20,3,27,0.77,29
6,2016-07-07,良,56,235,26,52,4,39,0.88,74
7,2016-07-08,良,73,311,33,65,5,42,0.88,78
8,2016-07-09,良,66,283,25,59,7,28,0.71,78
9,2016-07-10,良,58,239,29,59,5,25,0.64,74
10,2016-07-11,良,59,232,31,62,5,30,0.68,66
11,2016-07-12,良,84,342,39,89,4,43,0.79,96
12,2016-07-13,良,57,245,31,63,5,38,0.82,66
13,2016-07-14,良,58,245,35,58,4,27,0.85,79
14,2016-07-15,优,31,37,12,24,3,27,0.72,47
15,2016-07-16,良,69,293,22,49,5,35,0.95,99
16,2016-07-17,良,60,217,30,67,5,30,0.88,58
17,2016-07-18,优,50,165,20,49,5,24,0.62,53
18,2016-07-19,优,43,142,22,43,3,27,0.74,26
19,2016-07-20,优,38,118,15,35,3,20,0.52,38
20,2016-07-21,优,43,147,17,43,4,20,0.6,54
21,2016-07-22,优,49,150,17,49,5,20,0.5,75
22,2016-07-23,良,57,199,22,58,5,22,0.51,87
23,2016-07-24,良,59,198,22,64,4,26,0.56,77
24,2016-07-25,良,75,295,30,87,4,33,0.62,95
25,2016-07-26,良,83,331,40,99,5,36,0.64,101
26,2016-07-27,良,80,312,37,98,4,36,0.69,98
27,2016-07-28,良,81,289,37,87,5,27,0.58,120
28,2016-07-29,良,72,234,26,71,5,25,0.5,112
29,2016-07-30,良,69,229,23,76,7,36,0.48,75
30,2016-07-31,良,98,353,34,121,8,49,0.84,79
0,2016-06-01,优,34,30,17,33,5,25,0.88,47
1,2016-06-02,优,29,18,14,25,5,25,0.72,52
2,2016-06-03,优,50,168,30,52,7,34,0.74,58
3,2016-06-04,良,73,260,44,81,8,46,0.71,86
4,2016-06-05,良,83,310,52,103,11,46,0.95,86
5,2016-06-06,良,70,220,27,60,10,36,0.87,100
6,2016-06-07,良,64,190,39,76,4,41,0.84,70
7,2016-06-08,良,77,262,46,79,5,37,0.76,80
8,2016-06-09,良,79,269,44,92,7,42,0.82,106
9,2016-06-10,良,90,331,59,117,8,50,1.02,100
10,2016-06-11,良,80,306,57,86,5,42,1.0,63
11,2016-06-12,优,50,176,30,53,4,40,0.79,79
12,2016-06-13,良,74,272,43,82,4,43,0.73,84
13,2016-06-14,良,72,273,39,83,5,39,0.67,79
14,2016-06-15,良,72,314,31,93,7,45,0.67,56
15,2016-06-16,良,79,281,25,79,8,34,0.57,102
16,2016-06-17,良,81,270,29,77,7,37,0.57,112
17,2016-06-18,良,61,187,29,70,6,28,0.61,62
18,2016-06-19,优,46,149,17,30,4,25,0.59,60
19,2016-06-20,优,43,134,20,41,3,39,0.91,30
20,2016-06-21,良,53,177,26,55,4,33,0.7,45
21,2016-06-22,良,55,208,25,58,6,35,0.56,55
22,2016-06-23,良,55,235,21,57,6,27,0.51,77
23,2016-06-24,优,35,93,11,26,6,21,0.68,65
24,2016-06-25,优,42,144,12,19,4,26,0.62,79
25,2016-06-26,优,44,125,26,42,5,36,0.74,45
26,2016-06-27,优,30,35,17,24,4,35,0.65,40
27,2016-06-28,优,36,68,22,33,5,45,0.7,31
28,2016-06-29,良,55,204,31,56,6,34,0.87,55
29,2016-06-30,优,47,172,21,48,6,30,0.71,33
0,2016-05-01,良,69,145,36,82,7,32,0.75,78
1,2016-05-02,良,65,183,36,78,6,27,0.76,39
2,2016-05-03,良,82,328,33,111,7,40,0.59,65
3,2016-05-04,良,86,289,40,119,12,54,0.86,58
4,2016-05-05,优,49,77,30,51,3,28,0.78,52
5,2016-05-06,良,73,164,50,90,7,40,1.18,51
6,2016-05-07,良,94,284,54,132,5,26,0.85,79
7,2016-05-08,良,70,260,41,87,3,22,0.72,54
8,2016-05-09,良,61,193,43,60,4,37,0.84,42
9,2016-05-10,良,68,210,47,73,4,36,0.86,59
10,2016-05-11,良,85,195,57,104,10,42,1.04,76
11,2016-05-12,轻度污染,105,287,62,138,13,33,0.93,100
12,2016-05-13,良,74,237,32,95,8,24,0.66,95
13,2016-05-14,轻度污染,101,332,73,115,9,41,1.19,66
14,2016-05-15,优,48,146,22,53,3,27,0.68,58
15,2016-05-16,良,78,311,36,92,8,54,0.66,67
16,2016-05-17,良,82,265,46,99,16,56,0.76,88
17,2016-05-18,良,90,269,60,113,14,54,0.88,79
18,2016-05-19,轻度污染,124,341,93,147,11,57,1.16,61
19,2016-05-20,良,69,214,50,55,4,27,0.9,86
20,2016-05-21,优,39,71,16,23,3,20,0.55,76
21,2016-05-22,优,47,135,22,42,3,30,0.58,71
22,2016-05-23,良,64,219,42,72,4,49,0.71,48
23,2016-05-24,良,81,285,55,97,5,50,0.76,98
24,2016-05-25,良,71,237,45,79,4,46,0.76,65
25,2016-05-26,优,49,132,32,42,3,30,0.7,68
26,2016-05-27,优,48,136,32,43,3,32,0.82,58
27,2016-05-28,优,37,62,16,28,3,22,0.71,76
28,2016-05-29,良,56,159,28,53,5,34,0.71,88
29,2016-05-30,良,74,215,41,84,7,47,0.87,77
30,2016-05-31,良,70,203,41,88,6,43,1.09,41
0,2016-04-01,良,88,185,62,105,19,49,1.08,49
1,2016-04-02,轻度污染,102,262,75,116,16,59,1.4,16
2,2016-04-03,良,64,238,46,55,5,20,0.96,44
3,2016-04-04,良,64,200,44,67,9,31,1.0,59
4,2016-04-05,良,74,250,53,74,15,42,1.19,18
5,2016-04-06,优,25,4,17,18,3,30,1.07,15
6,2016-04-07,良,51,130,34,52,7,44,1.18,43
7,2016-04-08,良,92,277,66,118,9,84,1.55,36
8,2016-04-09,良,96,275,68,131,14,80,1.55,26
9,2016-04-10,轻度污染,106,305,73,144,17,78,1.57,58
10,2016-04-11,良,98,296,55,125,14,61,1.01,96
11,2016-04-12,良,80,247,49,107,14,50,0.95,68
12,2016-04-13,轻度污染,108,286,73,152,11,75,1.12,73
13,2016-04-14,良,100,265,67,139,16,60,1.01,74
14,2016-04-15,良,59,112,33,66,13,33,0.81,66
15,2016-04-16,优,43,55,23,38,5,28,0.77,56
16,2016-04-17,良,55,165,30,59,8,41,0.87,45
17,2016-04-18,良,59,214,33,66,8,44,0.61,55
18,2016-04-19,良,71,240,37,87,13,39,0.83,74
19,2016-04-20,优,46,69,29,40,6,28,0.8,44
20,2016-04-21,良,63,170,40,72,6,36,0.83,82
21,2016-04-22,良,74,201,49,96,9,56,0.95,44
22,2016-04-23,优,44,83,25,42,5,33,0.67,68
23,2016-04-24,优,48,96,27,48,5,30,0.74,74
24,2016-04-25,良,60,147,38,66,7,41,0.91,60
25,2016-04-26,良,63,196,44,62,5,43,0.96,39
26,2016-04-27,良,82,280,59,95,5,24,0.85,89
27,2016-04-28,良,70,193,37,82,12,47,0.91,86
28,2016-04-29,良,87,242,46,105,14,52,0.81,93
29,2016-04-30,良,87,235,46,111,11,49,0.78,89
0,2016-03-01,轻度污染,115,318,85,140,29,48,1.09,82
1,2016-03-02,轻度污染,129,286,97,173,34,82,1.49,53
2,2016-03-03,中度污染,197,347,148,238,36,110,1.81,13
3,2016-03-04,轻度污染,115,200,85,120,17,48,1.11,47
4,2016-03-05,重度污染,211,319,113,284,20,41,1.14,57
5,2016-03-06,中度污染,186,306,142,231,21,50,1.31,55
6,2016-03-07,中度污染,181,332,139,191,23,58,1.49,40
7,2016-03-08,良,67,228,45,36,8,19,0.93,50
8,2016-03-09,优,41,135,19,31,6,17,0.56,60
9,2016-03-10,良,53,220,36,52,10,23,0.6,55
10,2016-03-11,良,77,262,56,82,15,45,0.82,45
11,2016-03-12,良,86,215,62,107,32,55,0.99,47
12,2016-03-13,轻度污染,115,291,86,122,19,46,0.99,56
13,2016-03-14,中度污染,155,349,117,145,20,52,1.09,81
14,2016-03-15,轻度污染,149,331,113,164,29,66,1.08,62
15,2016-03-16,轻度污染,149,302,112,181,23,82,1.3,46
16,2016-03-17,中度污染,183,319,137,208,23,95,1.45,9
17,2016-03-18,中度污染,166,310,125,161,15,56,1.04,56
18,2016-03-19,中度污染,152,304,115,184,21,72,1.43,52
19,2016-03-20,轻度污染,122,295,92,120,12,44,1.16,52
20,2016-03-21,良,94,251,69,122,15,48,0.98,74
21,2016-03-22,轻度污染,113,311,84,160,21,68,1.14,76
22,2016-03-23,轻度污染,111,343,83,111,8,24,0.73,86
23,2016-03-24,良,63,237,35,72,8,22,0.56,98
24,2016-03-25,良,68,234,33,85,18,46,0.68,66
25,2016-03-26,良,83,264,58,101,12,63,0.77,53
26,2016-03-27,良,87,261,59,91,12,63,0.75,54
27,2016-03-28,良,81,201,47,103,13,63,0.68,68
28,2016-03-29,良,87,220,58,109,16,72,0.78,29
29,2016-03-30,轻度污染,106,277,78,88,7,49,1.03,18
30,2016-03-31,良,80,177,58,67,6,38,0.84,55
0,2016-02-01,轻度污染,149,343,114,78,20,29,1.32,59
1,2016-02-02,轻度污染,148,331,112,134,22,48,1.44,59
2,2016-02-03,轻度污染,127,273,96,127,21,63,1.41,44
3,2016-02-04,轻度污染,120,262,90,121,19,69,1.26,46
4,2016-02-05,轻度污染,119,287,88,108,20,42,1.0,72
5,2016-02-06,良,62,157,25,73,16,18,0.52,79
6,2016-02-07,良,80,168,54,99,15,31,0.77,75
7,2016-02-08,中度污染,193,273,152,187,27,51,1.25,61
8,2016-02-09,中度污染,155,332,117,145,35,48,1.36,65
9,2016-02-10,良,87,225,64,94,32,46,1.19,48
10,2016-02-11,良,82,218,60,81,20,38,1.12,27
11,2016-02-12,轻度污染,101,246,75,82,13,25,1.29,17
12,2016-02-13,良,66,265,46,50,10,13,1.2,41
13,2016-02-14,优,49,279,30,45,11,12,0.6,52
14,2016-02-15,优,42,152,23,41,13,20,0.56,64
15,2016-02-16,良,54,220,35,57,14,42,0.69,55
16,2016-02-17,良,83,307,61,90,17,70,1.11,33
17,2016-02-18,良,88,267,64,93,18,70,1.14,38
18,2016-02-19,轻度污染,119,278,75,151,23,56,1.01,40
19,2016-02-20,轻度污染,140,336,59,229,16,39,0.64,52
20,2016-02-21,轻度污染,130,340,68,207,22,37,0.83,51
21,2016-02-22,良,86,221,63,91,11,30,0.91,58
22,2016-02-23,中度污染,171,347,133,186,11,33,1.02,46
23,2016-02-24,重度污染,233,360,184,230,17,50,1.54,50
24,2016-02-25,中度污染,166,340,125,172,21,62,1.28,47
25,2016-02-26,良,100,272,69,112,14,33,0.76,64
26,2016-02-27,良,78,215,49,95,14,43,0.82,47
27,2016-02-28,轻度污染,113,304,83,157,25,48,1.09,67
28,2016-02-29,轻度污染,104,292,74,123,22,50,1.0,74
0,2016-01-01,轻度污染,149,252,113,161,39,76,1.35,17
1,2016-01-02,中度污染,186,282,140,201,49,83,1.7,16
2,2016-01-03,中度污染,157,230,119,158,31,68,1.69,12
3,2016-01-04,重度污染,235,324,194,184,16,56,1.96,15
4,2016-01-05,轻度污染,134,301,101,59,11,37,2.01,9
5,2016-01-06,轻度污染,118,287,88,87,10,34,1.31,12
6,2016-01-07,轻度污染,135,318,101,108,16,33,1.04,33
7,2016-01-08,中度污染,167,326,126,162,21,59,1.69,22
8,2016-01-09,中度污染,174,297,132,149,19,55,1.65,15
9,2016-01-10,轻度污染,142,258,107,99,13,45,1.48,12
10,2016-01-11,重度污染,239,356,188,41,14,43,1.98,16
11,2016-01-12,轻度污染,108,304,80,29,11,30,1.11,12
12,2016-01-13,轻度污染,113,273,84,92,23,41,1.23,32
13,2016-01-14,中度污染,169,325,128,165,25,67,1.31,18
14,2016-01-15,中度污染,162,318,123,168,27,65,1.43,25
15,2016-01-16,中度污染,162,295,122,166,17,72,1.62,15
16,2016-01-17,中度污染,178,325,138,145,20,43,1.35,51
17,2016-01-18,严重污染,253,357,208,229,25,44,1.82,34
18,2016-01-19,中度污染,178,346,137,169,27,51,1.38,47
19,2016-01-20,轻度污染,137,332,103,121,22,50,1.02,26
20,2016-01-21,良,95,279,70,59,12,34,0.83,24
21,2016-01-22,良,79,248,57,54,10,26,0.75,38
22,2016-01-23,良,95,334,69,81,20,23,0.91,52
23,2016-01-24,良,88,348,24,124,12,19,0.57,61
24,2016-01-25,良,84,297,35,116,15,45,0.66,44
25,2016-01-26,良,95,290,61,136,33,68,1.02,29
26,2016-01-27,良,96,230,70,126,36,66,1.11,19
27,2016-01-28,轻度污染,102,228,76,90,14,50,1.04,21
28,2016-01-29,轻度污染,119,275,89,66,10,33,1.09,38
29,2016-01-30,良,95,258,70,66,8,33,1.14,22
30,2016-01-31,轻度污染,127,335,96,71,8,28,1.23,24
0,2015-12-01,良,82,176,58,93,14,49,1.25,15
1,2015-12-02,轻度污染,108,286,51,151,18,40,0.95,28
2,2015-12-03,轻度污染,109,355,51,166,20,52,0.97,27
3,2015-12-04,良,60,186,25,69,19,39,0.67,31
4,2015-12-05,良,81,233,53,99,18,52,0.8,10
5,2015-12-06,良,90,235,66,94,13,54,1.03,15
6,2015-12-07,良,90,194,63,113,24,65,1.27,12
7,2015-12-08,良,90,207,66,95,16,52,1.12,14
8,2015-12-09,良,100,237,74,101,15,48,0.83,13
9,2015-12-10,中度污染,182,302,140,165,15,48,1.17,20
10,2015-12-11,严重污染,284,358,233,242,18,43,1.65,36
11,2015-12-12,严重污染,311,367,260,259,10,56,2.56,10
12,2015-12-13,中度污染,156,305,118,103,8,41,1.02,14
13,2015-12-14,中度污染,165,282,124,158,16,61,1.33,22
14,2015-12-15,良,68,191,44,72,18,42,0.74,36
15,2015-12-16,良,53,169,24,57,16,30,0.55,48
16,2015-12-17,良,72,274,42,92,23,55,0.96,22
17,2015-12-18,良,92,258,67,122,30,63,1.15,20
18,2015-12-19,轻度污染,133,284,100,162,39,76,1.42,9
19,2015-12-20,轻度污染,119,216,90,47,11,49,0.96,21
20,2015-12-21,轻度污染,107,166,80,91,21,42,0.96,18
21,2015-12-22,轻度污染,150,218,112,109,11,43,1.2,13
22,2015-12-23,重度污染,222,277,172,101,12,44,1.33,22
23,2015-12-24,中度污染,180,291,142,108,14,48,1.52,24
24,2015-12-25,严重污染,328,355,278,296,41,76,2.31,41
25,2015-12-26,中度污染,177,327,135,176,31,87,1.65,32
26,2015-12-27,中度污染,180,355,139,178,15,61,1.69,19
27,2015-12-28,轻度污染,126,276,95,120,9,36,1.09,10
28,2015-12-29,中度污染,158,274,120,153,16,57,1.27,16
29,2015-12-30,中度污染,200,303,152,198,21,81,1.59,21
30,2015-12-31,中度污染,165,254,125,167,28,71,1.31,30
0,2015-11-01,良,84,281,61,73,16,40,0.69,58
1,2015-11-02,良,86,220,62,100,24,68,1.02,43
2,2015-11-03,良,96,218,69,111,28,59,1.06,49
3,2015-11-04,轻度污染,113,262,84,113,24,61,1.23,21
4,2015-11-05,良,89,235,65,93,21,51,1.29,16
5,2015-11-06,良,66,244,46,69,22,40,1.24,14
6,2015-11-07,优,39,85,26,28,15,23,0.84,19
7,2015-11-08,良,64,201,46,50,16,26,0.97,32
8,2015-11-09,良,100,264,74,88,26,45,1.46,35
9,2015-11-10,轻度污染,101,274,75,93,17,39,1.34,35
10,2015-11-11,轻度污染,128,292,97,108,12,42,1.24,36
11,2015-11-12,良,76,209,55,53,11,39,0.87,17
12,2015-11-13,良,66,209,47,50,11,41,1.26,19
13,2015-11-14,良,82,217,60,72,15,47,1.23,25
14,2015-11-15,良,67,178,47,71,20,42,1.49,17
15,2015-11-16,良,66,201,47,48,11,31,1.2,25
16,2015-11-17,良,68,229,48,52,14,30,1.52,25
17,2015-11-18,良,57,218,40,38,8,27,1.52,26
18,2015-11-19,良,66,242,47,50,30,30,1.56,9
19,2015-11-20,良,70,208,49,77,18,47,1.61,13
20,2015-11-21,良,75,272,54,86,19,43,1.57,9
21,2015-11-22,良,65,288,46,63,17,36,1.55,11
22,2015-11-23,优,34,68,23,27,13,24,1.17,9
23,2015-11-24,优,25,36,17,13,5,22,0.97,23
24,2015-11-25,良,80,306,58,63,23,35,0.75,32
25,2015-11-26,良,63,227,44,62,15,43,0.76,39
26,2015-11-27,良,69,213,47,85,28,54,0.93,22
27,2015-11-28,轻度污染,113,274,84,137,31,65,1.41,14
28,2015-11-29,轻度污染,118,259,88,102,20,52,1.17,13
29,2015-11-30,轻度污染,128,261,97,135,23,55,1.45,6
0,2015-10-01,良,65,232,30,75,13,27,0.65,59
1,2015-10-02,轻度污染,103,317,50,153,21,55,0.76,75
2,2015-10-03,轻度污染,115,312,77,173,26,64,1.07,88
3,2015-10-04,良,98,288,64,139,22,47,1.12,93
4,2015-10-05,轻度污染,102,303,76,98,17,47,1.38,70
5,2015-10-06,良,72,231,53,52,16,37,1.28,24
6,2015-10-07,优,35,47,23,26,13,25,1.02,43
7,2015-10-08,优,44,139,23,34,13,17,0.74,81
8,2015-10-09,良,64,245,37,69,18,38,0.75,58
9,2015-10-10,良,84,330,53,115,20,59,0.9,56
10,2015-10-11,轻度污染,105,349,72,141,18,67,1.01,53
11,2015-10-12,轻度污染,102,315,71,143,28,76,1.16,67
12,2015-10-13,轻度污染,112,304,78,162,33,80,1.19,63
13,2015-10-14,轻度污染,116,263,83,167,31,79,1.05,74
14,2015-10-15,轻度污染,134,288,100,196,37,101,1.57,60
15,2015-10-16,轻度污染,148,301,106,196,28,96,1.54,71
16,2015-10-17,轻度污染,135,298,95,180,33,87,1.37,93
17,2015-10-18,轻度污染,146,329,109,200,31,98,1.57,85
18,2015-10-19,良,95,245,64,135,27,77,1.13,81
19,2015-10-20,轻度污染,104,261,74,143,25,79,1.19,70
20,2015-10-21,轻度污染,118,297,86,156,28,83,1.25,79
21,2015-10-22,轻度污染,102,260,75,125,20,57,1.1,96
22,2015-10-23,轻度污染,148,332,111,180,19,68,1.32,73
23,2015-10-24,中度污染,153,340,114,178,22,66,1.57,77
24,2015-10-25,轻度污染,138,339,104,171,22,64,1.34,68
25,2015-10-26,轻度污染,124,331,92,131,17,39,1.18,30
26,2015-10-27,优,48,110,24,53,19,30,0.62,50
27,2015-10-28,良,70,203,43,88,27,57,0.8,24
28,2015-10-29,优,37,53,24,31,14,32,0.67,32
29,2015-10-30,中度污染,153,364,118,139,17,39,1.12,38
30,2015-10-31,良,67,251,47,70,13,34,0.78,47
0,2015-09-01,良,84,316,54,97,11,33,0.8,101
1,2015-09-02,良,79,301,38,70,13,21,0.71,131
2,2015-09-03,良,87,335,45,91,17,35,0.96,119
3,2015-09-04,良,70,290,43,85,15,29,0.81,75
4,2015-09-05,良,57,275,30,58,12,29,0.89,70
5,2015-09-06,良,66,306,38,73,13,33,0.99,84
6,2015-09-07,良,91,362,61,95,14,19,1.03,122
7,2015-09-08,良,84,326,40,83,17,37,1.03,108
8,2015-09-09,良,90,339,42,86,19,38,0.95,116
9,2015-09-10,良,93,337,45,89,20,39,1.02,130
10,2015-09-11,良,73,296,46,89,16,38,0.91,71
11,2015-09-12,良,71,318,49,68,11,20,0.87,92
12,2015-09-13,良,65,264,32,70,21,36,0.85,92
13,2015-09-14,良,87,340,42,106,25,47,0.83,96
14,2015-09-15,良,99,341,61,112,25,48,1.03,95
15,2015-09-16,良,86,301,54,104,20,50,0.96,97
16,2015-09-17,良,79,261,47,106,29,46,0.9,85
17,2015-09-18,良,62,157,44,59,11,44,0.85,43
18,2015-09-19,优,48,118,32,41,15,31,0.83,39
19,2015-09-20,轻度污染,104,347,64,143,15,86,1.14,98
20,2015-09-21,轻度污染,101,307,63,111,20,54,0.97,95
21,2015-09-22,良,84,305,58,104,21,46,0.99,77
22,2015-09-23,良,81,313,58,84,13,38,1.02,86
23,2015-09-24,良,73,285,52,75,13,41,1.1,59
24,2015-09-25,良,58,229,38,56,12,28,0.77,72
25,2015-09-26,良,81,320,57,98,18,48,0.99,73
26,2015-09-27,良,97,329,57,104,21,58,1.01,86
27,2015-09-28,轻度污染,102,341,63,107,26,40,1.06,121
28,2015-09-29,良,60,237,32,67,15,25,0.8,88
29,2015-09-30,优,37,71,19,27,13,19,0.61,57
0,2015-08-01,良,54,190,18,56,12,23,0.47,76
1,2015-08-02,良,60,234,22,63,12,22,0.49,87
2,2015-08-03,良,61,262,27,67,14,21,0.47,96
3,2015-08-04,良,56,211,23,59,14,22,0.46,75
4,2015-08-05,良,61,213,25,70,13,31,0.5,64
5,2015-08-06,良,57,205,26,55,10,26,0.6,78
6,2015-08-07,良,60,210,27,56,10,26,0.71,86
7,2015-08-08,良,65,275,37,65,9,17,0.65,99
8,2015-08-09,优,44,165,21,44,8,13,0.5,51
9,2015-08-10,优,22,14,13,13,8,11,0.42,39
10,2015-08-11,优,32,53,16,27,9,14,0.47,49
11,2015-08-12,良,58,197,25,59,13,32,0.67,69
12,2015-08-13,良,71,220,33,73,13,35,0.74,90
13,2015-08-14,良,91,296,54,108,18,41,0.91,97
14,2015-08-15,良,70,264,47,86,11,39,0.89,53
15,2015-08-16,良,76,247,44,80,9,36,0.77,91
16,2015-08-17,良,96,271,59,116,15,52,1.07,93
17,2015-08-18,良,89,282,62,110,14,32,0.97,102
18,2015-08-19,优,50,147,30,40,10,24,0.79,63
19,2015-08-20,优,49,164,24,42,9,18,0.54,89
20,2015-08-21,良,67,247,35,67,12,42,0.78,77
21,2015-08-22,良,83,299,38,89,13,49,0.88,82
22,2015-08-23,良,88,335,50,106,16,41,0.92,93
23,2015-08-24,良,83,326,54,99,12,22,0.84,122
24,2015-08-25,良,82,307,59,102,11,29,0.9,109
25,2015-08-26,轻度污染,103,334,61,117,13,47,0.97,121
26,2015-08-27,轻度污染,118,345,76,158,15,64,1.16,96
27,2015-08-28,良,95,316,67,123,15,49,1.12,93
28,2015-08-29,轻度污染,103,344,66,120,14,47,1.04,114
29,2015-08-30,轻度污染,105,342,65,133,18,57,1.15,94
30,2015-08-31,轻度污染,108,356,65,135,16,57,1.14,93
0,2015-07-01,良,51,176,25,44,7,25,0.68,90
1,2015-07-02,良,89,329,47,94,9,54,0.97,81
2,2015-07-03,良,76,277,50,96,10,41,1.03,70
3,2015-07-04,良,62,221,34,58,9,38,0.81,90
4,2015-07-05,良,64,241,37,63,8,31,0.67,93
5,2015-07-06,优,50,145,29,41,9,26,0.65,78
6,2015-07-07,良,52,145,23,43,9,26,0.62,97
7,2015-07-08,良,78,269,44,84,10,38,0.77,94
8,2015-07-09,良,68,210,45,72,9,26,0.75,75
9,2015-07-10,优,45,112,23,43,9,19,0.71,68
10,2015-07-11,良,52,155,28,52,8,18,0.65,52
11,2015-07-12,良,66,199,33,76,7,34,0.68,70
12,2015-07-13,良,91,260,50,112,9,45,0.8,84
13,2015-07-14,轻度污染,101,296,70,146,12,56,1.13,74
14,2015-07-15,良,70,220,47,86,9,41,0.95,44
15,2015-07-16,优,37,28,19,21,10,22,0.86,68
16,2015-07-17,优,46,88,29,42,6,24,0.77,44
17,2015-07-18,良,74,281,52,80,7,29,0.75,70
18,2015-07-19,良,79,306,57,99,10,38,0.98,73
19,2015-07-20,良,70,229,42,78,9,38,0.87,63
20,2015-07-21,轻度污染,104,343,47,96,8,34,0.85,137
21,2015-07-22,良,83,304,48,98,10,48,1.05,78
22,2015-07-23,优,44,143,27,39,7,34,0.85,51
23,2015-07-24,良,57,211,32,50,8,27,0.68,86
24,2015-07-25,良,78,291,39,66,10,28,0.84,93
25,2015-07-26,优,43,87,24,40,10,28,0.72,40
26,2015-07-27,优,40,70,17,37,9,24,0.58,45
27,2015-07-28,优,46,118,19,45,11,23,0.49,65
28,2015-07-29,良,51,161,19,49,13,21,0.46,81
29,2015-07-30,良,53,197,21,52,10,19,0.46,78
30,2015-07-31,良,52,199,18,52,11,21,0.46,80
0,2015-06-01,轻度污染,105,280,78,137,22,48,1.27,85
1,2015-06-02,优,50,131,33,42,10,24,1.03,58
2,2015-06-03,良,60,235,39,64,12,36,0.88,76
3,2015-06-04,良,61,220,39,63,14,37,0.73,57
4,2015-06-05,良,58,155,32,59,14,34,0.66,77
5,2015-06-06,良,88,269,43,120,19,56,0.94,70
6,2015-06-07,良,54,152,32,59,17,44,0.99,63
7,2015-06-08,优,45,135,28,45,13,31,0.7,63
8,2015-06-09,良,75,231,53,92,16,45,0.8,63
9,2015-06-10,良,69,217,44,83,15,50,0.8,58
10,2015-06-11,良,97,331,44,137,14,45,0.66,72
11,2015-06-12,轻度污染,116,348,48,178,17,66,0.71,80
12,2015-06-13,良,94,315,50,136,15,66,0.8,55
13,2015-06-14,良,64,205,37,74,16,40,0.86,48
14,2015-06-15,优,44,94,25,44,11,31,0.71,41
15,2015-06-16,良,74,239,50,90,12,38,1.01,51
16,2015-06-17,优,35,54,22,26,9,30,0.99,49
17,2015-06-18,良,62,221,35,58,9,34,0.91,86
18,2015-06-19,良,76,274,48,81,14,48,1.16,80
19,2015-06-20,良,91,332,66,105,16,59,1.15,67
20,2015-06-21,良,83,274,60,69,8,26,1.08,108
21,2015-06-22,良,65,212,43,62,10,32,1.01,103
22,2015-06-23,良,78,264,50,81,13,30,1.05,98
23,2015-06-24,良,52,204,30,51,11,29,0.7,63
24,2015-06-25,优,48,199,23,50,6,27,0.68,48
25,2015-06-26,良,65,263,35,75,8,41,1.22,76
26,2015-06-27,优,50,192,27,52,6,30,0.69,48
27,2015-06-28,良,59,234,29,75,8,41,1.1,69
28,2015-06-29,良,68,281,41,83,8,32,0.86,68
29,2015-06-30,优,38,83,24,38,6,21,0.87,36
0,2015-05-01,良,84,245,60,97,18,47,1.09,77
1,2015-05-02,优,41,57,23,36,10,22,0.77,60
2,2015-05-03,良,74,227,46,72,12,35,0.92,89
3,2015-05-04,良,72,221,50,89,15,45,0.89,66
4,2015-05-05,良,98,299,72,121,16,58,1.13,70
5,2015-05-06,轻度污染,119,320,88,143,14,58,1.08,83
6,2015-05-07,轻度污染,106,293,78,130,17,48,1.11,77
7,2015-05-08,良,67,193,47,69,9,35,0.96,74
8,2015-05-09,良,82,294,50,90,13,54,1.15,75
9,2015-05-10,轻度污染,102,314,72,124,20,49,1.2,92
10,2015-05-11,良,75,330,33,95,13,25,0.56,82
11,2015-05-12,良,96,347,38,140,12,30,0.48,90
12,2015-05-13,良,84,258,43,115,19,44,0.69,60
13,2015-05-14,良,59,123,29,68,14,37,0.74,40
14,2015-05-15,良,65,211,46,73,11,33,0.97,52
15,2015-05-16,良,88,275,60,110,14,31,0.96,119
16,2015-05-17,良,76,199,53,91,20,37,0.93,87
17,2015-05-18,轻度污染,104,310,77,118,12,52,1.12,47
18,2015-05-19,轻度污染,138,350,104,160,12,59,1.25,89
19,2015-05-20,轻度污染,126,353,79,148,14,56,1.15,89
20,2015-05-21,良,97,353,36,99,21,44,0.88,143
21,2015-05-22,良,91,289,47,106,19,40,0.89,124
22,2015-05-23,轻度污染,109,311,81,125,15,50,0.95,79
23,2015-05-24,中度污染,165,358,121,181,18,65,1.3,111
24,2015-05-25,中度污染,175,359,132,219,28,91,1.41,92
25,2015-05-26,轻度污染,132,309,99,117,16,41,1.35,106
26,2015-05-27,轻度污染,115,276,86,110,12,41,1.15,47
27,2015-05-28,轻度污染,107,292,80,112,13,42,1.36,67
28,2015-05-29,良,57,172,40,47,10,25,0.99,55
29,2015-05-30,良,84,310,61,101,11,35,0.96,87
30,2015-05-31,轻度污染,124,335,86,139,14,57,1.15,96
0,2015-04-01,良,83,273,59,104,27,51,1.58,27
1,2015-04-02,优,35,25,22,35,18,36,1.15,23
2,2015-04-03,良,78,258,42,101,29,48,1.39,39
3,2015-04-04,良,61,145,42,40,13,29,1.32,38
4,2015-04-05,良,73,213,52,46,8,24,1.12,73
5,2015-04-06,良,100,307,74,57,9,25,1.14,76
6,2015-04-07,良,70,282,49,66,9,21,0.78,61
7,2015-04-08,良,55,158,37,49,14,37,0.87,54
8,2015-04-09,良,71,232,50,76,22,52,0.96,45
9,2015-04-10,良,94,292,69,110,20,63,1.09,46
10,2015-04-11,轻度污染,123,333,89,163,30,87,1.69,59
11,2015-04-12,良,95,331,45,122,17,41,0.66,76
12,2015-04-13,良,78,284,27,104,16,42,0.55,71
13,2015-04-14,良,84,238,45,113,22,48,0.63,81
14,2015-04-15,轻度污染,107,271,72,144,31,78,1.17,22
15,2015-04-16,轻度污染,110,251,75,138,25,54,1.25,40
16,2015-04-17,轻度污染,116,278,75,180,28,56,1.11,54
17,2015-04-18,轻度污染,109,285,81,147,28,63,1.29,46
18,2015-04-19,优,37,22,22,24,9,22,0.94,66
19,2015-04-20,优,47,82,27,42,12,27,0.68,68
20,2015-04-21,良,73,224,49,90,15,61,0.89,51
21,2015-04-22,良,87,284,55,121,19,79,0.9,53
22,2015-04-23,轻度污染,118,339,75,182,25,87,1.22,62
23,2015-04-24,轻度污染,109,313,79,151,22,77,1.09,48
24,2015-04-25,轻度污染,143,337,102,199,23,83,1.54,68
25,2015-04-26,轻度污染,129,341,83,187,23,80,1.31,70
26,2015-04-27,良,94,264,63,130,20,48,0.86,83
27,2015-04-28,良,78,213,51,88,16,35,0.84,63
28,2015-04-29,轻度污染,112,312,74,134,16,31,1.01,109
29,2015-04-30,轻度污染,101,270,57,142,23,56,1.03,110
0,2015-03-01,良,83,266,61,68,18,47,0.89,40
1,2015-03-02,轻度污染,102,286,75,86,25,54,1.1,37
2,2015-03-03,轻度污染,138,336,62,172,21,29,0.77,56
3,2015-03-04,良,69,256,47,82,22,36,0.89,58
4,2015-03-05,良,66,212,47,57,17,26,0.72,56
5,2015-03-06,轻度污染,134,337,101,109,22,39,0.92,49
6,2015-03-07,轻度污染,108,289,81,95,27,45,1.04,46
7,2015-03-08,良,89,243,65,80,28,49,0.97,33
8,2015-03-09,轻度污染,135,337,102,115,26,48,1.07,49
9,2015-03-10,中度污染,197,357,153,135,22,45,1.2,32
10,2015-03-11,轻度污染,109,316,81,113,26,58,1.07,37
11,2015-03-12,良,97,239,68,114,26,54,0.9,72
12,2015-03-13,轻度污染,110,273,81,142,40,79,1.33,37
13,2015-03-14,轻度污染,114,241,85,133,31,70,1.31,25
14,2015-03-15,轻度污染,143,300,108,127,28,57,1.51,8
15,2015-03-16,轻度污染,111,250,82,95,26,45,1.37,23
16,2015-03-17,良,58,105,40,52,25,39,1.49,12
17,2015-03-18,优,33,25,22,22,12,27,1.26,21
18,2015-03-19,良,58,98,41,49,14,32,1.27,24
19,2015-03-20,良,63,136,45,47,12,39,1.16,39
20,2015-03-21,良,97,257,71,106,19,64,1.21,43
21,2015-03-22,轻度污染,111,269,72,136,29,72,1.37,50
22,2015-03-23,轻度污染,101,315,57,146,25,47,0.99,73
23,2015-03-24,良,97,298,55,142,29,57,1.14,49
24,2015-03-25,良,81,255,50,109,35,59,0.96,68
25,2015-03-26,良,73,202,48,79,27,52,1.01,50
26,2015-03-27,良,89,239,65,83,20,49,1.13,59
27,2015-03-28,良,87,194,62,97,21,68,1.13,36
28,2015-03-29,轻度污染,106,228,78,122,23,65,1.53,30
29,2015-03-30,良,65,124,46,53,19,36,1.22,34
30,2015-03-31,良,72,178,47,80,22,41,1.21,40
0,2015-02-01,中度污染,161,343,122,3,16,54,1.43,15
1,2015-02-02,轻度污染,138,279,105,39,18,54,1.36,12
2,2015-02-03,中度污染,154,267,117,61,15,46,1.27,29
3,2015-02-04,重度污染,221,351,172,179,29,76,1.79,33
4,2015-02-05,重度污染,214,355,168,200,49,77,1.87,33
5,2015-02-06,中度污染,161,345,121,160,36,84,1.51,43
6,2015-02-07,中度污染,184,353,139,194,41,108,1.72,17
7,2015-02-08,重度污染,210,361,163,185,52,65,1.83,35
8,2015-02-09,良,73,145,52,84,28,60,1.03,38
9,2015-02-10,轻度污染,108,214,80,115,41,76,1.15,30
10,2015-02-11,中度污染,186,333,140,161,40,66,1.39,44
11,2015-02-12,中度污染,196,328,151,188,39,89,1.76,44
12,2015-02-13,中度污染,184,334,139,189,44,104,2.0,45
13,2015-02-14,中度污染,165,278,124,136,37,68,1.55,43
14,2015-02-15,轻度污染,132,252,99,103,25,52,1.6,20
15,2015-02-16,轻度污染,140,261,105,162,23,64,1.88,25
16,2015-02-17,中度污染,189,346,143,209,31,63,1.76,60
17,2015-02-18,中度污染,158,344,119,159,26,36,1.57,71
18,2015-02-19,轻度污染,142,245,107,122,25,30,1.2,61
19,2015-02-20,良,72,226,41,56,9,19,0.97,34
20,2015-02-21,轻度污染,109,287,81,75,14,25,1.1,45
21,2015-02-22,中度污染,161,305,122,108,15,33,1.37,31
22,2015-02-23,轻度污染,150,343,114,115,15,33,1.51,29
23,2015-02-24,轻度污染,122,312,91,93,16,38,1.48,25
24,2015-02-25,良,99,279,73,73,13,39,1.41,20
25,2015-02-26,良,73,223,53,49,16,40,1.25,17
26,2015-02-27,良,60,222,43,39,13,26,1.11,39
27,2015-02-28,优,32,75,21,18,10,18,0.72,54
0,2015-01-01,良,86,219,45,119,40,58,1.06,34
1,2015-01-02,轻度污染,110,449,82,142,57,78,1.35,12
2,2015-01-03,轻度污染,146,251,110,181,42,88,1.61,21
3,2015-01-04,中度污染,175,227,133,215,69,117,1.92,25
4,2015-01-05,中度污染,199,284,153,168,61,95,1.84,11
5,2015-01-06,严重污染,284,410,235,118,44,68,2.37,12
6,2015-01-07,中度污染,169,355,127,152,30,69,1.98,21
7,2015-01-08,重度污染,203,343,154,192,36,97,2.12,24
8,2015-01-09,重度污染,241,337,190,227,42,104,2.12,26
9,2015-01-10,重度污染,229,335,180,220,43,108,2.17,28
10,2015-01-11,重度污染,228,353,177,221,40,119,2.67,25
11,2015-01-12,中度污染,190,339,145,177,35,82,1.84,22
12,2015-01-13,轻度污染,129,267,97,121,27,55,1.5,23
13,2015-01-14,轻度污染,118,238,88,90,16,60,1.08,28
14,2015-01-15,中度污染,163,274,123,150,26,79,1.59,14
15,2015-01-16,中度污染,171,286,129,142,23,68,1.25,27
16,2015-01-17,中度污染,169,328,128,160,43,73,1.44,41
17,2015-01-18,轻度污染,148,318,112,146,32,65,1.16,45
18,2015-01-19,中度污染,187,356,141,172,35,87,1.51,34
19,2015-01-20,轻度污染,132,293,99,165,41,95,1.44,26
20,2015-01-21,中度污染,156,309,111,168,34,74,1.45,35
21,2015-01-22,轻度污染,135,273,102,133,51,69,1.45,36
22,2015-01-23,轻度污染,116,160,87,134,57,85,1.45,21
23,2015-01-24,轻度污染,133,194,100,158,48,91,1.5,21
24,2015-01-25,严重污染,280,357,229,57,25,61,2.05,18
25,2015-01-26,严重污染,304,356,253,0,29,63,2.47,13
26,2015-01-27,轻度污染,139,317,106,7,14,32,1.56,29
27,2015-01-28,优,46,129,32,1,10,26,0.73,25
28,2015-01-29,良,88,268,64,24,12,33,0.89,23
29,2015-01-30,轻度污染,111,297,83,57,17,40,1.04,36
30,2015-01-31,中度污染,174,354,132,89,24,44,1.24,46
0,2014-12-01,良,80,113,33,108,20,31,0.64,47
1,2014-12-02,良,87,156,42,110,43,36,1.01,47
2,2014-12-03,良,83,124,60,92,20,50,0.92,15
3,2014-12-04,轻度污染,101,163,75,109,33,50,1.14,30
4,2014-12-05,轻度污染,127,175,95,130,51,69,1.45,29
5,2014-12-06,良,96,112,67,106,51,69,1.25,36
6,2014-12-07,良,96,108,66,105,34,54,1.04,45
7,2014-12-08,良,96,92,68,120,51,59,1.2,45
8,2014-12-09,轻度污染,112,127,83,110,41,58,1.19,26
9,2014-12-10,轻度污染,120,143,90,80,26,41,1.07,21
10,2014-12-11,良,95,122,60,116,38,48,0.86,23
11,2014-12-12,轻度污染,103,144,75,142,39,63,1.08,28
12,2014-12-13,轻度污染,107,150,77,137,38,79,1.2,31
13,2014-12-14,轻度污染,112,112,83,139,55,83,1.45,31
14,2014-12-15,轻度污染,123,103,84,161,58,81,1.39,22
15,2014-12-16,良,77,106,28,96,25,39,0.7,52
16,2014-12-17,良,86,134,59,111,30,72,1.08,33
17,2014-12-18,轻度污染,107,126,80,140,55,82,1.29,12
18,2014-12-19,良,87,75,64,97,36,61,1.06,39
19,2014-12-20,轻度污染,126,172,95,128,34,67,1.49,32
20,2014-12-21,良,94,133,68,111,37,47,1.13,45
21,2014-12-22,轻度污染,111,142,83,128,50,71,1.29,33
22,2014-12-23,轻度污染,123,115,92,135,66,78,1.47,24
23,2014-12-24,中度污染,180,155,136,176,53,90,2.06,28
24,2014-12-25,严重污染,251,187,200,195,51,68,1.72,30
25,2014-12-26,轻度污染,148,139,112,110,45,61,1.71,26
26,2014-12-27,轻度污染,122,110,92,94,29,52,1.24,26
27,2014-12-28,轻度污染,148,125,112,113,36,46,1.23,44
28,2014-12-29,轻度污染,124,93,92,123,35,65,1.46,40
29,2014-12-30,中度污染,161,136,119,184,61,89,2.11,35
30,2014-12-31,中度污染,181,525,126,239,52,84,2.16,40
0,2014-11-01,轻度污染,141,160,107,109,21,34,1.28,60
1,2014-11-02,良,60,89,24,61,22,26,0.62,60
2,2014-11-03,良,79,140,39,105,30,52,1.0,51
3,2014-11-04,良,84,81,57,112,38,72,1.24,43
4,2014-11-05,良,90,79,66,93,28,66,1.12,29
5,2014-11-06,良,78,76,54,87,28,59,1.18,38
6,2014-11-07,轻度污染,108,171,80,90,23,53,1.09,39
7,2014-11-08,良,69,101,49,46,21,39,0.81,46
8,2014-11-09,良,59,68,41,58,22,47,0.8,29
9,2014-11-10,良,83,71,61,76,18,49,0.96,23
10,2014-11-11,轻度污染,106,99,79,100,19,56,1.05,26
11,2014-11-12,良,80,126,49,82,24,49,0.77,41
12,2014-11-13,良,86,145,51,119,31,63,1.01,43
13,2014-11-14,轻度污染,106,146,78,138,49,74,1.23,41
14,2014-11-15,轻度污染,113,128,84,121,38,66,1.06,25
15,2014-11-16,中度污染,167,169,126,144,32,63,1.26,39
16,2014-11-17,轻度污染,130,144,97,115,36,49,0.98,74
17,2014-11-18,轻度污染,105,107,78,115,46,66,1.29,49
18,2014-11-19,轻度污染,126,130,95,148,51,84,1.28,38
19,2014-11-20,轻度污染,137,129,103,155,57,87,1.59,40
20,2014-11-21,中度污染,181,134,136,200,59,108,1.81,34
21,2014-11-22,中度污染,175,122,136,173,46,76,1.45,67
22,2014-11-23,严重污染,274,183,232,74,27,63,2.61,30
23,2014-11-24,优,49,37,30,9,18,39,1.43,23
24,2014-11-25,轻度污染,109,145,79,51,21,43,1.31,26
25,2014-11-26,轻度污染,110,145,82,36,31,47,1.44,15
26,2014-11-27,良,52,29,34,37,26,44,1.25,27
27,2014-11-28,良,98,147,70,67,27,51,1.92,31
28,2014-11-29,良,73,77,53,25,21,44,2.2,17
29,2014-11-30,良,65,99,42,54,25,47,1.62,22
0,2014-10-01,良,69,130,49,77,24,37,1.1,54
1,2014-10-02,良,76,115,46,78,18,34,1.04,80
2,2014-10-03,良,83,126,50,111,30,53,1.04,72
3,2014-10-04,良,95,163,59,133,37,57,1.04,87
4,2014-10-05,中度污染,162,184,123,201,25,37,1.16,112
5,2014-10-06,轻度污染,150,188,111,153,28,36,1.08,117
6,2014-10-07,轻度污染,108,139,79,134,37,59,1.2,102
7,2014-10-08,轻度污染,107,121,71,121,44,62,1.17,115
8,2014-10-09,轻度污染,111,129,80,134,35,72,1.19,94
9,2014-10-10,良,95,111,66,107,27,51,1.05,100
10,2014-10-11,良,93,121,68,110,24,44,0.97,103
11,2014-10-12,中度污染,156,186,116,182,24,28,0.99,103
12,2014-10-13,良,82,153,54,100,22,27,0.74,65
13,2014-10-14,良,92,116,67,113,26,53,0.91,81
14,2014-10-15,轻度污染,145,163,110,184,31,95,1.26,74
15,2014-10-16,中度污染,181,185,137,215,45,109,1.68,38
16,2014-10-17,重度污染,221,188,170,242,38,88,1.64,47
17,2014-10-18,重度污染,214,180,164,269,40,104,1.78,35
18,2014-10-19,中度污染,169,173,127,205,45,89,1.48,81
19,2014-10-20,重度污染,228,184,179,241,30,66,1.6,49
20,2014-10-21,良,67,56,44,52,19,30,1.07,59
21,2014-10-22,良,94,111,67,90,24,54,1.07,61
22,2014-10-23,良,88,74,62,106,31,79,1.32,39
23,2014-10-24,轻度污染,107,121,78,146,32,86,1.39,53
24,2014-10-25,轻度污染,125,156,93,167,39,90,1.48,52
25,2014-10-26,中度污染,153,173,115,201,46,97,1.56,61
26,2014-10-27,重度污染,211,188,165,201,25,42,1.42,64
27,2014-10-28,轻度污染,125,173,95,113,25,42,1.22,37
28,2014-10-29,良,64,82,42,33,17,36,1.04,27
29,2014-10-30,优,34,7,21,20,15,32,0.93,25
30,2014-10-31,轻度污染,122,148,91,96,9,38,1.3,31
0,2014-09-01,优,45,49,20,34,17,25,0.75,57
1,2014-09-02,优,42,48,23,38,16,33,0.78,36
2,2014-09-03,良,59,147,28,47,18,30,0.74,71
3,2014-09-04,良,80,147,42,86,24,62,1.12,86
4,2014-09-05,良,96,135,64,118,22,59,1.05,92
5,2014-09-06,轻度污染,110,166,72,134,30,61,1.21,95
6,2014-09-07,轻度污染,103,151,74,136,20,62,1.11,72
7,2014-09-08,轻度污染,116,172,86,138,20,45,1.23,66
8,2014-09-09,良,71,117,49,73,18,26,1.31,63
9,2014-09-10,良,76,127,54,79,23,29,1.17,48
10,2014-09-11,良,82,162,59,87,25,31,1.16,77
11,2014-09-12,良,71,161,51,60,18,29,1.03,42
12,2014-09-13,优,44,67,21,31,15,20,0.7,57
13,2014-09-14,良,61,138,39,65,19,37,1.06,57
14,2014-09-15,优,46,70,30,43,14,26,1.03,25
15,2014-09-16,良,52,98,28,51,19,29,0.96,68
16,2014-09-17,良,56,127,36,51,15,24,1.02,50
17,2014-09-18,优,23,6,11,15,14,25,0.91,27
18,2014-09-19,优,35,21,13,24,18,25,1.02,54
19,2014-09-20,良,55,62,30,51,17,46,1.04,70
20,2014-09-21,良,71,135,43,82,23,51,1.12,78
21,2014-09-22,良,62,91,31,55,26,30,0.82,96
22,2014-09-23,良,60,102,27,62,23,31,0.6,84
23,2014-09-24,良,68,130,35,74,18,33,0.76,100
24,2014-09-25,轻度污染,114,168,85,139,34,50,1.25,86
25,2014-09-26,轻度污染,113,153,84,133,25,49,1.14,74
26,2014-09-27,轻度污染,118,158,87,142,33,48,1.26,79
27,2014-09-28,轻度污染,110,166,82,119,27,31,1.02,89
28,2014-09-29,良,52,72,29,38,18,20,0.89,70
29,2014-09-30,良,55,115,32,49,17,22,0.81,78
0,2014-08-01,良,62,120,35,62,14,23,0.7,97
1,2014-08-02,良,51,79,21,47,15,26,0.66,53
2,2014-08-03,良,66,85,31,75,17,40,0.72,72
3,2014-08-04,良,95,145,53,110,22,45,0.93,105
4,2014-08-05,良,81,148,50,90,25,38,0.95,83
5,2014-08-06,良,78,156,38,78,22,38,1.03,80
6,2014-08-07,良,71,145,50,60,15,19,1.05,67
7,2014-08-09,良,82,161,55,87,16,28,1.02,78
8,2014-08-10,良,88,160,63,94,16,28,1.07,76
9,2014-08-11,良,56,68,34,48,16,28,1.04,54
10,2014-08-12,良,63,104,43,48,13,28,0.93,63
11,2014-08-13,良,51,78,22,28,14,20,0.71,90
12,2014-08-14,良,52,86,27,48,16,39,0.94,74
13,2014-08-15,良,94,159,59,109,19,59,1.4,85
14,2014-08-16,良,81,121,59,94,21,51,1.24,60
15,2014-08-17,良,76,134,39,66,20,31,1.0,114
16,2014-08-18,良,59,98,38,56,19,34,0.97,62
17,2014-08-19,良,68,111,42,68,16,34,0.89,85
18,2014-08-20,良,84,125,57,102,18,47,0.99,91
19,2014-08-21,良,98,132,65,109,22,47,1.12,94
20,2014-08-23,良,93,145,66,118,25,43,1.08,91
21,2014-08-24,良,59,109,34,55,6,26,0.9,86
22,2014-08-25,良,72,128,48,81,20,42,1.01,78
23,2014-08-26,良,74,106,53,75,16,53,1.13,56
24,2014-08-27,良,54,67,34,50,15,29,0.84,67
25,2014-08-28,良,54,65,28,52,17,32,0.92,51
26,2014-08-29,优,50,49,24,49,15,35,1.03,45
27,2014-08-30,良,75,140,47,85,20,33,1.2,81
28,2014-08-31,优,49,63,32,49,16,27,0.96,48
0,2014-07-01,良,87,112,63,87,20,44,1.11,42
1,2014-07-02,良,69,105,46,62,16,38,0.87,62
2,2014-07-03,良,69,87,40,73,26,42,1.17,73
3,2014-07-04,优,43,25,26,40,14,36,0.73,46
4,2014-07-05,优,38,22,18,26,12,23,0.8,63
5,2014-07-06,良,52,67,27,49,13,31,0.76,81
6,2014-07-07,良,74,107,49,88,19,45,1.14,77
7,2014-07-08,良,92,134,55,105,21,57,1.08,94
8,2014-07-09,轻度污染,105,175,73,122,19,51,1.11,101
9,2014-07-10,轻度污染,121,180,79,133,20,50,1.04,116
10,2014-07-11,轻度污染,113,134,81,136,20,40,1.2,108
11,2014-07-12,优,47,51,24,43,16,32,0.71,60
12,2014-07-13,优,48,58,21,34,17,30,0.59,74
13,2014-07-14,良,54,65,24,47,19,31,0.63,74
14,2014-07-15,良,51,67,27,53,5,30,0.5,47
15,2014-07-16,优,37,36,16,30,15,26,0.63,36
16,2014-07-17,优,46,39,22,40,19,38,0.99,24
17,2014-07-18,良,65,99,35,74,21,42,1.14,37
18,2014-07-19,良,68,106,37,79,18,42,0.96,66
19,2014-07-20,良,65,99,31,68,22,36,0.8,56
20,2014-07-21,良,73,131,35,83,20,42,0.73,67
21,2014-07-22,良,88,157,51,116,17,48,0.87,79
22,2014-07-23,良,91,168,61,124,16,42,0.99,78
23,2014-07-24,良,88,160,53,90,18,21,0.94,137
24,2014-07-25,良,91,162,59,111,21,35,0.87,114
25,2014-07-26,良,93,111,53,102,17,39,0.84,110
26,2014-07-27,轻度污染,124,156,68,134,22,54,1.1,139
27,2014-07-28,轻度污染,108,138,72,140,20,59,1.01,103
28,2014-07-29,良,74,71,43,87,20,34,0.74,86
29,2014-07-30,良,66,102,33,73,18,31,0.64,81
30,2014-07-31,良,69,114,31,74,20,39,0.8,77
0,2014-06-01,优,50,56,29,47,18,28,0.92,59
1,2014-06-02,良,83,146,47,77,21,26,0.76,116
2,2014-06-03,良,75,134,47,76,22,23,0.69,116
3,2014-06-04,良,100,162,64,111,33,46,1.0,118
4,2014-06-05,轻度污染,122,171,80,150,33,61,1.11,124
5,2014-06-06,轻度污染,143,166,106,191,38,63,1.24,145
6,2014-06-07,轻度污染,142,176,106,165,22,41,1.1,148
7,2014-06-08,中度污染,173,184,130,221,37,78,1.61,101
8,2014-06-09,中度污染,200,190,150,230,28,70,1.5,111
9,2014-06-10,轻度污染,150,179,113,184,26,50,1.12,115
10,2014-06-11,轻度污染,148,182,111,182,28,57,1.17,118
11,2014-06-12,严重污染,259,190,224,296,24,52,1.54,137
12,2014-06-13,重度污染,203,184,154,226,30,61,1.42,127
13,2014-06-14,轻度污染,137,152,102,154,25,43,1.12,121
14,2014-06-15,轻度污染,120,128,90,122,18,30,1.04,106
15,2014-06-16,良,89,95,64,84,16,34,0.98,70
16,2014-06-17,良,96,148,71,90,19,40,0.87,79
17,2014-06-18,轻度污染,114,166,79,122,32,44,1.2,117
18,2014-06-19,轻度污染,103,152,71,112,34,37,1.21,107
19,2014-06-20,轻度污染,135,186,100,144,21,30,1.18,100
20,2014-06-21,轻度污染,110,183,81,104,17,23,1.02,118
21,2014-06-22,轻度污染,107,176,75,112,23,35,1.11,132
22,2014-06-23,良,88,153,63,101,21,47,1.03,87
23,2014-06-24,良,77,105,46,75,18,35,0.72,87
24,2014-06-25,良,60,94,35,58,29,39,0.86,48
25,2014-06-26,优,39,26,23,31,18,35,0.86,37
26,2014-06-27,良,53,75,31,50,13,36,0.9,53
27,2014-06-28,良,74,103,49,84,20,44,1.22,60
28,2014-06-29,良,84,126,59,99,19,60,1.03,60
29,2014-06-30,良,100,140,74,100,18,48,1.18,59
0,2014-05-01,轻度污染,108,100,67,163,24,70,1.06,71
1,2014-05-02,轻度污染,131,178,65,209,25,51,0.8,57
2,2014-05-03,轻度污染,118,179,54,184,34,50,0.8,63
3,2014-05-04,良,82,137,54,105,21,39,0.74,58
4,2014-05-05,良,95,178,52,137,36,58,0.99,71
5,2014-05-06,良,94,140,54,131,40,70,0.97,83
6,2014-05-07,轻度污染,102,156,69,152,28,74,0.92,76
7,2014-05-08,轻度污染,112,149,80,155,35,60,1.14,81
8,2014-05-09,良,67,75,46,71,31,36,0.91,66
9,2014-05-10,优,46,45,30,32,20,35,1.0,39
10,2014-05-11,良,55,93,24,48,19,33,0.96,78
11,2014-05-12,良,84,133,51,103,33,72,1.08,81
12,2014-05-13,良,92,123,67,110,41,67,1.29,54
13,2014-05-14,良,79,97,56,64,17,33,0.99,74
14,2014-05-15,良,80,103,37,103,27,48,0.77,83
15,2014-05-16,轻度污染,126,165,90,183,43,98,1.44,61
16,2014-05-17,良,100,120,73,103,24,46,0.89,64
17,2014-05-18,轻度污染,131,172,99,137,28,72,1.26,48
18,2014-05-19,中度污染,153,173,115,159,28,80,1.36,42
19,2014-05-20,重度污染,207,188,161,215,24,63,1.19,72
20,2014-05-21,重度污染,222,189,179,223,31,91,1.74,35
21,2014-05-22,良,99,97,73,93,26,41,1.07,78
22,2014-05-23,良,65,77,42,71,30,41,0.93,68
23,2014-05-24,良,62,95,39,62,22,42,1.0,32
24,2014-05-25,轻度污染,104,114,67,132,20,39,1.04,61
25,2014-05-26,严重污染,282,189,136,406,23,38,0.71,80
26,2014-05-27,轻度污染,141,143,103,198,22,35,0.79,79
27,2014-05-28,轻度污染,125,137,86,192,26,70,0.92,70
28,2014-05-29,轻度污染,149,163,103,245,30,71,1.21,86
29,2014-05-30,轻度污染,109,95,81,156,32,54,1.1,55
30,2014-05-31,良,74,69,52,81,26,38,1.11,40
0,2014-04-01,良,93,114,68,121,38,75,1.27,62
1,2014-04-02,轻度污染,119,165,88,155,45,84,1.45,73
2,2014-04-03,轻度污染,121,170,88,154,30,59,1.14,96
3,2014-04-04,中度污染,166,186,125,185,40,55,1.35,102
4,2014-04-05,中度污染,182,186,138,200,28,79,1.3,72
5,2014-04-06,良,96,145,71,110,38,48,1.16,59
6,2014-04-07,轻度污染,115,162,86,67,33,49,1.16,56
7,2014-04-08,轻度污染,130,129,98,135,37,81,1.54,50
8,2014-04-09,轻度污染,131,134,95,150,34,81,1.47,69
9,2014-04-10,良,90,85,61,121,49,63,1.1,75
10,2014-04-11,良,79,79,53,84,18,43,1.12,55
11,2014-04-12,良,73,82,51,44,6,27,1.19,56
12,2014-04-13,良,75,89,53,62,20,24,1.05,66
13,2014-04-14,良,65,37,46,70,23,35,0.77,77
14,2014-04-15,良,77,74,55,71,31,46,1.14,52
15,2014-04-16,良,55,29,35,39,25,35,1.04,44
16,2014-04-17,良,58,44,39,53,20,44,1.03,56
17,2014-04-18,良,65,64,44,65,32,44,1.01,36
18,2014-04-19,优,46,34,18,23,16,22,0.7,77
19,2014-04-20,良,83,130,59,82,24,45,1.01,67
20,2014-04-21,优,44,21,26,31,18,35,0.85,55
21,2014-04-22,良,71,82,50,68,22,37,0.85,76
22,2014-04-23,良,71,57,49,66,36,54,1.1,50
23,2014-04-24,良,78,77,56,81,33,61,1.27,22
24,2014-04-25,良,85,126,61,75,23,51,1.19,26
25,2014-04-26,良,60,86,35,61,19,28,0.82,66
26,2014-04-27,良,88,142,47,118,22,37,0.77,86
27,2014-04-28,良,85,144,48,111,23,62,0.86,78
28,2014-04-29,良,82,81,53,109,34,75,1.0,65
29,2014-04-30,轻度污染,101,111,63,129,32,57,0.81,70
0,2014-03-01,良,79,122,58,60,11,36,0.87,24
1,2014-03-02,轻度污染,143,152,109,109,32,43,1.21,24
2,2014-03-03,轻度污染,138,151,104,114,40,54,1.38,30
3,2014-03-04,轻度污染,135,171,102,93,42,61,1.37,38
4,2014-03-05,轻度污染,108,158,81,108,41,59,1.14,67
5,2014-03-06,轻度污染,115,166,87,89,33,48,1.09,50
6,2014-03-07,良,64,90,44,52,47,42,0.94,50
7,2014-03-08,轻度污染,101,127,75,94,23,47,0.92,53
8,2014-03-09,轻度污染,131,152,99,131,40,71,1.31,43
9,2014-03-10,轻度污染,102,102,76,109,56,59,1.17,67
10,2014-03-11,轻度污染,101,87,75,111,54,66,1.21,26
11,2014-03-12,轻度污染,139,163,93,160,36,42,1.24,26
12,2014-03-13,良,81,115,58,102,32,45,0.85,44
13,2014-03-14,轻度污染,107,157,79,123,37,64,1.02,53
14,2014-03-15,良,97,85,71,127,38,72,1.08,61
15,2014-03-16,轻度污染,118,117,89,154,39,78,1.21,42
16,2014-03-17,轻度污染,124,102,91,164,48,75,1.43,42
17,2014-03-18,轻度污染,144,109,108,191,64,81,1.49,24
18,2014-03-19,轻度污染,145,167,107,197,27,34,1.18,49
19,2014-03-20,良,99,166,72,100,31,39,0.91,63
20,2014-03-21,轻度污染,101,169,74,114,44,63,1.19,57
21,2014-03-22,轻度污染,120,164,86,144,48,83,1.4,54
22,2014-03-23,中度污染,152,168,114,186,47,96,1.58,22
23,2014-03-25,良,94,74,69,89,12,58,1.32,27
24,2014-03-26,轻度污染,113,102,85,119,53,70,1.89,42
25,2014-03-27,良,96,64,69,122,57,65,1.39,67
26,2014-03-28,良,73,72,50,84,40,56,1.13,51
27,2014-03-29,轻度污染,112,126,70,147,30,50,1.11,83
28,2014-03-30,轻度污染,124,145,89,171,43,57,1.24,81
29,2014-03-31,良,87,104,62,99,28,48,0.98,81
0,2014-02-01,严重污染,268,171,219,234,16,41,2.04,40
1,2014-02-02,严重污染,280,173,230,256,35,62,2.6,28
2,2014-02-03,中度污染,190,178,148,109,29,35,2.55,27
3,2014-02-04,良,58,100,40,37,25,26,1.0,38
4,2014-02-05,优,47,85,31,11,19,23,0.83,40
5,2014-02-06,优,43,80,29,7,22,24,0.87,29
6,2014-02-07,良,63,112,42,40,26,25,0.9,42
7,2014-02-08,中度污染,157,176,590,31,24,24,0.89,63
8,2014-02-09,轻度污染,146,190,111,72,39,26,1.2,66
9,2014-02-10,轻度污染,107,170,80,28,46,26,1.04,69
10,2014-02-11,轻度污染,114,146,86,55,42,39,1.07,61
11,2014-02-12,良,100,106,74,74,32,38,0.9,62
12,2014-02-13,轻度污染,135,141,102,10,24,35,0.94,58
13,2014-02-14,轻度污染,120,101,91,85,35,53,1.14,45
14,2014-02-15,轻度污染,131,98,99,98,57,53,1.33,38
15,2014-02-16,轻度污染,137,135,104,92,31,58,1.19,22
16,2014-02-17,轻度污染,125,144,94,29,22,36,1.25,25
17,2014-02-18,优,42,39,26,18,19,28,0.73,54
18,2014-02-19,良,74,70,52,67,31,55,0.83,43
19,2014-02-20,轻度污染,114,113,86,114,70,58,1.52,27
20,2014-02-21,轻度污染,108,62,81,145,45,87,1.22,42
21,2014-02-22,轻度污染,115,73,85,148,62,82,1.56,33
22,2014-02-23,重度污染,208,152,159,191,44,77,1.63,26
23,2014-02-24,中度污染,172,130,131,60,34,63,1.54,17
24,2014-02-25,轻度污染,103,82,77,50,25,40,1.36,22
25,2014-02-26,轻度污染,102,86,76,59,28,50,1.34,16
26,2014-02-27,轻度污染,102,115,76,88,28,53,1.53,16
27,2014-02-28,优,48,36,33,9,22,34,1.37,21
0,2014-01-01,重度污染,208,179,150,207,69,106,2.01,28
1,2014-01-02,重度污染,221,179,179,252,88,110,2.37,19
2,2014-01-03,重度污染,217,153,174,226,63,83,1.72,30
3,2014-01-04,轻度污染,146,117,110,181,71,86,1.6,21
4,2014-01-05,中度污染,191,133,146,211,88,91,2.15,27
5,2014-01-06,重度污染,238,156,192,236,77,87,2.07,20
6,2014-01-07,严重污染,317,182,267,139,28,63,2.32,12
7,2014-01-08,重度污染,249,190,199,74,60,61,2.1,29
8,2014-01-09,严重污染,258,189,208,168,78,76,2.48,23
9,2014-01-10,中度污染,167,148,128,122,63,66,1.73,21
10,2014-01-11,轻度污染,120,100,91,73,32,53,1.33,25
11,2014-01-12,重度污染,205,178,160,181,63,68,1.68,22
12,2014-01-13,严重污染,316,189,265,288,75,87,2.36,21
13,2014-01-14,严重污染,274,183,223,260,69,87,2.51,19
14,2014-01-15,重度污染,202,126,158,196,65,70,1.86,29
15,2014-01-16,中度污染,160,107,122,162,79,95,1.77,27
16,2014-01-17,严重污染,285,169,235,272,73,100,1.97,35
17,2014-01-18,严重污染,283,166,232,269,96,95,2.25,33
18,2014-01-19,严重污染,271,156,220,264,90,102,2.21,28
19,2014-01-20,中度污染,184,145,140,199,56,81,1.59,35
20,2014-01-21,良,95,119,68,128,61,73,1.42,28
21,2014-01-22,轻度污染,127,138,96,139,65,73,1.46,33
22,2014-01-24,中度污染,163,124,126,178,70,102,1.89,44
23,2014-01-25,严重污染,295,187,244,275,105,95,2.45,46
24,2014-01-26,严重污染,338,190,287,297,84,86,2.77,46
25,2014-01-27,严重污染,261,172,214,213,55,75,2.16,31
26,2014-01-28,严重污染,335,186,284,293,49,76,2.29,27
27,2014-01-29,严重污染,337,187,286,31,27,47,2.08,33
28,2014-01-30,中度污染,193,110,148,108,41,54,2.59,40
29,2014-01-31,重度污染,223,105,176,204,55,52,1.98,45
0,2013-12-01,中度污染,165,98,131,207,71,104,1.86,19
1,2013-12-02,中度污染,173,74,127,206,83,101,1.95,29
2,2013-12-03,中度污染,185,65,169,228,99,103,1.96,26
3,2013-12-04,严重污染,276,86,279,339,108,128,2.6,28
4,2013-12-05,严重污染,335,100,253,302,112,117,2.5,24
5,2013-12-06,严重污染,266,96,237,289,97,116,2.58,37
6,2013-12-07,严重污染,337,98,298,374,89,132,3.12,33
7,2013-12-08,严重污染,353,101,258,306,92,104,2.54,34
8,2013-12-09,重度污染,238,83,111,146,74,58,1.58,37
9,2013-12-10,中度污染,169,100,140,175,77,83,1.81,26
10,2013-12-11,中度污染,161,98,111,163,79,78,1.56,22
11,2013-12-12,中度污染,168,113,149,230,96,99,1.97,16
12,2013-12-13,重度污染,230,111,191,274,78,113,2.19,23
13,2013-12-14,重度污染,221,105,170,233,85,116,1.89,21
14,2013-12-15,重度污染,231,90,188,216,71,82,1.57,40
15,2013-12-16,重度污染,249,102,175,166,50,65,1.5,28
16,2013-12-17,轻度污染,135,77,56,44,34,43,1.01,26
17,2013-12-18,轻度污染,145,86,200,208,29,64,1.74,25
18,2013-12-19,严重污染,282,107,249,285,95,98,2.58,10
19,2013-12-20,严重污染,309,104,254,239,94,81,2.27,42
20,2013-12-21,严重污染,290,103,208,172,75,71,1.84,33
21,2013-12-22,重度污染,235,94,185,215,92,89,1.89,21
22,2013-12-23,重度污染,240,88,190,238,94,105,2.33,16
23,2013-12-24,重度污染,210,67,147,186,64,95,2.01,21
24,2013-12-25,重度污染,224,66,195,229,76,109,2.0,23
25,2013-12-26,重度污染,241,72,186,223,73,79,1.74,31
26,2013-12-27,中度污染,164,95,68,101,44,52,0.99,31
27,2013-12-28,轻度污染,114,67,110,149,64,82,1.49,30
28,2013-12-29,中度污染,167,101,135,176,68,90,1.69,25
29,2013-12-30,中度污染,192,110,154,204,61,104,1.69,30
30,2013-12-31,重度污染,210,182,164,212,62,100,1.75,32
0,2013-11-01,良,61,22,42,47,24,36,1.31,11
1,2013-11-02,良,55,16,37,34,20,33,1.15,16
2,2013-11-03,良,75,27,55,68,28,40,1.16,56
3,2013-11-04,轻度污染,130,92,98,127,47,65,1.64,68
4,2013-11-05,中度污染,161,107,122,164,52,91,1.6,50
5,2013-11-06,轻度污染,139,71,104,145,39,75,1.21,49
6,2013-11-07,中度污染,157,91,115,175,47,88,1.29,45
7,2013-11-08,中度污染,155,90,143,230,86,94,1.81,57
8,2013-11-09,重度污染,233,111,190,237,42,62,1.92,35
9,2013-11-10,中度污染,155,96,60,38,34,38,1.38,33
10,2013-11-11,良,85,94,80,84,31,40,1.2,40
11,2013-11-12,轻度污染,113,99,72,70,33,47,1.16,26
12,2013-11-13,良,97,71,87,111,42,55,1.27,22
13,2013-11-14,轻度污染,112,69,74,111,37,50,1.05,42
14,2013-11-15,轻度污染,115,54,96,190,42,81,1.34,37
15,2013-11-16,轻度污染,144,65,112,241,46,96,1.57,40
16,2013-11-17,轻度污染,130,90,66,203,52,77,1.3,36
17,2013-11-18,轻度污染,111,92,69,159,57,80,1.29,35
18,2013-11-19,轻度污染,123,89,98,190,84,97,1.63,31
19,2013-11-20,轻度污染,136,71,116,245,106,117,1.92,27
20,2013-11-21,中度污染,187,87,178,262,75,101,1.91,39
21,2013-11-22,严重污染,299,107,298,355,60,87,2.17,42
22,2013-11-23,严重污染,342,103,295,364,51,90,2.39,14
23,2013-11-24,重度污染,238,95,78,81,31,40,1.21,35
24,2013-11-25,良,83,56,55,127,43,68,1.21,28
25,2013-11-26,轻度污染,104,81,88,189,82,84,1.75,16
26,2013-11-27,轻度污染,113,89,65,130,51,56,1.03,28
27,2013-11-28,良,75,75,46,88,45,58,0.84,31
28,2013-11-29,良,71,54,54,111,53,66,1.05,34
29,2013-11-30,轻度污染,106,75,105,185,67,96,1.69,21
0,2013-10-28,中度污染,183,80,140,220,88,109,2.02,63
1,2013-10-29,重度污染,240,100,190,297,74,122,2.06,48
2,2013-10-30,严重污染,325,112,281,286,36,58,2.01,50
3,2013-10-31,轻度污染,133,79,100,82,26,45,1.26,28
