0,2019-12-01,重度污染,237,364,187,223,8,58,2.23,18
1,2019-12-02,中度污染,189,361,146,165,7,60,2.28,19
2,2019-12-03,中度污染,174,361,133,162,8,72,2.35,18
3,2019-12-04,严重污染,261,363,211,251,10,71,2.57,19
4,2019-12-05,重度污染,209,364,163,178,13,69,2.21,19
5,2019-12-06,轻度污染,147,357,111,133,11,80,2.06,18
6,2019-12-07,良,89,241,66,69,11,63,1.5,25
7,2019-12-08,轻度污染,120,272,90,96,9,64,1.75,19
8,2019-12-09,轻度污染,142,292,109,117,7,62,1.94,19
9,2019-12-10,重度污染,211,342,163,186,7,60,2.66,19
0,2019-11-01,良,99,285,59,144,17,70,1.25,26
1,2019-11-02,轻度污染,111,320,70,169,17,69,1.27,26
2,2019-11-03,良,91,317,53,132,13,62,1.13,31
3,2019-11-04,良,88,307,51,126,12,60,1.18,24
4,2019-11-05,良,78,258,41,106,12,52,1.05,26
5,2019-11-06,良,60,160,17,71,8,35,0.76,22
6,2019-11-07,优,24,24,16,19,5,26,0.7,19
7,2019-11-08,优,15,8,8,8,5,28,0.67,25
8,2019-11-09,优,37,34,17,37,7,43,0.86,25
9,2019-11-10,良,81,234,54,89,8,50,1.36,15
10,2019-11-11,优,47,71,33,46,6,37,0.88,26
11,2019-11-12,优,31,42,10,30,6,28,0.67,40
12,2019-11-13,良,52,165,25,56,10,39,0.94,21
13,2019-11-14,良,77,317,46,97,11,52,1.23,18
14,2019-11-15,良,64,179,43,76,10,52,1.0,22
15,2019-11-16,良,57,119,19,63,6,27,0.58,37
16,2019-11-17,优,45,73,26,47,8,45,0.94,25
17,2019-11-18,良,93,293,67,99,9,58,1.39,20
18,2019-11-19,良,82,251,59,81,9,59,1.24,21
19,2019-11-20,良,85,281,60,109,13,54,1.25,30
20,2019-11-21,良,85,289,61,85,15,47,1.26,17
21,2019-11-22,优,34,29,23,23,7,29,0.73,30
22,2019-11-23,良,75,221,55,59,8,34,0.89,26
23,2019-11-24,良,52,185,36,41,9,38,0.88,21
24,2019-11-25,良,92,353,68,84,9,50,1.51,15
25,2019-11-26,轻度污染,135,364,101,121,10,57,1.82,19
26,2019-11-27,轻度污染,138,363,104,130,10,55,1.7,19
27,2019-11-28,轻度污染,104,350,76,102,8,57,1.57,20
28,2019-11-29,中度污染,166,365,125,144,8,54,1.86,19
29,2019-11-30,中度污染,185,364,142,161,7,61,2.14,17
0,2019-10-01,优,18,12,11,16,5,14,0.61,45
1,2019-10-02,优,17,6,8,17,5,16,0.55,40
2,2019-10-03,优,30,48,13,30,8,31,0.69,33
3,2019-10-04,良,51,217,22,55,10,38,0.79,36
4,2019-10-05,良,51,293,21,58,8,43,0.68,35
5,2019-10-06,良,63,339,31,76,10,47,0.73,41
6,2019-10-07,良,73,348,43,96,12,54,0.86,45
7,2019-10-08,良,76,348,40,103,11,58,0.85,41
8,2019-10-09,良,73,342,31,95,9,52,0.8,53
9,2019-10-10,良,72,330,26,95,9,50,0.69,46
10,2019-10-11,良,67,278,22,85,7,51,0.74,44
11,2019-10-12,良,71,315,21,92,8,45,0.63,39
12,2019-10-13,良,62,296,18,74,8,40,0.69,39
13,2019-10-14,良,73,357,26,96,8,44,0.71,36
14,2019-10-15,良,92,362,30,134,9,38,0.75,46
15,2019-10-16,良,66,311,15,84,7,33,0.62,46
16,2019-10-17,良,68,280,28,86,9,53,0.94,33
17,2019-10-18,优,46,126,15,57,6,34,0.68,37
18,2019-10-19,优,34,38,15,36,6,38,0.68,30
19,2019-10-20,良,61,135,31,73,9,54,0.9,25
20,2019-10-21,良,63,173,37,75,11,45,0.95,33
21,2019-10-22,优,26,35,13,25,6,25,0.52,42
22,2019-10-23,优,48,136,28,50,8,44,0.81,23
23,2019-10-24,良,69,246,40,88,10,53,0.99,21
24,2019-10-25,良,76,313,38,102,11,55,1.03,29
25,2019-10-26,良,77,345,42,103,14,58,1.03,28
26,2019-10-27,良,72,273,40,96,11,55,1.1,30
27,2019-10-28,良,79,227,41,109,12,60,1.13,25
28,2019-10-29,良,63,199,27,77,9,52,0.89,37
29,2019-10-30,良,67,153,26,84,9,53,0.82,33
30,2019-10-31,良,89,243,49,128,16,63,1.26,30
31,2019-10-31,良,89,243,49,128,16,63,1.26,30
0,2019-09-01,优,46,247,23,40,6,24,0.53,84
1,2019-09-02,良,51,279,19,56,6,27,0.55,61
2,2019-09-03,优,35,141,10,32,6,20,0.5,69
3,2019-09-04,良,53,272,16,57,7,34,0.64,63
4,2019-09-05,优,41,184,10,43,7,23,0.53,67
5,2019-09-06,优,45,184,12,47,7,29,0.62,61
6,2019-09-07,优,31,60,8,28,6,17,0.46,81
7,2019-09-08,良,52,164,14,58,7,38,0.62,55
8,2019-09-09,良,59,235,16,69,9,39,0.6,62
9,2019-09-10,优,41,191,8,42,6,20,0.49,57
10,2019-09-11,优,22,50,5,14,5,18,0.47,59
11,2019-09-12,优,36,159,12,35,5,30,0.54,49
12,2019-09-13,优,43,224,17,44,7,33,0.6,48
13,2019-09-14,优,47,269,20,51,9,41,0.69,60
14,2019-09-15,良,59,328,21,72,9,46,0.73,62
15,2019-09-16,良,60,331,20,72,9,41,0.73,54
16,2019-09-17,优,39,147,12,40,7,28,0.56,63
17,2019-09-18,优,48,222,16,51,8,35,0.64,54
18,2019-09-19,良,70,351,25,89,11,45,0.77,53
19,2019-09-20,良,84,359,37,118,12,52,0.92,67
20,2019-09-21,良,81,347,28,112,9,43,0.62,63
21,2019-09-22,良,86,351,28,123,7,35,0.52,64
22,2019-09-23,良,79,342,26,109,9,29,0.53,78
23,2019-09-24,良,96,355,33,141,14,49,0.72,65
24,2019-09-25,良,95,354,31,140,10,43,0.73,61
25,2019-09-26,良,86,339,26,123,9,38,0.65,55
26,2019-09-27,良,86,351,31,121,10,49,0.88,52
27,2019-09-28,良,70,216,25,90,9,40,0.85,61
28,2019-09-29,良,61,167,20,72,7,41,0.74,56
29,2019-09-30,良,59,152,13,75,6,23,0.65,53
0,2019-08-06,良,56,297,16,50,7,31,0.61,84
1,2019-08-07,良,67,334,21,68,7,36,0.61,83
2,2019-08-08,良,58,292,17,50,6,29,0.52,86
3,2019-08-09,良,67,336,20,65,6,41,0.56,78
4,2019-08-10,轻度污染,125,363,33,159,6,39,0.59,63
5,2019-08-11,优,41,190,14,27,6,25,0.53,79
6,2019-08-21,良,53,246,19,59,8,41,0.66,65
7,2019-08-22,良,59,258,20,70,7,33,0.6,79
8,2019-08-23,良,51,191,16,55,7,23,0.55,89
9,2019-08-24,优,39,128,11,39,7,19,0.46,67
10,2019-08-25,优,29,63,12,28,6,21,0.48,64
11,2019-08-26,良,51,259,17,55,7,35,0.57,65
12,2019-08-27,良,62,329,19,73,7,40,0.57,74
13,2019-08-28,良,65,331,20,79,9,46,0.61,73
0,2019-07-01,良,61,250,15,51,6,25,0.54,99
1,2019-07-02,良,74,282,25,79,8,36,0.64,91
2,2019-07-03,良,71,269,21,69,9,34,0.65,88
3,2019-07-04,良,63,245,16,73,7,27,0.49,76
4,2019-07-05,良,57,202,6,22,5,15,0.41,108
5,2019-07-06,良,60,254,14,44,7,29,0.52,89
6,2019-07-07,良,71,331,17,68,7,35,0.53,92
7,2019-07-12,优,44,225,12,42,7,27,0.48,85
8,2019-07-13,优,47,255,13,48,7,24,0.52,91
9,2019-07-14,良,81,351,28,112,8,31,0.57,95
10,2019-07-15,优,43,195,10,40,7,19,0.48,98
11,2019-07-16,优,46,233,11,47,6,22,0.47,89
12,2019-07-17,良,54,296,15,60,7,28,0.53,83
13,2019-07-18,良,59,321,17,69,7,31,0.6,75
14,2019-07-19,良,53,302,13,59,6,25,0.51,93
15,2019-07-20,良,54,297,15,62,6,24,0.48,94
16,2019-07-21,优,42,186,12,42,5,21,0.45,99
17,2019-07-22,优,44,206,13,44,6,23,0.5,92
18,2019-07-23,优,44,240,11,44,5,20,0.48,97
19,2019-07-24,良,69,336,24,89,7,34,0.64,80
20,2019-07-25,良,52,284,17,61,7,29,0.61,68
21,2019-07-26,优,34,132,11,30,6,22,0.54,83
0,2019-06-01,良,61,195,19,59,6,32,0.62,80
1,2019-06-02,良,60,161,18,57,6,28,0.62,80
2,2019-06-03,优,44,75,13,34,5,18,0.57,79
3,2019-06-04,优,49,96,15,40,5,25,0.56,78
4,2019-06-05,优,48,142,12,35,5,17,0.53,87
5,2019-06-06,良,52,213,13,33,6,22,0.51,93
6,2019-06-07,良,54,174,16,56,6,19,0.56,77
7,2019-06-08,优,49,163,14,36,5,28,0.51,77
8,2019-06-09,良,52,195,12,42,5,25,0.49,81
9,2019-06-10,优,43,140,12,29,5,28,0.59,76
10,2019-06-11,优,48,166,8,29,4,19,0.45,85
11,2019-06-14,优,39,174,7,22,6,13,0.48,123
12,2019-06-15,优,47,203,13,45,7,30,0.54,78
13,2019-06-17,优,35,125,10,27,6,16,0.43,92
14,2019-06-18,优,47,252,10,47,7,33,0.54,70
15,2019-06-19,良,55,295,18,64,7,35,0.58,76
16,2019-06-20,优,39,242,10,38,6,21,0.49,87
17,2019-06-25,优,46,158,11,38,6,23,0.48,68
18,2019-06-26,良,58,239,14,56,6,29,0.51,68
19,2019-06-27,良,56,214,16,51,5,29,0.51,74
20,2019-06-28,良,57,247,18,51,6,31,0.53,79
21,2019-06-29,良,64,307,16,58,7,32,0.53,90
22,2019-06-30,良,62,291,15,52,6,26,0.53,103
0,2019-05-01,优,48,96,16,45,6,25,0.6,74
1,2019-05-02,良,52,93,19,47,6,30,0.63,69
2,2019-05-03,中度污染,177,360,47,238,6,22,0.54,72
3,2019-05-04,优,37,20,7,13,4,19,0.54,69
4,2019-05-05,优,33,35,8,14,4,19,0.53,66
5,2019-05-06,优,39,82,14,33,5,27,0.55,63
6,2019-05-07,良,56,211,23,61,7,37,0.67,59
7,2019-05-08,良,58,211,22,58,7,34,0.61,69
8,2019-05-09,良,65,207,23,64,5,32,0.57,83
9,2019-05-10,良,64,176,24,72,4,32,0.51,82
10,2019-05-11,良,71,181,21,91,5,20,0.43,89
11,2019-05-12,中度污染,172,321,67,267,7,28,0.49,79
12,2019-05-13,轻度污染,105,283,42,147,7,37,0.58,71
13,2019-05-14,良,53,103,18,54,3,17,0.49,79
14,2019-05-15,优,50,128,16,47,4,26,0.48,71
15,2019-05-16,优,38,45,11,29,4,19,0.5,66
16,2019-05-17,优,35,39,12,26,4,18,0.47,66
17,2019-05-18,优,47,124,16,45,7,28,0.53,68
18,2019-05-19,良,72,268,27,92,13,37,0.55,66
19,2019-05-20,良,81,340,35,106,9,47,0.68,71
20,2019-05-21,良,98,352,46,143,8,45,0.68,76
21,2019-05-22,良,95,322,43,139,6,32,0.59,71
22,2019-05-23,优,50,58,11,40,4,13,0.45,71
23,2019-05-24,优,40,17,17,29,5,24,0.55,65
24,2019-05-25,优,44,77,15,38,6,28,0.54,72
25,2019-05-26,良,63,252,22,73,8,42,0.65,68
26,2019-05-27,良,57,267,18,63,5,32,0.6,60
27,2019-05-28,优,35,67,8,20,4,17,0.54,71
28,2019-05-29,优,43,110,10,30,4,28,0.58,69
29,2019-05-30,良,55,202,16,52,6,37,0.61,73
30,2019-05-31,良,65,265,20,70,6,40,0.62,76
0,2019-04-01,良,75,295,27,97,7,42,0.94,52
1,2019-04-02,良,64,241,21,77,6,38,0.74,51
2,2019-04-03,良,94,320,22,135,7,38,0.76,57
3,2019-04-04,良,94,286,41,135,8,37,0.69,75
4,2019-04-05,轻度污染,112,306,29,172,7,31,0.64,74
5,2019-04-06,良,87,272,28,123,7,37,0.7,62
6,2019-04-07,优,40,35,11,34,5,16,0.56,66
7,2019-04-08,优,37,32,12,32,5,27,0.61,57
8,2019-04-09,良,54,241,17,60,5,31,0.62,62
9,2019-04-10,良,68,318,19,83,6,17,0.56,83
10,2019-04-11,良,64,274,23,77,6,32,0.66,62
11,2019-04-12,良,53,144,22,53,6,34,0.71,61
12,2019-04-13,良,68,228,20,80,5,35,0.63,65
13,2019-04-14,良,59,209,17,60,5,30,0.6,76
14,2019-04-15,良,67,225,20,80,5,33,0.6,75
15,2019-04-16,良,76,276,23,101,5,18,0.53,87
16,2019-04-17,优,42,25,12,40,4,21,0.55,58
17,2019-04-18,优,47,59,15,42,5,28,0.63,67
18,2019-04-19,良,66,215,20,80,7,31,0.69,56
19,2019-04-20,良,62,200,17,74,6,34,0.61,57
20,2019-04-21,良,54,150,14,59,6,30,0.64,57
21,2019-04-22,优,50,130,16,57,6,36,0.79,35
22,2019-04-23,优,35,29,19,26,6,20,0.66,58
23,2019-04-24,优,50,100,21,46,6,31,0.64,57
24,2019-04-25,优,48,118,14,49,5,34,0.59,49
25,2019-04-26,优,25,1,10,15,4,21,0.57,50
26,2019-04-27,优,44,82,16,41,6,32,0.66,52
27,2019-04-28,优,44,105,14,31,5,29,0.55,70
28,2019-04-29,优,48,171,15,45,5,29,0.57,68
29,2019-04-30,良,56,195,17,57,5,32,0.58,71
0,2019-03-01,严重污染,251,363,200,240,16,84,2.58,52
1,2019-03-02,严重污染,251,365,200,229,12,87,2.62,56
2,2019-03-03,重度污染,211,352,162,153,9,88,2.59,57
3,2019-03-04,中度污染,162,331,123,115,12,74,2.02,66
4,2019-03-05,中度污染,196,348,150,119,11,74,2.4,58
5,2019-03-06,轻度污染,123,319,93,81,11,65,1.8,51
6,2019-03-07,重度污染,203,364,157,148,10,63,2.07,69
7,2019-03-08,轻度污染,141,363,106,102,7,41,1.6,67
8,2019-03-09,轻度污染,105,342,79,90,6,45,1.63,35
9,2019-03-10,良,89,270,65,82,5,40,1.69,36
10,2019-03-11,良,61,148,43,47,4,28,1.22,44
11,2019-03-12,良,90,323,66,70,4,37,1.5,42
12,2019-03-13,轻度污染,101,348,75,97,4,38,1.38,38
13,2019-03-14,良,70,269,50,52,5,27,1.18,44
14,2019-03-15,轻度污染,115,359,86,106,5,37,1.66,31
15,2019-03-16,中度污染,154,355,116,166,6,53,2.25,27
16,2019-03-17,轻度污染,135,350,101,150,7,67,2.81,28
17,2019-03-18,良,87,294,64,86,6,56,2.57,31
18,2019-03-19,优,41,24,22,37,7,26,0.91,63
19,2019-03-20,良,53,97,26,56,10,44,1.04,50
20,2019-03-21,良,55,140,28,59,7,39,1.02,50
21,2019-03-22,良,57,259,32,63,9,43,0.92,53
22,2019-03-23,良,89,352,60,122,11,51,1.11,52
23,2019-03-24,良,95,333,61,138,13,59,1.21,49
24,2019-03-25,良,79,268,50,105,10,47,1.04,51
25,2019-03-26,良,53,109,28,56,7,35,0.82,54
26,2019-03-27,优,47,58,17,47,6,34,0.77,56
27,2019-03-28,良,57,152,20,63,8,39,0.87,52
28,2019-03-29,良,65,200,23,79,8,42,0.87,48
29,2019-03-30,良,83,286,32,113,9,47,0.94,50
30,2019-03-31,良,85,345,34,117,9,39,0.94,57
0,2019-02-01,良,76,190,47,99,8,46,1.24,32
1,2019-02-02,良,78,164,56,71,5,47,1.42,25
2,2019-02-03,轻度污染,117,277,87,100,7,47,1.55,33
3,2019-02-04,中度污染,185,357,146,169,9,63,1.9,25
4,2019-02-05,严重污染,257,344,206,249,15,60,2.21,37
5,2019-02-06,重度污染,245,356,194,211,14,60,2.34,35
6,2019-02-07,轻度污染,119,325,88,57,9,42,1.34,46
7,2019-02-08,良,92,337,68,56,7,51,1.38,32
8,2019-02-09,中度污染,162,332,125,140,12,58,1.67,30
9,2019-02-10,中度污染,200,335,151,174,13,56,1.88,38
10,2019-02-11,中度污染,163,351,123,85,9,54,1.72,43
11,2019-02-12,重度污染,215,359,165,150,12,57,1.91,42
12,2019-02-13,轻度污染,135,326,101,27,8,55,1.36,48
13,2019-02-14,轻度污染,120,334,90,94,8,53,1.56,43
14,2019-02-15,轻度污染,115,325,87,84,10,62,1.63,44
15,2019-02-16,轻度污染,123,340,92,86,9,67,1.72,36
16,2019-02-17,中度污染,179,361,136,126,14,64,1.99,45
17,2019-02-18,中度污染,158,356,119,104,16,60,1.63,56
18,2019-02-19,中度污染,167,340,128,145,18,72,1.85,42
19,2019-02-20,重度污染,249,350,198,237,14,76,2.52,46
20,2019-02-21,中度污染,194,329,151,167,12,72,2.14,56
21,2019-02-22,良,72,180,52,51,9,36,1.27,58
22,2019-02-23,良,76,181,55,54,7,38,1.28,51
23,2019-02-24,良,65,159,46,42,6,35,1.32,53
24,2019-02-25,轻度污染,111,259,83,112,6,43,1.65,42
25,2019-02-26,轻度污染,138,303,104,118,6,53,1.76,42
26,2019-02-27,中度污染,152,313,115,123,8,50,1.6,59
27,2019-02-28,重度污染,220,350,170,182,11,78,2.14,47
0,2019-01-01,重度污染,206,362,156,230,13,67,2.63,18
1,2019-01-02,重度污染,211,352,162,243,8,65,2.67,19
2,2019-01-03,重度污染,211,331,164,244,9,69,2.78,17
3,2019-01-04,重度污染,230,331,180,228,13,60,2.53,19
4,2019-01-05,中度污染,178,321,137,173,11,69,2.17,21
5,2019-01-06,中度污染,166,316,126,154,8,73,2.27,19
6,2019-01-07,重度污染,214,324,166,233,8,71,2.54,17
7,2019-01-08,轻度污染,137,292,103,110,12,53,1.63,30
8,2019-01-09,良,90,292,66,81,7,70,1.73,19
9,2019-01-10,中度污染,182,348,140,179,11,68,2.42,19
10,2019-01-11,重度污染,242,352,192,233,9,82,2.91,18
11,2019-01-12,严重污染,265,346,214,240,10,97,3.35,16
12,2019-01-13,重度污染,215,305,167,189,10,92,2.94,21
13,2019-01-14,严重污染,254,331,203,211,17,74,2.9,22
14,2019-01-15,重度污染,206,361,157,120,12,72,2.22,24
15,2019-01-16,轻度污染,132,358,99,86,11,66,1.8,24
16,2019-01-17,轻度污染,138,354,104,111,8,70,1.97,23
17,2019-01-18,中度污染,172,354,130,168,9,53,1.95,30
18,2019-01-19,中度污染,158,318,120,147,8,44,1.78,35
19,2019-01-20,轻度污染,105,263,77,85,6,38,1.38,44
20,2019-01-21,良,95,279,69,72,7,47,1.33,43
21,2019-01-22,良,72,132,51,81,10,67,1.59,23
22,2019-01-23,中度污染,186,365,141,179,10,71,2.37,20
23,2019-01-24,重度污染,240,362,190,226,11,80,2.52,16
24,2019-01-25,严重污染,287,364,236,263,7,71,2.78,18
25,2019-01-26,重度污染,233,359,183,213,6,58,2.58,28
26,2019-01-27,中度污染,195,349,147,111,10,55,2.02,29
27,2019-01-28,中度污染,154,317,116,70,9,51,1.73,33
28,2019-01-29,良,71,145,51,58,6,39,1.09,31
29,2019-01-30,良,94,220,69,88,8,52,1.36,23
30,2019-01-31,良,77,301,55,78,7,47,1.11,30
0,2018-12-01,严重污染,393,365,220,2019,6,27,0.9,35
1,2018-12-02,重度污染,246,330,69,487,6,38,1.2,24
2,2018-12-03,良,65,132,36,79,6,44,1.38,23
3,2018-12-04,轻度污染,101,283,72,144,7,46,1.64,18
4,2018-12-05,良,85,284,62,81,8,58,1.72,23
5,2018-12-06,轻度污染,111,355,83,106,8,65,1.63,16
6,2018-12-07,轻度污染,102,359,75,110,10,61,1.48,19
7,2018-12-08,轻度污染,106,359,79,102,9,68,1.71,17
8,2018-12-09,轻度污染,134,359,100,129,9,81,1.96,15
9,2018-12-10,轻度污染,145,348,109,151,11,83,2.1,17
10,2018-12-11,轻度污染,121,322,90,120,11,86,2.13,14
11,2018-12-12,中度污染,158,340,118,153,11,100,2.53,18
12,2018-12-13,重度污染,218,362,170,216,15,93,2.58,15
13,2018-12-14,严重污染,277,365,226,275,17,81,2.86,18
14,2018-12-15,严重污染,291,364,240,293,18,76,2.91,20
15,2018-12-16,严重污染,283,365,232,249,16,80,2.83,23
16,2018-12-17,中度污染,153,335,117,122,18,77,2.13,24
17,2018-12-18,重度污染,227,364,177,197,14,77,2.7,19
18,2018-12-19,重度污染,211,343,163,132,14,61,2.43,18
19,2018-12-20,良,80,180,58,31,7,51,1.46,17
20,2018-12-21,良,77,190,56,49,6,39,1.36,24
21,2018-12-28,中度污染,174,362,132,195,8,74,2.18,14
22,2018-12-29,轻度污染,137,356,103,146,7,67,1.76,18
23,2018-12-30,轻度污染,133,356,100,173,8,69,2.11,17
24,2018-12-31,中度污染,189,363,144,236,10,69,2.34,16
0,2018-11-01,良,59,138,38,66,7,36,1.03,18
1,2018-11-02,优,24,2,11,19,6,24,0.67,32
2,2018-11-03,优,40,54,20,40,8,38,0.93,25
3,2018-11-04,良,53,163,30,56,9,46,1.16,21
4,2018-11-05,良,52,206,25,54,10,44,0.92,23
5,2018-11-06,良,60,310,30,68,8,46,1.02,19
6,2018-11-07,良,69,321,45,78,10,44,1.1,20
7,2018-11-08,良,82,331,57,97,11,51,1.4,18
8,2018-11-09,优,41,87,24,25,6,34,0.89,29
9,2018-11-10,良,59,175,40,59,6,35,1.08,26
10,2018-11-11,良,65,212,45,65,6,46,1.26,21
11,2018-11-12,良,53,158,36,45,5,28,1.04,19
12,2018-11-13,优,35,56,21,28,7,26,0.73,38
13,2018-11-14,良,66,205,46,55,8,47,1.21,21
14,2018-11-15,良,69,250,50,61,7,46,1.16,20
15,2018-11-16,轻度污染,103,353,77,97,10,57,1.71,17
16,2018-11-17,轻度污染,116,360,83,121,9,63,1.69,20
17,2018-11-18,重度污染,201,364,157,186,11,60,1.97,20
18,2018-11-19,中度污染,171,365,117,200,12,70,2.04,21
19,2018-11-20,轻度污染,137,355,93,164,11,65,1.77,20
20,2018-11-21,中度污染,154,354,115,136,10,55,1.42,28
21,2018-11-22,轻度污染,145,362,110,130,9,55,1.69,18
22,2018-11-23,轻度污染,134,350,101,139,11,66,1.83,17
23,2018-11-24,轻度污染,145,310,108,157,14,62,1.88,25
24,2018-11-25,严重污染,358,366,128,1283,8,30,0.87,39
25,2018-11-26,严重污染,326,347,60,441,7,54,1.32,18
26,2018-11-27,重度污染,203,291,70,323,7,49,1.35,19
27,2018-11-28,轻度污染,144,263,78,236,11,57,1.85,15
28,2018-11-29,轻度污染,149,277,103,230,10,72,2.67,13
29,2018-11-30,轻度污染,127,249,88,184,8,55,2.07,23
0,2018-10-01,良,77,350,26,102,10,43,0.84,53
1,2018-10-02,良,70,301,23,87,8,46,0.76,54
2,2018-10-03,良,67,213,18,89,5,28,0.6,45
3,2018-10-04,良,75,263,23,100,7,32,0.7,28
4,2018-10-05,良,67,206,24,82,8,40,0.76,28
5,2018-10-06,良,77,249,33,102,10,45,0.88,30
6,2018-10-07,良,79,247,38,106,10,49,0.85,33
7,2018-10-08,良,89,297,44,124,13,51,0.96,41
8,2018-10-09,良,78,298,36,103,10,47,0.83,39
9,2018-10-10,良,77,356,33,102,10,48,0.92,35
10,2018-10-11,良,74,336,34,95,9,47,0.93,37
11,2018-10-12,良,74,299,32,97,9,50,0.85,35
12,2018-10-13,良,85,325,35,119,9,52,0.94,38
13,2018-10-14,良,72,267,21,93,7,31,0.68,46
14,2018-10-15,良,72,288,24,92,10,39,0.85,28
15,2018-10-16,良,74,286,23,96,9,41,0.92,29
16,2018-10-17,优,48,159,16,56,6,34,0.74,22
17,2018-10-18,优,17,2,8,14,5,24,0.68,27
18,2018-10-19,优,29,28,12,27,6,32,0.76,33
19,2018-10-20,优,46,131,23,47,7,39,0.89,32
20,2018-10-21,良,64,234,34,75,8,47,1.07,24
21,2018-10-22,良,66,230,33,81,8,47,1.01,26
22,2018-10-23,良,77,299,41,101,10,54,1.17,27
23,2018-10-24,良,55,157,18,62,8,31,0.74,31
24,2018-10-25,良,74,246,28,97,9,42,1.0,18
25,2018-10-26,良,87,335,40,121,14,55,1.26,21
26,2018-10-27,轻度污染,102,364,64,146,21,68,1.68,22
27,2018-10-28,轻度污染,106,364,67,160,18,63,1.54,26
28,2018-10-29,优,40,92,19,43,7,30,0.82,30
29,2018-10-30,优,48,110,30,48,7,40,1.1,16
30,2018-10-31,良,67,235,45,75,9,45,1.23,17
0,2018-09-02,优,50,238,20,49,11,25,0.8,87
1,2018-09-03,优,36,97,11,36,7,21,0.6,53
2,2018-09-04,优,46,180,16,48,9,28,0.66,42
3,2018-09-05,良,53,208,15,59,8,35,0.66,42
4,2018-09-06,良,64,263,23,77,11,42,0.77,66
5,2018-09-07,良,77,360,32,101,15,52,1.04,55
6,2018-09-08,良,75,359,26,96,12,52,0.9,67
7,2018-09-09,良,72,333,20,92,8,41,0.71,52
8,2018-09-10,良,55,216,16,60,10,37,0.72,56
9,2018-09-11,优,46,127,14,47,7,36,0.61,61
10,2018-09-12,优,49,173,16,53,8,36,0.66,40
11,2018-09-13,优,29,35,8,17,5,14,0.49,55
12,2018-09-14,优,50,194,20,53,7,33,0.66,38
13,2018-09-15,良,60,269,23,69,9,38,0.75,42
14,2018-09-16,良,70,353,25,89,9,43,0.79,45
15,2018-09-17,良,81,356,27,110,10,54,0.89,36
16,2018-09-18,良,68,326,23,87,10,37,0.84,43
17,2018-09-19,良,51,241,15,54,7,27,0.67,40
18,2018-09-20,良,70,327,21,88,8,36,0.79,39
19,2018-09-21,良,96,366,35,140,9,45,0.95,38
20,2018-09-22,良,80,341,27,109,9,43,0.89,42
21,2018-09-23,良,86,361,29,119,9,43,0.89,41
22,2018-09-24,良,81,340,25,110,9,38,0.87,39
23,2018-09-25,优,22,12,7,13,5,21,0.67,41
24,2018-09-26,优,29,44,11,24,5,21,0.66,42
25,2018-09-27,优,50,218,23,52,7,35,0.8,32
26,2018-09-28,良,66,303,36,77,10,45,0.98,35
27,2018-09-29,良,74,310,39,95,9,57,1.02,30
28,2018-09-30,良,64,256,22,78,8,44,0.82,49
0,2018-08-01,良,84,347,28,98,12,36,0.81,80
1,2018-08-02,良,88,336,31,107,10,42,0.85,81
2,2018-08-03,良,79,308,27,92,7,25,0.9,103
3,2018-08-04,良,57,243,21,47,7,23,0.67,97
4,2018-08-05,良,70,303,25,86,9,33,0.64,80
5,2018-08-06,良,77,321,25,90,10,37,0.66,88
6,2018-08-07,良,83,331,26,98,10,40,0.67,92
7,2018-08-08,良,75,315,25,96,11,36,0.78,84
8,2018-08-09,良,63,233,20,68,9,31,0.65,83
9,2018-08-10,良,65,218,19,69,8,26,0.6,93
10,2018-08-11,良,64,198,18,68,7,28,0.54,90
11,2018-08-12,中度污染,192,365,46,305,8,30,0.59,72
12,2018-08-13,优,36,93,13,28,6,20,0.58,68
13,2018-08-14,优,40,152,10,33,7,25,0.56,72
14,2018-08-15,良,66,322,22,72,11,35,0.71,78
15,2018-08-16,良,84,355,28,113,9,45,0.8,77
16,2018-08-17,良,86,354,30,119,9,39,0.76,91
17,2018-08-18,良,83,358,27,108,9,38,0.74,76
18,2018-08-19,良,66,327,22,79,9,30,0.78,75
19,2018-08-20,良,68,323,26,69,9,33,0.78,86
20,2018-08-21,良,98,352,38,143,11,34,0.8,93
21,2018-08-22,良,54,189,22,57,7,18,0.72,81
22,2018-08-23,优,46,91,19,36,7,20,0.64,87
23,2018-08-25,良,61,180,25,71,8,36,0.84,67
24,2018-08-27,良,59,212,22,64,7,24,0.67,80
25,2018-08-29,优,49,196,18,46,8,22,0.7,89
26,2018-08-31,优,38,137,14,24,6,20,0.61,69
0,2018-07-01,良,66,268,15,68,7,31,0.68,89
1,2018-07-02,良,64,269,14,57,7,25,0.63,102
2,2018-07-03,良,63,278,19,69,7,26,0.72,87
3,2018-07-04,良,55,223,10,38,7,16,0.67,104
4,2018-07-05,优,44,168,14,31,7,17,0.64,84
5,2018-07-06,良,58,271,16,54,8,29,0.68,75
6,2018-07-07,良,69,319,23,72,9,36,0.72,79
7,2018-07-08,良,85,357,28,94,11,42,0.81,89
8,2018-07-09,良,61,315,21,58,7,29,0.61,96
9,2018-07-10,良,53,266,17,49,7,23,0.54,90
10,2018-07-11,良,71,329,23,83,7,32,0.57,84
11,2018-07-12,良,66,320,21,77,7,27,0.56,86
12,2018-07-13,优,50,230,14,40,6,25,0.61,85
13,2018-07-14,良,65,315,14,54,7,28,0.59,102
14,2018-07-15,良,58,255,19,57,7,30,0.66,86
15,2018-07-16,良,68,313,21,81,8,35,0.68,83
16,2018-07-17,良,67,307,21,75,8,29,0.61,83
17,2018-07-18,良,52,202,14,41,7,24,0.61,92
18,2018-07-19,良,54,225,20,55,7,29,0.59,77
19,2018-07-20,良,65,262,28,71,7,33,0.62,79
20,2018-07-21,良,82,323,33,94,8,43,0.71,84
21,2018-07-22,良,99,358,38,125,9,51,0.83,94
22,2018-07-23,轻度污染,104,363,42,129,10,47,0.82,102
23,2018-07-24,良,72,314,30,86,9,34,0.74,91
24,2018-07-25,优,50,181,18,51,6,22,0.57,75
25,2018-07-26,良,53,196,19,57,8,24,0.62,58
26,2018-07-27,良,56,247,20,61,8,33,0.73,54
27,2018-07-28,良,68,279,25,78,9,35,0.78,74
28,2018-07-29,良,79,300,32,101,9,38,0.74,69
29,2018-07-30,良,63,242,22,71,10,25,0.69,79
30,2018-07-31,优,48,155,16,48,8,18,0.59,79
0,2018-06-01,良,67,162,28,81,8,32,0.63,60
1,2018-06-02,良,79,224,31,106,10,39,0.66,68
2,2018-06-03,轻度污染,146,356,58,220,9,32,0.6,80
3,2018-06-04,良,54,100,25,48,7,17,0.57,88
4,2018-06-05,良,63,178,25,58,9,34,0.68,83
5,2018-06-06,良,61,141,21,52,8,27,0.61,93
6,2018-06-07,良,71,202,25,73,9,37,0.68,92
7,2018-06-08,良,71,268,25,81,8,31,0.68,103
8,2018-06-09,良,63,268,21,57,7,26,0.64,99
9,2018-06-10,良,72,298,25,70,9,35,0.7,94
10,2018-06-11,良,75,236,32,98,10,47,0.81,75
11,2018-06-12,良,63,163,24,57,8,29,0.71,96
12,2018-06-13,优,47,111,24,37,7,24,0.65,83
13,2018-06-14,良,62,186,20,55,9,36,0.67,81
14,2018-06-15,良,62,176,20,64,9,19,0.58,96
15,2018-06-16,优,50,91,16,40,7,15,0.57,92
16,2018-06-17,良,57,160,19,51,10,27,0.68,90
17,2018-06-18,优,48,99,26,45,8,32,0.75,66
18,2018-06-19,优,43,112,21,31,7,26,0.66,78
19,2018-06-20,良,71,283,30,70,9,37,0.77,92
20,2018-06-21,良,53,181,24,39,7,19,0.64,96
21,2018-06-22,良,57,203,25,55,9,36,0.81,73
22,2018-06-23,良,62,215,17,50,8,30,0.66,88
23,2018-06-24,良,75,252,21,67,9,36,0.7,102
24,2018-06-25,良,62,249,24,71,7,30,0.67,91
25,2018-06-26,良,51,226,17,42,8,27,0.68,87
26,2018-06-27,良,71,310,21,72,10,38,0.77,92
27,2018-06-28,良,75,317,27,86,11,42,0.87,83
28,2018-06-29,良,62,221,17,50,8,23,0.7,107
29,2018-06-30,良,70,259,16,71,8,24,0.66,102
0,2018-05-01,良,80,257,28,106,7,32,0.8,86
1,2018-05-02,中度污染,158,363,67,389,7,25,0.84,79
2,2018-05-03,良,66,194,21,80,8,29,0.82,63
3,2018-05-04,良,55,83,18,58,9,30,0.74,68
4,2018-05-05,良,68,229,22,84,8,37,0.75,66
5,2018-05-06,良,99,348,29,156,8,37,0.79,63
6,2018-05-07,良,70,253,20,68,5,20,0.68,68
7,2018-05-08,优,40,47,16,32,6,31,0.77,69
8,2018-05-09,良,75,218,37,91,9,50,0.99,71
9,2018-05-10,良,98,322,36,135,8,41,0.8,81
10,2018-05-11,良,70,232,21,67,7,39,0.78,82
11,2018-05-12,良,93,304,36,122,9,37,0.74,104
12,2018-05-13,良,63,131,30,75,8,32,0.71,60
13,2018-05-14,优,41,30,19,33,8,27,0.83,59
14,2018-05-15,优,41,34,19,32,7,24,0.79,75
15,2018-05-16,良,59,203,24,62,8,39,0.84,67
16,2018-05-17,良,72,285,31,75,9,39,0.77,80
17,2018-05-18,良,62,184,23,48,11,28,0.72,103
18,2018-05-19,良,55,162,16,42,7,18,0.59,98
19,2018-05-20,良,90,360,24,97,7,15,0.56,89
20,2018-05-21,良,53,199,17,46,7,29,0.61,78
21,2018-05-22,良,69,280,27,80,10,40,0.73,70
22,2018-05-23,良,81,226,32,89,9,38,0.72,87
23,2018-05-24,良,77,198,22,96,5,15,0.58,79
24,2018-05-25,优,43,69,12,34,6,20,0.6,79
25,2018-05-26,良,60,192,20,62,8,36,0.73,74
26,2018-05-27,良,90,260,36,129,9,30,0.82,82
27,2018-05-28,中度污染,170,357,75,336,11,28,0.7,95
28,2018-05-29,良,99,291,27,125,7,13,0.56,92
29,2018-05-30,良,83,253,41,115,11,36,0.78,73
30,2018-05-31,中度污染,179,363,54,262,8,20,0.55,77
0,2018-04-01,良,74,129,25,98,8,21,0.73,64
1,2018-04-02,优,40,7,16,30,9,22,0.83,76
2,2018-04-03,优,49,33,25,50,10,35,0.95,51
3,2018-04-04,优,47,49,14,43,7,15,0.66,83
4,2018-04-05,良,76,261,33,101,16,40,0.99,58
5,2018-04-05,良,76,261,33,101,16,40,0.99,58
6,2018-04-06,轻度污染,107,311,38,162,11,23,0.78,94
7,2018-04-07,轻度污染,114,356,50,176,13,42,0.96,78
8,2018-04-08,轻度污染,114,356,43,177,10,45,0.98,50
9,2018-04-09,优,37,3,15,28,7,24,0.8,71
10,2018-04-10,良,54,30,23,56,9,41,0.92,60
11,2018-04-11,优,43,17,12,36,8,30,0.82,59
12,2018-04-12,优,42,18,13,23,7,23,0.79,85
13,2018-04-13,良,55,182,25,59,9,40,0.91,72
14,2018-04-14,轻度污染,107,312,36,161,7,22,0.71,99
15,2018-04-15,轻度污染,136,329,55,220,9,25,0.81,111
16,2018-04-16,轻度污染,142,324,59,233,11,45,1.0,90
17,2018-04-17,良,67,86,21,81,7,23,0.76,79
18,2018-04-18,轻度污染,110,270,33,147,9,45,1.01,50
19,2018-04-19,优,37,7,11,21,6,20,0.73,63
20,2018-04-20,优,37,5,17,33,7,33,0.88,54
21,2018-04-21,良,58,135,21,62,8,36,0.85,62
22,2018-04-22,良,69,302,29,82,9,43,0.92,69
23,2018-04-23,良,87,353,38,120,10,41,0.95,89
24,2018-04-24,轻度污染,106,358,43,159,10,41,0.93,76
25,2018-04-25,轻度污染,115,354,45,177,11,46,0.96,88
26,2018-04-26,轻度污染,107,329,28,148,8,32,0.84,73
27,2018-04-27,优,42,23,14,41,7,25,0.79,65
28,2018-04-28,优,50,35,15,42,7,31,0.81,71
29,2018-04-29,良,61,87,15,61,6,20,0.71,91
30,2018-04-30,良,62,150,19,66,7,33,0.8,76
0,2018-03-01,中度污染,180,366,139,157,14,81,2.89,51
1,2018-03-02,中度污染,164,363,116,186,14,51,2.3,53
2,2018-03-03,良,51,68,17,54,8,22,1.06,62
3,2018-03-04,良,63,200,42,62,11,42,1.39,47
4,2018-03-05,良,64,277,46,58,10,36,1.31,54
5,2018-03-06,优,50,176,34,42,10,42,1.38,45
6,2018-03-07,良,74,276,50,76,14,36,1.31,49
7,2018-03-08,良,53,170,34,55,15,35,1.11,57
8,2018-03-09,良,79,239,56,100,15,46,1.43,43
9,2018-03-10,轻度污染,118,306,63,171,12,40,1.17,53
10,2018-03-11,严重污染,319,362,98,425,13,26,0.93,69
11,2018-03-12,良,80,183,38,109,13,43,1.11,49
12,2018-03-13,优,35,12,18,29,12,26,1.04,37
13,2018-03-14,优,38,13,24,32,11,25,1.11,46
14,2018-03-15,优,33,7,15,31,8,28,0.86,50
15,2018-03-16,优,50,130,30,51,8,36,0.94,42
16,2018-03-17,良,61,190,32,70,10,33,0.9,39
17,2018-03-18,优,26,13,16,18,5,31,0.94,43
18,2018-03-19,优,41,64,24,34,9,41,1.14,58
19,2018-03-20,良,69,257,47,77,14,52,1.36,48
20,2018-03-21,良,81,308,58,86,17,49,1.54,55
21,2018-03-22,良,94,260,68,101,14,52,1.48,58
22,2018-03-23,良,84,177,52,113,13,49,1.17,71
23,2018-03-24,良,86,210,43,119,11,42,1.11,67
24,2018-03-25,重度污染,207,364,58,601,7,29,0.84,73
25,2018-03-26,轻度污染,110,272,36,167,12,37,0.97,59
26,2018-03-27,良,64,92,18,78,7,25,0.75,76
27,2018-03-28,良,61,80,24,71,12,40,0.95,54
28,2018-03-29,良,61,109,28,71,10,46,0.92,57
29,2018-03-30,良,68,141,27,84,9,37,0.8,66
30,2018-03-31,轻度污染,106,267,29,161,6,13,0.6,99
0,2018-02-01,重度污染,244,363,193,223,28,88,3.36,26
1,2018-02-02,严重污染,251,365,200,262,25,93,3.27,26
2,2018-02-03,重度污染,232,365,184,215,23,90,3.44,30
3,2018-02-04,中度污染,168,363,127,156,18,84,2.8,32
4,2018-02-05,中度污染,196,364,150,184,17,77,2.82,41
5,2018-02-06,严重污染,272,365,221,276,29,85,3.43,37
6,2018-02-07,中度污染,177,363,136,164,20,78,2.49,47
7,2018-02-08,良,73,104,51,72,12,66,1.84,45
8,2018-02-09,轻度污染,107,170,80,107,11,67,1.96,40
9,2018-02-10,中度污染,175,349,133,171,13,67,2.23,38
10,2018-02-11,中度污染,152,351,114,137,13,73,2.14,44
11,2018-02-12,中度污染,155,365,117,141,13,89,2.67,37
12,2018-02-13,中度污染,195,365,152,182,16,89,2.94,36
13,2018-02-14,严重污染,268,367,217,266,18,93,3.49,38
14,2018-02-15,严重污染,253,366,202,256,22,77,3.38,48
15,2018-02-16,良,91,117,64,97,20,44,1.46,66
16,2018-02-17,良,66,118,43,61,11,49,1.48,50
17,2018-02-18,轻度污染,111,295,83,62,12,44,1.52,63
18,2018-02-19,轻度污染,139,337,105,70,16,40,1.75,64
19,2018-02-20,轻度污染,115,318,87,70,13,57,1.86,49
20,2018-02-21,中度污染,163,343,123,104,15,53,2.03,59
21,2018-02-22,轻度污染,105,294,76,74,14,60,1.88,47
22,2018-02-23,轻度污染,137,353,100,95,15,65,2.41,48
23,2018-02-24,中度污染,177,365,134,122,15,52,2.47,64
24,2018-02-25,中度污染,170,366,129,111,11,52,2.3,48
25,2018-02-26,中度污染,183,354,141,117,12,66,2.68,48
26,2018-02-27,轻度污染,127,306,96,103,10,44,2.38,47
27,2018-02-28,轻度污染,111,282,82,81,13,56,2.26,53
0,2018-01-01,轻度污染,142,266,108,147,11,53,2.06,22
1,2018-01-02,轻度污染,147,295,111,140,13,58,2.16,18
2,2018-01-03,轻度污染,113,323,85,97,15,48,1.69,23
3,2018-01-04,良,64,239,42,72,12,55,1.7,24
4,2018-01-05,良,97,284,70,114,11,64,2.16,18
5,2018-01-06,轻度污染,134,307,97,154,12,67,2.46,17
6,2018-01-07,中度污染,194,360,142,247,16,80,3.11,17
7,2018-01-08,重度污染,229,365,173,292,15,93,3.69,20
8,2018-01-09,重度污染,250,365,196,322,17,94,3.69,22
9,2018-01-10,严重污染,292,365,241,328,19,88,3.78,24
10,2018-01-11,严重污染,287,364,236,306,20,89,3.65,25
11,2018-01-12,中度污染,161,354,121,127,15,65,2.12,26
12,2018-01-13,中度污染,186,346,142,189,10,63,2.6,22
13,2018-01-14,中度污染,188,335,145,175,21,58,2.61,25
14,2018-01-15,轻度污染,134,244,97,120,13,53,2.0,24
15,2018-01-16,中度污染,151,272,114,113,12,58,2.18,26
16,2018-01-17,中度污染,195,309,151,173,9,65,2.86,21
17,2018-01-18,重度污染,244,339,197,254,11,72,3.58,22
18,2018-01-19,严重污染,294,355,228,321,11,73,3.76,21
19,2018-01-20,严重污染,258,333,208,250,13,79,3.92,21
20,2018-01-21,严重污染,277,348,226,283,13,68,3.7,25
21,2018-01-22,重度污染,228,346,177,211,17,71,3.11,23
22,2018-01-23,中度污染,194,362,148,167,18,71,2.64,24
23,2018-01-24,轻度污染,105,322,77,86,14,49,1.59,34
24,2018-01-25,良,82,302,60,74,16,56,1.65,26
25,2018-01-26,轻度污染,120,346,89,138,14,51,1.83,31
26,2018-01-27,轻度污染,135,343,101,155,21,57,2.29,24
27,2018-01-28,中度污染,153,334,116,167,24,60,2.45,24
28,2018-01-29,中度污染,183,334,138,177,19,68,2.74,25
29,2018-01-30,中度污染,181,330,138,182,24,75,2.85,25
30,2018-01-31,重度污染,235,352,184,234,26,81,3.34,25
0,2017-12-01,轻度污染,127,329,95,115,12,49,1.6,21
1,2017-12-02,中度污染,169,333,128,159,14,54,1.85,21
2,2017-12-03,轻度污染,141,298,106,123,17,53,1.76,17
3,2017-12-04,轻度污染,143,313,108,136,19,56,2.16,13
4,2017-12-05,轻度污染,133,321,100,122,17,50,1.89,17
5,2017-12-06,轻度污染,134,312,101,133,13,47,1.83,21
6,2017-12-07,轻度污染,122,256,92,121,13,41,1.58,20
7,2017-12-08,轻度污染,119,354,89,108,13,45,1.59,21
8,2017-12-09,轻度污染,123,343,92,137,23,47,1.85,19
9,2017-12-10,轻度污染,124,346,93,145,15,48,1.88,16
10,2017-12-11,轻度污染,106,291,77,136,18,51,2.21,17
11,2017-12-12,良,99,288,73,104,12,41,1.39,20
12,2017-12-13,轻度污染,105,294,78,123,10,40,1.56,17
13,2017-12-14,良,72,196,51,62,7,34,1.27,23
14,2017-12-15,良,91,257,67,87,9,40,1.33,19
15,2017-12-16,良,87,265,64,79,10,34,1.29,25
16,2017-12-17,轻度污染,140,364,105,138,14,49,2.31,15
17,2017-12-18,中度污染,176,365,133,185,15,49,2.59,15
18,2017-12-19,重度污染,227,366,178,233,13,51,2.78,15
19,2017-12-20,严重污染,281,365,226,340,13,66,3.57,18
20,2017-12-21,重度污染,245,366,203,267,13,62,2.97,18
21,2017-12-22,良,86,113,58,98,15,62,1.94,21
22,2017-12-23,良,92,121,60,100,10,52,1.78,20
23,2017-12-24,轻度污染,145,294,109,146,10,47,2.17,15
24,2017-12-25,轻度污染,142,346,107,147,10,39,2.16,20
25,2017-12-26,轻度污染,104,200,77,115,11,45,1.94,22
26,2017-12-27,轻度污染,105,184,77,121,13,45,1.97,20
27,2017-12-28,优,49,42,22,52,10,43,1.14,34
28,2017-12-29,优,45,23,22,47,12,53,1.37,27
29,2017-12-30,良,97,157,72,87,7,48,1.51,19
30,2017-12-31,轻度污染,116,195,86,126,10,62,2.4,20
0,2017-11-01,轻度污染,124,318,86,189,25,72,1.79,26
1,2017-11-02,中度污染,163,337,113,247,25,85,2.22,25
2,2017-11-03,中度污染,154,345,116,228,26,89,2.15,27
3,2017-11-04,轻度污染,116,324,81,174,19,64,1.45,27
4,2017-11-05,优,41,25,21,41,8,35,0.75,38
5,2017-11-06,良,77,135,39,100,12,51,1.28,20
6,2017-11-07,良,96,162,65,129,12,51,1.43,22
7,2017-11-08,优,40,49,23,36,9,34,0.89,33
8,2017-11-09,良,53,72,30,56,10,48,1.21,24
9,2017-11-10,良,67,166,43,71,8,38,1.16,28
10,2017-11-11,优,34,30,18,31,10,30,0.89,35
11,2017-11-12,良,58,137,36,64,11,40,1.19,24
12,2017-11-13,良,56,122,39,53,11,34,0.98,25
13,2017-11-14,良,90,290,66,93,15,43,1.33,24
14,2017-11-15,轻度污染,112,317,82,139,18,57,1.87,19
15,2017-11-16,轻度污染,124,319,92,123,13,55,2.0,16
16,2017-11-17,良,81,258,59,50,10,45,1.54,19
17,2017-11-18,轻度污染,106,361,79,100,10,41,1.52,25
18,2017-11-19,良,94,325,69,79,9,46,1.58,21
19,2017-11-20,良,59,189,37,60,12,44,1.19,24
20,2017-11-21,良,84,247,59,104,14,49,1.58,19
21,2017-11-22,良,79,252,56,82,14,40,1.24,25
22,2017-11-23,良,85,323,58,105,13,46,1.56,21
23,2017-11-24,轻度污染,136,362,101,162,18,60,2.1,16
24,2017-11-25,中度污染,163,363,123,161,15,57,1.95,23
25,2017-11-26,中度污染,175,364,134,214,22,67,2.41,23
26,2017-11-27,轻度污染,147,339,111,184,18,72,2.58,21
27,2017-11-28,中度污染,185,352,139,169,21,64,2.42,15
28,2017-11-29,中度污染,174,361,132,169,17,57,2.12,16
29,2017-11-30,良,96,344,70,84,14,45,1.35,18
0,2017-10-01,优,50,172,31,50,7,32,0.89,35
1,2017-10-02,良,73,317,45,90,9,44,1.07,34
2,2017-10-03,良,84,359,36,116,13,42,0.92,48
3,2017-10-05,优,32,85,15,31,7,27,0.71,39
4,2017-10-06,优,23,8,13,20,5,27,0.76,30
5,2017-10-07,优,29,20,17,25,6,28,0.7,44
6,2017-10-08,优,43,104,19,44,9,39,0.81,37
7,2017-10-09,优,49,212,22,52,10,46,0.79,35
8,2017-10-10,良,72,315,41,90,13,57,1.22,29
9,2017-10-11,良,69,339,45,85,12,58,1.23,36
10,2017-10-12,良,91,358,59,124,15,70,1.45,36
11,2017-10-13,良,98,342,71,128,18,83,1.61,40
12,2017-10-14,轻度污染,104,338,63,151,18,83,1.62,36
13,2017-10-15,轻度污染,120,342,77,185,21,75,1.71,36
14,2017-10-16,轻度污染,118,338,75,184,23,70,1.71,45
15,2017-10-17,轻度污染,116,342,61,180,19,67,1.58,45
16,2017-10-18,轻度污染,131,352,59,209,14,53,1.25,59
17,2017-10-19,轻度污染,106,322,43,162,15,47,1.05,51
18,2017-10-20,优,48,122,24,51,10,45,1.11,32
19,2017-10-21,良,77,245,44,100,10,46,1.27,34
20,2017-10-22,良,76,230,45,99,13,52,1.16,33
21,2017-10-23,良,90,299,54,127,15,59,1.44,33
22,2017-10-24,轻度污染,102,318,70,150,16,66,1.56,34
23,2017-10-25,轻度污染,109,297,64,166,18,67,1.4,38
24,2017-10-26,良,63,104,39,85,11,42,0.99,33
25,2017-10-27,良,51,47,33,48,7,38,1.02,27
26,2017-10-28,良,63,93,34,75,14,43,1.14,19
27,2017-10-29,良,78,217,50,104,19,51,1.39,20
28,2017-10-30,轻度污染,121,358,91,154,35,68,2.04,23
29,2017-10-31,轻度污染,130,344,96,184,29,74,2.28,27
0,2017-09-01,良,52,172,17,50,7,27,0.79,72
1,2017-09-02,良,60,224,24,64,7,33,0.84,67
2,2017-09-03,良,60,254,23,68,8,33,0.8,71
3,2017-09-04,良,64,292,24,71,8,38,0.8,74
4,2017-09-05,良,78,325,33,100,9,49,0.88,70
5,2017-09-06,良,78,337,30,98,9,43,0.85,71
6,2017-09-07,轻度污染,118,364,30,151,6,26,0.71,78
7,2017-09-08,良,85,326,25,120,7,23,0.72,64
8,2017-09-09,良,57,195,18,58,7,31,0.67,92
9,2017-09-10,良,73,330,27,93,9,50,0.88,53
10,2017-09-11,良,73,309,25,94,10,44,0.82,74
11,2017-09-12,良,64,217,20,77,8,38,0.75,64
12,2017-09-13,良,61,172,13,72,6,25,0.59,59
13,2017-09-14,良,61,181,15,70,9,41,0.69,42
14,2017-09-15,良,58,156,17,67,9,45,0.75,40
15,2017-09-16,良,72,247,23,92,11,55,0.93,43
16,2017-09-17,良,76,244,24,99,9,53,0.91,53
17,2017-09-18,良,80,211,26,108,10,56,0.9,52
18,2017-09-19,良,83,244,29,113,11,57,0.94,64
19,2017-09-20,良,72,284,24,94,9,46,0.78,56
20,2017-09-21,良,77,282,25,102,10,46,0.91,48
21,2017-09-22,良,88,317,32,123,12,54,0.94,52
22,2017-09-23,良,89,301,38,126,13,58,1.01,64
23,2017-09-24,优,39,101,10,39,5,19,0.6,48
24,2017-09-25,优,41,135,17,40,8,29,0.79,38
25,2017-09-26,良,56,235,19,62,9,38,0.8,38
26,2017-09-27,良,75,337,29,98,13,48,1.02,38
27,2017-09-28,良,89,349,34,125,12,55,1.0,41
28,2017-09-29,良,70,280,18,94,7,33,0.77,41
29,2017-09-30,优,36,68,17,35,6,30,0.77,28
0,2017-08-01,良,69,293,21,85,7,32,0.78,71
1,2017-08-02,良,53,248,15,48,6,23,0.77,85
2,2017-08-03,良,58,250,20,62,8,34,0.81,70
3,2017-08-04,良,71,270,25,87,7,44,0.88,67
4,2017-08-05,良,70,257,24,88,8,37,0.91,66
5,2017-08-06,良,53,166,13,37,6,22,0.82,92
6,2017-08-07,良,53,170,13,41,6,25,0.81,88
7,2017-08-08,良,60,263,20,59,7,37,0.88,78
8,2017-08-09,良,59,251,23,61,7,30,0.79,79
9,2017-08-10,良,70,264,26,80,8,44,0.87,68
10,2017-08-11,良,72,259,23,85,8,44,0.81,77
11,2017-08-12,轻度污染,125,365,44,201,5,23,0.68,77
12,2017-08-13,优,37,99,19,27,5,20,0.67,74
13,2017-08-14,优,48,193,20,43,6,29,0.74,70
14,2017-08-15,优,50,177,17,45,10,28,0.79,76
15,2017-08-16,良,61,246,22,61,8,36,0.89,74
16,2017-08-17,优,42,129,16,39,6,30,0.81,69
17,2017-08-18,优,36,72,13,23,5,23,0.74,74
18,2017-08-19,优,40,85,13,32,7,27,0.7,72
19,2017-08-20,良,53,233,19,52,8,33,0.84,56
20,2017-08-21,优,34,54,11,32,8,27,0.67,50
21,2017-08-22,优,46,133,15,43,7,30,0.7,59
22,2017-08-23,优,49,195,15,48,11,26,0.73,85
23,2017-08-24,良,57,280,17,63,9,35,0.79,57
24,2017-08-25,良,57,268,17,63,8,32,0.81,66
25,2017-08-26,良,62,298,21,70,8,34,0.84,65
26,2017-08-27,良,57,261,19,61,7,31,0.79,69
27,2017-08-28,良,58,298,20,56,8,29,0.83,77
28,2017-08-29,良,59,330,21,58,7,34,0.81,74
29,2017-08-30,良,66,341,21,80,8,34,0.84,67
30,2017-08-31,优,49,213,14,42,6,24,0.74,80
0,2017-07-01,良,52,183,18,49,6,31,0.74,72
1,2017-07-02,良,58,228,17,60,6,31,0.71,71
2,2017-07-03,良,59,229,18,59,9,35,0.82,73
3,2017-07-04,良,53,171,15,48,7,26,0.69,84
4,2017-07-05,良,67,251,22,72,8,41,0.82,80
5,2017-07-06,良,71,300,27,84,9,44,0.85,77
6,2017-07-07,良,64,272,22,70,9,33,0.71,82
7,2017-07-08,良,77,309,26,95,9,44,0.79,77
8,2017-07-09,良,83,328,36,103,9,44,0.76,86
9,2017-07-10,良,79,291,36,106,9,44,0.83,72
10,2017-07-11,良,65,213,20,75,5,24,0.7,92
11,2017-07-12,良,67,216,27,74,9,36,0.78,88
12,2017-07-13,良,77,274,33,94,9,42,0.86,87
13,2017-07-14,良,62,231,19,71,8,29,0.73,83
14,2017-07-15,优,47,159,14,43,6,22,0.74,82
15,2017-07-16,优,50,176,19,54,7,43,0.84,47
16,2017-07-17,良,57,207,15,51,7,38,0.78,78
17,2017-07-18,良,64,240,16,67,7,26,0.7,94
18,2017-07-19,良,59,243,22,61,7,35,0.68,73
19,2017-07-20,良,65,263,14,74,7,30,0.67,76
20,2017-07-21,良,55,220,14,53,8,24,0.67,90
21,2017-07-22,良,65,254,19,69,8,29,0.75,88
22,2017-07-23,良,61,204,12,55,6,22,0.69,95
23,2017-07-24,良,71,266,20,89,8,46,0.94,61
24,2017-07-25,良,64,224,18,69,9,36,0.87,77
25,2017-07-26,良,75,256,21,82,10,41,0.84,92
26,2017-07-27,良,75,258,23,88,10,46,0.84,94
27,2017-07-28,良,87,322,35,121,10,46,0.93,81
28,2017-07-29,良,79,318,35,106,8,40,0.86,79
29,2017-07-30,良,66,198,28,79,8,25,0.84,94
30,2017-07-31,良,66,226,24,78,8,38,0.87,74
0,2017-06-01,良,59,166,25,69,10,35,0.82,56
1,2017-06-02,良,53,137,20,57,9,29,0.58,62
2,2017-06-03,优,45,97,17,46,7,28,0.55,69
3,2017-06-04,良,57,182,24,64,7,34,0.6,68
4,2017-06-05,良,59,259,27,69,7,33,0.6,62
5,2017-06-06,良,57,267,25,64,7,30,0.62,63
6,2017-06-07,良,68,251,22,84,6,25,0.62,58
7,2017-06-08,优,44,87,11,37,5,21,0.7,57
8,2017-06-09,良,62,212,20,72,7,33,0.66,63
9,2017-06-10,良,64,261,33,70,9,45,0.83,66
10,2017-06-11,轻度污染,138,365,54,219,10,42,0.76,69
11,2017-06-12,良,53,205,24,53,8,21,0.71,74
12,2017-06-13,良,59,218,25,69,10,38,0.82,63
13,2017-06-14,良,81,268,33,110,14,47,0.87,65
14,2017-06-15,良,80,236,38,107,13,42,0.93,82
15,2017-06-16,良,76,227,35,100,10,43,0.86,66
16,2017-06-17,良,73,197,36,94,8,33,0.75,75
17,2017-06-18,良,55,142,21,59,8,26,0.65,77
18,2017-06-19,良,56,189,18,62,8,28,0.7,67
19,2017-06-20,良,62,220,25,71,9,31,0.82,66
20,2017-06-21,良,64,216,26,77,12,33,0.82,65
21,2017-06-22,良,74,312,29,96,11,34,0.9,60
22,2017-06-23,良,75,307,30,98,10,28,0.8,63
23,2017-06-24,良,79,319,35,104,12,35,0.94,68
24,2017-06-25,良,62,223,24,66,9,26,0.7,78
25,2017-06-26,优,47,138,14,36,6,18,0.69,87
26,2017-06-27,优,49,127,13,31,7,21,0.7,94
27,2017-06-28,良,66,193,21,62,9,32,0.77,89
28,2017-06-29,良,51,141,14,51,8,25,0.69,74
29,2017-06-30,优,39,101,11,25,5,20,0.66,81
0,2017-05-01,优,32,2,11,19,6,20,0.64,61
1,2017-05-02,良,57,109,14,61,5,19,0.61,58
2,2017-05-03,良,95,312,24,129,6,25,0.67,57
3,2017-05-04,良,60,192,21,69,8,37,0.77,50
4,2017-05-05,良,68,160,28,85,10,43,0.81,52
5,2017-05-06,良,83,168,31,115,8,37,0.74,57
6,2017-05-07,轻度污染,115,247,35,170,12,33,0.73,61
7,2017-05-08,优,35,16,14,29,8,24,0.66,59
8,2017-05-09,良,54,97,20,60,9,35,0.78,50
9,2017-05-10,良,59,105,22,68,8,42,0.75,51
10,2017-05-11,良,86,248,27,124,11,44,0.81,60
11,2017-05-12,轻度污染,136,324,41,224,8,20,0.63,75
12,2017-05-13,优,49,59,17,49,10,35,0.76,60
13,2017-05-14,良,62,153,20,72,8,37,0.78,63
14,2017-05-15,良,71,271,19,90,7,20,0.75,72
15,2017-05-16,良,58,151,22,66,7,22,0.7,73
16,2017-05-17,良,71,174,28,90,10,28,0.8,59
17,2017-05-18,良,86,226,40,121,9,23,0.74,64
18,2017-05-19,优,42,28,18,42,6,23,0.76,50
19,2017-05-20,优,39,26,21,35,8,31,0.87,55
20,2017-05-20,优,39,26,21,35,8,31,0.87,55
21,2017-05-21,优,47,95,25,48,9,37,0.84,66
22,2017-05-22,良,65,245,25,79,12,52,0.98,45
23,2017-05-23,良,55,216,26,61,9,34,0.78,87
24,2017-05-24,良,80,327,36,109,11,52,0.93,68
25,2017-05-25,良,79,283,37,106,12,48,0.86,69
26,2017-05-26,良,86,270,34,111,9,29,0.72,82
27,2017-05-27,优,37,8,14,30,7,27,0.66,64
28,2017-05-28,良,57,34,28,61,9,42,0.89,58
29,2017-05-29,良,63,88,25,72,9,40,0.81,73
30,2017-05-30,良,89,273,30,105,7,32,0.71,70
31,2017-05-31,良,90,257,28,100,7,18,0.74,77
0,2017-04-01,良,91,266,58,126,11,41,1.06,38
1,2017-04-02,良,66,104,44,76,12,44,0.98,42
2,2017-04-03,良,68,100,45,77,13,43,1.0,38
3,2017-04-04,优,28,1,16,22,5,26,0.78,38
4,2017-04-05,良,56,82,36,53,9,38,1.11,38
5,2017-04-06,良,51,65,32,49,10,37,0.89,43
6,2017-04-07,优,41,31,23,39,9,32,0.8,44
7,2017-04-08,良,51,100,27,53,12,36,0.87,40
8,2017-04-09,良,56,223,35,57,11,29,0.78,46
9,2017-04-10,良,56,201,37,54,8,38,0.83,47
10,2017-04-11,良,66,225,45,66,10,45,1.01,53
11,2017-04-12,良,69,209,39,86,10,43,0.82,60
12,2017-04-13,良,64,126,32,76,12,32,0.76,61
13,2017-04-14,优,37,4,15,26,7,22,0.69,60
14,2017-04-15,优,32,4,14,30,6,27,0.67,54
15,2017-04-16,良,60,108,28,72,14,40,0.86,49
16,2017-04-17,良,72,190,46,84,14,41,1.1,44
17,2017-04-18,优,34,6,12,22,7,22,0.67,64
18,2017-04-19,优,50,71,21,54,10,36,0.76,55
19,2017-04-20,良,68,203,26,85,9,41,0.79,48
20,2017-04-21,良,79,288,28,106,12,48,0.79,53
21,2017-04-22,良,86,328,35,119,12,45,0.84,64
22,2017-04-23,良,55,90,14,60,7,20,0.64,62
23,2017-04-23,良,55,90,14,60,7,20,0.64,62
24,2017-04-24,优,42,39,14,41,7,29,0.69,54
25,2017-04-25,良,58,165,21,69,8,36,0.74,53
26,2017-04-26,良,59,217,16,68,8,22,0.66,62
27,2017-04-27,优,41,60,15,41,6,29,0.73,59
28,2017-04-28,良,58,105,22,65,9,41,0.76,59
29,2017-04-29,良,77,179,23,102,8,31,0.72,56
30,2017-04-30,良,63,73,16,79,8,22,0.68,46
0,2017-03-01,严重污染,265,364,215,213,24,62,2.28,69
1,2017-03-02,中度污染,199,363,153,157,17,90,2.72,43
2,2017-03-03,重度污染,202,364,161,148,20,55,2.11,53
3,2017-03-04,轻度污染,113,277,85,87,12,37,1.44,57
4,2017-03-05,良,89,245,65,79,9,34,1.23,55
5,2017-03-06,轻度污染,106,335,79,96,12,45,1.49,53
6,2017-03-07,中度污染,177,354,135,140,15,67,2.44,51
7,2017-03-08,重度污染,242,365,192,203,11,74,2.21,46
8,2017-03-09,重度污染,234,365,183,213,12,66,2.42,48
9,2017-03-10,中度污染,172,364,130,140,8,56,1.86,45
10,2017-03-11,轻度污染,144,325,109,121,8,55,1.58,37
11,2017-03-12,轻度污染,122,323,91,91,11,46,1.43,44
12,2017-03-13,轻度污染,146,365,110,128,10,48,1.4,39
13,2017-03-14,中度污染,184,364,140,176,15,59,2.01,39
14,2017-03-15,轻度污染,120,357,89,106,10,48,1.36,41
15,2017-03-16,轻度污染,139,353,104,117,8,48,1.42,36
16,2017-03-17,轻度污染,121,317,91,109,8,41,1.2,42
17,2017-03-18,良,97,259,72,88,7,37,1.08,43
18,2017-03-19,轻度污染,102,276,76,89,7,37,1.1,44
19,2017-03-20,良,82,261,60,65,6,31,0.98,53
20,2017-03-21,良,76,231,55,67,9,34,1.04,55
21,2017-03-22,良,78,264,56,67,11,55,1.25,48
22,2017-03-23,良,82,284,59,85,15,59,1.5,47
23,2017-03-24,轻度污染,115,328,86,104,15,61,1.71,42
24,2017-03-25,轻度污染,112,348,83,99,10,48,1.21,39
25,2017-03-26,轻度污染,131,349,99,143,11,58,1.65,33
26,2017-03-27,中度污染,153,354,116,158,12,69,1.61,36
27,2017-03-28,中度污染,161,361,122,157,12,64,1.68,30
28,2017-03-29,良,80,178,58,64,13,51,1.36,39
29,2017-03-30,良,77,217,54,91,15,48,1.2,44
30,2017-03-31,轻度污染,108,326,46,161,11,35,0.92,47
0,2017-02-01,严重污染,424,366,373,485,39,102,4.01,24
1,2017-02-02,严重污染,373,366,308,400,40,89,3.56,31
2,2017-02-03,严重污染,331,365,280,307,35,94,3.21,37
3,2017-02-04,重度污染,201,327,146,187,25,74,2.17,34
4,2017-02-05,良,97,206,72,17,16,41,1.37,36
5,2017-02-06,轻度污染,122,289,92,73,16,46,1.35,31
6,2017-02-07,轻度污染,135,354,102,95,12,65,1.84,22
7,2017-02-08,中度污染,165,361,124,159,9,66,1.95,20
8,2017-02-09,中度污染,185,361,145,170,15,86,2.43,19
9,2017-02-10,严重污染,319,365,265,345,15,98,3.09,18
10,2017-02-11,严重污染,309,366,253,296,26,97,3.38,23
11,2017-02-12,严重污染,260,361,209,243,29,85,3.35,25
12,2017-02-13,重度污染,228,356,178,226,23,93,3.17,21
13,2017-02-14,严重污染,322,362,266,351,20,97,3.5,26
14,2017-02-15,严重污染,314,362,263,261,33,83,3.27,36
15,2017-02-16,严重污染,308,364,245,335,21,88,3.16,24
16,2017-02-17,严重污染,255,363,199,266,16,60,2.38,35
17,2017-02-18,重度污染,224,359,174,197,17,89,2.98,32
18,2017-02-19,中度污染,191,336,146,123,20,80,2.52,31
19,2017-02-20,优,41,20,24,14,10,35,1.03,53
20,2017-02-21,良,79,294,55,55,16,72,1.76,35
21,2017-02-22,轻度污染,137,336,103,114,22,70,2.05,36
22,2017-02-23,轻度污染,150,351,110,114,21,84,2.27,29
23,2017-02-24,轻度污染,142,363,107,122,22,91,2.49,36
24,2017-02-25,严重污染,292,364,241,213,27,113,3.42,43
25,2017-02-26,严重污染,365,364,282,276,36,128,3.93,46
26,2017-02-27,严重污染,336,363,235,278,38,116,3.39,46
27,2017-02-28,中度污染,170,354,133,83,19,80,2.45,58
0,2017-01-01,中度污染,189,261,147,140,16,65,2.25,18
1,2017-01-02,重度污染,241,315,181,283,16,77,3.28,12
2,2017-01-03,严重污染,316,351,247,389,20,78,3.57,14
3,2017-01-04,重度污染,237,302,189,255,27,96,3.45,9
4,2017-01-05,严重污染,319,353,256,372,25,104,4.15,8
5,2017-01-06,严重污染,342,362,286,369,30,100,3.74,11
6,2017-01-07,严重污染,340,365,285,386,18,77,3.53,14
7,2017-01-08,重度污染,212,331,163,137,28,63,2.41,22
8,2017-01-09,严重污染,278,364,224,281,25,80,3.08,10
9,2017-01-10,严重污染,288,364,234,330,26,97,3.97,9
10,2017-01-11,严重污染,297,365,246,308,34,88,3.34,12
11,2017-01-12,重度污染,232,346,185,259,26,90,2.95,15
12,2017-01-13,严重污染,356,364,310,378,36,112,4.6,9
13,2017-01-14,严重污染,318,364,238,389,37,93,3.71,13
14,2017-01-15,严重污染,266,362,204,325,29,90,3.51,9
15,2017-01-16,严重污染,363,364,285,429,26,98,4.14,10
16,2017-01-17,严重污染,334,361,290,379,41,110,4.51,10
17,2017-01-18,严重污染,408,365,350,464,40,113,4.86,10
18,2017-01-19,重度污染,210,344,160,245,40,83,2.3,19
19,2017-01-20,严重污染,284,364,226,336,24,100,3.56,13
20,2017-01-21,严重污染,384,366,336,404,41,92,3.96,15
21,2017-01-22,严重污染,380,365,271,443,38,97,3.13,18
22,2017-01-23,严重污染,322,364,252,330,40,96,3.31,22
23,2017-01-24,严重污染,277,356,209,286,30,85,2.82,26
24,2017-01-25,重度污染,233,318,175,193,29,64,2.17,27
25,2017-01-26,重度污染,201,286,157,162,23,66,2.02,24
26,2017-01-27,重度污染,235,350,186,213,22,78,2.55,21
27,2017-01-28,严重污染,369,360,311,407,44,94,3.73,18
28,2017-01-29,严重污染,272,360,215,239,38,84,2.78,24
29,2017-01-30,严重污染,354,364,277,421,25,92,3.22,19
30,2017-01-31,严重污染,332,365,278,334,31,100,3.32,19
0,2016-12-01,严重污染,294,367,243,314,22,95,4.04,10
1,2016-12-02,严重污染,354,367,302,417,20,107,4.76,9
2,2016-12-03,重度污染,234,350,185,255,27,70,2.83,17
3,2016-12-04,严重污染,313,358,262,302,48,89,3.84,11
4,2016-12-05,严重污染,296,363,232,336,36,83,3.54,14
5,2016-12-06,严重污染,296,365,239,326,23,73,3.55,10
6,2016-12-07,严重污染,275,363,195,288,16,72,2.99,12
7,2016-12-08,重度污染,209,338,156,218,12,56,2.76,9
8,2016-12-09,中度污染,163,331,125,132,11,58,3.07,6
9,2016-12-10,轻度污染,108,223,81,73,8,49,2.05,7
10,2016-12-11,轻度污染,114,228,85,86,8,36,1.91,7
11,2016-12-12,轻度污染,114,236,85,119,7,34,2.12,7
12,2016-12-13,轻度污染,102,260,76,104,10,44,1.92,9
13,2016-12-14,轻度污染,146,340,110,151,7,43,1.93,12
14,2016-12-15,轻度污染,120,280,90,101,8,36,1.46,20
15,2016-12-16,轻度污染,135,273,101,132,5,42,1.68,13
16,2016-12-17,轻度污染,131,239,98,129,7,47,1.98,13
17,2016-12-18,轻度污染,145,235,103,173,12,52,2.33,8
18,2016-12-19,轻度污染,132,177,100,126,10,38,1.76,9
19,2016-12-20,轻度污染,111,171,83,104,12,39,1.52,16
20,2016-12-21,中度污染,160,283,121,155,11,47,1.9,11
21,2016-12-22,中度污染,174,339,132,159,12,64,2.04,7
22,2016-12-23,重度污染,230,366,176,262,16,68,2.77,8
23,2016-12-24,良,99,239,72,97,12,57,1.51,19
24,2016-12-25,良,77,218,51,84,14,63,1.71,16
25,2016-12-26,轻度污染,148,352,108,144,14,61,1.85,13
26,2016-12-27,轻度污染,150,351,113,140,24,72,2.23,11
27,2016-12-28,重度污染,241,365,193,250,26,86,3.05,10
28,2016-12-29,严重污染,304,365,249,319,25,93,3.49,10
29,2016-12-30,重度污染,231,341,180,235,30,94,2.61,9
30,2016-12-31,重度污染,236,323,188,182,15,65,2.49,16
0,2016-11-01,轻度污染,114,352,85,141,16,58,1.54,13
1,2016-11-02,中度污染,187,358,145,238,28,73,2.39,12
2,2016-11-03,轻度污染,143,335,87,219,16,48,1.47,43
3,2016-11-04,轻度污染,115,273,67,178,17,37,1.39,38
4,2016-11-05,优,25,2,13,23,3,29,0.81,32
5,2016-11-06,优,48,37,27,48,7,43,1.15,25
6,2016-11-07,良,84,203,59,95,12,46,1.45,16
7,2016-11-08,轻度污染,113,347,83,137,20,62,2.14,13
8,2016-11-09,良,52,189,36,51,6,42,1.23,26
9,2016-11-10,良,100,299,74,88,14,57,1.74,19
10,2016-11-11,良,88,276,59,102,12,54,1.63,20
11,2016-11-12,良,71,156,41,84,11,41,1.23,35
12,2016-11-13,良,56,72,36,59,7,32,1.13,23
13,2016-11-14,良,78,145,56,90,11,39,1.61,10
14,2016-11-15,轻度污染,136,321,103,148,15,64,2.13,14
15,2016-11-16,良,86,225,63,78,8,38,1.28,9
16,2016-11-17,优,49,62,33,44,5,31,0.93,17
17,2016-11-18,优,48,42,31,44,9,29,0.93,35
18,2016-11-19,良,75,163,54,69,16,46,1.51,18
19,2016-11-20,优,41,48,28,31,17,33,0.94,28
20,2016-11-21,优,48,145,32,44,16,42,1.18,25
21,2016-11-22,良,72,333,51,81,25,54,1.58,15
22,2016-11-23,轻度污染,118,355,88,136,19,61,2.35,14
23,2016-11-24,中度污染,185,360,143,207,24,77,3.42,9
24,2016-11-25,重度污染,215,353,150,262,31,84,3.31,9
25,2016-11-26,重度污染,244,361,193,255,29,82,3.18,11
26,2016-11-27,中度污染,172,351,128,185,22,64,2.33,18
27,2016-11-28,中度污染,161,349,125,138,13,68,2.3,13
28,2016-11-29,重度污染,250,362,199,244,16,73,3.21,13
29,2016-11-30,重度污染,232,362,182,237,14,74,2.81,16
0,2016-10-01,良,62,217,33,73,16,50,0.94,38
1,2016-10-02,优,50,152,24,53,12,33,0.74,25
2,2016-10-03,优,23,4,8,18,5,18,0.64,33
3,2016-10-04,优,39,47,21,37,8,36,0.82,20
4,2016-10-05,优,34,29,20,33,7,33,0.85,18
5,2016-10-06,优,35,42,18,34,8,33,0.89,25
6,2016-10-07,良,54,187,30,57,10,46,1.0,26
7,2016-10-08,良,78,337,54,90,16,55,1.35,23
8,2016-10-09,良,77,342,54,85,14,44,1.31,14
9,2016-10-10,良,73,295,49,80,13,45,1.15,17
10,2016-10-11,轻度污染,101,344,75,119,14,52,1.56,21
11,2016-10-12,轻度污染,122,336,90,140,17,59,1.54,29
12,2016-10-13,轻度污染,138,342,94,201,24,76,1.91,31
13,2016-10-14,良,100,325,52,144,14,37,1.12,34
14,2016-10-15,优,48,111,30,48,6,26,0.89,25
15,2016-10-16,良,75,272,48,92,16,51,1.42,17
16,2016-10-17,良,94,322,63,123,16,51,1.27,18
17,2016-10-18,良,85,254,56,105,11,53,1.4,19
18,2016-10-19,优,33,51,21,30,3,25,0.81,25
19,2016-10-20,良,60,201,36,61,4,36,1.03,15
20,2016-10-21,良,61,271,40,66,9,41,1.09,15
21,2016-10-22,良,74,338,50,86,9,40,1.15,20
22,2016-10-23,良,87,355,63,82,7,34,1.0,21
23,2016-10-24,优,47,175,31,41,6,26,0.77,24
24,2016-10-25,优,46,133,31,43,10,30,0.91,21
25,2016-10-26,良,55,195,35,60,8,38,1.05,15
26,2016-10-27,良,52,221,35,50,8,33,0.87,20
27,2016-10-28,良,74,336,52,72,9,34,0.94,17
28,2016-10-29,良,82,351,60,85,16,39,1.13,19
29,2016-10-30,轻度污染,101,350,72,117,17,49,1.45,11
30,2016-10-31,良,88,346,62,106,20,48,1.25,16
0,2016-09-01,良,78,289,25,104,11,32,0.64,54
1,2016-09-02,良,62,213,25,73,13,41,0.64,39
2,2016-09-03,良,74,227,33,96,21,48,0.84,42
3,2016-09-04,良,89,284,47,122,19,66,0.99,44
4,2016-09-05,良,75,239,32,98,15,52,0.78,59
5,2016-09-06,良,75,262,31,99,10,51,0.7,54
6,2016-09-07,良,64,258,28,77,11,41,0.57,45
7,2016-09-08,良,73,250,33,94,15,46,0.7,40
8,2016-09-09,良,75,235,35,96,13,48,0.74,46
9,2016-09-10,良,66,233,31,79,12,46,0.81,43
10,2016-09-11,良,68,268,29,82,10,43,0.66,46
11,2016-09-12,良,75,279,34,99,14,44,0.8,48
12,2016-09-13,良,75,272,36,97,16,51,0.89,51
13,2016-09-14,良,71,240,24,89,4,33,0.66,41
14,2016-09-15,良,53,175,23,58,7,34,0.81,36
15,2016-09-16,良,53,193,21,58,7,39,0.9,34
16,2016-09-17,良,72,296,32,93,11,53,0.98,39
17,2016-09-18,良,81,323,45,109,12,70,1.32,13
18,2016-09-19,良,75,333,36,96,15,54,0.91,44
19,2016-09-20,良,80,333,40,107,18,61,0.95,37
20,2016-09-21,良,73,239,38,94,15,57,0.86,47
21,2016-09-22,良,81,249,34,111,7,35,0.65,50
22,2016-09-23,良,62,160,27,72,12,39,0.72,48
23,2016-09-24,优,45,46,15,46,12,22,0.62,40
24,2016-09-25,良,58,140,24,66,16,38,0.74,38
25,2016-09-26,良,79,248,30,105,14,47,0.85,35
26,2016-09-27,良,63,222,31,74,29,43,0.88,47
27,2016-09-28,良,72,333,40,90,20,56,1.03,38
28,2016-09-29,良,70,305,35,88,15,47,0.98,36
29,2016-09-30,良,84,304,46,116,20,64,1.07,36
0,2016-08-01,优,44,134,17,40,2,19,0.51,74
1,2016-08-02,优,37,89,18,33,5,30,0.66,56
2,2016-08-03,良,61,272,33,68,9,39,0.79,51
3,2016-08-04,良,66,288,30,77,11,43,0.85,64
4,2016-08-05,良,73,309,31,89,11,50,0.76,70
5,2016-08-06,良,66,286,29,79,8,46,0.71,69
6,2016-08-07,良,52,244,22,53,7,27,0.56,82
7,2016-08-08,优,39,95,16,38,5,30,0.63,53
8,2016-08-09,优,43,132,17,41,5,37,0.61,50
9,2016-08-10,良,63,292,25,72,9,42,0.6,63
10,2016-08-11,良,75,327,32,97,12,52,0.75,60
11,2016-08-12,良,81,347,33,105,10,54,0.76,65
12,2016-08-13,良,71,315,31,91,8,49,0.77,60
13,2016-08-14,良,81,343,36,110,15,54,0.88,59
14,2016-08-15,良,64,308,25,75,10,41,0.68,72
15,2016-08-16,良,52,189,20,57,12,37,0.54,55
16,2016-08-17,良,54,158,18,58,11,35,0.47,72
17,2016-08-18,良,72,287,27,93,10,46,0.63,48
18,2016-08-19,良,75,311,29,99,10,54,0.72,49
19,2016-08-20,良,76,329,32,100,15,60,0.77,40
20,2016-08-21,良,55,163,19,60,7,31,0.48,70
21,2016-08-22,良,57,165,17,61,12,24,0.49,64
22,2016-08-23,良,54,126,19,58,9,28,0.48,44
23,2016-08-24,良,64,185,24,76,11,35,0.51,43
24,2016-08-25,良,87,318,33,122,14,46,0.72,51
25,2016-08-26,良,90,361,34,129,17,54,0.81,45
26,2016-08-27,良,84,360,38,117,19,64,0.95,41
27,2016-08-28,良,100,361,50,147,23,72,1.24,40
28,2016-08-29,良,71,266,29,89,10,46,0.69,68
29,2016-08-30,良,80,293,32,109,15,60,0.89,58
30,2016-08-31,良,74,224,29,97,14,56,0.76,55
0,2016-07-01,良,71,319,36,89,14,51,0.78,65
1,2016-07-02,良,66,264,29,79,7,39,0.59,75
2,2016-07-03,良,57,216,25,62,6,33,0.59,64
3,2016-07-04,良,61,232,31,66,11,44,0.7,63
4,2016-07-05,良,55,216,24,61,10,33,0.61,55
5,2016-07-06,良,51,204,20,56,5,22,0.51,65
6,2016-07-07,优,31,59,10,21,2,23,0.51,57
7,2016-07-08,优,50,177,26,49,6,32,0.76,58
8,2016-07-09,优,50,179,19,53,5,38,0.56,57
9,2016-07-10,良,54,199,22,56,5,32,0.57,67
10,2016-07-11,良,54,198,18,57,5,26,0.54,82
11,2016-07-12,良,53,206,21,53,6,34,0.5,72
12,2016-07-13,良,65,292,28,75,8,44,0.57,69
13,2016-07-14,良,71,307,31,89,8,44,0.59,69
14,2016-07-15,良,84,357,34,118,8,43,0.67,52
15,2016-07-16,优,37,76,13,28,3,22,0.46,75
16,2016-07-17,良,61,218,26,68,9,41,0.6,67
17,2016-07-18,良,85,301,33,113,10,42,0.73,70
18,2016-07-19,优,49,182,18,51,3,36,0.58,65
19,2016-07-20,良,55,259,24,62,5,39,0.65,56
20,2016-07-21,良,56,253,21,58,4,38,0.49,66
21,2016-07-22,良,61,257,23,68,8,33,0.55,75
22,2016-07-23,优,46,121,20,46,3,29,0.54,64
23,2016-07-24,优,41,75,18,37,5,35,0.55,61
24,2016-07-25,良,64,230,27,73,12,42,0.6,64
25,2016-07-26,良,76,299,37,94,12,52,0.75,68
26,2016-07-27,良,78,302,37,104,10,50,0.69,63
27,2016-07-28,良,85,299,37,105,13,42,0.77,91
28,2016-07-29,良,66,207,23,80,4,22,0.54,76
29,2016-07-30,优,40,65,18,33,3,23,0.56,75
30,2016-07-31,良,51,158,21,47,4,29,0.6,74
0,2016-06-01,良,53,166,23,57,4,27,0.53,60
1,2016-06-02,良,62,215,25,73,3,35,0.51,53
2,2016-06-03,良,61,228,25,70,6,43,0.58,45
3,2016-06-04,良,74,267,39,95,9,48,0.74,48
4,2016-06-05,良,55,145,23,60,3,31,0.54,55
5,2016-06-06,良,62,164,26,73,6,40,0.6,51
6,2016-06-07,良,71,238,28,90,5,45,0.69,51
7,2016-06-08,良,66,204,33,81,7,40,0.53,57
8,2016-06-09,良,60,167,30,68,6,42,0.56,61
9,2016-06-10,良,67,230,31,81,5,32,0.45,64
10,2016-06-11,良,68,265,34,84,6,42,0.57,53
11,2016-06-12,良,70,289,33,89,6,45,0.62,47
12,2016-06-13,良,69,253,32,86,6,33,0.52,52
13,2016-06-14,良,67,243,30,83,6,40,0.49,58
14,2016-06-15,良,92,356,52,131,12,48,0.57,55
15,2016-06-16,良,70,231,43,83,8,33,0.52,62
16,2016-06-17,良,56,142,28,63,5,26,0.53,53
17,2016-06-18,优,32,54,16,27,3,18,0.5,65
18,2016-06-19,优,45,148,21,45,5,33,0.6,53
19,2016-06-20,优,36,96,11,26,3,20,0.44,69
20,2016-06-21,优,37,74,14,30,3,24,0.41,67
21,2016-06-22,良,55,209,25,61,8,38,0.57,64
22,2016-06-23,优,41,115,18,37,4,27,0.49,62
23,2016-06-24,优,37,110,11,26,3,19,0.42,72
24,2016-06-25,优,40,112,15,33,3,24,0.4,67
25,2016-06-26,优,42,111,15,36,5,28,0.46,74
26,2016-06-27,良,72,254,33,92,12,53,0.7,59
27,2016-06-28,良,73,281,34,94,10,51,0.78,43
28,2016-06-29,优,45,147,20,43,7,24,0.5,68
29,2016-06-30,良,63,263,29,73,7,49,0.64,51
0,2016-05-01,优,42,23,20,42,6,36,0.61,45
1,2016-05-02,良,72,228,34,91,7,47,0.67,35
2,2016-05-03,良,65,200,36,83,7,59,0.96,24
3,2016-05-04,优,44,30,18,44,6,37,0.74,36
4,2016-05-05,良,67,189,34,83,8,47,0.8,32
5,2016-05-06,良,74,169,30,99,8,41,0.57,38
6,2016-05-07,优,40,57,18,38,6,29,0.5,46
7,2016-05-08,良,55,164,27,61,8,44,0.73,38
8,2016-05-09,良,79,303,36,105,12,38,0.65,52
9,2016-05-10,优,33,24,16,31,4,21,0.52,45
10,2016-05-11,优,35,4,15,32,4,20,0.54,49
11,2016-05-12,良,63,93,31,78,5,26,0.58,43
12,2016-05-13,良,57,121,32,64,7,36,0.68,35
13,2016-05-14,轻度污染,102,333,47,152,5,27,0.58,51
14,2016-05-15,良,74,343,36,96,11,22,0.57,64
15,2016-05-16,良,84,335,51,115,10,44,0.84,37
16,2016-05-17,优,50,45,25,56,7,33,0.69,41
17,2016-05-18,优,30,5,15,29,3,23,0.54,34
18,2016-05-19,优,31,5,13,29,3,21,0.48,47
19,2016-05-20,优,44,67,19,45,5,30,0.52,43
20,2016-05-21,优,47,140,20,48,10,36,0.69,40
21,2016-05-22,优,47,137,22,50,7,30,0.5,42
22,2016-05-23,良,71,263,35,90,16,43,0.73,31
23,2016-05-24,优,41,48,17,42,5,27,0.45,45
24,2016-05-25,良,60,176,24,69,9,38,0.6,45
25,2016-05-26,良,68,241,27,85,13,28,0.53,59
26,2016-05-27,良,72,266,31,96,6,45,0.59,42
27,2016-05-28,优,42,101,19,45,3,27,0.54,53
28,2016-05-29,优,43,83,20,46,4,26,0.52,54
29,2016-05-30,良,53,106,21,57,9,34,0.59,47
30,2016-05-31,良,71,210,31,90,10,42,0.74,49
0,2016-04-01,良,68,93,31,86,13,37,0.97,29
1,2016-04-02,优,48,45,31,49,9,29,0.71,36
2,2016-04-03,优,46,74,27,45,7,30,0.67,32
3,2016-04-04,良,60,175,36,69,8,38,0.98,29
4,2016-04-05,优,49,93,23,52,7,35,0.76,32
5,2016-04-06,良,64,215,30,78,10,43,0.92,33
6,2016-04-07,良,69,213,28,85,10,46,0.89,33
7,2016-04-08,良,81,255,36,109,13,53,0.95,35
8,2016-04-09,中度污染,168,337,39,256,9,40,0.76,38
9,2016-04-10,优,47,94,18,52,7,24,0.64,41
10,2016-04-11,优,35,20,15,33,5,23,0.56,45
11,2016-04-12,良,62,138,28,75,11,45,0.79,30
12,2016-04-13,良,71,153,28,91,9,44,0.77,29
13,2016-04-14,优,46,45,17,48,4,28,0.47,39
14,2016-04-15,良,64,145,27,77,8,38,0.7,27
15,2016-04-16,良,64,234,21,77,7,38,0.54,36
16,2016-04-17,良,83,318,31,113,14,34,0.57,52
17,2016-04-18,良,97,352,34,142,11,49,0.81,36
18,2016-04-19,良,68,227,23,88,12,39,0.61,36
19,2016-04-20,良,68,255,26,85,12,44,0.63,41
20,2016-04-21,良,89,270,35,125,13,53,0.67,45
21,2016-04-22,良,89,248,37,126,12,57,0.75,43
22,2016-04-23,良,86,272,29,120,7,34,0.58,36
23,2016-04-24,优,42,69,16,43,3,31,0.59,39
24,2016-04-25,优,41,52,16,42,5,32,0.6,43
25,2016-04-26,良,66,218,27,80,10,41,0.66,45
26,2016-04-27,优,50,102,20,56,7,35,0.57,34
27,2016-04-28,良,59,118,25,71,7,41,0.58,34
28,2016-04-29,良,64,102,23,76,14,45,0.73,29
29,2016-04-30,优,35,7,14,31,3,25,0.54,51
0,2016-03-01,重度污染,247,366,193,227,30,98,4.41,19
1,2016-03-02,重度污染,214,357,166,208,27,82,3.3,29
2,2016-03-03,良,66,75,41,66,10,39,1.52,35
3,2016-03-04,良,52,36,33,52,11,61,2.01,19
4,2016-03-05,良,73,92,50,85,19,68,2.24,24
5,2016-03-06,重度污染,203,318,157,248,17,88,2.98,25
6,2016-03-07,中度污染,163,315,124,177,24,71,2.34,31
7,2016-03-08,良,71,247,48,70,16,40,1.51,39
8,2016-03-09,轻度污染,107,345,79,119,16,60,1.91,21
9,2016-03-10,轻度污染,134,356,100,139,23,59,1.94,29
10,2016-03-11,中度污染,158,358,120,170,21,79,2.52,22
11,2016-03-12,中度污染,176,356,132,192,22,72,2.65,30
12,2016-03-13,中度污染,161,354,121,177,23,56,2.06,34
13,2016-03-14,重度污染,205,361,160,223,23,85,2.71,24
14,2016-03-15,中度污染,175,353,132,194,28,67,2.0,41
15,2016-03-16,良,85,170,61,86,15,50,1.27,29
16,2016-03-17,轻度污染,122,236,92,120,13,46,1.23,20
17,2016-03-18,轻度污染,131,247,99,139,18,57,1.72,19
18,2016-03-19,良,100,211,74,105,16,47,1.13,22
19,2016-03-20,良,67,89,48,53,10,37,0.93,15
20,2016-03-21,良,70,148,49,70,11,42,1.31,18
21,2016-03-22,良,74,196,48,87,17,49,1.24,25
22,2016-03-23,轻度污染,134,357,100,158,21,56,1.59,23
23,2016-03-24,轻度污染,113,354,84,134,18,48,1.19,35
24,2016-03-25,轻度污染,127,351,96,178,26,59,1.68,34
25,2016-03-26,良,89,292,55,109,15,48,1.18,29
26,2016-03-27,良,56,66,24,63,9,40,0.99,27
27,2016-03-28,良,69,107,31,86,11,45,1.09,28
28,2016-03-29,良,89,229,43,126,17,54,1.07,33
29,2016-03-30,良,81,178,45,110,14,47,1.02,33
30,2016-03-31,良,80,178,41,107,12,45,1.05,29
0,2016-02-01,严重污染,319,365,268,372,26,86,3.4,8
1,2016-02-02,严重污染,282,365,232,330,16,91,3.38,6
2,2016-02-03,严重污染,345,365,277,417,34,90,3.64,10
3,2016-02-04,严重污染,284,364,226,325,30,87,3.32,8
4,2016-02-05,严重污染,286,366,235,312,34,93,3.72,10
5,2016-02-06,严重污染,300,366,247,356,26,92,3.58,17
6,2016-02-07,严重污染,300,365,249,323,41,96,3.75,19
7,2016-02-08,严重污染,376,365,338,401,46,89,3.9,18
8,2016-02-09,严重污染,330,365,275,339,41,80,4.09,22
9,2016-02-10,轻度污染,123,296,89,137,24,44,2.02,33
10,2016-02-11,良,51,90,26,50,12,32,1.45,26
11,2016-02-12,良,93,226,68,86,19,62,2.38,15
12,2016-02-13,中度污染,158,360,119,142,16,58,2.11,15
13,2016-02-14,轻度污染,129,358,97,115,20,64,2.53,15
14,2016-02-15,中度污染,168,358,127,177,19,70,2.79,13
15,2016-02-16,严重污染,260,359,209,328,17,81,3.29,9
16,2016-02-17,中度污染,190,358,142,286,26,79,3.18,12
17,2016-02-18,轻度污染,127,334,88,162,16,63,2.56,22
18,2016-02-19,重度污染,210,345,159,234,22,76,3.28,15
19,2016-02-20,轻度污染,137,332,104,159,26,75,2.61,20
20,2016-02-21,中度污染,155,353,117,168,22,90,3.31,16
21,2016-02-22,重度污染,248,362,198,279,44,85,3.83,18
22,2016-02-23,严重污染,372,363,320,425,37,101,4.32,13
23,2016-02-24,严重污染,391,365,340,444,42,108,4.46,11
24,2016-02-25,严重污染,410,366,363,465,57,120,5.02,10
25,2016-02-26,严重污染,345,365,285,404,51,126,4.61,21
26,2016-02-27,严重污染,335,363,283,352,35,137,4.89,17
27,2016-02-28,严重污染,394,366,339,452,50,123,4.76,22
28,2016-02-29,严重污染,351,366,300,382,45,128,5.13,25
0,2016-01-01,重度污染,249,350,200,297,15,76,3.46,8
1,2016-01-02,中度污染,186,281,138,219,20,82,3.12,8
2,2016-01-03,严重污染,271,316,219,306,26,96,4.2,5
3,2016-01-04,严重污染,282,344,220,342,30,87,3.9,7
4,2016-01-05,中度污染,154,310,114,181,22,66,2.47,16
5,2016-01-06,中度污染,194,344,149,206,17,67,3.32,8
6,2016-01-07,轻度污染,128,308,96,132,24,54,2.0,9
7,2016-01-08,中度污染,160,322,121,153,10,62,2.29,6
8,2016-01-09,中度污染,191,312,146,205,12,67,2.48,7
9,2016-01-10,严重污染,252,334,201,301,29,66,3.07,7
10,2016-01-11,重度污染,245,359,194,307,20,63,2.99,6
11,2016-01-12,中度污染,186,354,140,188,33,55,2.32,9
12,2016-01-13,重度污染,206,365,161,205,16,63,2.83,6
13,2016-01-14,重度污染,214,350,165,225,19,68,2.75,8
14,2016-01-15,重度污染,210,341,159,224,20,80,3.32,7
15,2016-01-16,重度污染,245,344,194,273,21,82,3.23,6
16,2016-01-17,重度污染,242,354,192,270,27,78,2.83,6
17,2016-01-18,严重污染,254,358,203,256,44,82,3.14,5
18,2016-01-19,中度污染,197,359,153,204,36,73,2.73,9
19,2016-01-20,重度污染,239,361,161,298,47,61,2.48,13
20,2016-01-21,中度污染,162,338,122,188,17,65,2.35,12
21,2016-01-22,重度污染,203,358,157,250,35,84,3.16,6
22,2016-01-23,严重污染,273,364,222,307,35,94,3.78,5
23,2016-01-24,重度污染,226,363,178,268,45,90,3.37,7
24,2016-01-25,重度污染,215,364,169,248,40,97,3.55,6
25,2016-01-26,严重污染,263,364,212,317,27,109,4.23,6
26,2016-01-27,严重污染,284,365,235,338,27,107,4.24,7
27,2016-01-28,严重污染,449,366,406,527,14,122,5.36,4
28,2016-01-29,严重污染,427,366,342,520,49,86,4.32,7
29,2016-01-30,重度污染,235,361,178,280,56,73,2.93,12
30,2016-01-31,严重污染,292,365,237,332,49,87,3.43,9
0,2015-12-01,良,94,209,69,97,9,59,2.5,5
1,2015-12-02,轻度污染,111,293,82,111,7,47,1.87,8
2,2015-12-03,中度污染,163,365,124,171,5,55,2.19,4
3,2015-12-04,中度污染,188,364,142,222,6,55,2.3,2
4,2015-12-05,中度污染,177,351,134,211,5,54,2.66,3
5,2015-12-06,良,99,251,72,106,10,46,2.28,4
6,2015-12-07,良,91,195,63,89,6,51,1.8,8
7,2015-12-08,良,90,206,64,90,7,46,1.83,9
8,2015-12-09,轻度污染,107,248,80,114,11,46,2.1,5
9,2015-12-10,良,63,131,43,65,9,47,1.63,9
10,2015-12-11,优,37,50,23,38,9,34,1.14,17
11,2015-12-12,优,37,31,22,36,9,44,1.2,18
12,2015-12-13,良,96,235,69,99,11,73,2.22,10
13,2015-12-14,重度污染,216,327,173,233,21,86,3.76,6
14,2015-12-15,重度污染,208,345,159,246,29,88,3.85,5
15,2015-12-16,重度污染,242,365,193,292,32,86,3.68,9
16,2015-12-17,重度污染,235,365,187,278,28,91,3.59,7
17,2015-12-18,重度污染,248,365,198,306,14,87,3.38,9
18,2015-12-19,严重污染,289,363,238,327,16,83,3.49,11
19,2015-12-20,严重污染,379,364,303,462,21,99,3.78,4
20,2015-12-21,严重污染,342,348,281,378,14,87,3.01,7
21,2015-12-22,严重污染,331,342,280,338,40,85,3.25,5
22,2015-12-23,严重污染,401,350,357,475,16,103,4.82,4
23,2015-12-24,严重污染,408,351,314,507,23,88,4.27,12
24,2015-12-25,严重污染,334,357,239,412,18,74,3.2,14
25,2015-12-26,重度污染,225,352,178,256,24,90,3.4,6
26,2015-12-27,严重污染,254,363,203,277,40,100,3.63,6
27,2015-12-28,重度污染,216,354,175,186,22,82,3.34,11
28,2015-12-29,严重污染,253,348,202,268,12,71,3.16,6
29,2015-12-30,中度污染,173,271,133,173,12,68,2.66,9
30,2015-12-31,重度污染,227,339,178,262,14,70,3.17,10
0,2015-11-01,轻度污染,102,317,73,133,21,51,1.43,21
1,2015-11-02,良,67,153,45,87,8,42,1.11,12
2,2015-11-03,优,41,36,26,35,10,38,0.95,16
3,2015-11-04,优,42,33,27,39,10,40,1.16,12
4,2015-11-05,良,77,184,55,88,13,51,1.61,5
5,2015-11-06,良,88,301,65,107,16,53,1.53,6
6,2015-11-07,中度污染,153,340,115,180,12,50,2.19,8
7,2015-11-08,轻度污染,121,313,91,132,16,49,1.34,11
8,2015-11-09,轻度污染,119,305,89,136,18,53,1.93,9
9,2015-11-10,轻度污染,108,285,80,128,16,48,1.69,11
10,2015-11-11,轻度污染,132,300,99,163,20,52,2.43,7
11,2015-11-12,中度污染,190,337,145,213,20,60,2.42,14
12,2015-11-13,轻度污染,125,304,94,153,23,65,2.11,6
13,2015-11-14,良,70,190,43,85,16,54,1.56,11
14,2015-11-15,良,65,167,42,67,6,44,1.3,12
15,2015-11-16,良,84,272,61,84,8,43,1.21,7
16,2015-11-17,优,36,69,20,36,6,30,0.89,14
17,2015-11-18,良,79,309,57,79,5,38,1.41,5
18,2015-11-19,轻度污染,124,352,93,128,6,40,1.8,5
19,2015-11-20,良,92,292,67,90,6,31,1.81,6
20,2015-11-21,良,64,207,43,52,8,35,1.46,4
21,2015-11-22,良,70,302,50,68,5,35,1.25,10
22,2015-11-23,良,89,347,65,87,10,39,1.63,8
23,2015-11-24,良,90,354,65,94,9,54,1.95,8
24,2015-11-25,中度污染,151,363,114,147,11,65,2.72,5
25,2015-11-26,中度污染,190,365,147,199,6,71,2.68,4
26,2015-11-27,中度污染,195,359,148,222,5,65,3.21,3
27,2015-11-28,中度污染,157,322,119,174,8,55,2.8,3
28,2015-11-29,轻度污染,115,249,86,121,8,47,2.84,5
29,2015-11-30,良,63,114,41,67,10,56,2.06,9
0,2015-10-01,良,69,256,34,87,21,45,1.11,32
1,2015-10-02,轻度污染,105,322,65,157,15,60,1.43,20
2,2015-10-03,良,72,199,30,93,8,44,0.67,40
3,2015-10-04,轻度污染,107,308,45,162,6,35,0.59,52
4,2015-10-05,轻度污染,143,339,55,232,5,21,0.53,56
5,2015-10-06,良,51,136,20,59,4,16,0.48,38
6,2015-10-07,良,78,272,35,104,13,40,0.97,18
7,2015-10-08,轻度污染,105,357,67,157,17,48,1.34,18
8,2015-10-09,轻度污染,130,360,93,202,30,67,1.6,18
9,2015-10-10,中度污染,152,363,108,226,34,69,1.86,24
10,2015-10-11,轻度污染,142,360,93,229,25,59,1.34,39
11,2015-10-12,轻度污染,133,352,65,215,17,35,0.87,52
12,2015-10-13,良,64,120,37,73,15,52,0.86,29
13,2015-10-14,良,75,130,41,97,11,46,0.84,29
14,2015-10-15,优,35,15,15,36,5,23,0.52,29
15,2015-10-16,优,40,16,19,40,10,30,0.59,24
16,2015-10-17,良,62,69,33,72,13,45,0.94,13
17,2015-10-18,良,66,128,37,79,13,38,0.76,17
18,2015-10-19,优,28,7,15,27,4,25,0.54,20
19,2015-10-20,优,29,4,16,27,4,26,0.56,20
20,2015-10-21,良,73,152,48,88,12,45,1.45,11
21,2015-10-22,轻度污染,101,258,74,122,18,49,1.75,12
22,2015-10-23,良,61,85,38,59,9,40,0.79,11
23,2015-10-24,优,31,10,15,32,6,30,0.75,12
24,2015-10-25,良,64,164,41,75,10,43,1.4,12
25,2015-10-26,良,94,283,68,116,13,55,1.88,8
26,2015-10-27,中度污染,156,365,118,187,17,66,2.33,8
27,2015-10-28,轻度污染,131,358,97,163,24,56,2.23,6
28,2015-10-29,优,47,110,29,49,12,48,1.14,20
29,2015-10-30,良,85,328,59,98,19,50,1.34,18
30,2015-10-31,轻度污染,109,332,79,125,22,50,1.7,13
0,2015-09-01,良,66,241,27,80,15,46,0.93,39
1,2015-09-02,良,61,234,22,71,10,42,0.69,50
2,2015-09-03,良,60,223,25,68,8,37,0.78,57
3,2015-09-04,良,65,268,21,79,9,31,0.71,55
4,2015-09-05,良,90,360,31,127,15,44,0.86,44
5,2015-09-06,优,50,194,19,59,6,22,0.57,58
6,2015-09-07,良,62,240,24,73,14,51,0.79,27
7,2015-09-08,良,66,235,25,82,12,43,0.74,37
8,2015-09-09,良,77,307,29,105,11,41,0.75,42
9,2015-09-10,良,66,260,26,81,10,41,0.73,48
10,2015-09-11,良,88,339,28,124,7,37,0.59,59
11,2015-09-12,良,82,346,21,112,4,17,0.47,85
12,2015-09-13,轻度污染,125,364,53,156,9,19,0.57,87
13,2015-09-14,良,74,287,42,89,4,19,0.56,53
14,2015-09-15,优,44,59,18,47,10,29,0.69,41
15,2015-09-16,良,57,135,25,64,13,36,0.87,35
16,2015-09-17,良,70,209,33,89,13,44,0.78,34
17,2015-09-18,良,94,305,53,134,21,61,1.03,33
18,2015-09-19,轻度污染,118,325,75,183,23,72,1.37,8
19,2015-09-20,优,48,118,18,57,5,42,0.86,39
20,2015-09-21,良,57,158,23,64,7,34,0.72,41
21,2015-09-22,良,59,206,18,68,8,30,0.71,47
22,2015-09-23,优,41,90,15,40,11,25,0.61,42
23,2015-09-24,良,68,272,30,85,9,41,0.9,28
24,2015-09-25,优,48,145,19,51,8,34,0.62,31
25,2015-09-26,优,44,112,17,43,7,25,0.61,39
26,2015-09-27,良,56,162,21,67,9,27,0.78,33
27,2015-09-28,优,24,11,10,18,3,15,0.51,43
28,2015-09-29,优,27,16,9,26,3,20,0.45,35
29,2015-09-30,优,49,181,21,51,8,38,0.68,30
0,2015-08-01,良,71,298,27,90,8,43,0.83,51
1,2015-08-02,良,62,246,19,64,4,32,0.6,79
2,2015-08-03,良,77,335,33,97,8,44,0.72,69
3,2015-08-04,良,85,347,38,111,9,51,0.82,71
4,2015-08-05,良,94,333,47,135,13,58,0.86,67
5,2015-08-06,良,82,335,37,104,9,48,0.71,69
6,2015-08-07,良,86,331,36,111,11,47,0.72,77
7,2015-08-08,良,83,327,32,111,8,40,0.68,79
8,2015-08-09,轻度污染,106,350,58,149,2,24,0.74,66
9,2015-08-10,良,72,317,43,77,5,42,1.03,55
10,2015-08-11,优,39,112,13,34,3,32,0.59,65
11,2015-08-12,优,47,109,14,43,4,31,0.59,74
12,2015-08-13,良,66,198,24,75,8,42,0.59,74
13,2015-08-14,轻度污染,135,357,40,209,11,33,0.61,71
14,2015-08-15,优,40,83,10,30,8,20,0.51,62
15,2015-08-16,良,54,156,21,58,17,36,0.71,42
16,2015-08-17,良,70,198,30,86,18,41,0.99,48
17,2015-08-18,良,76,234,37,98,15,51,0.9,56
18,2015-08-19,良,80,328,35,103,17,53,0.91,67
19,2015-08-20,良,87,347,38,119,15,55,0.77,67
20,2015-08-21,良,91,328,32,125,10,50,0.6,75
21,2015-08-22,良,98,327,40,142,13,49,0.54,82
22,2015-08-23,轻度污染,110,359,39,169,7,28,0.47,58
23,2015-08-24,优,42,89,15,40,6,24,0.47,60
24,2015-08-25,良,60,185,22,68,13,41,0.66,44
25,2015-08-26,轻度污染,146,363,51,198,13,46,0.75,54
26,2015-08-27,轻度污染,140,355,56,208,8,29,0.58,49
27,2015-08-28,良,80,262,29,108,10,33,0.66,50
28,2015-08-29,优,39,86,22,38,2,24,0.63,54
29,2015-08-30,优,46,107,18,44,5,33,0.7,51
30,2015-08-31,良,55,174,19,63,7,44,0.76,38
0,2015-07-01,良,80,326,19,100,7,43,0.68,71
1,2015-07-02,良,71,278,17,85,7,34,0.71,81
2,2015-07-03,良,60,218,13,65,10,30,0.56,78
3,2015-07-04,良,78,290,20,104,8,20,0.44,102
4,2015-07-05,良,99,336,23,136,13,25,0.68,79
5,2015-07-06,优,48,127,13,50,12,17,0.6,73
6,2015-07-07,良,70,262,22,88,11,35,0.79,56
7,2015-07-08,良,93,301,28,135,10,47,0.81,53
8,2015-07-09,轻度污染,119,338,39,186,13,54,1.05,62
9,2015-07-10,良,93,319,35,127,8,39,0.86,77
10,2015-07-11,良,76,279,20,99,5,27,0.65,61
11,2015-07-12,良,85,278,26,118,7,35,0.68,51
12,2015-07-13,良,80,211,26,108,15,42,0.89,56
13,2015-07-14,良,81,219,23,107,8,43,0.86,69
14,2015-07-15,良,86,292,28,119,9,45,0.79,61
15,2015-07-16,良,85,319,34,112,10,44,0.82,83
16,2015-07-17,良,96,333,43,138,10,45,0.81,76
17,2015-07-18,良,88,319,38,119,7,42,0.77,86
18,2015-07-19,良,87,330,37,116,7,41,0.78,74
19,2015-07-20,轻度污染,104,349,47,147,10,49,0.88,73
20,2015-07-21,良,97,337,43,138,13,40,0.71,102
21,2015-07-22,轻度污染,122,354,51,190,10,39,0.61,83
22,2015-07-23,轻度污染,125,354,63,186,7,28,0.6,78
23,2015-07-24,良,93,335,52,133,8,38,0.84,72
24,2015-07-25,轻度污染,102,343,58,143,6,34,0.75,65
25,2015-07-26,良,63,194,27,69,3,27,0.58,78
26,2015-07-27,良,91,314,37,113,8,42,0.8,82
27,2015-07-28,轻度污染,120,358,51,173,14,53,0.97,79
28,2015-07-29,重度污染,217,364,105,289,3,23,0.68,74
29,2015-07-30,良,65,283,30,74,5,43,0.97,60
30,2015-07-31,良,66,295,24,77,6,34,0.68,63
0,2015-06-01,优,47,79,16,55,5,26,0.67,46
1,2015-06-02,优,49,118,20,52,6,35,0.92,35
2,2015-06-03,良,53,184,17,58,7,33,0.74,51
3,2015-06-04,良,77,289,31,103,12,48,0.85,45
4,2015-06-05,良,89,309,28,127,12,47,0.68,52
5,2015-06-06,良,61,160,18,70,5,29,0.49,73
6,2015-06-07,良,70,255,24,88,7,40,0.58,60
7,2015-06-08,良,56,203,23,64,7,31,0.6,63
8,2015-06-09,轻度污染,106,308,47,145,8,39,0.74,51
9,2015-06-10,良,54,140,24,59,4,20,0.44,68
10,2015-06-11,良,76,259,31,99,17,42,0.94,46
11,2015-06-12,良,87,294,35,123,11,50,0.97,47
12,2015-06-13,良,95,317,45,138,8,43,0.83,58
13,2015-06-14,轻度污染,112,345,58,169,10,51,0.87,66
14,2015-06-15,良,92,291,39,131,7,35,0.73,62
15,2015-06-16,优,41,76,15,36,5,24,0.66,63
16,2015-06-17,良,66,213,35,80,8,43,0.87,38
17,2015-06-18,良,70,263,30,88,9,37,0.7,53
18,2015-06-19,良,60,197,24,71,5,34,0.56,61
19,2015-06-20,良,66,242,25,80,6,36,0.52,68
20,2015-06-21,良,98,329,42,138,15,50,0.86,69
21,2015-06-22,良,81,280,31,110,10,42,0.66,68
22,2015-06-23,良,76,260,28,101,6,39,0.64,63
23,2015-06-24,良,85,323,36,116,10,42,0.77,67
24,2015-06-25,良,76,319,31,93,9,37,0.61,79
25,2015-06-26,良,90,326,37,129,11,50,0.74,56
26,2015-06-27,良,68,272,26,84,6,38,0.73,59
27,2015-06-28,优,41,115,19,38,2,17,0.62,66
28,2015-06-29,良,54,217,19,57,4,29,0.58,65
29,2015-06-30,良,73,319,17,83,6,37,0.6,74
0,2015-05-01,良,82,230,36,111,11,47,0.8,38
1,2015-05-02,良,94,346,35,136,11,49,0.81,39
2,2015-05-03,良,100,309,33,148,10,51,0.8,38
3,2015-05-04,轻度污染,105,325,35,158,20,51,0.95,40
4,2015-05-05,良,80,222,29,110,8,42,0.71,47
5,2015-05-06,良,71,149,25,89,7,44,0.72,48
6,2015-05-07,良,86,211,35,121,6,48,0.73,39
7,2015-05-08,良,80,273,35,108,8,45,0.76,54
8,2015-05-09,良,80,286,38,108,11,43,0.8,52
9,2015-05-10,中度污染,160,351,68,236,12,41,0.77,59
10,2015-05-11,轻度污染,118,360,57,184,21,44,0.9,57
11,2015-05-12,良,81,308,39,110,10,46,0.8,43
12,2015-05-13,良,80,235,29,108,7,35,0.72,49
13,2015-05-14,中度污染,163,363,72,268,10,50,0.95,40
14,2015-05-15,良,85,283,38,118,8,40,0.73,47
15,2015-05-16,轻度污染,106,332,49,143,8,27,0.68,64
16,2015-05-17,轻度污染,120,327,49,187,14,45,0.96,42
17,2015-05-18,优,35,30,13,26,7,23,0.8,58
18,2015-05-19,优,40,56,15,40,6,40,0.75,48
19,2015-05-20,良,64,182,27,77,9,45,0.87,47
20,2015-05-21,良,75,258,31,98,11,42,0.75,60
21,2015-05-22,轻度污染,124,363,51,195,11,42,0.76,54
22,2015-05-23,良,65,179,34,81,6,29,0.69,58
23,2015-05-24,良,71,180,46,86,11,43,0.99,39
24,2015-05-25,良,55,90,29,60,6,36,0.71,49
25,2015-05-26,良,55,101,24,63,6,28,0.6,59
26,2015-05-27,良,82,215,39,110,6,21,0.59,61
27,2015-05-28,良,69,195,38,85,9,38,0.74,49
28,2015-05-29,良,87,299,36,121,9,38,0.76,55
29,2015-05-30,轻度污染,116,341,51,142,6,30,0.64,51
30,2015-05-31,重度污染,216,364,112,267,6,24,0.66,47
0,2015-04-01,优,48,74,32,44,6,31,0.87,30
1,2015-04-02,优,38,41,24,34,8,27,0.72,37
2,2015-04-03,良,77,248,56,62,10,46,1.22,31
3,2015-04-04,良,81,247,59,85,12,46,1.23,30
4,2015-04-05,良,84,247,61,102,17,53,1.39,30
5,2015-04-06,良,86,289,62,105,18,49,1.27,35
6,2015-04-07,良,96,337,69,113,16,52,1.43,35
7,2015-04-08,良,87,306,52,120,17,53,1.25,34
8,2015-04-09,良,94,310,54,133,15,43,1.06,41
9,2015-04-10,良,90,278,50,125,13,45,1.08,39
10,2015-04-11,良,100,304,51,148,12,46,1.09,38
11,2015-04-12,轻度污染,113,356,43,174,9,36,0.83,50
12,2015-04-13,轻度污染,125,355,55,191,10,39,0.78,51
13,2015-04-14,轻度污染,145,355,50,228,13,31,0.79,45
14,2015-04-15,良,88,188,33,124,14,38,0.8,30
15,2015-04-16,良,72,76,36,96,14,38,1.0,30
16,2015-04-17,优,37,7,13,34,5,20,0.69,51
17,2015-04-18,良,70,135,34,88,8,47,0.98,33
18,2015-04-19,良,60,168,27,68,10,33,0.79,56
19,2015-04-20,良,90,320,37,129,15,55,0.98,35
20,2015-04-21,良,95,313,41,138,11,49,0.98,44
21,2015-04-22,良,70,194,27,89,8,35,0.77,54
22,2015-04-23,良,68,128,27,84,11,39,0.74,53
23,2015-04-24,轻度污染,102,292,39,152,10,53,0.83,48
24,2015-04-25,轻度污染,117,294,44,181,10,46,0.82,46
25,2015-04-26,轻度污染,134,346,49,216,10,49,0.92,41
26,2015-04-27,严重污染,302,365,186,386,9,37,0.79,44
27,2015-04-28,良,81,224,29,109,7,37,0.64,35
28,2015-04-29,良,74,180,32,95,8,42,0.67,40
29,2015-04-30,良,88,212,30,123,9,39,0.64,39
0,2015-03-01,轻度污染,108,324,80,103,18,54,1.96,23
1,2015-03-02,良,71,164,50,71,13,48,1.68,24
2,2015-03-03,良,92,251,68,94,14,42,1.35,26
3,2015-03-04,轻度污染,133,349,100,127,17,59,2.05,22
4,2015-03-05,中度污染,152,359,115,156,24,65,2.28,24
5,2015-03-06,重度污染,234,358,186,250,25,84,3.08,17
6,2015-03-07,中度污染,170,351,131,167,39,72,2.89,17
7,2015-03-08,轻度污染,109,300,81,105,34,56,2.26,20
8,2015-03-09,良,93,278,69,86,23,53,1.75,20
9,2015-03-10,轻度污染,136,335,103,145,27,62,1.81,17
10,2015-03-11,轻度污染,132,346,91,146,17,54,1.39,21
11,2015-03-12,轻度污染,132,322,35,192,18,37,0.86,24
12,2015-03-13,优,38,24,23,32,7,36,0.89,30
13,2015-03-14,良,71,119,49,79,18,56,1.53,16
14,2015-03-15,良,52,45,35,50,14,40,1.04,27
15,2015-03-16,良,62,88,38,69,20,44,1.13,22
16,2015-03-17,良,56,84,35,59,14,44,1.16,22
17,2015-03-18,良,60,151,40,66,12,45,1.27,21
18,2015-03-19,良,91,249,53,127,17,46,1.27,25
19,2015-03-20,良,90,231,63,118,18,56,1.49,22
20,2015-03-21,良,83,203,52,111,24,53,1.46,22
21,2015-03-22,良,99,236,67,141,24,56,1.55,27
22,2015-03-23,轻度污染,114,330,80,167,31,58,1.57,34
23,2015-03-24,轻度污染,139,355,78,225,27,43,1.24,50
24,2015-03-25,中度污染,171,359,62,235,14,30,0.84,39
25,2015-03-26,良,76,220,40,101,13,42,1.31,21
26,2015-03-27,良,72,176,44,87,13,47,1.22,25
27,2015-03-28,良,73,141,47,90,16,45,1.12,25
28,2015-03-29,良,73,122,49,91,14,44,1.32,28
29,2015-03-30,良,57,86,26,69,11,30,0.95,32
30,2015-03-31,优,36,19,22,34,2,22,0.66,37
0,2015-02-01,重度污染,250,360,203,308,41,98,3.68,6
1,2015-02-02,严重污染,291,362,240,353,45,106,4.41,7
2,2015-02-03,严重污染,334,363,267,404,76,112,4.42,6
3,2015-02-04,中度污染,179,302,137,192,59,90,2.71,15
4,2015-02-05,中度污染,189,349,144,213,41,83,2.74,20
5,2015-02-06,重度污染,209,360,132,286,29,90,3.26,11
6,2015-02-07,重度污染,219,362,169,276,58,98,3.08,18
7,2015-02-08,中度污染,187,358,123,296,24,98,3.03,19
8,2015-02-09,严重污染,354,363,229,464,42,109,4.08,12
9,2015-02-10,严重污染,346,363,249,465,37,126,3.97,13
10,2015-02-11,严重污染,339,363,272,441,40,108,4.28,18
11,2015-02-12,严重污染,290,363,236,369,57,105,4.27,23
12,2015-02-13,轻度污染,144,274,104,171,37,74,2.48,24
13,2015-02-14,良,51,38,32,53,12,58,1.38,28
14,2015-02-15,轻度污染,110,207,82,119,23,69,2.1,17
15,2015-02-16,中度污染,154,285,116,166,29,83,2.51,20
16,2015-02-17,轻度污染,111,234,83,123,25,90,2.78,16
17,2015-02-18,良,80,148,57,88,29,64,2.05,30
18,2015-02-19,轻度污染,133,233,97,150,28,48,1.79,27
19,2015-02-20,良,70,219,47,76,10,32,1.23,26
20,2015-02-21,优,45,77,28,45,18,29,1.15,35
21,2015-02-22,良,84,172,61,88,26,44,1.57,27
22,2015-02-23,中度污染,158,346,120,167,31,68,2.57,23
23,2015-02-24,良,100,273,74,108,22,64,2.06,23
24,2015-02-25,轻度污染,126,312,94,131,18,62,2.41,21
25,2015-02-26,良,64,195,45,64,18,51,1.52,35
26,2015-02-27,良,69,271,32,84,16,48,1.49,30
27,2015-02-28,良,94,326,68,104,14,54,1.88,23
0,2015-01-01,严重污染,304,360,251,352,46,91,3.96,9
1,2015-01-02,重度污染,243,668,193,266,66,84,3.64,15
2,2015-01-03,轻度污染,146,250,109,173,47,82,2.99,11
3,2015-01-04,中度污染,169,220,131,178,35,81,2.91,10
4,2015-01-05,中度污染,177,250,136,189,50,80,2.62,8
5,2015-01-06,轻度污染,139,339,105,145,39,85,2.78,8
6,2015-01-07,重度污染,219,366,173,245,51,100,3.89,7
7,2015-01-08,严重污染,265,362,214,277,74,94,4.14,7
8,2015-01-09,中度污染,184,296,140,205,78,93,3.31,12
9,2015-01-10,轻度污染,133,230,99,145,37,94,2.99,11
10,2015-01-11,轻度污染,150,268,113,161,33,82,3.12,6
11,2015-01-12,中度污染,169,329,126,184,31,74,3.05,10
12,2015-01-13,轻度污染,110,232,82,123,29,76,3.06,8
13,2015-01-14,中度污染,176,309,137,181,33,82,3.27,7
14,2015-01-15,轻度污染,117,211,87,110,39,57,2.27,12
15,2015-01-16,良,66,78,46,56,17,59,1.62,15
16,2015-01-17,良,91,161,66,87,12,58,1.64,12
17,2015-01-18,中度污染,155,337,118,158,17,65,2.31,10
18,2015-01-19,严重污染,252,365,203,275,39,101,4.38,8
19,2015-01-20,重度污染,214,355,165,238,71,86,3.62,6
20,2015-01-21,轻度污染,127,231,94,151,46,75,2.52,10
21,2015-01-22,良,80,101,56,88,34,71,2.07,9
22,2015-01-23,轻度污染,140,216,105,159,32,82,2.64,6
23,2015-01-24,中度污染,153,227,115,170,31,78,2.92,11
24,2015-01-25,良,62,33,42,52,19,46,1.11,21
25,2015-01-26,良,64,44,45,59,31,57,1.38,11
26,2015-01-27,轻度污染,104,263,77,108,28,62,1.75,11
27,2015-01-28,轻度污染,142,355,106,172,16,75,2.51,9
28,2015-01-29,轻度污染,141,342,107,162,49,75,2.16,8
29,2015-01-30,轻度污染,106,281,78,122,42,73,1.9,10
30,2015-01-31,中度污染,182,358,141,225,34,88,2.94,8
0,2014-12-01,良,89,146,58,112,28,32,1.45,8
1,2014-12-02,轻度污染,104,174,69,145,37,31,2.36,2
2,2014-12-03,轻度污染,115,172,63,179,36,42,1.65,12
3,2014-12-04,轻度污染,133,182,91,202,28,61,2.21,7
4,2014-12-05,良,100,143,71,139,21,58,2.0,7
5,2014-12-06,轻度污染,107,127,78,116,18,45,1.63,8
6,2014-12-07,轻度污染,116,137,87,135,26,47,1.84,7
7,2014-12-08,优,39,7,26,35,11,33,0.93,19
8,2014-12-09,良,84,81,60,88,23,55,1.7,9
9,2014-12-10,轻度污染,140,155,105,154,37,67,2.31,5
10,2014-12-11,中度污染,167,186,127,200,32,62,2.59,5
11,2014-12-12,轻度污染,132,183,98,156,47,59,2.0,7
12,2014-12-13,轻度污染,106,146,79,118,34,63,2.15,7
13,2014-12-14,轻度污染,136,143,103,150,34,60,1.99,8
14,2014-12-15,中度污染,154,149,116,189,54,56,2.19,7
15,2014-12-16,中度污染,167,185,122,200,41,53,2.46,6
16,2014-12-17,重度污染,222,187,175,269,53,67,3.24,7
17,2014-12-18,严重污染,329,188,274,401,59,72,3.25,10
18,2014-12-19,严重污染,295,186,244,371,62,70,3.12,7
19,2014-12-20,严重污染,303,186,245,385,78,77,3.74,7
20,2014-12-21,中度污染,179,185,135,177,79,67,2.26,9
21,2014-12-22,中度污染,184,186,144,213,57,79,2.53,8
22,2014-12-23,严重污染,295,187,243,370,66,102,3.26,7
23,2014-12-24,严重污染,272,187,218,309,84,109,3.24,8
24,2014-12-25,中度污染,186,176,142,192,68,96,2.4,8
25,2014-12-26,重度污染,217,179,172,249,60,100,2.85,11
26,2014-12-27,中度污染,174,147,138,189,26,72,2.1,18
27,2014-12-28,严重污染,303,179,252,338,43,96,3.11,14
28,2014-12-29,重度污染,245,167,191,298,46,98,3.74,6
29,2014-12-30,严重污染,252,178,202,281,43,91,3.29,8
30,2014-12-31,中度污染,200,536,152,253,20,83,3.36,5
0,2014-11-01,良,77,98,45,101,20,57,1.43,10
1,2014-11-02,良,80,157,42,108,33,58,1.24,14
2,2014-11-03,轻度污染,121,188,75,190,65,69,1.93,9
3,2014-11-04,轻度污染,143,182,88,233,55,69,2.14,5
4,2014-11-05,轻度污染,107,120,60,162,32,51,1.29,10
5,2014-11-06,轻度污染,120,137,73,186,31,45,1.24,8
6,2014-11-07,轻度污染,122,180,73,190,25,33,1.31,12
7,2014-11-08,轻度污染,103,154,58,154,18,33,1.11,7
8,2014-11-09,优,21,1,13,16,2,18,0.5,13
9,2014-11-10,优,22,2,12,20,3,18,0.5,19
10,2014-11-11,良,58,36,34,65,9,20,0.95,10
11,2014-11-12,良,69,98,42,81,13,24,0.82,7
12,2014-11-13,良,68,86,41,85,12,24,0.97,7
13,2014-11-14,良,64,38,44,69,9,27,0.91,10
14,2014-11-15,良,80,65,52,102,14,29,1.1,7
15,2014-11-16,良,95,87,65,130,16,28,1.36,7
16,2014-11-17,良,97,89,70,128,22,29,1.55,7
17,2014-11-18,良,83,55,52,110,13,24,0.92,24
18,2014-11-19,良,64,23,42,73,22,25,0.83,10
19,2014-11-20,良,65,25,40,76,19,25,0.78,9
20,2014-11-21,轻度污染,121,99,91,151,18,27,1.16,3
21,2014-11-22,轻度污染,114,79,83,149,22,24,1.53,9
22,2014-11-23,良,100,99,73,128,20,30,1.38,4
23,2014-11-24,轻度污染,108,143,70,155,20,22,1.29,20
24,2014-11-25,良,57,55,31,68,11,21,0.81,19
25,2014-11-26,良,55,27,34,61,9,21,0.85,10
26,2014-11-27,良,70,91,44,87,19,26,1.15,8
27,2014-11-28,良,62,56,36,75,16,28,1.03,19
28,2014-11-29,良,53,32,22,58,12,19,0.78,25
29,2014-11-30,良,75,124,40,97,23,26,1.14,10
0,2014-10-01,良,97,173,51,142,16,60,0.99,18
1,2014-10-02,良,78,121,28,104,9,36,0.67,22
2,2014-10-03,良,95,152,44,137,17,51,1.16,18
3,2014-10-04,轻度污染,121,176,41,187,10,42,0.9,27
4,2014-10-05,良,68,87,31,84,10,43,0.96,20
5,2014-10-06,良,84,130,49,113,18,50,1.1,19
6,2014-10-07,良,78,69,36,105,15,46,1.01,21
7,2014-10-08,轻度污染,126,143,63,195,19,53,1.36,16
8,2014-10-09,优,33,2,13,29,10,20,0.74,26
9,2014-10-10,优,34,2,16,35,7,30,0.74,21
10,2014-10-11,良,79,94,50,103,16,55,1.33,8
11,2014-10-12,轻度污染,101,163,70,129,37,61,1.75,10
12,2014-10-13,轻度污染,118,176,81,158,44,74,1.88,10
13,2014-10-14,轻度污染,103,139,67,150,29,67,1.42,17
14,2014-10-15,轻度污染,109,86,66,162,25,75,1.32,17
15,2014-10-16,轻度污染,141,163,102,196,32,88,1.64,17
16,2014-10-17,轻度污染,118,127,82,168,34,81,1.31,16
17,2014-10-18,轻度污染,134,135,95,202,41,85,1.67,17
18,2014-10-19,轻度污染,149,161,110,199,49,91,1.52,16
19,2014-10-20,中度污染,158,167,115,241,38,95,1.76,16
20,2014-10-21,轻度污染,145,177,89,233,34,66,1.06,30
21,2014-10-22,轻度污染,116,142,65,174,28,64,1.18,18
22,2014-10-23,轻度污染,126,133,70,195,34,74,1.45,9
23,2014-10-24,良,94,85,33,136,27,55,1.19,15
24,2014-10-25,良,95,106,30,138,24,44,1.26,9
25,2014-10-26,轻度污染,110,127,49,167,33,59,1.52,10
26,2014-10-27,中度污染,193,186,38,267,10,27,0.81,28
27,2014-10-28,优,33,4,10,32,6,22,0.45,19
28,2014-10-29,优,50,36,23,53,17,38,0.82,13
29,2014-10-30,良,81,120,47,106,22,54,1.54,6
30,2014-10-31,良,77,113,42,101,29,56,1.2,10
0,2014-09-01,轻度污染,132,181,49,208,28,58,0.75,44
1,2014-09-02,轻度污染,120,190,54,188,25,61,0.81,64
2,2014-09-03,轻度污染,138,190,51,217,22,57,0.88,53
3,2014-09-04,中度污染,155,190,47,225,12,30,0.61,46
4,2014-09-05,良,78,96,34,104,5,27,0.52,56
5,2014-09-06,轻度污染,105,159,45,158,16,56,0.7,41
6,2014-09-07,轻度污染,143,177,37,200,8,49,0.68,32
7,2014-09-08,良,59,68,23,69,11,41,0.68,36
8,2014-09-09,良,79,136,33,105,17,60,0.9,33
9,2014-09-10,轻度污染,118,184,43,184,32,65,0.93,35
10,2014-09-11,良,75,147,26,98,15,36,0.52,32
11,2014-09-12,良,66,152,18,82,14,24,0.42,32
12,2014-09-13,良,80,165,30,108,20,47,0.85,21
13,2014-09-14,轻度污染,104,181,41,156,27,56,0.88,19
14,2014-09-15,轻度污染,106,188,46,161,30,57,0.8,29
15,2014-09-16,轻度污染,133,190,53,214,27,73,1.02,15
16,2014-09-17,轻度污染,126,190,53,200,29,65,1.02,29
17,2014-09-18,中度污染,152,190,61,248,29,74,1.13,30
18,2014-09-19,轻度污染,149,190,49,224,19,47,0.75,43
19,2014-09-20,优,39,22,16,40,8,24,0.6,32
20,2014-09-21,良,79,147,47,102,17,50,1.02,22
21,2014-09-22,良,93,162,58,130,22,59,1.09,19
22,2014-09-23,良,100,173,65,143,25,62,1.13,16
23,2014-09-24,轻度污染,110,175,58,169,23,62,1.25,14
24,2014-09-25,轻度污染,122,175,76,182,26,68,1.38,18
25,2014-09-26,轻度污染,136,170,68,216,18,71,1.35,20
26,2014-09-27,轻度污染,124,161,69,192,32,77,1.23,28
27,2014-09-28,轻度污染,119,173,60,181,20,66,1.13,21
28,2014-09-29,良,76,155,39,100,19,51,0.99,20
29,2014-09-30,良,82,170,44,111,15,54,1.02,24
0,2014-08-01,良,73,140,26,94,13,41,0.68,43
1,2014-08-02,良,53,82,14,59,8,25,0.42,60
2,2014-08-03,良,84,144,27,115,15,50,0.73,40
3,2014-08-04,良,98,151,32,143,22,55,0.87,47
4,2014-08-05,良,92,161,36,133,19,61,0.88,49
5,2014-08-06,良,85,168,26,117,11,36,0.57,71
6,2014-08-07,良,99,184,35,147,21,54,0.83,59
7,2014-08-09,良,100,178,34,149,18,51,0.85,50
8,2014-08-10,良,74,131,26,96,13,37,0.57,60
9,2014-08-11,良,92,135,35,132,18,57,0.83,49
10,2014-08-12,轻度污染,123,182,46,190,27,65,0.79,62
11,2014-08-13,轻度污染,124,190,47,195,19,67,0.72,67
12,2014-08-14,轻度污染,132,190,47,212,17,68,0.73,51
13,2014-08-15,轻度污染,102,169,36,152,16,44,0.58,81
14,2014-08-16,良,97,144,36,143,11,44,0.66,64
15,2014-08-17,良,66,105,19,81,9,25,0.49,64
16,2014-08-18,良,62,111,18,73,15,37,0.59,44
17,2014-08-19,良,63,97,24,74,12,42,0.76,36
18,2014-08-20,良,51,55,20,58,5,42,0.76,37
19,2014-08-21,良,66,58,25,83,9,46,0.75,48
20,2014-08-23,轻度污染,105,167,36,157,19,56,0.78,52
21,2014-08-24,轻度污染,118,189,46,183,20,59,0.82,53
22,2014-08-25,轻度污染,137,189,53,214,26,66,0.89,41
23,2014-08-26,轻度污染,116,179,48,180,22,59,0.77,56
24,2014-08-27,严重污染,256,190,75,355,12,39,0.5,53
25,2014-08-28,良,75,131,27,97,13,37,0.55,41
26,2014-08-29,良,94,167,34,135,19,57,0.79,32
27,2014-08-30,轻度污染,111,176,45,171,25,70,0.99,27
28,2014-08-31,轻度污染,106,180,40,160,19,55,0.75,47
0,2014-07-01,良,75,93,27,94,13,38,0.47,72
1,2014-07-02,轻度污染,118,182,37,176,14,49,0.57,63
2,2014-07-03,良,84,131,24,112,12,34,0.49,67
3,2014-07-04,良,87,133,32,121,14,37,0.54,67
4,2014-07-05,良,57,81,24,65,6,32,0.51,42
5,2014-07-06,良,57,89,26,63,12,36,0.63,48
6,2014-07-07,良,54,39,22,58,8,30,0.48,70
7,2014-07-08,良,78,109,25,103,17,45,0.6,55
8,2014-07-09,良,63,87,16,75,8,32,0.41,67
9,2014-07-10,良,69,91,17,87,8,39,0.54,60
10,2014-07-11,良,90,109,30,127,14,51,0.62,59
11,2014-07-12,轻度污染,103,151,34,151,24,56,0.72,71
12,2014-07-13,轻度污染,113,177,39,174,20,60,0.72,68
13,2014-07-14,良,95,132,27,139,17,39,0.59,75
14,2014-07-15,良,72,112,28,91,13,32,0.55,88
15,2014-07-16,良,98,164,28,144,10,31,0.5,59
16,2014-07-17,良,78,136,25,105,14,39,0.66,47
17,2014-07-18,良,64,94,18,76,10,38,0.58,51
18,2014-07-19,良,75,121,27,97,9,41,0.69,54
19,2014-07-20,轻度污染,103,172,43,155,21,54,0.75,53
20,2014-07-21,良,96,174,38,140,21,47,0.68,70
21,2014-07-22,良,76,131,25,99,14,43,0.49,80
22,2014-07-23,轻度污染,104,179,37,157,23,50,0.68,79
23,2014-07-24,轻度污染,131,184,38,192,14,52,0.69,50
24,2014-07-25,良,78,145,29,105,13,46,0.69,53
25,2014-07-26,轻度污染,119,150,38,186,21,60,0.9,51
26,2014-07-27,轻度污染,120,149,42,187,22,65,0.9,59
27,2014-07-28,良,93,114,30,134,15,41,0.58,60
28,2014-07-29,良,84,96,24,116,8,30,0.54,62
29,2014-07-30,良,85,159,25,118,18,38,0.53,44
30,2014-07-31,良,95,158,31,139,19,58,0.77,20
0,2014-06-01,良,54,62,27,56,18,35,0.52,35
1,2014-06-02,良,59,83,25,69,13,43,0.51,31
2,2014-06-03,良,61,81,22,70,10,39,0.45,33
3,2014-06-04,良,67,80,28,86,13,42,0.58,35
4,2014-06-05,良,76,92,31,101,12,42,0.43,47
5,2014-06-06,良,87,108,31,122,18,40,0.54,42
6,2014-06-07,良,100,149,34,149,17,50,0.68,36
7,2014-06-08,良,100,134,38,149,23,43,0.64,60
8,2014-06-09,良,58,73,27,66,10,31,0.51,65
9,2014-06-10,良,65,96,25,79,14,32,0.47,51
10,2014-06-11,良,66,77,25,82,11,39,0.49,52
11,2014-06-12,良,88,100,38,124,21,51,0.66,55
12,2014-06-13,轻度污染,103,110,46,153,21,55,0.7,63
13,2014-06-14,轻度污染,121,136,63,183,18,57,0.69,65
14,2014-06-15,良,99,95,46,145,12,44,0.58,76
15,2014-06-16,中度污染,155,162,62,218,9,38,0.57,50
16,2014-06-17,良,59,64,34,64,12,35,0.53,68
17,2014-06-18,良,67,88,34,80,15,42,0.52,67
18,2014-06-19,良,85,133,35,116,13,44,0.51,63
19,2014-06-20,良,61,119,22,71,12,31,0.47,69
20,2014-06-21,良,65,118,26,81,9,45,0.61,56
21,2014-06-22,良,83,148,34,111,12,47,0.55,70
22,2014-06-23,良,94,164,35,136,15,53,0.59,63
23,2014-06-24,轻度污染,104,146,42,156,19,54,0.62,51
24,2014-06-25,良,67,112,27,82,8,36,0.45,75
25,2014-06-26,良,66,111,27,80,13,38,0.51,69
26,2014-06-27,良,73,132,31,89,9,42,0.48,67
27,2014-06-28,良,94,148,39,134,12,51,0.55,62
28,2014-06-29,良,90,133,37,127,16,56,0.63,62
29,2014-06-30,轻度污染,106,148,39,160,13,51,0.56,63
0,2014-05-01,良,99,78,46,148,12,51,0.9,30
1,2014-05-02,中度污染,151,187,57,249,21,63,0.95,27
2,2014-05-03,中度污染,172,187,64,269,20,62,1.03,31
3,2014-05-04,中度污染,195,189,64,299,21,58,0.89,32
4,2014-05-05,轻度污染,143,189,45,218,15,56,0.89,34
5,2014-05-06,轻度污染,113,172,41,173,14,55,0.79,39
6,2014-05-07,轻度污染,107,164,37,164,14,54,0.86,36
7,2014-05-08,重度污染,212,188,44,322,6,33,0.52,46
8,2014-05-09,轻度污染,118,166,28,186,7,25,0.51,52
9,2014-05-10,轻度污染,111,184,35,172,13,49,0.72,50
10,2014-05-11,轻度污染,134,189,39,217,9,39,0.63,52
11,2014-05-12,良,92,156,32,133,15,45,0.65,37
12,2014-05-13,良,94,127,27,138,9,35,0.62,47
13,2014-05-14,良,87,107,29,122,8,45,0.57,49
14,2014-05-15,良,82,109,28,113,14,47,0.74,43
15,2014-05-16,良,88,92,29,124,8,32,0.47,49
16,2014-05-17,良,74,62,23,98,7,40,0.53,42
17,2014-05-18,良,91,119,28,131,10,47,0.6,45
18,2014-05-19,轻度污染,124,154,50,193,23,60,0.95,32
19,2014-05-20,中度污染,200,186,65,307,23,65,0.95,39
20,2014-05-21,轻度污染,115,120,55,164,8,24,0.47,42
21,2014-05-22,良,57,42,19,72,10,34,0.51,37
22,2014-05-23,优,36,21,15,35,6,34,0.55,37
23,2014-05-24,良,66,115,25,83,10,44,0.64,38
24,2014-05-25,良,74,76,29,98,10,43,0.62,60
25,2014-05-26,良,87,82,32,123,14,51,0.66,55
26,2014-05-27,良,97,75,36,142,23,53,0.74,54
27,2014-05-28,良,88,92,33,125,9,44,0.56,53
28,2014-05-29,良,78,49,27,104,12,46,0.51,53
29,2014-05-30,轻度污染,125,113,38,200,14,49,0.6,42
30,2014-05-31,良,72,64,23,90,11,39,0.58,33
0,2014-04-01,良,83,96,38,114,20,53,0.86,44
1,2014-04-02,良,98,127,41,144,29,56,0.94,36
2,2014-04-03,严重污染,318,190,145,474,13,44,0.6,41
3,2014-04-04,严重污染,498,190,150,849,15,31,0.61,56
4,2014-04-05,严重污染,487,190,137,646,32,56,0.89,37
5,2014-04-06,严重污染,259,190,66,389,20,47,0.81,35
6,2014-04-07,轻度污染,143,184,51,234,25,52,0.98,29
7,2014-04-08,轻度污染,131,133,60,201,13,28,0.61,42
8,2014-04-09,良,100,81,34,150,16,49,0.98,28
9,2014-04-10,良,98,104,37,145,21,57,0.97,31
10,2014-04-11,轻度污染,110,148,43,169,27,54,0.78,43
11,2014-04-12,良,98,131,36,145,18,48,0.72,34
12,2014-04-13,良,72,78,36,93,21,50,0.87,29
13,2014-04-14,优,25,1,12,23,7,32,0.64,21
14,2014-04-15,优,44,6,13,43,6,29,0.65,30
15,2014-04-16,优,45,11,17,46,9,29,0.57,38
16,2014-04-17,优,43,10,20,44,10,29,0.62,46
17,2014-04-18,良,82,107,35,112,14,54,1.03,29
18,2014-04-19,良,62,97,26,74,13,39,0.7,47
19,2014-04-20,良,95,146,40,139,17,61,0.98,35
20,2014-04-21,轻度污染,105,150,44,158,23,64,0.91,38
21,2014-04-22,轻度污染,120,154,42,188,16,53,0.73,42
22,2014-04-23,严重污染,274,189,116,400,6,27,0.58,31
23,2014-04-24,良,92,123,32,134,13,34,0.75,27
24,2014-04-25,轻度污染,134,168,62,216,21,54,1.32,18
25,2014-04-26,中度污染,165,183,55,273,17,54,1.12,27
26,2014-04-27,轻度污染,142,178,44,232,18,54,1.0,23
27,2014-04-28,严重污染,377,189,62,502,7,25,0.63,56
28,2014-04-29,良,62,22,17,76,11,30,0.69,36
29,2014-04-30,良,54,10,25,59,6,42,0.72,25
0,2014-03-01,中度污染,177,186,135,199,65,92,3.06,32
1,2014-03-02,中度污染,200,175,152,205,100,107,3.14,19
2,2014-03-03,轻度污染,146,156,110,156,44,89,2.58,25
3,2014-03-04,中度污染,194,184,148,201,54,92,2.58,32
4,2014-03-05,中度污染,192,189,146,201,51,97,2.92,24
5,2014-03-06,中度污染,193,188,147,210,51,97,2.8,16
6,2014-03-07,严重污染,259,189,208,302,57,112,3.89,15
7,2014-03-08,重度污染,220,180,171,253,91,119,2.77,20
8,2014-03-09,轻度污染,123,141,92,143,51,103,2.32,19
9,2014-03-10,良,87,78,62,87,28,54,1.47,49
10,2014-03-11,轻度污染,117,115,87,138,26,87,2.29,31
11,2014-03-12,轻度污染,130,157,98,158,18,90,2.44,27
12,2014-03-13,良,92,136,68,100,43,70,1.55,48
13,2014-03-14,中度污染,152,184,115,210,75,90,2.31,39
14,2014-03-15,轻度污染,131,157,99,169,50,98,2.31,34
15,2014-03-16,良,88,49,65,81,31,60,1.67,43
16,2014-03-17,良,90,41,66,100,40,77,2.43,20
17,2014-03-18,良,66,23,33,77,29,64,1.66,25
18,2014-03-19,良,82,61,43,111,33,72,2.05,24
19,2014-03-20,良,97,159,63,138,32,58,1.19,29
20,2014-03-21,轻度污染,130,185,91,167,34,65,1.64,28
21,2014-03-22,轻度污染,123,168,72,196,35,61,1.58,28
22,2014-03-23,轻度污染,126,146,79,200,37,62,1.54,29
23,2014-03-25,良,90,67,55,133,21,48,1.35,29
24,2014-03-26,优,44,4,18,43,9,31,0.62,47
25,2014-03-27,良,84,50,48,113,25,54,1.43,26
26,2014-03-28,良,76,78,42,102,21,58,1.07,27
27,2014-03-29,良,87,94,37,126,16,49,1.05,35
28,2014-03-30,良,97,103,50,136,22,56,0.98,34
29,2014-03-31,轻度污染,116,149,56,179,24,63,1.19,32
0,2014-02-01,优,28,1,12,17,9,27,0.81,53
1,2014-02-02,优,45,7,24,45,27,46,1.49,26
2,2014-02-03,优,40,10,22,38,27,48,1.44,32
3,2014-02-04,优,48,55,25,48,35,52,1.58,26
4,2014-02-05,良,73,140,52,77,32,53,1.65,23
5,2014-02-06,良,76,135,54,94,49,53,1.76,20
6,2014-02-07,轻度污染,109,155,79,128,57,57,1.9,19
7,2014-02-08,轻度污染,126,165,85,160,36,58,2.19,15
8,2014-02-09,轻度污染,111,182,79,146,50,69,2.58,14
9,2014-02-10,良,100,165,74,108,49,72,2.63,19
10,2014-02-11,轻度污染,111,141,82,146,43,74,2.4,17
11,2014-02-12,中度污染,165,158,125,200,60,91,3.11,16
12,2014-02-13,中度污染,163,159,123,186,58,86,3.12,25
13,2014-02-14,中度污染,199,160,151,221,100,98,3.91,17
14,2014-02-15,中度污染,182,136,137,206,92,86,3.43,23
15,2014-02-16,良,87,85,65,86,54,74,2.02,31
16,2014-02-17,轻度污染,133,150,100,171,58,79,2.63,18
17,2014-02-18,轻度污染,132,177,100,149,69,80,2.65,17
18,2014-02-19,中度污染,171,180,130,187,96,100,3.41,11
19,2014-02-20,中度污染,177,155,136,212,88,106,5.12,8
20,2014-02-21,轻度污染,120,77,90,121,49,96,2.35,31
21,2014-02-22,轻度污染,120,76,90,120,41,84,2.93,13
22,2014-02-23,良,89,45,66,85,41,78,2.1,20
23,2014-02-24,优,50,12,34,37,14,47,1.55,40
24,2014-02-25,良,54,35,37,49,22,49,1.74,44
25,2014-02-26,良,76,59,55,74,31,70,2.3,27
26,2014-02-27,轻度污染,120,147,90,128,42,94,3.52,15
27,2014-02-28,中度污染,155,189,117,152,69,100,3.05,15
0,2014-01-01,重度污染,242,187,144,206,48,90,3.78,8
1,2014-01-02,中度污染,176,142,133,178,38,82,3.43,6
2,2014-01-03,重度污染,249,167,198,286,71,93,4.19,7
3,2014-01-04,严重污染,252,183,201,251,105,101,2.54,6
4,2014-01-05,轻度污染,137,73,101,157,41,73,2.01,8
5,2014-01-06,轻度污染,139,70,105,145,53,64,1.8,9
6,2014-01-07,中度污染,184,138,139,187,60,69,2.95,6
7,2014-01-08,中度污染,181,177,138,185,82,69,2.31,7
8,2014-01-09,重度污染,244,188,190,273,69,78,3.85,7
9,2014-01-10,严重污染,291,186,201,319,41,71,4.59,6
10,2014-01-11,重度污染,213,153,148,304,41,45,3.83,7
11,2014-01-12,中度污染,155,143,106,217,55,42,2.28,9
12,2014-01-13,轻度污染,132,144,73,199,40,43,2.17,6
13,2014-01-14,严重污染,266,180,156,377,36,45,3.67,7
14,2014-01-15,严重污染,323,176,235,401,51,59,4.72,8
15,2014-01-16,重度污染,229,143,157,272,53,66,3.99,8
16,2014-01-17,轻度污染,145,72,104,189,43,67,2.93,10
17,2014-01-18,良,99,41,60,120,18,52,1.81,13
18,2014-01-19,良,99,26,68,130,34,54,2.32,11
19,2014-01-20,轻度污染,127,89,95,142,33,62,2.79,8
20,2014-01-21,轻度污染,150,176,111,161,44,76,3.19,8
21,2014-01-22,良,98,90,72,107,42,75,2.64,11
22,2014-01-24,轻度污染,107,75,80,122,46,70,2.43,12
23,2014-01-25,轻度污染,114,85,85,139,61,72,2.5,12
24,2014-01-26,良,96,105,70,112,57,83,2.97,8
25,2014-01-27,良,95,101,70,109,64,72,2.3,11
26,2014-01-28,良,59,39,41,58,43,63,1.79,9
27,2014-01-29,良,82,68,59,95,31,54,2.21,12
28,2014-01-30,良,85,34,62,105,55,62,2.14,13
29,2014-01-31,轻度污染,104,26,75,128,63,61,2.01,18
0,2013-12-01,中度污染,197,105,148,185,26,80,3.34,10
1,2013-12-02,中度污染,187,81,107,135,23,68,2.46,4
2,2013-12-03,良,96,28,60,48,9,50,2.04,5
3,2013-12-04,良,88,19,69,63,11,52,2.47,3
4,2013-12-05,良,94,30,71,106,28,53,1.67,5
5,2013-12-06,良,76,19,37,41,8,43,1.17,12
6,2013-12-07,良,66,7,63,64,23,45,1.36,13
7,2013-12-08,良,82,7,46,53,11,44,1.37,11
8,2013-12-09,良,84,21,72,96,26,61,2.32,8
9,2013-12-10,轻度污染,127,69,118,163,22,68,3.37,5
10,2013-12-11,中度污染,169,99,130,191,23,68,3.17,7
11,2013-12-12,轻度污染,146,95,105,155,26,85,3.11,6
12,2013-12-13,中度污染,162,80,116,175,46,72,3.05,5
13,2013-12-14,轻度污染,148,71,128,171,22,68,2.5,4
14,2013-12-15,中度污染,162,76,118,152,34,66,2.39,3
15,2013-12-16,中度污染,153,81,97,134,31,61,2.36,4
16,2013-12-17,轻度污染,107,68,77,112,28,58,2.26,5
17,2013-12-18,轻度污染,102,75,72,101,28,52,1.61,4
18,2013-12-19,良,91,46,66,92,26,57,1.5,8
19,2013-12-20,轻度污染,110,51,91,132,42,65,1.98,6
20,2013-12-21,轻度污染,119,52,76,113,49,58,1.54,9
21,2013-12-22,轻度污染,112,33,73,97,35,75,2.53,7
22,2013-12-23,良,95,17,70,102,43,66,1.66,7
23,2013-12-24,轻度污染,108,26,104,142,52,63,2.18,10
24,2013-12-25,中度污染,152,39,121,159,83,74,2.28,6
25,2013-12-26,重度污染,201,62,198,249,65,86,3.23,5
26,2013-12-27,重度污染,234,113,140,175,80,78,2.85,6
27,2013-12-28,中度污染,178,108,156,235,62,97,4.11,6
28,2013-12-29,重度污染,245,114,246,373,47,118,5.21,5
29,2013-12-30,严重污染,264,114,137,204,50,103,3.72,6
30,2013-12-31,重度污染,241,187,218,338,62,112,5.03,5
0,2013-11-01,中度污染,176,94,132,237,36,76,1.89,14
1,2013-11-02,中度污染,161,85,121,219,43,81,1.76,14
2,2013-11-03,中度污染,182,109,138,229,50,76,1.76,14
3,2013-11-04,良,60,15,42,59,9,42,0.89,30
4,2013-11-05,轻度污染,104,63,75,122,16,52,1.8,18
5,2013-11-06,轻度污染,110,50,92,143,27,64,1.8,11
6,2013-11-07,轻度污染,139,83,106,152,25,63,1.47,12
7,2013-11-08,轻度污染,125,72,65,100,13,52,1.34,10
8,2013-11-09,良,59,16,30,26,3,29,0.81,10
9,2013-11-10,良,56,25,49,59,10,37,0.96,5
10,2013-11-11,良,90,97,98,115,14,48,2.0,5
11,2013-11-12,中度污染,183,111,183,267,35,70,2.97,4
12,2013-11-13,重度污染,208,104,108,193,29,71,2.2,9
13,2013-11-14,中度污染,167,90,164,256,34,65,2.72,7
14,2013-11-15,严重污染,257,109,243,353,32,71,3.48,8
15,2013-11-16,严重污染,328,111,291,399,31,68,3.48,5
16,2013-11-17,严重污染,335,111,288,434,50,73,3.23,8
17,2013-11-18,严重污染,311,111,249,424,37,73,2.73,8
18,2013-11-19,严重污染,306,114,140,314,30,67,1.61,22
19,2013-11-20,重度污染,233,110,180,279,45,78,2.7,8
20,2013-11-21,轻度污染,131,53,19,26,11,40,0.92,16
21,2013-11-22,优,37,1,27,47,10,43,1.08,13
22,2013-11-23,良,52,4,34,61,19,50,1.24,16
23,2013-11-24,良,77,25,82,120,30,54,2.18,6
24,2013-11-25,轻度污染,144,108,136,178,25,62,3.03,4
25,2013-11-26,重度污染,229,112,221,270,28,75,4.66,4
26,2013-11-27,重度污染,245,114,148,194,26,70,3.49,3
27,2013-11-28,中度污染,194,114,150,195,35,76,2.89,4
28,2013-11-29,重度污染,213,114,183,254,25,90,3.9,6
29,2013-11-30,重度污染,245,114,180,228,33,76,3.97,8
0,2013-10-28,轻度污染,128,48,92,196,23,62,1.88,14
1,2013-10-29,良,94,43,60,135,25,52,1.28,12
2,2013-10-30,轻度污染,113,71,80,160,27,55,1.71,11
3,2013-10-31,轻度污染,143,85,108,198,35,70,1.75,9
