0,2019-12-01,良,55,204,33,52,8,38,0.58,32
1,2019-12-02,良,69,265,34,88,11,63,0.75,16
2,2019-12-03,良,92,308,68,121,15,68,0.99,12
3,2019-12-04,良,83,279,60,107,14,64,0.88,16
4,2019-12-05,轻度污染,102,330,75,131,17,75,1.09,10
5,2019-12-06,中度污染,164,360,124,180,18,73,1.35,11
6,2019-12-07,重度污染,239,364,189,236,16,91,1.67,9
7,2019-12-08,中度污染,190,327,150,191,14,74,1.35,16
8,2019-12-09,良,79,155,54,105,15,72,0.99,13
9,2019-12-10,良,81,159,49,105,13,62,0.81,20
0,2019-11-01,良,66,166,44,81,8,49,0.69,6
1,2019-11-02,良,69,185,47,77,6,44,0.75,19
2,2019-11-03,良,74,266,50,92,9,63,0.82,18
3,2019-11-04,轻度污染,125,352,95,140,9,71,0.99,22
4,2019-11-05,中度污染,183,366,138,193,9,73,1.29,14
5,2019-11-06,中度污染,166,362,126,165,8,59,1.39,10
6,2019-11-07,良,99,319,73,100,6,49,1.2,16
7,2019-11-08,轻度污染,136,344,103,136,6,57,1.2,25
8,2019-11-09,中度污染,192,355,146,202,8,68,1.46,7
9,2019-11-10,良,55,89,28,61,7,51,0.72,22
10,2019-11-11,良,81,261,51,109,13,71,1.03,7
11,2019-11-12,良,89,295,65,109,12,64,0.97,8
12,2019-11-13,优,41,79,16,43,7,41,0.45,34
13,2019-11-14,良,74,310,37,99,9,71,0.82,13
14,2019-11-15,良,94,329,63,138,11,80,1.07,13
15,2019-11-16,轻度污染,132,333,99,163,17,79,1.37,10
16,2019-11-17,轻度污染,128,309,78,171,11,53,0.9,23
17,2019-11-18,良,95,301,46,139,9,56,0.62,13
18,2019-11-19,轻度污染,111,325,76,170,15,67,0.96,15
19,2019-11-20,中度污染,159,359,120,209,16,89,1.35,5
20,2019-11-21,中度污染,183,359,138,195,13,79,1.43,14
21,2019-11-22,重度污染,211,364,162,203,12,82,1.43,13
22,2019-11-23,重度污染,237,360,187,228,13,85,1.43,25
23,2019-11-24,优,42,116,28,44,5,24,0.46,43
24,2019-11-25,优,49,253,33,48,7,34,0.58,19
25,2019-11-26,良,74,311,53,85,9,43,0.74,6
26,2019-11-27,良,96,338,71,97,10,43,0.81,4
27,2019-11-28,良,90,335,67,100,13,47,0.92,12
28,2019-11-29,轻度污染,115,350,86,110,10,45,0.85,12
29,2019-11-30,轻度污染,112,333,84,98,7,40,0.83,13
0,2019-10-01,良,80,320,55,99,6,55,0.92,34
1,2019-10-02,良,75,311,52,88,6,42,0.9,63
2,2019-10-03,良,62,223,37,72,6,39,0.83,59
3,2019-10-04,优,38,140,23,38,5,24,0.63,30
4,2019-10-05,优,19,35,9,19,5,19,0.51,28
5,2019-10-06,优,19,26,11,19,5,27,0.55,25
6,2019-10-07,优,37,150,22,37,5,39,0.72,18
7,2019-10-08,优,42,183,24,42,6,33,0.71,32
8,2019-10-09,优,26,47,16,25,5,35,0.57,21
9,2019-10-10,优,37,98,17,36,5,35,0.68,13
10,2019-10-11,良,58,237,29,66,7,49,0.8,9
11,2019-10-12,良,75,334,48,90,6,53,0.92,18
12,2019-10-13,良,76,347,52,101,7,49,0.92,31
13,2019-10-14,良,54,293,37,60,6,39,0.73,21
14,2019-10-15,优,47,270,32,37,6,35,0.65,13
15,2019-10-16,优,41,159,26,28,5,38,0.7,22
16,2019-10-17,优,49,169,30,50,7,46,0.78,25
17,2019-10-18,良,69,276,48,80,8,57,0.9,27
18,2019-10-19,良,90,293,66,116,7,61,1.08,23
19,2019-10-20,良,73,220,51,91,6,50,0.95,9
20,2019-10-21,良,67,197,45,82,8,48,1.0,7
21,2019-10-22,良,90,293,67,112,7,57,1.04,12
22,2019-10-23,良,91,284,68,117,7,53,1.07,30
23,2019-10-24,优,37,94,20,46,5,29,0.46,36
24,2019-10-25,优,37,137,15,39,6,41,0.44,18
25,2019-10-26,良,51,208,25,56,7,45,0.58,19
26,2019-10-27,良,64,236,37,79,9,62,0.77,15
27,2019-10-28,良,93,255,41,136,8,52,0.58,29
28,2019-10-29,轻度污染,121,306,65,191,12,69,0.8,18
29,2019-10-30,良,91,230,50,133,9,59,0.75,24
30,2019-10-31,良,90,244,57,129,11,67,0.81,5
31,2019-10-31,良,90,244,57,129,11,67,0.81,5
0,2019-09-01,优,45,242,27,40,4,24,0.71,75
1,2019-09-02,优,49,263,23,47,6,36,0.63,84
2,2019-09-03,良,55,292,33,57,6,35,0.62,84
3,2019-09-04,良,57,298,39,60,5,40,0.71,56
4,2019-09-05,良,68,320,40,67,5,39,0.77,85
5,2019-09-06,良,61,278,33,69,6,47,0.7,71
6,2019-09-07,良,67,274,34,66,7,42,0.68,94
7,2019-09-08,良,70,242,39,79,6,49,0.72,81
8,2019-09-09,良,64,251,41,76,6,42,0.79,76
9,2019-09-10,优,40,190,28,34,4,19,0.88,80
10,2019-09-11,优,39,205,25,37,4,20,0.8,60
11,2019-09-12,优,33,132,18,33,4,22,0.83,37
12,2019-09-13,优,25,73,5,20,4,12,0.35,66
13,2019-09-14,优,18,26,6,11,4,23,0.37,55
14,2019-09-15,优,17,14,6,10,4,27,0.47,42
15,2019-09-16,优,28,72,17,27,5,39,0.62,28
16,2019-09-17,优,32,87,18,29,4,32,0.6,46
17,2019-09-18,优,41,163,24,40,5,38,0.68,37
18,2019-09-19,优,28,58,16,27,4,30,0.57,50
19,2019-09-20,优,38,118,18,39,5,40,0.68,37
20,2019-09-21,良,51,230,24,53,6,46,0.68,40
21,2019-09-22,良,53,247,26,56,6,47,0.66,58
22,2019-09-23,良,56,216,28,62,6,52,0.7,52
23,2019-09-24,良,56,167,27,61,7,53,0.69,34
24,2019-09-25,良,57,167,28,64,8,55,0.7,52
25,2019-09-26,良,64,224,38,78,8,58,0.77,58
26,2019-09-27,良,66,239,38,82,7,59,0.82,55
27,2019-09-28,良,63,173,33,77,7,57,0.76,54
28,2019-09-29,良,68,206,38,86,8,63,0.8,48
29,2019-09-30,良,81,290,51,111,8,69,0.92,58
0,2019-08-06,优,31,92,11,24,3,27,0.51,58
1,2019-08-07,良,57,278,15,33,3,28,0.54,81
2,2019-08-08,良,62,318,28,60,3,38,0.64,72
3,2019-08-09,优,41,169,15,41,3,26,0.52,60
4,2019-08-10,良,64,329,15,45,3,32,0.47,84
5,2019-08-11,良,80,356,21,63,4,39,0.51,92
6,2019-08-21,优,29,67,14,29,4,21,0.6,69
7,2019-08-22,良,52,206,31,56,4,31,0.8,47
8,2019-08-23,良,68,318,46,81,5,31,1.14,66
9,2019-08-24,良,84,359,52,100,5,34,1.2,107
10,2019-08-25,良,77,349,55,91,5,25,1.34,101
11,2019-08-26,良,74,340,52,90,5,24,1.3,82
12,2019-08-27,优,24,47,10,18,4,21,0.6,67
13,2019-08-28,优,40,217,19,40,5,37,0.7,57
0,2019-07-01,良,69,294,18,48,5,47,0.54,86
1,2019-07-02,良,78,294,27,65,6,52,0.62,98
2,2019-07-03,良,71,274,29,63,4,47,0.64,85
3,2019-07-04,良,59,225,16,34,3,26,0.46,90
4,2019-07-05,良,60,217,16,39,4,31,0.46,98
5,2019-07-06,良,70,315,14,57,4,34,0.34,98
6,2019-07-07,良,78,351,16,57,6,46,0.42,102
7,2019-07-12,优,43,213,19,36,4,24,0.56,92
8,2019-07-13,良,71,318,19,48,5,36,0.55,120
9,2019-07-14,良,72,336,25,58,5,40,0.6,114
10,2019-07-15,优,44,198,23,44,5,24,0.57,107
11,2019-07-16,优,42,199,25,43,4,25,0.63,84
12,2019-07-17,优,38,159,24,34,4,23,0.7,68
13,2019-07-18,优,33,148,18,33,4,24,0.71,59
14,2019-07-19,优,46,261,24,47,3,21,0.81,64
15,2019-07-20,优,42,217,12,32,4,23,0.58,88
16,2019-07-21,良,59,282,32,66,3,36,0.8,80
17,2019-07-22,优,41,195,21,42,3,22,0.6,63
18,2019-07-23,良,59,329,23,68,4,35,0.55,74
19,2019-07-24,良,68,334,28,86,5,38,0.5,60
20,2019-07-25,良,70,352,28,69,5,43,0.52,77
21,2019-07-26,良,67,323,28,71,4,40,0.58,86
0,2019-06-01,良,56,156,22,60,4,30,0.44,93
1,2019-06-02,良,73,230,29,92,5,35,0.41,87
2,2019-06-03,良,67,226,25,64,5,42,0.47,87
3,2019-06-04,良,97,326,34,91,7,43,0.56,119
4,2019-06-05,优,38,64,17,26,3,21,0.48,65
5,2019-06-06,良,60,270,21,42,3,36,0.64,79
6,2019-06-07,良,76,310,25,55,4,43,0.69,100
7,2019-06-08,良,89,341,30,67,5,43,0.74,112
8,2019-06-09,良,89,328,31,68,4,41,0.68,120
9,2019-06-10,良,90,338,29,74,5,47,0.63,105
10,2019-06-11,良,61,255,26,66,4,45,0.57,85
11,2019-06-14,优,42,201,20,40,4,24,0.41,132
12,2019-06-15,优,39,142,19,39,4,25,0.47,81
13,2019-06-17,优,49,248,24,52,5,39,0.59,75
14,2019-06-18,良,63,305,25,53,5,38,0.61,106
15,2019-06-19,良,51,282,29,54,4,41,0.67,60
16,2019-06-20,优,25,78,13,18,3,17,0.64,70
17,2019-06-25,良,80,301,34,61,3,33,0.68,102
18,2019-06-26,良,75,297,40,72,4,37,0.72,95
19,2019-06-27,良,58,226,38,55,3,21,0.84,86
20,2019-06-28,优,37,97,6,15,3,18,0.43,66
21,2019-06-29,优,49,214,15,49,4,38,0.51,40
22,2019-06-30,良,62,292,18,52,5,38,0.55,72
0,2019-05-01,良,95,340,38,138,8,44,0.58,55
1,2019-05-02,良,67,202,35,82,7,37,0.57,79
2,2019-05-03,良,71,206,38,91,6,51,0.69,55
3,2019-05-04,良,73,222,43,84,5,44,0.73,63
4,2019-05-05,良,73,234,43,91,6,48,0.8,66
5,2019-05-06,良,59,234,24,67,4,31,0.6,68
6,2019-05-07,优,47,126,27,47,4,30,0.57,62
7,2019-05-08,良,51,144,26,42,3,29,0.6,67
8,2019-05-09,良,53,143,14,39,4,41,0.6,67
9,2019-05-10,良,53,102,17,49,4,43,0.56,62
10,2019-05-11,良,60,102,17,49,4,41,0.5,78
11,2019-05-12,严重污染,306,349,165,576,4,41,0.45,45
12,2019-05-13,严重污染,368,357,168,475,6,37,0.46,60
13,2019-05-14,中度污染,197,360,106,330,8,70,0.83,18
14,2019-05-15,轻度污染,109,317,55,166,5,48,0.71,52
15,2019-05-16,良,88,280,45,124,5,58,0.72,21
16,2019-05-17,良,70,271,38,82,4,37,0.65,73
17,2019-05-18,良,86,333,49,120,5,67,0.84,49
18,2019-05-19,良,80,298,27,108,3,25,0.47,72
19,2019-05-20,良,70,273,24,86,5,41,0.44,66
20,2019-05-21,良,74,259,28,84,5,54,0.53,65
21,2019-05-22,良,77,243,23,70,5,60,0.51,82
22,2019-05-23,良,70,169,28,76,6,59,0.57,70
23,2019-05-24,良,80,218,27,70,6,57,0.55,90
24,2019-05-25,良,88,274,32,72,5,42,0.62,104
25,2019-05-26,良,91,330,33,130,5,30,0.48,85
26,2019-05-27,良,64,302,19,80,3,19,0.37,73
27,2019-05-28,优,32,43,15,25,2,27,0.5,54
28,2019-05-29,优,36,67,16,33,3,29,0.5,52
29,2019-05-30,优,47,127,13,38,4,31,0.54,70
30,2019-05-31,良,68,282,24,60,6,45,0.6,82
0,2019-04-01,良,97,348,62,143,12,67,0.9,59
1,2019-04-02,轻度污染,107,347,51,162,10,65,0.86,38
2,2019-04-03,良,80,291,43,105,8,45,0.74,67
3,2019-04-04,良,63,184,28,73,6,49,0.64,71
4,2019-04-05,良,71,208,33,86,7,56,0.73,62
5,2019-04-06,良,75,225,34,96,7,54,0.68,62
6,2019-04-07,轻度污染,112,324,62,171,10,58,0.87,70
7,2019-04-08,轻度污染,144,351,88,236,11,48,1.11,86
8,2019-04-09,良,61,302,31,72,4,26,0.79,47
9,2019-04-10,良,73,330,52,86,4,41,1.09,16
10,2019-04-11,良,73,299,49,89,4,41,0.97,51
11,2019-04-12,良,77,257,52,99,5,46,0.84,39
12,2019-04-13,良,60,191,39,65,3,44,0.85,32
13,2019-04-14,良,60,220,26,68,6,40,0.65,54
14,2019-04-15,良,72,270,35,91,7,54,0.67,44
15,2019-04-16,良,75,274,29,105,4,44,0.52,47
16,2019-04-17,轻度污染,105,333,58,158,7,72,0.81,46
17,2019-04-18,轻度污染,102,300,50,140,9,65,1.03,77
18,2019-04-19,轻度污染,117,349,53,183,7,28,0.77,94
19,2019-04-20,良,56,144,31,63,4,30,0.71,46
20,2019-04-21,良,54,149,33,56,3,34,0.8,37
21,2019-04-22,良,60,196,38,64,4,28,1.13,69
22,2019-04-23,良,68,255,41,80,4,42,1.15,72
23,2019-04-24,良,98,308,45,140,5,51,1.04,67
24,2019-04-25,轻度污染,147,354,60,243,6,45,0.7,58
25,2019-04-26,良,73,309,46,82,4,30,0.72,40
26,2019-04-27,良,54,173,32,56,4,30,0.67,36
27,2019-04-28,良,70,305,50,62,3,34,0.69,29
28,2019-04-29,优,42,107,19,41,3,39,0.8,56
29,2019-04-30,良,73,262,21,93,5,33,0.47,70
0,2019-03-01,良,92,211,67,123,8,50,1.07,40
1,2019-03-02,良,54,145,37,57,5,36,0.78,40
2,2019-03-03,良,60,161,40,67,6,54,1.01,33
3,2019-03-04,良,88,218,63,119,8,67,1.23,31
4,2019-03-05,良,89,213,62,125,8,66,1.19,39
5,2019-03-06,良,94,266,65,128,13,67,1.13,49
6,2019-03-07,良,90,314,51,128,7,42,0.66,67
7,2019-03-08,良,70,225,39,88,8,46,0.61,54
8,2019-03-09,良,94,311,63,130,8,66,0.92,41
9,2019-03-10,良,77,233,40,104,6,60,0.77,35
10,2019-03-11,良,63,162,25,75,5,46,0.62,37
11,2019-03-12,良,64,163,28,76,6,50,0.59,42
12,2019-03-13,良,68,201,37,83,14,52,0.81,32
13,2019-03-14,良,58,171,30,64,6,47,0.61,48
14,2019-03-15,良,66,264,31,81,7,59,0.61,37
15,2019-03-16,良,81,326,46,110,8,74,0.72,32
16,2019-03-17,良,89,300,55,126,14,73,0.89,35
17,2019-03-18,良,65,182,32,78,5,46,0.59,52
18,2019-03-19,良,76,230,37,99,6,59,0.68,40
19,2019-03-20,轻度污染,137,333,49,188,6,43,0.62,60
20,2019-03-21,轻度污染,116,346,34,180,3,22,0.36,66
21,2019-03-22,良,80,345,33,107,5,57,0.55,30
22,2019-03-23,良,81,339,37,111,7,58,0.62,42
23,2019-03-24,良,85,300,45,117,9,74,0.69,33
24,2019-03-25,良,88,315,44,124,7,74,0.77,38
25,2019-03-26,轻度污染,106,329,59,159,11,78,0.94,45
26,2019-03-27,良,96,303,50,140,8,68,0.83,45
27,2019-03-28,轻度污染,103,329,45,154,6,68,0.74,45
28,2019-03-29,轻度污染,104,340,44,157,6,57,0.64,40
29,2019-03-30,良,73,243,18,94,5,30,0.44,69
30,2019-03-31,良,77,331,43,101,11,53,0.67,53
0,2019-02-01,良,77,199,54,88,8,36,1.02,35
1,2019-02-02,轻度污染,135,325,82,168,9,36,1.03,41
2,2019-02-03,良,91,207,33,130,7,23,0.53,53
3,2019-02-04,良,88,204,60,111,14,38,0.95,45
4,2019-02-05,严重污染,266,348,216,268,31,49,1.46,42
5,2019-02-06,重度污染,215,345,169,209,19,44,1.46,51
6,2019-02-07,中度污染,152,353,107,191,9,27,1.27,37
7,2019-02-08,轻度污染,107,353,80,112,8,26,1.13,27
8,2019-02-09,轻度污染,134,328,101,141,14,32,1.47,18
9,2019-02-10,轻度污染,126,325,94,109,8,29,1.27,40
10,2019-02-11,重度污染,212,363,162,176,7,35,1.61,39
11,2019-02-12,重度污染,236,364,185,204,8,44,1.69,46
12,2019-02-13,中度污染,161,342,122,140,6,29,1.21,30
13,2019-02-14,轻度污染,118,328,88,98,5,33,1.3,23
14,2019-02-15,轻度污染,133,342,100,138,8,40,1.42,27
15,2019-02-16,良,97,319,71,113,15,41,1.11,31
16,2019-02-17,中度污染,176,360,132,171,10,45,1.41,20
17,2019-02-18,重度污染,201,364,151,184,6,41,1.56,19
18,2019-02-19,中度污染,188,350,141,174,8,46,1.6,32
19,2019-02-20,重度污染,214,329,163,216,11,55,1.68,37
20,2019-02-21,中度污染,172,310,131,182,11,57,1.45,31
21,2019-02-22,轻度污染,135,289,102,152,7,54,1.4,33
22,2019-02-23,轻度污染,146,281,111,162,11,66,1.47,45
23,2019-02-24,中度污染,193,334,145,210,15,71,1.56,55
24,2019-02-25,中度污染,162,314,122,178,10,64,1.43,60
25,2019-02-26,良,84,221,61,97,5,39,0.9,59
26,2019-02-27,良,96,264,70,114,5,43,1.03,49
27,2019-02-28,轻度污染,111,273,83,145,7,58,1.2,33
0,2019-01-01,重度污染,209,364,160,200,15,68,1.77,12
1,2019-01-02,严重污染,272,366,221,262,16,82,2.24,13
2,2019-01-03,严重污染,337,366,286,330,12,80,2.36,17
3,2019-01-04,严重污染,299,360,248,298,16,75,2.17,16
4,2019-01-05,严重污染,260,351,209,253,16,75,2.07,17
5,2019-01-06,严重污染,343,366,292,335,11,73,2.38,9
6,2019-01-07,重度污染,239,338,198,256,13,64,1.93,19
7,2019-01-08,轻度污染,126,285,95,145,19,71,1.45,14
8,2019-01-09,中度污染,187,359,144,192,17,62,1.47,19
9,2019-01-10,中度污染,195,353,149,176,13,57,1.43,11
10,2019-01-11,重度污染,231,344,180,216,9,72,1.95,11
11,2019-01-12,严重污染,262,345,211,255,11,83,2.2,13
12,2019-01-13,严重污染,286,346,235,278,17,96,2.59,10
13,2019-01-14,严重污染,279,347,230,273,18,93,2.16,17
14,2019-01-15,良,82,203,40,93,11,42,0.77,37
15,2019-01-16,良,65,193,33,77,16,51,0.94,17
16,2019-01-17,良,99,285,73,121,17,69,1.21,19
17,2019-01-18,轻度污染,146,318,111,161,18,82,1.53,10
18,2019-01-19,轻度污染,114,254,81,133,16,66,1.3,24
19,2019-01-20,良,84,229,57,106,17,60,1.03,22
20,2019-01-21,良,64,150,36,76,12,50,0.78,30
21,2019-01-22,良,92,215,67,111,16,82,1.2,18
22,2019-01-23,轻度污染,123,303,92,141,22,82,1.54,25
23,2019-01-24,重度污染,203,356,153,211,29,96,2.0,7
24,2019-01-25,轻度污染,114,255,74,139,19,57,1.11,23
25,2019-01-26,轻度污染,137,315,104,146,21,58,1.3,22
26,2019-01-27,中度污染,182,344,140,179,21,63,1.47,14
27,2019-01-28,中度污染,158,325,120,156,19,63,1.42,22
28,2019-01-29,轻度污染,147,306,111,150,20,66,1.33,34
29,2019-01-30,轻度污染,131,287,99,125,13,60,1.25,21
30,2019-01-31,良,64,247,37,65,4,26,0.76,36
0,2018-12-01,重度污染,248,339,199,316,20,85,2.16,10
1,2018-12-02,严重污染,300,350,199,372,13,62,2.1,8
2,2018-12-03,严重污染,400,362,100,568,13,39,0.83,24
3,2018-12-04,重度污染,225,363,78,353,17,39,0.84,28
4,2018-12-05,轻度污染,141,357,86,228,15,45,1.24,14
5,2018-12-06,轻度污染,115,356,73,168,12,45,1.22,17
6,2018-12-07,良,60,310,24,67,14,31,0.87,28
7,2018-12-08,良,56,268,24,60,15,28,0.78,30
8,2018-12-09,良,79,304,56,82,21,44,1.06,19
9,2018-12-10,中度污染,153,354,116,151,20,60,1.56,8
10,2018-12-11,轻度污染,105,298,67,120,16,50,1.15,22
11,2018-12-12,良,89,231,63,113,22,62,1.3,13
12,2018-12-13,轻度污染,127,301,96,151,23,83,1.57,10
13,2018-12-14,中度污染,161,348,121,176,32,82,1.94,7
14,2018-12-15,轻度污染,133,307,95,154,26,69,1.69,18
15,2018-12-16,良,84,179,55,112,16,70,1.32,19
16,2018-12-17,轻度污染,101,254,72,131,20,89,1.5,15
17,2018-12-18,中度污染,157,341,119,188,24,102,1.82,11
18,2018-12-19,重度污染,215,345,165,241,33,109,2.15,9
19,2018-12-20,重度污染,228,355,177,245,41,99,2.61,14
20,2018-12-21,轻度污染,142,321,107,176,23,73,1.63,9
21,2018-12-28,良,68,324,36,69,9,31,0.81,32
22,2018-12-29,良,60,240,41,66,10,40,0.75,24
23,2018-12-30,良,100,336,74,116,22,57,1.28,12
24,2018-12-31,轻度污染,135,350,101,145,17,61,1.36,13
0,2018-11-01,轻度污染,123,356,86,164,16,79,1.35,38
1,2018-11-02,良,92,299,62,119,13,59,1.12,69
2,2018-11-03,良,95,312,67,115,14,62,1.12,55
3,2018-11-04,良,65,231,27,76,9,36,0.77,30
4,2018-11-05,优,46,156,28,48,8,41,0.84,12
5,2018-11-06,优,29,57,19,26,7,35,0.81,24
6,2018-11-07,优,40,153,25,37,8,43,0.93,21
7,2018-11-08,良,59,263,37,60,9,60,1.17,15
8,2018-11-09,良,95,341,70,106,10,69,1.32,17
9,2018-11-10,轻度污染,128,359,96,145,11,70,1.6,5
10,2018-11-11,轻度污染,105,348,78,112,9,60,1.44,10
11,2018-11-12,轻度污染,128,333,96,146,10,68,1.52,17
12,2018-11-13,中度污染,171,352,129,179,10,71,1.67,12
13,2018-11-14,中度污染,187,351,140,198,11,68,1.78,6
14,2018-11-15,良,97,304,55,123,9,40,1.04,10
15,2018-11-16,优,49,256,25,52,8,33,0.77,18
16,2018-11-17,优,41,165,27,38,9,35,0.81,25
17,2018-11-18,良,59,222,31,66,11,42,0.95,29
18,2018-11-19,良,83,287,56,111,13,68,1.3,11
19,2018-11-20,轻度污染,109,322,81,134,13,61,1.47,5
20,2018-11-21,良,71,270,37,83,12,49,1.01,25
21,2018-11-22,良,84,287,56,112,14,73,1.27,10
22,2018-11-23,轻度污染,120,335,90,144,15,86,1.53,11
23,2018-11-24,中度污染,182,346,137,192,18,97,1.8,10
24,2018-11-25,中度污染,175,314,133,185,16,92,1.73,12
25,2018-11-26,严重污染,327,348,125,449,14,68,1.4,15
26,2018-11-27,严重污染,408,361,130,526,21,70,1.43,7
27,2018-11-28,中度污染,183,294,114,312,21,81,1.62,11
28,2018-11-29,中度污染,194,324,146,300,26,93,1.94,10
29,2018-11-30,重度污染,247,354,196,355,25,95,2.08,13
0,2018-10-01,优,46,162,15,46,11,52,0.74,43
1,2018-10-02,良,56,180,24,62,11,65,0.85,36
2,2018-10-03,良,60,158,28,69,11,68,0.89,39
3,2018-10-04,良,67,206,38,81,13,64,1.05,46
4,2018-10-05,良,79,275,50,104,12,69,1.17,47
5,2018-10-06,良,72,234,36,92,10,57,0.98,35
6,2018-10-07,良,72,215,37,92,10,61,0.98,26
7,2018-10-08,良,87,284,56,120,10,60,1.14,30
8,2018-10-09,良,57,193,17,62,9,51,0.74,36
9,2018-10-10,良,60,262,20,68,10,64,0.76,30
10,2018-10-11,良,75,340,44,96,13,68,0.99,31
11,2018-10-12,良,96,360,69,124,14,72,1.25,44
12,2018-10-13,良,78,296,49,103,11,67,1.2,30
13,2018-10-14,良,93,335,69,97,8,47,1.2,43
14,2018-10-15,良,85,319,62,104,8,64,1.2,33
15,2018-10-16,良,92,319,66,116,10,73,1.22,23
16,2018-10-17,轻度污染,102,338,71,135,10,53,1.24,45
17,2018-10-18,良,66,287,44,74,8,28,0.99,89
18,2018-10-19,良,52,193,34,51,8,28,0.83,74
19,2018-10-20,优,46,133,30,43,7,38,0.8,38
20,2018-10-21,良,66,236,47,61,7,48,1.01,17
21,2018-10-22,良,64,222,32,77,8,45,1.06,22
22,2018-10-23,良,88,335,48,124,12,63,1.18,26
23,2018-10-24,轻度污染,102,331,68,152,13,77,1.29,27
24,2018-10-25,良,78,265,40,103,9,62,1.03,28
25,2018-10-26,良,74,298,28,97,10,59,0.95,22
26,2018-10-27,良,78,332,42,103,11,69,1.13,18
27,2018-10-28,良,71,291,36,91,11,59,1.08,29
28,2018-10-29,良,65,247,30,80,11,59,1.05,29
29,2018-10-30,良,70,269,31,88,11,59,0.98,27
30,2018-10-31,良,80,296,42,109,11,73,1.04,20
0,2018-09-02,优,31,82,9,25,6,26,0.78,57
1,2018-09-03,良,53,236,13,42,7,32,0.69,92
2,2018-09-04,良,67,295,20,62,10,44,0.82,81
3,2018-09-05,优,39,101,11,27,6,27,0.69,69
4,2018-09-06,优,50,172,19,58,8,36,0.79,48
5,2018-09-07,优,49,244,12,50,8,40,0.61,52
6,2018-09-08,良,51,244,15,45,8,50,0.66,54
7,2018-09-09,良,64,298,27,68,10,50,0.84,69
8,2018-09-10,良,58,235,22,45,7,30,0.77,90
9,2018-09-11,良,62,255,25,54,10,41,0.8,80
10,2018-09-12,良,63,267,37,73,11,46,0.94,73
11,2018-09-13,良,58,255,34,64,8,47,0.91,58
12,2018-09-14,良,62,287,39,71,8,51,0.97,35
13,2018-09-15,优,36,97,16,38,7,30,0.8,27
14,2018-09-16,优,21,12,9,20,7,25,0.68,37
15,2018-09-17,优,35,148,20,35,7,43,0.82,19
16,2018-09-18,优,40,182,21,40,7,41,0.94,21
17,2018-09-19,优,26,51,12,24,7,40,1.15,18
18,2018-09-20,优,33,70,13,32,7,43,1.23,15
19,2018-09-21,优,50,197,18,48,8,42,0.95,53
20,2018-09-22,良,63,284,24,70,12,52,1.03,56
21,2018-09-23,良,70,308,34,83,15,59,1.2,56
22,2018-09-24,良,71,306,34,90,15,53,1.14,51
23,2018-09-25,优,40,138,23,40,7,31,0.98,46
24,2018-09-26,优,42,176,26,42,8,35,0.97,37
25,2018-09-27,良,52,232,31,57,7,43,1.13,14
26,2018-09-28,良,54,219,18,62,8,46,1.05,24
27,2018-09-29,良,65,271,23,79,9,55,0.9,30
28,2018-09-30,良,56,196,21,63,11,50,0.81,44
0,2018-08-01,良,51,182,24,50,6,30,0.91,61
1,2018-08-02,优,42,123,17,35,6,18,0.74,79
2,2018-08-03,良,70,286,36,62,6,25,0.91,107
3,2018-08-04,良,97,336,40,81,8,42,1.05,116
4,2018-08-05,良,96,355,42,86,8,41,0.98,118
5,2018-08-06,轻度污染,107,363,56,98,9,39,1.2,122
6,2018-08-07,良,92,348,36,73,7,33,1.05,121
7,2018-08-08,良,91,349,24,55,7,32,0.96,137
8,2018-08-09,良,73,293,23,56,8,28,0.9,95
9,2018-08-10,良,60,176,18,43,8,28,0.85,90
10,2018-08-11,良,65,205,24,55,9,34,0.82,92
11,2018-08-12,良,78,310,21,58,8,35,0.82,99
12,2018-08-13,良,78,340,32,73,8,36,0.96,98
13,2018-08-14,良,90,354,41,76,8,40,1.14,114
14,2018-08-15,良,83,349,47,88,8,46,1.24,92
15,2018-08-16,良,70,342,33,67,8,30,1.08,96
16,2018-08-17,良,53,249,26,52,8,31,1.02,82
17,2018-08-18,良,72,342,24,56,8,33,0.94,100
18,2018-08-19,良,70,341,26,61,11,39,0.95,90
19,2018-08-20,良,94,361,32,71,11,39,1.02,111
20,2018-08-21,良,66,278,25,55,8,28,0.91,94
21,2018-08-22,优,37,50,10,24,6,26,0.73,64
22,2018-08-23,良,54,154,20,42,7,40,0.85,82
23,2018-08-25,良,85,290,42,78,9,36,1.13,131
24,2018-08-27,良,91,312,39,75,9,35,0.95,137
25,2018-08-29,轻度污染,110,351,49,94,10,39,1.1,149
26,2018-08-31,良,84,358,39,83,9,23,1.03,136
0,2018-07-01,良,70,284,28,57,7,22,0.88,114
1,2018-07-02,良,69,293,41,57,5,22,0.94,112
2,2018-07-03,优,47,193,30,42,5,23,0.94,77
3,2018-07-04,优,35,79,14,21,5,24,1.07,69
4,2018-07-05,良,60,267,25,44,5,30,1.23,94
5,2018-07-06,良,83,319,44,79,6,41,1.22,95
6,2018-07-07,良,96,349,56,94,6,38,1.15,115
7,2018-07-08,良,54,273,36,55,5,29,1.05,70
8,2018-07-09,优,37,172,20,31,5,25,1.12,65
9,2018-07-10,优,35,122,20,34,6,20,1.26,46
10,2018-07-11,优,32,64,10,26,5,24,0.98,50
11,2018-07-12,良,51,244,22,51,6,42,1.06,57
12,2018-07-13,良,73,346,44,87,5,51,1.21,66
13,2018-07-14,良,65,314,34,68,5,34,1.03,64
14,2018-07-15,良,57,247,26,55,5,28,0.89,67
15,2018-07-16,良,61,288,27,65,6,32,0.9,75
16,2018-07-17,良,60,274,20,47,6,27,0.88,80
17,2018-07-18,优,48,173,18,47,6,26,0.77,50
18,2018-07-19,优,48,172,24,46,6,14,0.73,70
19,2018-07-20,良,53,189,25,49,6,19,0.74,78
20,2018-07-21,良,71,286,17,49,7,19,0.74,106
21,2018-07-22,良,69,280,32,67,6,26,0.85,92
22,2018-07-23,良,74,317,35,67,6,21,0.82,121
23,2018-07-24,良,71,313,21,55,7,28,0.77,101
24,2018-07-25,良,87,337,21,65,8,35,0.85,104
25,2018-07-26,良,63,259,22,66,6,37,0.91,62
26,2018-07-27,优,49,193,20,46,6,29,0.92,58
27,2018-07-28,良,55,207,22,49,6,23,0.87,81
28,2018-07-29,良,67,243,34,60,6,24,0.95,90
29,2018-07-30,良,68,262,31,60,6,28,0.99,90
30,2018-07-31,良,54,203,25,52,6,35,1.03,68
0,2018-06-01,良,86,237,43,96,9,32,0.94,137
1,2018-06-02,良,93,268,34,75,8,45,0.89,123
2,2018-06-03,良,89,246,34,97,10,47,0.88,103
3,2018-06-04,良,68,185,22,74,8,37,0.72,91
4,2018-06-05,良,83,263,28,85,11,61,0.86,88
5,2018-06-06,轻度污染,102,289,33,90,11,62,0.99,115
6,2018-06-07,良,91,274,33,130,9,27,0.75,95
7,2018-06-08,优,44,102,19,45,6,24,0.8,66
8,2018-06-09,良,51,165,16,36,7,32,0.83,82
9,2018-06-10,良,73,302,23,61,9,54,0.89,82
10,2018-06-11,良,87,294,25,67,11,53,0.93,96
11,2018-06-12,良,87,280,21,56,10,39,0.86,119
12,2018-06-13,良,86,295,27,75,10,50,0.96,101
13,2018-06-14,轻度污染,103,337,30,87,15,59,1.0,120
14,2018-06-15,良,80,246,31,73,11,47,0.95,99
15,2018-06-16,良,62,193,29,57,8,33,0.9,102
16,2018-06-17,良,86,288,44,77,8,38,1.1,98
17,2018-06-18,良,58,162,30,52,5,26,1.19,88
18,2018-06-19,良,66,289,23,44,6,32,1.12,103
19,2018-06-20,良,88,316,37,68,7,36,1.04,102
20,2018-06-21,良,65,231,22,44,6,21,0.81,113
21,2018-06-22,良,84,294,34,67,10,34,0.91,121
22,2018-06-23,良,94,301,36,74,11,38,0.91,126
23,2018-06-24,良,81,270,32,62,7,24,0.9,119
24,2018-06-25,良,61,243,41,66,5,28,1.17,71
25,2018-06-26,优,41,143,23,39,5,28,1.32,53
26,2018-06-27,良,53,235,23,51,5,40,1.21,58
27,2018-06-28,良,68,297,18,45,5,32,0.96,94
28,2018-06-29,良,96,333,40,89,8,47,1.19,117
29,2018-06-30,良,83,312,38,76,6,26,1.13,121
0,2018-05-01,良,94,292,41,137,11,46,0.84,74
1,2018-05-02,良,84,318,29,113,10,48,0.7,79
2,2018-05-03,良,91,351,45,127,17,64,0.91,72
3,2018-05-04,良,80,254,41,109,12,58,1.07,53
4,2018-05-05,良,87,301,38,121,11,43,1.02,47
5,2018-05-06,良,51,150,19,56,7,37,0.82,48
6,2018-05-07,良,59,189,24,59,7,39,0.9,86
7,2018-05-08,良,81,285,50,110,11,65,1.18,26
8,2018-05-09,良,84,260,56,115,11,53,1.28,53
9,2018-05-10,良,72,209,47,90,9,48,1.21,66
10,2018-05-11,良,55,112,18,57,7,32,0.89,78
11,2018-05-12,良,70,209,26,88,9,54,0.85,63
12,2018-05-13,良,88,266,40,123,12,68,1.12,69
13,2018-05-14,良,90,269,40,118,11,52,1.0,77
14,2018-05-15,良,87,289,35,82,9,37,0.92,112
15,2018-05-16,轻度污染,101,323,42,104,9,57,1.06,100
16,2018-05-17,轻度污染,106,357,50,156,8,46,0.96,63
17,2018-05-18,良,92,334,41,118,12,38,0.94,100
18,2018-05-19,良,62,227,35,63,6,26,1.16,83
19,2018-05-20,优,48,130,26,48,7,28,1.11,63
20,2018-05-21,良,64,288,34,80,6,31,1.08,43
21,2018-05-22,轻度污染,118,343,51,184,6,27,0.73,87
22,2018-05-23,良,86,248,40,120,12,62,0.94,56
23,2018-05-24,良,99,291,48,139,12,64,1.09,73
24,2018-05-25,良,90,278,39,107,11,47,1.1,94
25,2018-05-26,中度污染,162,324,74,237,7,37,0.84,58
26,2018-05-27,轻度污染,122,335,51,191,8,38,0.78,64
27,2018-05-28,良,94,243,39,137,10,66,0.95,47
28,2018-05-29,良,82,216,36,109,11,68,1.03,58
29,2018-05-30,良,81,245,38,109,15,72,1.06,61
30,2018-05-31,良,85,264,32,90,12,53,0.97,93
0,2018-04-01,轻度污染,123,293,48,195,12,52,0.94,68
1,2018-04-02,轻度污染,128,307,64,203,15,78,1.23,68
2,2018-04-03,轻度污染,138,306,83,222,23,77,1.44,83
3,2018-04-04,重度污染,244,343,48,352,10,28,1.18,70
4,2018-04-05,良,88,284,44,121,6,33,1.15,54
5,2018-04-05,良,88,284,44,121,6,33,1.15,54
6,2018-04-06,轻度污染,134,345,42,217,6,25,0.78,95
7,2018-04-07,良,85,280,41,119,14,65,1.1,42
8,2018-04-08,良,88,284,46,123,13,69,1.23,47
9,2018-04-09,轻度污染,109,317,71,162,17,86,1.44,51
10,2018-04-10,重度污染,235,336,97,328,16,77,1.3,46
11,2018-04-11,重度污染,218,356,120,359,23,81,1.37,20
12,2018-04-12,良,93,309,61,131,8,33,1.29,59
13,2018-04-13,优,43,72,17,36,6,29,0.93,58
14,2018-04-14,良,84,281,29,116,9,40,0.86,56
15,2018-04-15,良,93,263,38,134,10,60,0.97,52
16,2018-04-16,良,94,223,50,136,14,72,1.12,49
17,2018-04-17,轻度污染,105,253,61,158,16,81,1.29,62
18,2018-04-18,轻度污染,111,273,59,169,15,77,1.43,67
19,2018-04-19,良,96,240,41,137,11,52,1.15,84
20,2018-04-20,良,82,224,44,108,11,34,1.02,100
21,2018-04-21,良,75,290,41,83,9,45,1.11,71
22,2018-04-22,良,97,358,66,114,11,54,1.47,39
23,2018-04-23,良,66,302,44,74,11,40,1.47,56
24,2018-04-24,良,53,177,27,54,9,36,1.09,37
25,2018-04-25,优,35,26,16,33,8,38,0.84,53
26,2018-04-26,良,59,99,25,66,10,54,0.94,52
27,2018-04-27,良,74,193,32,97,13,71,1.05,57
28,2018-04-28,良,67,113,27,82,11,55,0.96,59
29,2018-04-29,良,71,137,28,79,12,54,0.94,72
30,2018-04-30,轻度污染,106,300,48,160,13,69,0.96,41
0,2018-03-01,轻度污染,130,349,86,180,18,53,1.44,54
1,2018-03-02,轻度污染,127,349,95,154,18,65,1.47,35
2,2018-03-03,重度污染,233,359,182,239,24,86,1.94,47
3,2018-03-04,轻度污染,110,327,63,137,14,56,1.21,40
4,2018-03-05,良,75,319,53,63,9,47,1.17,21
5,2018-03-06,良,69,280,47,65,8,35,1.14,38
6,2018-03-07,良,73,271,52,67,9,40,1.2,41
7,2018-03-08,良,92,318,63,115,14,53,1.38,39
8,2018-03-09,中度污染,184,361,138,197,15,75,1.64,40
9,2018-03-10,重度污染,232,360,181,257,23,100,2.1,34
10,2018-03-11,重度污染,231,349,181,262,20,86,2.02,59
11,2018-03-12,重度污染,232,357,181,263,20,93,2.01,55
12,2018-03-13,中度污染,154,337,116,190,18,89,1.88,55
13,2018-03-14,轻度污染,105,288,76,145,19,84,1.69,52
14,2018-03-15,中度污染,156,330,86,217,21,76,1.55,64
15,2018-03-16,重度污染,205,350,36,305,8,26,0.98,71
16,2018-03-17,良,73,266,42,76,8,40,1.15,42
17,2018-03-18,轻度污染,118,314,89,100,8,51,1.48,15
18,2018-03-19,轻度污染,121,309,91,113,10,58,1.76,13
19,2018-03-20,中度污染,156,346,118,146,12,57,1.63,46
20,2018-03-21,轻度污染,149,359,99,190,13,64,1.53,46
21,2018-03-22,轻度污染,117,339,76,164,13,66,1.28,52
22,2018-03-23,轻度污染,101,253,64,150,18,78,1.25,43
23,2018-03-24,轻度污染,130,320,97,184,25,78,1.57,60
24,2018-03-25,轻度污染,124,309,93,160,18,74,1.45,69
25,2018-03-26,轻度污染,132,324,87,190,17,82,1.58,54
26,2018-03-27,轻度污染,106,275,41,161,15,78,1.27,46
27,2018-03-28,轻度污染,104,280,53,155,16,82,1.4,48
28,2018-03-29,轻度污染,129,313,68,204,17,62,1.37,76
29,2018-03-30,轻度污染,111,316,69,169,14,44,1.26,98
30,2018-03-31,轻度污染,101,255,60,138,13,53,1.25,56
0,2018-02-01,轻度污染,105,274,76,123,25,75,1.7,27
1,2018-02-02,良,74,184,34,87,18,49,1.09,42
2,2018-02-03,良,69,243,43,84,22,64,1.33,26
3,2018-02-04,轻度污染,109,344,82,126,26,79,1.64,21
4,2018-02-05,轻度污染,115,352,86,126,26,79,1.67,33
5,2018-02-06,轻度污染,138,352,104,147,28,94,1.93,29
6,2018-02-07,中度污染,160,357,117,166,29,87,1.87,24
7,2018-02-08,轻度污染,124,314,92,163,34,76,1.75,25
8,2018-02-09,重度污染,212,328,105,277,28,61,1.43,40
9,2018-02-10,中度污染,183,354,50,262,13,33,0.81,62
10,2018-02-11,良,89,216,47,120,19,48,1.07,45
11,2018-02-12,良,86,254,56,113,23,59,1.29,39
12,2018-02-13,轻度污染,130,346,98,141,27,72,1.82,37
13,2018-02-14,中度污染,195,363,150,191,40,76,2.24,51
14,2018-02-15,轻度污染,129,318,92,167,30,39,1.52,64
15,2018-02-16,严重污染,287,359,237,303,47,46,1.98,76
16,2018-02-17,重度污染,246,360,195,240,43,46,2.33,64
17,2018-02-18,中度污染,195,346,154,190,28,39,2.02,52
18,2018-02-19,良,62,201,44,63,12,26,1.09,69
19,2018-02-20,良,82,258,59,76,16,32,1.29,43
20,2018-02-21,优,41,70,24,39,9,22,0.87,66
21,2018-02-22,良,51,146,30,52,12,45,1.07,50
22,2018-02-23,良,75,253,52,86,18,50,1.4,48
23,2018-02-24,良,92,312,33,131,15,39,0.95,58
24,2018-02-25,轻度污染,107,324,74,155,21,60,1.5,44
25,2018-02-26,中度污染,168,348,127,196,27,85,1.87,36
26,2018-02-27,轻度污染,130,310,96,136,21,70,1.76,32
27,2018-02-28,良,90,245,61,97,15,63,1.72,38
0,2018-01-01,严重污染,255,354,188,387,40,109,2.91,16
1,2018-01-02,严重污染,289,363,234,381,50,97,3.1,6
2,2018-01-03,中度污染,186,360,147,210,20,59,2.13,17
3,2018-01-04,轻度污染,103,336,77,84,11,36,1.33,30
4,2018-01-05,轻度污染,145,344,110,121,20,45,1.57,31
5,2018-01-06,中度污染,200,362,152,164,22,50,2.0,31
6,2018-01-07,轻度污染,144,324,110,126,24,44,1.92,48
7,2018-01-08,良,69,200,33,86,19,45,1.2,55
8,2018-01-09,良,87,330,59,97,22,69,1.45,34
9,2018-01-10,轻度污染,121,351,82,145,27,79,1.61,29
10,2018-01-11,轻度污染,150,354,114,174,32,98,1.92,18
11,2018-01-12,中度污染,184,360,139,190,36,96,2.25,21
12,2018-01-13,严重污染,279,365,228,276,41,108,2.73,9
13,2018-01-14,严重污染,324,364,273,314,37,108,2.88,21
14,2018-01-15,严重污染,343,364,292,346,37,112,3.23,14
15,2018-01-16,严重污染,262,344,211,282,33,101,2.81,24
16,2018-01-17,中度污染,197,312,146,249,30,80,2.13,24
17,2018-01-18,中度污染,182,296,137,221,35,91,2.38,10
18,2018-01-19,中度污染,200,283,151,234,31,99,2.44,16
19,2018-01-20,重度污染,234,322,183,255,32,105,2.53,21
20,2018-01-21,重度污染,241,335,190,244,33,99,2.5,23
21,2018-01-22,重度污染,239,354,188,249,30,104,2.66,13
22,2018-01-23,中度污染,174,351,134,199,21,69,2.01,21
23,2018-01-24,中度污染,178,363,134,167,19,58,1.88,10
24,2018-01-25,中度污染,187,367,141,158,12,49,1.52,29
25,2018-01-26,中度污染,154,360,116,127,20,45,1.44,45
26,2018-01-27,中度污染,168,361,127,146,19,53,1.51,38
27,2018-01-28,中度污染,165,343,125,156,20,53,1.55,40
28,2018-01-29,良,63,153,44,64,25,51,1.25,46
29,2018-01-30,良,72,138,51,72,21,55,1.27,50
30,2018-01-31,良,70,131,26,89,16,43,1.12,55
0,2017-12-01,中度污染,159,351,121,195,31,80,1.97,8
1,2017-12-02,重度污染,237,361,186,250,32,95,2.4,13
2,2017-12-03,中度污染,195,338,154,213,26,87,2.28,22
3,2017-12-04,轻度污染,136,303,96,145,22,74,1.77,21
4,2017-12-05,轻度污染,107,291,76,126,24,68,1.55,20
5,2017-12-06,轻度污染,126,305,94,147,31,76,1.63,17
6,2017-12-07,轻度污染,132,279,95,148,30,76,1.7,20
7,2017-12-08,良,62,129,30,71,17,59,0.99,26
8,2017-12-09,轻度污染,102,292,76,123,26,72,1.35,21
9,2017-12-10,良,96,239,59,139,23,71,1.42,27
10,2017-12-11,轻度污染,124,337,92,167,37,86,1.8,18
11,2017-12-12,轻度污染,147,354,109,184,39,78,1.85,13
12,2017-12-13,轻度污染,123,338,92,145,26,60,1.59,8
13,2017-12-14,中度污染,174,353,132,172,26,63,1.73,6
14,2017-12-15,中度污染,185,341,143,199,31,69,1.95,20
15,2017-12-16,良,75,234,44,95,20,53,1.26,29
16,2017-12-17,轻度污染,109,348,81,132,29,76,1.73,14
17,2017-12-18,轻度污染,116,345,85,131,28,66,1.61,26
18,2017-12-19,良,99,313,70,118,28,71,1.79,20
19,2017-12-20,轻度污染,103,314,74,119,31,75,1.7,21
20,2017-12-21,中度污染,159,354,121,177,38,102,2.19,10
21,2017-12-22,重度污染,231,362,181,246,44,116,2.65,12
22,2017-12-23,中度污染,195,327,148,223,33,91,2.21,24
23,2017-12-24,轻度污染,128,266,43,205,17,52,1.07,47
24,2017-12-25,轻度污染,132,337,96,210,35,81,1.8,12
25,2017-12-26,中度污染,189,355,142,232,41,93,2.22,12
26,2017-12-27,严重污染,262,365,212,296,44,111,3.01,12
27,2017-12-28,严重污染,355,363,304,385,46,124,3.6,11
28,2017-12-29,严重污染,340,346,118,513,24,62,1.59,25
29,2017-12-30,中度污染,179,278,66,277,21,56,1.44,28
30,2017-12-31,中度污染,190,304,116,326,32,79,2.16,13
0,2017-11-01,良,72,128,51,79,10,54,1.3,6
1,2017-11-02,良,73,106,40,93,10,60,1.44,22
2,2017-11-03,良,87,193,47,122,18,66,1.23,23
3,2017-11-04,轻度污染,107,315,77,138,15,66,1.29,31
4,2017-11-05,中度污染,171,359,129,204,18,86,1.72,18
5,2017-11-06,中度污染,187,350,142,235,19,91,2.01,23
6,2017-11-07,良,92,155,51,131,17,69,1.39,28
7,2017-11-08,轻度污染,131,285,98,183,22,88,1.74,19
8,2017-11-09,轻度污染,149,337,103,196,19,74,1.76,15
9,2017-11-10,良,64,145,22,79,12,52,1.01,22
10,2017-11-11,良,86,319,48,119,20,58,1.47,10
11,2017-11-12,轻度污染,122,358,92,166,23,66,1.89,11
12,2017-11-13,中度污染,174,364,132,220,18,88,2.13,14
13,2017-11-14,中度污染,182,364,137,204,22,79,2.28,13
14,2017-11-15,中度污染,177,361,134,195,27,79,2.32,15
15,2017-11-16,严重污染,260,365,209,281,26,99,2.64,6
16,2017-11-17,严重污染,292,364,241,323,29,97,2.78,6
17,2017-11-18,良,87,348,47,110,20,57,1.27,20
18,2017-11-19,良,81,298,58,97,21,55,1.24,14
19,2017-11-20,良,90,292,67,99,20,63,1.54,12
20,2017-11-21,轻度污染,110,305,76,128,22,64,1.46,22
21,2017-11-22,良,73,232,36,93,17,62,1.14,29
22,2017-11-23,良,85,322,54,109,23,72,1.5,21
23,2017-11-24,良,98,337,61,139,20,72,1.62,19
24,2017-11-25,轻度污染,113,329,78,145,23,80,1.77,18
25,2017-11-26,轻度污染,114,327,83,147,27,78,1.87,16
26,2017-11-27,中度污染,169,351,127,208,27,85,2.12,10
27,2017-11-28,轻度污染,140,301,102,166,25,76,1.77,23
28,2017-11-29,轻度污染,143,353,107,172,23,67,1.63,15
29,2017-11-30,中度污染,175,364,132,195,24,71,1.91,22
0,2017-10-01,良,84,328,61,101,9,48,1.51,11
1,2017-10-02,良,82,336,59,106,11,49,1.66,15
2,2017-10-03,优,23,14,9,17,6,23,0.9,41
3,2017-10-05,优,43,203,28,41,8,33,1.06,24
4,2017-10-06,良,65,292,45,74,9,42,1.25,16
5,2017-10-07,良,75,269,52,92,13,45,1.71,14
6,2017-10-08,良,84,296,60,112,13,44,2.19,6
7,2017-10-09,优,25,21,10,23,8,24,0.91,33
8,2017-10-10,优,24,40,8,18,7,30,0.85,36
9,2017-10-11,优,38,179,23,34,8,44,1.15,5
10,2017-10-12,优,33,113,19,32,8,48,1.1,27
11,2017-10-13,良,85,327,61,87,13,54,1.45,11
12,2017-10-14,良,97,329,72,111,14,54,1.68,8
13,2017-10-15,良,81,301,59,89,10,43,1.26,20
14,2017-10-16,良,69,279,48,78,9,40,1.24,23
15,2017-10-17,良,54,247,36,57,9,40,1.29,35
16,2017-10-18,良,75,302,51,87,9,50,1.54,26
17,2017-10-19,良,89,289,62,113,11,57,1.66,31
18,2017-10-20,轻度污染,110,306,80,152,13,68,1.96,25
19,2017-10-21,良,92,285,62,133,14,62,1.85,16
20,2017-10-22,良,94,293,59,135,14,63,1.9,7
21,2017-10-23,轻度污染,116,343,85,164,14,56,1.94,31
22,2017-10-24,良,82,239,56,101,10,38,1.31,40
23,2017-10-25,轻度污染,106,290,79,134,10,54,1.52,21
24,2017-10-26,良,83,200,50,107,12,54,1.47,28
25,2017-10-27,轻度污染,104,253,73,142,15,79,1.62,20
26,2017-10-28,轻度污染,106,283,67,142,15,63,1.37,14
27,2017-10-29,良,76,209,27,100,13,52,0.91,22
28,2017-10-30,良,74,247,47,96,14,60,1.09,13
29,2017-10-31,良,84,235,60,107,14,60,1.32,5
0,2017-09-01,良,83,337,58,97,9,45,1.52,42
1,2017-09-02,良,70,287,48,80,9,44,1.48,41
2,2017-09-03,良,53,204,33,55,8,38,1.09,41
3,2017-09-04,良,61,277,40,68,10,43,1.26,32
4,2017-09-05,优,50,207,31,53,9,44,1.22,28
5,2017-09-06,优,48,194,17,44,9,48,1.05,54
6,2017-09-07,良,66,277,29,73,11,55,1.08,64
7,2017-09-08,良,85,324,56,118,13,78,1.26,8
8,2017-09-09,优,29,28,14,26,6,33,0.99,54
9,2017-09-10,优,49,182,20,52,9,34,0.94,53
10,2017-09-11,良,73,307,31,94,13,54,1.06,56
11,2017-09-12,良,84,321,46,112,14,56,1.26,70
12,2017-09-13,良,61,174,31,67,9,29,0.89,100
13,2017-09-14,良,79,301,52,97,12,47,1.12,86
14,2017-09-15,良,97,346,70,126,14,54,1.27,65
15,2017-09-16,良,75,260,52,87,10,56,1.39,36
16,2017-09-17,良,63,177,43,71,8,46,1.39,62
17,2017-09-18,良,70,173,41,87,12,54,1.34,54
18,2017-09-19,良,60,153,30,69,11,54,1.14,35
19,2017-09-20,良,69,269,34,86,13,59,1.14,51
20,2017-09-21,良,93,322,53,120,13,68,1.21,73
21,2017-09-22,良,91,324,49,130,16,72,1.26,25
22,2017-09-23,轻度污染,120,358,83,186,22,75,1.68,57
23,2017-09-24,轻度污染,125,363,93,194,18,75,1.75,53
24,2017-09-25,良,60,245,39,71,6,36,1.2,37
25,2017-09-26,优,35,57,17,34,7,32,1.01,34
26,2017-09-27,优,35,83,18,34,6,37,1.02,33
27,2017-09-28,良,59,266,35,66,9,46,1.13,41
28,2017-09-29,良,91,332,63,129,12,67,1.57,38
29,2017-09-30,良,79,300,53,104,11,51,1.54,26
0,2017-08-01,轻度污染,108,353,72,115,6,41,1.51,118
1,2017-08-02,良,98,359,63,112,6,47,1.25,91
2,2017-08-03,良,97,352,43,94,8,55,1.05,94
3,2017-08-04,轻度污染,124,360,43,111,13,63,1.09,128
4,2017-08-05,轻度污染,108,355,56,115,9,52,1.18,113
5,2017-08-06,良,74,272,43,96,8,46,1.19,65
6,2017-08-07,优,48,131,26,46,5,25,1.03,63
7,2017-08-08,优,49,190,18,35,8,32,0.91,84
8,2017-08-09,良,70,308,24,73,11,42,0.92,91
9,2017-08-10,良,90,326,29,79,13,59,1.06,98
10,2017-08-11,轻度污染,102,334,37,97,13,61,1.06,94
11,2017-08-12,良,92,354,30,77,9,45,0.95,109
12,2017-08-13,良,60,276,27,56,7,29,0.98,88
13,2017-08-14,良,73,330,32,60,6,37,1.1,93
14,2017-08-15,良,100,356,54,104,8,53,1.27,101
15,2017-08-16,良,95,346,49,92,8,47,1.2,95
16,2017-08-17,良,76,326,40,76,9,36,1.08,104
17,2017-08-18,良,67,294,45,75,7,30,1.05,78
18,2017-08-19,良,71,326,47,83,6,39,1.36,52
19,2017-08-20,良,67,304,44,74,6,28,1.31,65
20,2017-08-21,优,42,90,15,35,7,25,1.02,70
21,2017-08-22,良,64,258,35,71,9,33,1.27,62
22,2017-08-23,良,66,294,22,56,12,34,0.98,122
23,2017-08-24,良,77,332,29,79,15,41,0.97,86
24,2017-08-25,良,58,282,27,68,11,47,1.01,46
25,2017-08-26,良,55,266,34,61,9,39,1.12,39
26,2017-08-27,良,68,316,38,79,10,30,1.3,63
27,2017-08-28,优,28,54,11,27,8,33,1.08,39
28,2017-08-29,优,29,55,12,23,6,27,1.04,50
29,2017-08-30,优,27,45,9,17,5,32,1.27,45
30,2017-08-31,优,47,202,16,39,8,43,1.3,62
0,2017-07-01,良,92,295,32,72,11,45,1.01,115
1,2017-07-02,轻度污染,106,321,47,96,10,49,1.13,126
2,2017-07-03,轻度污染,122,345,52,106,11,52,1.16,141
3,2017-07-04,轻度污染,114,352,53,115,11,54,1.24,120
4,2017-07-05,良,76,283,50,97,7,39,1.35,87
5,2017-07-06,优,50,180,24,53,5,29,1.12,67
6,2017-07-07,良,86,340,23,63,8,45,1.08,91
7,2017-07-08,良,69,277,28,75,12,66,1.15,75
8,2017-07-09,良,88,338,30,87,12,66,1.2,81
9,2017-07-10,轻度污染,109,352,40,112,13,66,1.21,113
10,2017-07-11,轻度污染,120,349,40,110,10,56,1.14,134
11,2017-07-12,良,100,331,32,85,8,39,1.0,121
12,2017-07-13,良,85,302,30,70,7,39,0.96,98
13,2017-07-14,良,89,329,21,68,7,38,0.92,102
14,2017-07-15,良,83,341,26,71,8,34,1.04,113
15,2017-07-16,良,72,301,36,69,6,27,1.27,110
16,2017-07-17,良,55,194,24,50,6,28,1.04,72
17,2017-07-18,良,63,234,19,50,6,32,1.06,75
18,2017-07-19,良,64,269,19,54,6,32,0.94,80
19,2017-07-20,良,82,323,27,63,6,32,0.98,97
20,2017-07-21,良,84,343,27,58,6,33,0.98,106
21,2017-07-22,良,70,285,24,61,5,34,1.04,82
22,2017-07-23,良,76,277,24,61,5,34,1.05,83
23,2017-07-24,良,80,298,19,60,7,34,0.9,93
24,2017-07-25,良,70,251,31,74,6,31,0.99,83
25,2017-07-26,良,83,307,41,76,5,25,1.13,104
26,2017-07-27,良,79,277,39,88,5,26,1.25,102
27,2017-07-28,优,38,46,17,36,5,23,1.08,56
28,2017-07-29,良,57,185,38,62,5,25,1.6,39
29,2017-07-30,良,76,268,30,55,5,31,1.44,94
30,2017-07-31,良,83,298,36,74,6,43,1.28,98
0,2017-06-01,良,84,267,40,90,9,50,1.12,100
1,2017-06-02,轻度污染,103,293,38,95,12,52,1.13,125
2,2017-06-03,良,96,318,58,131,11,52,1.27,64
3,2017-06-04,优,49,127,33,41,5,23,1.23,71
4,2017-06-05,优,42,90,19,26,5,25,1.11,79
5,2017-06-06,优,50,172,18,43,6,29,1.01,81
6,2017-06-07,良,52,128,16,52,8,31,0.97,85
7,2017-06-08,良,52,136,20,41,6,32,1.08,92
8,2017-06-09,良,52,158,28,57,8,44,1.18,34
9,2017-06-10,优,47,183,14,33,7,31,0.96,83
10,2017-06-11,良,58,226,25,65,9,55,1.1,51
11,2017-06-12,良,77,296,34,76,13,45,1.09,81
12,2017-06-13,良,73,276,31,65,9,30,0.9,112
13,2017-06-14,良,82,274,46,83,8,26,0.99,122
14,2017-06-15,良,89,259,35,79,10,48,1.02,133
15,2017-06-16,良,96,262,40,82,11,50,1.01,109
16,2017-06-17,良,93,248,54,99,11,45,1.13,118
17,2017-06-18,良,99,296,49,94,12,44,1.06,117
18,2017-06-19,良,92,322,44,101,12,43,1.02,108
19,2017-06-20,良,79,294,25,62,9,33,0.89,116
20,2017-06-21,良,82,293,37,86,12,50,1.03,91
21,2017-06-22,良,74,311,27,66,10,34,0.97,104
22,2017-06-23,良,88,342,41,97,10,45,1.06,87
23,2017-06-24,良,77,314,19,73,13,42,0.86,88
24,2017-06-25,良,96,336,25,75,15,52,0.98,113
25,2017-06-26,轻度污染,104,330,29,75,14,55,1.0,127
26,2017-06-27,轻度污染,105,307,42,92,13,55,1.09,118
27,2017-06-28,良,90,289,35,71,10,36,0.98,119
28,2017-06-29,良,70,228,32,65,8,30,0.93,103
29,2017-06-30,良,74,254,25,55,9,42,1.01,99
0,2017-05-01,良,98,287,45,121,16,56,1.3,106
1,2017-05-02,良,72,198,34,91,9,31,1.06,98
2,2017-05-03,优,50,109,24,53,6,31,1.08,60
3,2017-05-04,轻度污染,105,277,42,157,10,43,1.15,57
4,2017-05-05,严重污染,324,344,179,589,10,49,1.05,47
5,2017-05-06,严重污染,254,328,135,372,13,60,1.05,50
6,2017-05-07,轻度污染,130,264,74,207,15,61,1.12,39
7,2017-05-08,良,78,225,43,99,11,49,1.02,71
8,2017-05-09,良,81,277,41,106,15,76,1.21,63
9,2017-05-10,良,83,281,39,113,16,63,1.18,57
10,2017-05-11,良,72,188,35,88,14,55,1.0,66
11,2017-05-12,良,79,251,34,93,15,66,1.04,66
12,2017-05-13,良,91,308,41,105,16,73,1.13,82
13,2017-05-14,良,66,188,34,81,12,52,0.96,64
14,2017-05-15,良,56,162,31,60,11,47,0.99,51
15,2017-05-16,良,58,150,21,54,9,43,0.93,71
16,2017-05-17,良,80,231,29,87,14,72,1.09,69
17,2017-05-18,良,75,158,38,98,15,74,1.21,39
18,2017-05-19,良,72,162,33,79,13,52,1.04,75
19,2017-05-20,良,72,197,37,79,11,41,1.01,85
20,2017-05-20,良,72,197,37,79,11,41,1.01,85
21,2017-05-21,良,90,279,60,108,10,42,1.18,112
22,2017-05-22,良,99,312,54,139,10,41,1.15,45
23,2017-05-23,良,61,283,21,50,9,31,0.85,106
24,2017-05-24,良,70,284,27,62,14,51,0.94,80
25,2017-05-25,良,68,207,20,58,14,58,0.91,82
26,2017-05-26,良,77,231,24,66,13,67,1.02,84
27,2017-05-27,良,78,168,26,64,12,63,0.97,89
28,2017-05-28,良,89,199,33,72,13,62,1.04,96
29,2017-05-29,良,70,121,40,87,14,65,1.2,39
30,2017-05-30,良,68,166,29,57,9,35,1.02,88
31,2017-05-31,良,75,192,34,83,10,60,1.15,88
0,2017-04-01,良,63,144,31,74,16,64,1.12,50
1,2017-04-02,良,100,307,66,142,29,84,1.53,36
2,2017-04-03,轻度污染,101,303,75,139,20,79,1.62,25
3,2017-04-04,良,91,265,66,113,15,49,1.39,52
4,2017-04-05,轻度污染,102,287,76,124,13,49,1.49,41
5,2017-04-06,轻度污染,106,279,76,155,15,58,1.65,58
6,2017-04-07,轻度污染,104,284,76,140,15,54,1.55,42
7,2017-04-08,良,66,194,41,80,11,46,1.3,32
8,2017-04-09,优,35,48,22,33,7,32,1.11,47
9,2017-04-10,优,43,99,27,41,8,43,1.39,33
10,2017-04-11,良,61,202,36,68,11,50,1.42,45
11,2017-04-12,良,63,161,30,74,13,61,1.22,50
12,2017-04-13,良,68,163,27,83,14,53,1.06,61
13,2017-04-14,良,91,310,46,130,18,76,1.39,51
14,2017-04-15,良,96,282,53,140,19,71,1.4,42
15,2017-04-16,良,51,53,24,57,9,37,1.0,56
16,2017-04-17,良,99,273,37,146,12,51,1.19,52
17,2017-04-18,严重污染,295,359,97,417,12,51,1.12,55
18,2017-04-19,轻度污染,136,355,64,216,13,50,1.14,36
19,2017-04-20,良,77,248,28,103,10,42,0.83,52
20,2017-04-21,良,97,350,39,143,10,48,0.8,54
21,2017-04-22,良,76,264,46,101,16,69,1.04,47
22,2017-04-23,良,94,337,49,137,16,88,1.47,36
23,2017-04-23,良,94,337,49,137,16,88,1.47,36
24,2017-04-24,良,93,314,52,133,19,77,1.55,61
25,2017-04-25,良,71,235,47,89,10,50,1.3,75
26,2017-04-26,良,77,321,47,100,16,50,1.25,52
27,2017-04-27,良,84,339,50,108,15,64,1.38,60
28,2017-04-28,良,74,233,36,90,15,73,1.21,59
29,2017-04-29,良,81,214,39,104,16,87,1.33,56
30,2017-04-30,良,96,281,54,136,20,82,1.45,71
0,2017-03-01,良,77,172,31,99,14,41,1.08,64
1,2017-03-02,良,75,241,44,97,26,69,1.36,33
2,2017-03-03,良,100,325,68,136,29,76,1.53,40
3,2017-03-04,轻度污染,137,315,101,191,43,92,1.88,33
4,2017-03-05,轻度污染,144,329,103,186,35,83,1.77,30
5,2017-03-06,良,65,202,34,80,22,60,1.17,42
6,2017-03-07,良,89,302,61,123,30,79,1.53,29
7,2017-03-08,良,77,263,48,102,27,63,1.31,40
8,2017-03-09,良,89,269,63,123,37,66,1.5,43
9,2017-03-10,轻度污染,125,333,93,174,55,86,1.94,25
10,2017-03-11,轻度污染,147,327,111,165,38,67,1.74,36
11,2017-03-12,良,88,282,64,84,15,45,1.5,33
12,2017-03-13,优,44,103,30,39,9,36,1.16,47
13,2017-03-14,良,82,303,60,72,14,45,1.34,38
14,2017-03-15,良,79,272,57,76,15,45,1.3,42
15,2017-03-16,轻度污染,113,336,84,101,15,52,1.41,45
16,2017-03-17,轻度污染,104,289,77,106,18,55,1.47,40
17,2017-03-18,轻度污染,135,319,101,151,20,75,1.87,28
18,2017-03-19,轻度污染,142,333,106,155,20,66,1.68,41
19,2017-03-20,轻度污染,137,352,104,131,15,62,1.47,50
20,2017-03-21,轻度污染,119,329,89,129,15,54,1.57,45
21,2017-03-22,良,69,235,48,66,10,35,1.22,82
22,2017-03-23,轻度污染,108,326,80,100,10,44,1.39,34
23,2017-03-24,轻度污染,115,327,50,168,16,54,1.34,33
24,2017-03-25,良,91,292,36,130,16,53,1.0,51
25,2017-03-26,良,80,243,40,109,17,67,1.13,43
26,2017-03-27,轻度污染,102,325,63,152,25,77,1.46,38
27,2017-03-28,轻度污染,115,339,74,167,22,77,1.57,45
28,2017-03-29,轻度污染,146,354,106,188,25,78,1.57,27
29,2017-03-30,良,62,140,40,71,12,42,1.14,54
30,2017-03-31,良,62,185,33,70,16,52,1.15,53
0,2017-02-01,重度污染,204,360,154,223,33,49,2.3,32
1,2017-02-02,中度污染,190,351,143,197,38,47,2.16,42
2,2017-02-03,严重污染,258,358,207,268,45,70,2.74,34
3,2017-02-04,严重污染,282,356,231,289,40,80,3.01,36
4,2017-02-05,严重污染,291,353,240,309,51,83,3.3,41
5,2017-02-06,严重污染,308,365,257,341,34,61,2.77,37
6,2017-02-07,中度污染,159,356,121,167,19,44,1.82,30
7,2017-02-08,良,57,201,28,64,15,30,1.17,52
8,2017-02-09,良,57,156,34,64,19,54,1.45,36
9,2017-02-10,良,73,215,51,83,24,64,1.58,33
10,2017-02-11,轻度污染,112,311,84,125,29,78,1.74,32
11,2017-02-12,重度污染,204,346,155,218,40,88,2.25,31
12,2017-02-13,重度污染,239,358,188,262,51,94,2.63,32
13,2017-02-14,严重污染,261,355,210,282,44,96,2.63,43
14,2017-02-15,严重污染,296,360,245,339,39,110,2.83,31
15,2017-02-16,重度污染,213,345,165,253,27,84,2.25,39
16,2017-02-17,轻度污染,138,317,97,204,36,67,1.66,43
17,2017-02-18,重度污染,206,355,156,274,36,99,2.17,28
18,2017-02-19,严重污染,253,359,203,320,39,122,2.6,37
19,2017-02-20,中度污染,178,349,93,274,26,61,1.72,39
20,2017-02-21,良,87,316,48,110,14,39,1.42,41
21,2017-02-22,轻度污染,102,304,65,134,22,57,1.75,32
22,2017-02-23,良,67,206,28,83,18,49,1.24,54
23,2017-02-24,良,83,247,55,112,26,75,1.6,30
24,2017-02-25,良,99,272,73,124,28,77,1.63,34
25,2017-02-26,轻度污染,116,316,87,139,30,84,1.71,34
26,2017-02-27,中度污染,151,352,114,182,37,104,2.11,22
27,2017-02-28,中度污染,155,347,115,181,30,83,2.02,28
0,2017-01-01,严重污染,393,361,346,410,51,103,3.47,11
1,2017-01-02,严重污染,341,356,290,365,37,102,3.4,22
2,2017-01-03,严重污染,408,361,366,441,33,118,4.12,15
3,2017-01-04,严重污染,473,364,467,556,43,124,4.53,11
4,2017-01-05,严重污染,483,365,490,591,50,100,4.9,11
5,2017-01-06,重度污染,209,334,170,236,26,54,3.26,12
6,2017-01-07,良,89,242,66,94,23,51,2.29,13
7,2017-01-08,轻度污染,125,294,94,138,30,67,2.39,21
8,2017-01-09,轻度污染,122,284,91,131,32,67,2.12,17
9,2017-01-10,良,83,203,60,82,26,41,1.3,37
10,2017-01-11,良,67,155,45,74,23,45,1.24,42
11,2017-01-12,良,86,235,56,110,23,60,1.59,33
12,2017-01-13,轻度污染,110,284,81,143,34,77,2.14,22
13,2017-01-14,重度污染,204,359,155,213,42,78,2.5,20
14,2017-01-15,重度污染,225,357,174,227,40,73,2.41,13
15,2017-01-16,严重污染,311,358,260,318,42,83,2.95,14
16,2017-01-17,严重污染,326,359,275,359,37,88,3.03,16
17,2017-01-18,严重污染,340,357,289,371,45,93,2.93,16
18,2017-01-19,中度污染,197,334,148,233,27,57,1.85,42
19,2017-01-20,良,67,176,36,80,28,46,1.32,38
20,2017-01-21,良,96,274,70,123,29,64,1.82,31
21,2017-01-22,中度污染,171,349,130,204,40,87,2.35,24
22,2017-01-23,重度污染,248,357,197,271,49,93,2.95,23
23,2017-01-24,严重污染,337,364,286,361,50,93,3.38,17
24,2017-01-25,严重污染,413,366,370,461,43,90,3.67,27
25,2017-01-26,严重污染,400,360,244,528,29,60,2.58,41
26,2017-01-27,中度污染,155,299,72,255,29,37,1.69,47
27,2017-01-28,重度污染,204,274,154,246,43,40,1.98,39
28,2017-01-29,轻度污染,129,285,77,188,27,34,1.57,48
29,2017-01-30,良,95,292,54,133,33,25,1.4,53
30,2017-01-31,轻度污染,125,344,94,154,29,38,1.62,34
0,2016-12-01,中度污染,180,345,137,242,45,80,2.42,12
1,2016-12-02,严重污染,255,361,204,310,48,88,2.78,9
2,2016-12-03,中度污染,162,302,123,179,25,65,2.21,19
3,2016-12-04,轻度污染,107,190,77,140,28,77,2.67,15
4,2016-12-05,轻度污染,139,293,81,180,21,54,1.78,31
5,2016-12-06,轻度污染,113,269,83,150,35,71,1.89,15
6,2016-12-07,重度污染,210,352,161,233,38,91,2.62,10
7,2016-12-08,重度污染,248,360,197,255,35,94,2.78,17
8,2016-12-09,严重污染,256,364,205,271,44,83,2.93,12
9,2016-12-10,重度污染,224,362,175,233,39,69,2.45,14
10,2016-12-11,重度污染,209,349,160,209,30,55,1.99,20
11,2016-12-12,重度污染,210,347,164,204,27,59,2.22,12
12,2016-12-13,严重污染,292,364,241,293,27,82,3.1,12
13,2016-12-14,严重污染,325,366,274,351,31,76,3.4,8
14,2016-12-15,重度污染,242,358,197,266,30,76,2.74,22
15,2016-12-16,中度污染,189,332,145,192,33,76,2.39,19
16,2016-12-17,严重污染,261,357,210,254,35,94,2.98,13
17,2016-12-18,严重污染,349,351,301,353,46,99,3.71,14
18,2016-12-19,严重污染,426,349,390,450,40,101,4.05,12
19,2016-12-20,严重污染,457,357,434,501,51,85,4.23,10
20,2016-12-21,重度污染,209,319,162,241,23,52,2.56,19
21,2016-12-22,轻度污染,103,263,75,138,23,65,2.43,9
22,2016-12-23,轻度污染,144,319,109,171,40,71,2.45,13
23,2016-12-24,中度污染,184,357,139,181,31,59,2.02,25
24,2016-12-25,轻度污染,117,311,87,115,20,48,1.43,20
25,2016-12-26,良,73,277,37,93,19,43,1.23,39
26,2016-12-27,良,76,258,46,95,19,50,1.51,34
27,2016-12-28,良,97,265,71,121,35,61,1.78,23
28,2016-12-29,中度污染,165,322,125,176,42,70,2.36,12
29,2016-12-30,严重污染,256,356,205,272,48,88,3.05,13
30,2016-12-31,严重污染,350,357,299,375,47,111,3.54,12
0,2016-11-01,良,99,335,73,127,16,50,1.47,16
1,2016-11-02,中度污染,164,355,124,204,16,65,2.08,13
2,2016-11-03,重度污染,225,356,175,269,19,96,2.71,13
3,2016-11-04,重度污染,217,348,168,245,20,96,2.7,13
4,2016-11-05,重度污染,238,347,187,272,20,95,2.89,20
5,2016-11-06,重度污染,210,354,165,240,19,62,2.75,12
6,2016-11-07,良,67,139,24,82,11,33,1.43,25
7,2016-11-08,良,77,267,41,100,17,46,1.6,14
8,2016-11-09,轻度污染,129,350,97,154,18,54,1.96,7
9,2016-11-10,严重污染,330,360,74,432,16,62,2.1,25
10,2016-11-11,重度污染,208,359,89,317,20,63,2.36,13
11,2016-11-12,轻度污染,146,333,104,239,23,78,2.63,11
12,2016-11-13,重度污染,221,344,170,325,31,99,3.03,16
13,2016-11-14,重度污染,221,344,171,290,25,93,2.89,8
14,2016-11-15,重度污染,212,360,163,259,36,86,2.73,30
15,2016-11-16,严重污染,266,365,215,312,31,84,2.78,11
16,2016-11-17,严重污染,304,364,253,363,34,80,2.97,14
17,2016-11-18,重度污染,238,345,187,272,23,65,2.39,8
18,2016-11-19,中度污染,181,341,134,256,21,58,2.03,13
19,2016-11-20,中度污染,188,348,143,253,34,65,2.17,7
20,2016-11-21,中度污染,183,362,138,232,25,54,2.04,8
21,2016-11-22,优,46,242,16,48,9,30,0.95,39
22,2016-11-23,优,47,181,30,46,16,45,1.26,28
23,2016-11-24,良,91,272,66,90,30,61,1.63,15
24,2016-11-25,轻度污染,141,321,107,141,30,68,1.94,9
25,2016-11-26,轻度污染,148,313,86,233,28,66,2.04,17
26,2016-11-27,中度污染,180,355,136,272,47,82,2.86,12
27,2016-11-28,重度污染,223,366,174,303,48,76,2.74,9
28,2016-11-29,轻度污染,150,317,109,211,38,58,1.97,18
29,2016-11-30,轻度污染,119,274,82,167,31,67,2.04,19
0,2016-10-01,轻度污染,136,344,102,193,15,85,1.88,64
1,2016-10-02,中度污染,152,350,115,224,15,91,1.97,59
2,2016-10-03,轻度污染,132,342,94,195,16,76,1.88,61
3,2016-10-04,轻度污染,147,354,57,202,13,49,1.17,37
4,2016-10-05,优,50,119,25,52,16,42,0.94,16
5,2016-10-06,良,64,218,43,71,8,44,1.1,11
6,2016-10-07,优,50,151,25,53,6,41,1.31,13
7,2016-10-08,良,63,255,38,72,11,49,1.34,28
8,2016-10-09,良,65,273,41,69,12,46,1.28,23
9,2016-10-10,良,98,347,73,105,13,51,1.43,19
10,2016-10-11,轻度污染,115,352,86,123,12,58,1.56,21
11,2016-10-12,良,97,305,71,119,11,57,1.54,15
12,2016-10-13,轻度污染,105,315,78,121,11,54,1.33,31
13,2016-10-14,良,75,261,50,91,12,48,1.09,28
14,2016-10-15,良,73,248,52,78,6,37,1.04,25
15,2016-10-16,良,77,278,50,87,10,45,1.37,25
16,2016-10-17,良,75,260,42,98,13,58,1.45,32
17,2016-10-18,轻度污染,107,313,74,147,16,67,1.7,47
18,2016-10-19,轻度污染,141,341,106,192,14,77,1.83,42
19,2016-10-20,轻度污染,103,316,70,142,11,56,1.52,43
20,2016-10-21,良,57,247,26,64,8,35,1.31,19
21,2016-10-22,良,51,242,26,58,6,38,1.09,17
22,2016-10-23,优,31,69,20,30,7,30,1.23,18
23,2016-10-24,优,35,79,20,33,10,36,1.34,17
24,2016-10-25,良,54,188,35,50,8,35,1.67,7
25,2016-10-26,良,52,186,36,51,11,42,1.88,10
26,2016-10-27,优,31,50,19,29,7,33,1.4,23
27,2016-10-28,优,34,83,14,30,7,30,0.72,47
28,2016-10-29,良,57,263,28,62,8,44,0.9,34
29,2016-10-30,良,82,325,56,109,12,55,1.29,15
30,2016-10-31,良,77,325,43,100,13,46,1.24,33
0,2016-09-01,良,71,257,28,74,15,54,0.86,69
1,2016-09-02,良,80,289,32,86,17,63,0.88,76
2,2016-09-03,良,95,302,53,138,24,81,1.17,30
3,2016-09-04,良,90,290,38,99,16,59,1.03,73
4,2016-09-05,良,93,291,58,129,19,60,1.19,77
5,2016-09-06,良,54,168,29,57,11,36,0.86,55
6,2016-09-07,良,70,286,28,65,11,48,0.87,78
7,2016-09-08,良,91,313,41,94,17,68,1.02,88
8,2016-09-09,良,81,250,45,109,15,61,1.11,49
9,2016-09-10,良,58,200,21,51,11,41,0.92,70
10,2016-09-11,良,81,307,33,98,17,59,1.02,67
11,2016-09-12,良,84,314,51,107,19,60,1.35,36
12,2016-09-13,良,98,337,72,111,15,50,1.52,56
13,2016-09-14,轻度污染,111,338,82,151,11,55,1.57,39
14,2016-09-15,良,80,293,57,97,8,50,1.29,50
15,2016-09-16,良,95,333,67,125,10,54,1.38,69
16,2016-09-17,轻度污染,110,349,81,148,12,54,1.4,80
17,2016-09-18,轻度污染,120,356,90,163,14,63,1.49,36
18,2016-09-19,优,48,133,32,46,5,30,1.21,47
19,2016-09-20,良,57,185,39,59,7,41,1.35,21
20,2016-09-21,良,66,195,45,79,8,47,1.34,48
21,2016-09-22,良,82,251,50,100,11,60,1.33,65
22,2016-09-23,良,94,284,53,120,13,73,1.37,70
23,2016-09-24,良,77,220,47,102,10,65,1.21,24
24,2016-09-25,良,81,247,56,102,12,48,1.12,62
25,2016-09-26,轻度污染,108,334,81,135,8,46,1.3,33
26,2016-09-27,良,82,303,59,105,8,50,1.4,21
27,2016-09-28,良,63,301,37,75,10,45,1.13,36
28,2016-09-29,良,82,339,60,106,15,52,1.35,39
29,2016-09-30,轻度污染,108,339,80,144,15,61,1.52,65
0,2016-08-01,良,72,303,29,65,6,32,0.82,78
1,2016-08-02,良,58,253,28,62,5,32,0.81,63
2,2016-08-03,良,68,303,42,62,4,24,0.86,81
3,2016-08-04,良,72,310,44,70,5,25,0.92,95
4,2016-08-05,良,68,294,39,71,5,25,0.94,92
5,2016-08-06,良,68,295,45,80,6,38,1.13,67
6,2016-08-07,良,81,350,49,84,6,36,1.09,86
7,2016-08-08,良,66,319,42,76,5,33,0.96,70
8,2016-08-09,良,63,280,32,62,5,29,0.94,80
9,2016-08-10,良,63,287,31,63,4,32,0.94,75
10,2016-08-11,良,62,283,28,64,5,32,0.76,68
11,2016-08-12,良,57,241,20,52,5,28,0.68,76
12,2016-08-13,良,61,266,26,60,5,30,0.75,71
13,2016-08-14,良,53,221,20,49,5,22,0.67,70
14,2016-08-15,良,59,292,27,61,5,25,0.72,83
15,2016-08-16,良,75,320,44,82,6,27,1.03,88
16,2016-08-17,良,77,308,44,83,5,27,1.32,85
17,2016-08-18,良,88,331,52,95,6,30,1.27,98
18,2016-08-19,良,59,245,19,50,5,25,0.89,85
19,2016-08-20,良,72,324,43,77,5,24,1.42,94
20,2016-08-21,良,71,287,43,77,7,23,1.34,100
21,2016-08-22,良,73,286,38,79,9,25,1.14,108
22,2016-08-23,良,70,264,40,76,7,28,1.09,94
23,2016-08-24,良,93,319,55,104,6,32,1.16,98
24,2016-08-25,优,33,21,13,29,4,18,0.78,52
25,2016-08-26,优,31,26,11,30,7,30,0.79,32
26,2016-08-27,良,67,318,30,63,10,49,1.02,67
27,2016-08-28,良,71,271,28,63,14,52,0.95,79
28,2016-08-29,良,75,295,47,97,18,51,1.1,68
29,2016-08-30,良,76,267,52,99,15,56,1.09,69
30,2016-08-31,良,73,215,41,87,12,57,1.0,60
0,2016-07-01,良,70,317,18,52,6,32,0.96,93
1,2016-07-02,良,75,311,29,78,8,42,1.08,80
2,2016-07-03,良,59,227,29,61,5,27,0.99,80
3,2016-07-04,良,61,231,24,49,6,22,0.88,96
4,2016-07-05,良,54,215,17,37,5,17,0.75,100
5,2016-07-06,良,64,259,28,54,5,19,0.81,113
6,2016-07-07,良,51,204,26,53,6,20,0.84,77
7,2016-07-08,优,35,84,12,31,5,15,0.73,55
8,2016-07-09,良,59,238,31,62,5,24,0.89,74
9,2016-07-10,良,69,290,45,81,5,23,1.05,73
10,2016-07-11,良,78,311,45,83,5,25,1.02,81
11,2016-07-12,优,43,130,13,35,5,24,0.78,68
12,2016-07-13,良,53,220,22,56,7,42,0.89,46
13,2016-07-14,优,40,132,11,24,4,27,0.82,73
14,2016-07-15,良,74,344,23,48,6,36,0.95,104
15,2016-07-16,良,75,314,28,69,5,37,0.93,96
16,2016-07-17,良,84,304,26,71,8,44,0.93,106
17,2016-07-18,良,71,268,48,83,5,27,0.88,83
18,2016-07-19,优,37,87,13,32,4,25,0.99,62
19,2016-07-20,良,73,333,23,48,5,32,1.07,102
20,2016-07-21,良,98,360,27,64,6,48,1.09,115
21,2016-07-22,良,63,270,32,77,5,38,0.98,72
22,2016-07-23,良,84,326,47,95,5,36,1.07,101
23,2016-07-24,良,86,327,48,92,4,29,1.08,92
24,2016-07-25,优,38,61,13,28,4,24,0.85,66
25,2016-07-26,优,48,121,17,45,5,30,0.86,50
26,2016-07-27,良,51,128,17,40,5,29,0.8,73
27,2016-07-28,良,82,291,25,70,7,47,0.9,95
28,2016-07-29,良,91,310,29,74,7,43,0.9,108
29,2016-07-30,良,61,179,23,65,7,39,0.81,63
30,2016-07-31,良,56,199,23,54,5,30,0.86,62
0,2016-06-01,良,62,237,43,64,4,28,1.27,60
1,2016-06-02,优,46,111,30,42,3,30,1.14,58
2,2016-06-03,良,60,215,26,49,7,32,1.21,79
3,2016-06-04,良,70,252,29,87,7,44,1.2,62
4,2016-06-05,良,80,297,27,95,9,37,1.09,82
5,2016-06-06,良,90,324,65,112,6,34,1.38,85
6,2016-06-07,良,81,286,29,69,6,35,1.14,110
7,2016-06-08,良,76,248,43,79,7,36,1.3,80
8,2016-06-09,良,93,305,42,98,7,42,1.22,96
9,2016-06-10,良,61,195,16,53,6,38,0.97,92
10,2016-06-11,良,88,326,37,101,11,43,1.2,88
11,2016-06-12,良,78,316,35,64,6,26,1.17,109
12,2016-06-13,良,93,331,33,84,8,39,1.13,107
13,2016-06-14,良,71,261,20,91,6,27,0.86,85
14,2016-06-15,良,64,264,17,68,6,28,0.86,89
15,2016-06-16,良,65,206,19,55,10,41,0.94,80
16,2016-06-17,良,78,251,24,61,10,43,0.93,109
17,2016-06-18,轻度污染,103,338,41,95,12,55,1.26,119
18,2016-06-19,轻度污染,103,337,42,93,8,37,1.17,122
19,2016-06-20,轻度污染,103,340,39,87,8,28,1.13,141
20,2016-06-21,良,69,278,30,81,7,33,1.15,80
21,2016-06-22,轻度污染,105,357,40,102,8,49,1.31,108
22,2016-06-23,优,39,100,16,34,4,21,1.05,60
23,2016-06-24,良,61,299,22,45,5,30,1.09,86
24,2016-06-25,良,67,292,33,61,5,32,1.18,82
25,2016-06-26,良,56,200,25,56,8,31,1.11,80
26,2016-06-27,良,69,238,31,81,8,37,1.07,74
27,2016-06-28,良,81,304,32,89,7,52,1.07,54
28,2016-06-29,良,93,342,29,87,8,49,1.11,87
29,2016-06-30,良,70,285,28,81,8,43,1.08,62
0,2016-05-01,良,93,261,47,114,16,64,1.23,81
1,2016-05-02,轻度污染,135,350,40,178,7,26,0.72,81
2,2016-05-03,良,78,307,40,103,16,58,0.9,63
3,2016-05-04,轻度污染,101,333,61,149,28,72,1.31,73
4,2016-05-05,轻度污染,126,342,85,197,32,78,1.51,68
5,2016-05-06,轻度污染,114,283,54,176,17,54,1.02,46
6,2016-05-07,良,76,243,42,98,12,33,0.99,38
7,2016-05-08,良,75,296,53,83,7,29,1.16,55
8,2016-05-09,良,70,257,35,87,16,40,1.13,67
9,2016-05-10,轻度污染,101,333,55,134,13,59,1.26,77
10,2016-05-11,良,99,262,56,133,12,58,1.3,91
11,2016-05-12,中度污染,200,356,78,299,7,31,0.85,78
12,2016-05-13,良,67,202,34,83,8,35,0.99,36
13,2016-05-14,优,40,30,22,38,6,33,1.13,37
14,2016-05-15,良,61,273,21,70,10,34,1.01,56
15,2016-05-16,良,65,184,30,77,12,51,1.13,62
16,2016-05-17,良,88,299,49,123,17,65,1.4,68
17,2016-05-18,良,77,191,35,86,12,37,0.95,105
18,2016-05-19,良,81,189,57,104,11,35,1.03,115
19,2016-05-20,良,100,313,67,132,12,40,1.17,105
20,2016-05-21,良,84,299,50,95,12,36,1.06,104
21,2016-05-22,良,81,298,51,96,10,36,1.05,90
22,2016-05-23,优,45,105,21,37,6,19,0.87,70
23,2016-05-24,良,63,177,20,59,9,40,0.95,92
24,2016-05-25,良,51,111,22,58,9,40,0.89,62
25,2016-05-26,优,44,106,18,44,8,38,0.89,47
26,2016-05-27,优,43,90,27,42,5,38,0.98,45
27,2016-05-28,良,62,214,32,60,13,38,1.06,65
28,2016-05-29,良,75,273,25,72,12,50,1.15,83
29,2016-05-30,良,86,256,51,114,15,65,1.42,87
30,2016-05-31,良,85,268,59,107,9,52,1.41,52
0,2016-04-01,轻度污染,138,338,75,224,25,95,2.01,50
1,2016-04-02,中度污染,157,341,87,259,32,66,1.71,69
2,2016-04-03,良,70,274,40,87,11,28,1.16,57
3,2016-04-04,良,89,319,59,125,26,51,1.41,33
4,2016-04-05,轻度污染,113,343,84,143,15,54,1.74,15
5,2016-04-06,良,71,240,47,76,7,48,1.8,15
6,2016-04-07,良,80,257,35,109,12,55,1.64,32
7,2016-04-08,轻度污染,120,313,63,187,20,68,1.77,29
8,2016-04-09,良,77,237,34,103,15,48,1.28,53
9,2016-04-10,轻度污染,112,314,60,171,18,68,1.81,47
10,2016-04-11,轻度污染,133,347,79,214,18,67,1.79,66
11,2016-04-12,轻度污染,135,329,90,215,20,67,1.83,41
12,2016-04-13,轻度污染,125,322,72,197,20,63,1.62,31
13,2016-04-14,良,99,264,55,146,17,55,1.44,51
14,2016-04-15,良,76,214,39,104,9,39,1.36,57
15,2016-04-16,良,58,195,24,68,10,37,1.22,57
16,2016-04-17,轻度污染,122,357,43,175,8,35,1.19,64
17,2016-04-18,良,88,344,49,124,17,59,1.5,50
18,2016-04-19,良,100,347,58,148,17,62,1.49,47
19,2016-04-20,良,91,310,53,129,16,64,1.57,58
20,2016-04-21,轻度污染,102,293,47,152,21,71,1.61,53
21,2016-04-22,轻度污染,101,277,46,149,23,67,1.44,55
22,2016-04-23,良,65,210,24,73,8,35,0.97,94
23,2016-04-24,良,79,247,49,91,12,35,1.08,85
24,2016-04-25,良,72,217,41,91,11,41,1.16,78
25,2016-04-26,良,90,304,55,117,16,46,1.14,70
26,2016-04-27,良,79,274,31,103,17,45,0.96,65
27,2016-04-28,良,78,248,42,102,17,45,1.06,76
28,2016-04-29,轻度污染,106,301,70,146,19,64,1.3,86
29,2016-04-30,轻度污染,106,306,59,147,20,75,1.45,77
0,2016-03-01,良,89,219,59,126,39,62,2.01,25
1,2016-03-02,良,98,192,61,143,34,67,2.2,28
2,2016-03-03,轻度污染,102,201,61,151,30,73,2.35,33
3,2016-03-04,中度污染,172,291,80,256,30,61,2.27,13
4,2016-03-05,中度污染,161,263,62,268,16,36,1.43,32
5,2016-03-06,中度污染,198,314,89,336,27,57,1.99,22
6,2016-03-07,中度污染,178,328,90,300,46,65,2.36,14
7,2016-03-08,中度污染,158,356,95,263,46,61,2.36,22
8,2016-03-09,轻度污染,103,344,48,154,27,40,1.74,24
9,2016-03-10,良,70,304,42,81,14,36,1.52,38
10,2016-03-11,良,86,296,48,119,27,52,1.76,35
11,2016-03-12,轻度污染,139,345,104,206,37,80,2.33,24
12,2016-03-13,良,96,255,57,136,21,55,1.93,38
13,2016-03-14,良,99,253,53,146,31,53,2.0,37
14,2016-03-15,轻度污染,115,260,81,177,32,59,2.23,48
15,2016-03-16,中度污染,172,326,130,238,46,73,2.42,33
16,2016-03-17,中度污染,189,324,145,275,38,83,2.53,23
17,2016-03-18,轻度污染,140,268,105,189,25,71,2.06,44
18,2016-03-19,轻度污染,134,284,84,207,22,57,1.85,65
19,2016-03-20,轻度污染,138,322,96,204,18,34,1.72,85
20,2016-03-21,轻度污染,118,308,78,179,20,41,1.67,76
21,2016-03-22,轻度污染,135,336,100,203,23,66,1.95,33
22,2016-03-23,中度污染,180,362,135,242,25,68,2.2,21
23,2016-03-24,中度污染,154,362,115,209,24,58,1.97,22
24,2016-03-25,轻度污染,120,350,90,149,13,53,1.58,35
25,2016-03-26,良,59,92,30,67,10,42,1.18,50
26,2016-03-27,良,75,183,35,97,17,59,1.18,44
27,2016-03-28,良,97,275,49,142,21,68,1.44,45
28,2016-03-29,轻度污染,116,342,55,180,31,79,1.75,38
29,2016-03-30,轻度污染,132,341,71,212,29,86,1.95,46
30,2016-03-31,轻度污染,111,276,58,170,22,83,1.69,52
0,2016-02-01,良,60,130,37,68,18,43,2.0,26
1,2016-02-02,良,84,155,61,106,26,56,2.12,28
2,2016-02-03,轻度污染,139,303,105,174,37,74,2.51,25
3,2016-02-04,轻度污染,132,288,99,164,33,67,2.27,31
4,2016-02-05,良,93,221,59,111,20,33,1.55,43
5,2016-02-06,良,52,79,24,55,18,32,1.28,42
6,2016-02-07,良,75,129,40,97,28,36,1.56,45
7,2016-02-08,严重污染,252,324,198,285,72,48,2.14,45
8,2016-02-09,中度污染,170,342,128,194,46,55,2.38,41
9,2016-02-10,中度污染,187,343,142,226,50,56,2.6,43
10,2016-02-11,重度污染,204,343,154,242,41,48,2.7,43
11,2016-02-12,轻度污染,127,276,79,161,21,22,1.89,40
12,2016-02-13,良,73,305,25,95,12,13,1.34,49
13,2016-02-14,良,52,289,18,53,18,20,1.4,47
14,2016-02-15,良,59,307,32,67,21,35,1.69,38
15,2016-02-16,良,59,262,36,68,23,38,1.72,38
16,2016-02-17,良,63,202,38,75,25,52,1.92,31
17,2016-02-18,良,93,287,62,128,27,58,1.96,34
18,2016-02-19,重度污染,217,347,73,335,15,33,1.35,43
19,2016-02-20,中度污染,176,353,61,272,10,22,1.26,52
20,2016-02-21,轻度污染,104,258,63,155,25,43,1.82,22
21,2016-02-22,轻度污染,130,299,88,190,30,52,2.12,24
22,2016-02-23,轻度污染,102,270,63,151,27,41,1.54,34
23,2016-02-24,轻度污染,110,310,77,166,38,66,2.08,23
24,2016-02-25,轻度污染,112,281,71,165,27,60,1.92,30
25,2016-02-26,良,92,256,44,132,28,59,1.87,23
26,2016-02-27,良,92,268,45,132,24,44,1.81,30
27,2016-02-28,良,87,226,36,122,20,35,1.47,35
28,2016-02-29,良,60,126,25,67,24,37,1.56,37
0,2016-01-01,中度污染,179,305,136,253,60,79,4.02,19
1,2016-01-02,严重污染,256,336,203,352,54,95,4.83,14
2,2016-01-03,严重污染,262,312,212,360,44,87,5.02,15
3,2016-01-04,严重污染,261,341,210,352,54,92,4.71,12
4,2016-01-05,严重污染,297,363,234,387,45,71,5.0,15
5,2016-01-06,严重污染,336,365,270,436,43,78,5.37,15
6,2016-01-07,重度污染,217,355,169,285,38,64,3.98,20
7,2016-01-08,中度污染,188,334,142,245,42,60,3.66,16
8,2016-01-09,重度污染,207,320,156,266,50,67,4.02,13
9,2016-01-10,中度污染,192,300,145,252,47,59,4.15,17
10,2016-01-11,中度污染,169,336,126,214,48,46,3.32,26
11,2016-01-12,中度污染,159,350,120,193,39,45,3.15,16
12,2016-01-13,中度污染,163,350,123,223,40,53,3.32,20
13,2016-01-14,良,92,204,62,121,31,45,2.69,27
14,2016-01-15,良,99,197,70,144,36,59,3.21,20
15,2016-01-16,中度污染,159,288,121,226,44,76,3.97,13
16,2016-01-17,轻度污染,112,240,69,159,34,47,3.06,23
17,2016-01-18,良,77,186,37,101,30,37,2.29,30
18,2016-01-19,良,67,128,34,82,45,39,1.84,25
19,2016-01-20,良,84,206,58,111,34,44,1.94,23
20,2016-01-21,轻度污染,128,316,96,169,35,47,2.17,24
21,2016-01-22,良,73,227,41,86,20,28,1.4,38
22,2016-01-23,良,78,292,16,105,12,19,1.17,56
23,2016-01-24,良,64,236,15,80,13,20,1.29,52
24,2016-01-25,良,67,210,39,83,30,52,2.1,26
25,2016-01-26,良,85,256,58,116,38,59,2.47,25
26,2016-01-27,轻度污染,123,299,92,177,54,68,2.67,17
27,2016-01-28,轻度污染,120,263,90,173,51,66,2.56,19
28,2016-01-29,中度污染,188,343,143,252,52,72,3.23,15
29,2016-01-30,中度污染,200,352,152,273,47,64,3.2,13
30,2016-01-31,良,76,225,49,93,18,34,1.9,22
0,2015-12-01,中度污染,169,309,116,267,26,75,3.67,15
1,2015-12-02,轻度污染,107,282,43,158,19,38,2.2,34
2,2015-12-03,良,80,278,34,109,25,39,2.05,25
3,2015-12-04,良,81,305,43,110,33,46,2.35,17
4,2015-12-05,轻度污染,115,288,76,177,52,67,2.72,11
5,2015-12-06,中度污染,155,328,117,234,58,80,3.07,13
6,2015-12-07,中度污染,200,325,151,289,56,78,3.47,12
7,2015-12-08,重度污染,222,331,170,336,47,57,3.03,11
8,2015-12-09,重度污染,242,330,189,355,57,59,2.9,10
9,2015-12-10,中度污染,181,301,137,232,37,52,2.61,11
10,2015-12-11,轻度污染,147,287,111,191,41,42,2.47,21
11,2015-12-12,轻度污染,109,252,81,141,32,39,2.3,18
12,2015-12-13,良,69,156,45,79,23,32,1.99,23
13,2015-12-14,良,67,159,33,83,26,48,1.8,22
14,2015-12-15,良,73,212,40,94,26,41,1.61,26
15,2015-12-16,良,61,231,23,70,22,41,1.39,31
16,2015-12-17,良,79,303,44,105,33,52,1.94,18
17,2015-12-18,良,97,273,70,138,40,65,2.02,21
18,2015-12-19,轻度污染,143,298,108,188,67,64,2.53,15
19,2015-12-20,重度污染,210,319,160,282,59,85,3.16,14
20,2015-12-21,严重污染,280,324,223,386,62,84,4.01,11
21,2015-12-22,严重污染,260,316,209,349,85,84,3.5,14
22,2015-12-23,严重污染,324,335,260,428,88,84,4.06,11
23,2015-12-24,轻度污染,142,268,100,180,38,50,2.62,27
24,2015-12-25,良,75,155,44,98,37,57,2.77,21
25,2015-12-26,良,84,172,50,115,39,59,3.04,21
26,2015-12-27,轻度污染,136,324,100,196,44,62,3.32,17
27,2015-12-28,中度污染,187,339,143,281,40,63,3.59,12
28,2015-12-29,重度污染,202,323,157,291,43,75,4.22,20
29,2015-12-30,中度污染,177,275,135,251,46,67,4.24,18
30,2015-12-31,重度污染,203,313,153,286,59,77,4.2,14
0,2015-11-01,优,50,138,21,53,12,29,0.91,31
1,2015-11-02,良,75,184,44,97,24,48,1.53,23
2,2015-11-03,轻度污染,108,244,75,163,40,62,2.09,17
3,2015-11-04,轻度污染,117,272,80,179,29,57,2.15,15
4,2015-11-05,轻度污染,110,284,81,160,28,42,1.87,17
5,2015-11-06,优,46,139,28,49,17,24,1.39,26
6,2015-11-07,优,36,70,19,35,19,28,1.62,10
7,2015-11-08,优,46,101,20,55,20,32,1.65,21
8,2015-11-09,良,85,222,47,117,22,44,1.79,19
9,2015-11-10,良,87,237,53,121,22,42,1.77,9
10,2015-11-11,良,61,154,35,70,24,36,1.64,14
11,2015-11-12,良,81,223,57,108,22,33,1.56,18
12,2015-11-13,良,93,257,64,134,20,40,1.77,16
13,2015-11-14,良,99,250,60,146,32,48,1.97,11
14,2015-11-15,良,82,224,46,111,24,41,1.92,12
15,2015-11-16,轻度污染,108,334,73,164,21,45,2.2,11
16,2015-11-17,轻度污染,101,330,70,149,29,45,2.51,10
17,2015-11-18,良,61,245,34,69,17,41,2.34,12
18,2015-11-19,良,73,279,42,94,23,38,2.22,12
19,2015-11-20,良,87,278,55,123,19,46,2.51,10
20,2015-11-21,良,67,221,40,82,21,42,2.14,9
21,2015-11-22,良,54,222,27,56,22,44,2.54,9
22,2015-11-23,优,46,176,26,46,20,36,2.32,8
23,2015-11-24,优,32,84,17,30,14,33,1.76,15
24,2015-11-25,良,51,172,24,53,18,43,1.66,20
25,2015-11-26,良,58,203,26,66,31,48,1.56,23
26,2015-11-27,良,98,301,60,143,43,59,2.16,16
27,2015-11-28,中度污染,170,333,121,269,35,77,3.24,11
28,2015-11-29,重度污染,218,338,164,325,36,77,3.67,13
29,2015-11-30,严重污染,276,339,200,393,32,92,4.46,10
0,2015-10-01,重度污染,236,357,45,330,9,28,0.61,52
1,2015-10-02,轻度污染,106,326,42,160,15,51,1.02,13
2,2015-10-03,轻度污染,127,334,67,203,22,58,1.52,7
3,2015-10-04,轻度污染,140,338,86,227,26,66,1.87,15
4,2015-10-05,轻度污染,119,327,79,185,18,61,1.84,27
5,2015-10-06,轻度污染,120,318,86,169,14,59,1.83,12
6,2015-10-07,良,94,309,65,117,15,44,1.68,39
7,2015-10-08,良,63,274,24,73,11,42,1.24,16
8,2015-10-09,良,68,267,27,84,13,40,1.23,21
9,2015-10-10,良,65,233,24,79,18,45,1.06,30
10,2015-10-11,良,70,244,28,90,18,51,1.07,31
11,2015-10-12,良,81,253,40,110,24,60,1.1,34
12,2015-10-13,轻度污染,114,311,77,176,35,77,1.65,27
13,2015-10-14,轻度污染,122,274,84,189,30,71,1.78,43
14,2015-10-15,轻度污染,106,228,72,161,25,69,1.58,42
15,2015-10-16,轻度污染,137,287,101,216,35,71,1.97,43
16,2015-10-17,轻度污染,130,288,85,200,25,67,1.95,38
17,2015-10-18,轻度污染,120,305,78,189,31,68,1.79,28
18,2015-10-19,中度污染,180,354,135,269,21,60,1.99,44
19,2015-10-20,中度污染,199,352,151,304,19,55,1.99,44
20,2015-10-21,中度污染,166,346,125,254,22,50,1.93,58
21,2015-10-22,轻度污染,104,268,62,155,22,34,1.28,33
22,2015-10-23,良,84,181,57,111,13,36,1.3,23
23,2015-10-24,良,92,243,68,112,11,28,1.77,17
24,2015-10-25,良,55,118,38,61,9,23,1.64,25
25,2015-10-26,优,42,50,18,43,13,22,1.1,27
26,2015-10-27,良,61,202,22,71,17,36,1.18,13
27,2015-10-28,良,82,262,44,113,21,42,1.5,6
28,2015-10-29,良,88,304,53,124,23,41,1.35,17
29,2015-10-30,良,55,178,23,62,30,30,0.8,25
30,2015-10-31,优,31,36,15,30,12,17,0.69,26
0,2015-09-01,良,71,269,38,83,12,46,1.25,66
1,2015-09-02,良,93,339,66,110,11,32,1.45,80
2,2015-09-03,良,75,297,50,92,9,29,1.16,57
3,2015-09-04,优,47,166,28,47,6,21,1.04,62
4,2015-09-05,良,58,277,23,65,10,36,1.06,44
5,2015-09-06,良,68,318,25,80,15,42,1.06,64
6,2015-09-07,良,75,325,48,85,11,31,1.26,73
7,2015-09-08,良,76,294,54,89,9,34,1.38,51
8,2015-09-09,良,67,261,45,72,8,34,1.45,24
9,2015-09-10,优,25,15,13,24,5,29,1.14,25
10,2015-09-11,优,36,72,11,36,11,29,0.97,40
11,2015-09-12,良,51,190,18,55,15,37,0.97,45
12,2015-09-13,良,62,241,27,74,14,56,1.12,25
13,2015-09-14,良,71,264,38,90,17,50,1.23,44
14,2015-09-15,良,78,278,48,104,17,50,1.28,69
15,2015-09-16,良,89,311,64,115,19,49,1.43,63
16,2015-09-17,轻度污染,104,334,77,122,13,38,1.54,58
17,2015-09-18,良,82,262,55,107,12,50,1.51,26
18,2015-09-19,良,88,281,59,123,14,46,1.65,11
19,2015-09-20,良,70,242,36,88,12,36,1.23,90
20,2015-09-21,良,76,233,44,99,10,46,1.29,58
21,2015-09-22,良,60,218,28,72,8,34,1.15,42
22,2015-09-23,良,54,196,22,61,11,40,1.04,42
23,2015-09-24,优,49,165,18,51,12,31,0.82,45
24,2015-09-25,良,60,237,25,68,15,47,0.98,43
25,2015-09-26,良,72,285,39,92,15,46,1.02,54
26,2015-09-27,良,64,213,43,71,9,30,1.02,71
27,2015-09-28,良,73,291,46,92,13,37,1.11,48
28,2015-09-29,良,75,303,49,91,10,30,1.07,61
29,2015-09-30,良,72,280,49,90,8,28,1.12,40
0,2015-08-01,良,74,306,45,91,4,29,0.92,74
1,2015-08-02,良,75,308,38,85,4,28,0.91,81
2,2015-08-03,良,53,195,27,54,2,24,0.99,55
3,2015-08-04,优,32,48,13,30,5,25,0.88,50
4,2015-08-05,良,70,271,23,58,9,38,0.99,85
5,2015-08-06,良,81,334,36,82,7,44,1.02,87
6,2015-08-07,良,88,337,59,111,6,40,1.08,80
7,2015-08-08,良,93,339,68,118,6,31,1.08,83
8,2015-08-09,良,100,347,73,132,6,37,1.19,56
9,2015-08-10,良,79,332,55,99,7,33,1.08,54
10,2015-08-11,良,77,317,53,97,8,34,0.99,49
11,2015-08-12,良,72,270,46,84,7,35,0.9,52
12,2015-08-13,良,62,169,38,72,6,36,1.01,56
13,2015-08-14,良,54,168,18,56,6,32,0.83,53
14,2015-08-15,良,61,218,22,62,8,40,0.91,68
15,2015-08-16,良,78,257,42,96,8,49,1.11,75
16,2015-08-17,中度污染,169,357,70,285,10,37,0.88,43
17,2015-08-18,轻度污染,148,354,71,245,9,55,1.12,16
18,2015-08-19,轻度污染,102,353,53,152,7,37,1.09,36
19,2015-08-20,良,67,299,27,82,9,44,1.11,50
20,2015-08-21,良,62,221,20,69,14,49,1.02,57
21,2015-08-22,良,75,270,26,80,15,57,1.01,72
22,2015-08-23,良,87,334,32,101,14,52,1.03,81
23,2015-08-24,良,65,224,32,61,8,33,0.96,87
24,2015-08-25,良,76,282,42,91,12,46,1.12,73
25,2015-08-26,良,80,259,44,94,14,42,1.19,81
26,2015-08-27,良,79,256,44,94,18,37,1.23,94
27,2015-08-28,良,89,302,48,110,15,45,1.25,83
28,2015-08-29,良,87,315,43,118,17,57,1.26,70
29,2015-08-30,良,96,326,52,136,13,49,1.29,82
30,2015-08-31,良,70,249,34,89,11,38,1.14,73
0,2015-07-01,良,70,293,31,79,7,41,1.3,61
1,2015-07-02,良,70,271,24,76,9,47,1.14,60
2,2015-07-03,良,78,283,41,103,13,43,1.22,70
3,2015-07-04,良,73,269,40,88,9,39,1.14,79
4,2015-07-05,良,73,272,43,94,8,36,1.15,65
5,2015-07-06,良,64,250,32,75,7,33,1.03,66
6,2015-07-07,良,66,239,30,69,7,27,0.98,93
7,2015-07-08,良,77,265,45,98,9,35,1.16,88
8,2015-07-09,轻度污染,104,325,72,135,10,34,1.28,114
9,2015-07-10,良,93,320,65,126,9,37,1.21,95
10,2015-07-11,良,75,272,44,90,10,31,1.01,92
11,2015-07-12,良,75,239,40,86,8,33,1.04,89
12,2015-07-13,轻度污染,128,350,55,204,12,43,1.12,71
13,2015-07-14,轻度污染,134,348,74,214,11,45,1.33,102
14,2015-07-15,良,58,160,32,56,6,18,0.95,91
15,2015-07-16,良,85,318,53,90,9,26,1.15,112
16,2015-07-17,良,96,335,66,111,9,28,1.08,108
17,2015-07-18,良,93,328,61,114,9,32,1.0,106
18,2015-07-19,良,68,253,30,78,5,23,0.7,92
19,2015-07-20,良,84,308,52,96,7,30,0.89,73
20,2015-07-21,良,79,295,30,76,6,36,0.81,112
21,2015-07-22,良,56,177,22,62,5,34,0.78,70
22,2015-07-23,良,63,256,19,67,8,36,0.82,79
23,2015-07-24,良,67,264,20,80,8,42,0.82,72
24,2015-07-25,良,96,333,29,104,11,60,1.08,95
25,2015-07-26,轻度污染,108,335,47,135,9,55,1.17,96
26,2015-07-27,良,74,261,39,93,5,37,1.06,74
27,2015-07-28,良,69,272,30,74,5,35,0.98,82
28,2015-07-29,良,83,326,33,83,6,38,1.03,99
29,2015-07-30,良,87,346,37,88,6,37,1.05,93
30,2015-07-31,良,69,305,27,80,6,32,0.91,75
0,2015-06-01,良,65,160,42,76,12,30,1.39,25
1,2015-06-02,良,62,207,39,72,12,32,1.41,19
2,2015-06-03,良,65,262,42,75,12,32,1.27,26
3,2015-06-04,良,67,251,28,81,11,25,1.01,50
4,2015-06-05,良,65,213,21,78,12,38,1.1,53
5,2015-06-06,良,60,152,21,64,12,32,1.16,52
6,2015-06-07,良,64,221,25,78,14,36,1.22,59
7,2015-06-08,良,73,284,29,92,14,35,1.21,56
8,2015-06-09,良,82,258,41,109,15,38,1.33,61
9,2015-06-10,轻度污染,102,299,34,150,10,25,1.1,65
10,2015-06-11,良,88,308,34,124,15,35,1.05,50
11,2015-06-12,良,77,267,30,102,15,45,1.19,44
12,2015-06-13,良,72,259,28,90,14,39,1.15,63
13,2015-06-14,良,90,300,42,127,18,49,1.3,68
14,2015-06-15,良,68,209,46,69,7,23,1.21,72
15,2015-06-16,良,81,258,58,99,7,32,1.42,51
16,2015-06-17,良,77,254,47,88,8,34,1.51,65
17,2015-06-18,良,75,281,39,84,9,32,1.45,69
18,2015-06-19,良,70,248,42,87,11,41,1.4,72
19,2015-06-20,良,85,315,56,116,15,37,1.4,54
20,2015-06-21,良,79,256,50,96,12,25,1.4,79
21,2015-06-22,良,65,214,35,78,9,24,1.16,71
22,2015-06-23,良,59,191,39,67,5,19,1.27,54
23,2015-06-24,优,31,62,13,23,5,24,1.26,58
24,2015-06-25,良,54,231,17,37,5,30,1.47,89
25,2015-06-26,良,61,245,34,69,6,35,1.48,34
26,2015-06-27,优,36,83,21,34,4,17,1.09,54
27,2015-06-28,良,51,195,28,54,5,23,1.09,45
28,2015-06-29,优,50,189,30,53,4,30,1.2,52
29,2015-06-30,良,66,295,39,80,4,28,1.21,59
0,2015-05-01,良,75,203,31,95,11,20,1.44,42
1,2015-05-02,良,63,207,28,74,13,29,1.68,49
2,2015-05-03,良,63,155,28,75,15,40,1.58,37
3,2015-05-04,良,66,182,31,80,17,37,1.61,60
4,2015-05-05,良,73,173,37,94,16,38,1.49,71
5,2015-05-06,良,68,132,27,83,16,39,1.3,67
6,2015-05-07,良,92,237,51,130,21,43,1.62,30
7,2015-05-08,良,67,191,29,82,12,34,1.41,63
8,2015-05-09,良,72,253,33,92,14,32,1.34,63
9,2015-05-10,良,68,215,34,86,12,25,1.37,52
10,2015-05-11,良,60,227,18,70,13,23,1.24,51
11,2015-05-12,良,77,289,34,102,16,48,1.59,47
12,2015-05-13,良,97,317,48,141,16,52,1.96,59
13,2015-05-14,良,95,279,53,138,20,44,1.88,50
14,2015-05-15,良,67,221,33,81,12,26,1.36,66
15,2015-05-16,良,100,319,51,148,19,48,1.7,52
16,2015-05-17,轻度污染,103,290,59,155,18,52,1.98,41
17,2015-05-18,良,84,242,38,116,14,38,1.57,51
18,2015-05-19,轻度污染,101,278,49,149,22,38,1.56,67
19,2015-05-20,良,87,295,41,122,25,25,1.46,80
20,2015-05-21,良,64,191,41,73,11,22,1.48,61
21,2015-05-22,良,76,221,49,86,14,29,1.69,68
22,2015-05-23,良,74,219,37,82,17,37,1.62,76
23,2015-05-24,良,85,230,45,110,20,44,1.7,64
24,2015-05-25,良,76,184,43,99,19,33,1.54,82
25,2015-05-26,良,76,187,48,93,18,33,1.52,75
26,2015-05-27,良,88,230,57,114,19,38,1.53,78
27,2015-05-28,良,82,248,51,112,18,34,1.42,43
28,2015-05-29,良,57,163,29,61,11,21,1.16,64
29,2015-05-30,良,70,260,32,88,13,31,1.28,58
30,2015-05-31,良,70,185,36,88,14,32,1.33,56
0,2015-04-01,良,51,91,24,60,14,27,1.83,32
1,2015-04-02,良,66,232,31,87,11,26,1.86,33
2,2015-04-03,轻度污染,101,318,72,141,21,27,2.49,25
3,2015-04-04,良,73,211,52,75,12,24,2.13,32
4,2015-04-05,优,45,80,18,45,11,20,1.63,42
5,2015-04-06,良,51,150,23,54,13,25,1.62,40
6,2015-04-07,良,73,297,51,80,17,27,1.74,35
7,2015-04-08,良,73,268,48,93,16,30,1.62,44
8,2015-04-09,良,80,274,45,107,16,37,1.75,41
9,2015-04-10,良,89,272,48,127,17,45,1.77,44
10,2015-04-11,良,81,232,34,111,15,34,1.59,43
11,2015-04-12,良,90,317,24,128,12,26,1.32,56
12,2015-04-13,良,62,157,21,73,14,32,1.46,50
13,2015-04-14,良,88,262,49,125,24,52,1.97,36
14,2015-04-15,良,88,183,38,124,20,47,2.08,41
15,2015-04-16,轻度污染,132,307,45,212,16,31,1.69,48
16,2015-04-17,轻度污染,139,328,61,226,25,47,1.84,28
17,2015-04-18,轻度污染,119,312,65,186,18,42,1.97,21
18,2015-04-19,优,42,35,17,42,12,24,1.54,50
19,2015-04-20,良,58,155,33,65,13,28,1.76,43
20,2015-04-21,优,38,29,12,34,10,22,1.48,58
21,2015-04-22,良,61,120,28,72,17,45,1.76,31
22,2015-04-23,良,75,180,39,99,17,48,1.73,44
23,2015-04-24,良,77,183,39,100,19,49,1.63,52
24,2015-04-25,良,87,205,49,122,20,53,1.71,53
25,2015-04-26,良,82,173,40,113,18,47,1.63,52
26,2015-04-27,良,69,109,32,86,14,41,1.65,52
27,2015-04-28,良,80,223,35,108,16,48,1.7,56
28,2015-04-29,良,93,274,53,134,20,41,1.73,70
29,2015-04-30,良,94,236,55,137,18,29,1.68,96
0,2015-03-01,良,64,193,30,76,25,35,2.1,20
1,2015-03-02,良,79,203,44,105,27,32,2.03,30
2,2015-03-03,轻度污染,118,315,35,184,15,16,1.23,54
3,2015-03-04,良,68,255,28,85,28,23,1.44,35
4,2015-03-05,良,76,258,53,91,19,26,1.56,26
5,2015-03-06,良,98,275,73,119,27,44,1.93,28
6,2015-03-07,轻度污染,111,293,83,153,28,50,2.11,28
7,2015-03-08,轻度污染,102,280,70,138,27,48,2.05,33
8,2015-03-09,良,79,230,35,106,31,37,1.47,31
9,2015-03-10,良,89,275,50,124,39,32,1.47,26
10,2015-03-11,良,86,257,51,120,33,36,1.57,32
11,2015-03-12,良,100,250,69,148,36,56,1.86,50
12,2015-03-13,轻度污染,110,272,74,168,44,56,2.11,43
13,2015-03-14,轻度污染,124,265,76,192,42,51,1.72,44
14,2015-03-15,中度污染,153,317,107,251,49,68,2.15,23
15,2015-03-16,中度污染,178,331,134,285,41,68,2.58,44
16,2015-03-17,中度污染,153,331,110,253,39,69,2.4,19
17,2015-03-18,良,79,240,57,95,15,28,1.61,32
18,2015-03-19,良,65,138,43,77,16,33,1.83,15
19,2015-03-20,良,54,91,26,58,16,27,1.42,39
20,2015-03-21,良,75,170,37,97,19,38,1.59,36
21,2015-03-22,良,93,215,56,135,23,41,1.68,27
22,2015-03-23,良,52,63,30,56,12,26,1.38,43
23,2015-03-24,轻度污染,101,308,65,136,19,38,1.82,11
24,2015-03-25,良,77,225,55,85,12,33,1.6,22
25,2015-03-26,良,53,97,36,55,14,28,1.36,36
26,2015-03-27,良,84,223,60,102,17,34,1.67,21
27,2015-03-28,良,79,169,40,106,17,39,1.8,29
28,2015-03-29,轻度污染,120,261,64,188,25,43,1.99,43
29,2015-03-30,良,85,217,55,117,21,37,1.76,59
30,2015-03-31,轻度污染,107,285,79,158,22,44,2.15,29
0,2015-02-01,轻度污染,142,324,108,173,50,43,3.13,14
1,2015-02-02,中度污染,169,319,128,211,62,51,3.31,10
2,2015-02-03,中度污染,198,312,149,244,57,57,3.68,12
3,2015-02-04,轻度污染,124,224,91,156,40,51,2.96,22
4,2015-02-05,良,79,170,52,105,41,50,2.54,17
5,2015-02-06,良,86,151,55,119,43,52,2.75,17
6,2015-02-07,良,68,85,35,84,35,35,2.04,30
7,2015-02-08,良,75,183,38,98,39,40,2.19,23
8,2015-02-09,良,87,203,53,121,54,48,2.46,19
9,2015-02-10,轻度污染,105,203,74,148,43,48,2.94,25
10,2015-02-11,良,98,162,47,143,34,43,2.86,24
11,2015-02-12,良,97,171,44,142,36,45,2.75,24
12,2015-02-13,良,92,175,51,133,45,47,2.84,27
13,2015-02-14,轻度污染,125,206,90,191,58,54,3.37,15
14,2015-02-15,良,98,172,40,143,26,29,2.18,35
15,2015-02-16,良,73,89,32,94,26,30,2.2,28
16,2015-02-17,良,89,180,53,127,41,39,2.33,32
17,2015-02-18,轻度污染,130,302,85,205,46,31,2.36,36
18,2015-02-19,轻度污染,101,170,72,141,30,18,1.86,51
19,2015-02-20,良,90,278,65,105,22,20,1.91,30
20,2015-02-21,轻度污染,108,286,74,135,21,26,2.14,30
21,2015-02-22,轻度污染,131,264,42,209,20,16,1.62,40
22,2015-02-23,轻度污染,106,289,48,161,31,24,1.87,27
23,2015-02-24,轻度污染,110,294,68,169,34,32,2.31,27
24,2015-02-25,良,95,268,46,137,23,30,2.27,31
25,2015-02-26,轻度污染,109,311,60,166,45,30,2.39,30
26,2015-02-27,良,92,328,52,133,27,23,2.19,39
27,2015-02-28,良,88,316,57,107,18,23,1.93,24
0,2015-01-01,良,92,245,54,132,56,43,2.26,11
1,2015-01-02,轻度污染,109,446,75,165,70,48,2.62,8
2,2015-01-03,轻度污染,147,256,111,227,93,62,3.36,10
3,2015-01-04,重度污染,212,276,162,308,106,84,3.75,12
4,2015-01-05,良,93,109,41,132,39,36,1.93,18
5,2015-01-06,良,66,157,27,79,35,30,1.57,20
6,2015-01-07,良,92,247,62,128,39,40,2.11,15
7,2015-01-08,轻度污染,103,209,66,142,42,45,2.35,14
8,2015-01-09,轻度污染,112,192,74,172,52,56,2.66,11
9,2015-01-10,中度污染,159,262,121,240,62,65,3.22,13
10,2015-01-11,重度污染,203,333,154,289,69,76,3.7,13
11,2015-01-12,重度污染,213,351,165,300,69,66,3.79,15
12,2015-01-13,中度污染,194,344,146,275,58,60,3.46,11
13,2015-01-14,重度污染,244,350,192,344,57,64,3.95,10
14,2015-01-15,重度污染,241,331,191,332,48,59,3.86,15
15,2015-01-16,轻度污染,150,263,109,209,47,55,3.53,15
16,2015-01-17,良,93,169,64,135,56,47,2.7,11
17,2015-01-18,良,75,87,44,97,33,38,2.53,21
18,2015-01-19,轻度污染,111,253,71,169,62,62,3.27,11
19,2015-01-20,轻度污染,104,212,62,143,48,46,2.49,23
20,2015-01-21,良,69,80,19,86,25,32,1.63,31
21,2015-01-22,良,83,113,50,114,54,47,2.21,17
22,2015-01-23,轻度污染,126,189,94,192,70,64,3.11,13
23,2015-01-24,中度污染,171,255,129,252,87,63,3.4,11
24,2015-01-25,中度污染,198,285,152,288,46,50,3.38,7
25,2015-01-26,重度污染,236,310,185,342,59,58,3.63,9
26,2015-01-27,轻度污染,149,333,114,200,46,43,3.05,10
27,2015-01-28,良,72,262,52,68,38,28,2.29,18
28,2015-01-29,良,73,232,46,86,45,31,2.64,22
29,2015-01-30,良,62,139,32,72,37,36,2.55,19
30,2015-01-31,良,85,242,59,100,41,37,2.6,14
0,2014-12-01,良,61,55,25,70,26,35,0.9,23
1,2014-12-02,良,93,166,58,134,44,43,1.74,6
2,2014-12-03,良,69,87,24,87,27,43,1.13,30
3,2014-12-04,良,70,112,34,89,33,44,1.38,20
4,2014-12-05,轻度污染,106,152,65,160,50,50,2.05,10
5,2014-12-06,轻度污染,133,151,99,205,55,54,2.31,7
6,2014-12-07,良,99,112,53,146,39,44,1.86,13
7,2014-12-08,轻度污染,119,128,78,184,73,50,2.16,12
8,2014-12-09,轻度污染,108,126,75,155,55,45,1.87,9
9,2014-12-10,良,84,76,34,116,31,37,1.37,18
10,2014-12-11,良,99,129,56,146,45,43,1.73,10
11,2014-12-12,良,87,117,44,122,33,43,1.51,17
12,2014-12-13,轻度污染,117,169,79,183,48,55,2.2,11
13,2014-12-14,轻度污染,142,149,107,217,54,61,2.48,11
14,2014-12-15,良,99,62,49,140,32,37,1.63,25
15,2014-12-16,良,61,61,23,70,30,37,1.46,28
16,2014-12-17,良,100,160,63,148,51,59,2.28,12
17,2014-12-18,中度污染,172,174,130,259,77,84,2.72,13
18,2014-12-19,轻度污染,135,163,100,201,59,58,2.23,13
19,2014-12-20,良,72,86,37,91,64,34,1.53,15
20,2014-12-21,良,59,41,23,69,29,27,1.28,27
21,2014-12-22,良,89,84,54,127,63,42,1.88,13
22,2014-12-23,轻度污染,106,75,73,159,61,55,2.25,11
23,2014-12-24,中度污染,179,153,137,256,71,62,3.07,12
24,2014-12-25,轻度污染,129,142,93,181,89,46,2.55,9
25,2014-12-26,轻度污染,150,145,114,230,136,51,3.05,8
26,2014-12-27,中度污染,156,134,116,223,90,53,2.96,11
27,2014-12-28,良,88,52,55,123,46,45,2.37,15
28,2014-12-29,轻度污染,101,67,65,149,54,54,2.85,10
29,2014-12-30,轻度污染,102,79,66,149,50,47,2.69,17
30,2014-12-31,良,70,188,20,88,25,23,1.48,35
0,2014-11-01,良,51,37,24,55,19,36,1.25,17
1,2014-11-02,良,73,130,26,95,19,39,1.23,27
2,2014-11-03,良,84,152,44,116,22,48,1.6,15
3,2014-11-04,轻度污染,118,170,79,184,29,61,2.0,13
4,2014-11-05,良,71,41,45,87,21,44,1.49,30
5,2014-11-06,良,99,114,66,144,30,51,1.95,15
6,2014-11-07,轻度污染,124,182,92,170,40,50,1.87,10
7,2014-11-08,中度污染,154,184,116,197,36,48,2.06,11
8,2014-11-09,中度污染,177,172,134,205,40,49,2.22,10
9,2014-11-10,中度污染,168,153,127,201,37,44,2.22,8
10,2014-11-11,良,81,78,41,104,23,40,1.51,23
11,2014-11-12,良,83,131,47,115,24,45,1.73,17
12,2014-11-13,良,85,144,53,117,26,44,1.76,16
13,2014-11-14,轻度污染,114,157,84,167,51,50,2.12,11
14,2014-11-15,轻度污染,101,104,71,126,36,40,1.77,14
15,2014-11-16,轻度污染,103,97,74,146,34,54,2.02,12
16,2014-11-17,轻度污染,125,133,94,181,43,52,2.16,14
17,2014-11-18,中度污染,196,188,147,250,49,62,2.42,11
18,2014-11-19,中度污染,170,164,129,197,48,66,2.02,16
19,2014-11-20,中度污染,158,150,119,199,40,55,2.04,17
20,2014-11-21,重度污染,206,145,157,263,53,61,2.46,7
21,2014-11-22,重度污染,239,164,188,285,59,55,2.81,6
22,2014-11-23,中度污染,186,158,140,207,85,49,2.68,6
23,2014-11-24,良,85,115,60,98,27,34,1.8,7
24,2014-11-25,良,63,71,43,71,25,35,1.42,15
25,2014-11-26,良,94,117,64,136,35,41,1.69,7
26,2014-11-27,良,96,129,62,138,38,41,1.75,7
27,2014-11-28,良,79,105,49,105,29,40,1.32,10
28,2014-11-29,轻度污染,118,140,85,180,44,45,2.13,5
29,2014-11-30,良,70,118,32,86,27,31,1.01,28
0,2014-10-01,良,68,121,41,78,10,32,1.36,18
1,2014-10-02,良,92,155,42,132,11,45,1.48,19
2,2014-10-03,轻度污染,113,170,72,174,17,44,1.5,34
3,2014-10-04,轻度污染,102,169,64,150,16,45,1.48,21
4,2014-10-05,良,77,126,35,102,17,48,1.24,28
5,2014-10-06,轻度污染,116,178,84,153,21,43,1.46,60
6,2014-10-07,轻度污染,144,171,108,194,25,53,1.54,50
7,2014-10-08,重度污染,225,182,174,304,26,68,1.86,36
8,2014-10-09,严重污染,251,181,201,322,23,61,1.8,60
9,2014-10-10,轻度污染,131,149,97,182,20,40,1.23,86
10,2014-10-11,良,94,122,53,128,14,31,0.91,30
11,2014-10-12,优,44,36,18,43,13,25,0.75,19
12,2014-10-13,良,51,45,22,51,20,29,0.84,22
13,2014-10-14,良,66,41,37,81,19,45,1.3,24
14,2014-10-15,良,79,31,49,106,25,49,1.47,11
15,2014-10-16,轻度污染,117,134,82,179,27,63,1.69,11
16,2014-10-17,轻度污染,109,114,76,150,24,52,1.59,28
17,2014-10-18,轻度污染,124,123,90,173,27,58,1.61,24
18,2014-10-19,轻度污染,139,153,104,188,20,58,1.76,26
19,2014-10-20,轻度污染,104,120,76,137,15,49,1.75,6
20,2014-10-21,轻度污染,119,153,89,157,14,53,1.47,24
21,2014-10-22,中度污染,152,178,114,209,14,50,1.46,10
22,2014-10-23,轻度污染,104,106,71,153,15,50,1.81,15
23,2014-10-24,良,100,99,59,147,18,56,1.92,21
24,2014-10-25,轻度污染,105,124,70,156,20,56,2.02,22
25,2014-10-26,轻度污染,114,138,81,165,21,59,1.82,24
26,2014-10-27,轻度污染,102,131,63,149,28,43,1.46,36
27,2014-10-28,良,88,130,59,100,26,39,1.26,14
28,2014-10-29,轻度污染,139,167,105,145,22,43,1.51,9
29,2014-10-30,中度污染,156,163,118,184,32,45,1.75,10
30,2014-10-31,良,91,133,60,105,20,37,1.54,12
0,2014-09-01,良,69,142,44,81,9,41,1.53,22
1,2014-09-02,良,60,136,32,71,11,37,1.34,36
2,2014-09-03,良,56,137,22,60,15,45,1.1,45
3,2014-09-04,良,73,127,38,93,20,55,1.26,59
4,2014-09-05,良,85,116,51,116,16,55,1.49,55
5,2014-09-06,良,74,82,44,96,13,42,1.21,60
6,2014-09-07,良,71,93,50,84,7,35,1.34,33
7,2014-09-08,良,59,71,38,65,6,30,1.31,28
8,2014-09-09,良,62,93,42,68,6,29,1.77,36
9,2014-09-10,良,60,75,42,65,6,31,1.4,19
10,2014-09-11,良,65,120,44,74,6,24,1.13,43
11,2014-09-12,优,35,27,20,34,7,23,1.05,29
12,2014-09-13,优,33,23,20,32,7,27,1.16,29
13,2014-09-14,优,22,2,13,20,4,33,1.3,25
14,2014-09-15,优,19,1,11,17,7,28,1.57,28
15,2014-09-16,优,27,25,15,25,7,28,1.39,20
16,2014-09-17,优,30,27,17,29,7,33,1.53,16
17,2014-09-18,良,55,99,31,60,9,36,1.74,29
18,2014-09-19,良,73,125,44,94,12,46,1.75,38
19,2014-09-20,良,90,162,60,127,13,53,1.8,43
20,2014-09-21,良,91,159,62,129,13,46,1.6,50
21,2014-09-22,良,72,127,42,91,13,37,1.16,45
22,2014-09-23,优,46,56,22,49,10,33,1.01,15
23,2014-09-24,良,61,107,31,70,16,45,1.25,36
24,2014-09-25,良,96,145,66,133,16,52,1.4,22
25,2014-09-26,轻度污染,116,157,86,162,17,49,1.56,30
26,2014-09-27,轻度污染,107,138,79,149,14,52,1.61,16
27,2014-09-28,优,35,14,22,35,7,28,1.1,39
28,2014-09-29,优,49,56,25,51,9,35,1.24,36
29,2014-09-30,良,62,131,35,73,10,28,1.16,40
0,2014-08-01,轻度污染,123,174,86,151,9,30,1.22,107
1,2014-08-02,轻度污染,113,173,79,161,11,38,1.25,102
2,2014-08-03,轻度污染,112,170,80,160,9,42,1.3,94
3,2014-08-04,良,93,140,54,134,8,33,1.14,82
4,2014-08-05,良,79,143,51,106,8,26,1.24,86
5,2014-08-06,良,74,144,51,81,7,25,1.3,35
6,2014-08-07,优,47,48,28,46,5,25,1.14,23
7,2014-08-09,优,39,36,23,40,3,29,1.33,65
8,2014-08-10,良,63,103,33,71,6,37,1.46,62
9,2014-08-11,良,83,117,51,106,5,49,1.58,66
10,2014-08-12,良,59,93,36,73,6,44,1.27,21
11,2014-08-13,良,55,88,25,60,7,36,1.11,41
12,2014-08-14,良,62,124,27,65,11,41,0.98,60
13,2014-08-15,良,69,93,33,85,12,54,1.08,59
14,2014-08-16,良,85,128,54,118,15,52,1.4,36
15,2014-08-17,良,77,138,54,96,14,34,1.46,33
16,2014-08-18,良,78,159,52,91,15,34,1.4,50
17,2014-08-19,良,83,147,47,106,15,49,1.14,69
18,2014-08-20,良,88,130,51,125,18,58,1.25,57
19,2014-08-21,轻度污染,108,144,76,160,17,50,1.36,65
20,2014-08-23,良,74,103,35,96,14,44,1.1,46
21,2014-08-24,良,57,93,20,64,13,39,0.94,49
22,2014-08-25,良,70,119,26,87,18,57,1.08,45
23,2014-08-26,良,94,144,49,135,26,63,1.43,63
24,2014-08-27,良,67,109,37,82,12,29,1.13,63
25,2014-08-28,良,61,87,31,70,13,31,1.13,56
26,2014-08-29,良,66,122,36,76,12,30,1.15,59
27,2014-08-30,优,42,22,21,46,7,26,1.13,34
28,2014-08-31,优,49,65,25,52,7,31,1.26,33
0,2014-07-01,轻度污染,105,140,69,145,17,43,1.63,76
1,2014-07-02,良,76,129,27,80,12,38,1.27,93
2,2014-07-03,良,66,79,30,81,12,46,1.16,58
3,2014-07-04,良,85,130,38,100,13,47,1.14,78
4,2014-07-05,良,79,135,44,93,11,30,1.06,91
5,2014-07-06,良,83,147,45,100,11,30,1.1,103
6,2014-07-07,良,88,143,44,100,12,35,1.14,101
7,2014-07-08,良,88,130,49,118,11,38,1.11,87
8,2014-07-09,优,40,20,16,41,6,21,0.88,46
9,2014-07-10,优,29,9,13,26,4,22,0.93,42
10,2014-07-11,良,56,64,21,50,6,30,1.1,60
11,2014-07-12,良,68,110,26,84,6,36,1.04,67
12,2014-07-13,良,78,141,29,94,8,41,1.01,72
13,2014-07-14,良,71,93,28,75,7,35,0.95,81
14,2014-07-15,良,81,137,42,100,14,49,1.14,92
15,2014-07-16,良,84,150,38,111,11,47,1.12,62
16,2014-07-17,良,69,107,25,75,7,32,0.87,88
17,2014-07-18,良,68,107,35,82,6,26,0.94,81
18,2014-07-19,优,48,58,15,49,3,14,0.8,44
19,2014-07-20,优,38,34,11,38,4,17,0.85,27
20,2014-07-21,良,54,75,17,58,6,24,0.88,45
21,2014-07-22,良,76,133,26,87,9,27,0.95,74
22,2014-07-23,良,52,78,26,52,6,23,1.01,60
23,2014-07-24,良,59,101,15,52,11,28,0.88,79
24,2014-07-25,良,75,139,32,88,11,47,0.95,70
25,2014-07-26,良,86,102,49,114,11,44,1.07,75
26,2014-07-27,良,85,98,47,103,11,34,1.11,111
27,2014-07-28,良,96,119,60,128,12,34,1.11,117
28,2014-07-29,良,90,117,58,120,6,35,1.15,93
29,2014-07-30,良,90,168,54,119,8,31,1.23,93
30,2014-07-31,良,97,161,64,119,6,26,1.08,97
0,2014-06-01,良,79,120,55,104,12,20,1.64,76
1,2014-06-02,轻度污染,104,171,72,143,12,23,1.89,82
2,2014-06-03,良,88,156,60,120,13,17,1.74,91
3,2014-06-04,良,60,59,34,66,9,17,1.62,50
4,2014-06-05,良,100,131,73,121,11,33,1.74,61
5,2014-06-06,良,77,100,40,101,10,32,1.44,31
6,2014-06-07,良,64,90,28,77,11,34,1.33,46
7,2014-06-08,良,79,93,35,93,14,36,1.42,89
8,2014-06-09,良,89,139,47,125,25,47,1.54,69
9,2014-06-10,良,90,140,48,126,23,48,1.35,67
10,2014-06-11,良,82,129,44,109,20,50,1.27,61
11,2014-06-12,轻度污染,145,183,103,201,19,40,1.43,68
12,2014-06-13,良,68,57,45,82,9,31,1.08,38
13,2014-06-14,良,75,57,53,87,8,32,1.22,29
14,2014-06-15,良,67,44,42,76,8,34,1.31,48
15,2014-06-16,良,74,77,42,92,11,38,1.27,66
16,2014-06-17,良,57,57,20,65,9,25,1.18,68
17,2014-06-18,良,78,113,40,104,12,41,1.24,64
18,2014-06-19,良,54,66,25,61,11,24,1.16,28
19,2014-06-20,良,66,134,37,80,14,35,1.34,31
20,2014-06-21,良,71,134,38,88,9,37,1.36,57
21,2014-06-22,良,78,137,47,101,11,38,1.4,67
22,2014-06-23,良,69,99,39,85,11,28,1.42,64
23,2014-06-24,良,56,62,32,61,8,18,1.23,63
24,2014-06-25,良,54,75,33,55,9,29,1.38,37
25,2014-06-26,良,73,122,41,81,12,39,1.57,70
26,2014-06-27,良,82,155,42,99,20,42,1.49,76
27,2014-06-28,良,87,133,60,121,17,42,1.57,40
28,2014-06-29,良,61,76,36,52,11,27,1.38,51
29,2014-06-30,良,98,137,69,127,15,46,1.74,58
0,2014-05-01,轻度污染,145,164,60,218,16,37,1.39,26
1,2014-05-02,轻度污染,103,130,47,155,15,33,1.24,29
2,2014-05-03,轻度污染,114,172,53,178,19,42,1.43,19
3,2014-05-04,轻度污染,103,187,49,156,16,32,1.45,40
4,2014-05-05,良,99,184,50,147,24,41,1.38,38
5,2014-05-06,轻度污染,107,165,60,162,23,41,1.5,48
6,2014-05-07,轻度污染,103,157,53,154,18,41,1.44,46
7,2014-05-08,轻度污染,110,142,55,169,20,33,1.43,53
8,2014-05-09,轻度污染,128,171,70,187,13,17,1.3,64
9,2014-05-10,良,60,97,40,66,8,18,1.34,22
10,2014-05-11,良,62,131,25,73,10,23,1.33,39
11,2014-05-12,良,79,113,40,106,16,39,1.47,27
12,2014-05-13,良,81,83,48,111,13,36,1.59,20
13,2014-05-14,良,65,67,30,80,11,25,1.42,29
14,2014-05-15,良,74,90,35,97,16,30,1.38,42
15,2014-05-16,良,91,96,49,131,20,42,1.66,17
16,2014-05-17,良,90,100,51,128,19,35,1.76,48
17,2014-05-18,良,91,120,57,131,20,36,1.61,63
18,2014-05-19,良,100,128,55,150,12,22,1.45,58
19,2014-05-20,轻度污染,114,132,64,177,17,34,1.6,46
20,2014-05-21,良,98,92,53,145,15,30,1.59,56
21,2014-05-22,良,85,78,56,116,10,21,1.57,70
22,2014-05-23,良,61,75,38,69,7,22,1.63,55
23,2014-05-24,良,66,116,38,78,8,21,1.63,56
24,2014-05-25,重度污染,236,183,112,364,10,25,1.43,38
25,2014-05-26,中度污染,161,174,88,258,12,31,1.68,39
26,2014-05-27,轻度污染,105,87,54,159,17,34,1.81,37
27,2014-05-28,轻度污染,108,119,64,165,17,40,1.91,47
28,2014-05-29,良,99,81,64,147,18,45,1.7,53
29,2014-05-30,轻度污染,107,91,60,162,16,43,1.83,22
30,2014-05-31,轻度污染,106,112,71,160,13,26,1.79,55
0,2014-04-01,轻度污染,108,143,76,149,26,57,1.87,41
1,2014-04-02,轻度污染,110,155,77,167,32,62,1.85,27
2,2014-04-03,轻度污染,103,156,76,137,27,51,1.83,32
3,2014-04-04,轻度污染,102,140,76,136,30,52,1.89,28
4,2014-04-05,良,92,119,58,130,23,48,1.9,40
5,2014-04-06,轻度污染,108,166,52,164,27,51,1.79,42
6,2014-04-07,良,91,111,52,131,19,48,1.88,56
7,2014-04-08,轻度污染,107,97,62,163,23,62,2.08,46
8,2014-04-09,轻度污染,117,112,79,180,24,59,2.19,60
9,2014-04-10,轻度污染,122,141,89,185,21,61,2.25,27
10,2014-04-11,良,82,90,59,91,9,37,2.2,25
11,2014-04-12,良,76,97,55,90,11,45,2.16,33
12,2014-04-13,良,90,127,65,122,12,44,2.23,52
13,2014-04-14,良,85,80,58,113,15,35,1.65,54
14,2014-04-15,良,74,59,49,90,8,34,1.29,31
15,2014-04-16,良,71,79,47,90,8,34,1.43,24
16,2014-04-17,良,83,97,57,112,13,47,1.64,27
17,2014-04-18,良,88,120,64,118,9,42,1.78,20
18,2014-04-19,良,55,69,34,59,8,32,1.73,32
19,2014-04-20,良,81,125,56,106,11,39,1.52,21
20,2014-04-21,良,62,73,37,74,8,36,1.22,20
21,2014-04-22,良,66,68,38,79,11,37,1.14,32
22,2014-04-23,良,99,124,68,145,15,47,1.32,31
23,2014-04-24,轻度污染,112,160,83,163,16,40,1.37,41
24,2014-04-25,轻度污染,145,172,70,187,8,22,0.92,36
25,2014-04-26,轻度污染,112,172,53,168,12,31,1.05,31
26,2014-04-27,中度污染,183,185,79,312,17,42,1.26,33
27,2014-04-28,中度污染,177,188,80,302,18,47,1.58,36
28,2014-04-29,轻度污染,142,185,71,233,17,48,1.7,36
29,2014-04-30,轻度污染,131,169,66,211,20,50,1.76,31
0,2014-03-01,中度污染,174,184,131,184,43,51,2.61,13
1,2014-03-02,重度污染,208,178,159,242,55,59,2.89,12
2,2014-03-03,重度污染,250,185,199,302,52,62,3.04,12
3,2014-03-04,中度污染,152,176,111,178,50,49,2.34,21
4,2014-03-05,中度污染,155,181,114,191,52,52,2.54,15
5,2014-03-06,中度污染,166,186,126,161,43,48,2.79,12
6,2014-03-07,轻度污染,150,180,114,160,44,42,2.56,16
7,2014-03-08,轻度污染,108,136,81,129,54,55,3.05,31
8,2014-03-09,轻度污染,109,134,81,158,45,57,3.19,29
9,2014-03-10,轻度污染,149,145,111,210,50,58,3.02,31
10,2014-03-11,轻度污染,102,88,75,148,42,47,2.21,35
11,2014-03-12,轻度污染,108,132,34,165,25,31,1.66,34
12,2014-03-13,良,77,101,33,103,34,42,1.74,27
13,2014-03-14,良,96,124,49,142,34,51,1.98,25
14,2014-03-15,轻度污染,109,117,61,166,37,51,2.14,30
15,2014-03-16,轻度污染,120,121,75,188,34,60,2.3,32
16,2014-03-17,轻度污染,145,125,88,237,34,53,2.28,29
17,2014-03-18,重度污染,240,159,108,357,35,55,2.25,16
18,2014-03-19,轻度污染,113,126,73,175,30,42,2.0,26
19,2014-03-20,良,74,78,26,98,18,32,1.62,37
20,2014-03-21,良,97,164,50,144,29,50,2.02,28
21,2014-03-22,轻度污染,111,153,70,172,37,59,2.47,34
22,2014-03-23,轻度污染,106,120,71,162,36,55,2.45,36
23,2014-03-25,良,96,79,59,142,29,51,2.01,44
24,2014-03-26,轻度污染,129,121,82,206,35,64,2.14,44
25,2014-03-27,轻度污染,104,75,58,156,23,41,1.64,46
26,2014-03-28,中度污染,191,176,71,283,24,44,1.53,26
27,2014-03-29,严重污染,270,189,92,381,32,56,1.67,36
28,2014-03-30,轻度污染,125,146,81,194,25,59,1.76,21
29,2014-03-31,轻度污染,112,147,84,144,18,35,1.77,34
0,2014-02-01,严重污染,391,188,346,454,67,72,3.75,26
1,2014-02-02,严重污染,432,187,395,508,64,87,4.34,33
2,2014-02-03,严重污染,253,188,204,324,52,53,2.74,35
3,2014-02-04,轻度污染,122,172,63,193,54,35,1.95,24
4,2014-02-05,良,82,157,60,87,29,29,1.85,24
5,2014-02-06,轻度污染,101,156,75,96,47,33,1.88,20
6,2014-02-07,中度污染,163,180,125,154,53,44,2.11,21
7,2014-02-08,重度污染,230,189,179,229,72,45,2.39,19
8,2014-02-09,良,93,173,68,98,55,36,1.92,29
9,2014-02-10,轻度污染,111,174,83,115,58,42,2.0,26
10,2014-02-11,中度污染,166,180,125,165,88,52,2.07,23
11,2014-02-12,重度污染,233,183,182,230,89,55,2.45,23
12,2014-02-13,中度污染,199,177,151,186,100,52,2.36,31
13,2014-02-14,重度污染,235,174,184,235,97,58,2.57,26
14,2014-02-15,严重污染,299,181,248,312,86,62,3.04,18
15,2014-02-16,严重污染,277,178,227,289,76,60,2.82,18
16,2014-02-17,中度污染,182,173,139,172,44,45,2.51,17
17,2014-02-18,中度污染,193,188,145,180,58,45,2.29,23
18,2014-02-19,中度污染,173,181,131,166,54,56,2.41,24
19,2014-02-20,中度污染,190,164,144,204,56,55,2.4,21
20,2014-02-21,严重污染,262,179,212,301,92,65,2.35,21
21,2014-02-22,严重污染,292,180,242,336,78,63,2.66,18
22,2014-02-23,严重污染,297,181,247,346,74,66,2.68,20
23,2014-02-24,严重污染,291,173,241,342,67,62,2.8,16
24,2014-02-25,严重污染,295,174,243,350,57,60,2.79,18
25,2014-02-26,重度污染,205,168,163,255,43,49,2.63,11
26,2014-02-27,轻度污染,125,155,70,198,43,40,2.08,16
27,2014-02-28,轻度污染,117,177,88,121,38,38,2.14,12
0,2014-01-01,轻度污染,108,61,90,188,71,68,3.86,18
1,2014-01-02,轻度污染,126,76,90,180,67,64,3.63,17
2,2014-01-03,良,92,47,49,133,49,52,2.7,19
3,2014-01-04,轻度污染,114,78,72,171,67,65,3.34,14
4,2014-01-05,中度污染,199,139,151,289,110,82,4.17,13
5,2014-01-06,重度污染,215,144,165,307,145,83,4.2,13
6,2014-01-07,轻度污染,124,98,89,164,63,52,3.03,12
7,2014-01-08,良,73,88,34,96,46,41,2.43,19
8,2014-01-09,良,96,132,64,139,79,54,2.76,13
9,2014-01-10,中度污染,178,153,135,235,119,76,3.01,13
10,2014-01-11,中度污染,161,135,122,209,90,66,2.66,16
11,2014-01-12,良,89,75,45,127,62,53,2.13,15
12,2014-01-13,轻度污染,119,128,81,186,75,63,2.76,12
13,2014-01-14,中度污染,182,145,137,261,101,82,3.35,12
14,2014-01-15,严重污染,279,156,228,369,125,92,3.69,14
15,2014-01-16,严重污染,317,177,266,390,121,101,3.96,15
16,2014-01-17,重度污染,236,148,190,277,83,87,3.42,14
17,2014-01-18,轻度污染,124,67,93,175,91,72,2.57,14
18,2014-01-19,轻度污染,105,32,56,151,59,58,1.97,20
19,2014-01-20,良,78,39,45,104,53,60,2.1,20
20,2014-01-21,轻度污染,115,146,83,173,77,77,2.65,15
21,2014-01-22,中度污染,190,180,144,231,92,90,3.11,17
22,2014-01-24,重度污染,222,158,173,282,99,78,2.73,18
23,2014-01-25,轻度污染,131,98,98,189,78,70,2.49,17
24,2014-01-26,中度污染,168,161,127,218,85,65,2.38,20
25,2014-01-27,严重污染,253,170,202,289,81,74,2.82,19
26,2014-01-28,重度污染,247,172,197,281,88,76,2.9,22
27,2014-01-29,严重污染,293,181,242,331,82,84,3.08,29
28,2014-01-30,严重污染,356,188,302,409,92,88,3.31,39
29,2014-01-31,严重污染,486,189,527,659,125,85,3.84,24
0,2013-12-01,良,77,33,65,135,73,62,2.73,12
1,2013-12-02,轻度污染,134,55,152,246,108,67,3.3,13
2,2013-12-03,中度污染,185,66,96,153,68,50,2.06,17
3,2013-12-04,良,81,9,56,130,91,52,2.18,20
4,2013-12-05,良,84,22,39,103,68,48,1.87,19
5,2013-12-06,良,94,34,86,196,97,66,2.25,21
6,2013-12-07,中度污染,151,50,126,221,86,79,2.58,23
7,2013-12-08,中度污染,170,44,89,158,62,52,2.05,17
8,2013-12-09,良,79,18,31,84,51,43,1.52,18
9,2013-12-10,良,87,28,73,161,69,52,2.08,16
10,2013-12-11,良,100,45,69,143,60,57,2.55,21
11,2013-12-12,良,95,43,77,142,83,66,2.95,21
12,2013-12-13,轻度污染,120,60,104,155,90,75,3.45,24
13,2013-12-14,轻度污染,136,60,96,148,99,69,3.31,19
14,2013-12-15,良,94,44,59,103,59,52,2.77,21
15,2013-12-16,轻度污染,107,57,96,154,61,64,3.07,14
16,2013-12-17,中度污染,178,86,209,352,85,70,3.37,16
17,2013-12-18,严重污染,410,114,412,601,75,86,3.93,14
18,2013-12-19,严重污染,499,114,420,609,87,83,4.11,12
19,2013-12-20,严重污染,499,113,425,607,111,97,4.3,13
20,2013-12-21,严重污染,450,110,382,521,94,86,4.38,13
21,2013-12-22,严重污染,436,113,431,581,137,96,5.03,15
22,2013-12-23,严重污染,499,112,535,732,115,119,5.84,15
23,2013-12-24,严重污染,500,113,597,818,130,126,6.2,15
24,2013-12-25,严重污染,500,110,521,740,116,119,6.33,17
25,2013-12-26,严重污染,352,105,103,185,51,55,2.94,18
26,2013-12-27,良,91,42,81,153,61,57,2.8,22
27,2013-12-28,轻度污染,145,85,108,178,70,66,3.17,25
28,2013-12-29,轻度污染,141,93,128,219,84,78,3.57,24
29,2013-12-30,中度污染,171,107,97,165,56,66,3.44,25
30,2013-12-31,轻度污染,106,59,69,141,53,60,3.63,19
0,2013-11-01,良,71,38,51,81,14,43,1.69,17
1,2013-11-02,良,87,34,64,101,17,45,1.98,19
2,2013-11-03,良,96,46,71,111,20,44,1.85,17
3,2013-11-04,轻度污染,135,99,102,140,28,46,2.11,18
4,2013-11-05,轻度污染,121,81,90,126,22,41,2.19,21
5,2013-11-06,轻度污染,110,51,74,131,20,41,2.02,23
6,2013-11-07,轻度污染,105,62,102,162,31,52,1.7,14
7,2013-11-08,轻度污染,143,81,85,133,28,49,1.76,17
8,2013-11-09,良,83,37,38,53,16,30,1.21,18
9,2013-11-10,优,40,5,21,37,17,31,1.1,11
10,2013-11-11,优,49,19,34,58,30,36,1.27,9
11,2013-11-12,良,57,39,40,68,34,45,1.26,11
12,2013-11-13,良,69,45,56,108,38,53,1.62,17
13,2013-11-14,轻度污染,104,63,62,201,33,39,1.29,21
14,2013-11-15,轻度污染,144,72,84,269,64,57,1.73,13
15,2013-11-16,轻度污染,142,64,69,215,52,49,1.6,20
16,2013-11-17,轻度污染,112,70,88,216,69,55,1.81,13
17,2013-11-18,轻度污染,137,106,116,268,77,66,2.33,13
18,2013-11-19,中度污染,166,109,128,274,89,74,2.53,12
19,2013-11-20,中度污染,183,101,122,238,68,69,2.4,15
20,2013-11-21,中度污染,154,74,130,284,85,72,2.49,14
21,2013-11-22,重度污染,212,86,168,281,103,80,2.95,15
22,2013-11-23,轻度污染,146,63,49,69,31,41,1.76,17
23,2013-11-24,良,76,24,35,148,38,35,1.53,21
24,2013-11-25,良,99,77,52,150,60,52,2.4,14
25,2013-11-26,良,92,72,48,130,55,50,1.92,16
26,2013-11-27,良,69,31,24,73,43,40,1.39,27
27,2013-11-28,良,64,47,36,95,46,40,1.82,18
28,2013-11-29,良,76,64,56,130,77,56,2.17,13
29,2013-11-30,良,88,57,57,118,73,55,2.41,14
0,2013-10-28,严重污染,261,99,210,304,41,81,3.22,31
1,2013-10-29,严重污染,261,101,211,311,46,65,2.82,23
2,2013-10-30,轻度污染,132,85,99,130,18,38,1.92,24
3,2013-10-31,良,70,36,51,69,14,36,1.87,13
