0,2019-12-01,良,51,176,37,37,15,37,1.06,47
1,2019-12-02,良,98,328,73,76,34,59,1.9,30
2,2019-12-03,良,87,300,64,72,28,55,1.94,33
3,2019-12-04,良,86,286,62,71,27,58,2.07,28
4,2019-12-05,良,70,228,49,58,28,55,1.89,28
5,2019-12-06,良,61,193,44,61,30,55,1.9,32
6,2019-12-07,良,85,234,63,77,36,65,2.58,21
7,2019-12-08,良,77,161,55,68,28,58,2.26,27
8,2019-12-09,良,58,81,40,54,25,53,1.95,28
9,2019-12-10,良,53,44,36,50,23,54,2.09,31
0,2019-11-01,良,85,233,59,88,14,54,1.92,33
1,2019-11-02,良,56,142,34,65,20,55,1.52,30
2,2019-11-03,良,60,187,37,70,21,60,1.48,34
3,2019-11-04,良,72,260,52,85,24,60,1.64,41
4,2019-11-05,良,85,283,62,93,30,64,1.5,29
5,2019-11-06,轻度污染,106,318,79,102,30,54,1.49,28
6,2019-11-07,良,80,274,59,72,8,50,1.22,33
7,2019-11-08,良,82,285,60,85,19,55,1.6,40
8,2019-11-09,良,51,84,23,49,8,39,0.78,60
9,2019-11-10,良,54,81,29,61,26,55,1.37,33
10,2019-11-11,良,68,180,44,83,21,55,1.36,38
11,2019-11-12,优,43,73,23,44,10,40,0.57,58
12,2019-11-13,优,48,132,18,51,8,38,0.74,51
13,2019-11-14,良,67,269,36,86,29,60,1.62,34
14,2019-11-15,良,71,250,45,91,29,63,1.65,34
15,2019-11-16,良,78,222,51,103,29,63,1.69,33
16,2019-11-17,良,84,198,35,119,12,35,0.5,56
17,2019-11-18,良,95,302,64,130,35,57,1.59,32
18,2019-11-19,良,79,240,55,101,27,53,1.34,37
19,2019-11-20,良,56,129,31,62,19,49,0.97,48
20,2019-11-21,良,57,134,36,63,23,56,2.22,28
21,2019-11-22,良,84,286,61,105,34,61,2.28,32
22,2019-11-23,良,76,223,49,89,17,45,1.27,42
23,2019-11-24,优,50,173,28,49,16,35,0.8,55
24,2019-11-25,良,81,341,58,88,21,58,2.05,27
25,2019-11-26,良,87,345,64,77,20,53,1.8,38
26,2019-11-27,良,71,285,51,69,19,47,1.45,45
27,2019-11-28,轻度污染,147,363,112,132,24,66,2.7,24
28,2019-11-29,良,67,246,48,55,14,38,0.78,39
29,2019-11-30,优,46,116,28,45,13,32,0.73,46
0,2019-10-01,良,62,186,39,72,13,47,1.69,47
1,2019-10-02,良,62,218,41,76,14,40,1.6,56
2,2019-10-03,良,52,151,33,52,16,35,0.86,49
3,2019-10-04,优,26,69,13,22,6,23,0.53,62
4,2019-10-05,优,32,173,21,30,7,28,0.7,57
5,2019-10-06,优,22,39,14,18,6,26,0.71,39
6,2019-10-07,优,37,151,24,33,9,27,0.88,49
7,2019-10-08,优,40,162,27,39,9,33,0.92,48
8,2019-10-09,优,39,130,27,32,9,37,0.97,34
9,2019-10-10,优,27,41,15,25,7,35,0.7,42
10,2019-10-11,优,36,96,17,35,6,38,0.64,35
11,2019-10-12,优,36,90,20,33,7,38,0.84,39
12,2019-10-13,优,49,198,26,52,14,37,0.8,46
13,2019-10-14,优,34,119,21,33,7,33,0.55,66
14,2019-10-15,优,29,70,17,25,6,34,0.75,45
15,2019-10-16,优,36,109,22,33,13,38,0.93,50
16,2019-10-17,优,47,157,26,49,10,39,1.06,42
17,2019-10-18,良,55,213,27,64,13,49,1.65,27
18,2019-10-19,良,70,233,44,89,14,48,1.53,35
19,2019-10-20,良,68,189,34,85,10,47,1.1,39
20,2019-10-21,良,76,258,51,97,15,45,1.47,35
21,2019-10-22,优,47,106,30,48,17,45,1.69,41
22,2019-10-23,良,66,216,41,81,14,46,1.42,38
23,2019-10-24,优,23,20,11,20,8,28,0.68,52
24,2019-10-25,优,31,109,18,31,9,37,0.74,50
25,2019-10-26,优,39,143,22,41,13,41,0.9,50
26,2019-10-27,良,66,244,46,78,21,58,1.53,27
27,2019-10-28,良,71,211,47,84,15,55,1.59,37
28,2019-10-29,良,61,188,35,76,21,56,1.86,34
29,2019-10-30,良,67,151,38,84,15,55,1.22,40
30,2019-10-31,良,72,163,47,87,10,58,1.35,28
31,2019-10-31,良,72,163,47,87,10,58,1.35,28
0,2019-09-01,优,43,225,20,40,14,33,1.08,73
1,2019-09-02,优,49,259,27,48,10,34,0.86,83
2,2019-09-03,优,43,208,26,43,10,29,0.83,78
3,2019-09-04,优,40,163,22,39,10,30,0.98,62
4,2019-09-05,优,31,97,12,28,10,34,0.7,63
5,2019-09-06,优,45,194,23,43,12,33,1.08,70
6,2019-09-07,优,39,115,21,39,11,36,0.84,68
7,2019-09-08,良,61,207,35,73,8,32,0.67,72
8,2019-09-09,优,27,64,11,20,8,25,0.7,70
9,2019-09-10,优,25,92,13,18,7,28,0.65,68
10,2019-09-11,优,46,261,26,47,14,36,1.4,55
11,2019-09-12,优,35,152,17,34,8,31,0.74,58
12,2019-09-13,优,22,37,9,16,6,25,0.58,66
13,2019-09-14,优,30,118,17,30,10,23,0.86,70
14,2019-09-15,优,31,114,14,31,11,25,0.64,83
15,2019-09-16,优,30,89,17,30,7,32,0.7,58
16,2019-09-17,优,25,43,12,17,7,28,0.65,69
17,2019-09-18,优,28,82,16,25,7,33,0.7,63
18,2019-09-19,优,36,114,25,33,8,35,0.83,40
19,2019-09-20,优,30,48,15,25,10,34,0.84,59
20,2019-09-21,优,45,180,23,46,15,35,1.3,43
21,2019-09-22,良,52,226,28,57,16,35,0.97,53
22,2019-09-23,优,34,35,20,32,9,33,0.87,58
23,2019-09-24,优,33,41,16,28,10,30,1.04,67
24,2019-09-25,优,42,67,21,44,11,34,1.13,60
25,2019-09-26,优,49,100,26,52,11,48,1.1,44
26,2019-09-27,良,55,155,30,64,13,45,1.3,46
27,2019-09-28,优,50,83,26,56,13,39,1.23,57
28,2019-09-29,良,52,109,25,58,15,44,1.53,48
29,2019-09-30,良,61,168,36,74,17,49,1.67,53
0,2019-08-06,优,50,246,19,36,18,24,0.99,83
1,2019-08-07,良,53,240,17,44,17,30,1.07,76
2,2019-08-08,优,37,109,15,26,9,20,0.57,66
3,2019-08-09,优,41,170,9,17,9,24,0.62,82
4,2019-08-10,优,43,199,14,29,11,27,0.89,65
5,2019-08-11,良,59,321,18,36,14,25,0.94,90
6,2019-08-21,优,30,74,14,30,6,15,0.56,74
7,2019-08-22,优,29,50,18,28,6,19,0.68,67
8,2019-08-23,优,31,91,18,30,7,20,0.79,57
9,2019-08-24,优,23,32,11,19,7,20,0.68,60
10,2019-08-25,优,36,111,17,34,8,23,0.79,68
11,2019-08-26,优,23,21,9,14,7,31,0.98,56
12,2019-08-27,优,38,211,18,34,9,28,1.27,65
13,2019-08-28,优,31,115,16,27,9,21,0.96,85
0,2019-07-01,良,52,194,21,46,13,30,1.38,61
1,2019-07-02,良,59,210,27,53,14,27,1.05,73
2,2019-07-03,优,41,100,24,36,12,38,0.98,54
3,2019-07-04,良,56,201,21,43,14,34,0.94,67
4,2019-07-05,良,55,196,24,51,11,32,1.11,70
5,2019-07-06,良,69,306,31,87,12,22,0.61,83
6,2019-07-07,良,58,241,29,68,11,27,0.88,53
7,2019-07-12,优,42,212,27,35,18,30,0.81,70
8,2019-07-13,优,49,265,29,40,14,28,1.17,98
9,2019-07-14,优,34,122,20,25,11,25,0.8,89
10,2019-07-15,优,42,181,27,36,14,28,0.85,73
11,2019-07-16,优,41,190,24,37,16,27,0.89,76
12,2019-07-17,良,51,274,31,55,14,39,1.5,76
13,2019-07-18,优,48,262,32,44,11,32,0.7,75
14,2019-07-19,优,31,124,17,25,12,25,0.78,66
15,2019-07-20,优,37,165,19,32,15,26,0.88,73
16,2019-07-21,优,31,95,20,25,8,28,0.85,74
17,2019-07-22,优,41,192,24,38,12,30,0.85,69
18,2019-07-23,优,48,271,29,52,11,32,1.12,73
19,2019-07-24,优,33,149,18,29,8,23,0.45,88
20,2019-07-25,优,41,205,22,40,17,33,0.91,63
21,2019-07-26,良,51,267,21,45,23,29,0.92,88
0,2019-06-01,良,63,208,30,69,13,21,0.75,78
1,2019-06-02,良,60,170,20,44,17,16,0.68,109
2,2019-06-03,良,57,154,19,39,17,20,0.97,102
3,2019-06-04,优,45,72,14,23,11,22,0.57,86
4,2019-06-05,优,43,103,22,41,10,24,1.53,63
5,2019-06-06,良,56,245,25,52,14,22,0.89,83
6,2019-06-07,良,58,213,21,32,15,15,0.64,107
7,2019-06-08,优,48,161,18,35,13,19,0.68,85
8,2019-06-09,良,53,200,24,41,22,21,0.75,93
9,2019-06-10,优,49,174,20,33,13,22,1.04,86
10,2019-06-11,良,55,218,24,57,11,30,0.55,50
11,2019-06-14,优,47,226,30,46,12,28,0.69,59
12,2019-06-15,优,34,108,22,30,7,21,0.72,72
13,2019-06-17,优,39,161,23,35,17,33,0.97,73
14,2019-06-18,优,37,189,19,28,14,28,0.69,81
15,2019-06-19,优,38,197,25,38,12,33,1.55,74
16,2019-06-20,优,43,266,28,36,14,27,0.93,84
17,2019-06-25,优,40,119,14,25,8,20,0.78,82
18,2019-06-26,优,38,106,15,30,7,24,0.58,65
19,2019-06-27,优,34,61,11,17,7,26,0.8,64
20,2019-06-28,优,44,152,19,28,7,29,0.89,76
21,2019-06-29,优,31,48,17,26,8,38,1.03,48
22,2019-06-30,优,40,119,17,29,8,25,0.91,65
0,2019-05-01,良,57,160,36,60,9,24,0.77,92
1,2019-05-02,良,64,176,36,77,13,29,1.17,72
2,2019-05-03,优,50,67,21,35,12,18,0.87,96
3,2019-05-04,良,54,88,24,45,10,23,0.84,99
4,2019-05-05,优,46,100,14,22,7,23,0.82,87
5,2019-05-06,优,37,75,11,18,8,22,0.89,77
6,2019-05-07,优,45,108,9,18,6,21,0.9,88
7,2019-05-08,优,44,101,18,32,8,19,0.73,85
8,2019-05-09,优,46,104,19,44,7,20,0.7,86
9,2019-05-10,良,51,91,20,43,8,20,0.81,89
10,2019-05-11,良,56,74,22,53,9,23,1.03,84
11,2019-05-12,严重污染,316,352,167,593,8,25,0.89,70
12,2019-05-13,严重污染,371,358,166,579,11,17,1.01,82
13,2019-05-14,良,86,251,48,110,10,17,0.86,98
14,2019-05-15,良,55,156,27,60,8,19,0.69,85
15,2019-05-16,良,70,247,38,88,9,19,0.81,86
16,2019-05-17,良,72,283,36,86,14,19,0.77,92
17,2019-05-18,良,67,287,28,60,8,14,0.58,107
18,2019-05-19,轻度污染,120,351,72,183,9,14,0.58,93
19,2019-05-20,良,75,308,42,90,13,20,0.72,87
20,2019-05-21,良,62,151,28,60,12,23,0.89,87
21,2019-05-22,良,58,111,24,57,12,18,0.66,94
22,2019-05-23,良,61,109,27,59,17,27,0.68,84
23,2019-05-24,良,67,164,33,61,15,25,0.9,80
24,2019-05-25,良,59,170,29,60,16,28,0.94,85
25,2019-05-26,良,65,265,28,78,12,16,0.44,87
26,2019-05-27,优,45,145,19,33,10,17,0.52,84
27,2019-05-28,良,64,298,36,61,14,27,0.99,80
28,2019-05-29,良,58,223,22,44,14,18,0.54,106
29,2019-05-30,良,58,234,20,35,12,16,0.55,107
30,2019-05-31,优,43,111,18,34,14,19,0.58,82
0,2019-04-01,良,82,326,53,104,31,39,1.28,78
1,2019-04-02,良,75,290,37,94,14,28,0.79,105
2,2019-04-03,良,72,257,32,81,25,33,1.04,96
3,2019-04-04,良,65,200,38,72,26,26,0.95,91
4,2019-04-05,良,71,209,34,88,27,33,1.18,65
5,2019-04-06,良,76,234,33,100,28,30,1.21,63
6,2019-04-07,轻度污染,111,321,49,171,28,34,1.08,73
7,2019-04-08,良,88,280,51,119,21,37,1.16,65
8,2019-04-09,良,67,325,32,83,9,23,0.84,80
9,2019-04-10,良,55,236,19,59,9,20,0.75,93
10,2019-04-11,良,59,241,24,66,20,26,1.05,84
11,2019-04-12,良,54,160,24,49,10,20,0.76,101
12,2019-04-13,优,41,55,22,30,9,22,0.79,78
13,2019-04-14,优,46,87,25,38,8,23,0.95,82
14,2019-04-15,良,70,249,39,73,13,32,1.23,68
15,2019-04-16,良,60,166,27,57,16,35,1.12,70
16,2019-04-17,良,71,210,29,79,19,42,1.47,68
17,2019-04-18,良,77,230,30,93,26,36,1.2,81
18,2019-04-19,轻度污染,102,331,49,151,15,30,1.07,89
19,2019-04-20,良,76,282,42,100,8,21,0.93,81
20,2019-04-21,良,59,183,33,60,16,28,1.21,66
21,2019-04-22,良,54,155,22,46,12,28,1.01,75
22,2019-04-23,良,69,256,32,70,18,32,1.2,75
23,2019-04-24,良,67,206,25,77,10,29,0.79,85
24,2019-04-25,良,77,299,39,96,15,33,0.95,84
25,2019-04-26,良,72,308,36,91,16,30,0.9,85
26,2019-04-27,良,73,325,42,93,10,29,0.92,77
27,2019-04-28,良,54,198,27,46,9,18,0.92,96
28,2019-04-29,优,47,158,20,42,7,22,0.78,76
29,2019-04-30,优,46,132,22,41,8,20,1.0,82
0,2019-03-01,良,63,153,44,62,13,33,1.28,75
1,2019-03-02,良,57,153,35,55,10,34,1.28,58
2,2019-03-03,良,55,139,30,60,21,37,1.5,51
3,2019-03-04,良,64,158,34,77,21,40,1.51,56
4,2019-03-05,良,56,140,32,57,14,33,1.12,93
5,2019-03-06,良,62,194,40,65,17,37,1.15,92
6,2019-03-07,良,66,201,47,62,19,34,1.22,90
7,2019-03-08,良,57,154,38,56,12,28,1.04,86
8,2019-03-09,优,49,110,25,48,9,28,1.08,72
9,2019-03-10,良,52,118,22,51,9,22,0.87,84
10,2019-03-11,良,53,95,20,55,11,26,0.97,76
11,2019-03-12,良,62,151,29,71,17,35,1.21,66
12,2019-03-13,良,52,82,21,53,12,31,0.85,78
13,2019-03-14,良,57,168,33,63,14,35,1.16,69
14,2019-03-15,良,53,142,26,56,17,39,1.14,70
15,2019-03-16,良,79,315,44,102,20,43,1.58,72
16,2019-03-17,良,69,201,32,86,14,30,1.01,86
17,2019-03-18,良,73,236,34,94,17,38,1.31,58
18,2019-03-19,良,69,188,35,87,23,41,1.4,58
19,2019-03-20,良,92,299,37,132,11,31,0.88,76
20,2019-03-21,良,88,314,29,123,13,24,0.86,80
21,2019-03-22,良,67,313,25,82,12,25,0.84,83
22,2019-03-23,良,67,295,33,81,15,35,0.95,78
23,2019-03-24,良,84,299,40,115,12,25,0.79,83
24,2019-03-25,良,80,277,39,108,16,29,1.06,90
25,2019-03-26,良,88,295,39,124,22,30,1.21,80
26,2019-03-27,轻度污染,108,326,43,163,10,28,0.81,75
27,2019-03-28,轻度污染,103,330,40,153,10,35,0.96,58
28,2019-03-29,良,92,319,34,132,15,24,0.86,71
29,2019-03-30,良,96,329,34,141,14,26,0.89,73
30,2019-03-31,良,78,332,39,102,23,36,1.26,74
0,2019-02-01,良,77,202,48,98,32,42,2.46,30
1,2019-02-02,良,77,158,38,97,20,30,1.1,45
2,2019-02-03,良,57,91,28,64,14,26,1.1,45
3,2019-02-04,良,62,116,33,68,24,27,1.44,48
4,2019-02-05,良,82,125,56,73,26,33,1.49,44
5,2019-02-06,优,50,90,25,51,17,20,1.03,59
6,2019-02-07,良,57,179,28,65,23,23,1.63,62
7,2019-02-08,良,75,307,24,97,17,16,0.88,61
8,2019-02-09,良,68,260,26,83,12,17,0.82,58
9,2019-02-10,良,73,257,32,93,12,23,1.21,50
10,2019-02-11,良,78,241,43,100,20,31,1.56,46
11,2019-02-12,良,68,223,37,84,19,34,1.64,47
12,2019-02-13,良,65,213,35,78,19,29,1.42,58
13,2019-02-14,良,97,300,31,142,16,22,1.0,64
14,2019-02-15,良,98,306,37,143,13,21,0.95,60
15,2019-02-16,良,80,290,46,108,27,25,1.23,58
16,2019-02-17,良,55,213,33,57,7,18,1.02,70
17,2019-02-18,良,61,217,37,68,17,24,1.42,65
18,2019-02-19,良,72,189,51,82,19,30,1.61,75
19,2019-02-20,良,93,212,68,120,23,38,1.56,67
20,2019-02-21,良,72,166,50,81,14,34,1.43,66
21,2019-02-22,良,75,192,53,85,16,36,1.81,64
22,2019-02-23,良,63,147,41,71,10,28,1.2,87
23,2019-02-24,良,51,109,32,51,10,25,1.01,84
24,2019-02-25,良,56,134,37,57,12,28,1.16,77
25,2019-02-26,良,57,121,36,60,10,28,1.05,69
26,2019-02-27,良,58,157,39,61,12,30,1.21,70
27,2019-02-28,良,65,158,46,66,13,35,1.41,67
0,2019-01-01,轻度污染,128,307,96,130,28,57,3.06,31
1,2019-01-02,轻度污染,127,270,95,134,38,60,3.41,26
2,2019-01-03,良,79,155,57,84,23,47,1.99,30
3,2019-01-04,良,66,164,45,70,44,43,1.99,34
4,2019-01-05,良,88,241,63,100,54,55,2.48,27
5,2019-01-06,良,74,176,50,91,42,42,1.86,39
6,2019-01-07,良,63,144,41,73,29,37,1.28,48
7,2019-01-08,良,72,188,51,77,51,43,1.46,40
8,2019-01-09,轻度污染,117,326,88,128,33,51,2.18,34
9,2019-01-10,轻度污染,113,282,84,124,29,52,1.75,36
10,2019-01-11,轻度污染,127,253,95,140,28,58,2.48,28
11,2019-01-12,良,87,189,63,107,33,55,2.44,35
12,2019-01-13,轻度污染,101,186,75,122,45,62,2.75,29
13,2019-01-14,良,90,160,63,100,32,44,1.77,41
14,2019-01-15,良,51,113,29,54,13,36,1.44,48
15,2019-01-16,良,62,169,40,74,22,46,2.04,37
16,2019-01-17,良,69,142,48,81,48,50,2.44,32
17,2019-01-18,良,53,75,29,55,18,38,1.11,51
18,2019-01-19,良,69,132,48,80,31,46,2.01,35
19,2019-01-20,良,55,141,37,56,19,36,1.22,45
20,2019-01-21,良,77,213,55,76,22,44,2.13,40
21,2019-01-22,良,64,98,44,65,22,48,2.14,37
22,2019-01-23,良,74,134,53,81,28,51,2.49,27
23,2019-01-24,良,86,162,62,95,23,48,2.25,38
24,2019-01-25,良,84,188,61,92,18,44,1.61,62
25,2019-01-26,良,86,237,63,92,20,40,1.45,71
26,2019-01-27,良,56,78,35,59,11,31,0.76,70
27,2019-01-28,良,79,185,56,86,30,40,1.69,48
28,2019-01-29,良,60,104,41,61,20,34,1.27,57
29,2019-01-30,良,54,95,33,52,12,26,0.84,54
30,2019-01-31,良,65,257,28,79,14,30,1.12,48
0,2018-12-01,良,87,180,61,99,21,49,2.19,33
1,2018-12-02,中度污染,187,293,52,245,21,38,1.63,30
2,2018-12-03,严重污染,348,358,85,459,15,30,1.2,43
3,2018-12-04,轻度污染,117,303,47,182,13,40,1.59,39
4,2018-12-05,良,99,315,33,146,12,32,1.18,48
5,2018-12-06,良,69,284,28,87,10,24,1.31,54
6,2018-12-07,良,80,353,42,108,14,37,1.55,38
7,2018-12-08,良,94,356,64,133,15,51,1.92,25
8,2018-12-09,轻度污染,108,350,81,144,21,55,2.33,29
9,2018-12-10,轻度污染,101,292,74,122,19,52,1.8,37
10,2018-12-11,良,92,276,68,105,16,53,1.99,36
11,2018-12-12,轻度污染,119,300,89,135,22,65,2.54,26
12,2018-12-13,良,93,216,69,104,25,65,2.18,28
13,2018-12-14,轻度污染,109,274,81,119,34,58,2.3,29
14,2018-12-15,轻度污染,107,269,77,113,20,49,1.83,38
15,2018-12-16,良,82,176,56,87,17,54,2.17,31
16,2018-12-17,良,73,162,47,90,32,60,2.53,32
17,2018-12-18,良,79,186,56,97,41,64,2.96,20
18,2018-12-19,良,86,178,63,107,40,62,2.91,22
19,2018-12-20,良,86,208,59,111,40,53,2.62,29
20,2018-12-21,良,78,194,46,101,34,51,2.28,29
21,2018-12-28,良,66,320,35,78,12,40,1.33,39
22,2018-12-29,良,88,343,64,96,19,47,1.72,34
23,2018-12-30,轻度污染,101,338,74,107,42,52,2.76,33
24,2018-12-31,轻度污染,118,336,88,121,22,51,2.26,37
0,2018-11-01,良,64,176,33,79,22,48,1.94,28
1,2018-11-02,良,73,235,46,91,29,42,1.81,47
2,2018-11-03,优,49,92,22,52,7,29,0.87,61
3,2018-11-04,优,28,20,18,22,7,31,0.91,44
4,2018-11-05,优,31,33,16,23,5,26,0.89,60
5,2018-11-06,优,34,91,21,30,7,29,0.98,55
6,2018-11-07,优,48,214,31,42,13,35,1.2,51
7,2018-11-08,良,73,312,52,84,28,51,2.23,38
8,2018-11-09,良,78,303,56,97,38,52,2.16,36
9,2018-11-10,良,62,191,40,69,13,45,1.35,46
10,2018-11-11,良,82,295,56,98,23,49,2.0,32
11,2018-11-12,良,71,230,45,90,31,54,2.0,30
12,2018-11-13,良,75,243,50,97,25,53,1.9,31
13,2018-11-14,良,63,193,41,74,13,43,1.04,49
14,2018-11-15,优,49,165,25,49,9,32,0.77,53
15,2018-11-16,优,41,204,20,40,11,30,0.8,56
16,2018-11-17,优,49,228,31,51,14,31,1.04,62
17,2018-11-18,良,53,194,32,55,24,36,1.17,60
18,2018-11-19,良,70,247,45,86,39,53,1.93,42
19,2018-11-20,良,87,282,59,111,60,52,2.24,40
20,2018-11-21,良,63,240,34,77,17,45,1.52,44
21,2018-11-22,良,70,236,43,88,30,50,2.02,33
22,2018-11-23,良,77,230,49,100,36,59,2.72,27
23,2018-11-24,良,75,171,48,95,32,55,2.53,29
24,2018-11-25,良,73,137,46,92,33,58,2.76,27
25,2018-11-26,严重污染,356,353,116,762,20,49,1.69,23
26,2018-11-27,严重污染,392,359,105,609,26,54,2.35,25
27,2018-11-28,良,71,117,41,88,33,54,2.44,28
28,2018-11-29,良,80,175,52,108,33,58,2.53,27
29,2018-11-30,良,91,191,66,123,18,60,2.08,29
0,2018-10-01,优,44,144,22,40,10,20,0.87,62
1,2018-10-02,优,40,69,18,33,8,22,0.78,61
2,2018-10-03,良,51,114,24,52,11,28,1.06,53
3,2018-10-04,良,52,98,25,54,16,29,1.15,55
4,2018-10-05,良,58,155,31,67,13,30,0.97,52
5,2018-10-06,良,54,118,17,57,13,22,0.79,67
6,2018-10-07,良,52,124,23,54,13,23,0.83,65
7,2018-10-08,优,36,55,17,29,8,22,0.85,66
8,2018-10-09,优,49,145,24,50,13,28,1.06,46
9,2018-10-10,良,59,261,31,66,16,28,1.21,54
10,2018-10-11,优,49,168,29,50,12,30,1.16,46
11,2018-10-12,良,60,198,33,68,16,28,1.28,52
12,2018-10-13,优,48,87,28,49,20,27,0.92,54
13,2018-10-14,良,51,152,29,52,14,30,0.98,41
14,2018-10-15,良,54,209,34,55,16,25,1.2,49
15,2018-10-16,良,51,184,31,52,14,25,1.1,60
16,2018-10-17,良,60,231,36,68,18,31,1.26,51
17,2018-10-18,良,54,214,33,55,15,32,1.18,43
18,2018-10-19,优,27,16,16,25,10,28,1.12,41
19,2018-10-20,优,27,21,15,24,9,30,1.17,36
20,2018-10-21,优,41,92,24,42,12,30,1.11,43
21,2018-10-22,轻度污染,116,346,55,179,10,24,0.82,61
22,2018-10-23,良,90,341,45,129,12,34,1.48,39
23,2018-10-24,良,86,275,53,118,20,35,1.61,32
24,2018-10-25,良,52,115,26,53,13,29,0.98,49
25,2018-10-26,良,68,276,32,85,19,39,1.34,44
26,2018-10-27,良,70,289,40,87,20,39,1.51,48
27,2018-10-28,良,63,213,34,73,17,44,1.67,31
28,2018-10-29,优,48,136,23,52,14,48,1.11,47
29,2018-10-30,良,63,203,33,76,22,44,1.63,34
30,2018-10-31,良,62,185,32,74,28,46,1.96,31
0,2018-09-02,优,36,121,12,29,7,23,1.49,71
1,2018-09-03,优,50,217,19,41,8,22,0.95,87
2,2018-09-04,优,40,136,18,36,8,24,1.04,64
3,2018-09-05,优,34,67,19,28,6,27,0.85,56
4,2018-09-06,优,48,156,23,48,11,26,0.75,74
5,2018-09-07,优,47,221,15,47,11,21,0.83,68
6,2018-09-08,良,53,257,24,57,13,25,0.92,78
7,2018-09-09,优,39,73,20,35,9,27,0.93,62
8,2018-09-10,优,48,146,25,45,13,25,1.11,55
9,2018-09-11,良,53,182,24,52,13,27,1.0,66
10,2018-09-12,良,51,189,23,50,16,27,1.14,66
11,2018-09-13,优,37,94,13,23,7,25,0.74,68
12,2018-09-14,优,42,115,18,40,8,29,0.84,41
13,2018-09-15,优,31,54,11,20,6,24,0.78,53
14,2018-09-16,优,36,132,17,32,9,24,0.83,55
15,2018-09-17,优,36,163,21,32,7,26,1.03,53
16,2018-09-18,优,30,103,11,22,7,25,1.03,53
17,2018-09-19,优,28,62,13,23,11,30,0.99,51
18,2018-09-20,优,41,134,16,37,9,22,0.79,65
19,2018-09-21,良,55,232,20,61,10,22,0.81,70
20,2018-09-22,良,64,296,30,77,16,27,0.91,65
21,2018-09-23,良,59,245,29,65,12,28,0.94,65
22,2018-09-24,良,70,298,46,87,19,32,1.16,42
23,2018-09-25,优,42,151,24,36,9,22,0.96,59
24,2018-09-26,优,34,73,13,22,11,22,0.91,63
25,2018-09-27,优,42,123,18,38,10,22,0.72,64
26,2018-09-28,良,53,206,21,55,9,29,0.83,50
27,2018-09-29,良,57,214,28,63,13,29,0.99,58
28,2018-09-30,优,46,139,19,46,12,34,0.79,53
0,2018-08-01,良,58,240,23,49,17,29,1.28,86
1,2018-08-02,优,32,49,17,28,7,26,1.26,48
2,2018-08-03,优,25,15,10,19,7,21,1.09,47
3,2018-08-04,优,32,48,14,23,7,20,0.97,63
4,2018-08-05,良,59,238,26,47,13,24,1.36,80
5,2018-08-06,良,61,235,27,65,8,25,1.03,84
6,2018-08-07,优,43,118,24,39,8,29,1.08,69
7,2018-08-08,优,50,170,20,35,8,24,0.92,87
8,2018-08-09,优,47,102,19,28,8,24,1.46,83
9,2018-08-10,良,62,189,23,50,14,29,1.1,83
10,2018-08-11,良,64,197,22,46,12,24,1.17,93
11,2018-08-12,优,43,102,23,35,10,33,1.21,63
12,2018-08-13,优,46,163,21,31,8,31,1.06,78
13,2018-08-14,良,61,295,26,53,11,24,1.18,89
14,2018-08-15,良,65,321,29,73,8,22,0.86,85
15,2018-08-16,优,47,228,20,46,7,24,0.88,72
16,2018-08-17,优,44,177,25,44,7,39,1.21,54
17,2018-08-18,良,51,255,28,42,7,35,1.43,62
18,2018-08-19,良,68,334,29,56,13,25,1.21,90
19,2018-08-20,良,58,259,28,62,14,37,1.47,61
20,2018-08-21,优,46,123,15,29,8,24,1.14,86
21,2018-08-22,良,59,227,19,42,13,25,1.14,101
22,2018-08-23,良,72,287,27,60,14,27,1.16,112
23,2018-08-25,优,49,106,16,30,11,26,1.07,96
24,2018-08-27,优,45,115,23,39,8,24,1.09,77
25,2018-08-29,良,61,247,39,63,8,26,1.23,83
26,2018-08-31,优,35,110,18,33,7,28,1.09,63
0,2018-07-01,优,50,194,31,45,12,27,1.24,51
1,2018-07-02,优,35,76,16,28,11,22,0.97,71
2,2018-07-03,优,38,120,20,30,9,23,0.9,69
3,2018-07-04,良,52,204,19,34,12,19,1.13,94
4,2018-07-05,良,59,265,31,53,15,23,1.05,89
5,2018-07-06,良,57,269,38,57,9,25,1.09,78
6,2018-07-07,优,41,202,17,37,11,24,0.9,72
7,2018-07-08,优,36,145,20,32,8,29,0.99,53
8,2018-07-09,良,56,287,28,47,13,29,1.57,74
9,2018-07-10,优,45,206,19,42,14,30,1.16,67
10,2018-07-11,良,58,273,25,61,18,21,1.1,97
11,2018-07-12,良,86,345,30,90,28,25,1.31,98
12,2018-07-13,良,82,355,30,81,23,26,1.23,100
13,2018-07-14,良,69,329,24,73,19,32,1.33,86
14,2018-07-15,良,52,228,29,57,7,24,1.08,77
15,2018-07-16,良,66,308,28,70,12,31,1.22,74
16,2018-07-17,良,66,306,23,68,25,40,1.56,78
17,2018-07-18,良,66,292,32,81,33,37,1.4,52
18,2018-07-19,良,56,232,21,41,11,24,1.38,77
19,2018-07-20,优,46,140,21,43,10,30,0.95,63
20,2018-07-21,良,64,227,17,43,12,18,0.85,108
21,2018-07-22,良,69,281,22,49,17,30,0.81,103
22,2018-07-23,良,53,192,14,24,10,24,0.84,97
23,2018-07-24,良,56,207,22,46,15,31,1.0,75
24,2018-07-25,良,65,266,24,54,14,34,1.18,87
25,2018-07-26,良,75,317,31,69,21,31,1.0,96
26,2018-07-27,良,76,334,41,79,14,31,1.22,100
27,2018-07-28,良,72,294,43,81,13,29,1.21,89
28,2018-07-29,良,94,347,40,135,11,21,1.05,89
29,2018-07-30,良,58,217,22,54,10,23,1.11,89
30,2018-07-31,良,64,269,22,49,10,25,1.14,103
0,2018-06-01,良,77,207,30,98,12,28,1.04,114
1,2018-06-02,良,87,253,41,123,13,28,1.15,100
2,2018-06-03,良,59,100,24,65,7,14,0.88,99
3,2018-06-04,良,65,171,25,72,14,23,1.13,80
4,2018-06-05,良,65,184,26,68,14,25,1.32,82
5,2018-06-06,良,63,147,26,76,16,22,1.11,86
6,2018-06-07,良,60,145,28,69,15,19,1.0,71
7,2018-06-08,优,47,119,17,35,13,14,1.24,86
8,2018-06-09,良,55,205,16,36,15,19,1.16,96
9,2018-06-10,良,61,196,23,61,22,28,1.21,80
10,2018-06-11,良,69,200,25,68,20,24,1.11,92
11,2018-06-12,良,73,217,29,78,17,23,1.23,94
12,2018-06-13,良,69,227,31,76,23,26,1.31,91
13,2018-06-14,良,77,250,36,83,23,31,1.2,93
14,2018-06-15,良,74,230,35,83,26,32,1.17,94
15,2018-06-16,良,74,235,44,77,13,26,1.22,90
16,2018-06-17,良,68,216,33,76,17,25,0.9,92
17,2018-06-18,良,66,213,29,60,11,21,0.88,98
18,2018-06-19,良,60,247,33,61,18,22,1.04,89
19,2018-06-20,良,75,293,37,73,14,24,1.36,93
20,2018-06-21,良,73,260,33,51,16,21,1.31,110
21,2018-06-22,良,74,248,30,71,16,29,1.16,111
22,2018-06-23,良,74,249,29,61,15,28,1.31,109
23,2018-06-24,良,76,254,35,99,12,22,1.04,106
24,2018-06-25,良,60,235,31,67,17,19,1.04,92
25,2018-06-26,良,51,222,22,45,18,20,1.02,86
26,2018-06-27,良,72,315,42,83,15,26,1.17,86
27,2018-06-28,良,66,290,26,61,17,24,1.04,88
28,2018-06-29,良,72,261,34,80,25,29,1.26,88
29,2018-06-30,良,70,263,43,70,13,28,1.29,77
0,2018-05-01,良,60,157,30,66,9,17,0.84,98
1,2018-05-02,良,84,319,47,115,16,23,0.93,90
2,2018-05-03,良,85,334,48,117,13,32,1.02,83
3,2018-05-04,良,89,303,49,126,23,39,1.1,76
4,2018-05-05,良,80,278,39,108,9,17,0.75,102
5,2018-05-06,良,69,272,42,78,11,25,0.93,82
6,2018-05-07,良,67,235,35,78,13,20,0.89,98
7,2018-05-08,良,77,274,43,100,13,34,0.95,82
8,2018-05-09,轻度污染,124,347,67,197,9,21,0.91,84
9,2018-05-10,良,73,212,43,94,6,24,1.03,70
10,2018-05-11,良,82,302,49,97,10,32,1.53,63
11,2018-05-12,轻度污染,103,326,45,155,17,34,1.0,69
12,2018-05-13,轻度污染,124,355,55,197,18,36,1.37,58
13,2018-05-14,良,88,257,35,124,18,33,1.23,61
14,2018-05-15,轻度污染,103,335,46,154,18,36,1.13,94
15,2018-05-16,轻度污染,141,351,72,215,10,27,1.2,67
16,2018-05-17,轻度污染,102,352,48,151,14,31,1.38,71
17,2018-05-18,良,84,313,41,114,12,27,1.3,87
18,2018-05-19,良,67,271,33,76,10,22,1.28,92
19,2018-05-20,良,73,335,46,86,12,20,1.28,107
20,2018-05-21,良,59,253,23,67,9,20,1.04,76
21,2018-05-22,良,57,219,27,62,6,17,1.08,86
22,2018-05-23,良,77,211,31,100,13,25,1.26,100
23,2018-05-24,良,67,148,23,76,10,19,1.24,103
24,2018-05-25,良,59,146,24,64,13,24,1.18,88
25,2018-05-26,良,81,244,39,110,7,17,1.1,79
26,2018-05-27,轻度污染,107,313,52,161,13,25,1.29,78
27,2018-05-28,良,93,234,42,132,13,31,1.39,86
28,2018-05-29,良,82,217,35,110,15,30,1.27,82
29,2018-05-30,良,80,241,33,94,16,28,1.28,95
30,2018-05-31,良,76,240,31,90,18,32,1.35,96
0,2018-04-01,良,91,200,50,131,18,35,1.53,47
1,2018-04-02,良,80,154,36,107,23,34,1.74,56
2,2018-04-03,中度污染,179,335,56,286,14,27,1.29,76
3,2018-04-04,严重污染,289,355,80,484,16,32,1.37,67
4,2018-04-05,严重污染,392,359,86,586,7,25,1.1,68
5,2018-04-05,严重污染,392,359,86,586,7,25,1.1,68
6,2018-04-06,良,93,265,46,133,7,23,1.28,71
7,2018-04-07,良,98,334,43,145,15,30,1.3,59
8,2018-04-08,良,79,207,39,105,18,35,1.31,54
9,2018-04-09,良,95,271,46,135,24,38,1.44,65
10,2018-04-10,严重污染,429,363,156,540,15,29,1.09,66
11,2018-04-11,中度污染,167,337,87,282,19,34,1.28,67
12,2018-04-12,良,88,290,50,121,10,38,1.28,63
13,2018-04-13,优,49,113,28,48,5,26,0.96,72
14,2018-04-14,良,77,260,50,96,7,29,1.03,76
15,2018-04-15,良,80,227,51,98,9,32,1.11,69
16,2018-04-16,良,68,131,33,79,16,35,1.16,65
17,2018-04-17,良,85,184,39,112,17,42,1.22,64
18,2018-04-18,良,84,148,37,105,20,39,1.36,76
19,2018-04-19,良,86,176,41,113,18,36,1.27,87
20,2018-04-20,良,70,155,40,84,9,26,0.88,95
21,2018-04-21,良,73,282,41,93,9,24,0.93,102
22,2018-04-22,良,86,350,54,118,10,29,0.84,87
23,2018-04-23,优,49,131,25,48,7,22,0.85,74
24,2018-04-24,优,45,106,25,40,6,22,0.85,72
25,2018-04-25,优,48,76,28,46,6,19,0.85,93
26,2018-04-26,良,65,139,41,68,9,24,0.91,84
27,2018-04-27,良,68,148,42,81,12,29,1.05,71
28,2018-04-28,良,74,151,44,88,14,32,1.08,77
29,2018-04-29,良,69,131,40,85,10,29,1.03,73
30,2018-04-30,良,60,143,34,63,8,19,0.86,93
0,2018-03-01,良,68,196,32,83,15,31,1.44,68
1,2018-03-02,良,81,258,46,104,29,35,1.85,68
2,2018-03-03,轻度污染,116,299,60,172,26,39,2.17,62
3,2018-03-04,良,69,245,34,84,11,21,1.26,90
4,2018-03-05,良,65,284,37,79,13,21,1.36,86
5,2018-03-06,良,68,275,46,80,13,27,1.58,66
6,2018-03-07,良,74,275,45,90,12,27,1.44,66
7,2018-03-08,良,90,311,36,127,13,27,1.52,68
8,2018-03-09,良,63,156,32,75,19,34,1.72,55
9,2018-03-10,良,67,118,38,80,21,34,1.59,57
10,2018-03-11,良,68,122,35,83,20,33,1.69,53
11,2018-03-12,良,66,104,35,78,26,36,1.96,54
12,2018-03-13,良,76,156,48,98,20,34,1.91,56
13,2018-03-14,良,69,157,33,86,18,33,2.1,47
14,2018-03-15,轻度污染,111,291,54,170,22,33,2.09,65
15,2018-03-16,中度污染,174,348,57,297,18,36,1.85,92
16,2018-03-17,严重污染,279,359,75,399,11,28,1.4,95
17,2018-03-18,重度污染,243,364,79,369,14,26,1.44,73
18,2018-03-19,轻度污染,106,299,50,157,11,22,1.44,71
19,2018-03-20,重度污染,207,357,79,308,17,26,1.38,68
20,2018-03-21,轻度污染,134,354,55,215,12,27,1.43,70
21,2018-03-22,良,99,283,43,145,14,33,1.5,60
22,2018-03-23,良,84,176,34,115,15,33,1.2,79
23,2018-03-24,良,67,97,28,81,14,29,1.36,85
24,2018-03-25,良,83,193,41,109,17,32,1.45,81
25,2018-03-26,轻度污染,111,277,50,170,21,37,1.37,74
26,2018-03-27,良,100,261,44,147,21,38,1.62,63
27,2018-03-28,良,93,248,37,133,20,37,1.56,70
28,2018-03-29,良,99,269,47,147,20,39,1.71,74
29,2018-03-30,轻度污染,137,335,59,200,10,28,1.33,61
30,2018-03-31,良,75,162,39,97,11,34,1.6,39
0,2018-02-01,轻度污染,117,305,82,175,25,35,2.14,55
1,2018-02-02,良,90,249,56,121,23,32,1.68,63
2,2018-02-03,轻度污染,101,339,67,144,28,32,2.04,63
3,2018-02-04,良,98,326,69,135,25,33,1.86,64
4,2018-02-05,良,95,313,66,130,25,36,2.07,62
5,2018-02-06,良,98,302,70,131,28,35,2.1,68
6,2018-02-07,良,98,247,72,119,29,40,2.13,63
7,2018-02-08,轻度污染,112,282,77,154,35,38,2.67,48
8,2018-02-09,严重污染,306,356,86,496,14,21,1.33,68
9,2018-02-10,轻度污染,129,282,50,188,10,22,1.39,68
10,2018-02-11,良,92,225,52,131,18,27,1.8,58
11,2018-02-12,良,82,237,52,112,23,33,2.13,56
12,2018-02-13,良,84,229,57,108,28,40,2.29,50
13,2018-02-14,轻度污染,103,279,69,136,23,37,2.12,57
14,2018-02-15,良,85,214,45,118,25,29,2.26,69
15,2018-02-16,轻度污染,127,196,92,181,32,28,2.06,77
16,2018-02-17,良,83,169,38,114,17,18,1.25,90
17,2018-02-18,良,61,168,34,70,13,19,1.45,69
18,2018-02-19,良,69,234,44,81,12,18,1.54,74
19,2018-02-20,良,61,168,27,71,12,15,1.11,86
20,2018-02-21,良,51,156,27,52,9,16,1.35,77
21,2018-02-22,良,63,207,38,70,18,21,1.66,62
22,2018-02-23,良,67,216,38,81,20,25,2.03,50
23,2018-02-24,良,80,279,33,107,21,20,1.41,66
24,2018-02-25,良,80,241,39,108,19,31,1.99,55
25,2018-02-26,良,78,214,51,103,28,40,2.4,42
26,2018-02-27,良,85,238,50,117,23,34,1.87,51
27,2018-02-28,良,72,213,44,92,23,33,1.9,68
0,2018-01-01,轻度污染,104,155,76,145,29,45,2.08,29
1,2018-01-02,轻度污染,110,234,68,168,26,42,1.34,43
2,2018-01-03,良,92,292,59,127,25,42,1.44,42
3,2018-01-04,中度污染,168,362,127,198,29,62,3.04,20
4,2018-01-05,重度污染,202,364,155,225,35,68,3.1,23
5,2018-01-06,轻度污染,101,251,75,101,19,35,1.52,45
6,2018-01-07,良,84,237,57,102,17,29,1.13,59
7,2018-01-08,良,88,259,57,107,21,38,1.98,44
8,2018-01-09,良,98,345,68,112,25,46,2.34,31
9,2018-01-10,良,79,305,56,89,29,45,2.14,31
10,2018-01-11,良,86,308,62,100,29,50,2.37,33
11,2018-01-12,轻度污染,110,318,82,126,36,55,2.96,31
12,2018-01-13,轻度污染,121,271,88,146,40,54,2.75,41
13,2018-01-14,轻度污染,122,255,91,156,36,51,2.55,46
14,2018-01-15,轻度污染,131,241,98,165,36,46,2.39,43
15,2018-01-16,轻度污染,109,188,76,135,28,45,2.09,42
16,2018-01-17,良,99,158,45,146,25,38,1.4,46
17,2018-01-18,轻度污染,102,158,56,152,31,36,1.79,37
18,2018-01-19,良,99,157,70,138,33,43,2.29,37
19,2018-01-20,良,100,170,69,129,46,39,1.75,51
20,2018-01-21,轻度污染,127,236,57,176,22,31,1.51,60
21,2018-01-22,良,83,218,51,114,25,32,1.59,58
22,2018-01-23,良,90,231,60,122,31,34,1.86,62
23,2018-01-24,良,79,274,54,94,25,33,1.65,67
24,2018-01-25,良,82,301,60,86,23,35,1.92,67
25,2018-01-26,良,98,325,72,110,25,38,2.05,70
26,2018-01-27,良,97,292,72,107,24,34,1.81,72
27,2018-01-28,良,77,238,51,100,21,27,1.49,62
28,2018-01-29,良,85,226,57,105,23,33,2.08,48
29,2018-01-30,良,75,158,54,95,23,30,1.5,55
30,2018-01-31,良,99,253,71,122,25,35,2.11,49
0,2017-12-01,轻度污染,102,304,75,128,33,60,2.38,41
1,2017-12-02,轻度污染,132,303,98,161,40,67,2.95,30
2,2017-12-03,良,100,239,71,122,31,53,1.75,44
3,2017-12-04,良,94,253,68,113,37,52,1.64,48
4,2017-12-05,轻度污染,113,302,85,132,36,65,1.95,34
5,2017-12-06,轻度污染,116,273,87,141,33,64,1.81,38
6,2017-12-07,良,89,170,64,102,28,56,1.43,43
7,2017-12-08,轻度污染,123,357,89,159,46,62,2.51,31
8,2017-12-09,轻度污染,123,342,80,171,35,53,1.92,38
9,2017-12-10,轻度污染,117,329,85,158,40,61,2.29,32
10,2017-12-11,中度污染,178,363,135,217,52,69,3.0,28
11,2017-12-12,轻度污染,116,323,87,152,43,61,2.33,32
12,2017-12-13,轻度污染,149,355,112,175,41,64,2.42,32
13,2017-12-14,轻度污染,147,334,111,165,32,48,1.94,43
14,2017-12-15,良,87,250,59,117,26,42,1.24,50
15,2017-12-16,良,84,259,58,105,22,49,1.53,42
16,2017-12-17,轻度污染,136,362,102,157,27,58,2.04,30
17,2017-12-18,轻度污染,138,359,104,160,35,58,2.29,34
18,2017-12-19,轻度污染,107,331,80,126,31,58,2.16,32
19,2017-12-20,轻度污染,112,331,83,137,33,59,2.41,25
20,2017-12-21,轻度污染,114,303,85,139,35,64,2.61,20
21,2017-12-22,轻度污染,147,310,111,178,47,62,2.88,29
22,2017-12-23,轻度污染,131,219,58,170,29,48,1.8,50
23,2017-12-24,良,97,190,56,140,30,56,2.35,30
24,2017-12-25,轻度污染,105,287,77,137,39,59,2.82,23
25,2017-12-26,轻度污染,102,198,75,131,39,59,2.86,24
26,2017-12-27,轻度污染,113,202,83,143,41,62,2.95,20
27,2017-12-28,轻度污染,147,249,79,192,40,51,2.63,44
28,2017-12-29,严重污染,444,358,128,666,14,36,1.58,35
29,2017-12-30,中度污染,199,294,107,304,17,47,2.02,24
30,2017-12-31,良,93,127,64,129,27,50,2.72,22
0,2017-11-01,良,68,108,18,86,31,48,1.33,47
1,2017-11-02,良,63,74,20,75,41,45,1.45,53
2,2017-11-03,良,73,137,40,93,29,52,1.63,51
3,2017-11-04,良,80,242,49,108,36,50,1.72,48
4,2017-11-05,良,71,162,41,94,44,48,1.56,48
5,2017-11-06,良,77,138,43,102,38,51,1.79,54
6,2017-11-07,良,59,54,23,67,21,42,1.61,55
7,2017-11-08,良,87,186,46,122,55,56,2.37,43
8,2017-11-09,轻度污染,114,295,41,175,20,40,1.37,40
9,2017-11-10,良,97,299,45,141,12,47,1.45,40
10,2017-11-11,轻度污染,118,360,78,175,35,53,1.74,33
11,2017-11-12,良,86,296,29,120,13,35,0.86,66
12,2017-11-13,良,73,220,28,94,17,42,1.12,58
13,2017-11-14,良,90,291,56,123,34,52,1.39,42
14,2017-11-15,良,96,292,66,136,31,59,1.79,34
15,2017-11-16,良,94,259,65,133,34,60,1.6,37
16,2017-11-17,良,95,281,66,127,25,55,1.49,41
17,2017-11-18,良,80,338,55,102,38,51,1.28,50
18,2017-11-19,良,87,311,58,116,31,44,1.29,50
19,2017-11-20,良,71,250,37,90,21,46,1.27,58
20,2017-11-21,良,72,193,41,93,28,42,0.98,65
21,2017-11-22,良,77,243,43,102,30,44,1.44,57
22,2017-11-23,良,69,227,44,85,22,49,1.65,46
23,2017-11-24,良,72,227,46,87,29,48,2.01,36
24,2017-11-25,良,77,211,50,91,33,51,2.26,34
25,2017-11-26,良,81,223,53,104,31,56,2.61,32
26,2017-11-27,轻度污染,121,309,85,162,48,56,2.87,40
27,2017-11-28,良,100,223,74,117,31,58,1.99,53
28,2017-11-29,轻度污染,130,337,95,159,38,59,2.63,42
29,2017-11-30,良,93,333,67,115,27,52,2.4,53
0,2017-10-01,良,65,278,28,75,18,22,0.74,100
1,2017-10-02,良,69,312,28,87,6,20,0.87,80
2,2017-10-03,优,46,247,20,47,7,23,1.04,59
3,2017-10-05,良,60,318,24,70,16,28,1.03,59
4,2017-10-06,良,73,326,34,90,36,29,0.96,78
5,2017-10-07,良,56,177,19,58,10,23,1.04,92
6,2017-10-08,优,45,119,12,29,5,20,0.93,92
7,2017-10-09,优,31,63,9,19,4,23,0.81,68
8,2017-10-10,优,45,219,15,45,7,24,1.33,63
9,2017-10-11,优,44,237,14,42,12,16,0.98,73
10,2017-10-12,优,46,232,16,48,9,18,1.02,73
11,2017-10-13,良,58,254,24,65,18,25,1.24,60
12,2017-10-14,优,50,223,18,53,12,31,1.37,50
13,2017-10-15,优,31,80,12,27,14,27,0.99,60
14,2017-10-16,优,37,156,15,37,14,32,1.19,48
15,2017-10-17,优,40,167,19,38,31,31,1.59,53
16,2017-10-18,良,55,238,29,60,47,40,1.53,49
17,2017-10-19,良,60,209,24,69,54,44,1.66,48
18,2017-10-20,良,83,251,24,116,36,40,2.07,56
19,2017-10-21,优,33,31,16,29,12,33,1.0,69
20,2017-10-22,优,40,58,20,39,13,43,1.22,45
21,2017-10-23,良,54,118,21,61,25,41,1.6,51
22,2017-10-24,良,66,157,23,85,17,43,1.55,37
23,2017-10-25,良,55,79,22,60,10,39,1.93,43
24,2017-10-26,优,48,41,17,53,10,37,1.4,51
25,2017-10-27,良,69,114,23,87,31,40,1.71,50
26,2017-10-28,良,56,54,14,59,9,29,0.93,74
27,2017-10-29,良,56,111,17,61,13,40,1.29,60
28,2017-10-30,良,61,150,21,72,22,48,1.41,53
29,2017-10-31,良,68,133,22,85,22,47,1.43,54
0,2017-09-01,优,44,108,13,24,7,15,0.84,86
1,2017-09-02,优,43,100,15,42,9,27,0.83,57
2,2017-09-03,优,43,129,16,43,10,27,0.74,61
3,2017-09-04,优,42,141,18,39,10,24,0.85,56
4,2017-09-05,优,44,158,16,38,8,14,0.76,75
5,2017-09-06,优,44,159,17,38,10,17,0.83,57
6,2017-09-07,良,60,254,28,69,9,25,1.12,32
7,2017-09-08,良,61,228,26,71,4,22,1.07,14
8,2017-09-09,优,43,112,10,26,7,21,0.95,75
9,2017-09-10,优,46,157,14,40,11,23,0.99,65
10,2017-09-11,良,68,291,25,73,14,21,1.03,68
11,2017-09-12,良,81,305,30,95,16,22,1.1,88
12,2017-09-13,良,66,211,27,76,13,18,0.93,89
13,2017-09-14,优,45,80,16,38,14,18,0.83,76
14,2017-09-15,良,61,177,25,54,22,17,1.08,68
15,2017-09-16,优,45,73,11,25,32,24,0.71,82
16,2017-09-17,优,48,109,20,44,41,28,0.97,62
17,2017-09-18,优,37,38,12,26,12,28,0.74,72
18,2017-09-19,优,43,78,12,28,10,25,0.89,84
19,2017-09-20,优,41,96,11,36,12,25,1.14,72
20,2017-09-21,优,41,78,13,34,28,16,0.84,77
21,2017-09-22,良,55,142,17,59,23,23,1.08,75
22,2017-09-23,良,64,214,24,72,36,22,0.98,80
23,2017-09-24,良,62,231,31,73,22,26,1.05,55
24,2017-09-25,良,64,267,33,76,16,20,0.84,69
25,2017-09-26,优,38,82,12,33,5,19,0.69,79
26,2017-09-27,优,45,170,13,43,8,19,0.9,79
27,2017-09-28,优,48,199,15,48,8,19,0.83,84
28,2017-09-29,良,59,231,25,67,9,29,0.84,69
29,2017-09-30,良,65,242,26,71,29,29,0.91,81
0,2017-08-01,良,51,190,20,53,5,20,0.55,74
1,2017-08-02,良,51,240,19,42,11,26,0.73,82
2,2017-08-03,良,62,274,24,53,12,29,0.66,84
3,2017-08-04,良,53,155,27,50,8,22,0.61,89
4,2017-08-05,优,44,105,24,38,15,22,0.82,66
5,2017-08-06,优,37,56,20,32,10,23,0.77,54
6,2017-08-07,优,41,75,16,25,5,14,0.72,75
7,2017-08-08,优,35,78,16,26,13,19,0.78,64
8,2017-08-09,优,43,136,18,36,12,17,0.78,63
9,2017-08-10,良,60,215,29,40,9,19,0.82,67
10,2017-08-11,优,41,99,14,35,8,13,0.73,62
11,2017-08-12,优,50,186,31,36,7,6,0.69,64
12,2017-08-13,良,60,280,34,42,9,11,0.75,66
13,2017-08-14,良,64,285,25,66,11,15,0.78,82
14,2017-08-15,良,59,238,21,55,14,13,0.7,90
15,2017-08-16,良,68,275,25,63,10,12,0.62,96
16,2017-08-17,良,53,213,22,54,18,14,0.61,75
17,2017-08-18,良,59,253,27,61,10,13,0.74,78
18,2017-08-19,良,54,239,28,57,11,12,0.71,63
19,2017-08-20,优,31,29,13,21,5,7,0.67,58
20,2017-08-21,良,51,162,21,51,6,8,0.73,60
21,2017-08-22,优,43,109,10,25,4,8,0.72,87
22,2017-08-23,优,47,169,13,17,5,6,0.62,95
23,2017-08-24,优,34,82,19,28,7,10,0.87,53
24,2017-08-25,优,31,54,16,24,5,11,0.78,49
25,2017-08-26,优,45,172,16,31,6,11,0.89,89
26,2017-08-27,优,42,138,21,34,5,11,0.9,75
27,2017-08-28,优,45,202,22,36,5,10,0.61,81
28,2017-08-29,优,43,218,21,36,7,12,0.98,68
29,2017-08-30,优,46,245,26,44,6,15,0.95,57
30,2017-08-31,良,54,254,25,52,12,13,0.89,63
0,2017-07-01,良,77,267,23,56,17,25,1.11,114
1,2017-07-02,良,62,243,24,67,17,34,1.14,79
2,2017-07-03,良,53,190,18,27,13,22,0.96,100
3,2017-07-04,良,55,178,17,42,20,27,1.06,80
4,2017-07-05,良,51,164,18,39,42,23,0.92,93
5,2017-07-06,良,65,273,24,47,9,21,0.8,91
6,2017-07-07,良,66,285,18,46,13,25,0.72,93
7,2017-07-08,良,55,222,17,52,14,28,0.75,63
8,2017-07-09,良,59,256,20,52,33,25,1.14,77
9,2017-07-10,良,63,238,19,57,25,30,1.03,81
10,2017-07-11,良,73,246,19,52,21,29,1.09,98
11,2017-07-12,良,81,279,20,54,18,35,1.35,106
12,2017-07-13,良,80,286,23,59,17,33,1.03,109
13,2017-07-14,良,73,293,18,51,21,33,1.02,101
14,2017-07-15,良,85,343,28,73,21,33,0.97,112
15,2017-07-16,良,96,358,25,51,14,25,0.82,145
16,2017-07-17,良,84,340,24,55,15,29,0.86,129
17,2017-07-18,良,80,325,28,62,13,30,1.02,117
18,2017-07-19,良,77,320,26,52,16,25,0.92,119
19,2017-07-20,良,88,333,50,120,12,21,0.73,99
20,2017-07-21,良,61,261,24,49,11,20,0.68,104
21,2017-07-22,良,59,224,31,65,8,16,0.58,96
22,2017-07-23,优,45,97,22,41,8,17,0.59,83
23,2017-07-24,良,53,147,31,51,6,18,0.57,84
24,2017-07-25,良,52,148,24,47,8,25,0.79,86
25,2017-07-26,优,43,71,24,40,13,31,0.77,48
26,2017-07-27,优,35,31,12,23,7,27,0.7,63
27,2017-07-28,优,46,97,14,26,7,28,0.88,83
28,2017-07-29,优,49,129,16,41,22,28,0.77,71
29,2017-07-30,良,67,212,16,36,15,24,0.69,107
30,2017-07-31,良,64,216,24,57,17,32,0.67,96
0,2017-06-01,良,66,198,27,77,12,27,1.0,80
1,2017-06-02,良,68,211,33,85,12,38,1.06,64
2,2017-06-03,良,54,146,20,37,8,25,0.63,104
3,2017-06-04,良,58,192,11,20,6,24,0.65,102
4,2017-06-05,优,48,152,18,39,7,26,0.74,73
5,2017-06-06,良,53,230,16,46,15,29,0.72,76
6,2017-06-07,良,61,198,17,47,10,29,0.62,93
7,2017-06-08,良,54,146,16,42,15,31,0.84,86
8,2017-06-09,良,65,224,13,25,9,18,0.62,114
9,2017-06-10,良,61,246,22,58,19,26,0.74,95
10,2017-06-11,良,71,266,22,71,20,27,0.74,105
11,2017-06-12,良,67,271,20,60,14,50,0.73,98
12,2017-06-13,良,71,267,19,62,24,33,0.6,101
13,2017-06-14,良,69,236,20,54,13,29,0.64,104
14,2017-06-15,良,69,200,13,32,8,34,0.67,121
15,2017-06-16,良,70,201,17,46,9,28,0.72,109
16,2017-06-17,良,81,218,23,57,10,32,0.78,115
17,2017-06-18,良,70,203,16,32,8,23,0.64,123
18,2017-06-19,良,61,212,18,46,12,30,0.68,94
19,2017-06-20,良,58,196,20,44,12,30,0.78,89
20,2017-06-21,良,60,194,22,41,13,26,0.64,95
21,2017-06-22,良,56,207,17,35,9,27,0.66,90
22,2017-06-23,良,71,290,24,75,10,41,0.62,100
23,2017-06-24,良,57,218,15,46,11,23,0.49,97
24,2017-06-25,良,68,258,22,48,11,22,0.68,109
25,2017-06-26,良,71,228,24,64,20,23,0.74,110
26,2017-06-27,良,52,137,16,40,18,23,0.7,82
27,2017-06-28,良,59,161,20,47,26,25,0.8,84
28,2017-06-29,良,63,196,23,47,17,24,0.66,98
29,2017-06-30,良,74,255,18,51,18,24,1.15,112
0,2017-05-01,良,65,120,32,73,31,30,1.18,90
1,2017-05-02,良,54,85,24,46,19,25,0.98,91
2,2017-05-03,良,71,261,33,91,20,23,0.92,81
3,2017-05-04,良,74,248,24,95,7,23,0.84,87
4,2017-05-05,轻度污染,110,232,34,169,8,21,0.74,93
5,2017-05-06,良,94,199,38,136,14,31,0.96,80
6,2017-05-07,良,65,116,21,69,10,23,0.89,105
7,2017-05-08,良,64,157,23,62,13,29,1.1,81
8,2017-05-09,良,58,147,15,47,13,20,0.92,105
9,2017-05-10,良,56,77,16,56,9,24,0.94,82
10,2017-05-11,优,50,55,17,32,10,23,0.93,94
11,2017-05-12,良,65,192,20,65,13,40,1.31,74
12,2017-05-13,良,69,209,24,87,16,44,1.29,62
13,2017-05-14,良,52,76,16,38,10,25,0.94,89
14,2017-05-15,良,52,126,15,46,12,28,0.98,85
15,2017-05-16,良,53,114,17,43,11,27,0.87,88
16,2017-05-17,良,62,105,19,61,13,35,0.92,78
17,2017-05-18,良,63,96,20,58,16,34,0.92,85
18,2017-05-19,良,61,113,19,65,14,31,0.86,89
19,2017-05-20,良,80,239,26,103,16,41,1.01,83
20,2017-05-20,良,80,239,26,103,16,41,1.01,83
21,2017-05-21,良,65,197,21,77,16,27,0.91,87
22,2017-05-22,优,43,114,12,20,8,18,0.61,83
23,2017-05-23,良,58,249,21,55,9,19,0.81,110
24,2017-05-24,良,54,181,13,24,7,14,0.68,103
25,2017-05-25,良,59,163,15,32,7,17,0.6,110
26,2017-05-26,良,59,117,21,47,8,27,0.85,95
27,2017-05-27,良,65,95,22,60,11,34,1.07,88
28,2017-05-28,良,71,97,30,85,15,43,1.15,76
29,2017-05-29,良,70,122,25,74,12,33,0.99,87
30,2017-05-30,良,81,240,36,98,16,27,0.94,99
31,2017-05-31,良,75,193,38,98,12,35,0.96,67
0,2017-04-01,良,62,126,22,73,15,37,0.94,87
1,2017-04-02,良,82,225,38,113,20,48,1.49,71
2,2017-04-03,良,90,249,53,127,27,50,1.43,66
3,2017-04-04,良,72,142,44,87,30,39,1.14,66
4,2017-04-05,良,79,213,33,100,27,40,1.33,74
5,2017-04-06,良,93,243,38,133,24,37,1.31,91
6,2017-04-07,轻度污染,132,327,48,211,17,36,1.0,63
7,2017-04-08,优,38,31,15,34,9,29,0.84,65
8,2017-04-09,优,36,50,16,35,11,31,0.78,55
9,2017-04-10,优,42,96,24,41,9,29,0.93,63
10,2017-04-11,优,43,87,19,38,8,27,0.84,72
11,2017-04-12,良,61,156,28,70,22,34,0.91,75
12,2017-04-13,良,93,320,30,134,16,40,0.98,58
13,2017-04-14,良,97,329,32,142,23,38,1.13,64
14,2017-04-15,良,54,37,20,56,10,25,0.77,89
15,2017-04-16,良,59,99,19,60,18,29,0.76,85
16,2017-04-17,良,75,206,27,97,29,39,0.97,60
17,2017-04-18,严重污染,441,365,168,898,11,28,0.94,68
18,2017-04-19,良,77,188,22,90,9,25,0.94,76
19,2017-04-20,良,55,119,26,51,17,26,1.24,81
20,2017-04-21,良,66,213,18,73,13,26,0.87,88
21,2017-04-22,良,59,122,20,58,13,28,1.25,87
22,2017-04-23,良,68,177,23,77,18,34,1.25,89
23,2017-04-23,良,68,177,23,77,18,34,1.25,89
24,2017-04-24,良,74,200,24,95,25,33,1.14,92
25,2017-04-25,良,56,151,20,52,32,23,1.15,98
26,2017-04-26,优,45,103,17,32,11,25,1.02,78
27,2017-04-27,良,53,128,22,52,14,27,1.04,76
28,2017-04-28,良,62,132,31,63,12,31,1.1,78
29,2017-04-29,良,69,111,29,81,18,33,1.08,77
30,2017-04-30,良,52,31,21,41,23,25,1.02,98
0,2017-03-01,良,60,94,23,70,14,32,1.65,55
1,2017-03-02,良,89,318,39,126,25,38,1.65,59
2,2017-03-03,良,93,295,37,134,25,33,1.62,76
3,2017-03-04,良,69,92,33,86,22,36,1.46,72
4,2017-03-05,良,51,73,16,51,12,26,1.37,85
5,2017-03-06,良,62,187,30,72,17,33,1.6,66
6,2017-03-07,良,60,185,31,69,19,29,1.45,84
7,2017-03-08,良,66,202,42,78,28,33,1.6,82
8,2017-03-09,良,77,216,53,97,32,39,1.69,72
9,2017-03-10,良,70,146,42,88,20,34,1.17,82
10,2017-03-11,良,57,105,35,62,15,29,1.43,96
11,2017-03-12,良,53,116,28,51,18,28,1.44,89
12,2017-03-13,良,58,222,37,59,14,34,1.41,78
13,2017-03-14,良,95,339,70,104,20,41,1.85,75
14,2017-03-15,轻度污染,112,351,84,119,22,46,1.63,80
15,2017-03-16,轻度污染,105,320,73,128,14,46,1.39,80
16,2017-03-17,良,60,119,31,65,13,31,0.79,100
17,2017-03-18,良,63,135,34,71,13,36,0.86,89
18,2017-03-19,良,66,159,36,68,12,36,0.94,85
19,2017-03-20,良,68,202,33,81,15,39,1.7,81
20,2017-03-21,良,68,190,32,84,18,41,1.62,79
21,2017-03-22,良,79,265,43,106,15,44,2.05,47
22,2017-03-23,良,94,307,37,136,12,37,1.57,59
23,2017-03-24,良,76,247,33,100,11,28,1.27,80
24,2017-03-25,良,82,254,25,111,14,25,0.98,81
25,2017-03-26,良,87,280,33,122,14,31,1.54,71
26,2017-03-27,良,90,291,37,128,22,36,1.76,69
27,2017-03-28,重度污染,247,364,88,353,15,28,1.31,78
28,2017-03-29,轻度污染,125,317,52,197,21,33,1.13,75
29,2017-03-30,良,58,112,26,62,8,24,0.95,79
30,2017-03-31,良,53,124,17,47,9,26,0.93,87
0,2017-02-01,良,92,266,55,133,30,36,2.14,62
1,2017-02-02,良,92,229,62,128,30,42,2.21,50
2,2017-02-03,良,94,212,53,132,21,36,2.22,57
3,2017-02-04,良,90,182,61,121,31,45,2.16,48
4,2017-02-05,轻度污染,113,229,80,169,41,55,2.94,32
5,2017-02-06,良,100,240,70,141,30,37,1.84,47
6,2017-02-07,良,93,305,39,134,20,30,1.47,52
7,2017-02-08,良,75,273,49,90,14,34,1.8,60
8,2017-02-09,良,95,294,69,117,22,39,1.76,64
9,2017-02-10,良,63,163,37,73,18,36,1.21,67
10,2017-02-11,良,99,287,70,126,29,46,1.94,47
11,2017-02-12,良,90,194,63,112,23,45,1.88,45
12,2017-02-13,良,92,180,65,120,38,58,2.48,34
13,2017-02-14,良,97,171,71,123,24,51,3.11,51
14,2017-02-15,良,90,131,51,126,28,50,2.65,40
15,2017-02-16,轻度污染,119,253,46,186,26,41,2.45,43
16,2017-02-17,轻度污染,127,304,47,202,21,35,2.35,60
17,2017-02-18,轻度污染,102,232,48,153,23,47,2.37,53
18,2017-02-19,良,87,156,40,121,30,46,2.44,53
19,2017-02-20,轻度污染,122,296,51,193,24,35,2.13,84
20,2017-02-21,轻度污染,109,344,57,166,12,29,2.12,65
21,2017-02-22,轻度污染,114,320,52,176,11,30,1.91,67
22,2017-02-23,良,89,270,53,124,12,32,1.73,64
23,2017-02-24,良,94,287,61,135,16,35,1.82,55
24,2017-02-25,良,64,169,28,76,17,26,1.57,74
25,2017-02-26,良,62,134,29,71,20,30,1.67,64
26,2017-02-27,良,65,110,36,79,21,33,1.93,62
27,2017-02-28,良,58,53,18,64,18,27,1.44,68
0,2017-01-01,轻度污染,107,127,79,136,26,59,2.48,20
1,2017-01-02,轻度污染,110,131,79,132,30,56,2.51,30
2,2017-01-03,良,85,92,59,103,30,54,2.09,32
3,2017-01-04,轻度污染,106,129,73,138,32,57,3.04,22
4,2017-01-05,良,79,133,49,105,26,49,2.56,21
5,2017-01-06,良,86,214,60,116,29,47,2.3,37
6,2017-01-07,良,94,254,67,117,23,48,2.29,36
7,2017-01-08,良,88,207,61,102,26,41,1.7,44
8,2017-01-09,良,61,135,37,70,26,34,1.18,52
9,2017-01-10,良,60,138,34,66,26,35,1.28,49
10,2017-01-11,良,81,208,57,99,24,43,1.88,27
11,2017-01-12,良,98,264,71,123,25,48,2.22,29
12,2017-01-13,良,92,249,64,122,25,49,2.55,32
13,2017-01-14,轻度污染,107,301,77,139,29,48,2.42,48
14,2017-01-15,轻度污染,104,289,67,136,34,48,2.07,63
15,2017-01-16,良,84,203,34,116,25,38,1.67,66
16,2017-01-17,良,79,159,46,100,28,42,2.0,50
17,2017-01-18,良,98,194,55,137,24,42,2.25,53
18,2017-01-19,良,96,180,46,141,27,39,1.72,55
19,2017-01-20,轻度污染,133,341,72,214,29,45,2.53,35
20,2017-01-21,轻度污染,112,319,60,170,28,40,2.37,43
21,2017-01-22,良,77,169,36,103,33,43,2.52,46
22,2017-01-23,良,87,188,55,119,35,51,3.05,29
23,2017-01-24,良,89,183,62,111,33,47,2.57,36
24,2017-01-25,良,83,111,54,103,30,48,2.98,25
25,2017-01-26,严重污染,461,363,200,1133,19,33,1.63,46
26,2017-01-27,严重污染,480,364,170,692,39,46,2.79,37
27,2017-01-28,严重污染,263,330,107,376,33,32,2.07,54
28,2017-01-29,轻度污染,116,266,50,181,23,32,2.08,56
29,2017-01-30,轻度污染,127,335,60,201,30,36,1.91,57
30,2017-01-31,轻度污染,105,319,54,158,33,33,2.74,64
0,2016-12-01,轻度污染,105,221,77,138,35,52,2.13,28
1,2016-12-02,轻度污染,142,284,108,175,79,64,3.13,18
2,2016-12-03,轻度污染,120,228,78,148,45,50,2.59,33
3,2016-12-04,轻度污染,113,210,77,154,86,63,3.89,26
4,2016-12-05,轻度污染,108,221,61,163,42,53,2.78,33
5,2016-12-06,轻度污染,127,301,93,176,62,62,3.57,26
6,2016-12-07,轻度污染,113,201,74,149,45,55,2.75,31
7,2016-12-08,轻度污染,126,216,92,161,42,66,3.21,20
8,2016-12-09,轻度污染,122,242,90,158,40,61,3.92,21
9,2016-12-10,中度污染,157,322,119,184,38,68,3.49,21
10,2016-12-11,轻度污染,147,299,109,170,52,62,3.11,23
11,2016-12-12,中度污染,178,331,136,191,41,63,2.65,33
12,2016-12-13,中度污染,163,332,124,183,27,60,2.85,29
13,2016-12-14,中度污染,161,350,122,179,27,63,2.83,29
14,2016-12-15,中度污染,195,352,153,214,34,65,3.06,30
15,2016-12-16,中度污染,195,338,151,222,39,64,3.62,24
16,2016-12-17,轻度污染,139,265,104,178,41,59,3.06,28
17,2016-12-18,轻度污染,148,238,112,185,45,61,3.4,24
18,2016-12-19,轻度污染,130,171,98,162,45,62,3.05,26
19,2016-12-20,中度污染,153,221,109,192,62,57,3.03,39
20,2016-12-21,轻度污染,143,263,72,228,23,43,1.96,54
21,2016-12-22,轻度污染,120,296,65,183,22,53,2.8,25
22,2016-12-23,良,99,234,68,142,44,60,2.86,24
23,2016-12-24,轻度污染,122,305,91,151,52,67,3.26,15
24,2016-12-25,良,92,261,60,115,33,50,2.46,27
25,2016-12-26,良,79,297,55,87,28,42,2.75,39
26,2016-12-27,轻度污染,120,326,90,134,35,57,3.57,28
27,2016-12-28,良,97,266,70,117,26,54,2.67,26
28,2016-12-29,轻度污染,102,241,75,123,33,59,2.76,23
29,2016-12-30,轻度污染,132,262,99,164,34,64,3.14,21
30,2016-12-31,良,100,128,73,126,27,53,2.27,30
0,2016-11-01,轻度污染,106,344,72,156,37,61,1.44,36
1,2016-11-02,轻度污染,116,315,84,168,28,61,1.81,34
2,2016-11-03,轻度污染,126,320,85,181,26,58,2.04,31
3,2016-11-04,轻度污染,117,279,67,180,23,57,2.2,27
4,2016-11-05,轻度污染,114,241,76,171,25,58,2.14,37
5,2016-11-06,轻度污染,101,174,55,145,18,47,1.23,48
6,2016-11-07,轻度污染,102,252,46,151,8,37,1.12,52
7,2016-11-08,轻度污染,123,356,75,190,22,54,1.93,26
8,2016-11-09,良,95,305,45,134,17,39,1.28,43
9,2016-11-10,良,87,274,29,122,9,40,1.59,44
10,2016-11-11,轻度污染,116,319,62,178,34,54,2.2,24
11,2016-11-12,轻度污染,146,334,87,240,39,63,2.15,25
12,2016-11-13,轻度污染,133,288,91,202,46,63,2.47,26
13,2016-11-14,轻度污染,112,248,64,173,29,58,1.34,43
14,2016-11-15,轻度污染,118,281,81,179,32,76,2.16,40
15,2016-11-16,轻度污染,120,296,85,182,38,61,2.02,32
16,2016-11-17,轻度污染,130,290,92,197,41,62,3.15,29
17,2016-11-18,轻度污染,127,276,67,185,33,48,2.69,31
18,2016-11-19,重度污染,249,359,70,374,19,45,2.22,42
19,2016-11-20,轻度污染,129,317,68,206,33,53,2.82,32
20,2016-11-21,轻度污染,107,323,53,161,25,37,2.06,36
21,2016-11-22,良,81,346,40,111,19,34,2.17,43
22,2016-11-23,良,87,336,57,119,26,41,1.78,41
23,2016-11-24,良,99,303,73,134,36,50,2.15,43
24,2016-11-25,良,79,195,48,105,27,38,1.38,49
25,2016-11-26,轻度污染,121,262,88,146,34,46,3.08,34
26,2016-11-27,轻度污染,129,304,96,165,32,54,3.26,26
27,2016-11-28,轻度污染,125,312,90,170,37,47,2.66,36
28,2016-11-29,轻度污染,103,241,67,153,24,49,1.66,39
29,2016-11-30,轻度污染,118,273,84,164,33,53,2.04,29
0,2016-10-01,良,60,201,26,70,10,33,1.0,54
1,2016-10-02,良,69,260,34,87,18,39,1.14,48
2,2016-10-03,良,94,305,48,136,22,38,1.37,60
3,2016-10-04,良,56,172,25,63,7,26,0.81,57
4,2016-10-05,良,85,320,48,117,11,37,1.03,41
5,2016-10-06,良,81,293,48,111,12,34,1.09,49
6,2016-10-07,良,70,283,33,88,13,26,0.69,67
7,2016-10-08,良,71,298,33,90,14,29,0.88,70
8,2016-10-09,良,52,202,31,53,9,34,1.02,63
9,2016-10-10,良,71,284,45,88,11,47,1.09,38
10,2016-10-11,良,63,226,45,73,10,39,1.04,38
11,2016-10-12,良,55,168,33,58,12,39,1.07,49
12,2016-10-13,良,76,256,43,100,24,44,1.37,38
13,2016-10-14,良,87,295,58,114,23,52,1.7,24
14,2016-10-15,良,77,269,42,97,18,40,1.35,42
15,2016-10-16,优,46,60,25,48,5,46,1.06,47
16,2016-10-17,良,84,292,52,108,29,47,1.53,32
17,2016-10-18,良,89,268,49,124,32,49,1.62,32
18,2016-10-19,轻度污染,107,292,62,162,27,60,1.45,43
19,2016-10-20,轻度污染,108,323,61,162,15,44,1.38,54
20,2016-10-21,良,91,331,41,129,5,29,1.01,66
21,2016-10-22,优,40,161,21,35,3,32,1.14,56
22,2016-10-23,良,74,345,47,93,9,40,1.45,40
23,2016-10-24,良,53,209,34,55,7,37,1.09,52
24,2016-10-25,良,72,277,48,85,7,42,1.3,39
25,2016-10-26,良,59,227,32,67,8,35,0.86,57
26,2016-10-27,优,38,107,23,36,5,30,0.97,60
27,2016-10-28,优,40,136,24,38,6,36,1.1,46
28,2016-10-29,良,63,297,33,73,10,39,1.23,50
29,2016-10-30,良,88,336,47,124,24,43,1.87,38
30,2016-10-31,良,99,357,57,146,36,57,1.85,37
0,2016-09-01,良,74,268,39,96,23,32,0.92,61
1,2016-09-02,良,62,209,37,73,21,33,0.87,45
2,2016-09-03,良,58,150,30,58,10,21,0.76,71
3,2016-09-04,良,78,245,42,100,15,28,1.07,71
4,2016-09-05,良,60,179,37,65,19,25,0.96,63
5,2016-09-06,良,53,159,28,52,20,23,0.93,67
6,2016-09-07,良,79,327,42,106,28,35,1.04,52
7,2016-09-08,良,72,243,45,89,19,30,1.06,58
8,2016-09-09,优,45,104,19,35,21,23,0.69,83
9,2016-09-10,良,59,207,27,67,32,32,0.89,55
10,2016-09-11,良,67,261,32,79,33,31,0.9,56
11,2016-09-12,优,49,123,25,48,23,26,0.84,69
12,2016-09-13,良,67,230,35,82,32,32,0.96,64
13,2016-09-14,良,72,250,46,87,30,37,0.95,67
14,2016-09-15,良,63,222,38,69,17,31,0.94,66
15,2016-09-16,良,69,268,47,80,24,37,1.16,36
16,2016-09-17,优,44,143,26,41,10,25,0.7,65
17,2016-09-18,优,35,67,14,22,12,23,0.69,55
18,2016-09-19,优,48,134,26,47,16,29,0.79,53
19,2016-09-20,优,50,112,29,47,11,26,0.96,53
20,2016-09-21,良,53,95,24,57,15,28,0.89,52
21,2016-09-22,良,67,175,33,81,18,38,1.12,41
22,2016-09-23,良,70,197,37,87,16,38,1.14,45
23,2016-09-24,良,69,188,39,86,18,39,0.94,52
24,2016-09-25,良,53,106,25,58,10,33,0.92,58
25,2016-09-26,良,77,238,42,101,18,33,1.34,59
26,2016-09-27,良,75,279,36,98,10,25,1.04,65
27,2016-09-28,良,67,322,37,83,13,36,1.11,53
28,2016-09-29,良,62,272,34,73,17,38,1.08,52
29,2016-09-30,良,68,257,39,83,18,47,1.72,29
0,2016-08-01,良,82,340,43,98,21,29,0.83,102
1,2016-08-02,良,76,335,42,94,30,27,1.05,96
2,2016-08-03,良,69,304,39,85,27,27,0.86,77
3,2016-08-04,良,66,286,37,72,32,22,0.92,79
4,2016-08-05,良,69,296,40,78,31,25,0.87,84
5,2016-08-06,良,72,308,39,83,23,23,0.78,88
6,2016-08-07,良,78,347,42,94,37,26,0.85,101
7,2016-08-08,良,96,362,53,124,33,33,0.99,102
8,2016-08-09,良,90,352,46,123,40,31,1.09,101
9,2016-08-10,良,96,349,42,139,48,27,0.65,76
10,2016-08-11,良,82,347,36,108,31,25,0.66,79
11,2016-08-12,良,65,283,25,76,25,19,0.59,100
12,2016-08-13,良,64,279,30,75,29,16,0.68,96
13,2016-08-14,良,68,307,44,83,33,19,0.76,85
14,2016-08-15,优,50,205,31,48,26,22,0.74,71
15,2016-08-16,良,71,313,38,73,21,30,0.92,81
16,2016-08-17,良,81,320,52,93,31,25,0.84,87
17,2016-08-18,优,49,146,25,50,19,24,0.73,67
18,2016-08-19,优,43,136,21,40,20,23,0.58,62
19,2016-08-20,良,55,219,29,59,15,21,0.66,72
20,2016-08-21,良,69,275,46,82,21,21,0.73,93
21,2016-08-22,良,74,288,52,87,24,28,0.88,76
22,2016-08-23,优,41,39,18,31,16,21,0.85,77
23,2016-08-24,优,35,20,15,28,16,19,0.67,62
24,2016-08-25,优,35,37,12,22,15,18,0.47,69
25,2016-08-26,优,47,188,27,49,22,31,0.76,63
26,2016-08-27,良,60,261,32,66,31,30,0.72,69
27,2016-08-28,良,72,273,46,88,37,28,0.84,82
28,2016-08-29,良,51,103,33,52,24,33,0.75,73
29,2016-08-30,良,55,141,33,59,15,31,0.71,63
30,2016-08-31,良,64,170,34,75,19,32,0.76,60
0,2016-07-01,良,64,292,22,63,23,23,0.65,103
1,2016-07-02,良,82,327,33,101,33,32,0.83,94
2,2016-07-03,良,84,313,32,95,31,32,0.89,102
3,2016-07-04,良,94,336,41,119,35,39,0.89,100
4,2016-07-05,良,96,334,45,131,32,35,0.84,106
5,2016-07-06,良,80,294,43,105,22,29,0.79,91
6,2016-07-07,良,61,256,28,72,14,22,0.61,80
7,2016-07-08,良,61,255,37,69,31,30,1.15,59
8,2016-07-09,良,69,292,41,85,31,27,1.02,59
9,2016-07-10,优,48,158,23,50,16,23,0.73,53
10,2016-07-11,优,29,21,16,22,25,23,0.75,56
11,2016-07-12,优,47,150,20,39,26,21,0.63,79
12,2016-07-13,优,47,175,23,46,27,29,0.81,70
13,2016-07-14,良,52,209,16,37,22,26,0.59,91
14,2016-07-15,良,76,347,33,94,36,32,0.83,76
15,2016-07-16,良,73,306,35,85,40,26,0.83,87
16,2016-07-17,良,68,256,41,82,40,29,0.72,71
17,2016-07-18,优,48,157,22,38,15,24,0.99,83
18,2016-07-19,良,67,294,31,69,25,27,1.01,86
19,2016-07-20,良,83,350,38,96,21,30,0.87,94
20,2016-07-21,良,55,252,32,51,17,28,0.81,86
21,2016-07-22,良,73,314,43,79,21,25,0.9,96
22,2016-07-23,良,80,316,42,102,21,36,0.91,71
23,2016-07-24,良,58,182,33,58,12,26,0.76,84
24,2016-07-25,优,42,83,22,33,8,29,0.78,71
25,2016-07-26,良,67,246,36,75,24,34,0.98,56
26,2016-07-27,良,74,278,32,92,25,36,0.91,68
27,2016-07-28,良,74,259,33,88,28,34,0.97,85
28,2016-07-29,良,76,255,36,88,28,34,0.9,99
29,2016-07-30,良,78,282,40,91,31,30,0.95,91
30,2016-07-31,良,90,346,47,114,33,33,0.89,102
0,2016-06-01,良,55,180,33,60,9,29,0.86,72
1,2016-06-02,良,72,273,36,87,18,29,0.74,75
2,2016-06-03,良,84,306,41,115,32,41,0.85,72
3,2016-06-04,良,58,192,21,57,18,35,0.72,82
4,2016-06-05,良,82,309,38,104,39,43,0.98,68
5,2016-06-06,良,82,295,34,107,18,46,1.06,68
6,2016-06-07,良,63,189,29,64,22,35,0.76,87
7,2016-06-08,良,55,142,20,39,11,25,0.66,97
8,2016-06-09,良,51,126,19,37,9,27,0.74,88
9,2016-06-10,良,68,232,36,74,21,33,0.9,71
10,2016-06-11,良,55,195,25,56,16,33,0.81,74
11,2016-06-12,良,65,262,30,74,28,33,0.79,70
12,2016-06-13,良,61,199,26,71,24,31,0.82,77
13,2016-06-14,良,74,287,27,96,21,29,0.76,70
14,2016-06-15,良,64,265,22,66,14,22,0.54,96
15,2016-06-16,良,81,287,37,101,24,34,0.95,78
16,2016-06-17,轻度污染,111,349,42,169,28,38,0.97,80
17,2016-06-18,良,100,329,45,146,42,39,1.01,82
18,2016-06-19,良,74,280,36,94,36,27,0.79,87
19,2016-06-20,良,66,249,33,75,32,23,0.84,83
20,2016-06-21,良,52,176,25,52,13,19,0.79,87
21,2016-06-22,良,73,296,44,92,38,31,1.22,65
22,2016-06-23,良,55,236,26,60,19,23,0.66,79
23,2016-06-24,良,51,230,25,51,14,31,0.76,67
24,2016-06-25,良,62,269,34,68,14,33,0.96,72
25,2016-06-26,优,46,139,22,45,11,22,0.77,83
26,2016-06-27,良,77,276,32,91,19,26,0.77,91
27,2016-06-28,良,77,292,33,94,43,33,0.93,73
28,2016-06-29,良,87,325,41,121,55,38,1.07,79
29,2016-06-30,良,60,253,20,57,16,26,0.63,105
0,2016-05-01,中度污染,156,343,56,230,32,35,1.1,59
1,2016-05-02,良,61,159,26,75,8,20,0.69,65
2,2016-05-03,良,80,319,43,108,19,33,0.86,61
3,2016-05-04,良,100,331,48,149,25,41,1.02,63
4,2016-05-05,轻度污染,102,311,36,152,15,20,0.9,77
5,2016-05-06,良,95,246,34,138,15,22,0.69,64
6,2016-05-07,良,86,270,46,119,26,34,0.95,54
7,2016-05-08,良,87,338,38,121,23,41,0.97,60
8,2016-05-09,良,68,238,35,84,12,35,1.4,62
9,2016-05-10,良,73,233,35,95,20,42,1.41,57
10,2016-05-11,轻度污染,121,312,43,174,27,43,1.1,65
11,2016-05-12,轻度污染,120,318,31,156,10,22,0.53,69
12,2016-05-13,良,64,170,37,79,12,39,1.34,44
13,2016-05-14,良,52,109,26,53,6,27,0.56,77
14,2016-05-15,良,74,341,46,90,25,36,0.91,66
15,2016-05-16,良,75,291,41,97,16,42,0.97,71
16,2016-05-17,良,80,243,37,107,14,47,0.95,62
17,2016-05-18,良,80,206,43,106,30,38,0.86,75
18,2016-05-19,良,66,119,32,81,10,30,0.63,80
19,2016-05-20,中度污染,197,355,75,295,10,25,0.53,80
20,2016-05-21,优,38,62,19,30,7,25,0.52,65
21,2016-05-22,优,29,24,17,25,7,30,0.57,52
22,2016-05-23,优,41,76,21,37,8,24,0.5,73
23,2016-05-24,良,79,273,38,106,16,28,0.72,93
24,2016-05-25,良,51,112,18,49,6,22,0.65,80
25,2016-05-26,良,59,186,37,66,13,31,0.89,54
26,2016-05-27,良,75,280,49,90,13,32,0.94,65
27,2016-05-28,良,57,195,28,61,9,34,0.73,72
28,2016-05-29,良,77,279,43,99,21,40,0.84,62
29,2016-05-30,良,83,253,45,107,24,38,0.91,77
30,2016-05-31,良,61,168,33,66,18,26,0.77,90
0,2016-04-01,轻度污染,125,323,51,198,26,37,0.91,49
1,2016-04-02,良,91,228,32,130,17,26,0.77,60
2,2016-04-03,轻度污染,108,341,46,165,28,29,1.04,62
3,2016-04-04,良,94,331,41,136,15,26,0.83,61
4,2016-04-05,良,66,191,37,79,12,25,0.74,57
5,2016-04-06,良,76,256,50,90,16,31,0.96,49
6,2016-04-07,良,73,239,30,93,11,25,0.71,65
7,2016-04-08,良,76,237,26,99,12,26,0.88,68
8,2016-04-09,良,85,263,45,118,32,34,1.05,56
9,2016-04-10,良,66,191,38,80,14,33,0.81,64
10,2016-04-11,良,90,274,46,127,25,34,1.12,49
11,2016-04-12,良,90,275,33,129,14,28,0.77,63
12,2016-04-13,良,80,192,35,109,15,27,0.92,61
13,2016-04-14,良,89,231,41,125,26,32,0.95,66
14,2016-04-15,优,48,51,22,45,10,20,0.69,68
15,2016-04-16,良,55,183,27,63,9,23,0.73,65
16,2016-04-17,良,52,144,20,55,23,28,0.8,61
17,2016-04-18,良,70,306,34,88,29,45,1.02,46
18,2016-04-19,良,91,327,41,129,36,39,0.9,58
19,2016-04-20,良,73,273,25,93,15,26,0.84,69
20,2016-04-21,良,69,200,36,85,22,29,0.9,61
21,2016-04-22,良,55,105,24,59,26,27,0.72,70
22,2016-04-23,优,47,101,30,47,10,36,0.82,71
23,2016-04-24,良,64,197,40,72,29,39,0.95,65
24,2016-04-25,良,64,175,38,77,17,44,0.92,57
25,2016-04-26,良,59,167,30,67,23,26,0.75,63
26,2016-04-27,良,68,223,37,83,19,35,0.92,51
27,2016-04-28,良,75,232,40,97,26,39,1.03,51
28,2016-04-29,良,78,197,39,104,32,40,0.89,55
29,2016-04-30,良,85,220,35,118,21,41,1.06,48
0,2016-03-01,良,82,180,44,110,25,30,1.12,46
1,2016-03-02,良,62,59,30,73,19,28,1.01,45
2,2016-03-03,良,72,99,42,87,30,35,1.56,38
3,2016-03-04,重度污染,244,344,64,310,18,31,1.02,51
4,2016-03-05,中度污染,155,259,57,258,13,22,0.91,52
5,2016-03-06,轻度污染,136,224,58,221,24,33,1.21,45
6,2016-03-07,轻度污染,136,269,56,220,23,29,1.25,53
7,2016-03-08,轻度污染,116,339,49,181,20,27,1.04,51
8,2016-03-09,重度污染,213,357,61,298,16,23,0.71,63
9,2016-03-10,轻度污染,133,355,74,214,16,26,1.24,48
10,2016-03-11,轻度污染,101,335,56,149,16,31,1.25,52
11,2016-03-12,中度污染,163,352,72,260,15,26,0.82,56
12,2016-03-13,良,80,213,45,109,9,23,0.96,56
13,2016-03-14,轻度污染,109,291,65,163,17,32,1.35,54
14,2016-03-15,轻度污染,112,245,56,172,18,31,1.25,59
15,2016-03-16,轻度污染,119,255,72,182,27,40,1.6,56
16,2016-03-17,良,83,155,43,113,10,24,1.05,58
17,2016-03-18,良,95,174,54,139,29,37,1.65,38
18,2016-03-19,轻度污染,119,257,68,185,47,39,1.74,50
19,2016-03-20,轻度污染,148,336,92,236,35,37,1.46,54
20,2016-03-21,轻度污染,130,326,98,138,21,40,1.89,43
21,2016-03-22,良,71,185,49,85,9,31,1.33,50
22,2016-03-23,良,62,215,43,69,8,30,1.05,53
23,2016-03-24,良,52,150,30,52,8,24,0.83,66
24,2016-03-25,良,66,214,43,78,9,30,1.02,56
25,2016-03-26,良,66,148,35,81,9,28,1.0,61
26,2016-03-27,良,93,295,63,122,30,38,1.39,57
27,2016-03-28,良,87,227,44,122,20,36,1.02,59
28,2016-03-29,良,91,247,57,129,47,39,1.04,55
29,2016-03-30,轻度污染,106,279,72,140,34,43,1.26,41
30,2016-03-31,良,90,221,43,127,23,44,1.24,39
0,2016-02-01,轻度污染,120,301,89,137,35,39,2.29,46
1,2016-02-02,轻度污染,113,247,84,125,32,40,2.14,41
2,2016-02-03,轻度污染,123,261,92,129,27,37,1.98,46
3,2016-02-04,轻度污染,120,261,76,147,21,32,1.78,44
4,2016-02-05,良,75,177,47,95,20,29,1.74,45
5,2016-02-06,良,92,289,55,112,27,30,1.87,44
6,2016-02-07,良,91,221,65,99,47,35,2.28,39
7,2016-02-08,轻度污染,143,176,111,150,57,38,2.24,32
8,2016-02-09,良,93,214,69,98,47,47,2.49,31
9,2016-02-10,轻度污染,119,285,89,128,50,54,2.81,38
10,2016-02-11,轻度污染,122,271,90,131,37,37,2.21,55
11,2016-02-12,良,65,138,31,77,13,16,0.98,60
12,2016-02-13,良,53,190,18,58,11,16,1.07,58
13,2016-02-14,良,75,345,51,85,22,22,1.66,50
14,2016-02-15,良,91,349,66,101,20,28,1.81,56
15,2016-02-16,轻度污染,102,352,76,111,25,31,1.94,55
16,2016-02-17,轻度污染,115,350,73,129,23,32,1.92,51
17,2016-02-18,轻度污染,144,340,51,192,20,27,1.48,56
18,2016-02-19,严重污染,372,360,82,524,10,20,1.04,51
19,2016-02-20,中度污染,152,345,61,252,20,30,1.78,38
20,2016-02-21,轻度污染,134,344,60,216,22,27,1.37,44
21,2016-02-22,轻度污染,118,287,52,184,21,24,1.38,46
22,2016-02-23,轻度污染,114,295,43,176,14,18,1.02,49
23,2016-02-24,良,79,228,31,106,10,19,0.77,52
24,2016-02-25,良,62,135,29,77,16,22,0.92,48
25,2016-02-26,良,62,150,36,72,23,28,1.31,35
26,2016-02-27,良,62,129,32,72,24,25,1.03,43
27,2016-02-28,良,63,129,32,78,21,27,1.43,43
28,2016-02-29,良,91,257,47,131,24,33,1.33,42
0,2016-01-01,良,99,143,68,130,68,51,2.37,18
1,2016-01-02,良,83,86,56,109,63,54,2.44,16
2,2016-01-03,良,97,131,70,131,58,55,2.17,23
3,2016-01-04,轻度污染,112,194,68,157,49,46,2.35,25
4,2016-01-05,良,79,211,47,102,34,41,1.81,31
5,2016-01-06,良,82,227,58,98,40,44,1.96,29
6,2016-01-07,良,95,237,70,110,37,48,2.04,30
7,2016-01-08,良,96,240,70,120,57,53,2.78,17
8,2016-01-09,轻度污染,104,203,77,122,68,53,2.72,23
9,2016-01-10,轻度污染,118,238,88,127,54,49,2.36,30
10,2016-01-11,良,99,274,73,106,45,48,2.04,29
11,2016-01-12,良,76,238,52,87,21,38,1.42,36
12,2016-01-13,良,91,223,66,100,27,41,1.8,34
13,2016-01-14,轻度污染,115,253,86,129,39,49,2.18,28
14,2016-01-15,轻度污染,126,261,95,143,48,50,2.61,29
15,2016-01-16,轻度污染,107,212,61,133,37,41,1.72,34
16,2016-01-17,良,87,197,38,122,28,32,1.45,41
17,2016-01-18,良,84,207,49,113,31,43,1.85,33
18,2016-01-19,良,91,191,60,119,41,43,2.09,34
19,2016-01-20,良,75,163,39,98,26,42,1.75,29
20,2016-01-21,轻度污染,105,291,54,144,34,47,2.21,32
21,2016-01-22,优,49,140,16,53,14,30,1.07,36
22,2016-01-23,良,54,160,32,56,23,33,1.42,26
23,2016-01-24,良,78,331,52,83,38,41,2.01,25
24,2016-01-25,良,97,320,71,104,38,44,2.22,25
25,2016-01-26,良,91,284,67,100,40,44,2.57,28
26,2016-01-27,轻度污染,103,250,73,114,50,43,2.51,33
27,2016-01-28,轻度污染,104,233,75,114,46,41,2.32,40
28,2016-01-29,良,96,244,67,101,49,43,2.46,34
29,2016-01-30,轻度污染,117,291,88,131,39,38,2.4,40
30,2016-01-31,轻度污染,103,303,77,114,37,38,2.04,44
0,2015-12-01,良,97,217,47,140,27,37,1.46,36
1,2015-12-02,轻度污染,103,270,59,139,67,33,1.92,39
2,2015-12-03,良,87,305,55,120,39,44,1.88,27
3,2015-12-04,轻度污染,102,342,73,133,54,45,2.37,21
4,2015-12-05,轻度污染,115,289,79,146,57,54,2.75,20
5,2015-12-06,良,85,226,55,105,84,47,2.26,35
6,2015-12-07,良,98,210,71,132,50,55,2.62,24
7,2015-12-08,轻度污染,105,233,77,138,55,55,2.68,31
8,2015-12-09,良,99,236,69,124,33,49,2.17,35
9,2015-12-10,良,98,212,72,124,35,56,2.24,28
10,2015-12-11,轻度污染,131,267,99,163,50,61,2.62,23
11,2015-12-12,良,52,97,36,53,18,32,1.34,37
12,2015-12-13,良,60,126,42,58,15,34,1.58,34
13,2015-12-14,良,94,211,69,94,19,43,1.95,26
14,2015-12-15,轻度污染,129,293,97,130,38,45,2.2,24
15,2015-12-16,轻度污染,129,360,97,133,33,48,2.14,24
16,2015-12-17,中度污染,153,361,116,159,33,51,2.36,22
17,2015-12-18,轻度污染,112,302,84,120,25,50,2.11,27
18,2015-12-19,轻度污染,122,268,89,158,27,47,2.19,22
19,2015-12-20,轻度污染,117,210,87,143,69,57,2.28,23
20,2015-12-21,轻度污染,123,189,92,153,53,59,2.45,28
21,2015-12-22,轻度污染,148,214,112,186,38,64,2.56,28
22,2015-12-23,中度污染,153,210,116,186,46,54,2.32,37
23,2015-12-24,良,84,168,60,102,29,45,1.66,37
24,2015-12-25,轻度污染,110,230,78,136,56,51,2.35,23
25,2015-12-26,良,74,147,48,92,64,52,2.32,21
26,2015-12-27,良,83,202,57,110,53,53,2.36,18
27,2015-12-28,良,100,212,72,135,55,54,2.52,18
28,2015-12-29,轻度污染,102,178,74,134,51,54,2.43,19
29,2015-12-30,轻度污染,113,169,83,153,65,57,2.79,16
30,2015-12-31,良,95,141,66,134,61,58,2.7,14
0,2015-11-01,良,86,288,60,117,55,55,2.1,40
1,2015-11-02,轻度污染,103,262,74,144,44,58,2.59,22
2,2015-11-03,轻度污染,114,256,84,153,19,42,1.8,36
3,2015-11-04,良,78,158,38,104,15,39,1.16,42
4,2015-11-05,良,74,169,45,85,12,43,1.59,28
5,2015-11-06,良,53,185,36,55,11,34,1.26,29
6,2015-11-07,良,55,217,39,61,13,33,1.62,30
7,2015-11-08,良,90,273,63,114,32,43,1.73,29
8,2015-11-09,良,78,199,49,103,25,52,1.86,27
9,2015-11-10,轻度污染,103,275,76,136,26,53,1.89,35
10,2015-11-11,中度污染,160,323,121,195,56,57,2.4,21
11,2015-11-12,轻度污染,128,284,94,158,34,49,2.21,25
12,2015-11-13,良,94,258,63,126,39,53,2.4,25
13,2015-11-14,良,95,244,64,129,47,49,2.19,22
14,2015-11-15,良,91,246,61,126,32,48,1.66,35
15,2015-11-16,良,86,285,46,120,26,36,1.64,45
16,2015-11-17,良,73,255,36,94,20,37,1.57,41
17,2015-11-18,良,73,294,30,95,35,40,1.84,23
18,2015-11-19,轻度污染,103,332,68,154,73,44,2.49,17
19,2015-11-20,良,94,296,57,134,28,54,2.25,28
20,2015-11-21,轻度污染,104,328,76,145,45,61,2.73,26
21,2015-11-22,轻度污染,133,358,100,167,56,58,2.77,25
22,2015-11-23,良,75,333,53,93,21,42,1.65,39
23,2015-11-24,良,65,307,40,78,18,36,1.61,27
24,2015-11-25,良,75,295,51,91,23,50,2.78,20
25,2015-11-26,良,80,313,58,94,32,48,2.79,22
26,2015-11-27,良,86,275,62,107,48,47,2.62,18
27,2015-11-28,轻度污染,111,270,83,138,45,51,2.15,26
28,2015-11-29,轻度污染,111,238,82,149,73,53,2.7,15
29,2015-11-30,轻度污染,116,249,81,163,75,57,2.66,20
0,2015-10-01,良,70,257,34,89,12,34,1.16,43
1,2015-10-02,良,77,246,46,102,26,32,1.37,60
2,2015-10-03,良,76,215,36,100,22,27,1.07,66
3,2015-10-04,良,89,268,42,126,19,32,1.11,61
4,2015-10-05,良,100,300,58,148,36,43,1.51,52
5,2015-10-06,良,67,212,41,76,13,33,1.09,55
6,2015-10-07,良,76,268,40,98,18,33,1.17,52
7,2015-10-08,良,71,310,29,89,8,23,0.88,59
8,2015-10-09,良,77,309,43,102,18,34,1.22,46
9,2015-10-10,良,73,281,37,95,19,32,1.22,51
10,2015-10-11,良,64,216,33,75,22,33,1.13,52
11,2015-10-12,良,81,254,46,109,21,45,1.35,40
12,2015-10-13,良,55,81,25,64,23,34,1.19,49
13,2015-10-14,良,81,157,41,110,25,45,1.64,36
14,2015-10-15,良,84,157,47,116,27,47,1.81,31
15,2015-10-16,良,95,187,52,138,24,42,1.7,48
16,2015-10-17,良,53,50,29,56,8,32,1.03,53
17,2015-10-18,良,80,207,51,96,26,39,1.62,28
18,2015-10-19,良,73,132,38,97,23,40,1.62,28
19,2015-10-20,良,83,177,45,113,29,38,1.49,40
20,2015-10-21,良,63,104,21,74,10,21,0.89,59
21,2015-10-22,良,68,142,33,85,16,29,1.25,45
22,2015-10-23,良,84,182,58,100,29,37,1.41,46
23,2015-10-24,良,63,106,42,74,19,35,1.25,52
24,2015-10-25,优,49,82,32,49,26,34,1.48,42
25,2015-10-26,优,37,35,19,33,8,29,1.09,36
26,2015-10-27,良,78,305,56,87,17,46,1.62,22
27,2015-10-28,轻度污染,102,331,74,123,57,41,2.63,20
28,2015-10-29,良,61,206,38,71,20,31,1.33,53
29,2015-10-30,良,61,223,36,69,24,30,1.5,48
30,2015-10-31,良,60,223,43,61,27,37,1.66,50
0,2015-09-01,良,67,252,34,82,25,26,0.93,76
1,2015-09-02,良,57,210,28,62,13,22,0.8,76
2,2015-09-03,优,41,114,25,40,9,20,0.92,65
3,2015-09-04,优,47,167,26,48,10,19,0.91,73
4,2015-09-05,良,64,314,24,76,22,25,0.8,72
5,2015-09-06,良,65,305,30,78,17,25,1.05,71
6,2015-09-07,良,51,152,28,52,17,26,1.04,55
7,2015-09-08,优,36,47,20,34,5,22,0.84,58
8,2015-09-09,优,32,38,12,22,5,23,0.85,62
9,2015-09-10,优,36,79,20,33,7,28,0.92,52
10,2015-09-11,优,40,107,18,39,15,24,0.89,56
11,2015-09-12,良,57,222,29,63,12,34,0.92,46
12,2015-09-13,良,73,308,40,93,15,36,1.21,51
13,2015-09-14,良,76,296,42,99,19,39,1.24,52
14,2015-09-15,良,73,251,43,93,28,37,1.56,55
15,2015-09-16,优,49,78,27,52,31,27,1.29,57
16,2015-09-17,良,61,153,29,71,11,28,1.14,58
17,2015-09-18,良,59,133,28,67,12,25,1.18,72
18,2015-09-19,优,45,103,27,47,36,31,1.4,28
19,2015-09-20,良,65,210,34,79,34,40,0.91,71
20,2015-09-21,良,65,192,36,77,29,36,1.15,50
21,2015-09-22,优,46,108,26,47,10,32,1.03,59
22,2015-09-23,良,74,294,49,92,36,47,1.66,26
23,2015-09-24,良,58,222,32,63,21,29,1.36,45
24,2015-09-25,良,54,202,24,60,11,25,1.04,60
25,2015-09-26,良,85,325,54,114,29,43,1.58,30
26,2015-09-27,良,88,317,64,112,20,44,1.82,17
27,2015-09-28,优,38,65,20,35,7,33,1.04,50
28,2015-09-29,良,60,236,40,63,12,38,1.42,42
29,2015-09-30,良,76,299,38,101,11,29,1.11,56
0,2015-08-01,良,70,286,32,86,18,25,0.91,92
1,2015-08-02,良,55,194,24,45,15,24,1.22,81
2,2015-08-03,优,43,93,23,40,16,28,1.02,54
3,2015-08-04,优,46,131,23,43,8,24,0.96,78
4,2015-08-05,良,52,154,23,55,26,28,1.05,63
5,2015-08-06,良,55,173,26,60,26,25,0.92,62
6,2015-08-07,良,51,150,30,53,18,32,1.25,42
7,2015-08-08,良,56,217,33,59,13,30,1.09,54
8,2015-08-09,良,55,239,28,54,11,30,1.05,64
9,2015-08-10,良,60,275,30,66,16,32,1.17,62
10,2015-08-11,良,63,265,32,70,17,29,1.2,66
11,2015-08-12,良,76,282,41,98,15,27,1.04,84
12,2015-08-13,重度污染,224,365,62,326,7,22,0.85,69
13,2015-08-14,良,62,197,36,70,11,31,1.05,52
14,2015-08-15,良,69,253,39,85,17,38,1.54,60
15,2015-08-16,良,80,262,48,108,33,36,1.4,45
16,2015-08-17,良,92,266,41,132,10,24,0.82,69
17,2015-08-18,良,81,254,37,111,16,27,0.9,62
18,2015-08-19,良,66,270,38,78,38,24,1.22,56
19,2015-08-20,优,40,80,15,36,10,17,0.86,71
20,2015-08-21,良,55,168,25,60,27,25,1.06,54
21,2015-08-22,良,60,184,27,67,33,30,1.14,54
22,2015-08-23,良,60,182,29,68,31,28,1.12,61
23,2015-08-24,良,68,252,33,81,26,31,1.15,69
24,2015-08-25,良,65,225,34,76,37,29,1.22,69
25,2015-08-26,良,66,185,36,76,27,30,1.34,67
26,2015-08-27,良,76,244,48,97,37,42,1.46,39
27,2015-08-28,良,59,162,32,61,18,31,1.06,65
28,2015-08-29,良,70,246,38,81,21,26,1.13,72
29,2015-08-30,良,63,189,31,70,33,27,0.92,71
30,2015-08-31,良,71,264,38,90,24,29,1.02,66
0,2015-07-01,良,66,273,38,80,30,21,1.01,64
1,2015-07-02,优,32,34,16,24,10,17,0.82,62
2,2015-07-03,优,42,103,24,34,16,19,0.7,75
3,2015-07-04,良,58,197,39,56,16,29,1.14,36
4,2015-07-05,良,53,183,30,57,24,32,1.16,50
5,2015-07-06,良,61,225,24,61,14,31,1.1,72
6,2015-07-07,良,75,278,32,97,34,34,1.11,72
7,2015-07-08,良,72,251,40,91,24,30,1.1,58
8,2015-07-09,良,52,125,24,48,14,27,1.02,81
9,2015-07-10,良,74,265,37,90,24,36,1.19,86
10,2015-07-11,良,83,295,44,112,20,40,1.34,80
11,2015-07-12,良,62,182,35,71,34,33,1.17,71
12,2015-07-13,良,59,101,28,69,9,32,1.01,69
13,2015-07-14,良,62,107,25,69,15,32,0.98,78
14,2015-07-15,良,51,113,19,40,15,30,0.99,82
15,2015-07-16,良,51,115,13,41,14,31,1.02,81
16,2015-07-17,良,57,196,25,62,16,37,1.14,59
17,2015-07-18,良,56,170,22,60,15,32,1.05,59
18,2015-07-19,良,58,182,26,62,24,33,1.14,55
19,2015-07-20,良,59,162,25,66,26,31,1.06,63
20,2015-07-21,良,58,174,24,62,24,29,1.03,86
21,2015-07-22,良,52,162,20,44,23,29,1.07,76
22,2015-07-23,良,58,228,22,44,16,28,1.02,89
23,2015-07-24,良,65,253,29,66,19,32,1.09,75
24,2015-07-25,良,68,248,32,81,21,32,1.23,71
25,2015-07-26,良,67,210,31,78,35,33,1.25,66
26,2015-07-27,良,77,276,38,94,28,34,1.33,75
27,2015-07-28,良,73,291,38,92,31,30,1.19,74
28,2015-07-29,良,71,286,37,90,24,29,1.02,80
29,2015-07-30,良,81,336,49,107,32,33,1.21,79
30,2015-07-31,良,82,336,47,108,35,33,1.31,83
0,2015-06-01,良,63,148,33,69,13,16,0.98,99
1,2015-06-02,良,76,266,41,100,33,24,1.05,80
2,2015-06-03,良,75,304,52,86,21,24,1.16,72
3,2015-06-04,良,55,186,22,46,11,18,0.82,85
4,2015-06-05,良,72,249,33,74,23,24,1.14,88
5,2015-06-06,良,68,187,26,70,29,21,0.96,98
6,2015-06-07,良,75,274,33,92,13,20,0.89,95
7,2015-06-08,良,64,253,33,64,19,19,1.1,74
8,2015-06-09,良,72,220,37,91,32,21,1.16,82
9,2015-06-10,良,73,234,29,85,12,16,0.77,105
10,2015-06-11,良,76,255,33,85,39,21,0.89,103
11,2015-06-12,良,75,259,31,78,44,23,0.95,96
12,2015-06-13,良,70,243,33,83,33,25,0.81,85
13,2015-06-14,良,74,255,33,72,32,22,1.04,106
14,2015-06-15,良,73,230,37,80,22,23,1.03,103
15,2015-06-16,良,62,180,34,54,17,23,1.05,89
16,2015-06-17,良,72,242,50,86,14,24,1.3,62
17,2015-06-18,良,80,299,46,82,15,20,1.39,89
18,2015-06-19,良,63,205,42,58,19,27,1.3,62
19,2015-06-20,良,62,219,37,57,33,24,1.37,72
20,2015-06-21,良,72,215,29,65,23,27,1.16,102
21,2015-06-22,良,60,185,37,66,17,40,1.28,58
22,2015-06-23,良,56,173,30,47,8,26,1.02,93
23,2015-06-24,良,64,264,40,56,10,28,1.0,84
24,2015-06-25,良,64,275,32,54,12,25,1.28,94
25,2015-06-26,良,80,309,39,86,14,29,1.13,94
26,2015-06-27,良,59,241,34,62,27,27,1.27,76
27,2015-06-28,良,82,297,55,93,16,28,1.3,67
28,2015-06-29,良,89,333,51,125,10,21,0.95,47
29,2015-06-30,良,64,292,36,76,15,19,0.94,76
0,2015-05-01,良,89,265,54,120,12,26,0.98,60
1,2015-05-02,良,69,258,31,84,18,23,0.88,80
2,2015-05-03,优,47,51,22,37,10,17,0.87,84
3,2015-05-04,良,70,213,42,85,15,26,1.04,71
4,2015-05-05,优,50,56,25,50,12,25,0.87,78
5,2015-05-06,轻度污染,106,294,51,156,11,20,0.9,74
6,2015-05-07,良,84,202,37,118,10,22,0.9,74
7,2015-05-08,良,80,271,39,95,13,20,1.02,75
8,2015-05-09,良,68,236,35,83,24,27,1.13,60
9,2015-05-10,良,84,281,32,116,8,23,0.73,75
10,2015-05-11,良,69,297,39,80,10,24,1.07,73
11,2015-05-12,良,78,291,47,101,18,28,1.11,79
12,2015-05-13,良,87,271,47,122,18,31,1.21,84
13,2015-05-14,良,75,205,37,95,24,22,1.01,77
14,2015-05-15,良,70,234,44,85,17,25,1.09,66
15,2015-05-16,良,60,132,37,65,17,20,0.99,78
16,2015-05-17,良,76,197,48,87,15,24,1.07,58
17,2015-05-18,严重污染,362,363,161,531,13,22,1.07,85
18,2015-05-19,轻度污染,128,340,61,204,22,24,0.98,97
19,2015-05-20,良,67,196,36,69,14,18,1.14,92
20,2015-05-21,良,65,194,41,65,11,20,0.98,87
21,2015-05-22,良,77,225,46,87,14,21,0.99,96
22,2015-05-23,良,67,191,37,67,12,25,1.07,85
23,2015-05-24,良,75,200,43,78,37,25,1.34,87
24,2015-05-25,良,71,170,33,55,22,18,1.04,116
25,2015-05-26,良,72,176,37,75,23,21,1.2,95
26,2015-05-27,良,96,241,50,134,18,21,0.9,84
27,2015-05-28,良,57,131,33,65,17,20,0.96,65
28,2015-05-29,良,57,167,27,55,14,20,1.0,84
29,2015-05-30,良,63,219,24,61,22,18,1.01,98
30,2015-05-31,良,66,167,31,70,32,22,1.17,91
0,2015-04-01,轻度污染,149,345,72,203,21,20,0.91,68
1,2015-04-02,良,95,323,53,137,47,30,1.41,54
2,2015-04-03,轻度污染,112,332,51,173,23,22,0.85,68
3,2015-04-04,中度污染,154,332,74,251,12,17,0.77,64
4,2015-04-05,良,78,232,33,103,12,16,0.84,78
5,2015-04-06,良,57,192,36,61,8,18,0.88,76
6,2015-04-07,良,75,299,49,83,12,21,0.91,72
7,2015-04-08,良,68,247,43,77,9,18,0.85,79
8,2015-04-09,良,63,180,38,73,10,21,0.92,87
9,2015-04-10,良,62,145,36,72,12,28,0.97,75
10,2015-04-11,良,57,100,32,57,12,22,0.96,80
11,2015-04-12,良,60,108,32,66,11,31,1.16,53
12,2015-04-13,良,73,254,41,92,22,41,1.25,51
13,2015-04-14,轻度污染,101,313,66,136,30,47,1.63,49
14,2015-04-15,良,99,244,48,138,20,39,1.34,52
15,2015-04-16,中度污染,169,333,70,278,17,24,1.07,82
16,2015-04-17,中度污染,167,357,75,280,22,21,0.95,86
17,2015-04-18,良,64,97,31,76,7,15,0.77,79
18,2015-04-19,良,69,226,39,84,8,18,0.88,81
19,2015-04-20,良,57,154,32,64,12,22,0.95,67
20,2015-04-21,良,53,105,32,54,10,21,0.94,79
21,2015-04-22,良,62,136,33,64,14,22,0.94,83
22,2015-04-23,良,67,126,37,79,18,26,1.24,77
23,2015-04-24,良,61,96,34,68,17,25,1.11,77
24,2015-04-25,良,72,128,40,89,17,28,1.14,60
25,2015-04-26,良,74,115,42,92,18,28,1.11,59
26,2015-04-27,良,70,122,37,86,18,28,1.19,70
27,2015-04-28,良,78,215,45,99,25,29,1.21,78
28,2015-04-29,良,88,250,52,123,27,32,1.29,68
29,2015-04-30,良,76,155,39,100,14,30,1.0,54
0,2015-03-01,良,88,277,56,116,24,27,1.48,49
1,2015-03-02,良,89,252,40,125,15,24,1.1,63
2,2015-03-03,严重污染,352,361,99,468,12,23,1.16,58
3,2015-03-04,轻度污染,146,353,66,231,10,20,0.94,60
4,2015-03-05,轻度污染,102,328,61,152,19,27,1.4,54
5,2015-03-06,良,84,232,52,112,22,23,1.36,63
6,2015-03-07,良,84,215,52,110,25,22,1.29,64
7,2015-03-08,良,71,177,28,89,8,17,1.08,69
8,2015-03-09,良,87,257,40,123,12,19,1.03,63
9,2015-03-10,良,98,304,59,142,27,25,1.29,58
10,2015-03-11,良,87,258,54,111,19,22,1.22,60
11,2015-03-12,良,91,223,53,125,28,29,1.61,60
12,2015-03-13,良,91,220,40,130,12,25,1.21,65
13,2015-03-14,轻度污染,127,274,58,201,10,25,0.99,57
14,2015-03-15,轻度污染,119,249,59,185,19,22,1.1,54
15,2015-03-16,轻度污染,106,236,58,156,38,31,1.52,45
16,2015-03-17,轻度污染,142,322,76,232,32,30,1.33,49
17,2015-03-18,轻度污染,111,327,50,171,18,22,1.07,66
18,2015-03-19,良,91,248,52,130,16,22,1.05,60
19,2015-03-20,良,87,218,37,122,15,17,0.98,48
20,2015-03-21,良,93,242,45,134,23,23,1.25,45
21,2015-03-22,良,96,224,51,140,29,26,1.18,44
22,2015-03-23,良,79,244,41,106,22,22,0.95,53
23,2015-03-24,良,85,266,59,98,16,26,1.21,46
24,2015-03-25,良,88,278,60,103,24,33,1.89,41
25,2015-03-26,良,77,225,47,96,30,29,1.55,62
26,2015-03-27,良,91,244,50,129,21,28,1.03,74
27,2015-03-28,轻度污染,108,262,45,163,16,28,0.99,68
28,2015-03-29,轻度污染,101,218,53,149,28,33,1.38,57
29,2015-03-30,轻度污染,102,260,52,151,43,31,1.34,82
30,2015-03-31,轻度污染,107,286,50,162,30,27,1.24,89
0,2015-02-01,中度污染,151,334,115,168,32,45,2.07,45
1,2015-02-02,中度污染,151,297,113,171,20,40,1.67,53
2,2015-02-03,良,88,147,64,99,12,30,1.06,74
3,2015-02-04,良,81,143,59,80,13,24,0.94,65
4,2015-02-05,轻度污染,103,245,77,101,23,37,1.27,41
5,2015-02-06,中度污染,156,338,117,155,27,41,1.86,34
6,2015-02-07,良,95,167,65,121,19,28,1.08,50
7,2015-02-08,轻度污染,119,312,88,138,30,37,1.54,44
8,2015-02-09,轻度污染,112,291,83,128,27,40,1.74,50
9,2015-02-10,轻度污染,142,301,83,180,33,37,1.58,47
10,2015-02-11,良,84,114,58,101,32,32,1.38,46
11,2015-02-12,良,74,110,50,88,32,33,1.49,41
12,2015-02-13,良,82,137,58,94,33,32,1.43,42
13,2015-02-14,轻度污染,114,174,63,149,38,28,1.55,43
14,2015-02-15,轻度污染,120,231,34,189,11,18,0.85,57
15,2015-02-16,良,71,84,36,88,27,23,1.26,46
16,2015-02-17,良,81,149,53,97,36,29,1.6,44
17,2015-02-18,良,89,187,57,117,35,27,1.31,60
18,2015-02-19,轻度污染,104,176,74,125,36,24,1.32,68
19,2015-02-20,良,93,284,45,134,17,21,0.99,64
20,2015-02-21,良,77,213,30,101,12,18,0.77,62
21,2015-02-22,良,67,138,29,82,17,20,1.01,59
22,2015-02-23,良,63,134,27,74,15,20,0.81,69
23,2015-02-24,良,57,114,35,65,14,23,0.99,52
24,2015-02-25,良,55,144,31,60,11,22,1.0,57
25,2015-02-26,良,75,231,44,97,24,24,1.15,56
26,2015-02-27,良,83,311,36,113,11,19,0.85,54
27,2015-02-28,良,83,308,34,114,15,21,0.95,56
0,2015-01-01,轻度污染,111,291,83,125,55,57,2.62,21
1,2015-01-02,轻度污染,107,438,79,122,59,57,2.63,19
2,2015-01-03,良,75,78,52,93,57,48,2.46,18
3,2015-01-04,良,91,70,62,123,39,40,1.4,44
4,2015-01-05,良,69,63,39,85,22,37,1.2,26
5,2015-01-06,良,60,128,41,62,18,34,1.36,26
6,2015-01-07,良,68,131,47,75,33,36,2.01,25
7,2015-01-08,良,69,105,47,77,28,36,1.68,25
8,2015-01-09,良,64,62,42,71,38,37,1.87,26
9,2015-01-10,良,66,65,44,76,50,44,2.07,17
10,2015-01-11,良,67,91,44,76,45,37,1.95,22
11,2015-01-12,良,67,134,43,76,47,42,2.23,16
12,2015-01-13,良,78,167,55,93,47,43,2.09,21
13,2015-01-14,良,85,163,62,96,42,41,1.77,31
14,2015-01-15,良,82,130,60,95,23,38,1.49,37
15,2015-01-16,轻度污染,113,201,84,131,40,45,2.29,25
16,2015-01-17,轻度污染,129,252,64,160,20,28,1.37,36
17,2015-01-18,良,81,108,51,107,41,35,2.26,29
18,2015-01-19,良,75,100,50,87,39,31,2.48,25
19,2015-01-20,良,83,117,56,94,39,33,1.85,25
20,2015-01-21,良,87,138,62,105,49,44,2.19,21
21,2015-01-22,轻度污染,109,202,81,132,55,55,3.01,18
22,2015-01-23,轻度污染,144,231,108,178,67,65,3.42,16
23,2015-01-24,轻度污染,126,179,94,166,34,44,1.88,60
24,2015-01-25,轻度污染,134,190,101,174,40,53,2.48,55
25,2015-01-26,轻度污染,116,162,69,157,26,41,1.74,55
26,2015-01-27,良,74,153,41,97,21,37,1.53,59
27,2015-01-28,良,84,299,55,114,18,31,1.5,46
28,2015-01-29,良,99,288,61,146,20,35,1.37,50
29,2015-01-30,良,100,269,71,139,16,35,1.43,45
30,2015-01-31,轻度污染,124,325,91,137,30,42,1.63,40
0,2014-12-01,轻度污染,107,177,75,124,75,54,2.32,18
1,2014-12-02,良,76,134,52,94,33,47,2.24,10
2,2014-12-03,良,83,123,55,114,32,48,1.46,36
3,2014-12-04,轻度污染,114,174,82,139,47,50,2.07,21
4,2014-12-05,轻度污染,118,162,87,137,62,52,2.32,16
5,2014-12-06,轻度污染,112,132,83,133,31,47,1.89,26
6,2014-12-07,良,99,113,73,119,47,47,2.03,22
7,2014-12-08,轻度污染,110,111,82,137,82,55,2.81,19
8,2014-12-09,良,73,64,46,93,18,27,0.81,42
9,2014-12-10,良,67,38,39,81,14,30,1.13,31
10,2014-12-11,良,89,110,47,126,21,36,1.36,32
11,2014-12-12,良,82,108,48,108,36,33,1.57,35
12,2014-12-13,轻度污染,103,142,76,123,76,44,2.5,24
13,2014-12-14,良,94,75,61,116,58,40,1.96,31
14,2014-12-15,轻度污染,102,69,38,151,19,28,1.0,40
15,2014-12-16,良,99,160,65,131,48,45,2.32,18
16,2014-12-17,良,97,156,72,114,72,52,2.47,15
17,2014-12-18,良,83,73,56,100,61,46,1.94,36
18,2014-12-19,良,89,82,65,107,56,49,1.96,22
19,2014-12-20,良,89,125,65,106,57,48,2.13,24
20,2014-12-21,良,92,130,65,107,55,49,1.96,21
21,2014-12-22,轻度污染,131,170,98,144,103,65,2.98,11
22,2014-12-23,轻度污染,115,95,85,128,66,57,2.33,16
23,2014-12-24,轻度污染,117,94,88,128,41,55,2.04,23
24,2014-12-25,轻度污染,126,136,94,144,72,58,2.64,20
25,2014-12-26,轻度污染,114,115,85,124,49,58,2.32,17
26,2014-12-27,轻度污染,122,109,92,134,56,60,2.41,20
27,2014-12-28,轻度污染,117,90,85,132,69,50,2.23,25
28,2014-12-29,良,75,30,48,92,74,51,2.16,17
29,2014-12-30,良,79,45,54,98,54,50,2.1,20
30,2014-12-31,良,76,231,54,96,33,41,2.0,19
0,2014-11-01,优,40,21,26,38,9,26,0.85,44
1,2014-11-02,良,65,102,45,69,31,30,0.95,40
2,2014-11-03,良,73,121,50,86,35,37,1.54,33
3,2014-11-04,良,98,139,72,122,48,50,1.98,16
4,2014-11-05,轻度污染,110,126,82,127,36,46,1.59,27
5,2014-11-06,轻度污染,129,144,96,150,33,50,1.95,23
6,2014-11-07,良,86,139,62,103,19,43,1.44,35
7,2014-11-08,轻度污染,118,171,88,128,27,43,1.51,36
8,2014-11-09,中度污染,176,171,135,187,45,56,2.14,23
9,2014-11-10,良,81,70,56,96,19,41,0.96,29
10,2014-11-11,良,70,54,49,78,13,37,1.13,26
11,2014-11-12,良,67,94,44,78,12,35,1.0,38
12,2014-11-13,轻度污染,110,177,82,122,26,43,1.58,24
13,2014-11-14,轻度污染,119,162,87,132,33,42,2.01,23
14,2014-11-15,良,80,68,55,97,19,36,1.27,35
15,2014-11-16,轻度污染,113,112,84,133,29,47,1.5,27
16,2014-11-17,轻度污染,129,137,97,142,45,50,1.76,28
17,2014-11-18,轻度污染,144,158,108,146,50,49,2.09,28
18,2014-11-19,轻度污染,122,124,91,129,48,47,1.86,33
19,2014-11-20,轻度污染,136,128,103,142,63,59,2.29,23
20,2014-11-21,良,97,62,72,112,27,48,1.48,32
21,2014-11-22,轻度污染,120,85,90,121,55,47,1.82,34
22,2014-11-23,良,79,72,57,79,22,43,1.27,29
23,2014-11-24,良,85,116,62,74,29,41,1.54,31
24,2014-11-25,轻度污染,108,144,80,102,67,52,2.32,16
25,2014-11-26,良,85,99,60,90,42,38,1.59,22
26,2014-11-27,良,65,76,42,61,14,34,1.17,36
27,2014-11-28,轻度污染,130,171,98,112,70,51,2.29,24
28,2014-11-29,轻度污染,119,142,89,108,54,47,2.12,26
29,2014-11-30,良,60,75,33,70,25,32,1.11,39
0,2014-10-01,良,53,60,30,57,24,22,0.75,42
1,2014-10-02,良,76,114,48,98,24,34,1.08,40
2,2014-10-03,良,69,82,41,85,31,26,0.77,42
3,2014-10-04,良,64,96,30,76,9,18,0.47,60
4,2014-10-05,良,65,74,41,76,22,29,0.98,41
5,2014-10-06,良,73,98,48,88,30,33,1.07,50
6,2014-10-07,良,61,16,37,71,17,31,0.73,55
7,2014-10-08,良,63,37,41,73,20,35,0.78,47
8,2014-10-09,良,76,73,51,96,41,34,1.33,51
9,2014-10-10,良,69,58,40,86,13,29,0.84,44
10,2014-10-11,优,25,1,16,15,3,20,0.71,34
11,2014-10-12,良,52,51,37,51,19,29,0.87,39
12,2014-10-13,轻度污染,124,181,93,131,34,46,1.49,27
13,2014-10-14,轻度污染,110,151,82,136,37,40,1.37,34
14,2014-10-15,良,92,54,65,115,18,41,1.04,38
15,2014-10-16,良,81,73,50,107,17,42,0.98,27
16,2014-10-17,良,80,60,52,108,18,40,0.96,29
17,2014-10-18,良,65,40,42,79,14,35,0.87,42
18,2014-10-19,良,66,74,47,78,21,29,0.78,41
19,2014-10-20,良,66,56,44,79,32,36,1.04,31
20,2014-10-21,良,91,112,64,112,62,39,1.62,29
21,2014-10-22,良,89,102,63,116,35,42,1.33,31
22,2014-10-23,良,87,73,59,102,31,35,1.13,28
23,2014-10-24,良,94,86,68,117,39,38,1.38,28
24,2014-10-25,轻度污染,101,117,72,124,31,39,1.33,25
25,2014-10-26,良,94,87,66,120,30,39,1.37,37
26,2014-10-27,轻度污染,112,152,82,141,25,40,1.28,40
27,2014-10-28,良,78,107,55,87,20,38,1.27,28
28,2014-10-29,良,77,120,55,88,38,35,1.08,33
29,2014-10-30,良,57,68,37,61,10,27,0.97,40
30,2014-10-31,优,45,39,28,45,9,30,0.71,28
0,2014-09-01,良,51,79,31,52,18,23,0.74,63
1,2014-09-02,良,72,164,47,83,22,27,0.79,57
2,2014-09-03,良,78,178,51,95,33,32,0.92,60
3,2014-09-04,良,69,109,44,84,36,29,0.93,68
4,2014-09-05,良,85,115,56,112,37,30,1.03,70
5,2014-09-06,良,69,64,44,86,21,24,0.78,58
6,2014-09-07,良,56,51,37,62,10,24,0.61,48
7,2014-09-08,良,78,114,56,79,20,31,0.88,29
8,2014-09-09,良,81,141,57,90,23,27,1.04,39
9,2014-09-10,良,95,162,69,109,46,39,1.15,35
10,2014-09-11,良,93,176,67,101,31,35,1.01,35
11,2014-09-12,良,63,142,42,72,20,32,0.84,44
12,2014-09-13,良,62,127,41,69,19,31,0.71,45
13,2014-09-14,优,39,29,20,36,9,22,0.55,54
14,2014-09-15,良,52,109,35,54,24,24,0.79,58
15,2014-09-16,优,44,65,28,41,12,27,0.64,52
16,2014-09-17,良,57,128,37,60,28,27,0.87,55
17,2014-09-18,良,81,158,54,95,26,36,0.93,50
18,2014-09-19,良,69,109,43,83,18,30,0.75,62
19,2014-09-20,良,90,163,61,110,38,31,0.98,62
20,2014-09-21,优,47,36,30,47,17,26,0.7,54
21,2014-09-22,优,31,5,19,28,3,23,0.54,53
22,2014-09-23,良,55,84,36,59,21,27,0.81,44
23,2014-09-24,良,92,163,63,117,41,35,1.09,40
24,2014-09-25,良,90,132,59,115,33,27,1.01,50
25,2014-09-26,良,92,109,53,128,29,29,0.9,34
26,2014-09-27,轻度污染,114,149,79,163,33,36,0.97,29
27,2014-09-28,良,70,110,47,82,12,29,0.85,34
28,2014-09-29,良,87,172,61,117,30,37,1.18,42
29,2014-09-30,良,83,175,60,100,49,36,1.2,38
0,2014-08-01,良,80,150,52,95,47,25,1.11,48
1,2014-08-02,轻度污染,121,178,71,190,23,22,0.81,54
2,2014-08-03,良,84,142,56,103,22,21,0.86,45
3,2014-08-04,优,43,19,28,42,16,20,0.72,39
4,2014-08-05,优,42,29,28,38,11,29,0.93,27
5,2014-08-06,优,44,46,29,43,15,20,0.9,51
6,2014-08-07,良,81,166,58,93,28,32,1.2,42
7,2014-08-09,良,86,168,61,100,27,29,1.04,53
8,2014-08-10,良,89,161,63,97,37,32,1.26,39
9,2014-08-11,良,57,69,38,57,25,26,0.91,54
10,2014-08-12,优,48,60,29,45,26,26,0.93,65
11,2014-08-13,良,64,118,39,67,30,30,1.0,57
12,2014-08-14,良,69,153,41,72,30,31,1.09,62
13,2014-08-15,良,79,133,54,93,36,36,1.27,58
14,2014-08-16,良,74,104,49,83,51,32,1.3,59
15,2014-08-17,良,76,136,51,91,20,25,0.9,71
16,2014-08-18,良,92,176,66,109,33,26,1.01,66
17,2014-08-19,良,84,149,58,101,25,28,1.07,77
18,2014-08-20,轻度污染,101,146,73,112,21,40,1.23,45
19,2014-08-21,良,87,108,63,94,21,37,1.0,36
20,2014-08-23,良,67,83,44,69,36,29,0.79,49
21,2014-08-24,良,63,122,38,72,23,26,0.7,52
22,2014-08-25,良,63,96,43,69,43,29,1.04,47
23,2014-08-26,良,77,112,51,88,36,28,0.89,50
24,2014-08-27,良,74,130,47,88,29,29,0.83,50
25,2014-08-28,良,79,139,54,96,47,28,1.14,59
26,2014-08-29,轻度污染,112,181,84,131,36,40,1.39,28
27,2014-08-30,良,69,131,46,74,20,22,0.68,62
28,2014-08-31,良,65,132,42,75,30,24,0.75,67
0,2014-07-01,良,59,55,37,62,31,29,0.87,51
1,2014-07-02,良,60,71,39,67,38,22,1.27,47
2,2014-07-03,良,60,61,40,61,22,24,0.91,66
3,2014-07-04,良,75,108,49,89,23,30,0.92,64
4,2014-07-05,良,79,136,52,98,25,32,0.91,67
5,2014-07-06,良,86,151,60,106,33,27,1.07,74
6,2014-07-07,良,65,75,41,76,22,23,0.81,61
7,2014-07-08,优,39,5,22,34,10,18,0.6,52
8,2014-07-09,优,38,15,22,35,11,20,0.71,53
9,2014-07-10,良,68,90,47,72,17,25,0.92,57
10,2014-07-11,优,47,46,31,45,25,27,0.83,52
11,2014-07-12,良,59,81,38,61,30,31,0.83,55
12,2014-07-13,良,61,95,38,66,34,29,1.1,55
13,2014-07-14,良,72,94,44,85,37,32,1.07,53
14,2014-07-15,良,72,113,46,83,50,30,1.15,62
15,2014-07-16,良,66,105,44,74,33,25,1.07,51
16,2014-07-17,良,76,128,53,86,39,26,1.12,65
17,2014-07-18,良,94,154,68,109,36,27,1.14,56
18,2014-07-19,良,85,137,62,97,23,22,0.87,53
19,2014-07-20,良,74,123,45,92,16,24,0.64,46
20,2014-07-21,良,78,144,54,95,26,30,0.76,35
21,2014-07-22,优,36,16,23,33,12,26,0.62,32
22,2014-07-23,优,34,14,21,30,13,24,0.68,46
23,2014-07-24,良,70,132,46,78,33,27,1.02,53
24,2014-07-25,良,77,143,51,89,39,27,1.03,54
25,2014-07-26,良,73,72,49,83,48,26,1.03,52
26,2014-07-27,良,68,72,46,74,35,28,1.02,51
27,2014-07-28,良,78,94,53,90,42,29,1.07,48
28,2014-07-29,良,75,72,52,86,43,28,0.95,49
29,2014-07-30,良,80,144,55,103,37,29,0.94,49
30,2014-07-31,良,82,142,58,102,37,30,1.12,42
0,2014-06-01,良,96,147,62,139,49,29,1.11,77
1,2014-06-02,良,83,148,58,107,33,20,0.89,90
2,2014-06-03,良,100,174,70,121,26,19,0.94,86
3,2014-06-04,良,76,105,51,98,28,21,0.81,70
4,2014-06-05,良,69,76,46,84,43,24,0.91,61
5,2014-06-06,良,76,98,45,102,25,18,0.71,54
6,2014-06-07,良,90,133,57,122,36,23,0.93,45
7,2014-06-08,良,77,88,43,102,32,16,0.77,51
8,2014-06-09,良,65,94,43,71,32,18,0.89,45
9,2014-06-10,良,60,85,41,61,18,22,0.75,43
10,2014-06-11,良,83,130,61,97,16,28,0.94,45
11,2014-06-12,良,77,76,56,75,12,27,0.94,50
12,2014-06-13,良,57,39,40,54,11,25,0.8,60
13,2014-06-14,良,70,49,49,73,36,29,1.01,48
14,2014-06-15,良,60,33,37,63,47,29,0.92,49
15,2014-06-16,良,67,58,40,77,40,30,0.89,40
16,2014-06-17,良,79,117,50,100,51,31,0.97,47
17,2014-06-18,良,54,57,34,60,18,28,0.72,51
18,2014-06-19,优,46,52,24,45,19,21,0.64,49
19,2014-06-20,优,33,18,18,28,13,19,0.59,55
20,2014-06-21,良,66,125,40,74,40,28,0.96,48
21,2014-06-22,良,76,132,48,90,33,27,0.92,50
22,2014-06-23,良,83,140,59,102,40,27,1.1,49
23,2014-06-24,良,57,64,39,52,16,28,0.96,40
24,2014-06-25,良,67,111,46,68,17,27,0.98,44
25,2014-06-26,良,95,153,70,97,29,37,1.1,32
26,2014-06-27,轻度污染,102,175,76,113,22,39,1.16,30
27,2014-06-28,优,46,40,31,41,7,30,0.66,42
28,2014-06-29,良,63,85,42,64,29,28,0.86,43
29,2014-06-30,良,69,73,47,69,28,27,0.88,44
0,2014-05-01,重度污染,226,186,70,323,16,19,0.67,49
1,2014-05-02,良,88,96,43,124,16,15,0.72,45
2,2014-05-03,良,98,147,51,145,28,24,1.0,41
3,2014-05-04,良,85,155,40,119,23,19,0.78,51
4,2014-05-05,良,75,120,41,98,41,20,0.91,54
5,2014-05-06,良,81,104,45,111,25,25,0.94,48
6,2014-05-07,良,97,142,54,142,46,28,1.07,32
7,2014-05-08,良,90,93,54,129,47,33,1.16,42
8,2014-05-09,严重污染,461,190,320,950,20,17,0.69,48
9,2014-05-10,中度污染,158,189,93,229,18,16,0.78,48
10,2014-05-11,良,70,160,42,88,30,20,0.91,48
11,2014-05-12,良,85,138,48,117,36,23,1.01,52
12,2014-05-13,良,77,66,37,104,26,14,0.76,67
13,2014-05-14,良,76,87,38,101,20,14,0.7,56
14,2014-05-15,良,68,74,40,82,23,23,0.9,50
15,2014-05-16,良,81,69,53,101,37,31,1.05,56
16,2014-05-17,良,75,64,52,92,36,29,1.05,49
17,2014-05-18,良,75,92,54,86,35,30,1.46,37
18,2014-05-19,良,78,91,55,92,33,28,1.03,50
19,2014-05-20,良,97,102,67,131,49,33,1.16,55
20,2014-05-21,良,98,93,65,132,51,31,1.11,56
21,2014-05-22,良,81,68,50,105,36,30,0.97,43
22,2014-05-23,良,77,101,51,92,22,23,0.89,49
23,2014-05-24,中度污染,160,183,78,219,16,22,0.71,43
24,2014-05-25,轻度污染,123,142,63,195,25,22,0.83,43
25,2014-05-26,轻度污染,105,108,58,159,35,27,1.08,37
26,2014-05-27,良,87,59,52,119,36,30,1.16,44
27,2014-05-28,良,97,104,61,141,54,34,1.31,49
28,2014-05-29,良,77,48,44,101,50,26,1.05,59
29,2014-05-30,良,78,58,44,104,47,28,1.02,60
30,2014-05-31,良,79,74,47,102,45,27,1.0,62
0,2014-04-01,良,91,108,66,108,25,32,1.12,39
1,2014-04-02,良,66,56,47,67,17,20,0.83,50
2,2014-04-03,良,63,47,41,72,31,24,0.91,40
3,2014-04-04,轻度污染,103,141,75,116,32,31,1.25,34
4,2014-04-05,良,94,127,69,118,32,32,1.13,39
5,2014-04-06,良,84,104,56,101,21,31,1.07,40
6,2014-04-07,良,92,115,64,122,34,37,1.14,34
7,2014-04-08,良,99,84,66,135,39,38,1.15,37
8,2014-04-09,良,90,71,62,120,32,34,1.23,42
9,2014-04-10,良,89,82,63,124,13,24,0.88,49
10,2014-04-11,轻度污染,116,159,87,124,33,30,1.16,39
11,2014-04-12,良,97,130,66,120,24,30,0.86,29
12,2014-04-13,良,94,130,63,132,46,31,1.12,29
13,2014-04-14,良,86,90,55,117,42,37,1.1,41
14,2014-04-15,良,97,116,67,132,58,36,1.36,34
15,2014-04-16,良,88,137,62,113,22,21,0.93,43
16,2014-04-17,良,69,67,48,82,17,18,0.75,49
17,2014-04-18,良,54,29,37,51,26,25,0.94,38
18,2014-04-19,优,49,40,35,49,19,18,0.87,42
19,2014-04-20,良,53,37,37,49,16,19,0.85,41
20,2014-04-21,良,58,58,41,62,18,17,0.81,47
21,2014-04-22,良,94,135,69,123,29,26,1.15,42
22,2014-04-23,良,94,113,64,121,35,21,1.13,54
23,2014-04-24,严重污染,301,186,156,557,17,25,0.81,39
24,2014-04-25,严重污染,329,188,155,443,18,20,0.89,35
25,2014-04-26,严重污染,287,188,106,403,25,20,0.96,47
26,2014-04-27,中度污染,170,183,83,280,29,22,1.09,42
27,2014-04-28,轻度污染,110,173,57,169,31,21,0.96,48
28,2014-04-29,轻度污染,122,176,64,192,36,31,1.02,41
29,2014-04-30,中度污染,163,183,76,278,54,25,1.28,41
0,2014-03-01,良,90,135,42,130,18,30,1.1,33
1,2014-03-02,良,87,94,42,124,20,29,1.04,32
2,2014-03-03,轻度污染,125,140,71,190,24,33,1.33,31
3,2014-03-04,轻度污染,101,142,37,151,18,28,1.08,31
4,2014-03-05,良,91,134,38,130,17,26,1.06,28
5,2014-03-06,良,83,127,47,115,26,28,0.99,33
6,2014-03-07,良,83,130,51,106,15,26,1.21,34
7,2014-03-08,轻度污染,101,128,70,131,21,37,1.26,33
8,2014-03-09,良,93,103,65,124,33,36,1.29,28
9,2014-03-10,轻度污染,110,113,80,144,36,41,1.52,30
10,2014-03-11,轻度污染,133,138,74,195,23,37,1.3,32
11,2014-03-12,良,88,109,34,125,12,27,0.92,34
12,2014-03-13,良,85,124,51,116,20,31,1.15,24
13,2014-03-14,轻度污染,103,145,71,145,41,42,1.74,17
14,2014-03-15,轻度污染,116,141,78,165,52,44,1.81,16
15,2014-03-16,轻度污染,116,114,70,168,56,45,1.79,19
16,2014-03-17,中度污染,159,136,74,261,20,40,1.27,30
17,2014-03-18,中度污染,167,123,85,262,49,56,2.3,17
18,2014-03-19,重度污染,213,186,69,329,15,34,1.13,21
19,2014-03-20,良,96,158,36,142,14,32,0.94,20
20,2014-03-21,轻度污染,122,180,77,187,46,40,1.42,25
21,2014-03-22,轻度污染,103,143,68,146,36,43,1.54,27
22,2014-03-23,良,80,60,47,106,26,40,1.21,29
23,2014-03-25,轻度污染,105,92,72,147,59,35,1.51,29
24,2014-03-26,轻度污染,106,90,72,151,46,38,1.38,30
25,2014-03-27,中度污染,158,144,62,252,34,33,0.97,38
26,2014-03-28,轻度污染,122,147,55,192,21,24,0.98,40
27,2014-03-29,轻度污染,115,128,67,177,44,32,1.22,37
28,2014-03-30,良,80,60,55,99,13,25,0.87,43
29,2014-03-31,良,83,92,60,91,18,26,1.02,40
0,2014-02-01,良,99,76,70,121,66,31,1.7,31
1,2014-02-02,良,95,58,65,118,62,32,1.81,26
2,2014-02-03,轻度污染,110,144,66,161,46,32,1.52,32
3,2014-02-04,轻度污染,110,165,63,170,41,25,1.4,39
4,2014-02-05,轻度污染,110,177,71,167,37,23,1.33,41
5,2014-02-06,轻度污染,115,166,73,179,32,23,1.42,33
6,2014-02-07,中度污染,182,186,116,303,48,29,1.82,29
7,2014-02-08,轻度污染,126,166,82,201,19,20,1.17,39
8,2014-02-09,良,92,172,67,119,24,20,1.2,38
9,2014-02-10,轻度污染,139,187,105,160,63,28,1.75,32
10,2014-02-11,轻度污染,119,154,90,137,52,22,1.34,39
11,2014-02-12,良,87,77,63,92,42,19,1.2,39
12,2014-02-13,轻度污染,116,122,87,135,56,27,1.59,33
13,2014-02-14,轻度污染,131,119,99,147,60,24,1.41,38
14,2014-02-15,轻度污染,133,100,100,140,54,24,1.46,38
15,2014-02-16,良,74,66,53,72,41,17,1.12,43
16,2014-02-17,轻度污染,146,153,110,137,69,30,1.85,34
17,2014-02-18,轻度污染,124,173,74,141,44,26,1.31,35
18,2014-02-19,良,87,95,57,104,61,28,1.6,27
19,2014-02-20,轻度污染,108,103,80,123,59,29,2.04,18
20,2014-02-21,良,94,52,68,110,40,36,1.68,39
21,2014-02-22,轻度污染,139,95,105,151,32,36,1.85,38
22,2014-02-23,轻度污染,138,111,104,154,30,35,1.8,42
23,2014-02-24,中度污染,151,106,115,170,40,39,1.88,48
24,2014-02-25,轻度污染,145,107,100,184,38,34,1.76,40
25,2014-02-26,轻度污染,116,101,49,182,12,20,0.92,42
26,2014-02-27,良,83,82,44,115,21,29,1.16,31
27,2014-02-28,良,87,142,39,123,15,26,0.92,36
0,2014-01-01,良,92,43,61,114,115,58,3.5,13
1,2014-01-02,良,72,18,43,82,58,51,2.25,22
2,2014-01-03,良,92,48,62,119,95,50,2.71,18
3,2014-01-04,良,73,27,44,92,77,47,2.02,23
4,2014-01-05,良,84,17,60,112,100,54,2.73,18
5,2014-01-06,良,95,33,66,129,57,47,2.08,26
6,2014-01-07,良,91,60,43,131,34,35,1.22,26
7,2014-01-08,良,82,109,51,107,49,34,1.43,24
8,2014-01-09,轻度污染,123,156,93,146,118,45,2.38,18
9,2014-01-10,轻度污染,110,103,82,130,46,48,1.85,21
10,2014-01-11,轻度污染,119,99,89,138,62,44,2.14,21
11,2014-01-12,轻度污染,116,105,87,138,88,48,2.44,17
12,2014-01-13,轻度污染,133,145,101,167,105,54,2.96,14
13,2014-01-14,轻度污染,123,100,93,154,87,48,2.77,14
14,2014-01-15,中度污染,160,110,118,203,100,53,3.02,17
15,2014-01-16,轻度污染,122,66,90,152,75,51,2.09,17
16,2014-01-17,轻度污染,141,65,107,165,95,52,2.77,16
17,2014-01-18,中度污染,184,100,118,228,98,46,2.46,20
18,2014-01-19,轻度污染,137,73,72,223,47,39,1.29,26
19,2014-01-20,轻度污染,138,107,104,204,79,45,2.1,21
20,2014-01-21,良,99,124,72,128,87,43,2.21,19
21,2014-01-22,轻度污染,132,146,100,164,115,50,2.76,17
22,2014-01-24,轻度污染,120,90,64,189,41,34,1.32,30
23,2014-01-25,良,98,68,63,139,58,36,1.42,33
24,2014-01-26,轻度污染,110,123,82,144,59,42,1.86,28
25,2014-01-27,轻度污染,128,132,94,167,73,45,2.33,27
26,2014-01-28,良,93,97,60,124,41,32,1.43,34
27,2014-01-29,轻度污染,127,129,63,181,41,28,1.27,32
28,2014-01-30,轻度污染,139,81,102,188,72,40,2.1,25
29,2014-01-31,中度污染,194,79,153,229,97,35,2.13,25
0,2013-12-01,轻度污染,106,62,79,152,67,72,2.93,12
1,2013-12-02,轻度污染,105,37,69,140,57,62,2.87,14
2,2013-12-03,良,90,23,74,131,63,63,3.0,13
3,2013-12-04,轻度污染,102,31,74,137,92,57,2.42,14
4,2013-12-05,良,99,36,84,161,70,55,2.47,13
5,2013-12-06,轻度污染,125,58,86,153,88,54,2.51,15
6,2013-12-07,良,92,18,60,125,81,51,2.43,13
7,2013-12-08,良,92,11,52,94,30,45,1.36,14
8,2013-12-09,良,92,24,91,133,76,51,2.37,16
9,2013-12-10,轻度污染,134,75,92,145,54,54,2.45,14
10,2013-12-11,轻度污染,113,63,98,164,105,63,2.82,10
11,2013-12-12,中度污染,156,105,131,198,96,70,3.27,10
12,2013-12-13,中度污染,160,79,99,160,104,56,2.67,15
13,2013-12-14,良,84,24,27,48,29,37,1.23,26
14,2013-12-15,良,63,18,63,90,111,53,2.38,16
15,2013-12-16,良,88,42,63,105,103,58,2.71,11
16,2013-12-17,良,80,52,58,100,128,55,2.74,12
17,2013-12-18,良,80,64,67,117,118,63,2.91,13
18,2013-12-19,良,98,51,72,119,96,55,2.58,20
19,2013-12-20,良,83,34,54,79,39,47,1.81,25
20,2013-12-21,良,89,32,86,121,107,57,2.73,20
21,2013-12-22,轻度污染,130,56,90,137,120,59,3.27,16
22,2013-12-23,轻度污染,101,21,72,118,86,55,2.84,16
23,2013-12-24,轻度污染,114,32,102,145,90,63,2.92,18
24,2013-12-25,轻度污染,142,33,118,169,85,63,3.35,15
25,2013-12-26,轻度污染,125,37,75,119,77,57,2.82,15
26,2013-12-27,轻度污染,102,48,76,120,80,54,2.76,17
27,2013-12-28,良,91,41,68,116,96,55,3.26,20
28,2013-12-29,轻度污染,112,61,92,144,110,61,3.5,17
29,2013-12-30,轻度污染,112,46,73,125,87,61,3.37,16
30,2013-12-31,良,96,38,72,132,108,63,3.67,13
0,2013-11-01,良,69,37,44,82,62,46,1.64,23
1,2013-11-02,良,90,35,62,113,70,53,1.81,21
2,2013-11-03,良,85,42,59,111,51,53,2.0,20
3,2013-11-04,良,81,42,50,109,44,46,1.77,23
4,2013-11-05,良,74,32,46,96,40,46,1.54,21
5,2013-11-06,良,85,28,51,113,45,54,1.61,20
6,2013-11-07,良,83,33,54,133,57,54,1.5,18
7,2013-11-08,良,91,41,56,136,42,47,1.71,31
8,2013-11-09,良,72,27,26,66,16,25,0.75,40
9,2013-11-10,良,52,16,35,50,27,36,1.14,25
10,2013-11-11,良,100,104,115,173,55,60,2.19,9
11,2013-11-12,轻度污染,131,104,77,119,33,49,1.12,14
12,2013-11-13,良,86,61,47,109,22,38,0.89,24
13,2013-11-14,良,83,49,58,134,39,49,1.62,19
14,2013-11-15,轻度污染,102,50,69,154,79,50,2.48,16
15,2013-11-16,良,90,28,52,120,50,46,1.92,19
16,2013-11-17,良,81,40,59,127,66,49,2.09,13
17,2013-11-18,良,100,74,102,150,57,54,2.31,13
18,2013-11-19,轻度污染,128,95,78,136,64,51,2.37,14
19,2013-11-20,良,95,37,78,141,59,58,2.43,16
20,2013-11-21,轻度污染,101,34,79,147,51,59,2.54,22
21,2013-11-22,轻度污染,113,45,84,154,59,57,2.47,23
22,2013-11-23,良,82,21,46,65,20,29,1.27,35
23,2013-11-24,良,86,32,56,157,66,51,2.46,22
24,2013-11-25,轻度污染,102,81,84,165,69,64,2.89,15
25,2013-11-26,轻度污染,122,93,97,170,61,65,2.56,14
26,2013-11-27,轻度污染,122,95,86,163,57,64,2.02,15
27,2013-11-28,轻度污染,104,109,73,148,64,60,2.08,14
28,2013-11-29,轻度污染,120,110,97,174,94,71,3.1,11
29,2013-11-30,轻度污染,119,93,80,155,52,71,2.89,11
0,2013-10-28,良,76,16,49,99,45,45,1.48,28
1,2013-10-29,良,83,40,57,106,56,48,1.56,25
2,2013-10-30,良,62,22,41,66,29,45,1.34,26
3,2013-10-31,良,59,17,41,59,20,46,1.43,29
