0,2019-12-01,轻度污染,113,340,79,101,13,44,1.23,30
1,2019-12-02,良,51,186,17,53,10,27,0.65,57
2,2019-12-03,优,49,109,20,52,11,39,0.69,47
3,2019-12-04,良,54,124,30,59,14,44,0.77,45
4,2019-12-05,良,94,304,67,110,19,52,1.24,28
5,2019-12-06,轻度污染,116,333,87,101,7,43,1.08,17
6,2019-12-07,重度污染,209,356,161,171,8,66,1.44,13
7,2019-12-08,中度污染,181,322,140,162,8,61,1.44,33
8,2019-12-09,良,75,135,45,92,10,58,0.77,39
9,2019-12-10,良,88,184,50,108,12,57,0.95,30
0,2019-11-01,轻度污染,112,321,79,146,17,85,1.14,27
1,2019-11-02,中度污染,163,364,123,167,22,72,1.4,57
2,2019-11-03,良,97,334,71,106,13,39,1.26,55
3,2019-11-04,良,68,236,48,73,7,40,1.2,41
4,2019-11-05,轻度污染,106,326,79,122,10,68,1.41,53
5,2019-11-06,良,98,298,73,117,7,84,1.1,40
6,2019-11-07,中度污染,153,355,115,147,11,54,1.38,46
7,2019-11-08,轻度污染,149,348,111,147,10,53,1.26,48
8,2019-11-09,中度污染,178,342,134,173,9,68,1.29,64
9,2019-11-10,良,95,303,27,139,7,26,0.58,59
10,2019-11-11,良,88,305,37,126,14,64,0.76,32
11,2019-11-12,轻度污染,108,346,69,159,14,82,0.94,26
12,2019-11-13,良,65,233,12,79,8,28,0.48,51
13,2019-11-14,良,69,289,27,88,10,67,0.61,19
14,2019-11-15,轻度污染,107,353,72,141,14,74,1.0,16
15,2019-11-16,中度污染,160,355,121,162,16,67,1.46,24
16,2019-11-17,轻度污染,120,291,79,107,8,37,1.06,35
17,2019-11-18,良,82,261,21,115,7,31,0.55,44
18,2019-11-19,良,97,292,53,143,12,67,0.86,15
19,2019-11-20,良,91,295,60,132,11,66,0.89,18
20,2019-11-21,良,98,315,73,123,9,63,0.86,30
21,2019-11-22,轻度污染,131,334,99,135,8,66,1.03,25
22,2019-11-23,重度污染,247,361,197,227,10,74,1.59,26
23,2019-11-24,中度污染,155,358,116,152,11,42,1.32,36
24,2019-11-25,优,45,234,10,47,6,27,0.57,38
25,2019-11-26,良,62,251,38,65,9,47,0.7,20
26,2019-11-27,良,86,322,55,103,12,48,1.08,20
27,2019-11-28,良,61,263,36,72,10,47,0.96,25
28,2019-11-29,良,66,245,47,69,7,42,0.8,36
29,2019-11-30,轻度污染,117,343,88,95,11,47,1.01,18
0,2019-10-01,良,78,307,34,84,5,30,0.71,134
1,2019-10-02,良,73,296,30,76,5,33,0.68,130
2,2019-10-03,良,81,315,38,93,7,48,0.78,106
3,2019-10-04,优,46,189,29,43,4,23,0.78,80
4,2019-10-05,优,21,51,7,20,4,18,0.58,48
5,2019-10-06,优,24,53,14,21,3,29,0.6,51
6,2019-10-07,优,36,135,19,36,5,39,0.92,39
7,2019-10-08,良,60,296,35,69,7,45,1.08,61
8,2019-10-09,优,32,78,15,33,4,41,0.7,50
9,2019-10-10,优,32,67,14,35,5,36,0.95,31
10,2019-10-11,良,54,207,32,54,5,35,1.03,52
11,2019-10-12,良,56,227,27,63,7,43,0.97,50
12,2019-10-13,良,63,304,32,76,7,54,0.91,55
13,2019-10-14,优,48,244,17,52,5,29,0.72,32
14,2019-10-15,优,45,248,17,46,7,39,0.6,34
15,2019-10-16,良,64,303,44,57,9,53,0.81,14
16,2019-10-17,良,69,284,47,79,10,60,1.11,22
17,2019-10-18,良,65,261,41,82,10,63,1.15,43
18,2019-10-19,良,65,206,36,72,10,59,1.06,76
19,2019-10-20,良,68,188,38,87,9,60,1.13,44
20,2019-10-21,轻度污染,106,325,67,161,12,48,1.45,79
21,2019-10-22,良,93,302,46,136,10,69,1.4,26
22,2019-10-23,良,83,266,53,114,7,67,1.4,34
23,2019-10-24,良,72,259,36,95,8,53,0.95,30
24,2019-10-25,优,48,207,18,49,9,35,0.5,33
25,2019-10-26,良,66,319,38,81,13,60,0.63,17
26,2019-10-27,良,60,214,25,72,11,65,0.61,37
27,2019-10-28,重度污染,213,349,68,291,8,41,0.53,51
28,2019-10-29,轻度污染,144,329,72,239,12,61,0.73,32
29,2019-10-30,轻度污染,127,296,67,203,13,64,0.78,51
30,2019-10-31,良,70,150,34,90,12,57,0.81,53
31,2019-10-31,良,70,150,34,90,12,57,0.81,53
0,2019-09-01,良,63,343,19,64,6,44,0.59,99
1,2019-09-02,良,52,285,28,54,5,26,0.67,92
2,2019-09-03,良,59,313,28,59,7,32,0.66,106
3,2019-09-04,良,76,351,41,75,6,36,0.82,113
4,2019-09-05,良,71,331,28,61,7,34,0.64,117
5,2019-09-06,良,66,304,24,56,6,32,0.63,128
6,2019-09-07,良,85,334,37,76,8,45,0.76,136
7,2019-09-08,良,87,315,41,84,10,33,0.74,156
8,2019-09-09,良,81,323,46,84,9,28,0.78,146
9,2019-09-10,良,91,359,66,103,6,31,1.16,111
10,2019-09-11,优,27,93,11,27,5,20,0.81,33
11,2019-09-12,优,16,15,9,15,4,21,0.84,35
12,2019-09-13,优,35,151,12,35,5,19,0.77,48
13,2019-09-14,良,51,294,21,52,7,26,0.77,35
14,2019-09-15,优,23,46,10,18,5,27,0.65,45
15,2019-09-16,优,37,148,21,35,5,31,0.79,40
16,2019-09-17,优,36,117,21,35,4,34,0.78,49
17,2019-09-18,良,63,318,37,74,7,24,1.04,95
18,2019-09-19,良,61,320,20,72,7,45,0.88,44
19,2019-09-20,优,46,184,27,46,5,31,1.06,80
20,2019-09-21,良,76,333,42,96,17,57,1.81,58
21,2019-09-22,良,87,352,44,91,11,50,1.21,127
22,2019-09-23,良,87,351,41,98,8,76,1.18,89
23,2019-09-24,良,69,278,32,78,12,64,1.07,81
24,2019-09-25,良,83,324,43,90,11,67,1.12,85
25,2019-09-26,良,86,341,45,105,9,67,1.06,96
26,2019-09-27,良,85,346,41,106,8,58,0.85,91
27,2019-09-28,良,81,281,34,94,6,41,0.75,119
28,2019-09-29,良,80,265,34,90,6,33,0.73,144
29,2019-09-30,良,84,307,39,97,6,29,0.78,154
0,2019-08-06,良,53,271,21,58,2,49,0.6,35
1,2019-08-07,优,48,207,19,35,3,24,0.73,70
2,2019-08-08,良,52,240,19,42,2,21,0.61,81
3,2019-08-09,良,68,340,27,56,2,30,0.64,97
4,2019-08-10,优,50,249,15,30,2,15,0.73,92
5,2019-08-11,良,51,270,18,38,2,17,0.78,85
6,2019-08-21,良,62,299,41,71,3,27,0.91,77
7,2019-08-22,良,69,318,38,73,4,30,0.97,101
8,2019-08-23,良,68,316,24,63,5,44,0.79,114
9,2019-08-24,良,77,343,39,85,7,38,0.94,128
10,2019-08-25,良,63,296,40,76,7,27,1.23,85
11,2019-08-26,良,77,346,44,81,5,26,1.62,116
12,2019-08-27,良,61,326,38,73,4,31,1.1,72
13,2019-08-28,良,53,300,20,51,7,33,0.87,89
0,2019-07-01,良,98,358,25,84,6,57,0.71,112
1,2019-07-02,轻度污染,104,340,26,77,8,42,0.72,144
2,2019-07-03,轻度污染,124,361,33,100,7,48,0.77,146
3,2019-07-04,良,81,302,31,82,6,43,0.79,108
4,2019-07-05,良,86,309,23,68,6,37,0.63,118
5,2019-07-06,良,68,305,15,52,5,20,0.55,112
6,2019-07-07,良,57,234,10,38,5,16,0.57,105
7,2019-07-12,良,62,318,30,75,4,54,0.7,66
8,2019-07-13,良,87,350,32,74,5,37,0.82,145
9,2019-07-14,良,77,345,32,79,4,43,0.69,120
10,2019-07-15,良,75,333,28,75,3,50,0.65,111
11,2019-07-16,良,78,343,33,67,4,30,0.73,153
12,2019-07-17,良,59,317,34,66,2,39,0.72,100
13,2019-07-18,良,56,313,30,62,4,27,0.81,113
14,2019-07-19,良,93,357,52,109,3,52,0.9,121
15,2019-07-20,轻度污染,105,365,68,112,3,39,1.05,150
16,2019-07-21,良,86,352,49,90,2,26,1.1,133
17,2019-07-22,良,52,259,24,55,2,27,0.67,99
18,2019-07-23,良,52,306,20,51,2,21,0.69,115
19,2019-07-24,良,91,366,32,95,3,52,0.88,135
20,2019-07-25,良,76,361,32,87,3,40,0.79,110
21,2019-07-26,良,62,311,32,74,2,37,0.75,93
0,2019-06-01,良,88,318,28,90,9,34,0.64,114
1,2019-06-02,良,92,304,32,111,8,32,0.51,124
2,2019-06-03,良,81,285,32,107,9,47,0.48,87
3,2019-06-04,良,94,315,30,92,5,29,0.56,145
4,2019-06-05,轻度污染,108,355,55,151,5,29,0.92,110
5,2019-06-06,良,69,322,32,49,2,18,0.94,122
6,2019-06-07,良,96,350,37,72,3,23,0.83,142
7,2019-06-08,轻度污染,102,360,26,69,3,21,0.77,159
8,2019-06-09,良,92,332,26,101,6,31,0.62,134
9,2019-06-10,良,80,318,17,69,7,32,0.51,120
10,2019-06-11,良,70,290,19,78,5,41,0.53,93
11,2019-06-14,良,85,335,29,73,8,34,0.57,185
12,2019-06-15,良,70,304,28,75,8,32,0.56,133
13,2019-06-17,良,76,336,27,94,5,29,0.62,127
14,2019-06-18,良,89,343,40,98,5,37,0.74,127
15,2019-06-19,良,59,311,28,66,3,24,0.68,107
16,2019-06-20,优,32,169,15,24,2,20,0.5,80
17,2019-06-25,良,90,330,32,77,5,39,0.63,121
18,2019-06-26,良,95,334,30,71,3,33,0.6,140
19,2019-06-27,良,91,328,38,90,5,39,0.75,125
20,2019-06-28,良,53,224,27,45,2,23,0.9,90
21,2019-06-29,良,53,253,13,54,4,20,0.63,89
22,2019-06-30,良,70,320,13,54,6,27,0.6,114
0,2019-05-01,轻度污染,102,345,35,150,6,58,0.66,51
1,2019-05-02,良,79,321,36,97,9,42,0.59,95
2,2019-05-03,良,89,321,38,107,9,41,0.62,113
3,2019-05-04,良,79,271,44,106,10,53,0.73,85
4,2019-05-05,轻度污染,149,356,48,215,7,49,0.81,84
5,2019-05-06,良,67,293,30,82,7,24,0.44,88
6,2019-05-07,良,85,352,42,118,11,58,0.54,66
7,2019-05-08,良,71,290,38,85,13,36,0.62,88
8,2019-05-09,良,71,240,37,75,12,29,0.8,105
9,2019-05-10,良,82,267,33,99,11,43,0.72,97
10,2019-05-11,良,70,170,26,79,7,47,0.71,84
11,2019-05-12,轻度污染,135,309,51,184,11,42,0.59,85
12,2019-05-13,轻度污染,131,308,62,192,11,28,0.47,71
13,2019-05-14,轻度污染,140,350,73,228,12,46,0.66,80
14,2019-05-15,轻度污染,119,325,67,179,9,39,0.81,95
15,2019-05-16,轻度污染,103,314,53,128,7,36,0.98,99
16,2019-05-17,良,100,347,43,117,7,36,0.84,114
17,2019-05-18,良,61,264,32,66,2,19,0.66,63
18,2019-05-19,轻度污染,114,349,31,174,5,24,0.49,79
19,2019-05-20,良,76,312,23,96,5,30,0.47,78
20,2019-05-21,良,80,302,30,89,12,51,0.61,88
21,2019-05-22,良,85,281,29,85,10,47,0.6,110
22,2019-05-23,良,94,281,35,100,11,49,0.65,113
23,2019-05-24,良,91,270,39,97,7,26,0.66,139
24,2019-05-25,良,97,298,49,96,5,18,0.7,134
25,2019-05-26,良,97,343,42,116,3,20,0.7,119
26,2019-05-27,良,87,350,22,121,5,13,0.53,94
27,2019-05-28,良,57,249,19,62,7,27,0.52,87
28,2019-05-29,良,70,287,21,69,11,35,0.55,88
29,2019-05-30,良,70,306,23,60,6,27,0.63,109
30,2019-05-31,良,75,308,33,79,4,34,0.75,81
0,2019-04-01,良,89,339,49,127,11,49,0.69,65
1,2019-04-02,轻度污染,129,355,93,164,14,70,0.88,48
2,2019-04-03,轻度污染,129,352,97,141,15,49,0.86,105
3,2019-04-04,轻度污染,122,326,85,142,14,51,0.8,111
4,2019-04-05,良,99,291,59,138,15,47,0.87,118
5,2019-04-06,轻度污染,137,344,57,221,12,38,0.85,76
6,2019-04-07,轻度污染,128,350,67,205,18,43,1.18,89
7,2019-04-08,中度污染,154,353,89,241,12,47,1.04,48
8,2019-04-09,良,51,205,27,53,4,19,0.71,61
9,2019-04-10,良,75,339,54,70,5,39,0.76,56
10,2019-04-11,轻度污染,131,353,99,119,12,46,0.84,65
11,2019-04-12,良,99,315,72,93,8,38,0.73,77
12,2019-04-13,良,91,301,65,91,8,43,0.94,58
13,2019-04-14,良,61,221,26,65,7,33,0.58,69
14,2019-04-15,良,72,273,31,90,9,42,0.52,80
15,2019-04-16,良,65,206,28,80,6,31,0.59,83
16,2019-04-17,良,87,274,36,123,9,34,0.58,86
17,2019-04-18,轻度污染,144,353,48,227,11,33,0.73,90
18,2019-04-19,良,76,264,29,101,8,24,0.56,67
19,2019-04-20,良,78,294,46,103,10,45,0.74,71
20,2019-04-21,良,77,270,55,80,5,40,1.4,48
21,2019-04-22,良,70,236,50,72,4,45,1.26,29
22,2019-04-23,良,67,241,42,75,5,36,1.16,68
23,2019-04-24,良,74,240,38,90,5,42,1.03,73
24,2019-04-25,良,52,162,21,57,2,17,0.59,61
25,2019-04-26,良,61,271,42,58,3,24,0.66,58
26,2019-04-27,良,64,286,42,63,4,32,0.63,64
27,2019-04-28,良,78,327,56,59,4,28,0.75,74
28,2019-04-29,良,89,317,64,95,7,46,1.06,71
29,2019-04-30,轻度污染,131,353,53,209,9,47,0.96,68
0,2019-03-01,良,91,209,67,84,10,48,0.61,54
1,2019-03-02,轻度污染,129,280,97,110,6,54,0.67,55
2,2019-03-03,轻度污染,131,292,99,108,9,41,0.82,60
3,2019-03-04,轻度污染,114,272,85,114,12,55,1.0,46
4,2019-03-05,轻度污染,140,310,106,131,16,50,1.0,74
5,2019-03-06,轻度污染,122,316,80,126,10,44,0.85,60
6,2019-03-07,良,68,227,25,83,7,33,0.51,63
7,2019-03-08,良,69,213,46,83,12,46,0.61,65
8,2019-03-09,轻度污染,119,355,89,127,13,61,0.82,57
9,2019-03-10,轻度污染,143,351,106,162,12,69,0.96,52
10,2019-03-11,良,68,204,22,83,7,25,0.47,69
11,2019-03-12,良,70,214,20,88,6,32,0.47,56
12,2019-03-13,良,94,342,46,135,10,71,0.75,20
13,2019-03-14,良,75,305,38,99,11,47,0.7,51
14,2019-03-15,良,61,232,22,72,8,49,0.55,49
15,2019-03-16,良,72,262,38,88,12,51,0.6,60
16,2019-03-17,良,96,315,67,131,12,61,0.75,58
17,2019-03-18,良,73,237,43,93,10,40,0.6,79
18,2019-03-19,良,73,212,38,91,9,36,0.57,84
19,2019-03-20,良,88,285,64,98,9,39,0.73,87
20,2019-03-21,良,95,329,23,136,5,28,0.44,61
21,2019-03-22,良,73,333,28,95,7,49,0.52,45
22,2019-03-23,良,83,343,35,113,9,41,0.6,50
23,2019-03-24,良,92,327,54,128,12,53,0.74,62
24,2019-03-25,良,83,295,41,113,10,52,0.71,65
25,2019-03-26,轻度污染,106,332,59,160,14,70,0.88,60
26,2019-03-27,良,95,293,56,138,14,61,0.92,71
27,2019-03-28,轻度污染,102,327,46,153,8,37,0.81,59
28,2019-03-29,良,89,306,44,125,10,42,0.76,60
29,2019-03-30,良,90,309,38,126,5,35,0.55,59
30,2019-03-31,良,78,333,37,104,9,34,0.54,73
0,2019-02-01,良,76,195,50,77,11,18,0.79,64
1,2019-02-02,轻度污染,136,330,103,122,8,31,1.29,53
2,2019-02-03,轻度污染,136,307,80,154,11,31,1.04,50
3,2019-02-04,良,82,194,38,111,14,28,0.65,68
4,2019-02-05,中度污染,159,266,123,182,16,28,0.89,58
5,2019-02-06,严重污染,303,366,254,330,13,22,1.76,48
6,2019-02-07,良,87,271,56,106,9,8,0.81,61
7,2019-02-08,良,58,249,33,64,8,13,0.69,57
8,2019-02-09,良,66,256,43,78,11,16,0.8,53
9,2019-02-10,良,62,220,41,61,7,15,0.66,56
10,2019-02-11,轻度污染,118,317,89,107,10,31,1.01,49
11,2019-02-12,轻度污染,138,323,104,121,8,28,1.1,38
12,2019-02-13,中度污染,167,347,129,154,9,28,1.25,24
13,2019-02-14,轻度污染,122,337,92,99,9,32,1.37,26
14,2019-02-15,中度污染,167,357,126,139,7,46,1.63,19
15,2019-02-16,轻度污染,146,356,110,135,9,46,1.2,51
16,2019-02-17,中度污染,152,353,115,144,12,62,1.12,50
17,2019-02-18,良,75,266,54,74,11,47,0.58,43
18,2019-02-19,轻度污染,149,319,113,132,11,52,0.94,27
19,2019-02-20,重度污染,238,343,187,219,10,63,1.29,27
20,2019-02-21,严重污染,254,356,203,231,9,74,1.36,19
21,2019-02-22,严重污染,251,357,200,231,15,72,1.35,34
22,2019-02-23,重度污染,248,362,197,233,11,83,1.31,50
23,2019-02-24,重度污染,225,350,177,214,14,78,1.09,57
24,2019-02-25,严重污染,252,361,204,238,19,69,1.5,88
25,2019-02-26,严重污染,310,366,259,301,19,62,1.89,60
26,2019-02-27,中度污染,172,328,130,157,11,49,0.98,63
27,2019-02-28,轻度污染,113,274,84,103,10,41,0.62,72
0,2019-01-01,中度污染,151,332,114,160,20,71,1.37,13
1,2019-01-02,中度污染,197,344,151,191,19,70,1.31,29
2,2019-01-03,中度污染,199,323,151,190,18,75,1.28,19
3,2019-01-04,严重污染,324,364,273,304,22,89,2.31,10
4,2019-01-05,中度污染,151,302,119,165,22,69,1.69,20
5,2019-01-06,轻度污染,116,267,86,127,17,73,1.23,15
6,2019-01-07,重度污染,211,321,161,213,15,92,1.71,6
7,2019-01-08,中度污染,184,324,141,197,18,74,1.7,16
8,2019-01-09,良,64,204,38,71,12,46,0.87,19
9,2019-01-10,中度污染,156,333,118,133,12,55,1.28,22
10,2019-01-11,重度污染,234,346,183,200,13,63,1.75,23
11,2019-01-12,重度污染,249,338,198,240,13,79,1.86,14
12,2019-01-13,重度污染,235,317,185,216,8,68,1.98,12
13,2019-01-14,严重污染,282,350,231,282,10,80,2.03,8
14,2019-01-15,中度污染,174,337,112,217,10,43,1.23,31
15,2019-01-16,良,94,318,44,137,14,55,0.73,18
16,2019-01-17,良,73,155,43,93,19,54,0.83,25
17,2019-01-18,轻度污染,127,287,96,158,23,90,1.26,10
18,2019-01-19,重度污染,204,355,157,192,28,77,2.06,15
19,2019-01-20,轻度污染,130,298,97,139,16,69,1.5,12
20,2019-01-21,良,76,208,26,99,18,33,0.79,43
21,2019-01-22,良,59,75,29,66,15,44,0.65,45
22,2019-01-23,良,99,231,69,120,21,83,1.25,19
23,2019-01-24,中度污染,200,353,153,206,18,107,1.54,10
24,2019-01-25,轻度污染,116,265,84,141,19,48,1.3,37
25,2019-01-26,良,68,156,45,78,12,44,0.73,37
26,2019-01-27,轻度污染,122,296,92,133,18,59,0.96,26
27,2019-01-28,中度污染,176,342,133,180,23,67,1.46,24
28,2019-01-29,重度污染,225,358,174,224,20,71,1.4,23
29,2019-01-30,严重污染,261,362,212,242,8,55,1.7,13
30,2019-01-31,良,75,298,38,97,11,24,0.9,43
0,2018-12-01,严重污染,252,341,201,349,14,60,1.96,9
1,2018-12-02,重度污染,220,313,169,198,9,57,2.45,7
2,2018-12-03,重度污染,204,326,139,265,11,47,1.95,17
3,2018-12-04,中度污染,160,350,60,268,13,39,0.83,28
4,2018-12-05,良,89,297,51,112,8,43,0.85,13
5,2018-12-06,轻度污染,103,352,75,123,9,42,1.04,15
6,2018-12-07,良,58,301,25,66,8,42,0.61,21
7,2018-12-08,良,70,324,46,87,15,46,0.87,18
8,2018-12-09,良,82,313,57,101,16,52,0.96,12
9,2018-12-10,轻度污染,138,344,104,152,14,58,1.18,7
10,2018-12-11,中度污染,158,352,116,152,19,55,1.38,16
11,2018-12-12,良,79,204,47,99,16,54,1.02,19
12,2018-12-13,轻度污染,124,291,91,130,25,63,1.36,19
13,2018-12-14,中度污染,171,352,130,166,18,78,1.31,15
14,2018-12-15,重度污染,209,353,160,202,20,73,1.36,19
15,2018-12-16,良,86,184,49,116,18,50,0.84,36
16,2018-12-17,良,78,191,38,103,18,62,0.87,31
17,2018-12-18,良,95,236,64,106,19,75,0.92,22
18,2018-12-19,中度污染,176,317,133,188,31,84,1.78,17
19,2018-12-20,严重污染,280,359,229,261,32,93,2.39,16
20,2018-12-21,严重污染,313,359,262,311,27,95,2.61,19
21,2018-12-28,良,58,259,30,63,13,36,0.81,30
22,2018-12-29,良,82,331,59,103,22,58,1.11,14
23,2018-12-30,良,89,322,66,96,16,58,1.01,24
24,2018-12-31,轻度污染,110,330,83,115,19,62,1.06,15
0,2018-11-01,轻度污染,111,345,83,116,13,74,0.93,46
1,2018-11-02,良,98,308,72,99,13,57,0.8,77
2,2018-11-03,良,78,262,56,82,11,55,0.73,66
3,2018-11-04,轻度污染,110,344,76,129,18,63,0.99,43
4,2018-11-05,良,86,340,63,58,9,31,0.97,26
5,2018-11-06,优,44,207,30,35,8,37,0.88,19
6,2018-11-07,良,60,285,42,44,11,42,0.88,18
7,2018-11-08,良,58,252,40,47,12,45,0.71,24
8,2018-11-09,良,74,286,54,78,13,57,0.84,22
9,2018-11-10,轻度污染,134,363,100,113,12,60,1.51,15
10,2018-11-11,轻度污染,107,353,79,78,14,54,1.55,24
11,2018-11-12,中度污染,179,365,136,154,16,67,1.83,21
12,2018-11-13,中度污染,178,355,134,137,12,67,1.5,27
13,2018-11-14,中度污染,187,352,141,157,10,69,1.34,9
14,2018-11-15,重度污染,225,362,175,188,15,55,1.54,24
15,2018-11-16,良,92,344,68,78,10,33,0.91,25
16,2018-11-17,良,68,316,49,60,11,42,0.94,12
17,2018-11-18,良,61,231,40,67,17,46,0.87,26
18,2018-11-19,良,66,224,43,79,13,61,0.83,23
19,2018-11-20,良,95,303,70,101,15,66,0.95,8
20,2018-11-21,轻度污染,122,336,84,118,18,55,1.15,23
21,2018-11-22,良,73,248,44,89,18,58,0.75,26
22,2018-11-23,轻度污染,134,351,102,139,19,70,1.09,18
23,2018-11-24,重度污染,212,359,162,195,23,84,1.77,15
24,2018-11-25,中度污染,193,327,148,187,21,85,1.63,18
25,2018-11-26,重度污染,250,320,169,274,24,77,1.59,31
26,2018-11-27,严重污染,257,312,124,381,25,52,1.19,29
27,2018-11-28,严重污染,422,365,218,525,18,77,1.73,25
28,2018-11-29,重度污染,219,339,123,350,20,59,1.48,27
29,2018-11-30,中度污染,191,310,142,308,12,61,1.29,21
0,2018-10-01,优,44,142,11,43,11,35,0.69,61
1,2018-10-02,良,58,202,22,62,18,51,0.89,58
2,2018-10-03,良,78,314,41,101,15,75,1.0,55
3,2018-10-04,良,93,343,57,125,17,82,1.07,58
4,2018-10-05,轻度污染,115,359,73,142,17,86,1.18,70
5,2018-10-06,轻度污染,127,355,90,168,18,94,1.28,75
6,2018-10-07,轻度污染,109,341,61,154,17,62,1.12,48
7,2018-10-08,轻度污染,118,353,77,178,19,78,1.33,54
8,2018-10-09,良,87,323,44,117,18,49,0.98,52
9,2018-10-10,良,71,343,28,90,14,58,0.66,46
10,2018-10-11,良,81,357,51,109,14,61,0.78,43
11,2018-10-12,良,76,310,44,95,16,53,0.75,80
12,2018-10-13,良,74,269,49,86,14,47,0.76,102
13,2018-10-14,良,72,269,50,89,11,60,0.75,65
14,2018-10-15,良,86,320,62,110,12,75,0.9,29
15,2018-10-16,良,95,324,70,103,13,49,1.05,52
16,2018-10-17,良,81,305,55,75,9,40,1.02,72
17,2018-10-18,良,63,265,38,74,11,56,0.73,53
18,2018-10-19,良,76,328,53,90,18,73,0.91,39
19,2018-10-20,良,84,324,61,98,15,75,0.88,36
20,2018-10-21,轻度污染,112,341,84,115,20,73,1.02,24
21,2018-10-22,良,100,315,72,99,13,43,0.96,49
22,2018-10-23,良,82,320,39,111,12,53,0.86,45
23,2018-10-24,良,95,313,60,136,22,70,1.03,52
24,2018-10-25,良,94,311,61,130,21,66,1.05,40
25,2018-10-26,良,81,318,16,111,9,26,0.5,56
26,2018-10-27,良,60,217,22,69,18,50,0.77,39
27,2018-10-28,良,69,273,22,85,16,39,0.68,55
28,2018-10-29,良,62,230,25,73,20,45,0.8,50
29,2018-10-30,良,91,346,65,112,22,72,1.08,28
30,2018-10-31,轻度污染,135,363,102,150,18,90,1.16,39
0,2018-09-02,良,72,338,33,72,10,29,1.1,111
1,2018-09-03,良,78,336,22,97,10,49,0.69,100
2,2018-09-04,良,72,326,19,71,13,39,0.67,96
3,2018-09-05,良,67,277,29,82,14,49,0.84,62
4,2018-09-06,良,57,224,19,64,9,27,0.59,86
5,2018-09-07,良,51,261,12,49,9,36,0.54,65
6,2018-09-08,良,73,356,26,75,16,49,0.68,79
7,2018-09-09,良,69,324,23,64,13,41,0.57,97
8,2018-09-10,良,80,348,35,84,16,46,0.67,100
9,2018-09-11,良,71,323,25,63,13,33,0.66,102
10,2018-09-12,良,87,358,31,85,13,43,0.71,119
11,2018-09-13,良,66,310,36,79,10,54,0.78,56
12,2018-09-14,优,44,132,23,43,5,45,0.67,41
13,2018-09-15,良,65,300,43,77,10,52,1.26,29
14,2018-09-16,优,43,209,21,43,8,34,1.03,38
15,2018-09-17,良,52,252,29,56,10,40,1.03,36
16,2018-09-18,良,51,257,32,51,7,35,1.01,57
17,2018-09-19,优,31,80,19,23,6,40,1.79,36
18,2018-09-20,良,53,255,30,59,7,52,1.68,17
19,2018-09-21,良,63,287,26,72,11,40,1.18,67
20,2018-09-22,良,60,272,21,69,14,53,0.8,63
21,2018-09-23,良,69,301,29,85,15,65,0.93,47
22,2018-09-24,良,63,275,27,72,13,49,0.7,68
23,2018-09-25,优,43,154,22,42,8,33,0.91,51
24,2018-09-26,优,49,235,27,49,10,37,1.09,65
25,2018-09-27,良,76,335,50,95,14,56,1.36,58
26,2018-09-28,良,62,285,28,70,11,44,0.87,50
27,2018-09-29,良,86,344,32,120,17,60,0.98,48
28,2018-09-30,良,59,211,21,67,12,31,0.7,65
0,2018-08-01,良,58,243,25,62,3,44,0.8,60
1,2018-08-02,良,71,293,42,76,3,35,0.96,98
2,2018-08-03,良,88,319,60,106,3,40,1.15,100
3,2018-08-04,轻度污染,106,350,56,100,4,31,1.31,133
4,2018-08-05,良,55,212,34,54,3,24,0.87,70
5,2018-08-06,良,65,265,34,67,3,30,0.94,87
6,2018-08-07,良,72,294,35,73,3,29,0.93,102
7,2018-08-08,良,72,308,35,74,4,31,0.92,104
8,2018-08-09,良,65,243,39,70,4,21,1.15,100
9,2018-08-10,良,70,248,36,68,4,20,1.03,116
10,2018-08-11,良,81,286,41,81,4,39,0.95,108
11,2018-08-12,良,76,303,36,72,4,27,0.85,111
12,2018-08-13,良,57,245,26,59,4,25,0.78,82
13,2018-08-14,良,58,281,26,52,4,19,0.9,94
14,2018-08-15,良,54,267,21,49,4,21,0.8,87
15,2018-08-16,优,42,180,14,40,5,21,0.82,69
16,2018-08-17,良,81,348,17,54,8,20,0.83,147
17,2018-08-18,良,51,257,22,35,5,19,0.99,85
18,2018-08-19,优,23,15,8,16,4,18,0.82,44
19,2018-08-20,良,58,258,16,41,6,32,0.95,86
20,2018-08-21,轻度污染,103,356,42,92,8,37,1.23,144
21,2018-08-22,良,85,347,32,70,13,32,1.34,120
22,2018-08-23,良,79,325,22,57,12,34,1.06,119
23,2018-08-25,轻度污染,111,354,40,86,7,40,0.96,155
24,2018-08-27,轻度污染,105,340,44,86,6,34,0.96,151
25,2018-08-29,轻度污染,109,350,51,98,11,29,1.13,161
26,2018-08-31,良,61,300,33,65,9,22,1.08,105
0,2018-07-01,轻度污染,110,348,47,99,4,48,0.99,126
1,2018-07-02,良,73,304,45,83,4,33,0.89,105
2,2018-07-03,良,86,329,33,76,4,39,0.81,107
3,2018-07-04,良,72,298,41,80,5,50,0.92,80
4,2018-07-05,良,84,315,41,67,6,27,1.16,128
5,2018-07-06,轻度污染,108,345,62,113,5,44,1.06,127
6,2018-07-07,良,71,324,27,57,5,26,0.68,112
7,2018-07-08,良,52,265,24,50,5,29,0.69,74
8,2018-07-09,良,55,286,32,55,4,24,0.81,59
9,2018-07-10,良,53,267,36,52,4,25,1.3,62
10,2018-07-11,良,65,301,39,77,4,37,1.13,47
11,2018-07-12,良,65,317,32,78,3,41,0.87,53
12,2018-07-13,优,37,118,20,36,3,35,0.77,46
13,2018-07-14,优,45,189,22,44,3,26,0.97,65
14,2018-07-15,优,49,202,20,45,2,28,0.76,73
15,2018-07-16,良,54,243,20,51,2,25,0.73,76
16,2018-07-17,良,60,276,23,58,3,33,0.81,83
17,2018-07-18,良,70,314,31,67,3,24,0.82,102
18,2018-07-19,良,63,277,21,54,3,26,0.73,93
19,2018-07-20,良,67,272,23,59,4,26,0.72,98
20,2018-07-21,良,80,318,28,72,5,33,0.79,109
21,2018-07-22,良,75,316,35,66,3,22,0.67,124
22,2018-07-23,良,83,346,38,81,4,28,0.83,115
23,2018-07-24,良,82,336,29,71,4,24,0.65,121
24,2018-07-25,良,95,355,38,93,6,47,0.84,114
25,2018-07-26,良,68,276,26,53,3,28,0.79,108
26,2018-07-27,优,50,197,19,39,3,27,0.68,89
27,2018-07-28,良,56,215,31,51,3,19,0.88,97
28,2018-07-29,良,72,277,40,74,3,32,1.07,94
29,2018-07-30,良,59,219,34,58,3,31,1.02,78
30,2018-07-31,良,56,219,24,51,3,30,0.86,81
0,2018-06-01,轻度污染,140,359,65,163,16,71,0.92,133
1,2018-06-02,良,94,270,39,99,17,38,0.81,139
2,2018-06-03,轻度污染,110,299,44,113,13,44,0.8,144
3,2018-06-04,轻度污染,114,335,51,134,15,38,0.93,157
4,2018-06-05,轻度污染,106,318,37,112,14,62,0.7,107
5,2018-06-06,轻度污染,105,298,40,102,11,29,0.73,147
6,2018-06-07,轻度污染,120,339,46,122,14,32,0.94,168
7,2018-06-08,轻度污染,128,355,60,166,14,32,1.09,166
8,2018-06-09,良,54,182,26,35,5,19,0.96,97
9,2018-06-10,良,92,359,37,77,9,37,1.15,121
10,2018-06-11,良,95,320,19,68,9,46,0.82,120
11,2018-06-12,轻度污染,103,328,28,80,9,39,0.8,142
12,2018-06-13,良,92,316,30,76,10,31,0.72,138
13,2018-06-14,轻度污染,112,354,45,79,7,29,0.81,168
14,2018-06-15,轻度污染,128,360,39,95,8,53,0.82,167
15,2018-06-16,良,100,325,34,83,8,32,0.72,154
16,2018-06-17,良,99,335,44,97,7,41,0.78,133
17,2018-06-18,良,71,240,41,72,6,37,0.77,98
18,2018-06-19,良,71,308,31,50,5,24,0.84,114
19,2018-06-20,良,91,321,39,78,5,40,0.76,131
20,2018-06-21,良,100,329,48,89,7,38,0.79,127
21,2018-06-22,良,100,341,28,65,8,36,0.75,143
22,2018-06-23,轻度污染,101,314,39,77,7,28,0.83,136
23,2018-06-24,良,84,277,30,66,6,24,0.82,128
24,2018-06-25,良,53,189,28,52,4,24,1.0,68
25,2018-06-26,优,42,155,25,37,3,28,1.39,73
26,2018-06-27,良,67,300,25,61,4,37,1.15,83
27,2018-06-28,良,82,338,25,66,5,29,0.99,122
28,2018-06-29,良,92,320,20,70,8,49,0.81,117
29,2018-06-30,良,81,301,39,81,8,41,1.03,114
0,2018-05-01,良,96,301,66,121,11,22,1.08,138
1,2018-05-02,良,74,275,34,87,8,21,0.78,105
2,2018-05-03,良,88,342,36,106,17,39,0.65,106
3,2018-05-04,良,92,317,38,128,12,32,0.64,117
4,2018-05-05,良,85,293,62,103,10,29,0.87,107
5,2018-05-06,良,85,330,51,115,11,31,0.94,90
6,2018-05-07,良,84,311,34,103,14,39,0.72,111
7,2018-05-08,轻度污染,125,355,72,159,18,54,1.14,127
8,2018-05-09,轻度污染,123,346,64,136,19,49,0.96,137
9,2018-05-10,良,93,306,39,91,15,30,0.73,148
10,2018-05-11,良,85,313,58,85,8,35,0.95,116
11,2018-05-12,良,94,311,40,97,14,42,1.01,98
12,2018-05-13,良,99,299,41,130,15,52,0.83,103
13,2018-05-14,良,81,224,41,94,10,30,0.87,119
14,2018-05-15,良,74,249,42,83,7,35,0.99,87
15,2018-05-16,良,69,254,39,53,4,29,0.85,105
16,2018-05-17,良,76,298,49,83,5,29,1.21,111
17,2018-05-18,良,58,126,25,65,7,23,0.9,95
18,2018-05-19,良,61,210,34,66,6,30,1.01,97
19,2018-05-20,优,50,148,23,38,4,20,0.83,91
20,2018-05-21,良,51,173,32,52,5,27,0.76,59
21,2018-05-22,轻度污染,118,342,55,187,9,33,0.77,74
22,2018-05-23,轻度污染,101,318,54,150,16,45,0.7,96
23,2018-05-24,轻度污染,107,325,59,162,14,51,0.84,74
24,2018-05-25,良,90,279,63,109,7,44,1.12,78
25,2018-05-26,中度污染,191,338,84,289,12,44,1.15,71
26,2018-05-27,良,98,289,56,145,15,34,0.73,99
27,2018-05-28,轻度污染,104,281,51,145,18,52,0.71,105
28,2018-05-29,轻度污染,104,306,43,156,16,63,1.05,81
29,2018-05-30,轻度污染,110,324,50,140,12,78,1.02,84
30,2018-05-31,轻度污染,124,356,52,130,17,69,1.02,123
0,2018-04-01,轻度污染,150,333,98,218,24,69,1.4,84
1,2018-04-02,轻度污染,146,326,74,237,22,68,1.12,97
2,2018-04-03,严重污染,278,357,64,378,13,33,0.92,68
3,2018-04-04,良,67,189,36,73,9,22,0.8,60
4,2018-04-05,良,94,298,69,90,8,43,1.24,17
5,2018-04-05,良,94,298,69,90,8,43,1.24,17
6,2018-04-06,轻度污染,125,334,39,195,8,22,0.7,80
7,2018-04-07,良,82,263,27,113,13,39,0.67,75
8,2018-04-08,良,97,326,47,141,18,57,0.81,64
9,2018-04-09,轻度污染,115,328,63,177,17,57,0.87,75
10,2018-04-10,重度污染,229,333,103,317,24,60,0.96,59
11,2018-04-11,重度污染,246,361,120,356,23,53,1.04,68
12,2018-04-12,良,76,232,47,96,11,35,0.78,60
13,2018-04-13,优,44,75,27,34,6,23,0.66,76
14,2018-04-14,重度污染,230,355,57,285,12,45,0.76,39
15,2018-04-15,中度污染,192,349,74,308,20,53,0.91,59
16,2018-04-16,中度污染,164,345,70,275,20,54,0.74,76
17,2018-04-17,中度污染,151,355,69,249,17,42,0.7,88
18,2018-04-18,轻度污染,131,339,65,209,16,46,0.83,94
19,2018-04-19,轻度污染,107,288,53,155,14,38,0.67,107
20,2018-04-20,良,98,275,50,130,17,38,0.67,114
21,2018-04-21,良,65,215,44,69,8,50,0.88,43
22,2018-04-22,良,54,197,26,57,6,21,0.94,69
23,2018-04-23,良,53,176,30,51,7,22,0.86,84
24,2018-04-24,良,73,296,52,75,10,32,0.91,79
25,2018-04-25,良,94,326,68,126,18,62,1.22,27
26,2018-04-26,良,70,157,33,75,13,48,0.92,70
27,2018-04-27,轻度污染,110,324,59,140,17,60,1.16,97
28,2018-04-28,良,98,258,46,131,14,58,0.8,90
29,2018-04-29,良,85,196,41,99,14,40,0.65,106
30,2018-04-30,轻度污染,139,351,94,193,18,54,1.14,107
0,2018-03-01,轻度污染,142,358,99,151,11,36,1.18,55
1,2018-03-02,轻度污染,104,328,77,99,13,35,0.96,51
2,2018-03-03,轻度污染,123,309,92,106,10,31,1.09,41
3,2018-03-04,轻度污染,131,343,98,117,9,30,1.37,36
4,2018-03-05,良,73,314,38,92,11,33,0.99,50
5,2018-03-06,良,92,340,59,111,16,52,1.04,40
6,2018-03-07,中度污染,152,362,115,112,12,42,1.22,48
7,2018-03-08,轻度污染,124,352,92,115,12,44,1.13,49
8,2018-03-09,中度污染,161,357,121,150,15,54,1.07,49
9,2018-03-10,重度污染,207,354,161,192,14,60,1.36,57
10,2018-03-11,严重污染,259,357,208,240,16,52,1.72,81
11,2018-03-12,中度污染,200,349,160,219,20,67,1.41,72
12,2018-03-13,轻度污染,109,286,81,132,17,49,1.07,87
13,2018-03-14,良,82,225,59,95,14,34,0.97,85
14,2018-03-15,中度污染,180,341,72,257,10,36,1.05,55
15,2018-03-16,优,49,112,16,49,9,22,0.55,89
16,2018-03-17,良,67,233,45,62,11,44,0.76,50
17,2018-03-18,轻度污染,130,332,98,62,9,42,1.3,39
18,2018-03-19,中度污染,185,358,141,151,12,48,1.46,59
19,2018-03-20,良,60,209,32,63,13,29,0.75,87
20,2018-03-21,良,63,207,39,72,16,53,0.87,54
21,2018-03-22,轻度污染,132,355,99,151,27,71,1.23,52
22,2018-03-23,中度污染,154,339,107,180,25,72,1.29,63
23,2018-03-24,良,94,250,65,89,12,40,0.88,105
24,2018-03-25,轻度污染,123,303,90,149,18,69,1.16,87
25,2018-03-26,轻度污染,122,305,86,152,20,54,1.05,82
26,2018-03-27,轻度污染,115,303,72,162,20,56,1.05,73
27,2018-03-28,良,94,250,56,135,18,57,1.01,75
28,2018-03-29,重度污染,201,349,70,306,15,29,0.9,89
29,2018-03-30,良,81,221,44,107,17,43,0.86,86
30,2018-03-31,中度污染,152,349,115,201,26,79,1.2,87
0,2018-02-01,良,76,120,39,100,26,53,0.91,41
1,2018-02-02,良,74,182,31,95,24,33,0.88,50
2,2018-02-03,良,62,162,35,75,25,53,1.01,33
3,2018-02-04,良,75,239,50,94,33,61,1.27,28
4,2018-02-05,良,65,146,41,71,30,46,1.12,44
5,2018-02-06,良,96,294,71,114,26,72,1.27,23
6,2018-02-07,轻度污染,106,285,75,140,29,60,1.26,42
7,2018-02-08,良,95,206,56,134,17,49,1.0,49
8,2018-02-09,轻度污染,133,244,98,176,35,66,1.38,45
9,2018-02-10,中度污染,158,332,62,234,19,32,0.93,54
10,2018-02-11,良,94,241,29,133,14,35,0.7,54
11,2018-02-12,良,52,54,18,54,20,22,0.76,70
12,2018-02-13,良,69,140,47,81,24,46,1.08,62
13,2018-02-14,轻度污染,122,318,76,170,26,33,1.32,70
14,2018-02-15,良,69,143,48,71,19,19,0.98,75
15,2018-02-16,中度污染,187,296,141,176,36,31,1.42,86
16,2018-02-17,重度污染,231,352,181,196,17,28,1.28,66
17,2018-02-18,重度污染,234,354,188,200,17,28,1.67,56
18,2018-02-19,轻度污染,108,314,80,105,12,22,1.05,76
19,2018-02-20,中度污染,184,355,145,159,13,24,1.62,58
20,2018-02-21,中度污染,168,345,129,106,15,32,1.74,59
21,2018-02-22,良,54,160,28,55,14,31,0.62,70
22,2018-02-23,良,71,238,50,76,15,39,0.83,64
23,2018-02-24,轻度污染,122,345,50,177,15,27,0.89,59
24,2018-02-25,良,100,311,68,112,17,39,0.9,61
25,2018-02-26,中度污染,181,353,136,186,20,61,1.32,59
26,2018-02-27,严重污染,273,366,222,248,19,67,1.8,33
27,2018-02-28,重度污染,245,360,196,184,12,47,1.8,49
0,2018-01-01,重度污染,250,352,201,278,33,87,2.09,29
1,2018-01-02,中度污染,171,319,130,209,34,71,2.07,20
2,2018-01-03,良,63,197,42,71,16,35,1.04,35
3,2018-01-04,良,62,232,34,67,11,25,0.78,42
4,2018-01-05,良,96,281,71,76,12,49,0.93,37
5,2018-01-06,中度污染,157,330,119,103,11,59,1.13,33
6,2018-01-07,中度污染,176,355,133,104,17,48,1.31,34
7,2018-01-08,良,60,160,28,63,19,20,0.69,68
8,2018-01-09,良,52,126,20,54,19,26,0.63,65
9,2018-01-10,良,51,134,18,53,16,29,0.59,61
10,2018-01-11,良,55,141,29,59,15,43,0.75,37
11,2018-01-12,轻度污染,107,311,78,125,24,71,1.06,19
12,2018-01-13,中度污染,168,333,127,159,20,78,1.3,21
13,2018-01-14,重度污染,206,347,159,194,25,82,1.5,29
14,2018-01-15,严重污染,306,357,255,274,23,92,2.19,17
15,2018-01-16,严重污染,334,361,285,285,41,88,2.62,29
16,2018-01-17,严重污染,356,364,311,368,37,98,2.94,20
17,2018-01-18,严重污染,403,366,355,407,27,93,2.98,22
18,2018-01-19,中度污染,163,254,127,199,28,75,1.59,32
19,2018-01-20,轻度污染,148,242,112,176,38,95,1.78,17
20,2018-01-21,严重污染,267,344,220,237,21,74,2.19,12
21,2018-01-22,中度污染,196,337,151,186,13,48,1.78,17
22,2018-01-23,良,90,230,66,78,12,29,1.09,47
23,2018-01-24,轻度污染,108,331,81,99,15,43,1.23,33
24,2018-01-25,良,81,300,58,81,18,35,1.08,46
25,2018-01-26,良,82,292,60,82,23,48,1.16,38
26,2018-01-27,轻度污染,116,325,87,98,14,40,1.01,40
27,2018-01-28,重度污染,213,362,168,171,14,53,1.67,16
28,2018-01-29,良,65,161,27,76,25,39,0.84,43
29,2018-01-30,良,64,111,38,75,29,49,0.8,37
30,2018-01-31,良,71,133,31,90,29,37,0.85,46
0,2017-12-01,中度污染,158,350,120,178,22,81,1.45,15
1,2017-12-02,重度污染,217,355,167,213,19,78,1.44,25
2,2017-12-03,严重污染,278,362,227,268,29,85,2.23,27
3,2017-12-04,中度污染,189,346,149,185,22,70,2.01,27
4,2017-12-05,良,71,190,34,85,16,53,0.82,30
5,2017-12-06,良,73,107,44,92,24,67,0.98,23
6,2017-12-07,轻度污染,103,210,77,109,36,63,1.32,28
7,2017-12-08,良,68,169,34,82,18,55,0.92,25
8,2017-12-09,良,78,155,33,103,20,45,0.76,44
9,2017-12-10,良,69,109,23,85,18,28,0.69,59
10,2017-12-11,良,71,143,40,85,26,46,1.03,38
11,2017-12-12,良,67,164,41,79,18,44,1.08,24
12,2017-12-13,轻度污染,101,274,75,112,28,57,1.39,16
13,2017-12-14,轻度污染,148,335,111,105,16,50,1.45,12
14,2017-12-15,重度污染,242,364,191,213,17,56,1.93,8
15,2017-12-16,良,93,279,60,89,14,34,0.94,44
16,2017-12-17,优,44,44,18,44,21,35,0.69,45
17,2017-12-18,良,61,97,35,70,29,38,0.87,48
18,2017-12-19,良,59,133,33,67,29,43,0.89,37
19,2017-12-20,良,62,107,34,71,25,49,0.83,44
20,2017-12-21,良,86,189,61,102,20,80,1.02,21
21,2017-12-22,轻度污染,142,301,108,145,27,92,1.57,14
22,2017-12-23,重度污染,216,341,169,213,45,89,2.24,20
23,2017-12-24,良,75,106,28,97,16,29,0.71,65
24,2017-12-25,良,99,265,69,139,21,75,1.17,18
25,2017-12-26,轻度污染,132,302,99,159,32,65,1.44,35
26,2017-12-27,重度污染,212,344,164,210,31,100,1.95,14
27,2017-12-28,严重污染,271,350,220,261,24,81,2.15,21
28,2017-12-29,严重污染,337,345,286,327,20,99,2.5,9
29,2017-12-30,中度污染,173,268,112,194,23,53,1.4,36
30,2017-12-31,良,88,117,53,122,18,62,0.92,30
0,2017-11-01,良,94,219,63,123,19,63,1.49,12
1,2017-11-02,良,98,214,57,140,18,55,1.22,30
2,2017-11-03,轻度污染,110,267,77,123,15,52,1.07,46
3,2017-11-04,良,71,174,42,91,18,55,0.78,47
4,2017-11-05,良,80,212,55,105,20,58,0.9,45
5,2017-11-06,轻度污染,126,298,93,176,27,87,1.2,32
6,2017-11-07,轻度污染,133,276,98,183,30,81,1.36,45
7,2017-11-08,中度污染,174,344,128,213,25,89,1.47,52
8,2017-11-09,重度污染,211,364,161,241,23,92,1.41,40
9,2017-11-10,良,82,254,34,104,14,33,0.69,51
10,2017-11-11,良,66,226,29,80,13,51,0.62,29
11,2017-11-12,良,97,332,65,142,32,68,0.94,12
12,2017-11-13,良,83,263,51,111,21,59,0.93,33
13,2017-11-14,良,92,294,57,132,18,71,0.99,22
14,2017-11-15,轻度污染,101,301,70,146,22,71,1.19,21
15,2017-11-16,中度污染,153,343,115,176,25,81,1.26,13
16,2017-11-17,中度污染,158,348,107,200,25,67,1.37,20
17,2017-11-18,良,61,262,26,70,10,38,0.56,37
18,2017-11-19,良,94,326,66,127,25,64,0.96,10
19,2017-11-20,良,100,309,74,101,20,57,1.16,16
20,2017-11-21,轻度污染,111,306,78,139,26,62,1.13,28
21,2017-11-22,良,79,253,25,105,17,35,0.49,55
22,2017-11-23,良,67,218,28,81,17,50,0.54,38
23,2017-11-24,良,84,297,40,116,16,59,0.64,26
24,2017-11-25,良,95,293,60,135,21,62,0.77,31
25,2017-11-26,轻度污染,124,338,90,148,26,67,1.04,28
26,2017-11-27,中度污染,152,342,112,182,18,83,1.11,11
27,2017-11-28,中度污染,184,350,141,195,33,69,1.28,39
28,2017-11-29,良,84,227,44,104,14,45,0.87,26
29,2017-11-30,良,79,290,53,97,18,53,1.2,21
0,2017-10-01,良,74,306,52,87,13,44,1.46,22
1,2017-10-02,良,71,313,42,89,14,32,1.13,63
2,2017-10-03,优,31,81,16,31,10,24,0.88,38
3,2017-10-05,优,36,118,20,35,9,32,0.75,34
4,2017-10-06,良,60,266,34,67,16,42,0.88,28
5,2017-10-07,良,64,228,34,75,14,44,0.93,15
6,2017-10-08,优,36,61,21,35,9,35,1.15,11
7,2017-10-09,优,32,79,15,31,9,29,1.34,26
8,2017-10-10,优,26,58,13,25,10,33,0.93,11
9,2017-10-11,优,41,220,26,39,10,39,0.99,19
10,2017-10-12,优,42,203,22,44,13,42,0.9,31
11,2017-10-13,良,64,276,37,76,15,59,1.07,17
12,2017-10-14,良,77,297,50,100,14,68,0.99,16
13,2017-10-15,轻度污染,119,341,89,170,16,68,1.54,7
14,2017-10-16,轻度污染,111,332,82,142,15,60,1.71,7
15,2017-10-17,良,88,313,64,109,12,52,1.52,26
16,2017-10-18,良,52,218,32,56,9,42,0.72,46
17,2017-10-19,良,75,263,51,95,17,56,1.13,37
18,2017-10-20,良,88,272,62,119,19,61,1.28,55
19,2017-10-21,良,94,290,64,134,21,76,1.46,31
20,2017-10-22,轻度污染,117,329,87,153,14,53,1.7,40
21,2017-10-23,良,66,195,39,80,10,41,0.98,47
22,2017-10-24,良,83,243,58,109,13,63,1.18,43
23,2017-10-25,良,98,266,70,141,15,75,1.14,33
24,2017-10-26,轻度污染,124,316,90,177,20,73,1.55,35
25,2017-10-27,轻度污染,111,283,74,167,21,83,1.48,36
26,2017-10-28,轻度污染,122,306,86,177,27,74,1.42,51
27,2017-10-29,良,64,152,23,76,10,35,0.67,43
28,2017-10-30,良,84,304,45,116,24,68,0.87,21
29,2017-10-31,轻度污染,125,342,87,179,30,84,1.25,9
0,2017-09-01,优,47,134,16,45,7,33,0.69,55
1,2017-09-02,优,46,115,17,38,7,34,0.66,69
2,2017-09-03,良,70,294,38,88,12,58,0.98,37
3,2017-09-04,良,53,221,32,55,7,34,0.87,45
4,2017-09-05,良,72,314,46,82,11,39,1.3,32
5,2017-09-06,良,63,293,36,69,13,34,1.14,75
6,2017-09-07,良,76,308,33,94,16,53,0.87,72
7,2017-09-08,良,87,329,42,122,20,84,1.01,23
8,2017-09-09,优,35,51,18,33,9,47,0.67,51
9,2017-09-10,良,51,200,31,53,11,38,0.87,52
10,2017-09-11,良,91,352,55,121,13,59,1.25,73
11,2017-09-12,良,97,349,57,128,18,58,1.15,85
12,2017-09-13,良,84,304,47,110,13,57,1.04,82
13,2017-09-14,良,71,251,34,83,11,48,0.83,79
14,2017-09-15,良,85,317,42,110,12,62,0.91,86
15,2017-09-16,轻度污染,109,351,72,165,13,83,1.31,72
16,2017-09-17,轻度污染,107,340,65,141,22,71,1.39,82
17,2017-09-18,轻度污染,113,337,74,158,24,71,1.34,86
18,2017-09-19,轻度污染,103,321,67,145,26,74,1.62,64
19,2017-09-20,轻度污染,108,352,51,125,22,60,1.21,110
20,2017-09-21,良,90,314,55,115,16,43,0.98,91
21,2017-09-22,良,82,300,43,111,16,57,1.05,78
22,2017-09-23,轻度污染,116,352,64,173,17,75,1.18,71
23,2017-09-24,良,57,205,28,62,13,39,0.84,62
24,2017-09-25,良,53,210,31,56,9,38,0.99,43
25,2017-09-26,良,52,206,32,56,8,37,1.21,50
26,2017-09-27,良,64,305,32,76,14,46,1.23,26
27,2017-09-28,良,75,322,46,98,16,41,1.03,68
28,2017-09-29,轻度污染,101,348,63,149,19,55,1.25,61
29,2017-09-30,良,61,225,33,72,12,46,0.9,33
0,2017-08-01,良,87,329,60,96,6,23,1.14,99
1,2017-08-02,优,49,219,30,49,5,25,0.99,54
2,2017-08-03,良,96,350,55,103,6,40,1.2,111
3,2017-08-04,轻度污染,123,359,77,137,5,51,1.29,112
4,2017-08-05,轻度污染,122,361,54,120,5,62,1.1,113
5,2017-08-06,轻度污染,112,354,57,113,5,37,1.05,133
6,2017-08-07,良,83,304,57,93,6,35,1.4,100
7,2017-08-08,良,68,295,26,54,10,25,0.81,118
8,2017-08-09,良,87,346,35,87,8,45,0.9,97
9,2017-08-10,轻度污染,114,362,42,107,10,50,0.94,130
10,2017-08-11,良,94,320,49,108,6,40,0.96,107
11,2017-08-12,良,64,276,26,67,5,34,0.84,81
12,2017-08-13,良,62,294,25,46,5,21,0.88,109
13,2017-08-14,良,76,340,42,74,8,28,1.19,110
14,2017-08-15,良,97,352,55,111,7,52,1.09,103
15,2017-08-16,良,97,350,53,102,8,37,1.12,113
16,2017-08-17,良,75,316,40,89,6,35,0.98,97
17,2017-08-18,良,70,303,44,80,5,32,1.02,71
18,2017-08-19,良,72,329,50,70,5,23,1.16,73
19,2017-08-20,良,70,314,38,66,6,24,1.2,101
20,2017-08-21,良,87,343,42,84,6,44,1.05,99
21,2017-08-22,良,71,285,35,72,5,38,0.91,90
22,2017-08-23,良,72,320,27,66,10,38,0.97,119
23,2017-08-24,良,89,355,36,83,17,41,1.13,110
24,2017-08-25,良,70,328,39,87,9,52,1.11,57
25,2017-08-26,良,61,293,34,71,16,41,1.31,59
26,2017-08-27,良,79,348,45,102,11,43,1.37,73
27,2017-08-28,良,61,312,37,66,11,32,1.52,62
28,2017-08-29,优,37,140,18,32,8,26,1.06,66
29,2017-08-30,优,39,184,13,26,7,33,0.96,46
30,2017-08-31,良,53,253,30,55,9,37,1.06,39
0,2017-07-01,轻度污染,102,320,43,93,8,38,0.83,129
1,2017-07-02,轻度污染,116,338,53,110,7,39,0.81,147
2,2017-07-03,轻度污染,122,344,47,119,8,48,0.85,132
3,2017-07-04,轻度污染,112,350,43,109,6,37,0.89,141
4,2017-07-05,良,79,296,36,77,6,30,0.96,123
5,2017-07-06,优,50,181,26,53,5,38,0.86,54
6,2017-07-07,良,88,343,30,73,9,32,0.85,108
7,2017-07-08,良,98,336,32,92,7,41,0.84,116
8,2017-07-09,良,66,288,38,74,5,30,0.78,73
9,2017-07-10,良,99,340,31,84,5,29,0.79,136
10,2017-07-11,良,91,292,27,102,10,41,0.68,109
11,2017-07-12,良,70,229,37,74,6,25,0.77,97
12,2017-07-13,良,83,297,32,74,6,28,0.77,109
13,2017-07-14,良,71,282,33,73,6,31,0.75,88
14,2017-07-15,良,63,264,28,54,6,21,0.75,106
15,2017-07-16,良,85,345,36,63,6,24,1.05,132
16,2017-07-17,良,69,293,37,69,6,31,0.94,97
17,2017-07-18,良,61,222,25,62,6,40,0.82,74
18,2017-07-19,良,69,287,32,71,6,32,0.78,87
19,2017-07-20,良,74,304,32,68,5,25,0.69,103
20,2017-07-21,良,82,341,33,71,5,27,0.64,107
21,2017-07-22,良,68,274,39,69,5,26,0.94,85
22,2017-07-23,轻度污染,104,334,58,117,4,25,1.01,99
23,2017-07-24,轻度污染,117,351,82,150,4,27,1.52,98
24,2017-07-25,轻度污染,103,336,69,109,6,21,1.52,135
25,2017-07-26,良,88,319,60,102,5,25,1.16,124
26,2017-07-27,良,64,214,39,59,6,25,1.3,84
27,2017-07-28,良,60,211,27,48,9,27,1.42,93
28,2017-07-29,优,49,127,22,40,8,23,1.03,91
29,2017-07-30,良,52,128,32,57,6,35,1.25,83
30,2017-07-31,良,81,291,46,81,7,27,1.09,115
0,2017-06-01,中度污染,154,364,78,194,22,62,1.44,157
1,2017-06-02,中度污染,153,356,69,174,19,48,1.14,175
2,2017-06-03,良,93,314,31,134,17,28,0.91,89
3,2017-06-04,良,71,267,31,89,16,46,0.99,89
4,2017-06-05,优,43,92,17,30,6,23,0.69,84
5,2017-06-06,良,60,287,29,55,8,26,0.87,102
6,2017-06-07,良,95,353,47,100,13,43,1.15,95
7,2017-06-08,良,69,223,34,88,12,59,1.09,47
8,2017-06-09,良,82,275,45,103,15,57,1.13,81
9,2017-06-10,良,69,281,27,60,9,44,0.85,98
10,2017-06-11,轻度污染,111,352,52,145,16,72,1.17,95
11,2017-06-12,轻度污染,107,346,63,126,9,54,1.17,106
12,2017-06-13,良,94,328,48,92,9,26,0.95,150
13,2017-06-14,轻度污染,119,341,65,126,11,37,1.14,155
14,2017-06-15,轻度污染,119,314,50,128,15,46,0.86,154
15,2017-06-16,轻度污染,124,320,56,127,14,53,0.9,144
16,2017-06-17,轻度污染,127,328,53,125,15,60,0.84,151
17,2017-06-18,轻度污染,132,352,55,122,16,47,0.91,177
18,2017-06-19,轻度污染,123,351,60,137,18,57,0.91,139
19,2017-06-20,轻度污染,148,366,79,156,23,50,1.16,176
20,2017-06-21,良,92,320,57,124,9,45,0.92,94
21,2017-06-22,良,66,275,39,74,8,36,0.79,98
22,2017-06-23,良,86,336,62,112,6,33,1.06,87
23,2017-06-24,良,90,348,49,87,8,27,1.35,126
24,2017-06-25,轻度污染,102,352,39,82,11,38,1.1,141
25,2017-06-26,轻度污染,113,350,46,106,13,61,0.94,122
26,2017-06-27,轻度污染,123,345,50,118,10,50,0.99,150
27,2017-06-28,轻度污染,110,322,41,93,9,37,0.8,151
28,2017-06-29,良,91,293,35,82,9,34,0.8,131
29,2017-06-30,良,94,311,39,84,8,32,0.85,126
0,2017-05-01,中度污染,152,360,76,251,30,33,1.13,128
1,2017-05-02,轻度污染,125,339,71,181,24,34,1.0,130
2,2017-05-03,良,51,113,28,53,10,31,0.74,60
3,2017-05-04,中度污染,154,296,62,232,20,32,1.07,81
4,2017-05-05,严重污染,322,343,154,491,23,40,0.88,79
5,2017-05-06,重度污染,226,321,151,329,29,38,0.74,91
6,2017-05-07,重度污染,225,355,155,328,33,58,0.89,78
7,2017-05-08,良,80,233,45,101,14,34,0.67,94
8,2017-05-09,良,94,327,48,135,25,49,0.86,101
9,2017-05-10,轻度污染,102,334,62,152,28,63,0.88,80
10,2017-05-11,轻度污染,105,313,58,159,28,55,0.79,73
11,2017-05-12,轻度污染,122,315,65,189,30,43,1.04,124
12,2017-05-13,轻度污染,119,350,66,181,21,33,0.88,123
13,2017-05-14,轻度污染,107,349,66,162,21,40,0.94,106
14,2017-05-15,良,77,301,45,101,14,49,0.94,77
15,2017-05-16,良,84,335,34,99,19,41,0.84,104
16,2017-05-17,轻度污染,108,349,48,137,25,58,0.88,109
17,2017-05-18,轻度污染,117,318,66,159,29,64,0.94,97
18,2017-05-19,轻度污染,115,318,57,121,18,41,0.93,139
19,2017-05-20,良,92,281,44,99,15,48,0.87,108
20,2017-05-20,良,92,281,44,99,15,48,0.87,108
21,2017-05-21,轻度污染,109,323,57,114,15,49,1.05,133
22,2017-05-22,轻度污染,113,339,66,118,16,31,1.04,169
23,2017-05-23,良,68,322,23,48,12,22,0.79,129
24,2017-05-24,良,91,355,39,93,24,58,0.87,91
25,2017-05-25,良,91,337,31,92,22,44,0.72,123
26,2017-05-26,轻度污染,121,356,48,134,19,57,0.84,137
27,2017-05-27,轻度污染,117,335,45,130,20,62,0.77,121
28,2017-05-28,轻度污染,119,325,48,125,20,42,0.69,158
29,2017-05-29,轻度污染,113,311,44,109,15,34,0.68,157
30,2017-05-30,轻度污染,130,354,60,168,19,32,1.04,163
31,2017-05-31,轻度污染,126,346,67,137,14,41,1.23,168
0,2017-04-01,轻度污染,125,343,84,168,32,69,1.14,44
1,2017-04-02,轻度污染,101,309,53,150,42,70,0.93,63
2,2017-04-03,良,95,283,62,136,29,59,0.98,80
3,2017-04-04,良,81,197,58,73,14,48,0.98,54
4,2017-04-05,良,86,239,63,89,11,37,1.16,61
5,2017-04-06,轻度污染,114,295,84,157,19,54,1.3,66
6,2017-04-07,轻度污染,103,283,72,147,15,70,1.31,62
7,2017-04-08,良,79,252,55,101,12,52,1.24,41
8,2017-04-09,良,52,180,14,55,17,37,0.84,65
9,2017-04-10,良,66,260,41,71,20,63,1.04,29
10,2017-04-11,良,83,323,50,111,23,51,1.24,63
11,2017-04-12,轻度污染,149,362,81,231,30,77,1.48,69
12,2017-04-13,良,90,304,40,129,25,58,0.95,70
13,2017-04-14,轻度污染,116,355,66,181,25,74,1.09,62
14,2017-04-15,轻度污染,122,350,75,192,22,74,1.19,70
15,2017-04-16,良,65,124,36,78,18,46,0.98,51
16,2017-04-17,轻度污染,117,308,42,183,22,35,0.65,83
17,2017-04-18,轻度污染,139,340,50,212,18,42,0.6,78
18,2017-04-19,轻度污染,145,357,65,233,24,47,0.84,67
19,2017-04-20,良,99,333,43,146,28,38,0.56,75
20,2017-04-21,良,86,320,34,118,17,32,0.55,85
21,2017-04-22,良,94,352,48,134,30,56,0.79,79
22,2017-04-23,轻度污染,101,355,53,150,29,58,0.79,89
23,2017-04-23,轻度污染,101,355,53,150,29,58,0.79,89
24,2017-04-24,轻度污染,106,356,70,151,25,44,0.96,106
25,2017-04-25,轻度污染,136,365,57,199,21,39,1.02,72
26,2017-04-26,良,70,280,35,86,21,44,0.97,66
27,2017-04-27,轻度污染,118,365,75,157,39,67,1.12,78
28,2017-04-28,良,94,347,46,125,34,54,0.91,105
29,2017-04-29,良,90,273,47,121,34,46,0.81,122
30,2017-04-30,轻度污染,116,336,67,165,31,64,0.95,107
0,2017-03-01,良,79,187,28,106,23,29,0.89,66
1,2017-03-02,良,78,272,32,103,30,59,1.04,43
2,2017-03-03,良,97,313,61,141,39,74,1.17,42
3,2017-03-04,中度污染,171,355,129,206,31,89,1.63,31
4,2017-03-05,重度污染,202,361,154,245,30,68,1.8,53
5,2017-03-06,良,95,318,48,136,29,63,1.11,43
6,2017-03-07,良,68,233,32,85,22,37,0.96,57
7,2017-03-08,良,83,291,50,114,34,59,1.04,46
8,2017-03-09,良,86,254,50,118,36,68,1.13,42
9,2017-03-10,轻度污染,145,352,109,184,35,90,1.33,50
10,2017-03-11,中度污染,188,360,143,231,36,100,1.63,53
11,2017-03-12,中度污染,158,348,83,212,26,56,1.26,49
12,2017-03-13,良,65,273,28,77,21,40,1.06,60
13,2017-03-14,良,90,323,53,126,30,67,1.18,48
14,2017-03-15,良,91,316,65,120,26,68,1.1,63
15,2017-03-16,良,99,309,73,93,23,47,0.98,67
16,2017-03-17,轻度污染,117,309,87,126,25,63,1.09,77
17,2017-03-18,轻度污染,135,318,101,148,23,63,1.21,74
18,2017-03-19,轻度污染,106,287,79,123,17,68,1.03,58
19,2017-03-20,良,81,258,59,72,13,38,1.0,78
20,2017-03-21,轻度污染,145,355,108,169,20,67,1.42,56
21,2017-03-22,中度污染,168,355,128,159,17,59,1.31,52
22,2017-03-23,良,91,301,64,99,16,50,1.06,36
23,2017-03-24,轻度污染,136,348,72,184,23,44,0.99,45
24,2017-03-25,良,69,198,23,86,16,30,0.67,80
25,2017-03-26,良,55,98,22,59,21,39,0.62,74
26,2017-03-27,轻度污染,108,332,60,163,31,72,1.05,59
27,2017-03-28,轻度污染,106,320,78,114,24,38,0.94,81
28,2017-03-29,轻度污染,142,348,107,152,21,61,0.95,60
29,2017-03-30,重度污染,217,363,167,203,24,71,1.38,18
30,2017-03-31,轻度污染,138,352,104,144,16,56,1.24,43
0,2017-02-01,轻度污染,148,347,112,141,21,33,1.56,44
1,2017-02-02,轻度污染,149,326,112,152,28,44,1.66,49
2,2017-02-03,重度污染,208,338,158,193,32,42,1.67,57
3,2017-02-04,严重污染,252,344,201,254,27,66,2.0,23
4,2017-02-05,严重污染,378,363,329,413,34,68,3.23,23
5,2017-02-06,重度污染,225,358,179,241,31,56,2.36,24
6,2017-02-07,良,71,225,49,84,28,38,1.3,34
7,2017-02-08,轻度污染,132,348,100,109,26,50,1.54,22
8,2017-02-09,轻度污染,113,327,80,105,38,46,1.48,32
9,2017-02-10,良,57,121,33,64,39,46,1.12,40
10,2017-02-11,良,72,162,48,93,46,60,1.18,33
11,2017-02-12,轻度污染,132,294,99,165,51,76,1.4,32
12,2017-02-13,中度污染,199,350,151,198,43,78,1.59,41
13,2017-02-14,重度污染,216,334,174,224,46,72,1.82,50
14,2017-02-15,轻度污染,139,264,104,167,33,68,1.37,54
15,2017-02-16,重度污染,248,361,175,277,47,60,1.84,62
16,2017-02-17,良,78,182,38,104,21,37,1.1,46
17,2017-02-18,轻度污染,150,326,109,195,39,70,1.56,33
18,2017-02-19,重度污染,221,354,168,249,30,62,1.83,60
19,2017-02-20,轻度污染,117,287,37,174,16,24,1.06,63
20,2017-02-21,良,86,315,53,92,22,44,1.44,31
21,2017-02-22,轻度污染,107,315,77,110,31,56,1.6,29
22,2017-02-23,轻度污染,134,334,100,143,28,59,1.58,43
23,2017-02-24,轻度污染,108,321,74,130,47,67,1.45,38
24,2017-02-25,良,90,256,62,115,49,68,1.41,40
25,2017-02-26,轻度污染,106,292,79,130,51,73,1.59,34
26,2017-02-27,轻度污染,112,298,84,150,52,69,1.45,51
27,2017-02-28,轻度污染,125,311,91,149,42,72,1.35,46
0,2017-01-01,严重污染,363,357,316,416,32,98,3.26,5
1,2017-01-02,严重污染,342,357,291,370,25,96,4.15,8
2,2017-01-03,严重污染,283,343,232,310,32,107,4.28,12
3,2017-01-04,中度污染,183,242,143,188,16,63,3.1,11
4,2017-01-05,重度污染,222,326,176,210,27,89,4.87,13
5,2017-01-06,中度污染,179,314,135,158,24,72,3.67,6
6,2017-01-07,轻度污染,123,286,95,113,26,64,2.89,9
7,2017-01-08,重度污染,205,327,162,211,45,77,2.44,18
8,2017-01-09,重度污染,215,357,167,243,24,71,2.98,6
9,2017-01-10,严重污染,266,361,215,312,33,75,3.21,12
10,2017-01-11,中度污染,160,319,118,217,37,67,2.13,21
11,2017-01-12,良,75,211,40,98,43,51,1.09,37
12,2017-01-13,良,97,261,61,121,42,57,1.24,36
13,2017-01-14,良,88,251,62,109,27,64,1.33,24
14,2017-01-15,良,92,264,66,119,34,65,1.36,21
15,2017-01-16,轻度污染,141,303,108,161,32,70,1.49,17
16,2017-01-17,严重污染,373,365,321,413,31,92,2.82,6
17,2017-01-18,严重污染,341,358,290,358,40,84,2.83,13
18,2017-01-19,中度污染,193,331,132,235,26,47,1.61,39
19,2017-01-20,良,68,181,26,83,25,40,1.03,40
20,2017-01-21,良,88,243,54,121,39,48,1.34,36
21,2017-01-22,轻度污染,141,324,106,176,43,69,1.74,22
22,2017-01-23,重度污染,228,353,179,259,31,76,2.08,21
23,2017-01-24,严重污染,265,355,214,271,55,73,2.75,20
24,2017-01-25,严重污染,295,343,244,303,52,71,2.5,37
25,2017-01-26,严重污染,332,349,216,378,45,50,2.16,49
26,2017-01-27,重度污染,225,347,182,243,37,34,2.08,58
27,2017-01-28,中度污染,190,259,146,213,21,27,1.48,39
28,2017-01-29,严重污染,264,358,214,275,35,34,2.11,31
29,2017-01-30,良,67,209,36,82,20,15,1.19,55
30,2017-01-31,良,90,282,66,94,25,23,1.29,50
0,2016-12-01,中度污染,169,336,126,198,53,74,1.6,30
1,2016-12-02,重度污染,244,357,193,296,37,93,2.03,29
2,2016-12-03,中度污染,174,315,134,213,37,71,1.47,38
3,2016-12-04,轻度污染,102,173,67,143,38,64,1.21,38
4,2016-12-05,严重污染,266,360,225,280,38,85,2.68,20
5,2016-12-06,轻度污染,135,319,99,181,33,65,1.43,32
6,2016-12-07,轻度污染,113,205,78,149,47,74,1.17,29
7,2016-12-08,中度污染,166,289,126,208,58,84,1.67,22
8,2016-12-09,轻度污染,111,213,79,126,37,57,1.31,29
9,2016-12-10,轻度污染,119,260,89,139,39,72,1.55,15
10,2016-12-11,中度污染,187,332,141,173,28,68,1.73,4
11,2016-12-12,中度污染,199,341,151,175,23,56,1.82,8
12,2016-12-13,中度污染,186,346,147,161,30,57,2.01,16
13,2016-12-14,良,72,223,46,81,23,50,1.09,23
14,2016-12-15,中度污染,169,331,130,182,49,67,1.84,18
15,2016-12-16,中度污染,180,327,137,207,42,72,1.98,38
16,2016-12-17,中度污染,187,330,143,195,36,80,1.83,30
17,2016-12-18,严重污染,396,362,366,419,46,106,3.59,12
18,2016-12-19,严重污染,499,363,604,677,52,125,5.05,14
19,2016-12-20,严重污染,426,351,398,459,43,78,3.21,39
20,2016-12-21,严重污染,260,341,212,238,29,74,3.1,20
21,2016-12-22,良,79,190,35,106,29,46,1.09,29
22,2016-12-23,中度污染,159,330,117,149,34,69,1.72,19
23,2016-12-24,中度污染,177,350,136,168,22,62,1.9,15
24,2016-12-25,轻度污染,125,317,94,109,17,50,1.44,6
25,2016-12-26,轻度污染,129,344,97,94,23,52,2.12,9
26,2016-12-27,轻度污染,109,319,76,109,26,54,1.7,24
27,2016-12-28,重度污染,203,349,154,196,25,60,1.82,23
28,2016-12-29,重度污染,250,358,199,276,50,78,2.73,11
29,2016-12-30,严重污染,259,357,208,267,35,69,1.97,27
30,2016-12-31,严重污染,268,340,218,298,43,88,2.35,18
0,2016-11-01,良,86,311,61,104,18,46,1.04,11
1,2016-11-02,轻度污染,104,298,77,137,30,51,1.28,16
2,2016-11-03,轻度污染,101,274,74,144,23,61,1.56,13
3,2016-11-04,良,93,229,64,131,27,61,1.49,17
4,2016-11-05,轻度污染,122,257,87,166,36,76,1.73,20
5,2016-11-06,中度污染,156,324,119,153,19,40,1.42,44
6,2016-11-07,轻度污染,142,337,107,127,18,56,2.02,16
7,2016-11-08,良,98,330,72,104,20,52,1.27,35
8,2016-11-09,轻度污染,107,327,80,127,28,65,1.33,27
9,2016-11-10,轻度污染,135,332,49,218,24,61,1.03,34
10,2016-11-11,良,97,294,57,142,28,62,1.17,15
11,2016-11-12,中度污染,196,358,149,247,37,84,2.22,21
12,2016-11-13,重度污染,249,355,198,318,36,101,2.88,29
13,2016-11-14,严重污染,263,357,212,301,36,87,3.02,24
14,2016-11-15,轻度污染,137,322,103,205,33,91,1.71,18
15,2016-11-16,轻度污染,130,311,97,189,31,77,1.6,16
16,2016-11-17,中度污染,188,333,148,206,33,71,1.92,8
17,2016-11-18,重度污染,219,336,175,224,24,74,2.06,14
18,2016-11-19,重度污染,218,353,172,212,29,64,2.28,22
19,2016-11-20,严重污染,257,361,206,256,23,76,3.03,7
20,2016-11-21,良,62,227,43,53,14,40,1.66,14
21,2016-11-22,优,44,226,23,43,13,31,1.01,41
22,2016-11-23,良,94,343,70,86,37,53,1.44,21
23,2016-11-24,轻度污染,135,348,101,119,36,76,1.8,16
24,2016-11-25,中度污染,177,342,135,171,47,90,1.89,13
25,2016-11-26,轻度污染,122,265,68,170,41,62,1.33,28
26,2016-11-27,轻度污染,136,312,78,217,51,74,1.55,17
27,2016-11-28,中度污染,178,359,135,230,40,92,1.81,11
28,2016-11-29,中度污染,188,344,144,250,41,97,1.91,7
29,2016-11-30,轻度污染,144,321,92,195,32,67,1.43,27
0,2016-10-01,轻度污染,105,324,68,143,23,82,1.32,34
1,2016-10-02,轻度污染,138,344,98,138,29,48,1.45,91
2,2016-10-03,良,96,308,55,107,18,46,1.26,82
3,2016-10-04,良,59,189,25,65,16,32,0.97,76
4,2016-10-05,良,82,311,40,95,21,37,1.03,66
5,2016-10-06,良,80,291,48,99,16,58,1.12,33
6,2016-10-07,良,78,310,47,90,14,51,1.06,11
7,2016-10-08,良,66,264,34,78,23,63,1.14,24
8,2016-10-09,良,88,355,54,124,24,82,1.13,10
9,2016-10-10,轻度污染,102,349,67,151,41,73,1.23,26
10,2016-10-11,良,67,254,30,83,29,71,0.88,23
11,2016-10-12,良,93,300,43,133,27,85,1.16,12
12,2016-10-13,良,73,245,39,98,26,53,0.99,46
13,2016-10-14,良,67,220,42,65,14,50,0.86,44
14,2016-10-15,优,43,78,27,41,9,43,0.89,26
15,2016-10-16,良,65,209,40,75,21,50,1.27,33
16,2016-10-17,轻度污染,107,337,77,132,29,64,1.53,45
17,2016-10-18,良,99,297,73,105,17,59,1.22,62
18,2016-10-19,轻度污染,107,293,79,144,25,70,1.34,55
19,2016-10-20,良,90,296,66,93,11,51,1.17,19
20,2016-10-21,优,35,100,23,32,9,43,1.29,13
21,2016-10-22,优,46,203,28,46,14,46,1.7,18
22,2016-10-23,优,40,165,27,32,13,40,1.21,28
23,2016-10-24,优,49,185,32,46,19,46,1.24,22
24,2016-10-25,良,62,234,41,69,19,64,1.7,18
25,2016-10-26,良,71,288,51,61,12,53,1.46,25
26,2016-10-27,良,56,256,38,52,16,54,1.66,13
27,2016-10-28,良,51,237,30,50,18,54,1.42,10
28,2016-10-29,良,70,332,35,88,24,54,1.15,14
29,2016-10-30,良,61,238,32,71,20,45,0.88,31
30,2016-10-31,良,61,282,26,70,18,38,0.85,36
0,2016-09-01,良,72,259,36,76,33,51,1.11,90
1,2016-09-02,良,74,269,29,81,34,67,1.07,68
2,2016-09-03,轻度污染,115,341,76,148,36,73,1.87,93
3,2016-09-04,中度污染,192,366,122,199,21,75,2.02,120
4,2016-09-05,轻度污染,138,355,89,158,24,64,1.68,127
5,2016-09-06,轻度污染,123,352,85,147,32,58,1.62,90
6,2016-09-07,良,74,307,40,70,22,40,1.28,89
7,2016-09-08,良,80,279,32,83,32,55,1.12,92
8,2016-09-09,轻度污染,105,325,59,121,26,62,1.26,100
9,2016-09-10,良,73,264,35,75,33,51,1.2,83
10,2016-09-11,良,91,331,45,96,26,52,1.16,98
11,2016-09-12,良,90,335,59,90,23,30,1.47,117
12,2016-09-13,良,77,287,53,63,10,40,1.33,88
13,2016-09-14,轻度污染,109,335,79,113,13,51,1.44,91
14,2016-09-15,轻度污染,124,347,89,140,14,53,1.51,85
15,2016-09-16,轻度污染,116,347,85,125,14,42,1.51,90
16,2016-09-17,轻度污染,142,363,104,165,22,52,1.74,104
17,2016-09-18,轻度污染,128,358,95,135,22,30,1.65,71
18,2016-09-19,良,54,209,25,57,20,33,1.45,64
19,2016-09-20,良,67,266,36,82,24,52,1.32,56
20,2016-09-21,良,92,324,46,123,22,67,1.25,82
21,2016-09-22,轻度污染,101,325,55,136,24,52,1.22,102
22,2016-09-23,良,99,308,50,130,22,48,1.17,122
23,2016-09-24,轻度污染,124,349,84,194,32,81,1.56,76
24,2016-09-25,良,96,286,70,123,16,64,1.38,53
25,2016-09-26,良,82,262,60,81,10,38,1.32,59
26,2016-09-27,良,97,334,69,93,15,33,1.57,50
27,2016-09-28,良,62,290,17,71,20,31,1.17,48
28,2016-09-29,良,63,282,34,73,23,48,1.09,65
29,2016-09-30,良,90,315,53,126,25,88,1.16,41
0,2016-08-01,优,49,164,20,37,6,24,0.85,79
1,2016-08-02,良,59,257,41,58,8,23,1.39,91
2,2016-08-03,良,74,320,42,60,7,19,1.18,103
3,2016-08-04,良,67,298,32,44,6,21,1.11,112
4,2016-08-05,良,51,213,29,43,6,24,1.11,80
5,2016-08-06,优,42,108,25,37,6,22,1.16,69
6,2016-08-07,良,59,285,38,58,8,26,1.2,69
7,2016-08-08,良,57,279,30,51,11,23,1.32,101
8,2016-08-09,良,53,216,36,50,7,23,1.33,68
9,2016-08-10,良,61,267,38,64,6,28,1.04,63
10,2016-08-11,良,56,237,31,58,6,34,0.87,59
11,2016-08-12,良,65,281,30,56,6,28,0.93,95
12,2016-08-13,良,60,265,33,56,6,27,0.95,92
13,2016-08-14,良,87,353,62,85,6,20,1.13,87
14,2016-08-15,良,59,291,37,61,10,22,1.14,80
15,2016-08-16,良,56,220,37,56,10,23,1.31,71
16,2016-08-17,良,68,266,47,74,8,27,1.43,94
17,2016-08-18,良,83,321,53,90,7,25,1.2,105
18,2016-08-19,良,73,305,51,80,9,36,1.75,71
19,2016-08-20,良,59,241,25,45,12,22,1.43,100
20,2016-08-21,良,79,324,33,55,12,23,1.31,129
21,2016-08-22,良,82,325,46,72,14,26,1.35,120
22,2016-08-23,轻度污染,112,362,84,102,9,32,1.46,85
23,2016-08-24,良,85,300,56,87,7,36,1.29,82
24,2016-08-25,良,64,231,39,65,8,23,1.14,74
25,2016-08-26,优,44,173,14,37,14,25,1.05,80
26,2016-08-27,良,75,349,40,77,21,51,1.36,85
27,2016-08-28,良,84,341,46,91,20,58,1.33,68
28,2016-08-29,良,75,296,27,76,16,59,1.12,74
29,2016-08-30,良,91,340,43,98,21,63,1.24,86
30,2016-08-31,良,98,335,57,102,34,48,1.3,118
0,2016-07-01,良,68,308,44,77,10,31,1.32,70
1,2016-07-02,良,84,337,44,88,8,35,1.24,98
2,2016-07-03,良,65,260,28,62,8,29,1.02,92
3,2016-07-04,良,73,281,47,80,9,32,1.13,84
4,2016-07-05,良,81,293,47,94,11,34,1.19,104
5,2016-07-06,良,93,320,52,114,14,47,1.27,100
6,2016-07-07,良,55,222,31,54,8,26,1.01,57
7,2016-07-08,良,51,189,27,51,8,25,1.04,73
8,2016-07-09,良,67,286,47,72,8,26,1.2,43
9,2016-07-10,良,71,291,48,74,8,27,1.3,38
10,2016-07-11,良,71,292,38,79,9,40,1.12,70
11,2016-07-12,良,78,324,47,92,12,36,1.22,77
12,2016-07-13,良,67,301,36,62,11,22,1.22,108
13,2016-07-14,良,82,339,58,88,10,32,1.48,73
14,2016-07-15,优,43,157,20,32,8,21,1.24,85
15,2016-07-16,良,79,322,58,90,9,32,1.27,83
16,2016-07-17,轻度污染,102,332,75,126,8,33,1.41,59
17,2016-07-18,轻度污染,102,333,76,115,8,22,1.38,81
18,2016-07-19,良,55,229,34,52,8,23,1.2,58
19,2016-07-20,良,53,244,22,46,14,28,1.23,82
20,2016-07-21,良,66,308,31,58,10,30,1.08,90
21,2016-07-22,良,93,346,46,86,11,34,1.1,113
22,2016-07-23,良,69,268,38,69,8,24,1.03,92
23,2016-07-24,良,62,220,33,62,7,21,0.95,88
24,2016-07-25,良,56,169,29,55,9,26,0.92,80
25,2016-07-26,良,84,336,29,59,14,29,1.07,125
26,2016-07-27,良,61,196,37,63,12,33,1.06,86
27,2016-07-28,良,81,290,30,62,13,31,0.94,114
28,2016-07-29,轻度污染,112,348,41,79,10,33,1.04,146
29,2016-07-30,良,67,219,39,74,7,37,0.97,66
30,2016-07-31,良,51,156,21,46,7,28,0.92,73
0,2016-06-01,良,86,330,34,98,20,31,1.13,124
1,2016-06-02,轻度污染,101,351,72,113,24,57,1.61,86
2,2016-06-03,良,88,318,61,118,27,54,1.28,97
3,2016-06-04,轻度污染,108,352,51,140,19,49,1.21,108
4,2016-06-05,良,58,163,29,48,6,32,1.08,74
5,2016-06-06,良,75,253,46,73,8,33,1.25,85
6,2016-06-07,良,86,298,54,103,11,53,1.33,76
7,2016-06-08,轻度污染,101,323,59,94,9,42,1.43,112
8,2016-06-09,轻度污染,117,338,54,129,13,53,1.22,121
9,2016-06-10,轻度污染,103,351,56,117,15,35,1.11,123
10,2016-06-11,轻度污染,106,350,49,160,14,48,1.14,99
11,2016-06-12,良,99,352,43,118,22,47,1.26,119
12,2016-06-13,轻度污染,133,359,77,144,14,44,1.32,134
13,2016-06-14,良,76,294,33,92,11,28,0.88,110
14,2016-06-15,良,89,354,43,93,14,38,1.24,107
15,2016-06-16,良,94,333,32,106,37,56,1.11,105
16,2016-06-17,良,87,290,27,85,17,33,0.96,135
17,2016-06-18,轻度污染,111,349,46,105,21,48,1.25,139
18,2016-06-19,轻度污染,105,339,53,126,13,58,1.26,98
19,2016-06-20,良,85,315,38,88,12,36,1.16,116
20,2016-06-21,良,88,338,34,93,11,47,1.2,88
21,2016-06-22,轻度污染,129,364,63,118,16,45,1.42,143
22,2016-06-23,良,60,264,29,58,10,32,1.26,58
23,2016-06-24,良,66,322,22,52,18,33,1.26,93
24,2016-06-25,良,88,344,30,97,22,58,1.15,86
25,2016-06-26,轻度污染,120,356,55,154,35,71,1.27,96
26,2016-06-27,良,78,278,28,81,19,35,1.01,100
27,2016-06-28,良,81,306,30,80,16,34,1.1,87
28,2016-06-29,良,89,334,33,93,15,32,1.15,111
29,2016-06-30,良,67,273,40,81,12,32,1.24,71
0,2016-05-01,良,90,250,51,122,19,31,1.02,129
1,2016-05-02,中度污染,164,359,68,234,24,40,1.01,73
2,2016-05-03,良,92,344,49,116,30,46,0.86,88
3,2016-05-04,轻度污染,108,349,47,153,27,42,0.98,127
4,2016-05-05,轻度污染,104,317,66,138,21,42,1.23,117
5,2016-05-06,中度污染,161,336,73,267,22,41,1.28,111
6,2016-05-07,轻度污染,116,310,57,180,26,39,0.96,93
7,2016-05-08,良,68,248,42,79,24,42,1.12,74
8,2016-05-09,良,89,335,61,119,22,47,1.2,46
9,2016-05-10,良,93,314,56,110,20,44,1.27,109
10,2016-05-11,轻度污染,104,275,54,152,19,37,1.24,106
11,2016-05-12,轻度污染,113,308,43,172,20,31,1.05,100
12,2016-05-13,良,67,203,29,78,16,37,0.8,81
13,2016-05-14,良,57,156,33,61,14,43,1.11,52
14,2016-05-15,良,73,335,26,88,27,35,0.95,84
15,2016-05-16,良,94,357,34,116,38,53,0.91,93
16,2016-05-17,良,100,351,52,132,27,53,0.89,102
17,2016-05-18,良,91,275,54,111,22,41,1.0,111
18,2016-05-19,良,98,284,52,114,18,40,0.96,137
19,2016-05-20,良,87,283,55,118,22,42,1.02,97
20,2016-05-21,良,90,312,44,115,19,39,0.89,99
21,2016-05-22,良,72,272,23,63,13,30,0.61,120
22,2016-05-23,良,78,289,42,85,24,44,0.81,111
23,2016-05-24,良,76,255,22,69,27,31,0.75,128
24,2016-05-25,良,92,298,27,99,19,32,0.71,125
25,2016-05-26,良,68,243,27,84,37,40,0.76,74
26,2016-05-27,良,60,217,34,66,27,53,0.84,54
27,2016-05-28,良,82,298,42,81,25,35,1.0,102
28,2016-05-29,轻度污染,112,351,57,129,31,56,1.18,111
29,2016-05-30,轻度污染,121,348,66,141,23,48,1.18,129
30,2016-05-31,良,92,292,64,108,13,40,1.08,79
0,2016-04-01,轻度污染,106,267,67,157,37,54,1.14,78
1,2016-04-02,重度污染,224,359,60,327,23,45,1.24,54
2,2016-04-03,良,60,210,25,68,18,28,0.93,75
3,2016-04-04,良,93,329,45,134,35,59,1.13,50
4,2016-04-05,轻度污染,101,324,70,145,35,67,1.45,43
5,2016-04-06,轻度污染,120,333,89,125,20,59,1.66,23
6,2016-04-07,轻度污染,112,322,63,159,30,45,1.39,76
7,2016-04-08,中度污染,172,348,102,292,38,79,1.82,60
8,2016-04-09,中度污染,176,342,105,263,58,79,1.8,68
9,2016-04-10,中度污染,169,355,100,281,42,62,1.91,74
10,2016-04-11,轻度污染,129,341,64,204,27,51,1.51,71
11,2016-04-12,中度污染,172,356,106,268,35,66,1.61,71
12,2016-04-13,良,99,263,36,145,45,52,1.13,72
13,2016-04-14,轻度污染,147,352,87,241,45,67,1.49,73
14,2016-04-15,轻度污染,124,337,81,183,25,57,1.44,103
15,2016-04-16,良,58,197,30,67,14,35,1.19,62
16,2016-04-17,良,91,335,31,130,24,47,1.01,53
17,2016-04-18,轻度污染,113,359,52,174,27,53,0.99,68
18,2016-04-19,良,85,307,38,115,22,40,0.98,93
19,2016-04-20,轻度污染,149,354,104,206,33,66,1.61,61
20,2016-04-21,中度污染,161,347,87,247,49,71,1.69,81
21,2016-04-22,轻度污染,130,318,60,207,31,56,1.19,86
22,2016-04-23,轻度污染,101,309,66,133,23,55,1.27,67
23,2016-04-24,良,91,291,53,100,15,45,1.24,86
24,2016-04-25,良,99,302,71,140,21,58,1.31,74
25,2016-04-26,良,94,316,58,135,16,52,1.22,81
26,2016-04-27,良,98,329,52,137,17,62,1.09,93
27,2016-04-28,轻度污染,135,359,101,181,30,64,1.78,81
28,2016-04-29,轻度污染,142,347,98,212,35,61,1.51,98
29,2016-04-30,轻度污染,117,332,69,170,23,52,1.25,113
0,2016-03-01,轻度污染,146,355,109,217,53,96,1.85,43
1,2016-03-02,中度污染,151,322,100,238,76,85,1.65,59
2,2016-03-03,中度污染,151,303,83,242,48,88,1.71,54
3,2016-03-04,中度污染,181,304,110,247,52,85,1.74,47
4,2016-03-05,严重污染,260,348,125,388,39,57,1.71,62
5,2016-03-06,重度污染,241,348,149,373,44,83,2.11,37
6,2016-03-07,严重污染,299,361,162,418,50,84,2.77,43
7,2016-03-08,轻度污染,141,349,35,224,32,40,1.46,55
8,2016-03-09,良,61,278,23,71,24,37,1.16,56
9,2016-03-10,良,81,327,37,103,45,45,1.3,49
10,2016-03-11,良,72,227,35,93,46,46,1.2,59
11,2016-03-12,轻度污染,103,274,76,141,31,55,1.45,56
12,2016-03-13,轻度污染,143,342,93,215,45,69,1.93,52
13,2016-03-14,轻度污染,146,343,99,227,39,71,1.75,73
14,2016-03-15,轻度污染,140,320,102,185,38,63,1.64,76
15,2016-03-16,中度污染,181,333,139,245,37,78,1.96,65
16,2016-03-17,中度污染,153,290,114,220,46,72,1.84,75
17,2016-03-18,中度污染,177,315,130,268,51,94,2.24,70
18,2016-03-19,中度污染,181,326,137,251,31,76,2.11,84
19,2016-03-20,轻度污染,120,293,59,189,40,52,1.89,71
20,2016-03-21,轻度污染,102,277,60,153,36,63,1.72,85
21,2016-03-22,轻度污染,120,317,77,187,31,90,1.6,72
22,2016-03-23,轻度污染,121,352,35,167,31,38,1.08,77
23,2016-03-24,良,79,312,31,105,26,39,0.84,74
24,2016-03-25,良,75,274,44,99,23,42,0.9,80
25,2016-03-26,良,90,298,56,111,31,53,1.11,52
26,2016-03-27,良,88,265,42,121,50,58,1.08,52
27,2016-03-28,良,86,225,37,120,34,53,0.96,74
28,2016-03-29,轻度污染,133,355,43,214,34,60,1.02,45
29,2016-03-30,中度污染,172,364,80,269,48,71,1.31,52
30,2016-03-31,轻度污染,101,258,48,147,26,39,0.97,80
0,2016-02-01,轻度污染,130,325,94,138,69,57,2.29,26
1,2016-02-02,良,100,206,70,116,46,60,1.81,34
2,2016-02-03,轻度污染,127,275,96,139,56,74,1.81,36
3,2016-02-04,中度污染,189,350,142,199,73,92,2.38,30
4,2016-02-05,中度污染,156,334,100,171,56,52,1.99,44
5,2016-02-06,良,58,116,14,64,35,21,1.02,67
6,2016-02-07,良,59,65,28,67,43,24,1.14,70
7,2016-02-08,良,93,71,64,116,60,35,1.27,64
8,2016-02-09,中度污染,166,340,127,170,65,41,2.11,79
9,2016-02-10,重度污染,235,362,184,245,42,33,2.27,71
10,2016-02-11,重度污染,248,357,197,260,67,49,3.24,55
11,2016-02-12,重度污染,242,350,193,225,47,57,3.73,33
12,2016-02-13,优,41,102,19,41,25,25,1.45,38
13,2016-02-14,优,43,212,13,40,33,19,1.27,60
14,2016-02-15,优,39,113,13,36,32,18,1.12,67
15,2016-02-16,优,48,162,20,48,44,25,1.13,65
16,2016-02-17,良,52,104,26,54,51,37,1.13,58
17,2016-02-18,良,72,180,46,90,53,55,1.23,53
18,2016-02-19,轻度污染,144,313,53,231,34,39,0.99,61
19,2016-02-20,良,80,186,26,108,20,32,0.82,64
20,2016-02-21,轻度污染,123,327,87,169,29,49,1.35,41
21,2016-02-22,轻度污染,146,320,100,208,44,60,1.78,37
22,2016-02-23,中度污染,170,346,132,212,45,56,1.82,49
23,2016-02-24,轻度污染,109,308,78,152,43,62,1.42,44
24,2016-02-25,中度污染,171,344,122,252,68,87,1.93,36
25,2016-02-26,中度污染,156,343,100,233,56,78,1.87,45
26,2016-02-27,中度污染,154,337,101,240,63,72,1.9,53
27,2016-02-28,轻度污染,106,284,69,150,43,59,1.77,56
28,2016-02-29,良,94,268,49,136,29,60,1.48,54
0,2016-01-01,重度污染,207,329,159,286,72,100,2.34,11
1,2016-01-02,中度污染,192,285,146,243,74,99,2.28,19
2,2016-01-03,严重污染,442,363,557,670,85,156,5.45,11
3,2016-01-04,严重污染,311,349,313,433,36,84,3.96,13
4,2016-01-05,中度污染,159,320,121,174,45,71,2.65,13
5,2016-01-06,重度污染,224,355,178,280,66,84,2.83,13
6,2016-01-07,重度污染,202,351,155,235,43,82,2.31,13
7,2016-01-08,严重污染,315,364,265,373,51,89,2.95,12
8,2016-01-09,严重污染,444,366,395,545,32,97,3.58,8
9,2016-01-10,严重污染,476,366,464,591,39,91,4.57,9
10,2016-01-11,中度污染,169,337,135,193,36,55,2.55,26
11,2016-01-12,良,95,284,69,123,36,60,1.91,17
12,2016-01-13,轻度污染,126,294,76,168,57,56,1.76,22
13,2016-01-14,良,77,162,34,101,51,44,1.11,39
14,2016-01-15,轻度污染,105,209,71,135,62,69,1.41,30
15,2016-01-16,严重污染,263,354,214,318,94,105,3.29,7
16,2016-01-17,重度污染,248,357,201,269,39,66,2.83,18
17,2016-01-18,轻度污染,112,259,68,138,35,48,1.7,28
18,2016-01-19,轻度污染,120,248,81,123,55,62,1.98,28
19,2016-01-20,严重污染,262,363,213,286,48,86,2.97,15
20,2016-01-21,中度污染,153,333,115,184,43,68,2.05,29
21,2016-01-22,中度污染,182,355,143,176,42,66,2.61,16
22,2016-01-23,良,84,313,22,113,18,26,1.09,48
23,2016-01-24,良,76,324,14,100,25,19,0.94,58
24,2016-01-25,良,68,213,24,85,48,33,1.11,47
25,2016-01-26,良,65,134,33,78,50,46,1.2,47
26,2016-01-27,轻度污染,132,310,98,171,44,83,1.87,28
27,2016-01-28,重度污染,223,356,175,252,63,95,2.53,25
28,2016-01-29,重度污染,209,350,161,218,63,78,3.09,19
29,2016-01-30,良,82,224,59,90,27,43,1.67,24
30,2016-01-31,轻度污染,114,325,85,107,34,44,2.13,24
0,2015-12-01,严重污染,252,349,202,288,53,105,4.73,6
1,2015-12-02,轻度污染,117,312,41,180,37,43,1.13,38
2,2015-12-03,良,70,235,15,87,24,34,0.81,32
3,2015-12-04,良,75,279,29,98,41,44,1.16,27
4,2015-12-05,中度污染,151,333,106,233,74,74,2.41,6
5,2015-12-06,重度污染,201,352,155,282,38,87,2.49,13
6,2015-12-07,严重污染,336,363,288,394,39,96,2.94,7
7,2015-12-08,严重污染,310,355,259,388,37,105,2.68,23
8,2015-12-09,严重污染,323,354,270,384,36,87,2.46,21
9,2015-12-10,严重污染,430,363,371,521,28,101,4.32,8
10,2015-12-11,中度污染,178,322,139,205,32,61,2.49,32
11,2015-12-12,良,87,207,62,116,23,53,1.36,19
12,2015-12-13,中度污染,189,325,142,214,43,72,2.25,11
13,2015-12-14,良,76,185,38,86,36,35,1.26,36
14,2015-12-15,良,53,142,13,57,23,19,0.85,52
15,2015-12-16,优,39,72,11,39,21,22,0.87,42
16,2015-12-17,良,76,288,47,100,44,53,1.39,15
17,2015-12-18,轻度污染,135,335,97,206,77,80,1.89,14
18,2015-12-19,重度污染,226,348,178,245,70,86,2.4,16
19,2015-12-20,严重污染,251,336,200,317,70,107,2.2,15
20,2015-12-21,严重污染,301,335,244,363,58,109,2.48,19
21,2015-12-22,重度污染,232,304,186,248,32,90,1.93,16
22,2015-12-23,严重污染,310,327,260,373,24,92,2.66,7
23,2015-12-24,严重污染,314,331,280,395,58,83,2.77,18
24,2015-12-25,良,89,190,40,125,44,62,1.21,30
25,2015-12-26,轻度污染,139,279,96,182,56,74,1.71,24
26,2015-12-27,良,88,217,52,118,17,40,1.35,24
27,2015-12-28,中度污染,175,332,131,237,51,74,2.11,10
28,2015-12-29,重度污染,235,342,186,310,68,83,2.64,30
29,2015-12-30,中度污染,156,243,118,205,68,82,2.08,25
30,2015-12-31,中度污染,188,290,144,253,56,83,2.24,22
0,2015-11-01,良,71,232,38,88,38,54,1.0,29
1,2015-11-02,良,83,216,51,112,39,72,1.07,32
2,2015-11-03,轻度污染,111,249,82,139,35,72,1.33,45
3,2015-11-04,中度污染,160,338,121,202,39,96,1.67,29
4,2015-11-05,严重污染,266,364,216,284,22,81,1.91,18
5,2015-11-06,优,21,5,10,19,9,28,0.9,24
6,2015-11-07,优,42,127,26,41,16,41,1.25,22
7,2015-11-08,良,73,223,52,81,17,50,1.63,14
8,2015-11-09,轻度污染,131,313,99,168,23,66,1.97,4
9,2015-11-10,轻度污染,118,294,88,139,15,53,1.78,16
10,2015-11-11,中度污染,175,334,132,191,24,59,1.98,14
11,2015-11-12,中度污染,198,341,149,218,44,62,2.7,16
12,2015-11-13,中度污染,161,332,122,184,36,72,2.34,29
13,2015-11-14,中度污染,165,334,124,220,34,82,2.11,9
14,2015-11-15,轻度污染,116,285,85,140,22,56,2.3,4
15,2015-11-16,良,84,277,61,85,27,53,3.17,9
16,2015-11-17,良,86,312,63,90,14,41,1.82,15
17,2015-11-18,良,63,256,43,60,16,43,1.61,24
18,2015-11-19,良,94,322,67,131,24,56,1.44,6
19,2015-11-20,良,95,299,70,120,14,55,1.81,4
20,2015-11-21,良,60,185,42,56,12,45,2.43,3
21,2015-11-22,优,34,52,23,28,15,39,1.8,12
22,2015-11-23,优,49,189,33,45,17,33,1.54,24
23,2015-11-24,良,53,246,31,50,19,29,1.33,45
24,2015-11-25,良,95,331,70,88,39,48,1.85,19
25,2015-11-26,轻度污染,138,352,104,126,37,54,2.02,33
26,2015-11-27,中度污染,194,358,148,208,61,81,2.29,14
27,2015-11-28,重度污染,242,354,191,269,43,79,3.1,7
28,2015-11-29,中度污染,172,316,130,224,63,86,3.35,5
29,2015-11-30,严重污染,446,363,396,544,82,130,6.08,6
0,2015-10-01,轻度污染,124,345,25,196,18,26,0.63,60
1,2015-10-02,轻度污染,113,337,52,175,40,50,0.74,45
2,2015-10-03,轻度污染,117,318,74,182,56,75,1.21,37
3,2015-10-04,轻度污染,103,302,64,149,52,66,1.2,34
4,2015-10-05,良,86,267,52,117,26,53,1.05,73
5,2015-10-06,轻度污染,124,325,94,143,16,47,1.28,63
6,2015-10-07,良,73,261,50,81,8,31,1.11,69
7,2015-10-08,良,69,305,34,85,14,39,1.05,29
8,2015-10-09,良,57,200,19,62,31,39,0.71,44
9,2015-10-10,良,66,248,28,80,24,49,0.78,39
10,2015-10-11,良,79,297,38,106,39,54,0.91,36
11,2015-10-12,良,74,232,40,97,49,64,1.03,42
12,2015-10-13,轻度污染,129,332,90,194,59,88,1.37,58
13,2015-10-14,轻度污染,132,299,91,186,52,79,1.28,63
14,2015-10-15,良,73,110,44,94,39,65,1.08,62
15,2015-10-16,轻度污染,135,281,100,189,33,103,1.57,69
16,2015-10-17,中度污染,171,333,127,223,47,86,1.61,91
17,2015-10-18,重度污染,231,365,180,280,32,84,2.05,52
18,2015-10-19,良,89,228,57,122,20,54,1.23,42
19,2015-10-20,中度污染,159,337,114,226,32,90,1.59,54
20,2015-10-21,重度污染,224,361,177,275,18,62,1.9,44
21,2015-10-22,良,82,197,57,112,16,46,1.58,8
22,2015-10-23,良,90,210,62,123,22,72,1.55,9
23,2015-10-24,轻度污染,130,313,95,176,31,63,2.0,41
24,2015-10-25,良,67,185,46,78,16,47,1.42,15
25,2015-10-26,良,54,112,23,55,22,36,0.95,26
26,2015-10-27,良,66,236,27,80,32,54,0.76,31
27,2015-10-28,轻度污染,108,339,67,160,55,74,1.36,13
28,2015-10-29,良,71,250,36,90,40,59,1.21,32
29,2015-10-30,良,69,270,30,87,25,64,0.96,20
30,2015-10-31,轻度污染,150,355,102,227,61,81,1.62,7
0,2015-09-01,优,48,141,26,42,6,24,1.21,83
1,2015-09-02,优,45,124,17,37,7,31,0.87,68
2,2015-09-03,良,67,263,38,76,7,47,1.02,54
3,2015-09-04,良,56,228,37,50,5,31,0.83,69
4,2015-09-05,良,66,325,46,74,5,35,1.01,65
5,2015-09-06,良,65,304,45,70,6,26,1.16,58
6,2015-09-07,良,67,278,37,74,13,43,1.48,70
7,2015-09-08,良,92,345,61,127,10,72,1.17,61
8,2015-09-09,良,93,345,58,106,10,51,1.07,57
9,2015-09-10,轻度污染,125,361,94,119,13,37,1.83,84
10,2015-09-11,良,51,190,33,52,7,36,1.18,37
11,2015-09-12,良,65,280,31,80,17,52,1.13,40
12,2015-09-13,良,96,357,49,139,32,80,1.12,31
13,2015-09-14,良,84,332,44,113,21,59,0.98,65
14,2015-09-15,良,81,290,48,108,13,60,0.95,65
15,2015-09-16,轻度污染,102,339,70,147,15,71,1.1,51
16,2015-09-17,轻度污染,117,349,74,181,14,68,1.16,57
17,2015-09-18,轻度污染,104,322,72,149,20,66,1.17,62
18,2015-09-19,中度污染,178,356,123,255,19,86,1.95,17
19,2015-09-20,良,93,327,35,116,15,74,1.12,96
20,2015-09-21,轻度污染,135,354,91,204,16,77,1.35,76
21,2015-09-22,轻度污染,115,341,86,143,17,60,1.25,53
22,2015-09-23,良,97,335,69,122,26,49,1.43,64
23,2015-09-24,中度污染,153,350,115,207,19,76,1.78,44
24,2015-09-25,轻度污染,122,349,79,159,25,49,1.35,72
25,2015-09-26,轻度污染,122,357,89,175,19,61,1.39,74
26,2015-09-27,中度污染,160,362,121,209,14,63,1.55,70
27,2015-09-28,重度污染,205,366,162,223,15,41,1.6,59
28,2015-09-29,轻度污染,107,349,77,131,17,37,1.62,48
29,2015-09-30,良,75,289,41,99,18,49,1.44,43
0,2015-08-01,良,87,334,60,109,2,28,0.9,48
1,2015-08-02,良,68,288,37,83,2,31,0.83,66
2,2015-08-03,良,57,230,25,64,3,32,0.77,58
3,2015-08-04,优,45,113,27,44,4,34,1.08,65
4,2015-08-05,优,47,113,30,50,5,43,0.86,46
5,2015-08-06,良,82,336,59,98,5,42,0.97,70
6,2015-08-07,良,78,315,56,89,4,31,0.9,74
7,2015-08-08,轻度污染,128,365,96,138,4,28,1.17,85
8,2015-08-09,良,97,342,69,105,5,23,0.94,62
9,2015-08-10,良,57,264,35,64,3,27,0.82,55
10,2015-08-11,轻度污染,120,352,90,136,5,40,1.26,79
11,2015-08-12,轻度污染,148,357,112,187,5,73,1.43,57
12,2015-08-13,轻度污染,107,321,70,136,6,48,1.12,76
13,2015-08-14,良,92,297,60,117,9,48,1.2,76
14,2015-08-15,良,96,338,67,115,12,43,1.25,89
15,2015-08-16,轻度污染,109,322,71,124,5,45,1.17,93
16,2015-08-17,良,98,281,72,127,7,42,1.16,91
17,2015-08-18,轻度污染,117,341,79,171,6,52,1.27,46
18,2015-08-19,良,63,248,38,69,6,39,0.93,60
19,2015-08-20,轻度污染,102,352,71,141,12,56,1.19,64
20,2015-08-21,轻度污染,138,360,98,193,12,56,1.42,97
21,2015-08-22,轻度污染,127,354,72,165,15,53,1.13,101
22,2015-08-23,良,67,228,33,77,8,40,0.89,86
23,2015-08-24,良,62,202,40,70,11,31,1.34,80
24,2015-08-25,良,75,279,40,75,11,40,1.18,93
25,2015-08-26,良,87,280,44,90,7,52,1.07,98
26,2015-08-27,良,86,291,50,90,9,54,1.11,76
27,2015-08-28,轻度污染,114,358,72,142,12,69,1.3,71
28,2015-08-29,轻度污染,106,350,73,131,7,61,1.21,60
29,2015-08-30,良,79,271,44,89,5,42,0.98,74
30,2015-08-31,优,44,98,26,40,5,26,0.92,80
0,2015-07-01,良,94,350,57,134,14,47,1.16,67
1,2015-07-02,良,93,338,41,131,17,49,1.0,61
2,2015-07-03,良,92,317,53,128,18,52,1.02,85
3,2015-07-04,轻度污染,105,345,68,145,7,44,0.98,86
4,2015-07-05,良,90,319,56,121,14,40,0.87,100
5,2015-07-06,良,94,327,65,117,12,35,0.89,97
6,2015-07-07,轻度污染,112,337,81,154,17,49,1.18,79
7,2015-07-08,轻度污染,134,347,101,174,9,47,1.11,93
8,2015-07-09,轻度污染,118,337,75,127,6,33,0.84,108
9,2015-07-10,良,79,282,40,99,11,38,0.76,87
10,2015-07-11,良,70,258,42,87,6,35,0.75,50
11,2015-07-12,轻度污染,103,310,67,143,7,47,0.86,61
12,2015-07-13,轻度污染,126,348,74,200,17,62,0.93,76
13,2015-07-14,中度污染,168,364,80,252,16,59,0.97,99
14,2015-07-15,良,66,207,43,57,6,25,0.82,80
15,2015-07-16,良,92,333,68,93,4,27,1.14,94
16,2015-07-17,轻度污染,112,342,84,121,5,38,1.45,79
17,2015-07-18,轻度污染,113,352,82,151,4,46,1.19,67
18,2015-07-19,良,82,313,59,92,4,30,1.01,61
19,2015-07-20,良,79,284,49,103,4,42,1.05,50
20,2015-07-21,良,80,298,49,102,3,33,0.97,99
21,2015-07-22,轻度污染,101,335,65,148,4,55,1.14,50
22,2015-07-23,良,93,336,61,127,4,49,1.15,64
23,2015-07-24,良,99,341,65,140,5,43,1.12,104
24,2015-07-25,良,95,331,62,134,4,38,1.12,113
25,2015-07-26,良,96,310,66,134,2,37,1.13,73
26,2015-07-27,良,80,285,49,107,3,35,1.06,67
27,2015-07-28,良,71,281,40,89,3,27,0.86,64
28,2015-07-29,良,65,263,27,76,3,25,0.78,71
29,2015-07-30,良,70,307,29,89,3,31,0.81,70
30,2015-07-31,良,71,316,40,90,2,35,0.86,50
0,2015-06-01,中度污染,182,360,138,210,16,53,1.95,73
1,2015-06-02,轻度污染,139,354,100,169,13,44,1.64,79
2,2015-06-03,轻度污染,108,357,70,148,24,46,1.45,102
3,2015-06-04,轻度污染,116,358,83,143,28,55,1.27,55
4,2015-06-05,轻度污染,125,364,73,199,30,58,0.85,65
5,2015-06-06,轻度污染,130,343,74,208,28,57,1.0,70
6,2015-06-07,轻度污染,144,358,93,208,25,43,1.63,145
7,2015-06-08,良,92,328,48,119,22,46,1.26,103
8,2015-06-09,轻度污染,141,346,90,217,32,62,1.31,122
9,2015-06-10,中度污染,173,358,118,256,19,38,1.16,110
10,2015-06-11,轻度污染,146,357,49,200,13,33,0.72,86
11,2015-06-12,良,85,288,40,118,34,52,0.86,85
12,2015-06-13,良,97,322,51,128,36,46,1.02,113
13,2015-06-14,轻度污染,115,349,72,147,19,39,1.3,139
14,2015-06-15,轻度污染,143,355,104,176,15,75,1.51,65
15,2015-06-16,中度污染,153,356,115,156,13,40,1.3,108
16,2015-06-17,中度污染,190,361,138,182,12,42,1.39,133
17,2015-06-18,中度污染,176,359,132,233,20,63,1.62,124
18,2015-06-19,中度污染,181,362,136,228,25,59,1.84,117
19,2015-06-20,良,78,298,46,86,11,26,0.92,103
20,2015-06-21,轻度污染,126,360,82,161,24,52,1.21,114
21,2015-06-22,轻度污染,130,350,85,154,11,37,1.13,129
22,2015-06-23,良,94,309,68,113,6,33,1.08,95
23,2015-06-24,优,48,173,23,29,5,23,0.96,77
24,2015-06-25,优,49,202,34,46,6,29,1.25,70
25,2015-06-26,良,89,324,65,100,8,44,1.34,64
26,2015-06-27,良,63,253,43,53,5,38,1.04,50
27,2015-06-28,良,62,243,37,71,6,39,0.89,59
28,2015-06-29,优,47,164,28,46,5,26,0.82,45
29,2015-06-30,良,69,308,47,73,6,25,1.0,90
0,2015-05-01,轻度污染,122,342,90,150,26,52,1.62,61
1,2015-05-02,良,68,245,47,67,12,31,1.54,89
2,2015-05-03,中度污染,192,364,149,211,36,66,2.28,56
3,2015-05-04,轻度污染,137,357,98,172,33,52,1.62,87
4,2015-05-05,轻度污染,133,348,98,188,34,54,1.6,81
5,2015-05-06,轻度污染,149,350,112,184,20,45,1.73,62
6,2015-05-07,轻度污染,110,303,82,123,20,38,1.83,78
7,2015-05-08,良,91,313,59,119,24,38,1.29,86
8,2015-05-09,良,98,328,72,104,12,31,1.4,58
9,2015-05-10,良,93,301,68,98,12,33,1.38,34
10,2015-05-11,良,67,285,29,82,22,27,1.02,70
11,2015-05-12,良,82,310,34,110,27,42,0.94,79
12,2015-05-13,轻度污染,129,360,80,203,37,59,1.36,65
13,2015-05-14,轻度污染,128,344,79,203,23,54,1.37,55
14,2015-05-15,轻度污染,106,336,63,154,31,45,1.31,92
15,2015-05-16,轻度污染,117,347,76,174,20,47,1.26,105
16,2015-05-17,轻度污染,115,321,79,170,25,40,1.37,87
17,2015-05-18,轻度污染,116,334,79,159,36,44,1.37,95
18,2015-05-19,轻度污染,138,349,90,216,36,47,1.46,114
19,2015-05-20,良,83,277,51,111,25,38,1.16,90
20,2015-05-21,轻度污染,101,354,69,143,29,68,1.35,60
21,2015-05-22,轻度污染,124,362,93,139,51,43,1.59,87
22,2015-05-23,中度污染,174,363,131,218,36,63,1.79,90
23,2015-05-24,轻度污染,136,338,96,140,24,41,1.41,127
24,2015-05-25,轻度污染,133,320,93,158,29,49,1.43,138
25,2015-05-26,中度污染,181,354,138,214,24,54,1.73,87
26,2015-05-27,中度污染,194,352,146,192,27,46,1.58,110
27,2015-05-28,中度污染,199,362,153,187,9,35,1.59,98
28,2015-05-29,中度污染,168,364,127,154,12,40,2.02,55
29,2015-05-30,中度污染,154,360,113,159,26,47,2.07,87
30,2015-05-31,中度污染,156,353,114,183,26,50,1.78,115
0,2015-04-01,良,54,120,37,46,7,23,1.27,65
1,2015-04-02,良,94,322,69,100,17,44,1.57,39
2,2015-04-03,轻度污染,142,348,107,152,16,42,1.7,56
3,2015-04-04,中度污染,170,340,128,119,18,39,1.55,79
4,2015-04-05,中度污染,189,335,145,202,30,69,1.95,22
5,2015-04-06,轻度污染,130,335,86,174,20,42,1.44,44
6,2015-04-07,良,87,323,64,98,28,34,1.17,62
7,2015-04-08,轻度污染,110,334,81,129,25,39,1.22,48
8,2015-04-09,轻度污染,139,343,102,164,38,51,1.31,57
9,2015-04-10,中度污染,166,354,127,220,43,55,1.49,55
10,2015-04-11,轻度污染,127,337,89,167,36,52,1.22,52
11,2015-04-12,良,100,340,37,148,22,29,0.9,70
12,2015-04-13,良,87,319,50,119,20,47,1.18,53
13,2015-04-14,轻度污染,122,346,81,188,59,62,1.36,68
14,2015-04-15,轻度污染,131,310,56,210,41,59,1.12,65
15,2015-04-16,重度污染,247,364,69,377,17,37,0.79,67
16,2015-04-17,中度污染,185,362,99,316,30,71,1.37,36
17,2015-04-18,中度污染,178,358,124,282,26,76,1.84,17
18,2015-04-19,良,90,305,66,85,17,35,1.62,75
19,2015-04-20,轻度污染,106,347,74,126,22,47,1.4,62
20,2015-04-21,轻度污染,112,349,65,168,45,69,1.25,45
21,2015-04-22,良,100,321,55,147,38,54,1.16,68
22,2015-04-23,轻度污染,132,353,82,208,50,67,1.33,71
23,2015-04-24,中度污染,180,364,125,256,37,64,1.63,72
24,2015-04-25,重度污染,201,363,150,262,36,61,1.66,77
25,2015-04-26,轻度污染,112,304,82,160,32,46,1.36,101
26,2015-04-27,良,90,251,54,114,33,45,1.23,97
27,2015-04-28,轻度污染,134,348,88,202,39,51,1.5,86
28,2015-04-29,轻度污染,109,303,71,122,24,46,1.36,128
29,2015-04-30,轻度污染,134,330,94,170,25,53,1.45,109
0,2015-03-01,良,86,271,55,112,45,35,0.93,37
1,2015-03-02,轻度污染,115,314,86,160,60,62,1.35,26
2,2015-03-03,中度污染,151,341,40,215,20,22,0.79,53
3,2015-03-04,良,72,274,32,92,22,32,0.96,46
4,2015-03-05,良,83,282,53,107,32,35,0.99,48
5,2015-03-06,轻度污染,122,318,91,138,50,42,1.16,47
6,2015-03-07,轻度污染,143,338,108,163,43,58,1.38,43
7,2015-03-08,中度污染,198,356,154,208,60,65,1.55,36
8,2015-03-09,中度污染,178,357,123,210,24,38,1.54,42
9,2015-03-10,轻度污染,105,313,69,142,33,44,1.23,40
10,2015-03-11,中度污染,160,356,120,191,67,60,1.46,40
11,2015-03-12,中度污染,179,356,135,253,81,70,1.64,50
12,2015-03-13,重度污染,235,360,184,268,82,77,2.49,51
13,2015-03-14,中度污染,168,334,127,190,53,70,1.68,43
14,2015-03-15,严重污染,262,358,211,279,61,80,2.08,29
15,2015-03-16,重度污染,229,350,179,206,29,53,1.87,39
16,2015-03-17,重度污染,203,353,154,183,16,50,1.91,26
17,2015-03-18,轻度污染,132,346,99,154,23,52,1.66,41
18,2015-03-19,中度污染,183,354,139,215,42,79,2.01,15
19,2015-03-20,中度污染,199,349,151,220,47,70,2.05,26
20,2015-03-21,轻度污染,134,321,91,199,51,58,1.45,49
21,2015-03-22,严重污染,270,362,124,403,45,66,1.95,42
22,2015-03-23,轻度污染,140,353,48,226,25,53,1.56,34
23,2015-03-24,轻度污染,150,357,88,245,39,70,1.65,41
24,2015-03-25,良,89,281,61,119,21,57,1.51,46
25,2015-03-26,轻度污染,106,307,79,96,18,56,1.52,62
26,2015-03-27,中度污染,169,353,120,233,41,72,1.54,57
27,2015-03-28,中度污染,167,346,96,231,40,72,1.18,59
28,2015-03-29,中度污染,188,332,115,303,47,75,1.36,74
29,2015-03-30,轻度污染,146,320,110,183,25,47,1.27,78
30,2015-03-31,轻度污染,114,294,84,126,15,48,1.57,27
0,2015-02-01,轻度污染,131,305,99,145,58,59,1.46,25
1,2015-02-02,中度污染,186,338,140,170,30,57,1.49,17
2,2015-02-03,严重污染,273,353,217,280,114,72,2.27,19
3,2015-02-04,中度污染,193,325,149,202,88,69,1.94,25
4,2015-02-05,轻度污染,138,324,103,166,81,72,1.65,20
5,2015-02-06,中度污染,157,339,117,200,113,72,1.51,25
6,2015-02-07,轻度污染,116,240,74,152,78,53,1.12,32
7,2015-02-08,良,81,212,52,107,31,48,0.82,33
8,2015-02-09,良,92,219,67,121,40,55,0.96,37
9,2015-02-10,轻度污染,144,302,108,183,83,69,1.34,41
10,2015-02-11,中度污染,163,291,93,218,60,46,1.08,49
11,2015-02-12,中度污染,176,306,133,253,57,75,1.8,29
12,2015-02-13,中度污染,163,297,123,179,75,64,1.88,43
13,2015-02-14,严重污染,301,364,250,322,76,92,2.48,35
14,2015-02-15,严重污染,334,362,283,344,76,69,2.87,40
15,2015-02-16,中度污染,183,334,137,206,55,53,1.94,37
16,2015-02-17,重度污染,221,361,176,275,34,49,2.07,41
17,2015-02-18,中度污染,162,349,125,173,60,31,1.75,49
18,2015-02-19,中度污染,195,318,154,190,46,23,1.44,49
19,2015-02-20,轻度污染,128,336,96,106,25,23,1.3,38
20,2015-02-21,中度污染,155,335,115,142,42,31,1.48,36
21,2015-02-22,轻度污染,147,291,95,236,25,21,1.32,47
22,2015-02-23,中度污染,195,358,147,256,38,39,1.76,22
23,2015-02-24,重度污染,223,358,173,234,43,50,2.15,18
24,2015-02-25,重度污染,225,357,173,275,52,49,2.25,33
25,2015-02-26,中度污染,173,357,130,187,38,38,2.08,48
26,2015-02-27,轻度污染,124,353,93,122,47,34,1.77,37
27,2015-02-28,良,100,338,74,98,49,35,1.28,32
0,2015-01-01,良,86,221,52,121,93,53,1.39,24
1,2015-01-02,中度污染,156,598,110,219,106,70,2.02,20
2,2015-01-03,重度污染,250,354,193,345,132,92,2.68,15
3,2015-01-04,严重污染,297,347,234,349,73,105,2.48,21
4,2015-01-05,严重污染,376,356,331,426,128,111,3.79,14
5,2015-01-06,轻度污染,113,291,69,159,33,50,1.77,31
6,2015-01-07,中度污染,160,349,114,240,96,70,2.44,20
7,2015-01-08,重度污染,249,360,173,349,132,78,2.93,24
8,2015-01-09,轻度污染,139,245,96,210,118,78,1.92,32
9,2015-01-10,严重污染,283,356,227,365,133,116,3.34,24
10,2015-01-11,重度污染,242,359,178,322,105,92,2.79,34
11,2015-01-12,轻度污染,134,288,101,145,49,58,1.83,24
12,2015-01-13,中度污染,179,328,135,183,26,63,1.63,19
13,2015-01-14,重度污染,239,348,188,254,50,70,1.43,18
14,2015-01-15,严重污染,296,354,245,322,44,71,2.03,14
15,2015-01-16,重度污染,207,323,163,217,76,62,1.78,35
16,2015-01-17,中度污染,171,329,129,181,41,68,1.6,37
17,2015-01-18,轻度污染,141,304,78,193,60,44,1.21,46
18,2015-01-19,中度污染,154,332,108,242,83,74,1.78,30
19,2015-01-20,重度污染,223,361,175,285,120,96,2.05,22
20,2015-01-21,中度污染,183,352,143,204,84,80,2.46,23
21,2015-01-22,轻度污染,128,251,96,171,52,67,1.45,25
22,2015-01-23,中度污染,194,335,148,244,75,95,2.09,17
23,2015-01-24,严重污染,289,360,238,243,66,94,3.0,12
24,2015-01-25,严重污染,318,363,267,151,44,86,3.42,11
25,2015-01-26,严重污染,365,363,317,360,55,81,3.12,13
26,2015-01-27,轻度污染,120,296,89,10,28,39,1.32,30
27,2015-01-28,良,69,243,49,39,23,36,0.94,29
28,2015-01-29,中度污染,164,352,124,116,81,52,1.55,21
29,2015-01-30,重度污染,234,362,184,202,64,65,1.95,17
30,2015-01-31,中度污染,156,347,120,150,48,62,1.35,21
0,2014-12-01,良,92,153,36,133,25,37,1.07,31
1,2014-12-02,轻度污染,104,175,63,155,43,55,1.45,17
2,2014-12-03,轻度污染,106,154,58,145,36,50,1.53,33
3,2014-12-04,良,68,106,25,86,38,39,1.33,44
4,2014-12-05,良,98,137,65,143,101,64,1.85,24
5,2014-12-06,重度污染,232,184,172,336,132,96,2.52,15
6,2014-12-07,轻度污染,121,146,72,182,66,57,1.6,31
7,2014-12-08,重度污染,204,184,160,275,52,77,2.49,23
8,2014-12-09,轻度污染,137,149,104,154,38,67,1.8,19
9,2014-12-10,轻度污染,113,129,61,145,38,39,1.38,34
10,2014-12-11,良,92,119,44,132,53,46,1.58,29
11,2014-12-12,良,85,114,31,118,47,36,1.43,41
12,2014-12-13,良,99,133,56,146,76,59,1.72,28
13,2014-12-14,中度污染,183,172,134,284,116,81,2.63,17
14,2014-12-15,重度污染,204,177,97,304,74,52,2.16,34
15,2014-12-16,良,74,93,20,97,28,28,1.47,44
16,2014-12-17,良,91,143,47,129,72,58,1.97,25
17,2014-12-18,轻度污染,141,163,105,202,97,82,2.25,27
18,2014-12-19,轻度污染,143,168,100,213,83,67,2.09,29
19,2014-12-20,轻度污染,131,173,97,174,64,64,2.0,17
20,2014-12-21,良,75,83,31,97,41,31,1.38,39
21,2014-12-22,良,91,92,60,128,90,62,1.61,24
22,2014-12-23,中度污染,199,177,143,288,115,85,2.51,19
23,2014-12-24,重度污染,213,176,166,245,118,84,3.14,23
24,2014-12-25,中度污染,163,168,123,154,57,67,2.2,20
25,2014-12-26,中度污染,187,166,142,215,60,73,1.93,17
26,2014-12-27,严重污染,273,182,219,350,131,86,2.67,14
27,2014-12-28,中度污染,166,132,115,212,94,57,1.79,37
28,2014-12-29,中度污染,169,132,107,267,107,72,1.95,25
29,2014-12-30,轻度污染,142,124,103,217,127,73,1.71,30
30,2014-12-31,轻度污染,131,461,61,201,54,41,1.5,42
0,2014-11-01,轻度污染,105,138,74,103,52,43,1.91,23
1,2014-11-02,良,79,154,24,106,34,32,1.42,43
2,2014-11-03,良,81,147,41,111,66,49,1.72,31
3,2014-11-04,轻度污染,107,154,68,163,50,66,2.05,27
4,2014-11-05,中度污染,157,179,115,237,76,72,2.66,20
5,2014-11-06,轻度污染,141,157,103,167,40,52,2.64,27
6,2014-11-07,良,80,124,57,94,35,45,1.93,25
7,2014-11-08,轻度污染,111,163,83,125,36,56,2.33,24
8,2014-11-09,中度污染,188,179,143,230,34,73,2.55,29
9,2014-11-10,中度污染,162,146,122,186,49,68,2.42,26
10,2014-11-11,轻度污染,142,135,103,153,51,45,2.28,39
11,2014-11-12,良,53,49,22,59,32,34,1.64,41
12,2014-11-13,良,70,94,37,90,44,47,1.55,33
13,2014-11-14,轻度污染,145,182,104,213,71,62,1.89,30
14,2014-11-15,中度污染,172,175,132,169,31,57,1.62,25
15,2014-11-16,中度污染,162,168,117,195,48,57,1.87,25
16,2014-11-17,中度污染,197,187,151,262,57,69,2.0,24
17,2014-11-18,中度污染,195,187,144,268,78,72,2.0,24
18,2014-11-19,中度污染,168,163,127,208,55,77,1.45,35
19,2014-11-20,严重污染,272,185,202,351,80,97,2.02,21
20,2014-11-21,严重污染,400,180,354,480,84,114,3.55,19
21,2014-11-22,严重污染,412,189,380,438,69,93,3.6,26
22,2014-11-23,严重污染,281,184,230,156,48,78,2.86,25
23,2014-11-24,重度污染,237,181,186,154,62,67,2.7,30
24,2014-11-25,重度污染,204,181,160,204,59,71,2.2,26
25,2014-11-26,中度污染,175,174,132,173,48,59,1.71,21
26,2014-11-27,中度污染,193,177,149,155,21,59,2.62,15
27,2014-11-28,中度污染,154,184,117,148,28,61,2.39,16
28,2014-11-29,轻度污染,125,147,94,100,10,43,1.73,19
29,2014-11-30,轻度污染,142,163,90,154,30,39,1.51,30
0,2014-10-01,良,95,169,66,112,21,50,1.51,26
1,2014-10-02,良,90,150,51,119,33,40,1.46,37
2,2014-10-03,中度污染,183,185,138,203,20,48,1.99,46
3,2014-10-04,中度污染,181,187,139,219,25,52,2.03,41
4,2014-10-05,重度污染,213,188,167,223,24,43,2.43,49
5,2014-10-06,轻度污染,110,173,76,121,25,43,1.45,41
6,2014-10-07,中度污染,176,177,135,206,36,63,1.88,50
7,2014-10-08,重度污染,232,184,187,233,30,62,2.26,49
8,2014-10-09,重度污染,217,175,172,234,29,63,2.03,51
9,2014-10-10,中度污染,160,163,120,139,22,55,1.71,39
10,2014-10-11,重度污染,208,182,160,224,40,64,2.08,39
11,2014-10-12,良,71,122,48,87,40,39,1.42,25
12,2014-10-13,良,73,139,46,89,36,44,1.57,25
13,2014-10-14,良,99,130,66,138,56,54,1.72,30
14,2014-10-15,良,90,51,59,121,62,61,1.59,37
15,2014-10-16,良,95,95,57,138,49,59,1.64,30
16,2014-10-17,轻度污染,129,145,92,184,82,68,1.99,32
17,2014-10-18,轻度污染,127,129,93,178,47,74,1.9,38
18,2014-10-19,中度污染,164,171,124,166,32,57,1.98,29
19,2014-10-20,中度污染,200,179,153,191,20,49,2.36,23
20,2014-10-21,中度污染,190,185,143,175,26,49,2.39,37
21,2014-10-22,中度污染,179,184,136,184,27,55,2.12,35
22,2014-10-23,中度污染,175,171,131,192,25,50,2.08,34
23,2014-10-24,轻度污染,143,161,107,179,27,53,2.03,35
24,2014-10-25,轻度污染,109,132,78,156,27,54,1.81,31
25,2014-10-26,中度污染,158,175,111,233,36,44,2.23,46
26,2014-10-27,良,73,72,32,93,38,34,1.48,39
27,2014-10-28,良,99,147,65,147,28,44,1.65,36
28,2014-10-29,轻度污染,108,152,80,135,26,43,1.68,34
29,2014-10-30,中度污染,185,170,140,212,46,59,2.21,26
30,2014-10-31,重度污染,234,173,183,242,75,57,2.46,39
0,2014-09-01,轻度污染,102,173,75,126,17,49,1.44,26
1,2014-09-02,良,93,183,66,113,22,33,1.33,41
2,2014-09-03,良,58,146,33,64,24,35,1.27,45
3,2014-09-04,良,85,157,44,117,33,50,1.16,53
4,2014-09-05,良,74,86,39,96,20,34,1.0,55
5,2014-09-06,良,88,127,50,123,17,44,1.14,47
6,2014-09-07,轻度污染,108,155,77,140,17,50,1.45,27
7,2014-09-08,轻度污染,128,178,96,140,14,34,1.62,26
8,2014-09-09,良,97,165,69,105,14,41,1.68,39
9,2014-09-10,轻度污染,111,177,81,153,20,36,1.63,52
10,2014-09-11,良,87,169,61,81,13,27,1.27,45
11,2014-09-12,优,45,68,22,46,12,21,0.99,54
12,2014-09-13,良,84,171,61,94,21,32,1.47,49
13,2014-09-14,良,92,173,67,83,17,33,1.59,48
14,2014-09-15,优,34,24,20,28,13,29,1.32,37
15,2014-09-16,优,21,7,11,17,11,33,1.29,30
16,2014-09-17,优,40,64,21,40,16,39,1.8,26
17,2014-09-18,良,89,176,61,118,23,52,1.93,22
18,2014-09-19,良,89,156,64,94,32,42,1.8,45
19,2014-09-20,良,72,130,47,89,21,47,1.44,41
20,2014-09-21,良,59,92,35,68,14,40,1.3,52
21,2014-09-22,良,69,115,42,85,16,50,1.18,50
22,2014-09-23,良,76,146,43,101,21,63,1.25,40
23,2014-09-24,轻度污染,101,170,74,122,38,43,1.71,55
24,2014-09-25,轻度污染,103,155,76,105,26,42,1.49,54
25,2014-09-26,轻度污染,137,171,103,179,22,59,1.6,57
26,2014-09-27,中度污染,177,181,134,233,26,63,1.92,46
27,2014-09-28,良,61,88,42,54,14,26,1.4,48
28,2014-09-29,良,73,147,44,91,21,34,1.52,46
29,2014-09-30,良,69,147,35,86,19,28,1.14,34
0,2014-08-01,轻度污染,137,179,103,168,12,27,1.22,80
1,2014-08-02,轻度污染,120,177,89,144,10,30,1.12,61
2,2014-08-03,良,96,160,61,138,11,40,1.13,64
3,2014-08-04,良,86,128,47,120,13,39,1.09,68
4,2014-08-05,良,57,92,34,60,15,26,1.33,53
5,2014-08-06,优,50,60,26,54,23,31,1.2,44
6,2014-08-07,优,41,29,23,42,11,30,0.95,39
7,2014-08-09,良,51,81,33,52,14,41,1.3,38
8,2014-08-10,轻度污染,114,177,85,163,26,54,1.83,52
9,2014-08-11,中度污染,166,184,126,218,20,52,1.74,58
10,2014-08-12,轻度污染,133,185,100,150,19,38,1.51,59
11,2014-08-13,良,87,175,62,110,29,36,1.07,64
12,2014-08-14,良,73,165,47,83,15,25,1.06,82
13,2014-08-15,轻度污染,126,185,84,186,34,46,1.18,71
14,2014-08-16,良,98,146,68,137,17,37,1.02,54
15,2014-08-17,良,75,132,49,92,16,31,1.02,53
16,2014-08-18,良,62,108,37,65,15,27,0.89,64
17,2014-08-19,轻度污染,102,178,65,145,21,41,1.09,65
18,2014-08-20,轻度污染,104,152,73,150,21,46,0.99,82
19,2014-08-21,良,93,121,62,132,26,48,1.03,60
20,2014-08-23,良,73,101,40,93,31,46,0.92,44
21,2014-08-24,良,91,177,54,126,31,43,1.18,46
22,2014-08-25,良,96,182,58,139,32,47,1.17,49
23,2014-08-26,良,79,116,52,104,16,38,1.03,53
24,2014-08-27,良,75,133,53,79,14,37,1.07,42
25,2014-08-28,良,65,98,41,70,16,32,0.98,49
26,2014-08-29,良,55,72,29,60,16,34,0.95,51
27,2014-08-30,优,46,43,27,43,12,33,1.01,39
28,2014-08-31,优,48,59,29,51,12,24,0.92,53
0,2014-07-01,轻度污染,102,136,68,138,9,37,1.21,44
1,2014-07-02,良,79,137,51,103,18,30,1.08,68
2,2014-07-03,轻度污染,103,162,71,141,18,43,1.18,51
3,2014-07-04,良,62,73,37,71,9,34,0.88,62
4,2014-07-05,良,90,155,65,103,8,25,1.05,77
5,2014-07-06,轻度污染,121,169,90,171,11,48,1.23,96
6,2014-07-07,轻度污染,106,164,66,143,12,38,1.1,113
7,2014-07-08,良,96,135,54,134,10,35,1.03,103
8,2014-07-09,良,98,166,66,138,12,30,1.16,103
9,2014-07-10,良,79,113,51,103,17,49,1.42,40
10,2014-07-11,良,95,114,54,127,21,50,1.23,78
11,2014-07-12,良,90,139,34,127,18,54,0.93,57
12,2014-07-13,轻度污染,112,175,57,159,20,48,1.15,101
13,2014-07-14,轻度污染,132,184,62,212,29,58,1.15,71
14,2014-07-15,轻度污染,101,170,53,138,13,42,0.99,119
15,2014-07-16,良,78,137,47,102,11,33,0.94,66
16,2014-07-17,良,72,114,37,92,12,32,0.85,70
17,2014-07-18,良,63,93,37,72,10,31,0.92,42
18,2014-07-19,良,68,107,36,81,10,30,0.87,51
19,2014-07-20,良,69,108,28,87,13,33,0.92,53
20,2014-07-21,良,70,125,38,88,12,33,0.98,66
21,2014-07-22,良,69,117,43,81,11,28,1.16,73
22,2014-07-23,良,73,148,50,79,19,33,1.45,75
23,2014-07-24,良,74,136,42,94,35,41,1.28,64
24,2014-07-25,良,70,122,34,75,25,37,1.17,98
25,2014-07-26,良,89,107,44,114,18,50,1.09,93
26,2014-07-27,轻度污染,104,128,66,132,17,44,1.24,109
27,2014-07-28,轻度污染,101,127,66,137,22,46,1.21,100
28,2014-07-29,良,78,83,53,99,14,33,1.03,69
29,2014-07-30,优,50,47,22,52,10,24,0.78,63
30,2014-07-31,良,86,146,61,101,10,28,1.07,65
0,2014-06-01,良,95,144,66,109,15,23,1.79,85
1,2014-06-02,良,80,144,40,108,16,18,1.7,72
2,2014-06-03,良,66,101,36,80,14,23,1.65,80
3,2014-06-04,轻度污染,106,175,72,144,36,60,1.76,71
4,2014-06-05,良,90,114,65,110,32,45,1.63,89
5,2014-06-06,轻度污染,113,137,82,143,41,44,1.88,97
6,2014-06-07,轻度污染,105,155,71,111,25,26,2.07,92
7,2014-06-08,轻度污染,121,157,77,162,37,34,1.58,125
8,2014-06-09,轻度污染,133,174,75,213,37,49,1.82,92
9,2014-06-10,重度污染,201,188,154,221,18,35,2.22,95
10,2014-06-11,中度污染,176,186,134,189,15,28,2.08,76
11,2014-06-12,良,86,94,54,111,15,34,1.63,85
12,2014-06-13,轻度污染,107,120,75,148,43,58,2.01,63
13,2014-06-14,良,97,100,72,112,37,46,1.91,57
14,2014-06-15,轻度污染,131,146,99,140,14,36,1.93,54
15,2014-06-16,轻度污染,138,152,104,156,9,33,1.97,58
16,2014-06-17,中度污染,159,176,119,232,15,33,1.87,83
17,2014-06-18,轻度污染,127,173,94,170,15,25,1.68,62
18,2014-06-19,轻度污染,101,150,74,124,9,30,1.65,46
19,2014-06-20,良,74,159,46,92,15,23,1.53,66
20,2014-06-21,良,95,173,63,125,13,27,1.52,85
21,2014-06-22,良,94,163,67,125,14,44,1.19,78
22,2014-06-23,良,75,116,51,87,12,26,1.15,79
23,2014-06-24,良,92,132,65,118,13,45,1.15,75
24,2014-06-25,良,58,88,36,59,12,30,1.04,55
25,2014-06-26,良,85,141,60,98,15,40,1.28,59
26,2014-06-27,良,82,154,55,99,10,37,1.11,68
27,2014-06-28,良,97,155,66,125,12,47,1.38,55
28,2014-06-29,良,79,118,57,88,9,41,1.39,39
29,2014-06-30,轻度污染,121,168,90,148,12,44,1.7,46
0,2014-05-01,中度污染,168,180,103,241,52,63,1.73,48
1,2014-05-02,良,90,98,37,130,35,38,1.24,50
2,2014-05-03,良,91,129,46,130,40,52,1.33,50
3,2014-05-04,良,91,168,38,131,26,35,1.12,49
4,2014-05-05,良,91,169,49,130,32,47,1.28,56
5,2014-05-06,良,90,134,53,129,40,48,1.3,52
6,2014-05-07,良,86,106,50,121,33,36,1.24,65
7,2014-05-08,良,96,108,68,132,27,31,1.43,74
8,2014-05-09,良,92,126,68,117,21,30,1.51,84
9,2014-05-10,良,63,116,42,71,19,26,1.55,57
10,2014-05-11,良,70,161,36,84,27,32,1.48,43
11,2014-05-12,轻度污染,107,176,52,163,40,58,1.49,41
12,2014-05-13,良,98,147,68,140,37,59,1.61,44
13,2014-05-14,良,89,116,47,126,35,46,1.59,33
14,2014-05-15,良,85,120,40,118,46,44,1.4,41
15,2014-05-16,良,96,110,62,139,52,65,1.7,32
16,2014-05-17,良,80,78,52,104,35,53,1.63,44
17,2014-05-18,轻度污染,104,139,74,142,32,50,1.81,52
18,2014-05-19,轻度污染,119,150,87,150,41,46,1.67,43
19,2014-05-20,轻度污染,115,134,82,169,47,42,1.42,51
20,2014-05-21,轻度污染,124,134,91,178,30,48,1.59,58
21,2014-05-22,轻度污染,146,165,110,158,21,49,1.76,60
22,2014-05-23,良,75,94,48,97,15,35,1.46,65
23,2014-05-24,良,83,147,58,84,14,25,1.66,48
24,2014-05-25,中度污染,170,171,104,251,27,27,1.62,42
25,2014-05-26,轻度污染,138,144,93,215,47,36,1.58,46
26,2014-05-27,轻度污染,117,108,63,184,46,37,1.44,62
27,2014-05-28,轻度污染,114,125,74,175,61,57,1.76,56
28,2014-05-29,轻度污染,116,107,82,177,54,62,1.67,65
29,2014-05-30,轻度污染,135,123,100,187,37,66,1.75,63
30,2014-05-31,中度污染,151,153,115,181,23,60,1.93,44
0,2014-04-01,轻度污染,125,165,85,173,68,59,2.42,64
1,2014-04-02,良,91,115,62,123,42,57,2.13,67
2,2014-04-03,轻度污染,101,153,61,151,30,58,2.26,43
3,2014-04-04,轻度污染,129,174,78,195,60,72,2.53,44
4,2014-04-05,轻度污染,145,174,46,208,44,45,2.07,55
5,2014-04-06,良,85,107,51,119,35,62,2.13,49
6,2014-04-07,轻度污染,101,138,69,148,51,65,2.34,52
7,2014-04-08,中度污染,156,160,118,193,41,73,2.8,56
8,2014-04-09,轻度污染,123,125,89,146,40,52,2.51,75
9,2014-04-10,轻度污染,114,129,79,162,33,48,2.54,51
10,2014-04-11,良,89,111,59,109,31,47,2.61,40
11,2014-04-12,中度污染,165,178,124,183,37,63,3.23,31
12,2014-04-13,轻度污染,149,161,112,172,41,65,2.68,42
13,2014-04-14,良,71,53,44,91,27,36,2.06,67
14,2014-04-15,轻度污染,104,128,77,112,21,41,2.15,50
15,2014-04-16,轻度污染,134,183,100,151,32,48,2.42,42
16,2014-04-17,中度污染,163,174,124,167,38,47,2.66,50
17,2014-04-18,中度污染,179,177,135,163,28,37,2.46,46
18,2014-04-19,良,82,157,56,80,19,36,1.7,49
19,2014-04-20,轻度污染,109,168,80,146,35,66,1.59,35
20,2014-04-21,轻度污染,137,170,98,195,27,73,1.8,26
21,2014-04-22,轻度污染,105,145,76,129,49,46,1.58,51
22,2014-04-23,良,76,64,53,96,31,39,1.42,54
23,2014-04-24,良,78,79,55,97,25,48,1.43,50
24,2014-04-25,良,84,125,61,93,25,58,1.53,32
25,2014-04-26,良,88,151,53,124,51,48,1.47,27
26,2014-04-27,轻度污染,101,158,64,146,46,57,1.65,36
27,2014-04-28,良,90,151,56,125,41,59,1.52,47
28,2014-04-29,轻度污染,114,161,83,162,51,71,1.7,45
29,2014-04-30,轻度污染,133,171,97,171,49,62,1.71,47
0,2014-03-01,轻度污染,139,172,106,194,50,48,1.79,23
1,2014-03-02,中度污染,185,166,139,267,55,47,1.88,25
2,2014-03-03,轻度污染,118,137,89,145,41,41,1.61,44
3,2014-03-04,中度污染,176,181,135,212,65,52,2.27,32
4,2014-03-05,良,70,82,50,77,30,45,1.52,21
5,2014-03-06,良,87,133,63,112,32,44,1.63,21
6,2014-03-07,良,89,139,66,103,37,42,1.76,35
7,2014-03-08,轻度污染,123,150,93,136,81,52,2.09,36
8,2014-03-09,轻度污染,124,143,93,146,82,51,1.99,39
9,2014-03-10,良,83,68,60,104,48,39,1.68,62
10,2014-03-11,良,89,64,66,101,52,48,1.96,49
11,2014-03-12,中度污染,171,180,99,215,38,48,2.36,27
12,2014-03-13,良,90,133,56,117,57,46,2.01,26
13,2014-03-14,良,91,109,53,131,60,51,1.84,33
14,2014-03-15,轻度污染,111,127,80,136,58,58,2.13,40
15,2014-03-16,轻度污染,119,120,88,147,63,61,2.17,45
16,2014-03-17,轻度污染,145,126,108,175,76,63,1.98,50
17,2014-03-18,重度污染,224,153,176,300,52,46,1.82,46
18,2014-03-19,良,89,79,65,101,41,40,1.76,45
19,2014-03-20,良,74,79,46,95,44,48,1.87,39
20,2014-03-21,轻度污染,109,174,80,143,76,63,2.13,41
21,2014-03-22,良,99,134,72,129,60,65,2.03,48
22,2014-03-23,良,93,98,68,104,35,57,2.04,42
23,2014-03-25,中度污染,188,159,142,225,90,79,2.76,36
24,2014-03-26,重度污染,201,161,157,232,54,62,2.45,40
25,2014-03-27,良,98,69,69,111,30,40,2.22,61
26,2014-03-28,良,95,112,59,129,44,51,1.89,52
27,2014-03-29,中度污染,169,162,123,213,50,56,2.4,61
28,2014-03-30,中度污染,184,186,139,175,34,54,2.33,44
29,2014-03-31,轻度污染,112,145,79,130,55,53,2.15,57
0,2014-02-01,重度污染,228,157,177,217,103,58,4.0,14
1,2014-02-02,严重污染,271,170,221,278,71,50,3.8,20
2,2014-02-03,轻度污染,103,131,73,95,43,29,1.96,34
3,2014-02-04,良,62,114,44,51,26,25,1.4,29
4,2014-02-05,优,50,97,33,47,18,21,1.47,34
5,2014-02-06,良,73,131,51,93,40,30,1.88,27
6,2014-02-07,轻度污染,133,170,100,170,75,41,2.29,28
7,2014-02-08,轻度污染,137,170,104,138,51,31,1.77,44
8,2014-02-09,良,78,138,56,73,37,25,1.55,39
9,2014-02-10,优,38,25,17,37,37,30,1.32,37
10,2014-02-11,良,83,98,51,106,56,46,1.7,27
11,2014-02-12,轻度污染,124,129,94,114,44,36,1.84,51
12,2014-02-13,中度污染,184,170,139,175,124,54,2.48,31
13,2014-02-14,重度污染,220,170,170,224,117,58,2.56,33
14,2014-02-15,重度污染,219,157,171,219,72,49,2.19,33
15,2014-02-16,重度污染,201,163,159,193,45,54,2.63,23
16,2014-02-17,重度污染,231,185,186,207,42,48,3.04,22
17,2014-02-18,良,76,114,55,85,36,36,1.61,31
18,2014-02-19,中度污染,158,172,120,181,70,48,2.27,24
19,2014-02-20,重度污染,238,184,187,282,48,52,2.49,17
20,2014-02-21,轻度污染,108,60,81,122,44,47,1.86,37
21,2014-02-22,中度污染,151,117,114,184,41,53,2.13,25
22,2014-02-23,中度污染,175,131,132,178,37,49,1.82,28
23,2014-02-24,重度污染,249,167,199,265,37,48,2.29,28
24,2014-02-25,重度污染,244,162,196,253,39,51,2.14,27
25,2014-02-26,轻度污染,128,113,97,130,38,47,1.47,24
26,2014-02-27,轻度污染,133,161,96,143,43,38,1.67,33
27,2014-02-28,良,66,99,44,79,35,38,1.4,24
0,2014-01-01,良,83,23,48,122,96,59,1.92,24
1,2014-01-02,良,98,43,80,177,132,72,2.56,17
2,2014-01-03,良,83,33,46,114,91,53,1.89,29
3,2014-01-04,轻度污染,110,72,74,166,79,78,2.4,20
4,2014-01-05,轻度污染,137,74,103,182,118,83,2.79,21
5,2014-01-06,中度污染,186,114,141,190,96,82,3.11,18
6,2014-01-07,重度污染,228,157,177,242,145,92,3.47,14
7,2014-01-08,轻度污染,124,155,93,129,92,70,2.84,15
8,2014-01-09,轻度污染,113,147,84,116,63,58,2.52,19
9,2014-01-10,中度污染,184,156,142,224,89,70,3.05,13
10,2014-01-11,严重污染,264,169,214,300,91,74,3.62,13
11,2014-01-12,良,94,86,70,99,78,51,2.79,24
12,2014-01-13,轻度污染,121,131,91,152,79,66,3.16,16
13,2014-01-14,中度污染,190,148,143,200,35,53,3.01,17
14,2014-01-15,重度污染,219,135,169,226,55,63,3.38,14
15,2014-01-16,重度污染,240,150,192,265,115,78,3.65,17
16,2014-01-17,严重污染,308,173,257,338,119,88,4.51,15
17,2014-01-18,严重污染,279,161,229,301,84,73,3.91,23
18,2014-01-19,中度污染,184,110,133,204,78,48,2.88,26
19,2014-01-20,优,49,7,25,56,48,31,1.83,39
20,2014-01-21,良,75,57,47,99,55,46,1.02,25
21,2014-01-22,轻度污染,107,109,77,146,71,63,1.41,25
22,2014-01-24,严重污染,253,171,202,286,134,94,3.81,13
23,2014-01-25,中度污染,179,139,143,195,100,65,3.16,26
24,2014-01-26,良,73,68,53,79,50,42,1.31,28
25,2014-01-27,轻度污染,107,110,80,122,67,59,1.83,22
26,2014-01-28,轻度污染,137,135,103,150,72,54,2.28,32
27,2014-01-29,中度污染,186,156,140,189,68,52,2.47,38
28,2014-01-30,重度污染,246,156,196,262,89,57,3.05,35
29,2014-01-31,严重污染,281,145,230,302,26,43,3.28,15
0,2013-12-01,良,85,37,75,135,104,63,3.58,20
1,2013-12-02,轻度污染,127,52,122,191,167,84,3.26,18
2,2013-12-03,中度污染,163,58,127,180,157,84,3.44,20
3,2013-12-04,中度污染,153,53,103,167,117,73,2.72,25
4,2013-12-05,轻度污染,111,41,81,127,111,67,2.54,23
5,2013-12-06,轻度污染,115,48,99,148,97,74,2.71,23
6,2013-12-07,中度污染,172,56,167,231,110,86,3.22,20
7,2013-12-08,重度污染,238,68,164,194,25,48,3.01,16
8,2013-12-09,中度污染,183,55,77,107,67,47,2.55,27
9,2013-12-10,良,94,39,77,131,124,55,2.34,22
10,2013-12-11,良,73,19,36,73,87,48,2.07,28
11,2013-12-12,良,68,21,52,101,120,59,2.33,23
12,2013-12-13,良,86,35,80,135,102,68,2.71,18
13,2013-12-14,中度污染,156,80,140,213,203,87,3.52,19
14,2013-12-15,重度污染,229,89,222,279,109,97,3.76,17
15,2013-12-16,严重污染,297,107,301,382,93,110,4.53,16
16,2013-12-17,严重污染,368,110,271,326,133,106,4.79,15
17,2013-12-18,中度污染,182,93,67,81,76,54,2.82,17
18,2013-12-19,轻度污染,144,81,146,279,122,84,3.46,16
19,2013-12-20,重度污染,224,90,213,330,122,112,4.28,15
20,2013-12-21,严重污染,276,101,195,247,89,95,3.5,17
21,2013-12-22,重度污染,241,97,218,315,142,104,3.75,17
22,2013-12-23,严重污染,336,101,358,461,145,138,4.91,16
23,2013-12-24,严重污染,428,106,418,506,71,141,4.47,16
24,2013-12-25,严重污染,427,101,316,391,149,121,2.68,16
25,2013-12-26,中度污染,193,57,75,107,59,58,1.55,21
26,2013-12-27,良,68,24,31,50,83,47,1.42,20
27,2013-12-28,良,55,8,35,62,72,50,1.63,28
28,2013-12-29,良,56,4,31,64,78,53,1.54,28
29,2013-12-30,良,69,8,41,112,82,56,1.66,28
30,2013-12-31,良,84,21,44,120,73,52,1.64,26
0,2013-11-01,轻度污染,113,67,85,94,21,42,1.79,27
1,2013-11-02,轻度污染,127,69,95,150,40,54,2.42,26
2,2013-11-03,轻度污染,128,68,97,150,55,57,2.55,31
3,2013-11-04,轻度污染,134,98,97,182,33,63,2.5,31
4,2013-11-05,轻度污染,124,83,89,185,59,76,2.02,24
5,2013-11-06,中度污染,151,81,94,172,74,63,2.19,37
6,2013-11-07,良,85,36,41,94,48,62,1.39,31
7,2013-11-08,良,75,26,55,73,29,61,1.81,25
8,2013-11-09,良,89,46,77,105,39,56,2.39,21
9,2013-11-10,良,91,68,51,108,41,57,2.5,21
10,2013-11-11,轻度污染,104,106,58,150,55,56,2.59,24
11,2013-11-12,轻度污染,111,96,94,209,99,78,3.16,20
12,2013-11-13,轻度污染,139,91,118,197,103,78,3.2,19
13,2013-11-14,轻度污染,131,78,77,168,101,55,2.15,32
14,2013-11-15,轻度污染,115,55,90,209,119,62,1.96,31
15,2013-11-16,轻度污染,108,35,60,145,89,49,1.91,38
16,2013-11-17,良,68,19,37,76,87,53,2.21,30
17,2013-11-18,良,79,47,70,121,114,64,2.61,23
18,2013-11-19,轻度污染,106,70,95,156,126,76,3.52,20
19,2013-11-20,轻度污染,126,64,95,141,133,71,3.36,19
20,2013-11-21,轻度污染,126,50,96,139,185,74,3.94,17
21,2013-11-22,中度污染,174,78,174,254,142,88,4.75,18
22,2013-11-23,重度污染,233,83,155,206,68,76,4.73,16
23,2013-11-24,轻度污染,122,53,49,131,39,30,2.59,28
24,2013-11-25,轻度污染,114,95,70,175,70,43,2.77,26
25,2013-11-26,轻度污染,105,82,87,165,103,62,3.51,20
26,2013-11-27,良,85,56,31,60,40,29,2.61,33
27,2013-11-28,优,40,6,18,40,48,31,2.59,32
28,2013-11-29,优,42,3,32,57,79,49,2.59,25
29,2013-11-30,良,61,20,44,83,91,57,2.79,24
0,2013-10-28,严重污染,259,98,209,314,124,79,4.29,34
1,2013-10-29,严重污染,286,104,235,298,75,61,4.3,50
2,2013-10-30,轻度污染,146,89,111,124,41,44,2.68,26
3,2013-10-31,轻度污染,103,62,77,95,25,47,1.79,22
